,category,departure_date,departure_time,from_city,from_station,num_passengers,price,to_city,to_station,additional_luggage
0,direct,2019-03-13,06:50,Los Angeles,North Hollywood Station,1,26,San Diego,El Cajon Bus Stop,
1,direct,2019-03-13,08:10,Los Angeles,North Hollywood Station,1,26,San Diego,El Cajon Bus Stop,
2,direct,2019-03-13,08:50,Los Angeles,North Hollywood Station,1,30,San Diego,El Cajon Bus Stop,
3,direct,2019-03-13,10:30,Los Angeles,North Hollywood Station,1,27,San Diego,El Cajon Bus Stop,
4,direct,2019-03-13,10:40,Los Angeles,North Hollywood Station,1,24,San Diego,El Cajon Bus Stop,
5,direct,2019-03-13,11:10,Los Angeles,North Hollywood Station,1,27,San Diego,El Cajon Bus Stop,
6,direct,2019-03-13,12:10,Los Angeles,North Hollywood Station,1,26,San Diego,El Cajon Bus Stop,
7,direct,2019-03-13,13:20,Los Angeles,North Hollywood Station,1,28,San Diego,El Cajon Bus Stop,
8,direct,2019-03-13,14:00,Los Angeles,North Hollywood Station,1,26,San Diego,El Cajon Bus Stop,
9,direct,2019-03-13,14:30,Los Angeles,North Hollywood Station,1,27,San Diego,El Cajon Bus Stop,
10,direct,2019-03-13,06:50,Los Angeles,North Hollywood Station,4,26,San Diego,El Cajon Bus Stop,
11,direct,2019-03-13,08:10,Los Angeles,North Hollywood Station,4,26,San Diego,El Cajon Bus Stop,
12,direct,2019-03-13,08:50,Los Angeles,North Hollywood Station,4,30,San Diego,El Cajon Bus Stop,
13,direct,2019-03-13,10:30,Los Angeles,North Hollywood Station,4,27,San Diego,El Cajon Bus Stop,
14,direct,2019-03-13,10:40,Los Angeles,North Hollywood Station,4,24,San Diego,El Cajon Bus Stop,
15,direct,2019-03-13,11:10,Los Angeles,North Hollywood Station,4,27,San Diego,El Cajon Bus Stop,
16,direct,2019-03-13,12:10,Los Angeles,North Hollywood Station,4,26,San Diego,El Cajon Bus Stop,
17,direct,2019-03-13,13:20,Los Angeles,North Hollywood Station,4,28,San Diego,El Cajon Bus Stop,
18,direct,2019-03-13,14:00,Los Angeles,North Hollywood Station,4,26,San Diego,El Cajon Bus Stop,
19,direct,2019-03-13,06:50,Fresno,2660 Tulare St,1,45,San Diego,El Cajon Bus Stop,
20,direct,2019-03-13,08:20,Fresno,2660 Tulare St,1,43,San Diego,El Cajon Bus Stop,
21,direct,2019-03-13,09:30,Fresno,2660 Tulare St,1,46,San Diego,El Cajon Bus Stop,
22,direct,2019-03-13,13:50,Fresno,2660 Tulare St,1,38,San Diego,El Cajon Bus Stop,
23,direct,2019-03-13,16:20,Fresno,2660 Tulare St,1,44,San Diego,El Cajon Bus Stop,
24,direct,2019-03-13,16:30,Fresno,2660 Tulare St,1,48,San Diego,El Cajon Bus Stop,
25,direct,2019-03-07,10:50,Fresno,2660 Tulare St,1,35,San Francisco,Transbay Terminal,
26,direct,2019-03-07,12:40,Fresno,2660 Tulare St,1,31,San Francisco,Transbay Terminal,
27,direct,2019-03-07,13:10,Fresno,2660 Tulare St,1,33,San Francisco,Transbay Terminal,
28,direct,2019-03-07,13:30,Fresno,2660 Tulare St,1,27,San Francisco,Transbay Terminal,
29,direct,2019-03-07,14:20,Fresno,2660 Tulare St,1,32,San Francisco,Transbay Terminal,
30,direct,2019-03-07,14:40,Fresno,2660 Tulare St,1,32,San Francisco,Transbay Terminal,
31,direct,2019-03-07,16:10,Fresno,2660 Tulare St,1,32,San Francisco,Transbay Terminal,
32,direct,2019-03-07,19:40,Fresno,2660 Tulare St,1,33,San Francisco,Transbay Terminal,
33,direct,2019-03-03,07:30,Seattle,Westlake Station,1,32,Portland,SW Arthur & 1st,
34,direct,2019-03-03,09:00,Seattle,Westlake Station,1,29,Portland,SW Arthur & 1st,
35,direct,2019-03-03,09:20,Seattle,Westlake Station,1,27,Portland,SW Arthur & 1st,
36,direct,2019-03-03,09:30,Seattle,Westlake Station,1,33,Portland,SW Arthur & 1st,
37,direct,2019-03-03,09:50,Seattle,Westlake Station,1,27,Portland,SW Arthur & 1st,
38,direct,2019-03-03,12:10,Seattle,Westlake Station,1,32,Portland,SW Arthur & 1st,
39,direct,2019-03-03,12:20,Seattle,Westlake Station,1,31,Portland,SW Arthur & 1st,
40,direct,2019-03-03,18:30,Seattle,Westlake Station,1,30,Portland,SW Arthur & 1st,
41,direct,2019-03-11,07:20,Las Vegas,Union Plaza,1,38,Fresno,2660 Tulare St,
42,direct,2019-03-11,09:00,Las Vegas,Union Plaza,1,38,Fresno,2660 Tulare St,
43,direct,2019-03-11,10:10,Las Vegas,Union Plaza,1,40,Fresno,2660 Tulare St,
44,direct,2019-03-11,12:10,Las Vegas,Union Plaza,1,44,Fresno,2660 Tulare St,
45,direct,2019-03-11,14:10,Las Vegas,Union Plaza,1,38,Fresno,2660 Tulare St,
46,direct,2019-03-11,14:40,Las Vegas,Union Plaza,1,42,Fresno,2660 Tulare St,
47,direct,2019-03-11,15:30,Las Vegas,Union Plaza,1,40,Fresno,2660 Tulare St,
48,direct,2019-03-11,18:00,Las Vegas,Union Plaza,1,35,Fresno,2660 Tulare St,
49,direct,2019-03-11,18:30,Las Vegas,Union Plaza,1,34,Fresno,2660 Tulare St,
50,direct,2019-03-11,18:40,Las Vegas,Union Plaza,1,45,Fresno,2660 Tulare St,
51,direct,2019-03-03,09:10,San Diego,El Cajon Bus Stop,1,25,Los Angeles,North Hollywood Station,
52,direct,2019-03-03,09:20,San Diego,El Cajon Bus Stop,1,22,Los Angeles,North Hollywood Station,
53,direct,2019-03-03,14:20,San Diego,El Cajon Bus Stop,1,26,Los Angeles,North Hollywood Station,
54,direct,2019-03-03,16:00,San Diego,El Cajon Bus Stop,1,28,Los Angeles,North Hollywood Station,
55,direct,2019-03-03,16:10,San Diego,El Cajon Bus Stop,1,25,Los Angeles,North Hollywood Station,
56,direct,2019-03-03,16:40,San Diego,El Cajon Bus Stop,1,31,Los Angeles,North Hollywood Station,
57,direct,2019-03-03,17:10,San Diego,El Cajon Bus Stop,1,25,Los Angeles,North Hollywood Station,
58,direct,2019-03-03,17:20,San Diego,El Cajon Bus Stop,1,30,Los Angeles,North Hollywood Station,
59,direct,2019-03-03,17:30,San Diego,El Cajon Bus Stop,1,27,Los Angeles,North Hollywood Station,
60,direct,2019-03-03,18:10,San Diego,El Cajon Bus Stop,1,25,Los Angeles,North Hollywood Station,
61,direct,2019-03-06,07:00,San Francisco,Transbay Terminal,4,46,Long Beach,Downtown Station,
62,direct,2019-03-06,07:40,San Francisco,Transbay Terminal,4,54,Long Beach,Downtown Station,
63,direct,2019-03-06,09:10,San Francisco,Transbay Terminal,4,44,Long Beach,Downtown Station,
64,direct,2019-03-06,11:10,San Francisco,Transbay Terminal,4,49,Long Beach,Downtown Station,
65,direct,2019-03-06,13:00,San Francisco,Transbay Terminal,4,47,Long Beach,Downtown Station,
66,direct,2019-03-06,17:00,San Francisco,Transbay Terminal,4,47,Long Beach,Downtown Station,
67,direct,2019-03-06,19:50,San Francisco,Transbay Terminal,4,43,Long Beach,Downtown Station,
68,direct,2019-03-07,06:00,San Francisco,Transbay Terminal,1,22,Sacramento,65th Light Rail Station,
69,direct,2019-03-07,08:10,San Francisco,Transbay Terminal,1,20,Sacramento,65th Light Rail Station,
70,direct,2019-03-07,09:00,San Francisco,Transbay Terminal,1,23,Sacramento,65th Light Rail Station,
71,direct,2019-03-07,09:10,San Francisco,Transbay Terminal,1,24,Sacramento,65th Light Rail Station,
72,direct,2019-03-07,09:40,San Francisco,Transbay Terminal,1,20,Sacramento,65th Light Rail Station,
73,direct,2019-03-07,10:10,San Francisco,Transbay Terminal,1,23,Sacramento,65th Light Rail Station,
74,direct,2019-03-07,11:50,San Francisco,Transbay Terminal,1,21,Sacramento,65th Light Rail Station,
75,direct,2019-03-07,13:50,San Francisco,Transbay Terminal,1,21,Sacramento,65th Light Rail Station,
76,direct,2019-03-07,14:20,San Francisco,Transbay Terminal,1,21,Sacramento,65th Light Rail Station,
77,direct,2019-03-07,15:50,San Francisco,Transbay Terminal,1,20,Sacramento,65th Light Rail Station,
78,direct,2019-03-08,09:10,Long Beach,Downtown Station,2,41,Las Vegas,Union Plaza,
79,direct,2019-03-08,10:00,Long Beach,Downtown Station,2,39,Las Vegas,Union Plaza,
80,direct,2019-03-08,15:30,Long Beach,Downtown Station,2,37,Las Vegas,Union Plaza,
81,direct,2019-03-08,17:50,Long Beach,Downtown Station,2,39,Las Vegas,Union Plaza,
82,direct,2019-03-13,07:00,San Francisco,Transbay Terminal,1,46,Long Beach,Downtown Station,
83,direct,2019-03-13,07:40,San Francisco,Transbay Terminal,1,44,Long Beach,Downtown Station,
84,direct,2019-03-13,09:10,San Francisco,Transbay Terminal,1,42,Long Beach,Downtown Station,
85,direct,2019-03-13,11:10,San Francisco,Transbay Terminal,1,50,Long Beach,Downtown Station,
86,direct,2019-03-13,13:00,San Francisco,Transbay Terminal,1,49,Long Beach,Downtown Station,
87,direct,2019-03-13,17:00,San Francisco,Transbay Terminal,1,51,Long Beach,Downtown Station,
88,direct,2019-03-13,19:50,San Francisco,Transbay Terminal,1,49,Long Beach,Downtown Station,
89,direct,2019-03-13,07:00,San Francisco,Transbay Terminal,3,46,Long Beach,Downtown Station,
90,direct,2019-03-13,07:40,San Francisco,Transbay Terminal,3,44,Long Beach,Downtown Station,
91,direct,2019-03-13,09:10,San Francisco,Transbay Terminal,3,42,Long Beach,Downtown Station,
92,direct,2019-03-13,11:10,San Francisco,Transbay Terminal,3,50,Long Beach,Downtown Station,
93,direct,2019-03-13,13:00,San Francisco,Transbay Terminal,3,49,Long Beach,Downtown Station,
94,direct,2019-03-13,17:00,San Francisco,Transbay Terminal,3,51,Long Beach,Downtown Station,
95,direct,2019-03-02,07:30,Seattle,Westlake Station,1,31,Portland,SW Arthur & 1st,
96,direct,2019-03-02,09:00,Seattle,Westlake Station,1,36,Portland,SW Arthur & 1st,
97,direct,2019-03-02,09:20,Seattle,Westlake Station,1,31,Portland,SW Arthur & 1st,
98,direct,2019-03-02,09:30,Seattle,Westlake Station,1,27,Portland,SW Arthur & 1st,
99,direct,2019-03-02,09:50,Seattle,Westlake Station,1,28,Portland,SW Arthur & 1st,
100,direct,2019-03-02,12:10,Seattle,Westlake Station,1,30,Portland,SW Arthur & 1st,
101,direct,2019-03-02,12:20,Seattle,Westlake Station,1,31,Portland,SW Arthur & 1st,
102,direct,2019-03-02,18:30,Seattle,Westlake Station,1,29,Portland,SW Arthur & 1st,
103,direct,2019-03-14,06:50,Los Angeles,North Hollywood Station,1,14,Long Beach,Downtown Station,
104,direct,2019-03-14,08:20,Los Angeles,North Hollywood Station,1,12,Long Beach,Downtown Station,
105,direct,2019-03-14,11:20,Los Angeles,North Hollywood Station,1,14,Long Beach,Downtown Station,
106,direct,2019-03-14,12:10,Los Angeles,North Hollywood Station,1,12,Long Beach,Downtown Station,
107,direct,2019-03-14,12:50,Los Angeles,North Hollywood Station,1,11,Long Beach,Downtown Station,
108,direct,2019-03-14,13:30,Los Angeles,North Hollywood Station,1,11,Long Beach,Downtown Station,
109,direct,2019-03-14,13:40,Los Angeles,North Hollywood Station,1,12,Long Beach,Downtown Station,
110,direct,2019-03-14,14:00,Los Angeles,North Hollywood Station,1,11,Long Beach,Downtown Station,
111,direct,2019-03-14,14:40,Los Angeles,North Hollywood Station,1,10,Long Beach,Downtown Station,
112,direct,2019-03-14,15:20,Los Angeles,North Hollywood Station,1,12,Long Beach,Downtown Station,
113,direct,2019-03-11,07:00,Portland,SW Arthur & 1st,1,26,Seattle,Westlake Station,
114,direct,2019-03-11,11:20,Portland,SW Arthur & 1st,1,28,Seattle,Westlake Station,
115,direct,2019-03-11,11:50,Portland,SW Arthur & 1st,1,31,Seattle,Westlake Station,
116,direct,2019-03-11,12:20,Portland,SW Arthur & 1st,1,30,Seattle,Westlake Station,
117,direct,2019-03-11,12:30,Portland,SW Arthur & 1st,1,31,Seattle,Westlake Station,
118,direct,2019-03-11,12:40,Portland,SW Arthur & 1st,1,27,Seattle,Westlake Station,
119,direct,2019-03-11,16:10,Portland,SW Arthur & 1st,1,29,Seattle,Westlake Station,
120,direct,2019-03-11,17:30,Portland,SW Arthur & 1st,1,32,Seattle,Westlake Station,
121,direct,2019-03-11,18:30,Portland,SW Arthur & 1st,1,29,Seattle,Westlake Station,
122,direct,2019-03-11,19:00,Portland,SW Arthur & 1st,1,34,Seattle,Westlake Station,
123,direct,2019-03-13,06:00,Los Angeles,North Hollywood Station,3,12,Anaheim,Anaheim Bus Station,
124,direct,2019-03-13,06:40,Los Angeles,North Hollywood Station,3,11,Anaheim,Anaheim Bus Station,
125,direct,2019-03-13,09:20,Los Angeles,North Hollywood Station,3,13,Anaheim,Anaheim Bus Station,
126,direct,2019-03-13,10:40,Los Angeles,North Hollywood Station,3,13,Anaheim,Anaheim Bus Station,
127,direct,2019-03-13,11:30,Los Angeles,North Hollywood Station,3,10,Anaheim,Anaheim Bus Station,
128,direct,2019-03-13,14:00,Los Angeles,North Hollywood Station,3,12,Anaheim,Anaheim Bus Station,
129,direct,2019-03-13,14:50,Los Angeles,North Hollywood Station,3,13,Anaheim,Anaheim Bus Station,
130,direct,2019-03-13,15:00,Los Angeles,North Hollywood Station,3,11,Anaheim,Anaheim Bus Station,
131,direct,2019-03-13,15:30,Los Angeles,North Hollywood Station,3,13,Anaheim,Anaheim Bus Station,
132,direct,2019-03-13,15:40,Los Angeles,North Hollywood Station,3,11,Anaheim,Anaheim Bus Station,
133,direct,2019-03-13,08:50,Anaheim,Anaheim Bus Station,3,50,San Francisco,Transbay Terminal,
134,direct,2019-03-13,09:10,Anaheim,Anaheim Bus Station,3,43,San Francisco,Transbay Terminal,
135,direct,2019-03-13,11:40,Anaheim,Anaheim Bus Station,3,52,San Francisco,Transbay Terminal,
136,direct,2019-03-13,14:00,Anaheim,Anaheim Bus Station,3,51,San Francisco,Transbay Terminal,
137,direct,2019-03-13,14:30,Anaheim,Anaheim Bus Station,3,49,San Francisco,Transbay Terminal,
138,direct,2019-03-13,16:10,Anaheim,Anaheim Bus Station,3,44,San Francisco,Transbay Terminal,
139,direct,2019-03-13,18:10,Anaheim,Anaheim Bus Station,3,52,San Francisco,Transbay Terminal,
140,direct,2019-03-13,19:00,Anaheim,Anaheim Bus Station,3,49,San Francisco,Transbay Terminal,
141,direct,2019-03-08,08:50,Anaheim,Anaheim Bus Station,3,51,San Francisco,Transbay Terminal,
142,direct,2019-03-08,09:10,Anaheim,Anaheim Bus Station,3,44,San Francisco,Transbay Terminal,
143,direct,2019-03-08,11:40,Anaheim,Anaheim Bus Station,3,49,San Francisco,Transbay Terminal,
144,direct,2019-03-08,14:00,Anaheim,Anaheim Bus Station,3,52,San Francisco,Transbay Terminal,
145,direct,2019-03-08,14:30,Anaheim,Anaheim Bus Station,3,48,San Francisco,Transbay Terminal,
146,direct,2019-03-08,16:10,Anaheim,Anaheim Bus Station,3,40,San Francisco,Transbay Terminal,
147,direct,2019-03-08,18:10,Anaheim,Anaheim Bus Station,3,44,San Francisco,Transbay Terminal,
148,direct,2019-03-08,19:00,Anaheim,Anaheim Bus Station,3,40,San Francisco,Transbay Terminal,
149,direct,2019-03-11,07:50,Fresno,2660 Tulare St,1,40,Los Angeles,North Hollywood Station,
150,direct,2019-03-11,08:10,Fresno,2660 Tulare St,1,33,Los Angeles,North Hollywood Station,
151,direct,2019-03-11,09:00,Fresno,2660 Tulare St,1,40,Los Angeles,North Hollywood Station,
152,direct,2019-03-11,09:50,Fresno,2660 Tulare St,1,31,Los Angeles,North Hollywood Station,
153,direct,2019-03-11,13:20,Fresno,2660 Tulare St,1,38,Los Angeles,North Hollywood Station,
154,direct,2019-03-11,15:20,Fresno,2660 Tulare St,1,43,Los Angeles,North Hollywood Station,
155,direct,2019-03-11,17:10,Fresno,2660 Tulare St,1,35,Los Angeles,North Hollywood Station,
156,direct,2019-03-11,19:20,Fresno,2660 Tulare St,1,35,Los Angeles,North Hollywood Station,
157,direct,2019-03-01,07:20,San Francisco,Transbay Terminal,1,48,Anaheim,Anaheim Bus Station,
158,direct,2019-03-01,08:50,San Francisco,Transbay Terminal,1,49,Anaheim,Anaheim Bus Station,
159,direct,2019-03-01,09:10,San Francisco,Transbay Terminal,1,51,Anaheim,Anaheim Bus Station,
160,direct,2019-03-01,10:30,San Francisco,Transbay Terminal,1,45,Anaheim,Anaheim Bus Station,
161,direct,2019-03-01,12:10,San Francisco,Transbay Terminal,1,45,Anaheim,Anaheim Bus Station,
162,direct,2019-03-01,16:10,San Francisco,Transbay Terminal,1,47,Anaheim,Anaheim Bus Station,
163,direct,2019-03-01,16:20,San Francisco,Transbay Terminal,1,48,Anaheim,Anaheim Bus Station,
164,direct,2019-03-01,16:40,San Francisco,Transbay Terminal,1,44,Anaheim,Anaheim Bus Station,
165,direct,2019-03-08,07:40,Sacramento,65th Light Rail Station,1,24,San Francisco,Transbay Terminal,
166,direct,2019-03-08,07:50,Sacramento,65th Light Rail Station,1,21,San Francisco,Transbay Terminal,
167,direct,2019-03-08,09:40,Sacramento,65th Light Rail Station,1,21,San Francisco,Transbay Terminal,
168,direct,2019-03-08,12:10,Sacramento,65th Light Rail Station,1,19,San Francisco,Transbay Terminal,
169,direct,2019-03-08,12:20,Sacramento,65th Light Rail Station,1,22,San Francisco,Transbay Terminal,
170,direct,2019-03-08,13:00,Sacramento,65th Light Rail Station,1,25,San Francisco,Transbay Terminal,
171,direct,2019-03-08,15:10,Sacramento,65th Light Rail Station,1,24,San Francisco,Transbay Terminal,
172,direct,2019-03-08,15:20,Sacramento,65th Light Rail Station,1,23,San Francisco,Transbay Terminal,
173,direct,2019-03-08,16:20,Sacramento,65th Light Rail Station,1,22,San Francisco,Transbay Terminal,
174,direct,2019-03-08,16:40,Sacramento,65th Light Rail Station,1,21,San Francisco,Transbay Terminal,
175,direct,2019-03-09,07:10,Vancouver,Pacific Central Station,4,40,Portland,SW Arthur & 1st,
176,direct,2019-03-09,08:40,Vancouver,Pacific Central Station,4,36,Portland,SW Arthur & 1st,
177,direct,2019-03-09,09:30,Vancouver,Pacific Central Station,4,43,Portland,SW Arthur & 1st,
178,direct,2019-03-09,11:50,Vancouver,Pacific Central Station,4,35,Portland,SW Arthur & 1st,
179,direct,2019-03-09,14:10,Vancouver,Pacific Central Station,4,42,Portland,SW Arthur & 1st,
180,direct,2019-03-09,14:30,Vancouver,Pacific Central Station,4,41,Portland,SW Arthur & 1st,
181,direct,2019-03-09,17:00,Vancouver,Pacific Central Station,4,44,Portland,SW Arthur & 1st,
182,direct,2019-03-09,19:00,Vancouver,Pacific Central Station,4,42,Portland,SW Arthur & 1st,
183,direct,2019-03-10,06:20,Fresno,2660 Tulare St,1,28,Sacramento,65th Light Rail Station,
184,direct,2019-03-10,09:20,Fresno,2660 Tulare St,1,27,Sacramento,65th Light Rail Station,
185,direct,2019-03-10,11:30,Fresno,2660 Tulare St,1,36,Sacramento,65th Light Rail Station,
186,direct,2019-03-10,13:10,Fresno,2660 Tulare St,1,26,Sacramento,65th Light Rail Station,
187,direct,2019-03-10,14:00,Fresno,2660 Tulare St,1,34,Sacramento,65th Light Rail Station,
188,direct,2019-03-10,16:10,Fresno,2660 Tulare St,1,31,Sacramento,65th Light Rail Station,
189,direct,2019-03-04,10:50,Fresno,2660 Tulare St,1,36,San Francisco,Transbay Terminal,
190,direct,2019-03-04,12:40,Fresno,2660 Tulare St,1,30,San Francisco,Transbay Terminal,
191,direct,2019-03-04,13:10,Fresno,2660 Tulare St,1,27,San Francisco,Transbay Terminal,
192,direct,2019-03-04,13:30,Fresno,2660 Tulare St,1,34,San Francisco,Transbay Terminal,
193,direct,2019-03-04,14:20,Fresno,2660 Tulare St,1,36,San Francisco,Transbay Terminal,
194,direct,2019-03-04,14:40,Fresno,2660 Tulare St,1,31,San Francisco,Transbay Terminal,
195,direct,2019-03-04,16:10,Fresno,2660 Tulare St,1,27,San Francisco,Transbay Terminal,
196,direct,2019-03-04,19:40,Fresno,2660 Tulare St,1,34,San Francisco,Transbay Terminal,
197,direct,2019-03-04,07:00,Portland,SW Arthur & 1st,1,33,Seattle,Westlake Station,
198,direct,2019-03-04,11:20,Portland,SW Arthur & 1st,1,32,Seattle,Westlake Station,
199,direct,2019-03-04,11:50,Portland,SW Arthur & 1st,1,29,Seattle,Westlake Station,
200,direct,2019-03-04,12:20,Portland,SW Arthur & 1st,1,32,Seattle,Westlake Station,
201,direct,2019-03-04,12:30,Portland,SW Arthur & 1st,1,26,Seattle,Westlake Station,
202,direct,2019-03-04,12:40,Portland,SW Arthur & 1st,1,27,Seattle,Westlake Station,
203,direct,2019-03-04,16:10,Portland,SW Arthur & 1st,1,31,Seattle,Westlake Station,
204,direct,2019-03-04,17:30,Portland,SW Arthur & 1st,1,29,Seattle,Westlake Station,
205,direct,2019-03-04,18:30,Portland,SW Arthur & 1st,1,31,Seattle,Westlake Station,
206,direct,2019-03-04,19:00,Portland,SW Arthur & 1st,1,26,Seattle,Westlake Station,
207,direct,2019-03-06,06:50,Long Beach,Downtown Station,1,24,San Diego,El Cajon Bus Stop,
208,direct,2019-03-06,07:30,Long Beach,Downtown Station,1,25,San Diego,El Cajon Bus Stop,
209,direct,2019-03-06,07:50,Long Beach,Downtown Station,1,26,San Diego,El Cajon Bus Stop,
210,direct,2019-03-06,08:40,Long Beach,Downtown Station,1,28,San Diego,El Cajon Bus Stop,
211,direct,2019-03-06,09:30,Long Beach,Downtown Station,1,23,San Diego,El Cajon Bus Stop,
212,direct,2019-03-06,15:20,Long Beach,Downtown Station,1,22,San Diego,El Cajon Bus Stop,
213,direct,2019-03-06,16:10,Long Beach,Downtown Station,1,22,San Diego,El Cajon Bus Stop,
214,direct,2019-03-06,17:50,Long Beach,Downtown Station,1,24,San Diego,El Cajon Bus Stop,
215,direct,2019-03-06,18:10,Long Beach,Downtown Station,1,25,San Diego,El Cajon Bus Stop,
216,direct,2019-03-04,07:30,Seattle,Westlake Station,3,28,Portland,SW Arthur & 1st,
217,direct,2019-03-04,09:00,Seattle,Westlake Station,3,32,Portland,SW Arthur & 1st,
218,direct,2019-03-04,09:20,Seattle,Westlake Station,3,31,Portland,SW Arthur & 1st,
219,direct,2019-03-04,09:30,Seattle,Westlake Station,3,29,Portland,SW Arthur & 1st,
220,direct,2019-03-04,09:50,Seattle,Westlake Station,3,28,Portland,SW Arthur & 1st,
221,direct,2019-03-04,12:10,Seattle,Westlake Station,3,26,Portland,SW Arthur & 1st,
222,direct,2019-03-04,12:20,Seattle,Westlake Station,3,29,Portland,SW Arthur & 1st,
223,direct,2019-03-04,18:30,Seattle,Westlake Station,3,32,Portland,SW Arthur & 1st,
224,one-stop,2019-03-09,07:10,Sacramento,65th Light Rail Station,1,67,San Diego,El Cajon Bus Stop,
225,one-stop,2019-03-09,07:40,Sacramento,65th Light Rail Station,1,62,San Diego,El Cajon Bus Stop,
226,one-stop,2019-03-09,07:50,Sacramento,65th Light Rail Station,1,64,San Diego,El Cajon Bus Stop,
227,one-stop,2019-03-09,09:40,Sacramento,65th Light Rail Station,1,59,San Diego,El Cajon Bus Stop,
228,one-stop,2019-03-09,10:50,Sacramento,65th Light Rail Station,1,60,San Diego,El Cajon Bus Stop,
229,one-stop,2019-03-09,16:20,Sacramento,65th Light Rail Station,1,61,San Diego,El Cajon Bus Stop,
230,one-stop,2019-03-09,16:40,Sacramento,65th Light Rail Station,1,58,San Diego,El Cajon Bus Stop,
231,one-stop,2019-03-14,07:10,Sacramento,65th Light Rail Station,3,65,San Diego,El Cajon Bus Stop,
232,one-stop,2019-03-14,07:40,Sacramento,65th Light Rail Station,3,65,San Diego,El Cajon Bus Stop,
233,one-stop,2019-03-14,07:50,Sacramento,65th Light Rail Station,3,64,San Diego,El Cajon Bus Stop,
234,one-stop,2019-03-14,09:40,Sacramento,65th Light Rail Station,3,59,San Diego,El Cajon Bus Stop,
235,one-stop,2019-03-14,10:50,Sacramento,65th Light Rail Station,3,67,San Diego,El Cajon Bus Stop,
236,one-stop,2019-03-14,16:20,Sacramento,65th Light Rail Station,3,61,San Diego,El Cajon Bus Stop,
237,direct,2019-03-03,06:00,Long Beach,Downtown Station,1,11,Los Angeles,North Hollywood Station,
238,direct,2019-03-03,06:20,Long Beach,Downtown Station,1,12,Los Angeles,North Hollywood Station,
239,direct,2019-03-03,06:50,Long Beach,Downtown Station,1,10,Los Angeles,North Hollywood Station,
240,direct,2019-03-03,08:10,Long Beach,Downtown Station,1,10,Los Angeles,North Hollywood Station,
241,direct,2019-03-03,08:20,Long Beach,Downtown Station,1,12,Los Angeles,North Hollywood Station,
242,direct,2019-03-03,09:40,Long Beach,Downtown Station,1,12,Los Angeles,North Hollywood Station,
243,direct,2019-03-03,09:50,Long Beach,Downtown Station,1,13,Los Angeles,North Hollywood Station,
244,direct,2019-03-03,11:00,Long Beach,Downtown Station,1,12,Los Angeles,North Hollywood Station,
245,direct,2019-03-03,12:20,Long Beach,Downtown Station,1,12,Los Angeles,North Hollywood Station,
246,direct,2019-03-03,13:00,Long Beach,Downtown Station,1,11,Los Angeles,North Hollywood Station,
247,direct,2019-03-07,07:00,San Francisco,Transbay Terminal,2,31,Fresno,2660 Tulare St,
248,direct,2019-03-07,07:10,San Francisco,Transbay Terminal,2,36,Fresno,2660 Tulare St,
249,direct,2019-03-07,08:20,San Francisco,Transbay Terminal,2,34,Fresno,2660 Tulare St,
250,direct,2019-03-07,13:00,San Francisco,Transbay Terminal,2,28,Fresno,2660 Tulare St,
251,direct,2019-03-07,15:20,San Francisco,Transbay Terminal,2,42,Fresno,2660 Tulare St,
252,direct,2019-03-07,16:10,San Francisco,Transbay Terminal,2,32,Fresno,2660 Tulare St,
253,direct,2019-03-07,18:20,San Francisco,Transbay Terminal,2,34,Fresno,2660 Tulare St,
254,direct,2019-03-07,18:40,San Francisco,Transbay Terminal,2,34,Fresno,2660 Tulare St,
255,direct,2019-03-07,19:30,San Francisco,Transbay Terminal,2,34,Fresno,2660 Tulare St,
256,direct,2019-03-08,09:00,Philadelphia,10th and Filbert,1,23,New York,Penn Station,
257,direct,2019-03-08,10:10,Philadelphia,10th and Filbert,1,24,New York,Penn Station,
258,direct,2019-03-08,12:30,Philadelphia,10th and Filbert,1,21,New York,Penn Station,
259,direct,2019-03-08,13:10,Philadelphia,10th and Filbert,1,24,New York,Penn Station,
260,direct,2019-03-08,13:50,Philadelphia,10th and Filbert,1,23,New York,Penn Station,
261,direct,2019-03-08,18:00,Philadelphia,10th and Filbert,1,23,New York,Penn Station,
262,direct,2019-03-06,06:00,Long Beach,Downtown Station,1,13,Los Angeles,North Hollywood Station,
263,direct,2019-03-06,06:20,Long Beach,Downtown Station,1,11,Los Angeles,North Hollywood Station,
264,direct,2019-03-06,06:50,Long Beach,Downtown Station,1,13,Los Angeles,North Hollywood Station,
265,direct,2019-03-06,08:10,Long Beach,Downtown Station,1,12,Los Angeles,North Hollywood Station,
266,direct,2019-03-06,08:20,Long Beach,Downtown Station,1,10,Los Angeles,North Hollywood Station,
267,direct,2019-03-06,09:40,Long Beach,Downtown Station,1,12,Los Angeles,North Hollywood Station,
268,direct,2019-03-06,09:50,Long Beach,Downtown Station,1,11,Los Angeles,North Hollywood Station,
269,direct,2019-03-06,11:00,Long Beach,Downtown Station,1,12,Los Angeles,North Hollywood Station,
270,direct,2019-03-06,12:20,Long Beach,Downtown Station,1,12,Los Angeles,North Hollywood Station,
271,direct,2019-03-06,13:00,Long Beach,Downtown Station,1,12,Los Angeles,North Hollywood Station,
272,direct,2019-03-14,06:00,San Francisco,Transbay Terminal,4,22,Sacramento,65th Light Rail Station,
273,direct,2019-03-14,08:10,San Francisco,Transbay Terminal,4,22,Sacramento,65th Light Rail Station,
274,direct,2019-03-14,09:00,San Francisco,Transbay Terminal,4,19,Sacramento,65th Light Rail Station,
275,direct,2019-03-14,09:10,San Francisco,Transbay Terminal,4,23,Sacramento,65th Light Rail Station,
276,direct,2019-03-14,09:40,San Francisco,Transbay Terminal,4,24,Sacramento,65th Light Rail Station,
277,direct,2019-03-14,10:10,San Francisco,Transbay Terminal,4,26,Sacramento,65th Light Rail Station,
278,direct,2019-03-14,11:50,San Francisco,Transbay Terminal,4,22,Sacramento,65th Light Rail Station,
279,direct,2019-03-14,13:50,San Francisco,Transbay Terminal,4,19,Sacramento,65th Light Rail Station,
280,direct,2019-03-14,14:20,San Francisco,Transbay Terminal,4,23,Sacramento,65th Light Rail Station,
281,direct,2019-03-14,15:50,San Francisco,Transbay Terminal,4,21,Sacramento,65th Light Rail Station,
282,direct,2019-03-01,07:00,Portland,SW Arthur & 1st,1,28,Seattle,Westlake Station,
283,direct,2019-03-01,11:20,Portland,SW Arthur & 1st,1,30,Seattle,Westlake Station,
284,direct,2019-03-01,11:50,Portland,SW Arthur & 1st,1,33,Seattle,Westlake Station,
285,direct,2019-03-01,12:20,Portland,SW Arthur & 1st,1,30,Seattle,Westlake Station,
286,direct,2019-03-01,12:30,Portland,SW Arthur & 1st,1,31,Seattle,Westlake Station,
287,direct,2019-03-01,12:40,Portland,SW Arthur & 1st,1,25,Seattle,Westlake Station,
288,direct,2019-03-01,16:10,Portland,SW Arthur & 1st,1,32,Seattle,Westlake Station,
289,direct,2019-03-01,17:30,Portland,SW Arthur & 1st,1,28,Seattle,Westlake Station,
290,direct,2019-03-01,18:30,Portland,SW Arthur & 1st,1,32,Seattle,Westlake Station,
291,direct,2019-03-01,19:00,Portland,SW Arthur & 1st,1,28,Seattle,Westlake Station,
292,direct,2019-03-10,07:40,Sacramento,65th Light Rail Station,1,24,San Francisco,Transbay Terminal,
293,direct,2019-03-10,07:50,Sacramento,65th Light Rail Station,1,24,San Francisco,Transbay Terminal,
294,direct,2019-03-10,09:40,Sacramento,65th Light Rail Station,1,23,San Francisco,Transbay Terminal,
295,direct,2019-03-10,12:10,Sacramento,65th Light Rail Station,1,22,San Francisco,Transbay Terminal,
296,direct,2019-03-10,12:20,Sacramento,65th Light Rail Station,1,22,San Francisco,Transbay Terminal,
297,direct,2019-03-10,13:00,Sacramento,65th Light Rail Station,1,22,San Francisco,Transbay Terminal,
298,direct,2019-03-10,15:10,Sacramento,65th Light Rail Station,1,26,San Francisco,Transbay Terminal,
299,direct,2019-03-10,15:20,Sacramento,65th Light Rail Station,1,22,San Francisco,Transbay Terminal,
300,direct,2019-03-10,16:20,Sacramento,65th Light Rail Station,1,24,San Francisco,Transbay Terminal,
301,direct,2019-03-10,16:40,Sacramento,65th Light Rail Station,1,23,San Francisco,Transbay Terminal,
302,direct,2019-03-01,06:20,Long Beach,Downtown Station,1,52,San Francisco,Transbay Terminal,
303,direct,2019-03-01,10:00,Long Beach,Downtown Station,1,54,San Francisco,Transbay Terminal,
304,direct,2019-03-01,10:40,Long Beach,Downtown Station,1,52,San Francisco,Transbay Terminal,
305,direct,2019-03-01,13:40,Long Beach,Downtown Station,1,50,San Francisco,Transbay Terminal,
306,direct,2019-03-01,15:30,Long Beach,Downtown Station,1,48,San Francisco,Transbay Terminal,
307,direct,2019-03-01,16:40,Long Beach,Downtown Station,1,51,San Francisco,Transbay Terminal,
308,direct,2019-03-01,19:20,Long Beach,Downtown Station,1,48,San Francisco,Transbay Terminal,
309,direct,2019-03-01,07:30,Seattle,Westlake Station,2,31,Portland,SW Arthur & 1st,
310,direct,2019-03-01,09:00,Seattle,Westlake Station,2,29,Portland,SW Arthur & 1st,
311,direct,2019-03-01,09:20,Seattle,Westlake Station,2,27,Portland,SW Arthur & 1st,
312,direct,2019-03-01,09:30,Seattle,Westlake Station,2,34,Portland,SW Arthur & 1st,
313,direct,2019-03-01,09:50,Seattle,Westlake Station,2,35,Portland,SW Arthur & 1st,
314,direct,2019-03-01,12:10,Seattle,Westlake Station,2,26,Portland,SW Arthur & 1st,
315,direct,2019-03-01,12:20,Seattle,Westlake Station,2,27,Portland,SW Arthur & 1st,
316,direct,2019-03-01,18:30,Seattle,Westlake Station,2,27,Portland,SW Arthur & 1st,
317,direct,2019-03-10,07:30,Seattle,Westlake Station,2,30,Portland,SW Arthur & 1st,
318,direct,2019-03-10,09:00,Seattle,Westlake Station,2,36,Portland,SW Arthur & 1st,
319,direct,2019-03-10,09:20,Seattle,Westlake Station,2,28,Portland,SW Arthur & 1st,
320,direct,2019-03-10,09:30,Seattle,Westlake Station,2,33,Portland,SW Arthur & 1st,
321,direct,2019-03-10,09:50,Seattle,Westlake Station,2,31,Portland,SW Arthur & 1st,
322,direct,2019-03-10,12:10,Seattle,Westlake Station,2,29,Portland,SW Arthur & 1st,
323,direct,2019-03-10,12:20,Seattle,Westlake Station,2,31,Portland,SW Arthur & 1st,
324,direct,2019-03-10,18:30,Seattle,Westlake Station,2,30,Portland,SW Arthur & 1st,
325,direct,2019-03-10,07:00,Portland,SW Arthur & 1st,1,32,Seattle,Westlake Station,
326,direct,2019-03-10,11:20,Portland,SW Arthur & 1st,1,30,Seattle,Westlake Station,
327,direct,2019-03-10,11:50,Portland,SW Arthur & 1st,1,31,Seattle,Westlake Station,
328,direct,2019-03-10,12:20,Portland,SW Arthur & 1st,1,34,Seattle,Westlake Station,
329,direct,2019-03-10,12:30,Portland,SW Arthur & 1st,1,29,Seattle,Westlake Station,
330,direct,2019-03-10,12:40,Portland,SW Arthur & 1st,1,30,Seattle,Westlake Station,
331,direct,2019-03-10,16:10,Portland,SW Arthur & 1st,1,27,Seattle,Westlake Station,
332,direct,2019-03-10,17:30,Portland,SW Arthur & 1st,1,32,Seattle,Westlake Station,
333,direct,2019-03-10,18:30,Portland,SW Arthur & 1st,1,33,Seattle,Westlake Station,
334,direct,2019-03-10,19:00,Portland,SW Arthur & 1st,1,33,Seattle,Westlake Station,
335,direct,2019-03-07,09:10,San Diego,El Cajon Bus Stop,1,26,Los Angeles,North Hollywood Station,
336,direct,2019-03-07,09:20,San Diego,El Cajon Bus Stop,1,23,Los Angeles,North Hollywood Station,
337,direct,2019-03-07,14:20,San Diego,El Cajon Bus Stop,1,26,Los Angeles,North Hollywood Station,
338,direct,2019-03-07,16:00,San Diego,El Cajon Bus Stop,1,26,Los Angeles,North Hollywood Station,
339,direct,2019-03-07,16:10,San Diego,El Cajon Bus Stop,1,27,Los Angeles,North Hollywood Station,
340,direct,2019-03-07,16:40,San Diego,El Cajon Bus Stop,1,23,Los Angeles,North Hollywood Station,
341,direct,2019-03-07,17:10,San Diego,El Cajon Bus Stop,1,24,Los Angeles,North Hollywood Station,
342,direct,2019-03-07,17:20,San Diego,El Cajon Bus Stop,1,25,Los Angeles,North Hollywood Station,
343,direct,2019-03-07,17:30,San Diego,El Cajon Bus Stop,1,27,Los Angeles,North Hollywood Station,
344,direct,2019-03-07,18:10,San Diego,El Cajon Bus Stop,1,26,Los Angeles,North Hollywood Station,
345,direct,2019-03-07,06:50,Los Angeles,North Hollywood Station,1,30,San Diego,El Cajon Bus Stop,
346,direct,2019-03-07,08:10,Los Angeles,North Hollywood Station,1,26,San Diego,El Cajon Bus Stop,
347,direct,2019-03-07,08:50,Los Angeles,North Hollywood Station,1,27,San Diego,El Cajon Bus Stop,
348,direct,2019-03-07,10:30,Los Angeles,North Hollywood Station,1,26,San Diego,El Cajon Bus Stop,
349,direct,2019-03-07,10:40,Los Angeles,North Hollywood Station,1,25,San Diego,El Cajon Bus Stop,
350,direct,2019-03-07,11:10,Los Angeles,North Hollywood Station,1,26,San Diego,El Cajon Bus Stop,
351,direct,2019-03-07,12:10,Los Angeles,North Hollywood Station,1,29,San Diego,El Cajon Bus Stop,
352,direct,2019-03-07,13:20,Los Angeles,North Hollywood Station,1,26,San Diego,El Cajon Bus Stop,
353,direct,2019-03-07,14:00,Los Angeles,North Hollywood Station,1,28,San Diego,El Cajon Bus Stop,
354,direct,2019-03-07,14:30,Los Angeles,North Hollywood Station,1,25,San Diego,El Cajon Bus Stop,
355,direct,2019-03-02,07:40,Sacramento,65th Light Rail Station,1,46,Los Angeles,North Hollywood Station,
356,direct,2019-03-02,09:40,Sacramento,65th Light Rail Station,1,50,Los Angeles,North Hollywood Station,
357,direct,2019-03-02,13:20,Sacramento,65th Light Rail Station,1,52,Los Angeles,North Hollywood Station,
358,direct,2019-03-02,06:20,Philadelphia,10th and Filbert,1,25,Washington,Silver Spring Bus Stop,
359,direct,2019-03-02,10:00,Philadelphia,10th and Filbert,1,30,Washington,Silver Spring Bus Stop,
360,direct,2019-03-02,11:10,Philadelphia,10th and Filbert,1,28,Washington,Silver Spring Bus Stop,
361,direct,2019-03-02,14:30,Philadelphia,10th and Filbert,1,33,Washington,Silver Spring Bus Stop,
362,direct,2019-03-02,14:40,Philadelphia,10th and Filbert,1,31,Washington,Silver Spring Bus Stop,
363,direct,2019-03-02,17:10,Philadelphia,10th and Filbert,1,30,Washington,Silver Spring Bus Stop,
364,direct,2019-03-02,18:50,Philadelphia,10th and Filbert,1,28,Washington,Silver Spring Bus Stop,
365,direct,2019-03-02,19:20,Philadelphia,10th and Filbert,1,27,Washington,Silver Spring Bus Stop,
366,direct,2019-03-03,06:20,Philadelphia,10th and Filbert,1,27,Washington,Silver Spring Bus Stop,
367,direct,2019-03-03,10:00,Philadelphia,10th and Filbert,1,28,Washington,Silver Spring Bus Stop,
368,direct,2019-03-03,11:10,Philadelphia,10th and Filbert,1,30,Washington,Silver Spring Bus Stop,
369,direct,2019-03-03,14:30,Philadelphia,10th and Filbert,1,28,Washington,Silver Spring Bus Stop,
370,direct,2019-03-03,14:40,Philadelphia,10th and Filbert,1,27,Washington,Silver Spring Bus Stop,
371,direct,2019-03-03,17:10,Philadelphia,10th and Filbert,1,30,Washington,Silver Spring Bus Stop,
372,direct,2019-03-03,18:50,Philadelphia,10th and Filbert,1,31,Washington,Silver Spring Bus Stop,
373,direct,2019-03-03,19:20,Philadelphia,10th and Filbert,1,29,Washington,Silver Spring Bus Stop,
374,direct,2019-03-02,09:10,San Diego,El Cajon Bus Stop,1,26,Los Angeles,North Hollywood Station,
375,direct,2019-03-02,09:20,San Diego,El Cajon Bus Stop,1,27,Los Angeles,North Hollywood Station,
376,direct,2019-03-02,14:20,San Diego,El Cajon Bus Stop,1,26,Los Angeles,North Hollywood Station,
377,direct,2019-03-02,16:00,San Diego,El Cajon Bus Stop,1,29,Los Angeles,North Hollywood Station,
378,direct,2019-03-02,16:10,San Diego,El Cajon Bus Stop,1,22,Los Angeles,North Hollywood Station,
379,direct,2019-03-02,16:40,San Diego,El Cajon Bus Stop,1,26,Los Angeles,North Hollywood Station,
380,direct,2019-03-02,17:10,San Diego,El Cajon Bus Stop,1,24,Los Angeles,North Hollywood Station,
381,direct,2019-03-02,17:20,San Diego,El Cajon Bus Stop,1,26,Los Angeles,North Hollywood Station,
382,direct,2019-03-02,17:30,San Diego,El Cajon Bus Stop,1,28,Los Angeles,North Hollywood Station,
383,direct,2019-03-02,18:10,San Diego,El Cajon Bus Stop,1,27,Los Angeles,North Hollywood Station,
384,direct,2019-03-11,07:30,Seattle,Westlake Station,1,30,Portland,SW Arthur & 1st,
385,direct,2019-03-11,09:00,Seattle,Westlake Station,1,30,Portland,SW Arthur & 1st,
386,direct,2019-03-11,09:20,Seattle,Westlake Station,1,29,Portland,SW Arthur & 1st,
387,direct,2019-03-11,09:30,Seattle,Westlake Station,1,29,Portland,SW Arthur & 1st,
388,direct,2019-03-11,09:50,Seattle,Westlake Station,1,26,Portland,SW Arthur & 1st,
389,direct,2019-03-11,12:10,Seattle,Westlake Station,1,29,Portland,SW Arthur & 1st,
390,direct,2019-03-11,12:20,Seattle,Westlake Station,1,29,Portland,SW Arthur & 1st,
391,direct,2019-03-11,18:30,Seattle,Westlake Station,1,28,Portland,SW Arthur & 1st,
392,direct,2019-03-11,06:10,Seattle,Westlake Station,1,29,Vancouver,Pacific Central Station,
393,direct,2019-03-11,07:20,Seattle,Westlake Station,1,23,Vancouver,Pacific Central Station,
394,direct,2019-03-11,08:00,Seattle,Westlake Station,1,28,Vancouver,Pacific Central Station,
395,direct,2019-03-11,08:50,Seattle,Westlake Station,1,30,Vancouver,Pacific Central Station,
396,direct,2019-03-11,11:10,Seattle,Westlake Station,1,30,Vancouver,Pacific Central Station,
397,direct,2019-03-11,12:00,Seattle,Westlake Station,1,26,Vancouver,Pacific Central Station,
398,direct,2019-03-11,12:20,Seattle,Westlake Station,1,27,Vancouver,Pacific Central Station,
399,direct,2019-03-11,15:20,Seattle,Westlake Station,1,25,Vancouver,Pacific Central Station,
400,direct,2019-03-11,18:10,Seattle,Westlake Station,1,26,Vancouver,Pacific Central Station,
401,direct,2019-03-11,18:20,Seattle,Westlake Station,1,27,Vancouver,Pacific Central Station,
402,direct,2019-03-09,06:20,Long Beach,Downtown Station,1,49,San Francisco,Transbay Terminal,
403,direct,2019-03-09,10:00,Long Beach,Downtown Station,1,45,San Francisco,Transbay Terminal,
404,direct,2019-03-09,10:40,Long Beach,Downtown Station,1,54,San Francisco,Transbay Terminal,
405,direct,2019-03-09,13:40,Long Beach,Downtown Station,1,48,San Francisco,Transbay Terminal,
406,direct,2019-03-09,15:30,Long Beach,Downtown Station,1,54,San Francisco,Transbay Terminal,
407,direct,2019-03-09,16:40,Long Beach,Downtown Station,1,50,San Francisco,Transbay Terminal,
408,direct,2019-03-09,19:20,Long Beach,Downtown Station,1,42,San Francisco,Transbay Terminal,
409,direct,2019-03-02,08:50,Anaheim,Anaheim Bus Station,1,52,San Francisco,Transbay Terminal,
410,direct,2019-03-02,09:10,Anaheim,Anaheim Bus Station,1,51,San Francisco,Transbay Terminal,
411,direct,2019-03-02,11:40,Anaheim,Anaheim Bus Station,1,46,San Francisco,Transbay Terminal,
412,direct,2019-03-02,14:00,Anaheim,Anaheim Bus Station,1,40,San Francisco,Transbay Terminal,
413,direct,2019-03-02,14:30,Anaheim,Anaheim Bus Station,1,42,San Francisco,Transbay Terminal,
414,direct,2019-03-02,16:10,Anaheim,Anaheim Bus Station,1,44,San Francisco,Transbay Terminal,
415,direct,2019-03-02,18:10,Anaheim,Anaheim Bus Station,1,53,San Francisco,Transbay Terminal,
416,direct,2019-03-02,19:00,Anaheim,Anaheim Bus Station,1,49,San Francisco,Transbay Terminal,
417,direct,2019-03-02,09:10,Anaheim,Anaheim Bus Station,4,51,San Francisco,Transbay Terminal,False
418,direct,2019-03-11,06:50,Fresno,2660 Tulare St,1,41,San Diego,El Cajon Bus Stop,
419,direct,2019-03-11,08:20,Fresno,2660 Tulare St,1,48,San Diego,El Cajon Bus Stop,
420,direct,2019-03-11,09:30,Fresno,2660 Tulare St,1,44,San Diego,El Cajon Bus Stop,
421,direct,2019-03-11,13:50,Fresno,2660 Tulare St,1,52,San Diego,El Cajon Bus Stop,
422,direct,2019-03-11,16:20,Fresno,2660 Tulare St,1,51,San Diego,El Cajon Bus Stop,
423,direct,2019-03-11,16:30,Fresno,2660 Tulare St,1,42,San Diego,El Cajon Bus Stop,
424,direct,2019-03-11,08:20,Fresno,2660 Tulare St,1,48,San Diego,El Cajon Bus Stop,False
425,direct,2019-03-12,07:30,San Francisco,Transbay Terminal,1,52,Los Angeles,North Hollywood Station,
426,direct,2019-03-12,07:50,San Francisco,Transbay Terminal,1,51,Los Angeles,North Hollywood Station,
427,direct,2019-03-12,11:20,San Francisco,Transbay Terminal,1,44,Los Angeles,North Hollywood Station,
428,direct,2019-03-12,12:20,San Francisco,Transbay Terminal,1,49,Los Angeles,North Hollywood Station,
429,direct,2019-03-12,13:40,San Francisco,Transbay Terminal,1,47,Los Angeles,North Hollywood Station,
430,direct,2019-03-12,15:20,San Francisco,Transbay Terminal,1,52,Los Angeles,North Hollywood Station,
431,direct,2019-03-12,15:30,San Francisco,Transbay Terminal,1,45,Los Angeles,North Hollywood Station,
432,direct,2019-03-12,18:20,San Francisco,Transbay Terminal,1,44,Los Angeles,North Hollywood Station,
433,direct,2019-03-12,18:50,San Francisco,Transbay Terminal,1,56,Los Angeles,North Hollywood Station,
434,direct,2019-03-12,07:50,San Francisco,Transbay Terminal,3,51,Los Angeles,North Hollywood Station,False
435,direct,2019-03-14,06:00,New York,Penn Station,1,34,Washington,Silver Spring Bus Stop,
436,direct,2019-03-14,06:20,New York,Penn Station,1,35,Washington,Silver Spring Bus Stop,
437,direct,2019-03-14,06:50,New York,Penn Station,1,33,Washington,Silver Spring Bus Stop,
438,direct,2019-03-14,07:40,New York,Penn Station,1,38,Washington,Silver Spring Bus Stop,
439,direct,2019-03-14,07:50,New York,Penn Station,1,41,Washington,Silver Spring Bus Stop,
440,direct,2019-03-14,10:10,New York,Penn Station,1,39,Washington,Silver Spring Bus Stop,
441,direct,2019-03-14,14:40,New York,Penn Station,1,38,Washington,Silver Spring Bus Stop,
442,direct,2019-03-14,17:20,New York,Penn Station,1,30,Washington,Silver Spring Bus Stop,
443,direct,2019-03-14,06:00,New York,Penn Station,4,34,Washington,Silver Spring Bus Stop,
444,direct,2019-03-14,06:20,New York,Penn Station,4,35,Washington,Silver Spring Bus Stop,
445,direct,2019-03-14,06:50,New York,Penn Station,4,33,Washington,Silver Spring Bus Stop,
446,direct,2019-03-14,07:40,New York,Penn Station,4,38,Washington,Silver Spring Bus Stop,
447,direct,2019-03-14,07:50,New York,Penn Station,4,41,Washington,Silver Spring Bus Stop,
448,direct,2019-03-14,10:10,New York,Penn Station,4,39,Washington,Silver Spring Bus Stop,
449,direct,2019-03-14,14:40,New York,Penn Station,4,38,Washington,Silver Spring Bus Stop,
450,direct,2019-03-14,17:20,New York,Penn Station,4,30,Washington,Silver Spring Bus Stop,
451,direct,2019-03-14,06:50,New York,Penn Station,4,33,Washington,Silver Spring Bus Stop,False
452,direct,2019-03-05,06:00,San Francisco,Transbay Terminal,1,22,Sacramento,65th Light Rail Station,
453,direct,2019-03-05,08:10,San Francisco,Transbay Terminal,1,23,Sacramento,65th Light Rail Station,
454,direct,2019-03-05,09:00,San Francisco,Transbay Terminal,1,23,Sacramento,65th Light Rail Station,
455,direct,2019-03-05,09:10,San Francisco,Transbay Terminal,1,21,Sacramento,65th Light Rail Station,
456,direct,2019-03-05,09:40,San Francisco,Transbay Terminal,1,24,Sacramento,65th Light Rail Station,
457,direct,2019-03-05,10:10,San Francisco,Transbay Terminal,1,21,Sacramento,65th Light Rail Station,
458,direct,2019-03-05,11:50,San Francisco,Transbay Terminal,1,22,Sacramento,65th Light Rail Station,
459,direct,2019-03-05,13:50,San Francisco,Transbay Terminal,1,26,Sacramento,65th Light Rail Station,
460,direct,2019-03-05,14:20,San Francisco,Transbay Terminal,1,25,Sacramento,65th Light Rail Station,
461,direct,2019-03-05,15:50,San Francisco,Transbay Terminal,1,22,Sacramento,65th Light Rail Station,
462,direct,2019-03-05,06:00,San Francisco,Transbay Terminal,4,22,Sacramento,65th Light Rail Station,False
463,direct,2019-03-01,10:50,Las Vegas,Union Plaza,1,41,San Diego,El Cajon Bus Stop,
464,direct,2019-03-01,10:50,Las Vegas,Union Plaza,4,41,San Diego,El Cajon Bus Stop,False
465,direct,2019-03-13,06:50,Los Angeles,North Hollywood Station,3,34,San Diego,El Cajon Bus Stop,True
466,direct,2019-03-06,06:20,Long Beach,Downtown Station,1,52,San Francisco,Transbay Terminal,
467,direct,2019-03-06,10:00,Long Beach,Downtown Station,1,40,San Francisco,Transbay Terminal,
468,direct,2019-03-06,10:40,Long Beach,Downtown Station,1,40,San Francisco,Transbay Terminal,
469,direct,2019-03-06,13:40,Long Beach,Downtown Station,1,54,San Francisco,Transbay Terminal,
470,direct,2019-03-06,15:30,Long Beach,Downtown Station,1,50,San Francisco,Transbay Terminal,
471,direct,2019-03-06,16:40,Long Beach,Downtown Station,1,41,San Francisco,Transbay Terminal,
472,direct,2019-03-06,19:20,Long Beach,Downtown Station,1,46,San Francisco,Transbay Terminal,
473,direct,2019-03-06,06:20,Long Beach,Downtown Station,3,52,San Francisco,Transbay Terminal,False
474,direct,2019-03-11,07:40,Sacramento,65th Light Rail Station,1,48,Los Angeles,North Hollywood Station,
475,direct,2019-03-11,09:40,Sacramento,65th Light Rail Station,1,50,Los Angeles,North Hollywood Station,
476,direct,2019-03-11,13:20,Sacramento,65th Light Rail Station,1,43,Los Angeles,North Hollywood Station,
477,direct,2019-03-11,07:40,Sacramento,65th Light Rail Station,3,56,Los Angeles,North Hollywood Station,True
478,direct,2019-03-02,06:00,Los Angeles,North Hollywood Station,1,13,Anaheim,Anaheim Bus Station,
479,direct,2019-03-02,06:40,Los Angeles,North Hollywood Station,1,14,Anaheim,Anaheim Bus Station,
480,direct,2019-03-02,09:20,Los Angeles,North Hollywood Station,1,11,Anaheim,Anaheim Bus Station,
481,direct,2019-03-02,10:40,Los Angeles,North Hollywood Station,1,12,Anaheim,Anaheim Bus Station,
482,direct,2019-03-02,11:30,Los Angeles,North Hollywood Station,1,13,Anaheim,Anaheim Bus Station,
483,direct,2019-03-02,14:00,Los Angeles,North Hollywood Station,1,12,Anaheim,Anaheim Bus Station,
484,direct,2019-03-02,14:50,Los Angeles,North Hollywood Station,1,12,Anaheim,Anaheim Bus Station,
485,direct,2019-03-02,15:00,Los Angeles,North Hollywood Station,1,12,Anaheim,Anaheim Bus Station,
486,direct,2019-03-02,15:30,Los Angeles,North Hollywood Station,1,12,Anaheim,Anaheim Bus Station,
487,direct,2019-03-02,15:40,Los Angeles,North Hollywood Station,1,11,Anaheim,Anaheim Bus Station,
488,direct,2019-03-02,06:00,Los Angeles,North Hollywood Station,2,13,Anaheim,Anaheim Bus Station,False
489,direct,2019-03-01,06:20,Fresno,2660 Tulare St,1,31,Sacramento,65th Light Rail Station,
490,direct,2019-03-01,09:20,Fresno,2660 Tulare St,1,34,Sacramento,65th Light Rail Station,
491,direct,2019-03-01,11:30,Fresno,2660 Tulare St,1,31,Sacramento,65th Light Rail Station,
492,direct,2019-03-01,13:10,Fresno,2660 Tulare St,1,36,Sacramento,65th Light Rail Station,
493,direct,2019-03-01,14:00,Fresno,2660 Tulare St,1,32,Sacramento,65th Light Rail Station,
494,direct,2019-03-01,16:10,Fresno,2660 Tulare St,1,30,Sacramento,65th Light Rail Station,
495,direct,2019-03-01,06:20,Fresno,2660 Tulare St,4,31,Sacramento,65th Light Rail Station,False
496,direct,2019-03-04,06:00,Long Beach,Downtown Station,1,12,Los Angeles,North Hollywood Station,
497,direct,2019-03-04,06:20,Long Beach,Downtown Station,1,13,Los Angeles,North Hollywood Station,
498,direct,2019-03-04,06:50,Long Beach,Downtown Station,1,11,Los Angeles,North Hollywood Station,
499,direct,2019-03-04,08:10,Long Beach,Downtown Station,1,12,Los Angeles,North Hollywood Station,
500,direct,2019-03-04,08:20,Long Beach,Downtown Station,1,12,Los Angeles,North Hollywood Station,
501,direct,2019-03-04,09:40,Long Beach,Downtown Station,1,12,Los Angeles,North Hollywood Station,
502,direct,2019-03-04,09:50,Long Beach,Downtown Station,1,12,Los Angeles,North Hollywood Station,
503,direct,2019-03-04,11:00,Long Beach,Downtown Station,1,12,Los Angeles,North Hollywood Station,
504,direct,2019-03-04,12:20,Long Beach,Downtown Station,1,12,Los Angeles,North Hollywood Station,
505,direct,2019-03-04,13:00,Long Beach,Downtown Station,1,10,Los Angeles,North Hollywood Station,
506,direct,2019-03-04,06:00,Long Beach,Downtown Station,1,20,Los Angeles,North Hollywood Station,True
507,direct,2019-03-03,07:50,San Francisco,Transbay Terminal,1,50,Las Vegas,Union Plaza,
508,direct,2019-03-03,09:30,San Francisco,Transbay Terminal,1,53,Las Vegas,Union Plaza,
509,direct,2019-03-03,13:30,San Francisco,Transbay Terminal,1,53,Las Vegas,Union Plaza,
510,direct,2019-03-03,15:30,San Francisco,Transbay Terminal,1,49,Las Vegas,Union Plaza,
511,direct,2019-03-03,17:40,San Francisco,Transbay Terminal,1,62,Las Vegas,Union Plaza,
512,direct,2019-03-03,19:00,San Francisco,Transbay Terminal,1,49,Las Vegas,Union Plaza,
513,direct,2019-03-03,07:50,San Francisco,Transbay Terminal,1,50,Las Vegas,Union Plaza,False
514,direct,2019-03-01,09:00,Philadelphia,10th and Filbert,4,23,New York,Penn Station,
515,direct,2019-03-01,10:10,Philadelphia,10th and Filbert,4,21,New York,Penn Station,
516,direct,2019-03-01,12:30,Philadelphia,10th and Filbert,4,21,New York,Penn Station,
517,direct,2019-03-01,13:10,Philadelphia,10th and Filbert,4,26,New York,Penn Station,
518,direct,2019-03-01,13:50,Philadelphia,10th and Filbert,4,23,New York,Penn Station,
519,direct,2019-03-01,18:00,Philadelphia,10th and Filbert,4,23,New York,Penn Station,
520,direct,2019-03-01,06:20,Washington,Silver Spring Bus Stop,4,40,New York,Penn Station,
521,direct,2019-03-01,12:10,Washington,Silver Spring Bus Stop,4,39,New York,Penn Station,
522,direct,2019-03-01,13:30,Washington,Silver Spring Bus Stop,4,38,New York,Penn Station,
523,direct,2019-03-01,15:50,Washington,Silver Spring Bus Stop,4,36,New York,Penn Station,
524,direct,2019-03-01,17:00,Washington,Silver Spring Bus Stop,4,34,New York,Penn Station,
525,direct,2019-03-01,18:10,Washington,Silver Spring Bus Stop,4,40,New York,Penn Station,
526,direct,2019-03-01,19:10,Washington,Silver Spring Bus Stop,4,32,New York,Penn Station,
527,direct,2019-03-01,06:20,Washington,Silver Spring Bus Stop,4,40,New York,Penn Station,False
528,direct,2019-03-10,06:50,Los Angeles,North Hollywood Station,2,27,San Diego,El Cajon Bus Stop,
529,direct,2019-03-10,08:10,Los Angeles,North Hollywood Station,2,26,San Diego,El Cajon Bus Stop,
530,direct,2019-03-10,08:50,Los Angeles,North Hollywood Station,2,28,San Diego,El Cajon Bus Stop,
531,direct,2019-03-10,10:30,Los Angeles,North Hollywood Station,2,24,San Diego,El Cajon Bus Stop,
532,direct,2019-03-10,10:40,Los Angeles,North Hollywood Station,2,30,San Diego,El Cajon Bus Stop,
533,direct,2019-03-10,11:10,Los Angeles,North Hollywood Station,2,26,San Diego,El Cajon Bus Stop,
534,direct,2019-03-10,12:10,Los Angeles,North Hollywood Station,2,22,San Diego,El Cajon Bus Stop,
535,direct,2019-03-10,13:20,Los Angeles,North Hollywood Station,2,26,San Diego,El Cajon Bus Stop,
536,direct,2019-03-10,14:00,Los Angeles,North Hollywood Station,2,25,San Diego,El Cajon Bus Stop,
537,direct,2019-03-10,14:30,Los Angeles,North Hollywood Station,2,26,San Diego,El Cajon Bus Stop,
538,direct,2019-03-10,06:50,Los Angeles,North Hollywood Station,2,35,San Diego,El Cajon Bus Stop,True
539,direct,2019-03-06,06:50,Fresno,2660 Tulare St,1,47,San Diego,El Cajon Bus Stop,
540,direct,2019-03-06,08:20,Fresno,2660 Tulare St,1,48,San Diego,El Cajon Bus Stop,
541,direct,2019-03-06,09:30,Fresno,2660 Tulare St,1,46,San Diego,El Cajon Bus Stop,
542,direct,2019-03-06,13:50,Fresno,2660 Tulare St,1,46,San Diego,El Cajon Bus Stop,
543,direct,2019-03-06,16:20,Fresno,2660 Tulare St,1,44,San Diego,El Cajon Bus Stop,
544,direct,2019-03-06,16:30,Fresno,2660 Tulare St,1,43,San Diego,El Cajon Bus Stop,
545,direct,2019-03-06,06:50,Fresno,2660 Tulare St,3,47,San Diego,El Cajon Bus Stop,
546,direct,2019-03-06,08:20,Fresno,2660 Tulare St,3,48,San Diego,El Cajon Bus Stop,
547,direct,2019-03-06,09:30,Fresno,2660 Tulare St,3,46,San Diego,El Cajon Bus Stop,
548,direct,2019-03-06,13:50,Fresno,2660 Tulare St,3,46,San Diego,El Cajon Bus Stop,
549,direct,2019-03-06,16:20,Fresno,2660 Tulare St,3,44,San Diego,El Cajon Bus Stop,
550,direct,2019-03-06,16:30,Fresno,2660 Tulare St,3,43,San Diego,El Cajon Bus Stop,
551,direct,2019-03-06,08:20,Fresno,2660 Tulare St,3,48,San Diego,El Cajon Bus Stop,False
552,direct,2019-03-04,07:50,Anaheim,Anaheim Bus Station,1,13,Los Angeles,North Hollywood Station,
553,direct,2019-03-04,10:20,Anaheim,Anaheim Bus Station,1,16,Los Angeles,North Hollywood Station,
554,direct,2019-03-04,11:50,Anaheim,Anaheim Bus Station,1,12,Los Angeles,North Hollywood Station,
555,direct,2019-03-04,13:40,Anaheim,Anaheim Bus Station,1,12,Los Angeles,North Hollywood Station,
556,direct,2019-03-04,14:00,Anaheim,Anaheim Bus Station,1,12,Los Angeles,North Hollywood Station,
557,direct,2019-03-04,15:10,Anaheim,Anaheim Bus Station,1,12,Los Angeles,North Hollywood Station,
558,direct,2019-03-04,16:00,Anaheim,Anaheim Bus Station,1,12,Los Angeles,North Hollywood Station,
559,direct,2019-03-04,17:10,Anaheim,Anaheim Bus Station,1,11,Los Angeles,North Hollywood Station,
560,direct,2019-03-04,17:20,Anaheim,Anaheim Bus Station,1,12,Los Angeles,North Hollywood Station,
561,direct,2019-03-04,17:40,Anaheim,Anaheim Bus Station,1,14,Los Angeles,North Hollywood Station,
562,direct,2019-03-04,10:20,Anaheim,Anaheim Bus Station,1,16,Los Angeles,North Hollywood Station,False
563,direct,2019-03-02,10:50,Las Vegas,Union Plaza,1,38,San Diego,El Cajon Bus Stop,
564,direct,2019-03-02,10:50,Las Vegas,Union Plaza,3,38,San Diego,El Cajon Bus Stop,False
565,direct,2019-03-13,06:50,San Diego,El Cajon Bus Stop,1,25,Long Beach,Downtown Station,
566,direct,2019-03-13,07:10,San Diego,El Cajon Bus Stop,1,23,Long Beach,Downtown Station,
567,direct,2019-03-13,08:30,San Diego,El Cajon Bus Stop,1,22,Long Beach,Downtown Station,
568,direct,2019-03-13,09:50,San Diego,El Cajon Bus Stop,1,26,Long Beach,Downtown Station,
569,direct,2019-03-13,10:10,San Diego,El Cajon Bus Stop,1,25,Long Beach,Downtown Station,
570,direct,2019-03-13,12:30,San Diego,El Cajon Bus Stop,1,26,Long Beach,Downtown Station,
571,direct,2019-03-13,15:20,San Diego,El Cajon Bus Stop,1,21,Long Beach,Downtown Station,
572,direct,2019-03-13,15:50,San Diego,El Cajon Bus Stop,1,23,Long Beach,Downtown Station,
573,direct,2019-03-13,16:10,San Diego,El Cajon Bus Stop,1,25,Long Beach,Downtown Station,
574,direct,2019-03-13,17:10,San Diego,El Cajon Bus Stop,1,21,Long Beach,Downtown Station,
575,direct,2019-03-13,06:50,San Diego,El Cajon Bus Stop,2,25,Long Beach,Downtown Station,False
576,direct,2019-03-09,07:00,Portland,SW Arthur & 1st,2,33,Seattle,Westlake Station,
577,direct,2019-03-09,11:20,Portland,SW Arthur & 1st,2,37,Seattle,Westlake Station,
578,direct,2019-03-09,11:50,Portland,SW Arthur & 1st,2,28,Seattle,Westlake Station,
579,direct,2019-03-09,12:20,Portland,SW Arthur & 1st,2,29,Seattle,Westlake Station,
580,direct,2019-03-09,12:30,Portland,SW Arthur & 1st,2,28,Seattle,Westlake Station,
581,direct,2019-03-09,12:40,Portland,SW Arthur & 1st,2,29,Seattle,Westlake Station,
582,direct,2019-03-09,16:10,Portland,SW Arthur & 1st,2,35,Seattle,Westlake Station,
583,direct,2019-03-09,17:30,Portland,SW Arthur & 1st,2,32,Seattle,Westlake Station,
584,direct,2019-03-09,18:30,Portland,SW Arthur & 1st,2,32,Seattle,Westlake Station,
585,direct,2019-03-09,19:00,Portland,SW Arthur & 1st,2,33,Seattle,Westlake Station,
586,direct,2019-03-09,11:20,Portland,SW Arthur & 1st,2,37,Seattle,Westlake Station,False
587,direct,2019-03-03,07:40,New York,Penn Station,1,23,Philadelphia,10th and Filbert,
588,direct,2019-03-03,07:50,New York,Penn Station,1,22,Philadelphia,10th and Filbert,
589,direct,2019-03-03,08:50,New York,Penn Station,1,25,Philadelphia,10th and Filbert,
590,direct,2019-03-03,09:30,New York,Penn Station,1,24,Philadelphia,10th and Filbert,
591,direct,2019-03-03,16:30,New York,Penn Station,1,21,Philadelphia,10th and Filbert,
592,direct,2019-03-03,17:20,New York,Penn Station,1,22,Philadelphia,10th and Filbert,
593,direct,2019-03-03,19:40,New York,Penn Station,1,24,Philadelphia,10th and Filbert,
594,direct,2019-03-03,08:50,New York,Penn Station,4,25,Philadelphia,10th and Filbert,False
595,direct,2019-03-05,10:50,Fresno,2660 Tulare St,3,30,San Francisco,Transbay Terminal,
596,direct,2019-03-05,12:40,Fresno,2660 Tulare St,3,31,San Francisco,Transbay Terminal,
597,direct,2019-03-05,13:10,Fresno,2660 Tulare St,3,30,San Francisco,Transbay Terminal,
598,direct,2019-03-05,13:30,Fresno,2660 Tulare St,3,32,San Francisco,Transbay Terminal,
599,direct,2019-03-05,14:20,Fresno,2660 Tulare St,3,35,San Francisco,Transbay Terminal,
600,direct,2019-03-05,14:40,Fresno,2660 Tulare St,3,37,San Francisco,Transbay Terminal,
601,direct,2019-03-05,16:10,Fresno,2660 Tulare St,3,34,San Francisco,Transbay Terminal,
602,direct,2019-03-05,19:40,Fresno,2660 Tulare St,3,33,San Francisco,Transbay Terminal,
603,direct,2019-03-05,10:50,Fresno,2660 Tulare St,3,30,San Francisco,Transbay Terminal,False
604,direct,2019-03-12,06:50,Anaheim,Anaheim Bus Station,1,39,Las Vegas,Union Plaza,
605,direct,2019-03-12,08:10,Anaheim,Anaheim Bus Station,1,38,Las Vegas,Union Plaza,
606,direct,2019-03-12,08:30,Anaheim,Anaheim Bus Station,1,42,Las Vegas,Union Plaza,
607,direct,2019-03-12,19:50,Anaheim,Anaheim Bus Station,1,39,Las Vegas,Union Plaza,
608,direct,2019-03-12,08:10,Anaheim,Anaheim Bus Station,1,46,Las Vegas,Union Plaza,True
609,direct,2019-03-04,07:10,Vancouver,Pacific Central Station,1,39,Portland,SW Arthur & 1st,
610,direct,2019-03-04,08:40,Vancouver,Pacific Central Station,1,35,Portland,SW Arthur & 1st,
611,direct,2019-03-04,09:30,Vancouver,Pacific Central Station,1,44,Portland,SW Arthur & 1st,
612,direct,2019-03-04,11:50,Vancouver,Pacific Central Station,1,41,Portland,SW Arthur & 1st,
613,direct,2019-03-04,14:10,Vancouver,Pacific Central Station,1,39,Portland,SW Arthur & 1st,
614,direct,2019-03-04,14:30,Vancouver,Pacific Central Station,1,40,Portland,SW Arthur & 1st,
615,direct,2019-03-04,17:00,Vancouver,Pacific Central Station,1,42,Portland,SW Arthur & 1st,
616,direct,2019-03-04,19:00,Vancouver,Pacific Central Station,1,35,Portland,SW Arthur & 1st,
617,direct,2019-03-04,07:10,Vancouver,Pacific Central Station,1,39,Portland,SW Arthur & 1st,False
618,direct,2019-03-03,06:40,Los Angeles,North Hollywood Station,1,51,San Francisco,Transbay Terminal,
619,direct,2019-03-03,07:30,Los Angeles,North Hollywood Station,1,48,San Francisco,Transbay Terminal,
620,direct,2019-03-03,08:40,Los Angeles,North Hollywood Station,1,56,San Francisco,Transbay Terminal,
621,direct,2019-03-03,09:00,Los Angeles,North Hollywood Station,1,40,San Francisco,Transbay Terminal,
622,direct,2019-03-03,10:40,Los Angeles,North Hollywood Station,1,55,San Francisco,Transbay Terminal,
623,direct,2019-03-03,11:40,Los Angeles,North Hollywood Station,1,51,San Francisco,Transbay Terminal,
624,direct,2019-03-03,13:00,Los Angeles,North Hollywood Station,1,47,San Francisco,Transbay Terminal,
625,direct,2019-03-03,13:10,Los Angeles,North Hollywood Station,1,47,San Francisco,Transbay Terminal,
626,direct,2019-03-03,17:50,Los Angeles,North Hollywood Station,1,46,San Francisco,Transbay Terminal,
627,direct,2019-03-03,18:00,Los Angeles,North Hollywood Station,1,46,San Francisco,Transbay Terminal,
628,direct,2019-03-03,06:40,Los Angeles,North Hollywood Station,1,51,San Francisco,Transbay Terminal,False
629,one-stop,2019-03-02,06:30,San Diego,El Cajon Bus Stop,1,58,Sacramento,65th Light Rail Station,
630,one-stop,2019-03-02,06:50,San Diego,El Cajon Bus Stop,1,58,Sacramento,65th Light Rail Station,
631,one-stop,2019-03-02,07:20,San Diego,El Cajon Bus Stop,1,61,Sacramento,65th Light Rail Station,
632,one-stop,2019-03-02,09:10,San Diego,El Cajon Bus Stop,1,61,Sacramento,65th Light Rail Station,
633,one-stop,2019-03-02,10:30,San Diego,El Cajon Bus Stop,1,60,Sacramento,65th Light Rail Station,
634,one-stop,2019-03-02,11:30,San Diego,El Cajon Bus Stop,1,62,Sacramento,65th Light Rail Station,
635,one-stop,2019-03-02,11:50,San Diego,El Cajon Bus Stop,1,57,Sacramento,65th Light Rail Station,
636,one-stop,2019-03-02,14:20,San Diego,El Cajon Bus Stop,1,66,Sacramento,65th Light Rail Station,
637,one-stop,2019-03-02,16:00,San Diego,El Cajon Bus Stop,1,68,Sacramento,65th Light Rail Station,
638,one-stop,2019-03-02,18:10,San Diego,El Cajon Bus Stop,1,67,Sacramento,65th Light Rail Station,
639,one-stop,2019-03-02,06:50,San Diego,El Cajon Bus Stop,3,66,Sacramento,65th Light Rail Station,True
640,direct,2019-03-06,06:00,New York,Penn Station,2,35,Washington,Silver Spring Bus Stop,
641,direct,2019-03-06,06:20,New York,Penn Station,2,40,Washington,Silver Spring Bus Stop,
642,direct,2019-03-06,06:50,New York,Penn Station,2,43,Washington,Silver Spring Bus Stop,
643,direct,2019-03-06,07:40,New York,Penn Station,2,39,Washington,Silver Spring Bus Stop,
644,direct,2019-03-06,07:50,New York,Penn Station,2,31,Washington,Silver Spring Bus Stop,
645,direct,2019-03-06,10:10,New York,Penn Station,2,34,Washington,Silver Spring Bus Stop,
646,direct,2019-03-06,14:40,New York,Penn Station,2,37,Washington,Silver Spring Bus Stop,
647,direct,2019-03-06,17:20,New York,Penn Station,2,36,Washington,Silver Spring Bus Stop,
648,direct,2019-03-06,06:00,Los Angeles,North Hollywood Station,2,13,Anaheim,Anaheim Bus Station,
649,direct,2019-03-06,06:40,Los Angeles,North Hollywood Station,2,13,Anaheim,Anaheim Bus Station,
650,direct,2019-03-06,09:20,Los Angeles,North Hollywood Station,2,12,Anaheim,Anaheim Bus Station,
651,direct,2019-03-06,10:40,Los Angeles,North Hollywood Station,2,12,Anaheim,Anaheim Bus Station,
652,direct,2019-03-06,11:30,Los Angeles,North Hollywood Station,2,13,Anaheim,Anaheim Bus Station,
653,direct,2019-03-06,14:00,Los Angeles,North Hollywood Station,2,12,Anaheim,Anaheim Bus Station,
654,direct,2019-03-06,14:50,Los Angeles,North Hollywood Station,2,12,Anaheim,Anaheim Bus Station,
655,direct,2019-03-06,15:00,Los Angeles,North Hollywood Station,2,12,Anaheim,Anaheim Bus Station,
656,direct,2019-03-06,15:30,Los Angeles,North Hollywood Station,2,12,Anaheim,Anaheim Bus Station,
657,direct,2019-03-06,15:40,Los Angeles,North Hollywood Station,2,12,Anaheim,Anaheim Bus Station,
658,direct,2019-03-06,06:40,Los Angeles,North Hollywood Station,2,13,Anaheim,Anaheim Bus Station,False
659,one-stop,2019-03-02,07:10,Sacramento,65th Light Rail Station,1,63,Las Vegas,Union Plaza,
660,one-stop,2019-03-02,07:40,Sacramento,65th Light Rail Station,1,65,Las Vegas,Union Plaza,
661,one-stop,2019-03-02,07:50,Sacramento,65th Light Rail Station,1,63,Las Vegas,Union Plaza,
662,one-stop,2019-03-02,10:50,Sacramento,65th Light Rail Station,1,59,Las Vegas,Union Plaza,
663,one-stop,2019-03-02,12:00,Sacramento,65th Light Rail Station,1,60,Las Vegas,Union Plaza,
664,one-stop,2019-03-02,12:10,Sacramento,65th Light Rail Station,1,56,Las Vegas,Union Plaza,
665,one-stop,2019-03-02,13:20,Sacramento,65th Light Rail Station,1,74,Las Vegas,Union Plaza,
666,one-stop,2019-03-02,15:10,Sacramento,65th Light Rail Station,1,57,Las Vegas,Union Plaza,
667,one-stop,2019-03-02,15:20,Sacramento,65th Light Rail Station,1,58,Las Vegas,Union Plaza,
668,one-stop,2019-03-02,16:20,Sacramento,65th Light Rail Station,1,64,Las Vegas,Union Plaza,
669,one-stop,2019-03-02,07:10,Sacramento,65th Light Rail Station,3,63,Las Vegas,Union Plaza,
670,one-stop,2019-03-02,07:40,Sacramento,65th Light Rail Station,3,65,Las Vegas,Union Plaza,
671,one-stop,2019-03-02,07:50,Sacramento,65th Light Rail Station,3,63,Las Vegas,Union Plaza,
672,one-stop,2019-03-02,10:50,Sacramento,65th Light Rail Station,3,59,Las Vegas,Union Plaza,
673,one-stop,2019-03-02,12:00,Sacramento,65th Light Rail Station,3,60,Las Vegas,Union Plaza,
674,one-stop,2019-03-02,12:10,Sacramento,65th Light Rail Station,3,56,Las Vegas,Union Plaza,
675,one-stop,2019-03-02,13:20,Sacramento,65th Light Rail Station,3,74,Las Vegas,Union Plaza,
676,one-stop,2019-03-02,15:10,Sacramento,65th Light Rail Station,3,57,Las Vegas,Union Plaza,
677,one-stop,2019-03-02,15:20,Sacramento,65th Light Rail Station,3,58,Las Vegas,Union Plaza,
678,one-stop,2019-03-02,07:40,Sacramento,65th Light Rail Station,3,65,Las Vegas,Union Plaza,False
679,direct,2019-03-03,06:20,Long Beach,Downtown Station,1,48,San Francisco,Transbay Terminal,
680,direct,2019-03-03,10:00,Long Beach,Downtown Station,1,44,San Francisco,Transbay Terminal,
681,direct,2019-03-03,10:40,Long Beach,Downtown Station,1,51,San Francisco,Transbay Terminal,
682,direct,2019-03-03,13:40,Long Beach,Downtown Station,1,51,San Francisco,Transbay Terminal,
683,direct,2019-03-03,15:30,Long Beach,Downtown Station,1,53,San Francisco,Transbay Terminal,
684,direct,2019-03-03,16:40,Long Beach,Downtown Station,1,49,San Francisco,Transbay Terminal,
685,direct,2019-03-03,19:20,Long Beach,Downtown Station,1,53,San Francisco,Transbay Terminal,
686,direct,2019-03-03,06:20,Long Beach,Downtown Station,3,48,San Francisco,Transbay Terminal,False
687,direct,2019-03-06,07:30,San Francisco,Transbay Terminal,2,51,Los Angeles,North Hollywood Station,
688,direct,2019-03-06,07:50,San Francisco,Transbay Terminal,2,48,Los Angeles,North Hollywood Station,
689,direct,2019-03-06,11:20,San Francisco,Transbay Terminal,2,49,Los Angeles,North Hollywood Station,
690,direct,2019-03-06,12:20,San Francisco,Transbay Terminal,2,45,Los Angeles,North Hollywood Station,
691,direct,2019-03-06,13:40,San Francisco,Transbay Terminal,2,43,Los Angeles,North Hollywood Station,
692,direct,2019-03-06,15:20,San Francisco,Transbay Terminal,2,51,Los Angeles,North Hollywood Station,
693,direct,2019-03-06,15:30,San Francisco,Transbay Terminal,2,51,Los Angeles,North Hollywood Station,
694,direct,2019-03-06,18:20,San Francisco,Transbay Terminal,2,47,Los Angeles,North Hollywood Station,
695,direct,2019-03-06,18:50,San Francisco,Transbay Terminal,2,54,Los Angeles,North Hollywood Station,
696,direct,2019-03-06,07:30,San Francisco,Transbay Terminal,2,51,Los Angeles,North Hollywood Station,False
697,one-stop,2019-03-04,07:10,Sacramento,65th Light Rail Station,1,62,San Diego,El Cajon Bus Stop,
698,one-stop,2019-03-04,07:40,Sacramento,65th Light Rail Station,1,58,San Diego,El Cajon Bus Stop,
699,one-stop,2019-03-04,07:50,Sacramento,65th Light Rail Station,1,62,San Diego,El Cajon Bus Stop,
700,one-stop,2019-03-04,09:40,Sacramento,65th Light Rail Station,1,58,San Diego,El Cajon Bus Stop,
701,one-stop,2019-03-04,10:50,Sacramento,65th Light Rail Station,1,59,San Diego,El Cajon Bus Stop,
702,one-stop,2019-03-04,16:20,Sacramento,65th Light Rail Station,1,57,San Diego,El Cajon Bus Stop,
703,one-stop,2019-03-04,16:40,Sacramento,65th Light Rail Station,1,56,San Diego,El Cajon Bus Stop,
704,one-stop,2019-03-04,07:10,Sacramento,65th Light Rail Station,3,62,San Diego,El Cajon Bus Stop,False
705,direct,2019-03-04,06:00,San Francisco,Transbay Terminal,1,20,Sacramento,65th Light Rail Station,
706,direct,2019-03-04,08:10,San Francisco,Transbay Terminal,1,22,Sacramento,65th Light Rail Station,
707,direct,2019-03-04,09:00,San Francisco,Transbay Terminal,1,21,Sacramento,65th Light Rail Station,
708,direct,2019-03-04,09:10,San Francisco,Transbay Terminal,1,23,Sacramento,65th Light Rail Station,
709,direct,2019-03-04,09:40,San Francisco,Transbay Terminal,1,22,Sacramento,65th Light Rail Station,
710,direct,2019-03-04,10:10,San Francisco,Transbay Terminal,1,24,Sacramento,65th Light Rail Station,
711,direct,2019-03-04,11:50,San Francisco,Transbay Terminal,1,19,Sacramento,65th Light Rail Station,
712,direct,2019-03-04,13:50,San Francisco,Transbay Terminal,1,25,Sacramento,65th Light Rail Station,
713,direct,2019-03-04,14:20,San Francisco,Transbay Terminal,1,24,Sacramento,65th Light Rail Station,
714,direct,2019-03-04,15:50,San Francisco,Transbay Terminal,1,22,Sacramento,65th Light Rail Station,
715,direct,2019-03-04,06:00,San Francisco,Transbay Terminal,1,20,Sacramento,65th Light Rail Station,False
716,direct,2019-03-07,06:00,New York,Penn Station,1,35,Washington,Silver Spring Bus Stop,
717,direct,2019-03-07,06:20,New York,Penn Station,1,35,Washington,Silver Spring Bus Stop,
718,direct,2019-03-07,06:50,New York,Penn Station,1,39,Washington,Silver Spring Bus Stop,
719,direct,2019-03-07,07:40,New York,Penn Station,1,34,Washington,Silver Spring Bus Stop,
720,direct,2019-03-07,07:50,New York,Penn Station,1,36,Washington,Silver Spring Bus Stop,
721,direct,2019-03-07,10:10,New York,Penn Station,1,37,Washington,Silver Spring Bus Stop,
722,direct,2019-03-07,14:40,New York,Penn Station,1,34,Washington,Silver Spring Bus Stop,
723,direct,2019-03-07,17:20,New York,Penn Station,1,40,Washington,Silver Spring Bus Stop,
724,direct,2019-03-07,06:00,New York,Penn Station,1,35,Washington,Silver Spring Bus Stop,False
725,direct,2019-03-04,06:20,Fresno,2660 Tulare St,1,34,Sacramento,65th Light Rail Station,
726,direct,2019-03-04,09:20,Fresno,2660 Tulare St,1,31,Sacramento,65th Light Rail Station,
727,direct,2019-03-04,11:30,Fresno,2660 Tulare St,1,32,Sacramento,65th Light Rail Station,
728,direct,2019-03-04,13:10,Fresno,2660 Tulare St,1,27,Sacramento,65th Light Rail Station,
729,direct,2019-03-04,14:00,Fresno,2660 Tulare St,1,37,Sacramento,65th Light Rail Station,
730,direct,2019-03-04,16:10,Fresno,2660 Tulare St,1,36,Sacramento,65th Light Rail Station,
731,direct,2019-03-04,06:20,Fresno,2660 Tulare St,2,42,Sacramento,65th Light Rail Station,True
732,direct,2019-03-07,07:10,Portland,SW Arthur & 1st,1,43,Vancouver,Pacific Central Station,
733,direct,2019-03-07,07:20,Portland,SW Arthur & 1st,1,47,Vancouver,Pacific Central Station,
734,direct,2019-03-07,07:50,Portland,SW Arthur & 1st,1,40,Vancouver,Pacific Central Station,
735,direct,2019-03-07,08:30,Portland,SW Arthur & 1st,1,37,Vancouver,Pacific Central Station,
736,direct,2019-03-07,10:00,Portland,SW Arthur & 1st,1,47,Vancouver,Pacific Central Station,
737,direct,2019-03-07,10:10,Portland,SW Arthur & 1st,1,39,Vancouver,Pacific Central Station,
738,direct,2019-03-07,19:40,Portland,SW Arthur & 1st,1,44,Vancouver,Pacific Central Station,
739,direct,2019-03-07,07:10,Portland,SW Arthur & 1st,1,51,Vancouver,Pacific Central Station,True
740,one-stop,2019-03-11,07:40,Sacramento,65th Light Rail Station,1,58,Long Beach,Downtown Station,
741,one-stop,2019-03-11,07:50,Sacramento,65th Light Rail Station,1,57,Long Beach,Downtown Station,
742,one-stop,2019-03-11,09:40,Sacramento,65th Light Rail Station,1,56,Long Beach,Downtown Station,
743,one-stop,2019-03-11,10:50,Sacramento,65th Light Rail Station,1,53,Long Beach,Downtown Station,
744,one-stop,2019-03-11,12:00,Sacramento,65th Light Rail Station,1,54,Long Beach,Downtown Station,
745,one-stop,2019-03-11,12:10,Sacramento,65th Light Rail Station,1,55,Long Beach,Downtown Station,
746,one-stop,2019-03-11,12:20,Sacramento,65th Light Rail Station,1,56,Long Beach,Downtown Station,
747,one-stop,2019-03-11,13:00,Sacramento,65th Light Rail Station,1,54,Long Beach,Downtown Station,
748,one-stop,2019-03-11,15:10,Sacramento,65th Light Rail Station,1,53,Long Beach,Downtown Station,
749,one-stop,2019-03-11,15:20,Sacramento,65th Light Rail Station,1,55,Long Beach,Downtown Station,
750,one-stop,2019-03-11,07:40,Sacramento,65th Light Rail Station,2,58,Long Beach,Downtown Station,False
751,direct,2019-03-13,06:50,Long Beach,Downtown Station,1,24,San Diego,El Cajon Bus Stop,
752,direct,2019-03-13,07:30,Long Beach,Downtown Station,1,26,San Diego,El Cajon Bus Stop,
753,direct,2019-03-13,07:50,Long Beach,Downtown Station,1,25,San Diego,El Cajon Bus Stop,
754,direct,2019-03-13,08:40,Long Beach,Downtown Station,1,24,San Diego,El Cajon Bus Stop,
755,direct,2019-03-13,09:30,Long Beach,Downtown Station,1,25,San Diego,El Cajon Bus Stop,
756,direct,2019-03-13,15:20,Long Beach,Downtown Station,1,24,San Diego,El Cajon Bus Stop,
757,direct,2019-03-13,16:10,Long Beach,Downtown Station,1,24,San Diego,El Cajon Bus Stop,
758,direct,2019-03-13,17:50,Long Beach,Downtown Station,1,22,San Diego,El Cajon Bus Stop,
759,direct,2019-03-13,18:10,Long Beach,Downtown Station,1,29,San Diego,El Cajon Bus Stop,
760,direct,2019-03-13,07:00,San Francisco,Transbay Terminal,1,57,San Diego,El Cajon Bus Stop,
761,direct,2019-03-13,08:50,San Francisco,Transbay Terminal,1,58,San Diego,El Cajon Bus Stop,
762,direct,2019-03-13,09:00,San Francisco,Transbay Terminal,1,43,San Diego,El Cajon Bus Stop,
763,direct,2019-03-13,16:00,San Francisco,Transbay Terminal,1,53,San Diego,El Cajon Bus Stop,
764,direct,2019-03-13,17:00,San Francisco,Transbay Terminal,1,53,San Diego,El Cajon Bus Stop,
765,direct,2019-03-13,18:40,San Francisco,Transbay Terminal,1,50,San Diego,El Cajon Bus Stop,
766,direct,2019-03-13,07:00,San Francisco,Transbay Terminal,4,57,San Diego,El Cajon Bus Stop,False
767,direct,2019-03-01,07:10,Fresno,2660 Tulare St,1,37,Las Vegas,Union Plaza,
768,direct,2019-03-01,07:40,Fresno,2660 Tulare St,1,38,Las Vegas,Union Plaza,
769,direct,2019-03-01,10:50,Fresno,2660 Tulare St,1,40,Las Vegas,Union Plaza,
770,direct,2019-03-01,12:20,Fresno,2660 Tulare St,1,42,Las Vegas,Union Plaza,
771,direct,2019-03-01,12:30,Fresno,2660 Tulare St,1,40,Las Vegas,Union Plaza,
772,direct,2019-03-01,13:10,Fresno,2660 Tulare St,1,46,Las Vegas,Union Plaza,
773,direct,2019-03-01,15:20,Fresno,2660 Tulare St,1,45,Las Vegas,Union Plaza,
774,direct,2019-03-01,15:50,Fresno,2660 Tulare St,1,44,Las Vegas,Union Plaza,
775,direct,2019-03-01,18:00,Fresno,2660 Tulare St,1,42,Las Vegas,Union Plaza,
776,direct,2019-03-01,18:10,Fresno,2660 Tulare St,1,40,Las Vegas,Union Plaza,
777,direct,2019-03-01,07:40,Fresno,2660 Tulare St,1,38,Las Vegas,Union Plaza,False
778,direct,2019-03-09,08:50,Anaheim,Anaheim Bus Station,4,55,San Francisco,Transbay Terminal,
779,direct,2019-03-09,09:10,Anaheim,Anaheim Bus Station,4,43,San Francisco,Transbay Terminal,
780,direct,2019-03-09,11:40,Anaheim,Anaheim Bus Station,4,48,San Francisco,Transbay Terminal,
781,direct,2019-03-09,14:00,Anaheim,Anaheim Bus Station,4,45,San Francisco,Transbay Terminal,
782,direct,2019-03-09,14:30,Anaheim,Anaheim Bus Station,4,50,San Francisco,Transbay Terminal,
783,direct,2019-03-09,16:10,Anaheim,Anaheim Bus Station,4,52,San Francisco,Transbay Terminal,
784,direct,2019-03-09,18:10,Anaheim,Anaheim Bus Station,4,51,San Francisco,Transbay Terminal,
785,direct,2019-03-09,19:00,Anaheim,Anaheim Bus Station,4,45,San Francisco,Transbay Terminal,
786,direct,2019-03-09,08:50,Anaheim,Anaheim Bus Station,4,55,San Francisco,Transbay Terminal,False
787,one-stop,2019-03-03,07:10,Sacramento,65th Light Rail Station,3,57,Las Vegas,Union Plaza,
788,one-stop,2019-03-03,07:40,Sacramento,65th Light Rail Station,3,59,Las Vegas,Union Plaza,
789,one-stop,2019-03-03,07:50,Sacramento,65th Light Rail Station,3,61,Las Vegas,Union Plaza,
790,one-stop,2019-03-03,10:50,Sacramento,65th Light Rail Station,3,57,Las Vegas,Union Plaza,
791,one-stop,2019-03-03,12:00,Sacramento,65th Light Rail Station,3,55,Las Vegas,Union Plaza,
792,one-stop,2019-03-03,12:10,Sacramento,65th Light Rail Station,3,62,Las Vegas,Union Plaza,
793,one-stop,2019-03-03,13:20,Sacramento,65th Light Rail Station,3,74,Las Vegas,Union Plaza,
794,one-stop,2019-03-03,15:10,Sacramento,65th Light Rail Station,3,58,Las Vegas,Union Plaza,
795,one-stop,2019-03-03,15:20,Sacramento,65th Light Rail Station,3,54,Las Vegas,Union Plaza,
796,one-stop,2019-03-03,16:20,Sacramento,65th Light Rail Station,3,69,Las Vegas,Union Plaza,
797,one-stop,2019-03-03,07:10,Sacramento,65th Light Rail Station,3,65,Las Vegas,Union Plaza,True
798,one-stop,2019-03-02,07:40,Sacramento,65th Light Rail Station,1,65,Long Beach,Downtown Station,
799,one-stop,2019-03-02,07:50,Sacramento,65th Light Rail Station,1,56,Long Beach,Downtown Station,
800,one-stop,2019-03-02,09:40,Sacramento,65th Light Rail Station,1,65,Long Beach,Downtown Station,
801,one-stop,2019-03-02,10:50,Sacramento,65th Light Rail Station,1,60,Long Beach,Downtown Station,
802,one-stop,2019-03-02,12:00,Sacramento,65th Light Rail Station,1,51,Long Beach,Downtown Station,
803,one-stop,2019-03-02,12:10,Sacramento,65th Light Rail Station,1,56,Long Beach,Downtown Station,
804,one-stop,2019-03-02,12:20,Sacramento,65th Light Rail Station,1,55,Long Beach,Downtown Station,
805,one-stop,2019-03-02,13:00,Sacramento,65th Light Rail Station,1,53,Long Beach,Downtown Station,
806,one-stop,2019-03-02,15:10,Sacramento,65th Light Rail Station,1,59,Long Beach,Downtown Station,
807,one-stop,2019-03-02,15:20,Sacramento,65th Light Rail Station,1,61,Long Beach,Downtown Station,
808,one-stop,2019-03-02,07:40,Sacramento,65th Light Rail Station,3,65,Long Beach,Downtown Station,False
809,direct,2019-03-11,07:50,Anaheim,Anaheim Bus Station,2,12,Los Angeles,North Hollywood Station,
810,direct,2019-03-11,10:20,Anaheim,Anaheim Bus Station,2,14,Los Angeles,North Hollywood Station,
811,direct,2019-03-11,11:50,Anaheim,Anaheim Bus Station,2,13,Los Angeles,North Hollywood Station,
812,direct,2019-03-11,13:40,Anaheim,Anaheim Bus Station,2,13,Los Angeles,North Hollywood Station,
813,direct,2019-03-11,14:00,Anaheim,Anaheim Bus Station,2,13,Los Angeles,North Hollywood Station,
814,direct,2019-03-11,15:10,Anaheim,Anaheim Bus Station,2,14,Los Angeles,North Hollywood Station,
815,direct,2019-03-11,16:00,Anaheim,Anaheim Bus Station,2,13,Los Angeles,North Hollywood Station,
816,direct,2019-03-11,17:10,Anaheim,Anaheim Bus Station,2,12,Los Angeles,North Hollywood Station,
817,direct,2019-03-11,17:20,Anaheim,Anaheim Bus Station,2,12,Los Angeles,North Hollywood Station,
818,direct,2019-03-11,17:40,Anaheim,Anaheim Bus Station,2,12,Los Angeles,North Hollywood Station,
819,direct,2019-03-11,07:50,Anaheim,Anaheim Bus Station,2,20,Los Angeles,North Hollywood Station,True
820,direct,2019-03-05,06:40,Las Vegas,Union Plaza,1,36,Anaheim,Anaheim Bus Station,
821,direct,2019-03-05,07:00,Las Vegas,Union Plaza,1,37,Anaheim,Anaheim Bus Station,
822,direct,2019-03-05,11:30,Las Vegas,Union Plaza,1,35,Anaheim,Anaheim Bus Station,
823,direct,2019-03-05,18:10,Las Vegas,Union Plaza,1,37,Anaheim,Anaheim Bus Station,
824,direct,2019-03-05,06:40,Las Vegas,Union Plaza,2,36,Anaheim,Anaheim Bus Station,False
825,direct,2019-03-10,06:40,Las Vegas,Union Plaza,1,31,Anaheim,Anaheim Bus Station,
826,direct,2019-03-10,07:00,Las Vegas,Union Plaza,1,40,Anaheim,Anaheim Bus Station,
827,direct,2019-03-10,11:30,Las Vegas,Union Plaza,1,39,Anaheim,Anaheim Bus Station,
828,direct,2019-03-10,18:10,Las Vegas,Union Plaza,1,37,Anaheim,Anaheim Bus Station,
829,direct,2019-03-10,06:40,Las Vegas,Union Plaza,1,31,Anaheim,Anaheim Bus Station,False
830,direct,2019-03-08,14:50,Los Angeles,North Hollywood Station,4,14,Anaheim,Anaheim Bus Station,False
831,direct,2019-03-12,10:00,Long Beach,Downtown Station,2,47,San Francisco,Transbay Terminal,False
832,direct,2019-03-02,11:10,Los Angeles,North Hollywood Station,2,24,San Diego,El Cajon Bus Stop,False
833,direct,2019-03-09,12:30,Portland,SW Arthur & 1st,4,28,Seattle,Westlake Station,False
834,direct,2019-03-08,19:50,Long Beach,Downtown Station,3,12,Los Angeles,North Hollywood Station,False
835,direct,2019-03-06,10:10,Las Vegas,Union Plaza,4,46,Fresno,2660 Tulare St,False
836,direct,2019-03-11,15:30,Los Angeles,North Hollywood Station,3,13,Anaheim,Anaheim Bus Station,False
837,direct,2019-03-12,11:10,Philadelphia,10th and Filbert,3,32,Washington,Silver Spring Bus Stop,False
838,direct,2019-03-07,09:00,Fresno,2660 Tulare St,4,40,Long Beach,Downtown Station,False
839,direct,2019-03-04,08:10,Long Beach,Downtown Station,2,43,Fresno,2660 Tulare St,False
840,one-stop,2019-03-03,06:50,San Diego,El Cajon Bus Stop,2,75,Sacramento,65th Light Rail Station,True
841,direct,2019-03-06,14:20,San Diego,El Cajon Bus Stop,4,38,Los Angeles,North Hollywood Station,True
842,one-stop,2019-03-09,09:00,Las Vegas,Union Plaza,1,58,Sacramento,65th Light Rail Station,False
843,direct,2019-03-08,17:00,San Francisco,Transbay Terminal,3,48,Long Beach,Downtown Station,False
844,one-stop,2019-03-01,15:10,Sacramento,65th Light Rail Station,3,66,Long Beach,Downtown Station,False
845,direct,2019-03-10,19:30,San Francisco,Transbay Terminal,1,34,Fresno,2660 Tulare St,False
846,one-stop,2019-03-11,09:10,San Diego,El Cajon Bus Stop,3,64,Sacramento,65th Light Rail Station,False
847,direct,2019-03-01,15:10,Fresno,2660 Tulare St,3,47,Anaheim,Anaheim Bus Station,False
848,one-stop,2019-03-05,10:50,Sacramento,65th Light Rail Station,4,55,Anaheim,Anaheim Bus Station,False
849,direct,2019-03-07,10:30,San Diego,El Cajon Bus Stop,4,52,San Francisco,Transbay Terminal,False
850,direct,2019-03-11,11:10,San Francisco,Transbay Terminal,1,55,Long Beach,Downtown Station,True
851,direct,2019-03-01,11:50,San Francisco,Transbay Terminal,4,23,Sacramento,65th Light Rail Station,False
852,direct,2019-03-01,19:30,Long Beach,Downtown Station,4,12,Los Angeles,North Hollywood Station,False
853,direct,2019-03-11,12:30,Las Vegas,Union Plaza,1,49,San Francisco,Transbay Terminal,False
854,direct,2019-03-01,18:20,San Francisco,Transbay Terminal,3,42,Fresno,2660 Tulare St,True
855,direct,2019-03-04,12:20,Fresno,2660 Tulare St,1,35,Long Beach,Downtown Station,False
856,direct,2019-03-07,12:30,San Diego,El Cajon Bus Stop,4,30,Long Beach,Downtown Station,True
857,direct,2019-03-03,06:20,Fresno,2660 Tulare St,3,32,Sacramento,65th Light Rail Station,False
858,direct,2019-03-01,07:40,Los Angeles,North Hollywood Station,3,45,Fresno,2660 Tulare St,True
859,direct,2019-03-04,07:10,Portland,SW Arthur & 1st,1,46,Vancouver,Pacific Central Station,False
860,direct,2019-03-07,15:20,San Diego,El Cajon Bus Stop,2,22,Long Beach,Downtown Station,False
861,direct,2019-03-03,13:30,Fresno,2660 Tulare St,4,29,San Francisco,Transbay Terminal,False
862,one-stop,2019-03-02,06:30,San Diego,El Cajon Bus Stop,1,58,Sacramento,65th Light Rail Station,False
863,one-stop,2019-03-07,09:10,Anaheim,Anaheim Bus Station,1,57,Sacramento,65th Light Rail Station,False
864,direct,2019-03-08,13:10,Fresno,2660 Tulare St,4,35,Sacramento,65th Light Rail Station,False
865,direct,2019-03-05,18:50,Fresno,2660 Tulare St,2,39,Long Beach,Downtown Station,False
866,direct,2019-03-12,15:30,San Francisco,Transbay Terminal,4,45,Los Angeles,North Hollywood Station,False
867,direct,2019-03-05,10:50,Fresno,2660 Tulare St,4,30,San Francisco,Transbay Terminal,False
868,direct,2019-03-03,15:40,Vancouver,Pacific Central Station,4,24,Seattle,Westlake Station,False
869,direct,2019-03-10,10:30,Anaheim,Anaheim Bus Station,3,22,San Diego,El Cajon Bus Stop,False
870,direct,2019-03-07,07:40,San Francisco,Transbay Terminal,3,44,Long Beach,Downtown Station,False
871,one-stop,2019-03-11,13:00,Sacramento,65th Light Rail Station,3,65,Anaheim,Anaheim Bus Station,True
872,direct,2019-03-09,10:30,Anaheim,Anaheim Bus Station,3,21,San Diego,El Cajon Bus Stop,False
873,one-stop,2019-03-04,15:50,Long Beach,Downtown Station,2,55,Sacramento,65th Light Rail Station,True
874,direct,2019-03-04,15:30,San Francisco,Transbay Terminal,2,59,Las Vegas,Union Plaza,True
875,direct,2019-03-01,10:30,San Francisco,Transbay Terminal,1,45,Anaheim,Anaheim Bus Station,False
876,direct,2019-03-04,18:10,Fresno,2660 Tulare St,3,39,Anaheim,Anaheim Bus Station,False
877,direct,2019-03-01,06:00,Long Beach,Downtown Station,2,13,Los Angeles,North Hollywood Station,False
878,direct,2019-03-11,19:00,Los Angeles,North Hollywood Station,3,50,Sacramento,65th Light Rail Station,False
879,direct,2019-03-03,12:30,San Diego,El Cajon Bus Stop,2,32,Long Beach,Downtown Station,True
880,direct,2019-03-05,06:50,San Diego,El Cajon Bus Stop,1,41,Fresno,2660 Tulare St,
881,direct,2019-03-05,07:20,San Diego,El Cajon Bus Stop,1,52,Fresno,2660 Tulare St,
882,direct,2019-03-05,11:30,San Diego,El Cajon Bus Stop,1,44,Fresno,2660 Tulare St,
883,direct,2019-03-05,11:50,San Diego,El Cajon Bus Stop,1,49,Fresno,2660 Tulare St,
884,direct,2019-03-05,14:20,San Diego,El Cajon Bus Stop,1,48,Fresno,2660 Tulare St,
885,direct,2019-03-05,15:10,San Diego,El Cajon Bus Stop,1,49,Fresno,2660 Tulare St,
886,direct,2019-03-05,07:20,San Diego,El Cajon Bus Stop,4,52,Fresno,2660 Tulare St,False
887,direct,2019-03-13,06:50,San Diego,El Cajon Bus Stop,1,46,Fresno,2660 Tulare St,
888,direct,2019-03-13,07:20,San Diego,El Cajon Bus Stop,1,41,Fresno,2660 Tulare St,
889,direct,2019-03-13,11:30,San Diego,El Cajon Bus Stop,1,43,Fresno,2660 Tulare St,
890,direct,2019-03-13,11:50,San Diego,El Cajon Bus Stop,1,37,Fresno,2660 Tulare St,
891,direct,2019-03-13,14:20,San Diego,El Cajon Bus Stop,1,54,Fresno,2660 Tulare St,
892,direct,2019-03-13,15:10,San Diego,El Cajon Bus Stop,1,47,Fresno,2660 Tulare St,
893,direct,2019-03-13,06:50,San Diego,El Cajon Bus Stop,3,46,Fresno,2660 Tulare St,False
894,direct,2019-03-08,07:40,Los Angeles,North Hollywood Station,1,36,Fresno,2660 Tulare St,
895,direct,2019-03-08,08:20,Los Angeles,North Hollywood Station,1,38,Fresno,2660 Tulare St,
896,direct,2019-03-08,09:40,Los Angeles,North Hollywood Station,1,31,Fresno,2660 Tulare St,
897,direct,2019-03-08,12:40,Los Angeles,North Hollywood Station,1,34,Fresno,2660 Tulare St,
898,direct,2019-03-08,13:10,Los Angeles,North Hollywood Station,1,41,Fresno,2660 Tulare St,
899,direct,2019-03-08,16:30,Los Angeles,North Hollywood Station,1,35,Fresno,2660 Tulare St,
900,direct,2019-03-08,18:00,Los Angeles,North Hollywood Station,1,32,Fresno,2660 Tulare St,
901,direct,2019-03-08,18:20,Los Angeles,North Hollywood Station,1,39,Fresno,2660 Tulare St,
902,direct,2019-03-08,18:40,Los Angeles,North Hollywood Station,1,37,Fresno,2660 Tulare St,
903,direct,2019-03-08,07:40,Los Angeles,North Hollywood Station,3,44,Fresno,2660 Tulare St,True
904,direct,2019-03-07,07:00,San Francisco,Transbay Terminal,1,48,Long Beach,Downtown Station,
905,direct,2019-03-07,07:40,San Francisco,Transbay Terminal,1,44,Long Beach,Downtown Station,
906,direct,2019-03-07,09:10,San Francisco,Transbay Terminal,1,40,Long Beach,Downtown Station,
907,direct,2019-03-07,11:10,San Francisco,Transbay Terminal,1,52,Long Beach,Downtown Station,
908,direct,2019-03-07,13:00,San Francisco,Transbay Terminal,1,54,Long Beach,Downtown Station,
909,direct,2019-03-07,17:00,San Francisco,Transbay Terminal,1,54,Long Beach,Downtown Station,
910,direct,2019-03-07,19:50,San Francisco,Transbay Terminal,1,40,Long Beach,Downtown Station,
911,direct,2019-03-07,07:00,San Francisco,Transbay Terminal,4,48,Long Beach,Downtown Station,False
912,direct,2019-03-13,09:00,Philadelphia,10th and Filbert,1,22,New York,Penn Station,
913,direct,2019-03-13,10:10,Philadelphia,10th and Filbert,1,20,New York,Penn Station,
914,direct,2019-03-13,12:30,Philadelphia,10th and Filbert,1,22,New York,Penn Station,
915,direct,2019-03-13,13:10,Philadelphia,10th and Filbert,1,25,New York,Penn Station,
916,direct,2019-03-13,13:50,Philadelphia,10th and Filbert,1,21,New York,Penn Station,
917,direct,2019-03-13,18:00,Philadelphia,10th and Filbert,1,22,New York,Penn Station,
918,direct,2019-03-13,09:00,Philadelphia,10th and Filbert,4,22,New York,Penn Station,False
919,direct,2019-03-09,07:10,Fresno,2660 Tulare St,4,37,Las Vegas,Union Plaza,
920,direct,2019-03-09,07:40,Fresno,2660 Tulare St,4,41,Las Vegas,Union Plaza,
921,direct,2019-03-09,10:50,Fresno,2660 Tulare St,4,39,Las Vegas,Union Plaza,
922,direct,2019-03-09,12:20,Fresno,2660 Tulare St,4,37,Las Vegas,Union Plaza,
923,direct,2019-03-09,12:30,Fresno,2660 Tulare St,4,44,Las Vegas,Union Plaza,
924,direct,2019-03-09,13:10,Fresno,2660 Tulare St,4,41,Las Vegas,Union Plaza,
925,direct,2019-03-09,15:20,Fresno,2660 Tulare St,4,34,Las Vegas,Union Plaza,
926,direct,2019-03-09,15:50,Fresno,2660 Tulare St,4,44,Las Vegas,Union Plaza,
927,direct,2019-03-09,18:00,Fresno,2660 Tulare St,4,42,Las Vegas,Union Plaza,
928,direct,2019-03-09,18:10,Fresno,2660 Tulare St,4,42,Las Vegas,Union Plaza,
929,direct,2019-03-09,07:10,Fresno,2660 Tulare St,4,45,Las Vegas,Union Plaza,True
930,one-stop,2019-03-07,07:10,Sacramento,65th Light Rail Station,1,62,Las Vegas,Union Plaza,
931,one-stop,2019-03-07,07:40,Sacramento,65th Light Rail Station,1,62,Las Vegas,Union Plaza,
932,one-stop,2019-03-07,07:50,Sacramento,65th Light Rail Station,1,62,Las Vegas,Union Plaza,
933,one-stop,2019-03-07,10:50,Sacramento,65th Light Rail Station,1,58,Las Vegas,Union Plaza,
934,one-stop,2019-03-07,12:00,Sacramento,65th Light Rail Station,1,61,Las Vegas,Union Plaza,
935,one-stop,2019-03-07,12:10,Sacramento,65th Light Rail Station,1,53,Las Vegas,Union Plaza,
936,one-stop,2019-03-07,13:20,Sacramento,65th Light Rail Station,1,65,Las Vegas,Union Plaza,
937,one-stop,2019-03-07,15:10,Sacramento,65th Light Rail Station,1,54,Las Vegas,Union Plaza,
938,one-stop,2019-03-07,15:20,Sacramento,65th Light Rail Station,1,58,Las Vegas,Union Plaza,
939,one-stop,2019-03-07,16:20,Sacramento,65th Light Rail Station,1,64,Las Vegas,Union Plaza,
940,one-stop,2019-03-07,07:10,Sacramento,65th Light Rail Station,3,62,Las Vegas,Union Plaza,False
941,direct,2019-03-11,07:30,San Francisco,Transbay Terminal,1,54,Los Angeles,North Hollywood Station,
942,direct,2019-03-11,07:50,San Francisco,Transbay Terminal,1,45,Los Angeles,North Hollywood Station,
943,direct,2019-03-11,11:20,San Francisco,Transbay Terminal,1,51,Los Angeles,North Hollywood Station,
944,direct,2019-03-11,12:20,San Francisco,Transbay Terminal,1,49,Los Angeles,North Hollywood Station,
945,direct,2019-03-11,13:40,San Francisco,Transbay Terminal,1,51,Los Angeles,North Hollywood Station,
946,direct,2019-03-11,15:20,San Francisco,Transbay Terminal,1,47,Los Angeles,North Hollywood Station,
947,direct,2019-03-11,15:30,San Francisco,Transbay Terminal,1,52,Los Angeles,North Hollywood Station,
948,direct,2019-03-11,18:20,San Francisco,Transbay Terminal,1,49,Los Angeles,North Hollywood Station,
949,direct,2019-03-11,18:50,San Francisco,Transbay Terminal,1,47,Los Angeles,North Hollywood Station,
950,direct,2019-03-11,07:30,San Francisco,Transbay Terminal,4,54,Los Angeles,North Hollywood Station,False
951,direct,2019-03-06,06:50,San Diego,El Cajon Bus Stop,1,24,Long Beach,Downtown Station,
952,direct,2019-03-06,07:10,San Diego,El Cajon Bus Stop,1,24,Long Beach,Downtown Station,
953,direct,2019-03-06,08:30,San Diego,El Cajon Bus Stop,1,25,Long Beach,Downtown Station,
954,direct,2019-03-06,09:50,San Diego,El Cajon Bus Stop,1,25,Long Beach,Downtown Station,
955,direct,2019-03-06,10:10,San Diego,El Cajon Bus Stop,1,20,Long Beach,Downtown Station,
956,direct,2019-03-06,12:30,San Diego,El Cajon Bus Stop,1,23,Long Beach,Downtown Station,
957,direct,2019-03-06,15:20,San Diego,El Cajon Bus Stop,1,26,Long Beach,Downtown Station,
958,direct,2019-03-06,15:50,San Diego,El Cajon Bus Stop,1,24,Long Beach,Downtown Station,
959,direct,2019-03-06,16:10,San Diego,El Cajon Bus Stop,1,26,Long Beach,Downtown Station,
960,direct,2019-03-06,17:10,San Diego,El Cajon Bus Stop,1,22,Long Beach,Downtown Station,
961,direct,2019-03-06,07:10,San Diego,El Cajon Bus Stop,2,24,Long Beach,Downtown Station,False
962,direct,2019-03-04,07:10,Fresno,2660 Tulare St,1,42,Las Vegas,Union Plaza,
963,direct,2019-03-04,07:40,Fresno,2660 Tulare St,1,39,Las Vegas,Union Plaza,
964,direct,2019-03-04,10:50,Fresno,2660 Tulare St,1,36,Las Vegas,Union Plaza,
965,direct,2019-03-04,12:20,Fresno,2660 Tulare St,1,44,Las Vegas,Union Plaza,
966,direct,2019-03-04,12:30,Fresno,2660 Tulare St,1,39,Las Vegas,Union Plaza,
967,direct,2019-03-04,13:10,Fresno,2660 Tulare St,1,43,Las Vegas,Union Plaza,
968,direct,2019-03-04,15:20,Fresno,2660 Tulare St,1,49,Las Vegas,Union Plaza,
969,direct,2019-03-04,15:50,Fresno,2660 Tulare St,1,39,Las Vegas,Union Plaza,
970,direct,2019-03-04,18:00,Fresno,2660 Tulare St,1,39,Las Vegas,Union Plaza,
971,direct,2019-03-04,18:10,Fresno,2660 Tulare St,1,42,Las Vegas,Union Plaza,
972,direct,2019-03-04,07:10,Fresno,2660 Tulare St,1,42,Las Vegas,Union Plaza,False
973,direct,2019-03-05,06:00,Los Angeles,North Hollywood Station,1,13,Anaheim,Anaheim Bus Station,
974,direct,2019-03-05,06:40,Los Angeles,North Hollywood Station,1,12,Anaheim,Anaheim Bus Station,
975,direct,2019-03-05,09:20,Los Angeles,North Hollywood Station,1,12,Anaheim,Anaheim Bus Station,
976,direct,2019-03-05,10:40,Los Angeles,North Hollywood Station,1,14,Anaheim,Anaheim Bus Station,
977,direct,2019-03-05,11:30,Los Angeles,North Hollywood Station,1,12,Anaheim,Anaheim Bus Station,
978,direct,2019-03-05,14:00,Los Angeles,North Hollywood Station,1,13,Anaheim,Anaheim Bus Station,
979,direct,2019-03-05,14:50,Los Angeles,North Hollywood Station,1,12,Anaheim,Anaheim Bus Station,
980,direct,2019-03-05,15:00,Los Angeles,North Hollywood Station,1,13,Anaheim,Anaheim Bus Station,
981,direct,2019-03-05,15:30,Los Angeles,North Hollywood Station,1,14,Anaheim,Anaheim Bus Station,
982,direct,2019-03-05,15:40,Los Angeles,North Hollywood Station,1,13,Anaheim,Anaheim Bus Station,
983,direct,2019-03-05,06:40,Los Angeles,North Hollywood Station,1,12,Anaheim,Anaheim Bus Station,False
984,direct,2019-03-13,07:20,San Francisco,Transbay Terminal,1,51,Anaheim,Anaheim Bus Station,
985,direct,2019-03-13,08:50,San Francisco,Transbay Terminal,1,46,Anaheim,Anaheim Bus Station,
986,direct,2019-03-13,09:10,San Francisco,Transbay Terminal,1,48,Anaheim,Anaheim Bus Station,
987,direct,2019-03-13,10:30,San Francisco,Transbay Terminal,1,48,Anaheim,Anaheim Bus Station,
988,direct,2019-03-13,12:10,San Francisco,Transbay Terminal,1,46,Anaheim,Anaheim Bus Station,
989,direct,2019-03-13,16:10,San Francisco,Transbay Terminal,1,49,Anaheim,Anaheim Bus Station,
990,direct,2019-03-13,16:20,San Francisco,Transbay Terminal,1,49,Anaheim,Anaheim Bus Station,
991,direct,2019-03-13,16:40,San Francisco,Transbay Terminal,1,53,Anaheim,Anaheim Bus Station,
992,direct,2019-03-13,08:50,San Francisco,Transbay Terminal,1,46,Anaheim,Anaheim Bus Station,False
993,direct,2019-03-07,07:10,Vancouver,Pacific Central Station,1,44,Portland,SW Arthur & 1st,
994,direct,2019-03-07,08:40,Vancouver,Pacific Central Station,1,48,Portland,SW Arthur & 1st,
995,direct,2019-03-07,09:30,Vancouver,Pacific Central Station,1,44,Portland,SW Arthur & 1st,
996,direct,2019-03-07,11:50,Vancouver,Pacific Central Station,1,39,Portland,SW Arthur & 1st,
997,direct,2019-03-07,14:10,Vancouver,Pacific Central Station,1,41,Portland,SW Arthur & 1st,
998,direct,2019-03-07,14:30,Vancouver,Pacific Central Station,1,36,Portland,SW Arthur & 1st,
999,direct,2019-03-07,17:00,Vancouver,Pacific Central Station,1,39,Portland,SW Arthur & 1st,
1000,direct,2019-03-07,19:00,Vancouver,Pacific Central Station,1,47,Portland,SW Arthur & 1st,
1001,direct,2019-03-07,07:10,Vancouver,Pacific Central Station,2,44,Portland,SW Arthur & 1st,False
1002,direct,2019-03-14,06:20,Long Beach,Downtown Station,3,38,San Francisco,Transbay Terminal,
1003,direct,2019-03-14,10:00,Long Beach,Downtown Station,3,42,San Francisco,Transbay Terminal,
1004,direct,2019-03-14,10:40,Long Beach,Downtown Station,3,48,San Francisco,Transbay Terminal,
1005,direct,2019-03-14,13:40,Long Beach,Downtown Station,3,43,San Francisco,Transbay Terminal,
1006,direct,2019-03-14,15:30,Long Beach,Downtown Station,3,46,San Francisco,Transbay Terminal,
1007,direct,2019-03-14,16:40,Long Beach,Downtown Station,3,48,San Francisco,Transbay Terminal,
1008,direct,2019-03-14,19:20,Long Beach,Downtown Station,3,48,San Francisco,Transbay Terminal,
1009,direct,2019-03-14,06:20,Long Beach,Downtown Station,3,46,San Francisco,Transbay Terminal,True
1010,direct,2019-03-08,07:10,Fresno,2660 Tulare St,1,39,Las Vegas,Union Plaza,
1011,direct,2019-03-08,07:40,Fresno,2660 Tulare St,1,38,Las Vegas,Union Plaza,
1012,direct,2019-03-08,10:50,Fresno,2660 Tulare St,1,45,Las Vegas,Union Plaza,
1013,direct,2019-03-08,12:20,Fresno,2660 Tulare St,1,39,Las Vegas,Union Plaza,
1014,direct,2019-03-08,12:30,Fresno,2660 Tulare St,1,39,Las Vegas,Union Plaza,
1015,direct,2019-03-08,13:10,Fresno,2660 Tulare St,1,41,Las Vegas,Union Plaza,
1016,direct,2019-03-08,15:20,Fresno,2660 Tulare St,1,42,Las Vegas,Union Plaza,
1017,direct,2019-03-08,15:50,Fresno,2660 Tulare St,1,37,Las Vegas,Union Plaza,
1018,direct,2019-03-08,18:00,Fresno,2660 Tulare St,1,47,Las Vegas,Union Plaza,
1019,direct,2019-03-08,18:10,Fresno,2660 Tulare St,1,40,Las Vegas,Union Plaza,
1020,direct,2019-03-08,07:40,Fresno,2660 Tulare St,3,38,Las Vegas,Union Plaza,False
1021,direct,2019-03-09,07:40,Sacramento,65th Light Rail Station,4,51,Los Angeles,North Hollywood Station,
1022,direct,2019-03-09,09:40,Sacramento,65th Light Rail Station,4,48,Los Angeles,North Hollywood Station,
1023,direct,2019-03-09,13:20,Sacramento,65th Light Rail Station,4,50,Los Angeles,North Hollywood Station,
1024,direct,2019-03-09,07:40,Sacramento,65th Light Rail Station,4,51,Los Angeles,North Hollywood Station,False
1025,direct,2019-03-13,06:50,Anaheim,Anaheim Bus Station,3,37,Las Vegas,Union Plaza,
1026,direct,2019-03-13,08:10,Anaheim,Anaheim Bus Station,3,37,Las Vegas,Union Plaza,
1027,direct,2019-03-13,08:30,Anaheim,Anaheim Bus Station,3,40,Las Vegas,Union Plaza,
1028,direct,2019-03-13,19:50,Anaheim,Anaheim Bus Station,3,42,Las Vegas,Union Plaza,
1029,direct,2019-03-08,06:50,Anaheim,Anaheim Bus Station,3,41,Las Vegas,Union Plaza,
1030,direct,2019-03-08,08:10,Anaheim,Anaheim Bus Station,3,38,Las Vegas,Union Plaza,
1031,direct,2019-03-08,08:30,Anaheim,Anaheim Bus Station,3,38,Las Vegas,Union Plaza,
1032,direct,2019-03-08,19:50,Anaheim,Anaheim Bus Station,3,37,Las Vegas,Union Plaza,
1033,direct,2019-03-08,08:30,Anaheim,Anaheim Bus Station,3,38,Las Vegas,Union Plaza,False
1034,direct,2019-03-01,07:40,Sacramento,65th Light Rail Station,1,22,San Francisco,Transbay Terminal,
1035,direct,2019-03-01,07:50,Sacramento,65th Light Rail Station,1,24,San Francisco,Transbay Terminal,
1036,direct,2019-03-01,09:40,Sacramento,65th Light Rail Station,1,24,San Francisco,Transbay Terminal,
1037,direct,2019-03-01,12:10,Sacramento,65th Light Rail Station,1,20,San Francisco,Transbay Terminal,
1038,direct,2019-03-01,12:20,Sacramento,65th Light Rail Station,1,22,San Francisco,Transbay Terminal,
1039,direct,2019-03-01,13:00,Sacramento,65th Light Rail Station,1,25,San Francisco,Transbay Terminal,
1040,direct,2019-03-01,15:10,Sacramento,65th Light Rail Station,1,24,San Francisco,Transbay Terminal,
1041,direct,2019-03-01,15:20,Sacramento,65th Light Rail Station,1,23,San Francisco,Transbay Terminal,
1042,direct,2019-03-01,16:20,Sacramento,65th Light Rail Station,1,21,San Francisco,Transbay Terminal,
1043,direct,2019-03-01,16:40,Sacramento,65th Light Rail Station,1,20,San Francisco,Transbay Terminal,
1044,direct,2019-03-01,07:40,Sacramento,65th Light Rail Station,1,22,San Francisco,Transbay Terminal,False
1045,direct,2019-03-07,07:00,Portland,SW Arthur & 1st,1,28,Seattle,Westlake Station,
1046,direct,2019-03-07,11:20,Portland,SW Arthur & 1st,1,30,Seattle,Westlake Station,
1047,direct,2019-03-07,11:50,Portland,SW Arthur & 1st,1,32,Seattle,Westlake Station,
1048,direct,2019-03-07,12:20,Portland,SW Arthur & 1st,1,32,Seattle,Westlake Station,
1049,direct,2019-03-07,12:30,Portland,SW Arthur & 1st,1,30,Seattle,Westlake Station,
1050,direct,2019-03-07,12:40,Portland,SW Arthur & 1st,1,32,Seattle,Westlake Station,
1051,direct,2019-03-07,16:10,Portland,SW Arthur & 1st,1,34,Seattle,Westlake Station,
1052,direct,2019-03-07,17:30,Portland,SW Arthur & 1st,1,28,Seattle,Westlake Station,
1053,direct,2019-03-07,18:30,Portland,SW Arthur & 1st,1,30,Seattle,Westlake Station,
1054,direct,2019-03-07,19:00,Portland,SW Arthur & 1st,1,31,Seattle,Westlake Station,
1055,direct,2019-03-07,07:00,Portland,SW Arthur & 1st,2,28,Seattle,Westlake Station,False
1056,direct,2019-03-14,09:00,Philadelphia,10th and Filbert,1,23,New York,Penn Station,
1057,direct,2019-03-14,10:10,Philadelphia,10th and Filbert,1,22,New York,Penn Station,
1058,direct,2019-03-14,12:30,Philadelphia,10th and Filbert,1,21,New York,Penn Station,
1059,direct,2019-03-14,13:10,Philadelphia,10th and Filbert,1,22,New York,Penn Station,
1060,direct,2019-03-14,13:50,Philadelphia,10th and Filbert,1,21,New York,Penn Station,
1061,direct,2019-03-14,18:00,Philadelphia,10th and Filbert,1,23,New York,Penn Station,
1062,direct,2019-03-14,10:10,Philadelphia,10th and Filbert,3,22,New York,Penn Station,False
1063,direct,2019-03-07,07:30,Seattle,Westlake Station,1,33,Portland,SW Arthur & 1st,
1064,direct,2019-03-07,09:00,Seattle,Westlake Station,1,31,Portland,SW Arthur & 1st,
1065,direct,2019-03-07,09:20,Seattle,Westlake Station,1,32,Portland,SW Arthur & 1st,
1066,direct,2019-03-07,09:30,Seattle,Westlake Station,1,30,Portland,SW Arthur & 1st,
1067,direct,2019-03-07,09:50,Seattle,Westlake Station,1,30,Portland,SW Arthur & 1st,
1068,direct,2019-03-07,12:10,Seattle,Westlake Station,1,33,Portland,SW Arthur & 1st,
1069,direct,2019-03-07,12:20,Seattle,Westlake Station,1,31,Portland,SW Arthur & 1st,
1070,direct,2019-03-07,18:30,Seattle,Westlake Station,1,32,Portland,SW Arthur & 1st,
1071,direct,2019-03-07,07:30,Seattle,Westlake Station,2,33,Portland,SW Arthur & 1st,False
1072,direct,2019-03-03,06:50,Los Angeles,North Hollywood Station,1,11,Long Beach,Downtown Station,
1073,direct,2019-03-03,08:20,Los Angeles,North Hollywood Station,1,12,Long Beach,Downtown Station,
1074,direct,2019-03-03,11:20,Los Angeles,North Hollywood Station,1,9,Long Beach,Downtown Station,
1075,direct,2019-03-03,12:10,Los Angeles,North Hollywood Station,1,13,Long Beach,Downtown Station,
1076,direct,2019-03-03,12:50,Los Angeles,North Hollywood Station,1,12,Long Beach,Downtown Station,
1077,direct,2019-03-03,13:30,Los Angeles,North Hollywood Station,1,11,Long Beach,Downtown Station,
1078,direct,2019-03-03,13:40,Los Angeles,North Hollywood Station,1,13,Long Beach,Downtown Station,
1079,direct,2019-03-03,14:00,Los Angeles,North Hollywood Station,1,12,Long Beach,Downtown Station,
1080,direct,2019-03-03,14:40,Los Angeles,North Hollywood Station,1,12,Long Beach,Downtown Station,
1081,direct,2019-03-03,15:20,Los Angeles,North Hollywood Station,1,11,Long Beach,Downtown Station,
1082,direct,2019-03-03,06:50,Los Angeles,North Hollywood Station,3,11,Long Beach,Downtown Station,False
1083,direct,2019-03-10,06:40,Los Angeles,North Hollywood Station,1,47,San Francisco,Transbay Terminal,
1084,direct,2019-03-10,07:30,Los Angeles,North Hollywood Station,1,48,San Francisco,Transbay Terminal,
1085,direct,2019-03-10,08:40,Los Angeles,North Hollywood Station,1,52,San Francisco,Transbay Terminal,
1086,direct,2019-03-10,09:00,Los Angeles,North Hollywood Station,1,41,San Francisco,Transbay Terminal,
1087,direct,2019-03-10,10:40,Los Angeles,North Hollywood Station,1,49,San Francisco,Transbay Terminal,
1088,direct,2019-03-10,11:40,Los Angeles,North Hollywood Station,1,52,San Francisco,Transbay Terminal,
1089,direct,2019-03-10,13:00,Los Angeles,North Hollywood Station,1,47,San Francisco,Transbay Terminal,
1090,direct,2019-03-10,13:10,Los Angeles,North Hollywood Station,1,48,San Francisco,Transbay Terminal,
1091,direct,2019-03-10,17:50,Los Angeles,North Hollywood Station,1,44,San Francisco,Transbay Terminal,
1092,direct,2019-03-10,18:00,Los Angeles,North Hollywood Station,1,43,San Francisco,Transbay Terminal,
1093,direct,2019-03-10,06:40,Los Angeles,North Hollywood Station,2,47,San Francisco,Transbay Terminal,False
1094,one-stop,2019-03-06,06:30,San Diego,El Cajon Bus Stop,1,58,Sacramento,65th Light Rail Station,
1095,one-stop,2019-03-06,06:50,San Diego,El Cajon Bus Stop,1,62,Sacramento,65th Light Rail Station,
1096,one-stop,2019-03-06,07:20,San Diego,El Cajon Bus Stop,1,64,Sacramento,65th Light Rail Station,
1097,one-stop,2019-03-06,09:10,San Diego,El Cajon Bus Stop,1,65,Sacramento,65th Light Rail Station,
1098,one-stop,2019-03-06,10:30,San Diego,El Cajon Bus Stop,1,58,Sacramento,65th Light Rail Station,
1099,one-stop,2019-03-06,11:30,San Diego,El Cajon Bus Stop,1,64,Sacramento,65th Light Rail Station,
1100,one-stop,2019-03-06,11:50,San Diego,El Cajon Bus Stop,1,62,Sacramento,65th Light Rail Station,
1101,one-stop,2019-03-06,14:20,San Diego,El Cajon Bus Stop,1,61,Sacramento,65th Light Rail Station,
1102,one-stop,2019-03-06,16:00,San Diego,El Cajon Bus Stop,1,59,Sacramento,65th Light Rail Station,
1103,one-stop,2019-03-06,18:10,San Diego,El Cajon Bus Stop,1,58,Sacramento,65th Light Rail Station,
1104,one-stop,2019-03-06,06:30,San Diego,El Cajon Bus Stop,1,58,Sacramento,65th Light Rail Station,False
1105,direct,2019-03-14,06:00,Long Beach,Downtown Station,1,11,Los Angeles,North Hollywood Station,
1106,direct,2019-03-14,06:20,Long Beach,Downtown Station,1,12,Los Angeles,North Hollywood Station,
1107,direct,2019-03-14,06:50,Long Beach,Downtown Station,1,12,Los Angeles,North Hollywood Station,
1108,direct,2019-03-14,08:10,Long Beach,Downtown Station,1,11,Los Angeles,North Hollywood Station,
1109,direct,2019-03-14,08:20,Long Beach,Downtown Station,1,13,Los Angeles,North Hollywood Station,
1110,direct,2019-03-14,09:40,Long Beach,Downtown Station,1,11,Los Angeles,North Hollywood Station,
1111,direct,2019-03-14,09:50,Long Beach,Downtown Station,1,11,Los Angeles,North Hollywood Station,
1112,direct,2019-03-14,11:00,Long Beach,Downtown Station,1,10,Los Angeles,North Hollywood Station,
1113,direct,2019-03-14,12:20,Long Beach,Downtown Station,1,11,Los Angeles,North Hollywood Station,
1114,direct,2019-03-14,13:00,Long Beach,Downtown Station,1,13,Los Angeles,North Hollywood Station,
1115,direct,2019-03-14,06:00,Long Beach,Downtown Station,2,11,Los Angeles,North Hollywood Station,
1116,direct,2019-03-14,06:20,Long Beach,Downtown Station,2,12,Los Angeles,North Hollywood Station,
1117,direct,2019-03-14,06:50,Long Beach,Downtown Station,2,12,Los Angeles,North Hollywood Station,
1118,direct,2019-03-14,08:10,Long Beach,Downtown Station,2,11,Los Angeles,North Hollywood Station,
1119,direct,2019-03-14,08:20,Long Beach,Downtown Station,2,13,Los Angeles,North Hollywood Station,
1120,direct,2019-03-14,09:40,Long Beach,Downtown Station,2,11,Los Angeles,North Hollywood Station,
1121,direct,2019-03-14,09:50,Long Beach,Downtown Station,2,11,Los Angeles,North Hollywood Station,
1122,direct,2019-03-14,11:00,Long Beach,Downtown Station,2,10,Los Angeles,North Hollywood Station,
1123,direct,2019-03-14,12:20,Long Beach,Downtown Station,2,11,Los Angeles,North Hollywood Station,
1124,direct,2019-03-14,06:50,Long Beach,Downtown Station,2,12,Los Angeles,North Hollywood Station,False
1125,one-stop,2019-03-02,07:40,Sacramento,65th Light Rail Station,1,65,Long Beach,Downtown Station,False
1126,direct,2019-03-07,06:50,Long Beach,Downtown Station,1,24,San Diego,El Cajon Bus Stop,
1127,direct,2019-03-07,07:30,Long Beach,Downtown Station,1,25,San Diego,El Cajon Bus Stop,
1128,direct,2019-03-07,07:50,Long Beach,Downtown Station,1,23,San Diego,El Cajon Bus Stop,
1129,direct,2019-03-07,08:40,Long Beach,Downtown Station,1,21,San Diego,El Cajon Bus Stop,
1130,direct,2019-03-07,09:30,Long Beach,Downtown Station,1,22,San Diego,El Cajon Bus Stop,
1131,direct,2019-03-07,15:20,Long Beach,Downtown Station,1,22,San Diego,El Cajon Bus Stop,
1132,direct,2019-03-07,16:10,Long Beach,Downtown Station,1,27,San Diego,El Cajon Bus Stop,
1133,direct,2019-03-07,17:50,Long Beach,Downtown Station,1,26,San Diego,El Cajon Bus Stop,
1134,direct,2019-03-07,18:10,Long Beach,Downtown Station,1,30,San Diego,El Cajon Bus Stop,
1135,direct,2019-03-07,06:50,Long Beach,Downtown Station,2,24,San Diego,El Cajon Bus Stop,False
1136,direct,2019-03-05,07:20,Las Vegas,Union Plaza,1,41,Fresno,2660 Tulare St,
1137,direct,2019-03-05,09:00,Las Vegas,Union Plaza,1,44,Fresno,2660 Tulare St,
1138,direct,2019-03-05,10:10,Las Vegas,Union Plaza,1,45,Fresno,2660 Tulare St,
1139,direct,2019-03-05,12:10,Las Vegas,Union Plaza,1,37,Fresno,2660 Tulare St,
1140,direct,2019-03-05,14:10,Las Vegas,Union Plaza,1,38,Fresno,2660 Tulare St,
1141,direct,2019-03-05,14:40,Las Vegas,Union Plaza,1,43,Fresno,2660 Tulare St,
1142,direct,2019-03-05,15:30,Las Vegas,Union Plaza,1,42,Fresno,2660 Tulare St,
1143,direct,2019-03-05,18:00,Las Vegas,Union Plaza,1,36,Fresno,2660 Tulare St,
1144,direct,2019-03-05,18:30,Las Vegas,Union Plaza,1,36,Fresno,2660 Tulare St,
1145,direct,2019-03-05,18:40,Las Vegas,Union Plaza,1,39,Fresno,2660 Tulare St,
1146,direct,2019-03-05,07:20,Las Vegas,Union Plaza,2,41,Fresno,2660 Tulare St,False
1147,direct,2019-03-08,06:40,Las Vegas,Union Plaza,1,32,Anaheim,Anaheim Bus Station,
1148,direct,2019-03-08,07:00,Las Vegas,Union Plaza,1,40,Anaheim,Anaheim Bus Station,
1149,direct,2019-03-08,11:30,Las Vegas,Union Plaza,1,39,Anaheim,Anaheim Bus Station,
1150,direct,2019-03-08,18:10,Las Vegas,Union Plaza,1,32,Anaheim,Anaheim Bus Station,
1151,direct,2019-03-08,06:40,Las Vegas,Union Plaza,4,32,Anaheim,Anaheim Bus Station,False
1152,direct,2019-03-04,06:50,Fresno,2660 Tulare St,1,49,San Diego,El Cajon Bus Stop,
1153,direct,2019-03-04,08:20,Fresno,2660 Tulare St,1,46,San Diego,El Cajon Bus Stop,
1154,direct,2019-03-04,09:30,Fresno,2660 Tulare St,1,44,San Diego,El Cajon Bus Stop,
1155,direct,2019-03-04,13:50,Fresno,2660 Tulare St,1,45,San Diego,El Cajon Bus Stop,
1156,direct,2019-03-04,16:20,Fresno,2660 Tulare St,1,41,San Diego,El Cajon Bus Stop,
1157,direct,2019-03-04,16:30,Fresno,2660 Tulare St,1,50,San Diego,El Cajon Bus Stop,
1158,direct,2019-03-04,06:50,Fresno,2660 Tulare St,2,49,San Diego,El Cajon Bus Stop,False
1159,direct,2019-03-03,07:00,San Francisco,Transbay Terminal,1,47,Long Beach,Downtown Station,
1160,direct,2019-03-03,07:40,San Francisco,Transbay Terminal,1,44,Long Beach,Downtown Station,
1161,direct,2019-03-03,09:10,San Francisco,Transbay Terminal,1,46,Long Beach,Downtown Station,
1162,direct,2019-03-03,11:10,San Francisco,Transbay Terminal,1,54,Long Beach,Downtown Station,
1163,direct,2019-03-03,13:00,San Francisco,Transbay Terminal,1,52,Long Beach,Downtown Station,
1164,direct,2019-03-03,17:00,San Francisco,Transbay Terminal,1,52,Long Beach,Downtown Station,
1165,direct,2019-03-03,19:50,San Francisco,Transbay Terminal,1,53,Long Beach,Downtown Station,
1166,direct,2019-03-03,07:00,San Francisco,Transbay Terminal,3,47,Long Beach,Downtown Station,False
1167,direct,2019-03-13,07:20,San Diego,El Cajon Bus Stop,3,21,Anaheim,Anaheim Bus Station,
1168,direct,2019-03-13,08:20,San Diego,El Cajon Bus Stop,3,22,Anaheim,Anaheim Bus Station,
1169,direct,2019-03-13,09:10,San Diego,El Cajon Bus Stop,3,25,Anaheim,Anaheim Bus Station,
1170,direct,2019-03-13,09:40,San Diego,El Cajon Bus Stop,3,23,Anaheim,Anaheim Bus Station,
1171,direct,2019-03-13,10:00,San Diego,El Cajon Bus Stop,3,21,Anaheim,Anaheim Bus Station,
1172,direct,2019-03-13,15:20,San Diego,El Cajon Bus Stop,3,23,Anaheim,Anaheim Bus Station,
1173,direct,2019-03-13,18:40,San Diego,El Cajon Bus Stop,3,25,Anaheim,Anaheim Bus Station,
1174,direct,2019-03-13,19:10,San Diego,El Cajon Bus Stop,3,24,Anaheim,Anaheim Bus Station,
1175,direct,2019-03-13,08:20,San Diego,El Cajon Bus Stop,3,22,Anaheim,Anaheim Bus Station,False
1176,direct,2019-03-01,06:20,Fresno,2660 Tulare St,1,31,Sacramento,65th Light Rail Station,False
1177,direct,2019-03-07,06:30,San Diego,El Cajon Bus Stop,1,59,San Francisco,Transbay Terminal,
1178,direct,2019-03-07,07:20,San Diego,El Cajon Bus Stop,1,60,San Francisco,Transbay Terminal,
1179,direct,2019-03-07,09:10,San Diego,El Cajon Bus Stop,1,51,San Francisco,Transbay Terminal,
1180,direct,2019-03-07,10:30,San Diego,El Cajon Bus Stop,1,52,San Francisco,Transbay Terminal,
1181,direct,2019-03-07,13:20,San Diego,El Cajon Bus Stop,1,59,San Francisco,Transbay Terminal,
1182,direct,2019-03-07,14:50,San Diego,El Cajon Bus Stop,1,48,San Francisco,Transbay Terminal,
1183,direct,2019-03-07,06:30,San Diego,El Cajon Bus Stop,3,59,San Francisco,Transbay Terminal,
1184,direct,2019-03-07,07:20,San Diego,El Cajon Bus Stop,3,60,San Francisco,Transbay Terminal,
1185,direct,2019-03-07,09:10,San Diego,El Cajon Bus Stop,3,51,San Francisco,Transbay Terminal,
1186,direct,2019-03-07,10:30,San Diego,El Cajon Bus Stop,3,52,San Francisco,Transbay Terminal,
1187,direct,2019-03-07,13:20,San Diego,El Cajon Bus Stop,3,59,San Francisco,Transbay Terminal,
1188,direct,2019-03-07,14:50,San Diego,El Cajon Bus Stop,3,48,San Francisco,Transbay Terminal,
1189,direct,2019-03-07,07:20,San Diego,El Cajon Bus Stop,3,60,San Francisco,Transbay Terminal,False
1190,direct,2019-03-14,07:20,San Diego,El Cajon Bus Stop,1,27,Anaheim,Anaheim Bus Station,
1191,direct,2019-03-14,08:20,San Diego,El Cajon Bus Stop,1,21,Anaheim,Anaheim Bus Station,
1192,direct,2019-03-14,09:10,San Diego,El Cajon Bus Stop,1,23,Anaheim,Anaheim Bus Station,
1193,direct,2019-03-14,09:40,San Diego,El Cajon Bus Stop,1,27,Anaheim,Anaheim Bus Station,
1194,direct,2019-03-14,10:00,San Diego,El Cajon Bus Stop,1,25,Anaheim,Anaheim Bus Station,
1195,direct,2019-03-14,15:20,San Diego,El Cajon Bus Stop,1,26,Anaheim,Anaheim Bus Station,
1196,direct,2019-03-14,18:40,San Diego,El Cajon Bus Stop,1,24,Anaheim,Anaheim Bus Station,
1197,direct,2019-03-14,19:10,San Diego,El Cajon Bus Stop,1,26,Anaheim,Anaheim Bus Station,
1198,direct,2019-03-14,07:20,San Diego,El Cajon Bus Stop,1,27,Anaheim,Anaheim Bus Station,False
1199,direct,2019-03-02,06:30,San Diego,El Cajon Bus Stop,1,49,San Francisco,Transbay Terminal,
1200,direct,2019-03-02,07:20,San Diego,El Cajon Bus Stop,1,53,San Francisco,Transbay Terminal,
1201,direct,2019-03-02,09:10,San Diego,El Cajon Bus Stop,1,53,San Francisco,Transbay Terminal,
1202,direct,2019-03-02,10:30,San Diego,El Cajon Bus Stop,1,52,San Francisco,Transbay Terminal,
1203,direct,2019-03-02,13:20,San Diego,El Cajon Bus Stop,1,59,San Francisco,Transbay Terminal,
1204,direct,2019-03-02,14:50,San Diego,El Cajon Bus Stop,1,55,San Francisco,Transbay Terminal,
1205,direct,2019-03-02,06:30,San Diego,El Cajon Bus Stop,4,57,San Francisco,Transbay Terminal,True
1206,direct,2019-03-12,10:50,Fresno,2660 Tulare St,1,27,San Francisco,Transbay Terminal,
1207,direct,2019-03-12,12:40,Fresno,2660 Tulare St,1,34,San Francisco,Transbay Terminal,
1208,direct,2019-03-12,13:10,Fresno,2660 Tulare St,1,32,San Francisco,Transbay Terminal,
1209,direct,2019-03-12,13:30,Fresno,2660 Tulare St,1,32,San Francisco,Transbay Terminal,
1210,direct,2019-03-12,14:20,Fresno,2660 Tulare St,1,31,San Francisco,Transbay Terminal,
1211,direct,2019-03-12,14:40,Fresno,2660 Tulare St,1,36,San Francisco,Transbay Terminal,
1212,direct,2019-03-12,16:10,Fresno,2660 Tulare St,1,37,San Francisco,Transbay Terminal,
1213,direct,2019-03-12,19:40,Fresno,2660 Tulare St,1,38,San Francisco,Transbay Terminal,
1214,direct,2019-03-12,10:50,Fresno,2660 Tulare St,3,27,San Francisco,Transbay Terminal,False
1215,direct,2019-03-04,06:40,Las Vegas,Union Plaza,1,35,Anaheim,Anaheim Bus Station,
1216,direct,2019-03-04,07:00,Las Vegas,Union Plaza,1,39,Anaheim,Anaheim Bus Station,
1217,direct,2019-03-04,11:30,Las Vegas,Union Plaza,1,38,Anaheim,Anaheim Bus Station,
1218,direct,2019-03-04,18:10,Las Vegas,Union Plaza,1,32,Anaheim,Anaheim Bus Station,
1219,direct,2019-03-04,06:40,Las Vegas,Union Plaza,2,35,Anaheim,Anaheim Bus Station,False
1220,direct,2019-03-04,06:20,Washington,Silver Spring Bus Stop,1,36,New York,Penn Station,
1221,direct,2019-03-04,12:10,Washington,Silver Spring Bus Stop,1,39,New York,Penn Station,
1222,direct,2019-03-04,13:30,Washington,Silver Spring Bus Stop,1,32,New York,Penn Station,
1223,direct,2019-03-04,15:50,Washington,Silver Spring Bus Stop,1,33,New York,Penn Station,
1224,direct,2019-03-04,17:00,Washington,Silver Spring Bus Stop,1,34,New York,Penn Station,
1225,direct,2019-03-04,18:10,Washington,Silver Spring Bus Stop,1,37,New York,Penn Station,
1226,direct,2019-03-04,19:10,Washington,Silver Spring Bus Stop,1,39,New York,Penn Station,
1227,direct,2019-03-04,06:20,Washington,Silver Spring Bus Stop,4,36,New York,Penn Station,False
1228,direct,2019-03-02,06:00,Long Beach,Downtown Station,1,12,Los Angeles,North Hollywood Station,
1229,direct,2019-03-02,06:20,Long Beach,Downtown Station,1,11,Los Angeles,North Hollywood Station,
1230,direct,2019-03-02,06:50,Long Beach,Downtown Station,1,12,Los Angeles,North Hollywood Station,
1231,direct,2019-03-02,08:10,Long Beach,Downtown Station,1,11,Los Angeles,North Hollywood Station,
1232,direct,2019-03-02,08:20,Long Beach,Downtown Station,1,11,Los Angeles,North Hollywood Station,
1233,direct,2019-03-02,09:40,Long Beach,Downtown Station,1,11,Los Angeles,North Hollywood Station,
1234,direct,2019-03-02,09:50,Long Beach,Downtown Station,1,12,Los Angeles,North Hollywood Station,
1235,direct,2019-03-02,11:00,Long Beach,Downtown Station,1,11,Los Angeles,North Hollywood Station,
1236,direct,2019-03-02,12:20,Long Beach,Downtown Station,1,10,Los Angeles,North Hollywood Station,
1237,direct,2019-03-02,13:00,Long Beach,Downtown Station,1,12,Los Angeles,North Hollywood Station,
1238,direct,2019-03-02,06:00,Long Beach,Downtown Station,1,12,Los Angeles,North Hollywood Station,False
1239,direct,2019-03-06,13:50,Fresno,2660 Tulare St,1,38,Anaheim,Anaheim Bus Station,
1240,direct,2019-03-06,14:20,Fresno,2660 Tulare St,1,38,Anaheim,Anaheim Bus Station,
1241,direct,2019-03-06,15:10,Fresno,2660 Tulare St,1,31,Anaheim,Anaheim Bus Station,
1242,direct,2019-03-06,18:10,Fresno,2660 Tulare St,1,41,Anaheim,Anaheim Bus Station,
1243,direct,2019-03-06,13:50,Fresno,2660 Tulare St,1,38,Anaheim,Anaheim Bus Station,False
1244,direct,2019-03-03,06:50,Los Angeles,North Hollywood Station,1,22,San Diego,El Cajon Bus Stop,
1245,direct,2019-03-03,08:10,Los Angeles,North Hollywood Station,1,27,San Diego,El Cajon Bus Stop,
1246,direct,2019-03-03,08:50,Los Angeles,North Hollywood Station,1,26,San Diego,El Cajon Bus Stop,
1247,direct,2019-03-03,10:30,Los Angeles,North Hollywood Station,1,26,San Diego,El Cajon Bus Stop,
1248,direct,2019-03-03,10:40,Los Angeles,North Hollywood Station,1,25,San Diego,El Cajon Bus Stop,
1249,direct,2019-03-03,11:10,Los Angeles,North Hollywood Station,1,27,San Diego,El Cajon Bus Stop,
1250,direct,2019-03-03,12:10,Los Angeles,North Hollywood Station,1,25,San Diego,El Cajon Bus Stop,
1251,direct,2019-03-03,13:20,Los Angeles,North Hollywood Station,1,25,San Diego,El Cajon Bus Stop,
1252,direct,2019-03-03,14:00,Los Angeles,North Hollywood Station,1,27,San Diego,El Cajon Bus Stop,
1253,direct,2019-03-03,14:30,Los Angeles,North Hollywood Station,1,32,San Diego,El Cajon Bus Stop,
1254,direct,2019-03-03,06:50,Los Angeles,North Hollywood Station,2,22,San Diego,El Cajon Bus Stop,False
1255,direct,2019-03-08,06:40,Los Angeles,North Hollywood Station,3,47,San Francisco,Transbay Terminal,
1256,direct,2019-03-08,07:30,Los Angeles,North Hollywood Station,3,50,San Francisco,Transbay Terminal,
1257,direct,2019-03-08,08:40,Los Angeles,North Hollywood Station,3,48,San Francisco,Transbay Terminal,
1258,direct,2019-03-08,09:00,Los Angeles,North Hollywood Station,3,44,San Francisco,Transbay Terminal,
1259,direct,2019-03-08,10:40,Los Angeles,North Hollywood Station,3,57,San Francisco,Transbay Terminal,
1260,direct,2019-03-08,11:40,Los Angeles,North Hollywood Station,3,44,San Francisco,Transbay Terminal,
1261,direct,2019-03-08,13:00,Los Angeles,North Hollywood Station,3,53,San Francisco,Transbay Terminal,
1262,direct,2019-03-08,13:10,Los Angeles,North Hollywood Station,3,51,San Francisco,Transbay Terminal,
1263,direct,2019-03-08,17:50,Los Angeles,North Hollywood Station,3,46,San Francisco,Transbay Terminal,
1264,direct,2019-03-08,18:00,Los Angeles,North Hollywood Station,3,49,San Francisco,Transbay Terminal,
1265,direct,2019-03-08,06:40,Los Angeles,North Hollywood Station,3,47,San Francisco,Transbay Terminal,False
1266,direct,2019-03-07,07:30,San Francisco,Transbay Terminal,1,47,Los Angeles,North Hollywood Station,
1267,direct,2019-03-07,07:50,San Francisco,Transbay Terminal,1,51,Los Angeles,North Hollywood Station,
1268,direct,2019-03-07,11:20,San Francisco,Transbay Terminal,1,46,Los Angeles,North Hollywood Station,
1269,direct,2019-03-07,12:20,San Francisco,Transbay Terminal,1,48,Los Angeles,North Hollywood Station,
1270,direct,2019-03-07,13:40,San Francisco,Transbay Terminal,1,48,Los Angeles,North Hollywood Station,
1271,direct,2019-03-07,15:20,San Francisco,Transbay Terminal,1,53,Los Angeles,North Hollywood Station,
1272,direct,2019-03-07,15:30,San Francisco,Transbay Terminal,1,49,Los Angeles,North Hollywood Station,
1273,direct,2019-03-07,18:20,San Francisco,Transbay Terminal,1,51,Los Angeles,North Hollywood Station,
1274,direct,2019-03-07,18:50,San Francisco,Transbay Terminal,1,52,Los Angeles,North Hollywood Station,
1275,direct,2019-03-07,07:30,San Francisco,Transbay Terminal,1,47,Los Angeles,North Hollywood Station,False
1276,direct,2019-03-11,06:00,San Francisco,Transbay Terminal,4,23,Sacramento,65th Light Rail Station,
1277,direct,2019-03-11,08:10,San Francisco,Transbay Terminal,4,22,Sacramento,65th Light Rail Station,
1278,direct,2019-03-11,09:00,San Francisco,Transbay Terminal,4,25,Sacramento,65th Light Rail Station,
1279,direct,2019-03-11,09:10,San Francisco,Transbay Terminal,4,22,Sacramento,65th Light Rail Station,
1280,direct,2019-03-11,09:40,San Francisco,Transbay Terminal,4,22,Sacramento,65th Light Rail Station,
1281,direct,2019-03-11,10:10,San Francisco,Transbay Terminal,4,22,Sacramento,65th Light Rail Station,
1282,direct,2019-03-11,11:50,San Francisco,Transbay Terminal,4,23,Sacramento,65th Light Rail Station,
1283,direct,2019-03-11,13:50,San Francisco,Transbay Terminal,4,27,Sacramento,65th Light Rail Station,
1284,direct,2019-03-11,14:20,San Francisco,Transbay Terminal,4,22,Sacramento,65th Light Rail Station,
1285,direct,2019-03-11,15:50,San Francisco,Transbay Terminal,4,23,Sacramento,65th Light Rail Station,
1286,direct,2019-03-11,06:00,San Francisco,Transbay Terminal,4,23,Sacramento,65th Light Rail Station,False
1287,direct,2019-03-02,07:20,Anaheim,Anaheim Bus Station,1,26,San Diego,El Cajon Bus Stop,
1288,direct,2019-03-02,08:40,Anaheim,Anaheim Bus Station,1,26,San Diego,El Cajon Bus Stop,
1289,direct,2019-03-02,09:30,Anaheim,Anaheim Bus Station,1,23,San Diego,El Cajon Bus Stop,
1290,direct,2019-03-02,10:00,Anaheim,Anaheim Bus Station,1,23,San Diego,El Cajon Bus Stop,
1291,direct,2019-03-02,10:30,Anaheim,Anaheim Bus Station,1,20,San Diego,El Cajon Bus Stop,
1292,direct,2019-03-02,10:50,Anaheim,Anaheim Bus Station,1,21,San Diego,El Cajon Bus Stop,
1293,direct,2019-03-02,12:30,Anaheim,Anaheim Bus Station,1,22,San Diego,El Cajon Bus Stop,
1294,direct,2019-03-02,13:40,Anaheim,Anaheim Bus Station,1,21,San Diego,El Cajon Bus Stop,
1295,direct,2019-03-02,19:30,Anaheim,Anaheim Bus Station,1,22,San Diego,El Cajon Bus Stop,
1296,direct,2019-03-02,07:20,Anaheim,Anaheim Bus Station,1,26,San Diego,El Cajon Bus Stop,False
1297,direct,2019-03-04,07:20,San Diego,El Cajon Bus Stop,1,23,Anaheim,Anaheim Bus Station,
1298,direct,2019-03-04,08:20,San Diego,El Cajon Bus Stop,1,20,Anaheim,Anaheim Bus Station,
1299,direct,2019-03-04,09:10,San Diego,El Cajon Bus Stop,1,22,Anaheim,Anaheim Bus Station,
1300,direct,2019-03-04,09:40,San Diego,El Cajon Bus Stop,1,22,Anaheim,Anaheim Bus Station,
1301,direct,2019-03-04,10:00,San Diego,El Cajon Bus Stop,1,22,Anaheim,Anaheim Bus Station,
1302,direct,2019-03-04,15:20,San Diego,El Cajon Bus Stop,1,25,Anaheim,Anaheim Bus Station,
1303,direct,2019-03-04,18:40,San Diego,El Cajon Bus Stop,1,23,Anaheim,Anaheim Bus Station,
1304,direct,2019-03-04,19:10,San Diego,El Cajon Bus Stop,1,23,Anaheim,Anaheim Bus Station,
1305,direct,2019-03-04,07:20,San Diego,El Cajon Bus Stop,3,23,Anaheim,Anaheim Bus Station,False
1306,direct,2019-03-01,06:10,Seattle,Westlake Station,1,29,Vancouver,Pacific Central Station,
1307,direct,2019-03-01,07:20,Seattle,Westlake Station,1,31,Vancouver,Pacific Central Station,
1308,direct,2019-03-01,08:00,Seattle,Westlake Station,1,27,Vancouver,Pacific Central Station,
1309,direct,2019-03-01,08:50,Seattle,Westlake Station,1,28,Vancouver,Pacific Central Station,
1310,direct,2019-03-01,11:10,Seattle,Westlake Station,1,26,Vancouver,Pacific Central Station,
1311,direct,2019-03-01,12:00,Seattle,Westlake Station,1,30,Vancouver,Pacific Central Station,
1312,direct,2019-03-01,12:20,Seattle,Westlake Station,1,27,Vancouver,Pacific Central Station,
1313,direct,2019-03-01,15:20,Seattle,Westlake Station,1,28,Vancouver,Pacific Central Station,
1314,direct,2019-03-01,18:10,Seattle,Westlake Station,1,28,Vancouver,Pacific Central Station,
1315,direct,2019-03-01,18:20,Seattle,Westlake Station,1,24,Vancouver,Pacific Central Station,
1316,direct,2019-03-01,06:10,Seattle,Westlake Station,1,29,Vancouver,Pacific Central Station,False
1317,one-stop,2019-03-05,07:10,Sacramento,65th Light Rail Station,1,63,San Diego,El Cajon Bus Stop,
1318,one-stop,2019-03-05,07:40,Sacramento,65th Light Rail Station,1,58,San Diego,El Cajon Bus Stop,
1319,one-stop,2019-03-05,07:50,Sacramento,65th Light Rail Station,1,65,San Diego,El Cajon Bus Stop,
1320,one-stop,2019-03-05,09:40,Sacramento,65th Light Rail Station,1,62,San Diego,El Cajon Bus Stop,
1321,one-stop,2019-03-05,10:50,Sacramento,65th Light Rail Station,1,57,San Diego,El Cajon Bus Stop,
1322,one-stop,2019-03-05,16:20,Sacramento,65th Light Rail Station,1,62,San Diego,El Cajon Bus Stop,
1323,one-stop,2019-03-05,16:40,Sacramento,65th Light Rail Station,1,62,San Diego,El Cajon Bus Stop,
1324,one-stop,2019-03-05,07:10,Sacramento,65th Light Rail Station,1,63,San Diego,El Cajon Bus Stop,False
1325,direct,2019-03-10,06:00,Long Beach,Downtown Station,1,13,Los Angeles,North Hollywood Station,
1326,direct,2019-03-10,06:20,Long Beach,Downtown Station,1,12,Los Angeles,North Hollywood Station,
1327,direct,2019-03-10,06:50,Long Beach,Downtown Station,1,11,Los Angeles,North Hollywood Station,
1328,direct,2019-03-10,08:10,Long Beach,Downtown Station,1,10,Los Angeles,North Hollywood Station,
1329,direct,2019-03-10,08:20,Long Beach,Downtown Station,1,14,Los Angeles,North Hollywood Station,
1330,direct,2019-03-10,09:40,Long Beach,Downtown Station,1,12,Los Angeles,North Hollywood Station,
1331,direct,2019-03-10,09:50,Long Beach,Downtown Station,1,12,Los Angeles,North Hollywood Station,
1332,direct,2019-03-10,11:00,Long Beach,Downtown Station,1,11,Los Angeles,North Hollywood Station,
1333,direct,2019-03-10,12:20,Long Beach,Downtown Station,1,11,Los Angeles,North Hollywood Station,
1334,direct,2019-03-10,13:00,Long Beach,Downtown Station,1,10,Los Angeles,North Hollywood Station,
1335,direct,2019-03-10,06:00,Long Beach,Downtown Station,2,21,Los Angeles,North Hollywood Station,True
1336,direct,2019-03-05,06:50,San Diego,El Cajon Bus Stop,2,41,Fresno,2660 Tulare St,
1337,direct,2019-03-05,07:20,San Diego,El Cajon Bus Stop,2,52,Fresno,2660 Tulare St,
1338,direct,2019-03-05,11:30,San Diego,El Cajon Bus Stop,2,44,Fresno,2660 Tulare St,
1339,direct,2019-03-05,11:50,San Diego,El Cajon Bus Stop,2,49,Fresno,2660 Tulare St,
1340,direct,2019-03-05,14:20,San Diego,El Cajon Bus Stop,2,48,Fresno,2660 Tulare St,
1341,direct,2019-03-05,15:10,San Diego,El Cajon Bus Stop,2,49,Fresno,2660 Tulare St,
1342,direct,2019-03-05,06:50,San Diego,El Cajon Bus Stop,2,41,Fresno,2660 Tulare St,False
1343,direct,2019-03-10,07:50,Fresno,2660 Tulare St,1,35,Los Angeles,North Hollywood Station,
1344,direct,2019-03-10,08:10,Fresno,2660 Tulare St,1,37,Los Angeles,North Hollywood Station,
1345,direct,2019-03-10,09:00,Fresno,2660 Tulare St,1,37,Los Angeles,North Hollywood Station,
1346,direct,2019-03-10,09:50,Fresno,2660 Tulare St,1,40,Los Angeles,North Hollywood Station,
1347,direct,2019-03-10,13:20,Fresno,2660 Tulare St,1,36,Los Angeles,North Hollywood Station,
1348,direct,2019-03-10,15:20,Fresno,2660 Tulare St,1,33,Los Angeles,North Hollywood Station,
1349,direct,2019-03-10,17:10,Fresno,2660 Tulare St,1,37,Los Angeles,North Hollywood Station,
1350,direct,2019-03-10,19:20,Fresno,2660 Tulare St,1,41,Los Angeles,North Hollywood Station,
1351,direct,2019-03-10,07:50,Fresno,2660 Tulare St,4,35,Los Angeles,North Hollywood Station,False
1352,direct,2019-03-01,09:50,Seattle,Westlake Station,4,35,Portland,SW Arthur & 1st,False
1353,direct,2019-03-14,14:40,Fresno,2660 Tulare St,3,33,San Francisco,Transbay Terminal,False
1354,direct,2019-03-01,14:50,San Diego,El Cajon Bus Stop,3,57,San Francisco,Transbay Terminal,False
1355,one-stop,2019-03-06,10:40,Long Beach,Downtown Station,2,53,Sacramento,65th Light Rail Station,False
1356,one-stop,2019-03-10,11:00,Long Beach,Downtown Station,3,44,Sacramento,65th Light Rail Station,False
1357,direct,2019-03-01,08:20,Los Angeles,North Hollywood Station,1,20,Long Beach,Downtown Station,True
1358,one-stop,2019-03-03,14:30,Anaheim,Anaheim Bus Station,1,64,Sacramento,65th Light Rail Station,False
1359,one-stop,2019-03-02,11:50,Anaheim,Anaheim Bus Station,3,55,Sacramento,65th Light Rail Station,False
1360,direct,2019-03-10,13:10,Fresno,2660 Tulare St,1,39,Las Vegas,Union Plaza,False
1361,direct,2019-03-10,14:20,San Francisco,Transbay Terminal,1,24,Sacramento,65th Light Rail Station,False
1362,direct,2019-03-13,17:50,Long Beach,Downtown Station,3,37,Las Vegas,Union Plaza,False
1363,one-stop,2019-03-01,07:50,Sacramento,65th Light Rail Station,1,60,Long Beach,Downtown Station,False
1364,one-stop,2019-03-04,09:10,San Diego,El Cajon Bus Stop,2,62,Sacramento,65th Light Rail Station,False
1365,direct,2019-03-09,14:00,Los Angeles,North Hollywood Station,2,30,San Diego,El Cajon Bus Stop,False
1366,direct,2019-03-14,11:30,Las Vegas,Union Plaza,3,62,San Francisco,Transbay Terminal,True
1367,direct,2019-03-14,06:00,Long Beach,Downtown Station,3,11,Los Angeles,North Hollywood Station,False
1368,direct,2019-03-10,08:30,Washington,Silver Spring Bus Stop,2,25,Philadelphia,10th and Filbert,False
1369,direct,2019-03-07,18:10,San Diego,El Cajon Bus Stop,4,34,Los Angeles,North Hollywood Station,True
1370,direct,2019-03-10,11:30,Las Vegas,Union Plaza,1,39,Anaheim,Anaheim Bus Station,False
1371,direct,2019-03-14,15:20,Sacramento,65th Light Rail Station,3,24,San Francisco,Transbay Terminal,False
1372,direct,2019-03-04,07:50,New York,Penn Station,4,32,Philadelphia,10th and Filbert,True
1373,direct,2019-03-02,07:00,Las Vegas,Union Plaza,3,42,Anaheim,Anaheim Bus Station,False
1374,direct,2019-03-08,15:00,Vancouver,Pacific Central Station,4,28,Seattle,Westlake Station,False
1375,direct,2019-03-10,07:30,Long Beach,Downtown Station,2,32,San Diego,El Cajon Bus Stop,True
1376,one-stop,2019-03-12,06:00,Las Vegas,Union Plaza,2,86,Sacramento,65th Light Rail Station,False
1377,direct,2019-03-03,16:40,Los Angeles,North Hollywood Station,2,25,San Diego,El Cajon Bus Stop,False
1378,direct,2019-03-03,13:00,Los Angeles,North Hollywood Station,4,47,San Francisco,Transbay Terminal,False
1379,direct,2019-03-07,06:20,Long Beach,Downtown Station,1,12,Los Angeles,North Hollywood Station,False
1380,one-stop,2019-03-14,11:20,Long Beach,Downtown Station,4,51,Sacramento,65th Light Rail Station,False
1381,direct,2019-03-01,09:50,San Diego,El Cajon Bus Stop,3,20,Long Beach,Downtown Station,False
1382,direct,2019-03-07,08:30,San Diego,El Cajon Bus Stop,3,26,Long Beach,Downtown Station,False
1383,direct,2019-03-05,09:00,Las Vegas,Union Plaza,3,44,Fresno,2660 Tulare St,False
1384,direct,2019-03-11,11:20,Long Beach,Downtown Station,3,43,Fresno,2660 Tulare St,False
1385,direct,2019-03-10,17:10,Washington,Silver Spring Bus Stop,4,31,Philadelphia,10th and Filbert,False
1386,direct,2019-03-09,15:10,Fresno,2660 Tulare St,4,48,Anaheim,Anaheim Bus Station,True
1387,direct,2019-03-14,06:40,Las Vegas,Union Plaza,2,39,Anaheim,Anaheim Bus Station,False
1388,direct,2019-03-01,09:00,Seattle,Westlake Station,1,37,Portland,SW Arthur & 1st,True
1389,direct,2019-03-13,08:00,Seattle,Westlake Station,4,31,Vancouver,Pacific Central Station,False
1390,direct,2019-03-08,18:00,Fresno,2660 Tulare St,2,47,Las Vegas,Union Plaza,False
1391,direct,2019-03-07,14:50,Los Angeles,North Hollywood Station,3,12,Anaheim,Anaheim Bus Station,False
1392,one-stop,2019-03-08,07:50,Sacramento,65th Light Rail Station,3,58,Anaheim,Anaheim Bus Station,False
1393,direct,2019-03-14,15:20,Fresno,2660 Tulare St,2,44,Las Vegas,Union Plaza,False
1394,direct,2019-03-12,12:20,Portland,SW Arthur & 1st,2,34,Seattle,Westlake Station,False
1395,direct,2019-03-08,17:40,Anaheim,Anaheim Bus Station,4,13,Los Angeles,North Hollywood Station,False
1396,direct,2019-03-08,15:20,Los Angeles,North Hollywood Station,2,52,Sacramento,65th Light Rail Station,False
1397,direct,2019-03-04,07:40,Vancouver,Pacific Central Station,1,25,Seattle,Westlake Station,
1398,direct,2019-03-04,09:10,Vancouver,Pacific Central Station,1,27,Seattle,Westlake Station,
1399,direct,2019-03-04,13:10,Vancouver,Pacific Central Station,1,29,Seattle,Westlake Station,
1400,direct,2019-03-04,13:40,Vancouver,Pacific Central Station,1,25,Seattle,Westlake Station,
1401,direct,2019-03-04,15:00,Vancouver,Pacific Central Station,1,26,Seattle,Westlake Station,
1402,direct,2019-03-04,15:20,Vancouver,Pacific Central Station,1,26,Seattle,Westlake Station,
1403,direct,2019-03-04,15:40,Vancouver,Pacific Central Station,1,27,Seattle,Westlake Station,
1404,direct,2019-03-04,16:10,Vancouver,Pacific Central Station,1,29,Seattle,Westlake Station,
1405,direct,2019-03-04,17:40,Vancouver,Pacific Central Station,1,29,Seattle,Westlake Station,
1406,direct,2019-03-04,18:20,Vancouver,Pacific Central Station,1,30,Seattle,Westlake Station,
1407,direct,2019-03-01,06:20,Washington,Silver Spring Bus Stop,1,40,New York,Penn Station,
1408,direct,2019-03-01,12:10,Washington,Silver Spring Bus Stop,1,39,New York,Penn Station,
1409,direct,2019-03-01,13:30,Washington,Silver Spring Bus Stop,1,38,New York,Penn Station,
1410,direct,2019-03-01,15:50,Washington,Silver Spring Bus Stop,1,36,New York,Penn Station,
1411,direct,2019-03-01,17:00,Washington,Silver Spring Bus Stop,1,34,New York,Penn Station,
1412,direct,2019-03-01,18:10,Washington,Silver Spring Bus Stop,1,40,New York,Penn Station,
1413,direct,2019-03-01,19:10,Washington,Silver Spring Bus Stop,1,32,New York,Penn Station,
1414,direct,2019-03-01,06:20,Philadelphia,10th and Filbert,1,23,Washington,Silver Spring Bus Stop,
1415,direct,2019-03-01,10:00,Philadelphia,10th and Filbert,1,30,Washington,Silver Spring Bus Stop,
1416,direct,2019-03-01,11:10,Philadelphia,10th and Filbert,1,27,Washington,Silver Spring Bus Stop,
1417,direct,2019-03-01,14:30,Philadelphia,10th and Filbert,1,28,Washington,Silver Spring Bus Stop,
1418,direct,2019-03-01,14:40,Philadelphia,10th and Filbert,1,25,Washington,Silver Spring Bus Stop,
1419,direct,2019-03-01,17:10,Philadelphia,10th and Filbert,1,26,Washington,Silver Spring Bus Stop,
1420,direct,2019-03-01,18:50,Philadelphia,10th and Filbert,1,30,Washington,Silver Spring Bus Stop,
1421,direct,2019-03-01,19:20,Philadelphia,10th and Filbert,1,28,Washington,Silver Spring Bus Stop,
1422,direct,2019-03-05,08:30,Washington,Silver Spring Bus Stop,1,28,Philadelphia,10th and Filbert,
1423,direct,2019-03-05,11:30,Washington,Silver Spring Bus Stop,1,31,Philadelphia,10th and Filbert,
1424,direct,2019-03-05,12:40,Washington,Silver Spring Bus Stop,1,29,Philadelphia,10th and Filbert,
1425,direct,2019-03-05,13:20,Washington,Silver Spring Bus Stop,1,28,Philadelphia,10th and Filbert,
1426,direct,2019-03-05,14:30,Washington,Silver Spring Bus Stop,1,27,Philadelphia,10th and Filbert,
1427,direct,2019-03-05,17:00,Washington,Silver Spring Bus Stop,1,29,Philadelphia,10th and Filbert,
1428,direct,2019-03-05,17:10,Washington,Silver Spring Bus Stop,1,26,Philadelphia,10th and Filbert,
1429,direct,2019-03-01,08:30,Washington,Silver Spring Bus Stop,4,29,Philadelphia,10th and Filbert,
1430,direct,2019-03-01,11:30,Washington,Silver Spring Bus Stop,4,25,Philadelphia,10th and Filbert,
1431,direct,2019-03-01,12:40,Washington,Silver Spring Bus Stop,4,30,Philadelphia,10th and Filbert,
1432,direct,2019-03-01,13:20,Washington,Silver Spring Bus Stop,4,31,Philadelphia,10th and Filbert,
1433,direct,2019-03-01,14:30,Washington,Silver Spring Bus Stop,4,26,Philadelphia,10th and Filbert,
1434,direct,2019-03-01,17:00,Washington,Silver Spring Bus Stop,4,31,Philadelphia,10th and Filbert,
1435,direct,2019-03-01,17:10,Washington,Silver Spring Bus Stop,4,26,Philadelphia,10th and Filbert,
1436,direct,2019-03-01,07:40,New York,Penn Station,4,26,Philadelphia,10th and Filbert,
1437,direct,2019-03-01,07:50,New York,Penn Station,4,24,Philadelphia,10th and Filbert,
1438,direct,2019-03-01,08:50,New York,Penn Station,4,17,Philadelphia,10th and Filbert,
1439,direct,2019-03-01,09:30,New York,Penn Station,4,25,Philadelphia,10th and Filbert,
1440,direct,2019-03-01,16:30,New York,Penn Station,4,24,Philadelphia,10th and Filbert,
1441,direct,2019-03-01,17:20,New York,Penn Station,4,20,Philadelphia,10th and Filbert,
1442,direct,2019-03-01,19:40,New York,Penn Station,4,21,Philadelphia,10th and Filbert,
1443,direct,2019-03-08,07:30,Seattle,Westlake Station,4,31,Portland,SW Arthur & 1st,
1444,direct,2019-03-08,09:00,Seattle,Westlake Station,4,32,Portland,SW Arthur & 1st,
1445,direct,2019-03-08,09:20,Seattle,Westlake Station,4,29,Portland,SW Arthur & 1st,
1446,direct,2019-03-08,09:30,Seattle,Westlake Station,4,34,Portland,SW Arthur & 1st,
1447,direct,2019-03-08,09:50,Seattle,Westlake Station,4,31,Portland,SW Arthur & 1st,
1448,direct,2019-03-08,12:10,Seattle,Westlake Station,4,30,Portland,SW Arthur & 1st,
1449,direct,2019-03-08,12:20,Seattle,Westlake Station,4,35,Portland,SW Arthur & 1st,
1450,direct,2019-03-08,18:30,Seattle,Westlake Station,4,33,Portland,SW Arthur & 1st,
1451,direct,2019-03-01,09:00,Philadelphia,10th and Filbert,1,23,New York,Penn Station,
1452,direct,2019-03-01,10:10,Philadelphia,10th and Filbert,1,21,New York,Penn Station,
1453,direct,2019-03-01,12:30,Philadelphia,10th and Filbert,1,21,New York,Penn Station,
1454,direct,2019-03-01,13:10,Philadelphia,10th and Filbert,1,26,New York,Penn Station,
1455,direct,2019-03-01,13:50,Philadelphia,10th and Filbert,1,23,New York,Penn Station,
1456,direct,2019-03-01,18:00,Philadelphia,10th and Filbert,1,23,New York,Penn Station,
1457,direct,2019-03-06,07:00,Portland,SW Arthur & 1st,1,32,Seattle,Westlake Station,
1458,direct,2019-03-06,11:20,Portland,SW Arthur & 1st,1,31,Seattle,Westlake Station,
1459,direct,2019-03-06,11:50,Portland,SW Arthur & 1st,1,34,Seattle,Westlake Station,
1460,direct,2019-03-06,12:20,Portland,SW Arthur & 1st,1,29,Seattle,Westlake Station,
1461,direct,2019-03-06,12:30,Portland,SW Arthur & 1st,1,33,Seattle,Westlake Station,
1462,direct,2019-03-06,12:40,Portland,SW Arthur & 1st,1,26,Seattle,Westlake Station,
1463,direct,2019-03-06,16:10,Portland,SW Arthur & 1st,1,31,Seattle,Westlake Station,
1464,direct,2019-03-06,17:30,Portland,SW Arthur & 1st,1,28,Seattle,Westlake Station,
1465,direct,2019-03-06,18:30,Portland,SW Arthur & 1st,1,29,Seattle,Westlake Station,
1466,direct,2019-03-06,19:00,Portland,SW Arthur & 1st,1,34,Seattle,Westlake Station,
1467,direct,2019-03-04,07:00,Portland,SW Arthur & 1st,3,33,Seattle,Westlake Station,
1468,direct,2019-03-04,11:20,Portland,SW Arthur & 1st,3,32,Seattle,Westlake Station,
1469,direct,2019-03-04,11:50,Portland,SW Arthur & 1st,3,29,Seattle,Westlake Station,
1470,direct,2019-03-04,12:20,Portland,SW Arthur & 1st,3,32,Seattle,Westlake Station,
1471,direct,2019-03-04,12:30,Portland,SW Arthur & 1st,3,26,Seattle,Westlake Station,
1472,direct,2019-03-04,12:40,Portland,SW Arthur & 1st,3,27,Seattle,Westlake Station,
1473,direct,2019-03-04,16:10,Portland,SW Arthur & 1st,3,31,Seattle,Westlake Station,
1474,direct,2019-03-04,17:30,Portland,SW Arthur & 1st,3,29,Seattle,Westlake Station,
1475,direct,2019-03-04,18:30,Portland,SW Arthur & 1st,3,31,Seattle,Westlake Station,
1476,direct,2019-03-04,19:00,Portland,SW Arthur & 1st,3,26,Seattle,Westlake Station,
1477,direct,2019-03-06,06:20,Washington,Silver Spring Bus Stop,1,35,New York,Penn Station,
1478,direct,2019-03-06,12:10,Washington,Silver Spring Bus Stop,1,30,New York,Penn Station,
1479,direct,2019-03-06,13:30,Washington,Silver Spring Bus Stop,1,36,New York,Penn Station,
1480,direct,2019-03-06,15:50,Washington,Silver Spring Bus Stop,1,36,New York,Penn Station,
1481,direct,2019-03-06,17:00,Washington,Silver Spring Bus Stop,1,33,New York,Penn Station,
1482,direct,2019-03-06,18:10,Washington,Silver Spring Bus Stop,1,38,New York,Penn Station,
1483,direct,2019-03-06,19:10,Washington,Silver Spring Bus Stop,1,33,New York,Penn Station,
1484,direct,2019-03-02,09:00,Philadelphia,10th and Filbert,1,22,New York,Penn Station,
1485,direct,2019-03-02,10:10,Philadelphia,10th and Filbert,1,25,New York,Penn Station,
1486,direct,2019-03-02,12:30,Philadelphia,10th and Filbert,1,21,New York,Penn Station,
1487,direct,2019-03-02,13:10,Philadelphia,10th and Filbert,1,24,New York,Penn Station,
1488,direct,2019-03-02,13:50,Philadelphia,10th and Filbert,1,22,New York,Penn Station,
1489,direct,2019-03-02,18:00,Philadelphia,10th and Filbert,1,22,New York,Penn Station,
1490,direct,2019-03-03,07:50,San Francisco,Transbay Terminal,4,50,Las Vegas,Union Plaza,
1491,direct,2019-03-03,09:30,San Francisco,Transbay Terminal,4,53,Las Vegas,Union Plaza,
1492,direct,2019-03-03,13:30,San Francisco,Transbay Terminal,4,53,Las Vegas,Union Plaza,
1493,direct,2019-03-03,15:30,San Francisco,Transbay Terminal,4,49,Las Vegas,Union Plaza,
1494,direct,2019-03-03,17:40,San Francisco,Transbay Terminal,4,62,Las Vegas,Union Plaza,
1495,direct,2019-03-02,06:10,Seattle,Westlake Station,1,28,Vancouver,Pacific Central Station,
1496,direct,2019-03-02,07:20,Seattle,Westlake Station,1,28,Vancouver,Pacific Central Station,
1497,direct,2019-03-02,08:00,Seattle,Westlake Station,1,29,Vancouver,Pacific Central Station,
1498,direct,2019-03-02,08:50,Seattle,Westlake Station,1,26,Vancouver,Pacific Central Station,
1499,direct,2019-03-02,11:10,Seattle,Westlake Station,1,23,Vancouver,Pacific Central Station,
1500,direct,2019-03-02,12:00,Seattle,Westlake Station,1,24,Vancouver,Pacific Central Station,
1501,direct,2019-03-02,12:20,Seattle,Westlake Station,1,31,Vancouver,Pacific Central Station,
1502,direct,2019-03-02,15:20,Seattle,Westlake Station,1,30,Vancouver,Pacific Central Station,
1503,direct,2019-03-02,18:10,Seattle,Westlake Station,1,32,Vancouver,Pacific Central Station,
1504,direct,2019-03-02,18:20,Seattle,Westlake Station,1,26,Vancouver,Pacific Central Station,
1505,direct,2019-03-01,07:50,San Francisco,Transbay Terminal,1,44,Las Vegas,Union Plaza,
1506,direct,2019-03-01,09:30,San Francisco,Transbay Terminal,1,50,Las Vegas,Union Plaza,
1507,direct,2019-03-01,13:30,San Francisco,Transbay Terminal,1,48,Las Vegas,Union Plaza,
1508,direct,2019-03-01,15:30,San Francisco,Transbay Terminal,1,51,Las Vegas,Union Plaza,
1509,direct,2019-03-01,17:40,San Francisco,Transbay Terminal,1,46,Las Vegas,Union Plaza,
1510,direct,2019-03-01,19:00,San Francisco,Transbay Terminal,1,53,Las Vegas,Union Plaza,
1511,direct,2019-03-09,15:10,San Diego,El Cajon Bus Stop,1,48,Las Vegas,Union Plaza,
1512,direct,2019-03-04,06:00,New York,Penn Station,3,36,Washington,Silver Spring Bus Stop,
1513,direct,2019-03-04,06:20,New York,Penn Station,3,36,Washington,Silver Spring Bus Stop,
1514,direct,2019-03-04,06:50,New York,Penn Station,3,43,Washington,Silver Spring Bus Stop,
1515,direct,2019-03-04,07:40,New York,Penn Station,3,35,Washington,Silver Spring Bus Stop,
1516,direct,2019-03-04,07:50,New York,Penn Station,3,41,Washington,Silver Spring Bus Stop,
1517,direct,2019-03-04,10:10,New York,Penn Station,3,36,Washington,Silver Spring Bus Stop,
1518,direct,2019-03-04,14:40,New York,Penn Station,3,40,Washington,Silver Spring Bus Stop,
1519,direct,2019-03-04,17:20,New York,Penn Station,3,36,Washington,Silver Spring Bus Stop,
1520,direct,2019-03-03,06:00,New York,Penn Station,1,33,Washington,Silver Spring Bus Stop,
1521,direct,2019-03-03,06:20,New York,Penn Station,1,32,Washington,Silver Spring Bus Stop,
1522,direct,2019-03-03,06:50,New York,Penn Station,1,41,Washington,Silver Spring Bus Stop,
1523,direct,2019-03-03,07:40,New York,Penn Station,1,32,Washington,Silver Spring Bus Stop,
1524,direct,2019-03-03,07:50,New York,Penn Station,1,42,Washington,Silver Spring Bus Stop,
1525,direct,2019-03-03,10:10,New York,Penn Station,1,35,Washington,Silver Spring Bus Stop,
1526,direct,2019-03-03,14:40,New York,Penn Station,1,34,Washington,Silver Spring Bus Stop,
1527,direct,2019-03-03,17:20,New York,Penn Station,1,38,Washington,Silver Spring Bus Stop,
1528,direct,2019-03-01,07:40,New York,Penn Station,1,26,Philadelphia,10th and Filbert,
1529,direct,2019-03-01,07:50,New York,Penn Station,1,24,Philadelphia,10th and Filbert,
1530,direct,2019-03-01,08:50,New York,Penn Station,1,17,Philadelphia,10th and Filbert,
1531,direct,2019-03-01,09:30,New York,Penn Station,1,25,Philadelphia,10th and Filbert,
1532,direct,2019-03-01,16:30,New York,Penn Station,1,24,Philadelphia,10th and Filbert,
1533,direct,2019-03-01,17:20,New York,Penn Station,1,20,Philadelphia,10th and Filbert,
1534,direct,2019-03-01,19:40,New York,Penn Station,1,21,Philadelphia,10th and Filbert,
1535,direct,2019-03-04,06:20,Washington,Silver Spring Bus Stop,2,36,New York,Penn Station,
1536,direct,2019-03-04,12:10,Washington,Silver Spring Bus Stop,2,39,New York,Penn Station,
1537,direct,2019-03-04,13:30,Washington,Silver Spring Bus Stop,2,32,New York,Penn Station,
1538,direct,2019-03-04,15:50,Washington,Silver Spring Bus Stop,2,33,New York,Penn Station,
1539,direct,2019-03-04,17:00,Washington,Silver Spring Bus Stop,2,34,New York,Penn Station,
1540,direct,2019-03-04,18:10,Washington,Silver Spring Bus Stop,2,37,New York,Penn Station,
1541,direct,2019-03-04,19:10,Washington,Silver Spring Bus Stop,2,39,New York,Penn Station,
1542,direct,2019-03-05,06:40,Los Angeles,North Hollywood Station,1,49,San Francisco,Transbay Terminal,
1543,direct,2019-03-05,07:30,Los Angeles,North Hollywood Station,1,46,San Francisco,Transbay Terminal,
1544,direct,2019-03-05,08:40,Los Angeles,North Hollywood Station,1,49,San Francisco,Transbay Terminal,
1545,direct,2019-03-05,09:00,Los Angeles,North Hollywood Station,1,47,San Francisco,Transbay Terminal,
1546,direct,2019-03-05,10:40,Los Angeles,North Hollywood Station,1,41,San Francisco,Transbay Terminal,
1547,direct,2019-03-05,11:40,Los Angeles,North Hollywood Station,1,45,San Francisco,Transbay Terminal,
1548,direct,2019-03-05,13:00,Los Angeles,North Hollywood Station,1,58,San Francisco,Transbay Terminal,
1549,direct,2019-03-05,13:10,Los Angeles,North Hollywood Station,1,45,San Francisco,Transbay Terminal,
1550,direct,2019-03-05,17:50,Los Angeles,North Hollywood Station,1,47,San Francisco,Transbay Terminal,
1551,direct,2019-03-05,18:00,Los Angeles,North Hollywood Station,1,50,San Francisco,Transbay Terminal,
1552,direct,2019-03-02,07:00,Portland,SW Arthur & 1st,1,30,Seattle,Westlake Station,
1553,direct,2019-03-02,11:20,Portland,SW Arthur & 1st,1,29,Seattle,Westlake Station,
1554,direct,2019-03-02,11:50,Portland,SW Arthur & 1st,1,29,Seattle,Westlake Station,
1555,direct,2019-03-02,12:20,Portland,SW Arthur & 1st,1,32,Seattle,Westlake Station,
1556,direct,2019-03-02,12:30,Portland,SW Arthur & 1st,1,33,Seattle,Westlake Station,
1557,direct,2019-03-02,12:40,Portland,SW Arthur & 1st,1,29,Seattle,Westlake Station,
1558,direct,2019-03-02,16:10,Portland,SW Arthur & 1st,1,29,Seattle,Westlake Station,
1559,direct,2019-03-02,17:30,Portland,SW Arthur & 1st,1,32,Seattle,Westlake Station,
1560,direct,2019-03-02,18:30,Portland,SW Arthur & 1st,1,30,Seattle,Westlake Station,
1561,direct,2019-03-02,19:00,Portland,SW Arthur & 1st,1,28,Seattle,Westlake Station,
1562,direct,2019-03-02,07:40,Vancouver,Pacific Central Station,1,27,Seattle,Westlake Station,
1563,direct,2019-03-02,09:10,Vancouver,Pacific Central Station,1,28,Seattle,Westlake Station,
1564,direct,2019-03-02,13:10,Vancouver,Pacific Central Station,1,30,Seattle,Westlake Station,
1565,direct,2019-03-02,13:40,Vancouver,Pacific Central Station,1,26,Seattle,Westlake Station,
1566,direct,2019-03-02,15:00,Vancouver,Pacific Central Station,1,24,Seattle,Westlake Station,
1567,direct,2019-03-02,15:20,Vancouver,Pacific Central Station,1,25,Seattle,Westlake Station,
1568,direct,2019-03-02,15:40,Vancouver,Pacific Central Station,1,29,Seattle,Westlake Station,
1569,direct,2019-03-02,16:10,Vancouver,Pacific Central Station,1,24,Seattle,Westlake Station,
1570,direct,2019-03-02,17:40,Vancouver,Pacific Central Station,1,31,Seattle,Westlake Station,
1571,direct,2019-03-02,18:20,Vancouver,Pacific Central Station,1,25,Seattle,Westlake Station,
1572,direct,2019-03-04,09:00,Philadelphia,10th and Filbert,1,24,New York,Penn Station,
1573,direct,2019-03-04,10:10,Philadelphia,10th and Filbert,1,21,New York,Penn Station,
1574,direct,2019-03-04,12:30,Philadelphia,10th and Filbert,1,21,New York,Penn Station,
1575,direct,2019-03-04,13:10,Philadelphia,10th and Filbert,1,26,New York,Penn Station,
1576,direct,2019-03-04,13:50,Philadelphia,10th and Filbert,1,25,New York,Penn Station,
1577,direct,2019-03-04,18:00,Philadelphia,10th and Filbert,1,22,New York,Penn Station,
1578,direct,2019-03-04,06:20,Philadelphia,10th and Filbert,3,29,Washington,Silver Spring Bus Stop,
1579,direct,2019-03-04,10:00,Philadelphia,10th and Filbert,3,28,Washington,Silver Spring Bus Stop,
1580,direct,2019-03-04,11:10,Philadelphia,10th and Filbert,3,26,Washington,Silver Spring Bus Stop,
1581,direct,2019-03-04,14:30,Philadelphia,10th and Filbert,3,26,Washington,Silver Spring Bus Stop,
1582,direct,2019-03-04,14:40,Philadelphia,10th and Filbert,3,27,Washington,Silver Spring Bus Stop,
1583,direct,2019-03-04,17:10,Philadelphia,10th and Filbert,3,32,Washington,Silver Spring Bus Stop,
1584,direct,2019-03-04,18:50,Philadelphia,10th and Filbert,3,31,Washington,Silver Spring Bus Stop,
1585,direct,2019-03-04,19:20,Philadelphia,10th and Filbert,3,29,Washington,Silver Spring Bus Stop,
1586,direct,2019-03-03,06:20,Philadelphia,10th and Filbert,3,27,Washington,Silver Spring Bus Stop,
1587,direct,2019-03-03,10:00,Philadelphia,10th and Filbert,3,28,Washington,Silver Spring Bus Stop,
1588,direct,2019-03-03,11:10,Philadelphia,10th and Filbert,3,30,Washington,Silver Spring Bus Stop,
1589,direct,2019-03-03,14:30,Philadelphia,10th and Filbert,3,28,Washington,Silver Spring Bus Stop,
1590,direct,2019-03-03,14:40,Philadelphia,10th and Filbert,3,27,Washington,Silver Spring Bus Stop,
1591,direct,2019-03-03,17:10,Philadelphia,10th and Filbert,3,30,Washington,Silver Spring Bus Stop,
1592,direct,2019-03-03,18:50,Philadelphia,10th and Filbert,3,31,Washington,Silver Spring Bus Stop,
1593,direct,2019-03-03,07:40,Vancouver,Pacific Central Station,3,30,Seattle,Westlake Station,
1594,direct,2019-03-03,09:10,Vancouver,Pacific Central Station,3,29,Seattle,Westlake Station,
1595,direct,2019-03-03,13:10,Vancouver,Pacific Central Station,3,28,Seattle,Westlake Station,
1596,direct,2019-03-03,13:40,Vancouver,Pacific Central Station,3,29,Seattle,Westlake Station,
1597,direct,2019-03-03,15:00,Vancouver,Pacific Central Station,3,31,Seattle,Westlake Station,
1598,direct,2019-03-03,15:20,Vancouver,Pacific Central Station,3,28,Seattle,Westlake Station,
1599,direct,2019-03-03,15:40,Vancouver,Pacific Central Station,3,24,Seattle,Westlake Station,
1600,direct,2019-03-03,16:10,Vancouver,Pacific Central Station,3,25,Seattle,Westlake Station,
1601,direct,2019-03-03,17:40,Vancouver,Pacific Central Station,3,27,Seattle,Westlake Station,
1602,direct,2019-03-03,18:20,Vancouver,Pacific Central Station,3,29,Seattle,Westlake Station,
1603,direct,2019-03-01,08:30,Washington,Silver Spring Bus Stop,1,29,Philadelphia,10th and Filbert,
1604,direct,2019-03-01,11:30,Washington,Silver Spring Bus Stop,1,25,Philadelphia,10th and Filbert,
1605,direct,2019-03-01,12:40,Washington,Silver Spring Bus Stop,1,30,Philadelphia,10th and Filbert,
1606,direct,2019-03-01,13:20,Washington,Silver Spring Bus Stop,1,31,Philadelphia,10th and Filbert,
1607,direct,2019-03-01,14:30,Washington,Silver Spring Bus Stop,1,26,Philadelphia,10th and Filbert,
1608,direct,2019-03-01,17:00,Washington,Silver Spring Bus Stop,1,31,Philadelphia,10th and Filbert,
1609,direct,2019-03-01,17:10,Washington,Silver Spring Bus Stop,1,26,Philadelphia,10th and Filbert,
1610,direct,2019-03-03,07:00,Portland,SW Arthur & 1st,1,30,Seattle,Westlake Station,
1611,direct,2019-03-03,11:20,Portland,SW Arthur & 1st,1,29,Seattle,Westlake Station,
1612,direct,2019-03-03,11:50,Portland,SW Arthur & 1st,1,28,Seattle,Westlake Station,
1613,direct,2019-03-03,12:20,Portland,SW Arthur & 1st,1,32,Seattle,Westlake Station,
1614,direct,2019-03-03,12:30,Portland,SW Arthur & 1st,1,36,Seattle,Westlake Station,
1615,direct,2019-03-03,12:40,Portland,SW Arthur & 1st,1,27,Seattle,Westlake Station,
1616,direct,2019-03-03,16:10,Portland,SW Arthur & 1st,1,29,Seattle,Westlake Station,
1617,direct,2019-03-03,17:30,Portland,SW Arthur & 1st,1,32,Seattle,Westlake Station,
1618,direct,2019-03-03,18:30,Portland,SW Arthur & 1st,1,32,Seattle,Westlake Station,
1619,direct,2019-03-03,19:00,Portland,SW Arthur & 1st,1,33,Seattle,Westlake Station,
1620,direct,2019-03-02,07:40,New York,Penn Station,3,23,Philadelphia,10th and Filbert,
1621,direct,2019-03-02,07:50,New York,Penn Station,3,20,Philadelphia,10th and Filbert,
1622,direct,2019-03-02,08:50,New York,Penn Station,3,27,Philadelphia,10th and Filbert,
1623,direct,2019-03-02,09:30,New York,Penn Station,3,22,Philadelphia,10th and Filbert,
1624,direct,2019-03-02,16:30,New York,Penn Station,3,22,Philadelphia,10th and Filbert,
1625,direct,2019-03-02,17:20,New York,Penn Station,3,17,Philadelphia,10th and Filbert,
1626,direct,2019-03-02,19:40,New York,Penn Station,3,26,Philadelphia,10th and Filbert,
1627,direct,2019-03-03,07:30,Seattle,Westlake Station,4,32,Portland,SW Arthur & 1st,
1628,direct,2019-03-03,09:00,Seattle,Westlake Station,4,29,Portland,SW Arthur & 1st,
1629,direct,2019-03-03,09:20,Seattle,Westlake Station,4,27,Portland,SW Arthur & 1st,
1630,direct,2019-03-03,09:30,Seattle,Westlake Station,4,33,Portland,SW Arthur & 1st,
1631,direct,2019-03-03,09:50,Seattle,Westlake Station,4,27,Portland,SW Arthur & 1st,
1632,direct,2019-03-03,12:10,Seattle,Westlake Station,4,32,Portland,SW Arthur & 1st,
1633,direct,2019-03-03,12:20,Seattle,Westlake Station,4,31,Portland,SW Arthur & 1st,
1634,direct,2019-03-03,18:30,Seattle,Westlake Station,4,30,Portland,SW Arthur & 1st,
1635,direct,2019-03-01,06:00,New York,Penn Station,1,42,Washington,Silver Spring Bus Stop,
1636,direct,2019-03-01,06:20,New York,Penn Station,1,34,Washington,Silver Spring Bus Stop,
1637,direct,2019-03-01,06:50,New York,Penn Station,1,36,Washington,Silver Spring Bus Stop,
1638,direct,2019-03-01,07:40,New York,Penn Station,1,33,Washington,Silver Spring Bus Stop,
1639,direct,2019-03-01,07:50,New York,Penn Station,1,42,Washington,Silver Spring Bus Stop,
1640,direct,2019-03-01,10:10,New York,Penn Station,1,40,Washington,Silver Spring Bus Stop,
1641,direct,2019-03-01,14:40,New York,Penn Station,1,36,Washington,Silver Spring Bus Stop,
1642,direct,2019-03-01,17:20,New York,Penn Station,1,36,Washington,Silver Spring Bus Stop,
1643,direct,2019-03-03,06:20,Washington,Silver Spring Bus Stop,1,38,New York,Penn Station,
1644,direct,2019-03-03,12:10,Washington,Silver Spring Bus Stop,1,32,New York,Penn Station,
1645,direct,2019-03-03,13:30,Washington,Silver Spring Bus Stop,1,32,New York,Penn Station,
1646,direct,2019-03-03,15:50,Washington,Silver Spring Bus Stop,1,35,New York,Penn Station,
1647,direct,2019-03-03,17:00,Washington,Silver Spring Bus Stop,1,37,New York,Penn Station,
1648,direct,2019-03-03,18:10,Washington,Silver Spring Bus Stop,1,35,New York,Penn Station,
1649,direct,2019-03-03,19:10,Washington,Silver Spring Bus Stop,1,34,New York,Penn Station,
1650,direct,2019-03-03,07:10,Portland,SW Arthur & 1st,3,38,Vancouver,Pacific Central Station,
1651,direct,2019-03-03,07:20,Portland,SW Arthur & 1st,3,37,Vancouver,Pacific Central Station,
1652,direct,2019-03-03,07:50,Portland,SW Arthur & 1st,3,42,Vancouver,Pacific Central Station,
1653,direct,2019-03-03,08:30,Portland,SW Arthur & 1st,3,41,Vancouver,Pacific Central Station,
1654,direct,2019-03-03,10:00,Portland,SW Arthur & 1st,3,48,Vancouver,Pacific Central Station,
1655,direct,2019-03-03,10:10,Portland,SW Arthur & 1st,3,40,Vancouver,Pacific Central Station,
1656,direct,2019-03-03,19:40,Portland,SW Arthur & 1st,3,43,Vancouver,Pacific Central Station,
1657,direct,2019-03-05,06:50,Los Angeles,North Hollywood Station,1,24,San Diego,El Cajon Bus Stop,
1658,direct,2019-03-05,08:10,Los Angeles,North Hollywood Station,1,25,San Diego,El Cajon Bus Stop,
1659,direct,2019-03-05,08:50,Los Angeles,North Hollywood Station,1,24,San Diego,El Cajon Bus Stop,
1660,direct,2019-03-05,10:30,Los Angeles,North Hollywood Station,1,30,San Diego,El Cajon Bus Stop,
1661,direct,2019-03-05,10:40,Los Angeles,North Hollywood Station,1,28,San Diego,El Cajon Bus Stop,
1662,direct,2019-03-05,11:10,Los Angeles,North Hollywood Station,1,29,San Diego,El Cajon Bus Stop,
1663,direct,2019-03-05,12:10,Los Angeles,North Hollywood Station,1,28,San Diego,El Cajon Bus Stop,
1664,direct,2019-03-05,13:20,Los Angeles,North Hollywood Station,1,26,San Diego,El Cajon Bus Stop,
1665,direct,2019-03-05,14:00,Los Angeles,North Hollywood Station,1,26,San Diego,El Cajon Bus Stop,
1666,direct,2019-03-05,14:30,Los Angeles,North Hollywood Station,1,26,San Diego,El Cajon Bus Stop,
1667,direct,2019-03-07,06:20,Philadelphia,10th and Filbert,1,28,Washington,Silver Spring Bus Stop,
1668,direct,2019-03-07,10:00,Philadelphia,10th and Filbert,1,28,Washington,Silver Spring Bus Stop,
1669,direct,2019-03-07,11:10,Philadelphia,10th and Filbert,1,28,Washington,Silver Spring Bus Stop,
1670,direct,2019-03-07,14:30,Philadelphia,10th and Filbert,1,30,Washington,Silver Spring Bus Stop,
1671,direct,2019-03-07,14:40,Philadelphia,10th and Filbert,1,29,Washington,Silver Spring Bus Stop,
1672,direct,2019-03-07,17:10,Philadelphia,10th and Filbert,1,28,Washington,Silver Spring Bus Stop,
1673,direct,2019-03-07,18:50,Philadelphia,10th and Filbert,1,26,Washington,Silver Spring Bus Stop,
1674,direct,2019-03-07,19:20,Philadelphia,10th and Filbert,1,29,Washington,Silver Spring Bus Stop,
1675,direct,2019-03-01,07:40,New York,Penn Station,2,26,Philadelphia,10th and Filbert,
1676,direct,2019-03-01,07:50,New York,Penn Station,2,24,Philadelphia,10th and Filbert,
1677,direct,2019-03-01,08:50,New York,Penn Station,2,17,Philadelphia,10th and Filbert,
1678,direct,2019-03-01,09:30,New York,Penn Station,2,25,Philadelphia,10th and Filbert,
1679,direct,2019-03-01,16:30,New York,Penn Station,2,24,Philadelphia,10th and Filbert,
1680,direct,2019-03-01,17:20,New York,Penn Station,2,20,Philadelphia,10th and Filbert,
1681,direct,2019-03-01,19:40,New York,Penn Station,2,21,Philadelphia,10th and Filbert,
1682,direct,2019-03-09,09:10,San Diego,El Cajon Bus Stop,1,24,Los Angeles,North Hollywood Station,
1683,direct,2019-03-09,09:20,San Diego,El Cajon Bus Stop,1,27,Los Angeles,North Hollywood Station,
1684,direct,2019-03-09,14:20,San Diego,El Cajon Bus Stop,1,26,Los Angeles,North Hollywood Station,
1685,direct,2019-03-09,16:00,San Diego,El Cajon Bus Stop,1,26,Los Angeles,North Hollywood Station,
1686,direct,2019-03-09,16:10,San Diego,El Cajon Bus Stop,1,27,Los Angeles,North Hollywood Station,
1687,direct,2019-03-09,16:40,San Diego,El Cajon Bus Stop,1,26,Los Angeles,North Hollywood Station,
1688,direct,2019-03-09,17:10,San Diego,El Cajon Bus Stop,1,23,Los Angeles,North Hollywood Station,
1689,direct,2019-03-09,17:20,San Diego,El Cajon Bus Stop,1,26,Los Angeles,North Hollywood Station,
1690,direct,2019-03-09,17:30,San Diego,El Cajon Bus Stop,1,26,Los Angeles,North Hollywood Station,
1691,direct,2019-03-09,18:10,San Diego,El Cajon Bus Stop,1,29,Los Angeles,North Hollywood Station,
1692,direct,2019-03-04,06:40,Las Vegas,Union Plaza,2,51,San Francisco,Transbay Terminal,
1693,direct,2019-03-04,11:30,Las Vegas,Union Plaza,2,51,San Francisco,Transbay Terminal,
1694,direct,2019-03-04,12:30,Las Vegas,Union Plaza,2,51,San Francisco,Transbay Terminal,
1695,direct,2019-03-04,13:00,Las Vegas,Union Plaza,2,59,San Francisco,Transbay Terminal,
1696,direct,2019-03-04,17:30,Las Vegas,Union Plaza,2,56,San Francisco,Transbay Terminal,
1697,direct,2019-03-04,18:50,Las Vegas,Union Plaza,2,43,San Francisco,Transbay Terminal,
1698,direct,2019-03-04,19:20,Las Vegas,Union Plaza,2,64,San Francisco,Transbay Terminal,
1699,direct,2019-03-06,06:20,Philadelphia,10th and Filbert,1,25,Washington,Silver Spring Bus Stop,
1700,direct,2019-03-06,10:00,Philadelphia,10th and Filbert,1,28,Washington,Silver Spring Bus Stop,
1701,direct,2019-03-06,11:10,Philadelphia,10th and Filbert,1,28,Washington,Silver Spring Bus Stop,
1702,direct,2019-03-06,14:30,Philadelphia,10th and Filbert,1,29,Washington,Silver Spring Bus Stop,
1703,direct,2019-03-06,14:40,Philadelphia,10th and Filbert,1,29,Washington,Silver Spring Bus Stop,
1704,direct,2019-03-06,17:10,Philadelphia,10th and Filbert,1,28,Washington,Silver Spring Bus Stop,
1705,direct,2019-03-06,18:50,Philadelphia,10th and Filbert,1,28,Washington,Silver Spring Bus Stop,
1706,direct,2019-03-06,19:20,Philadelphia,10th and Filbert,1,28,Washington,Silver Spring Bus Stop,
1707,direct,2019-03-06,07:40,New York,Penn Station,1,21,Philadelphia,10th and Filbert,
1708,direct,2019-03-06,07:50,New York,Penn Station,1,24,Philadelphia,10th and Filbert,
1709,direct,2019-03-06,08:50,New York,Penn Station,1,21,Philadelphia,10th and Filbert,
1710,direct,2019-03-06,09:30,New York,Penn Station,1,21,Philadelphia,10th and Filbert,
1711,direct,2019-03-06,16:30,New York,Penn Station,1,23,Philadelphia,10th and Filbert,
1712,direct,2019-03-06,17:20,New York,Penn Station,1,23,Philadelphia,10th and Filbert,
1713,direct,2019-03-06,19:40,New York,Penn Station,1,20,Philadelphia,10th and Filbert,
1714,direct,2019-03-01,07:30,Seattle,Westlake Station,1,31,Portland,SW Arthur & 1st,
1715,direct,2019-03-01,09:00,Seattle,Westlake Station,1,29,Portland,SW Arthur & 1st,
1716,direct,2019-03-01,09:20,Seattle,Westlake Station,1,27,Portland,SW Arthur & 1st,
1717,direct,2019-03-01,09:30,Seattle,Westlake Station,1,34,Portland,SW Arthur & 1st,
1718,direct,2019-03-01,09:50,Seattle,Westlake Station,1,35,Portland,SW Arthur & 1st,
1719,direct,2019-03-01,12:10,Seattle,Westlake Station,1,26,Portland,SW Arthur & 1st,
1720,direct,2019-03-01,12:20,Seattle,Westlake Station,1,27,Portland,SW Arthur & 1st,
1721,direct,2019-03-01,18:30,Seattle,Westlake Station,1,27,Portland,SW Arthur & 1st,
1722,direct,2019-03-07,06:20,Philadelphia,10th and Filbert,3,28,Washington,Silver Spring Bus Stop,
1723,direct,2019-03-07,10:00,Philadelphia,10th and Filbert,3,28,Washington,Silver Spring Bus Stop,
1724,direct,2019-03-07,11:10,Philadelphia,10th and Filbert,3,28,Washington,Silver Spring Bus Stop,
1725,direct,2019-03-07,14:30,Philadelphia,10th and Filbert,3,30,Washington,Silver Spring Bus Stop,
1726,direct,2019-03-07,14:40,Philadelphia,10th and Filbert,3,29,Washington,Silver Spring Bus Stop,
1727,direct,2019-03-07,17:10,Philadelphia,10th and Filbert,3,28,Washington,Silver Spring Bus Stop,
1728,direct,2019-03-07,18:50,Philadelphia,10th and Filbert,3,26,Washington,Silver Spring Bus Stop,
1729,direct,2019-03-07,19:20,Philadelphia,10th and Filbert,3,29,Washington,Silver Spring Bus Stop,
1730,direct,2019-03-10,06:10,Seattle,Westlake Station,1,27,Vancouver,Pacific Central Station,
1731,direct,2019-03-10,07:20,Seattle,Westlake Station,1,27,Vancouver,Pacific Central Station,
1732,direct,2019-03-10,08:00,Seattle,Westlake Station,1,24,Vancouver,Pacific Central Station,
1733,direct,2019-03-10,08:50,Seattle,Westlake Station,1,22,Vancouver,Pacific Central Station,
1734,direct,2019-03-10,11:10,Seattle,Westlake Station,1,25,Vancouver,Pacific Central Station,
1735,direct,2019-03-10,12:00,Seattle,Westlake Station,1,28,Vancouver,Pacific Central Station,
1736,direct,2019-03-10,12:20,Seattle,Westlake Station,1,28,Vancouver,Pacific Central Station,
1737,direct,2019-03-10,15:20,Seattle,Westlake Station,1,27,Vancouver,Pacific Central Station,
1738,direct,2019-03-10,18:10,Seattle,Westlake Station,1,29,Vancouver,Pacific Central Station,
1739,direct,2019-03-10,18:20,Seattle,Westlake Station,1,31,Vancouver,Pacific Central Station,
1740,direct,2019-03-02,06:20,Washington,Silver Spring Bus Stop,4,34,New York,Penn Station,
1741,direct,2019-03-02,12:10,Washington,Silver Spring Bus Stop,4,38,New York,Penn Station,
1742,direct,2019-03-02,13:30,Washington,Silver Spring Bus Stop,4,30,New York,Penn Station,
1743,direct,2019-03-02,15:50,Washington,Silver Spring Bus Stop,4,35,New York,Penn Station,
1744,direct,2019-03-02,17:00,Washington,Silver Spring Bus Stop,4,39,New York,Penn Station,
1745,direct,2019-03-02,18:10,Washington,Silver Spring Bus Stop,4,36,New York,Penn Station,
1746,direct,2019-03-02,19:10,Washington,Silver Spring Bus Stop,4,36,New York,Penn Station,
1747,direct,2019-03-02,07:40,New York,Penn Station,1,23,Philadelphia,10th and Filbert,
1748,direct,2019-03-02,07:50,New York,Penn Station,1,20,Philadelphia,10th and Filbert,
1749,direct,2019-03-02,08:50,New York,Penn Station,1,27,Philadelphia,10th and Filbert,
1750,direct,2019-03-02,09:30,New York,Penn Station,1,22,Philadelphia,10th and Filbert,
1751,direct,2019-03-02,16:30,New York,Penn Station,1,22,Philadelphia,10th and Filbert,
1752,direct,2019-03-02,17:20,New York,Penn Station,1,17,Philadelphia,10th and Filbert,
1753,direct,2019-03-02,19:40,New York,Penn Station,1,26,Philadelphia,10th and Filbert,
1754,direct,2019-03-05,06:20,Washington,Silver Spring Bus Stop,1,38,New York,Penn Station,
1755,direct,2019-03-05,12:10,Washington,Silver Spring Bus Stop,1,33,New York,Penn Station,
1756,direct,2019-03-05,13:30,Washington,Silver Spring Bus Stop,1,37,New York,Penn Station,
1757,direct,2019-03-05,15:50,Washington,Silver Spring Bus Stop,1,40,New York,Penn Station,
1758,direct,2019-03-05,17:00,Washington,Silver Spring Bus Stop,1,38,New York,Penn Station,
1759,direct,2019-03-05,18:10,Washington,Silver Spring Bus Stop,1,37,New York,Penn Station,
1760,direct,2019-03-05,19:10,Washington,Silver Spring Bus Stop,1,40,New York,Penn Station,
1761,direct,2019-03-03,07:40,Vancouver,Pacific Central Station,1,30,Seattle,Westlake Station,
1762,direct,2019-03-03,09:10,Vancouver,Pacific Central Station,1,29,Seattle,Westlake Station,
1763,direct,2019-03-03,13:10,Vancouver,Pacific Central Station,1,28,Seattle,Westlake Station,
1764,direct,2019-03-03,13:40,Vancouver,Pacific Central Station,1,29,Seattle,Westlake Station,
1765,direct,2019-03-03,15:00,Vancouver,Pacific Central Station,1,31,Seattle,Westlake Station,
1766,direct,2019-03-03,15:20,Vancouver,Pacific Central Station,1,28,Seattle,Westlake Station,
1767,direct,2019-03-03,15:40,Vancouver,Pacific Central Station,1,24,Seattle,Westlake Station,
1768,direct,2019-03-03,16:10,Vancouver,Pacific Central Station,1,25,Seattle,Westlake Station,
1769,direct,2019-03-03,17:40,Vancouver,Pacific Central Station,1,27,Seattle,Westlake Station,
1770,direct,2019-03-03,18:20,Vancouver,Pacific Central Station,1,29,Seattle,Westlake Station,
1771,direct,2019-03-09,07:40,New York,Penn Station,1,21,Philadelphia,10th and Filbert,
1772,direct,2019-03-09,07:50,New York,Penn Station,1,23,Philadelphia,10th and Filbert,
1773,direct,2019-03-09,08:50,New York,Penn Station,1,17,Philadelphia,10th and Filbert,
1774,direct,2019-03-09,09:30,New York,Penn Station,1,23,Philadelphia,10th and Filbert,
1775,direct,2019-03-09,16:30,New York,Penn Station,1,22,Philadelphia,10th and Filbert,
1776,direct,2019-03-09,17:20,New York,Penn Station,1,20,Philadelphia,10th and Filbert,
1777,direct,2019-03-09,19:40,New York,Penn Station,1,21,Philadelphia,10th and Filbert,
1778,direct,2019-03-02,06:30,San Diego,El Cajon Bus Stop,2,49,San Francisco,Transbay Terminal,
1779,direct,2019-03-02,07:20,San Diego,El Cajon Bus Stop,2,53,San Francisco,Transbay Terminal,
1780,direct,2019-03-02,09:10,San Diego,El Cajon Bus Stop,2,53,San Francisco,Transbay Terminal,
1781,direct,2019-03-02,10:30,San Diego,El Cajon Bus Stop,2,52,San Francisco,Transbay Terminal,
1782,direct,2019-03-02,13:20,San Diego,El Cajon Bus Stop,2,59,San Francisco,Transbay Terminal,
1783,direct,2019-03-02,14:50,San Diego,El Cajon Bus Stop,2,55,San Francisco,Transbay Terminal,
1784,direct,2019-03-05,07:30,San Francisco,Transbay Terminal,1,42,Los Angeles,North Hollywood Station,
1785,direct,2019-03-05,07:50,San Francisco,Transbay Terminal,1,50,Los Angeles,North Hollywood Station,
1786,direct,2019-03-05,11:20,San Francisco,Transbay Terminal,1,51,Los Angeles,North Hollywood Station,
1787,direct,2019-03-05,12:20,San Francisco,Transbay Terminal,1,46,Los Angeles,North Hollywood Station,
1788,direct,2019-03-05,13:40,San Francisco,Transbay Terminal,1,45,Los Angeles,North Hollywood Station,
1789,direct,2019-03-05,15:20,San Francisco,Transbay Terminal,1,46,Los Angeles,North Hollywood Station,
1790,direct,2019-03-05,15:30,San Francisco,Transbay Terminal,1,50,Los Angeles,North Hollywood Station,
1791,direct,2019-03-05,18:20,San Francisco,Transbay Terminal,1,45,Los Angeles,North Hollywood Station,
1792,direct,2019-03-05,18:50,San Francisco,Transbay Terminal,1,50,Los Angeles,North Hollywood Station,
1793,direct,2019-03-03,08:30,Washington,Silver Spring Bus Stop,1,29,Philadelphia,10th and Filbert,
1794,direct,2019-03-03,11:30,Washington,Silver Spring Bus Stop,1,27,Philadelphia,10th and Filbert,
1795,direct,2019-03-03,12:40,Washington,Silver Spring Bus Stop,1,27,Philadelphia,10th and Filbert,
1796,direct,2019-03-03,13:20,Washington,Silver Spring Bus Stop,1,31,Philadelphia,10th and Filbert,
1797,direct,2019-03-03,14:30,Washington,Silver Spring Bus Stop,1,30,Philadelphia,10th and Filbert,
1798,direct,2019-03-03,17:00,Washington,Silver Spring Bus Stop,1,32,Philadelphia,10th and Filbert,
1799,direct,2019-03-03,17:10,Washington,Silver Spring Bus Stop,1,34,Philadelphia,10th and Filbert,
1800,direct,2019-03-05,09:00,Philadelphia,10th and Filbert,3,23,New York,Penn Station,
1801,direct,2019-03-05,10:10,Philadelphia,10th and Filbert,3,23,New York,Penn Station,
1802,direct,2019-03-05,12:30,Philadelphia,10th and Filbert,3,22,New York,Penn Station,
1803,direct,2019-03-05,13:10,Philadelphia,10th and Filbert,3,22,New York,Penn Station,
1804,direct,2019-03-05,13:50,Philadelphia,10th and Filbert,3,22,New York,Penn Station,
1805,direct,2019-03-05,18:00,Philadelphia,10th and Filbert,3,21,New York,Penn Station,
1806,direct,2019-03-08,06:10,Seattle,Westlake Station,1,27,Vancouver,Pacific Central Station,
1807,direct,2019-03-08,07:20,Seattle,Westlake Station,1,29,Vancouver,Pacific Central Station,
1808,direct,2019-03-08,08:00,Seattle,Westlake Station,1,28,Vancouver,Pacific Central Station,
1809,direct,2019-03-08,08:50,Seattle,Westlake Station,1,25,Vancouver,Pacific Central Station,
1810,direct,2019-03-08,11:10,Seattle,Westlake Station,1,29,Vancouver,Pacific Central Station,
1811,direct,2019-03-08,12:00,Seattle,Westlake Station,1,28,Vancouver,Pacific Central Station,
1812,direct,2019-03-08,12:20,Seattle,Westlake Station,1,29,Vancouver,Pacific Central Station,
1813,direct,2019-03-08,15:20,Seattle,Westlake Station,1,26,Vancouver,Pacific Central Station,
1814,direct,2019-03-08,18:10,Seattle,Westlake Station,1,27,Vancouver,Pacific Central Station,
1815,direct,2019-03-08,18:20,Seattle,Westlake Station,1,26,Vancouver,Pacific Central Station,
1816,direct,2019-03-05,09:00,Philadelphia,10th and Filbert,1,23,New York,Penn Station,
1817,direct,2019-03-05,10:10,Philadelphia,10th and Filbert,1,23,New York,Penn Station,
1818,direct,2019-03-05,12:30,Philadelphia,10th and Filbert,1,22,New York,Penn Station,
1819,direct,2019-03-05,13:10,Philadelphia,10th and Filbert,1,22,New York,Penn Station,
1820,direct,2019-03-05,13:50,Philadelphia,10th and Filbert,1,22,New York,Penn Station,
1821,direct,2019-03-05,18:00,Philadelphia,10th and Filbert,1,21,New York,Penn Station,
1822,direct,2019-03-05,07:40,New York,Penn Station,1,22,Philadelphia,10th and Filbert,
1823,direct,2019-03-05,07:50,New York,Penn Station,1,20,Philadelphia,10th and Filbert,
1824,direct,2019-03-05,08:50,New York,Penn Station,1,24,Philadelphia,10th and Filbert,
1825,direct,2019-03-05,09:30,New York,Penn Station,1,23,Philadelphia,10th and Filbert,
1826,direct,2019-03-05,16:30,New York,Penn Station,1,23,Philadelphia,10th and Filbert,
1827,direct,2019-03-05,17:20,New York,Penn Station,1,21,Philadelphia,10th and Filbert,
1828,direct,2019-03-05,19:40,New York,Penn Station,1,24,Philadelphia,10th and Filbert,
1829,direct,2019-03-05,07:40,New York,Penn Station,3,22,Philadelphia,10th and Filbert,
1830,direct,2019-03-05,07:50,New York,Penn Station,3,20,Philadelphia,10th and Filbert,
1831,direct,2019-03-05,08:50,New York,Penn Station,3,24,Philadelphia,10th and Filbert,
1832,direct,2019-03-05,09:30,New York,Penn Station,3,23,Philadelphia,10th and Filbert,
1833,direct,2019-03-05,16:30,New York,Penn Station,3,23,Philadelphia,10th and Filbert,
1834,direct,2019-03-05,17:20,New York,Penn Station,3,21,Philadelphia,10th and Filbert,
1835,direct,2019-03-01,09:10,San Diego,El Cajon Bus Stop,1,24,Los Angeles,North Hollywood Station,
1836,direct,2019-03-01,09:20,San Diego,El Cajon Bus Stop,1,24,Los Angeles,North Hollywood Station,
1837,direct,2019-03-01,14:20,San Diego,El Cajon Bus Stop,1,24,Los Angeles,North Hollywood Station,
1838,direct,2019-03-01,16:00,San Diego,El Cajon Bus Stop,1,29,Los Angeles,North Hollywood Station,
1839,direct,2019-03-01,16:10,San Diego,El Cajon Bus Stop,1,27,Los Angeles,North Hollywood Station,
1840,direct,2019-03-01,16:40,San Diego,El Cajon Bus Stop,1,23,Los Angeles,North Hollywood Station,
1841,direct,2019-03-01,17:10,San Diego,El Cajon Bus Stop,1,26,Los Angeles,North Hollywood Station,
1842,direct,2019-03-01,17:20,San Diego,El Cajon Bus Stop,1,27,Los Angeles,North Hollywood Station,
1843,direct,2019-03-01,17:30,San Diego,El Cajon Bus Stop,1,29,Los Angeles,North Hollywood Station,
1844,direct,2019-03-01,18:10,San Diego,El Cajon Bus Stop,1,25,Los Angeles,North Hollywood Station,
1845,direct,2019-03-04,09:10,San Diego,El Cajon Bus Stop,4,27,Los Angeles,North Hollywood Station,
1846,direct,2019-03-04,09:20,San Diego,El Cajon Bus Stop,4,25,Los Angeles,North Hollywood Station,
1847,direct,2019-03-04,14:20,San Diego,El Cajon Bus Stop,4,28,Los Angeles,North Hollywood Station,
1848,direct,2019-03-04,16:00,San Diego,El Cajon Bus Stop,4,28,Los Angeles,North Hollywood Station,
1849,direct,2019-03-04,16:10,San Diego,El Cajon Bus Stop,4,23,Los Angeles,North Hollywood Station,
1850,direct,2019-03-04,16:40,San Diego,El Cajon Bus Stop,4,22,Los Angeles,North Hollywood Station,
1851,direct,2019-03-04,17:10,San Diego,El Cajon Bus Stop,4,24,Los Angeles,North Hollywood Station,
1852,direct,2019-03-04,17:20,San Diego,El Cajon Bus Stop,4,25,Los Angeles,North Hollywood Station,
1853,direct,2019-03-04,17:30,San Diego,El Cajon Bus Stop,4,25,Los Angeles,North Hollywood Station,
1854,direct,2019-03-04,18:10,San Diego,El Cajon Bus Stop,4,27,Los Angeles,North Hollywood Station,
1855,direct,2019-03-01,06:40,Las Vegas,Union Plaza,1,56,San Francisco,Transbay Terminal,
1856,direct,2019-03-01,11:30,Las Vegas,Union Plaza,1,52,San Francisco,Transbay Terminal,
1857,direct,2019-03-01,12:30,Las Vegas,Union Plaza,1,51,San Francisco,Transbay Terminal,
1858,direct,2019-03-01,13:00,Las Vegas,Union Plaza,1,47,San Francisco,Transbay Terminal,
1859,direct,2019-03-01,17:30,Las Vegas,Union Plaza,1,53,San Francisco,Transbay Terminal,
1860,direct,2019-03-01,18:50,Las Vegas,Union Plaza,1,50,San Francisco,Transbay Terminal,
1861,direct,2019-03-01,19:20,Las Vegas,Union Plaza,1,53,San Francisco,Transbay Terminal,
1862,direct,2019-03-01,06:40,Las Vegas,Union Plaza,2,56,San Francisco,Transbay Terminal,
1863,direct,2019-03-01,11:30,Las Vegas,Union Plaza,2,52,San Francisco,Transbay Terminal,
1864,direct,2019-03-01,12:30,Las Vegas,Union Plaza,2,51,San Francisco,Transbay Terminal,
1865,direct,2019-03-01,13:00,Las Vegas,Union Plaza,2,47,San Francisco,Transbay Terminal,
1866,direct,2019-03-01,17:30,Las Vegas,Union Plaza,2,53,San Francisco,Transbay Terminal,
1867,direct,2019-03-03,08:30,Washington,Silver Spring Bus Stop,3,29,Philadelphia,10th and Filbert,
1868,direct,2019-03-03,11:30,Washington,Silver Spring Bus Stop,3,27,Philadelphia,10th and Filbert,
1869,direct,2019-03-03,12:40,Washington,Silver Spring Bus Stop,3,27,Philadelphia,10th and Filbert,
1870,direct,2019-03-03,13:20,Washington,Silver Spring Bus Stop,3,31,Philadelphia,10th and Filbert,
1871,direct,2019-03-03,14:30,Washington,Silver Spring Bus Stop,3,30,Philadelphia,10th and Filbert,
1872,direct,2019-03-03,17:00,Washington,Silver Spring Bus Stop,3,32,Philadelphia,10th and Filbert,
1873,direct,2019-03-03,17:10,Washington,Silver Spring Bus Stop,3,34,Philadelphia,10th and Filbert,
1874,direct,2019-03-04,06:30,San Diego,El Cajon Bus Stop,3,61,San Francisco,Transbay Terminal,
1875,direct,2019-03-04,07:20,San Diego,El Cajon Bus Stop,3,55,San Francisco,Transbay Terminal,
1876,direct,2019-03-04,09:10,San Diego,El Cajon Bus Stop,3,53,San Francisco,Transbay Terminal,
1877,direct,2019-03-04,10:30,San Diego,El Cajon Bus Stop,3,54,San Francisco,Transbay Terminal,
1878,direct,2019-03-04,13:20,San Diego,El Cajon Bus Stop,3,53,San Francisco,Transbay Terminal,
1879,direct,2019-03-04,14:50,San Diego,El Cajon Bus Stop,3,55,San Francisco,Transbay Terminal,
1880,direct,2019-03-04,06:30,San Diego,El Cajon Bus Stop,2,61,San Francisco,Transbay Terminal,
1881,direct,2019-03-04,07:20,San Diego,El Cajon Bus Stop,2,55,San Francisco,Transbay Terminal,
1882,direct,2019-03-04,09:10,San Diego,El Cajon Bus Stop,2,53,San Francisco,Transbay Terminal,
1883,direct,2019-03-04,10:30,San Diego,El Cajon Bus Stop,2,54,San Francisco,Transbay Terminal,
1884,direct,2019-03-01,07:10,Portland,SW Arthur & 1st,1,36,Vancouver,Pacific Central Station,
1885,direct,2019-03-01,07:20,Portland,SW Arthur & 1st,1,46,Vancouver,Pacific Central Station,
1886,direct,2019-03-01,07:50,Portland,SW Arthur & 1st,1,38,Vancouver,Pacific Central Station,
1887,direct,2019-03-01,08:30,Portland,SW Arthur & 1st,1,41,Vancouver,Pacific Central Station,
1888,direct,2019-03-01,10:00,Portland,SW Arthur & 1st,1,44,Vancouver,Pacific Central Station,
1889,direct,2019-03-01,10:10,Portland,SW Arthur & 1st,1,37,Vancouver,Pacific Central Station,
1890,direct,2019-03-01,19:40,Portland,SW Arthur & 1st,1,41,Vancouver,Pacific Central Station,
1891,direct,2019-03-09,08:30,Washington,Silver Spring Bus Stop,1,30,Philadelphia,10th and Filbert,
1892,direct,2019-03-09,11:30,Washington,Silver Spring Bus Stop,1,28,Philadelphia,10th and Filbert,
1893,direct,2019-03-09,12:40,Washington,Silver Spring Bus Stop,1,29,Philadelphia,10th and Filbert,
1894,direct,2019-03-09,13:20,Washington,Silver Spring Bus Stop,1,25,Philadelphia,10th and Filbert,
1895,direct,2019-03-09,14:30,Washington,Silver Spring Bus Stop,1,27,Philadelphia,10th and Filbert,
1896,direct,2019-03-09,17:00,Washington,Silver Spring Bus Stop,1,32,Philadelphia,10th and Filbert,
1897,direct,2019-03-09,17:10,Washington,Silver Spring Bus Stop,1,28,Philadelphia,10th and Filbert,
1898,direct,2019-03-06,07:30,San Francisco,Transbay Terminal,4,51,Los Angeles,North Hollywood Station,
1899,direct,2019-03-06,07:50,San Francisco,Transbay Terminal,4,48,Los Angeles,North Hollywood Station,
1900,direct,2019-03-06,11:20,San Francisco,Transbay Terminal,4,49,Los Angeles,North Hollywood Station,
1901,direct,2019-03-06,12:20,San Francisco,Transbay Terminal,4,45,Los Angeles,North Hollywood Station,
1902,direct,2019-03-06,13:40,San Francisco,Transbay Terminal,4,43,Los Angeles,North Hollywood Station,
1903,direct,2019-03-06,15:20,San Francisco,Transbay Terminal,4,51,Los Angeles,North Hollywood Station,
1904,direct,2019-03-06,15:30,San Francisco,Transbay Terminal,4,51,Los Angeles,North Hollywood Station,
1905,direct,2019-03-06,18:20,San Francisco,Transbay Terminal,4,47,Los Angeles,North Hollywood Station,
1906,direct,2019-03-06,18:50,San Francisco,Transbay Terminal,4,54,Los Angeles,North Hollywood Station,
1907,direct,2019-03-09,06:10,Seattle,Westlake Station,1,30,Vancouver,Pacific Central Station,
1908,direct,2019-03-09,07:20,Seattle,Westlake Station,1,33,Vancouver,Pacific Central Station,
1909,direct,2019-03-09,08:00,Seattle,Westlake Station,1,30,Vancouver,Pacific Central Station,
1910,direct,2019-03-09,08:50,Seattle,Westlake Station,1,27,Vancouver,Pacific Central Station,
1911,direct,2019-03-09,11:10,Seattle,Westlake Station,1,26,Vancouver,Pacific Central Station,
1912,direct,2019-03-09,12:00,Seattle,Westlake Station,1,29,Vancouver,Pacific Central Station,
1913,direct,2019-03-09,12:20,Seattle,Westlake Station,1,23,Vancouver,Pacific Central Station,
1914,direct,2019-03-09,15:20,Seattle,Westlake Station,1,29,Vancouver,Pacific Central Station,
1915,direct,2019-03-09,18:10,Seattle,Westlake Station,1,29,Vancouver,Pacific Central Station,
1916,direct,2019-03-09,18:20,Seattle,Westlake Station,1,28,Vancouver,Pacific Central Station,
1917,direct,2019-03-12,06:10,Seattle,Westlake Station,1,27,Vancouver,Pacific Central Station,
1918,direct,2019-03-12,07:20,Seattle,Westlake Station,1,25,Vancouver,Pacific Central Station,
1919,direct,2019-03-12,08:00,Seattle,Westlake Station,1,27,Vancouver,Pacific Central Station,
1920,direct,2019-03-12,08:50,Seattle,Westlake Station,1,27,Vancouver,Pacific Central Station,
1921,direct,2019-03-12,11:10,Seattle,Westlake Station,1,27,Vancouver,Pacific Central Station,
1922,direct,2019-03-12,12:00,Seattle,Westlake Station,1,27,Vancouver,Pacific Central Station,
1923,direct,2019-03-12,12:20,Seattle,Westlake Station,1,25,Vancouver,Pacific Central Station,
1924,direct,2019-03-12,15:20,Seattle,Westlake Station,1,25,Vancouver,Pacific Central Station,
1925,direct,2019-03-12,18:10,Seattle,Westlake Station,1,29,Vancouver,Pacific Central Station,
1926,direct,2019-03-12,18:20,Seattle,Westlake Station,1,31,Vancouver,Pacific Central Station,
1927,direct,2019-03-04,06:00,Las Vegas,Union Plaza,4,38,Los Angeles,North Hollywood Station,
1928,direct,2019-03-04,14:30,Las Vegas,Union Plaza,4,38,Los Angeles,North Hollywood Station,
1929,direct,2019-03-04,14:40,Las Vegas,Union Plaza,4,38,Los Angeles,North Hollywood Station,
1930,direct,2019-03-04,16:50,Las Vegas,Union Plaza,4,35,Los Angeles,North Hollywood Station,
1931,direct,2019-03-03,09:00,Philadelphia,10th and Filbert,1,25,New York,Penn Station,
1932,direct,2019-03-03,10:10,Philadelphia,10th and Filbert,1,22,New York,Penn Station,
1933,direct,2019-03-03,12:30,Philadelphia,10th and Filbert,1,19,New York,Penn Station,
1934,direct,2019-03-03,13:10,Philadelphia,10th and Filbert,1,20,New York,Penn Station,
1935,direct,2019-03-03,13:50,Philadelphia,10th and Filbert,1,23,New York,Penn Station,
1936,direct,2019-03-03,18:00,Philadelphia,10th and Filbert,1,22,New York,Penn Station,
1937,direct,2019-03-01,09:00,Philadelphia,10th and Filbert,2,23,New York,Penn Station,
1938,direct,2019-03-01,10:10,Philadelphia,10th and Filbert,2,21,New York,Penn Station,
1939,direct,2019-03-01,12:30,Philadelphia,10th and Filbert,2,21,New York,Penn Station,
1940,direct,2019-03-01,13:10,Philadelphia,10th and Filbert,2,26,New York,Penn Station,
1941,direct,2019-03-01,13:50,Philadelphia,10th and Filbert,2,23,New York,Penn Station,
1942,direct,2019-03-01,18:00,Philadelphia,10th and Filbert,2,23,New York,Penn Station,
1943,direct,2019-03-02,06:40,Los Angeles,North Hollywood Station,4,47,San Francisco,Transbay Terminal,
1944,direct,2019-03-02,07:30,Los Angeles,North Hollywood Station,4,58,San Francisco,Transbay Terminal,
1945,direct,2019-03-02,08:40,Los Angeles,North Hollywood Station,4,45,San Francisco,Transbay Terminal,
1946,direct,2019-03-02,09:00,Los Angeles,North Hollywood Station,4,41,San Francisco,Transbay Terminal,
1947,direct,2019-03-02,10:40,Los Angeles,North Hollywood Station,4,45,San Francisco,Transbay Terminal,
1948,direct,2019-03-02,11:40,Los Angeles,North Hollywood Station,4,49,San Francisco,Transbay Terminal,
1949,direct,2019-03-02,13:00,Los Angeles,North Hollywood Station,4,47,San Francisco,Transbay Terminal,
1950,direct,2019-03-02,13:10,Los Angeles,North Hollywood Station,4,50,San Francisco,Transbay Terminal,
1951,direct,2019-03-02,17:50,Los Angeles,North Hollywood Station,4,38,San Francisco,Transbay Terminal,
1952,direct,2019-03-02,18:00,Los Angeles,North Hollywood Station,4,45,San Francisco,Transbay Terminal,
1953,direct,2019-03-07,07:40,Vancouver,Pacific Central Station,4,25,Seattle,Westlake Station,
1954,direct,2019-03-07,09:10,Vancouver,Pacific Central Station,4,30,Seattle,Westlake Station,
1955,direct,2019-03-07,13:10,Vancouver,Pacific Central Station,4,29,Seattle,Westlake Station,
1956,direct,2019-03-07,13:40,Vancouver,Pacific Central Station,4,28,Seattle,Westlake Station,
1957,direct,2019-03-07,15:00,Vancouver,Pacific Central Station,4,33,Seattle,Westlake Station,
1958,direct,2019-03-07,15:20,Vancouver,Pacific Central Station,4,25,Seattle,Westlake Station,
1959,direct,2019-03-07,15:40,Vancouver,Pacific Central Station,4,24,Seattle,Westlake Station,
1960,direct,2019-03-07,16:10,Vancouver,Pacific Central Station,4,27,Seattle,Westlake Station,
1961,direct,2019-03-07,17:40,Vancouver,Pacific Central Station,4,30,Seattle,Westlake Station,
1962,direct,2019-03-07,18:20,Vancouver,Pacific Central Station,4,24,Seattle,Westlake Station,
1963,direct,2019-03-07,08:30,Washington,Silver Spring Bus Stop,1,28,Philadelphia,10th and Filbert,
1964,direct,2019-03-07,11:30,Washington,Silver Spring Bus Stop,1,32,Philadelphia,10th and Filbert,
1965,direct,2019-03-07,12:40,Washington,Silver Spring Bus Stop,1,30,Philadelphia,10th and Filbert,
1966,direct,2019-03-07,13:20,Washington,Silver Spring Bus Stop,1,28,Philadelphia,10th and Filbert,
1967,direct,2019-03-07,14:30,Washington,Silver Spring Bus Stop,1,27,Philadelphia,10th and Filbert,
1968,direct,2019-03-07,17:00,Washington,Silver Spring Bus Stop,1,28,Philadelphia,10th and Filbert,
1969,direct,2019-03-07,17:10,Washington,Silver Spring Bus Stop,1,27,Philadelphia,10th and Filbert,
1970,direct,2019-03-04,07:40,New York,Penn Station,1,23,Philadelphia,10th and Filbert,
1971,direct,2019-03-04,07:50,New York,Penn Station,1,24,Philadelphia,10th and Filbert,
1972,direct,2019-03-04,08:50,New York,Penn Station,1,22,Philadelphia,10th and Filbert,
1973,direct,2019-03-04,09:30,New York,Penn Station,1,19,Philadelphia,10th and Filbert,
1974,direct,2019-03-04,16:30,New York,Penn Station,1,22,Philadelphia,10th and Filbert,
1975,direct,2019-03-04,17:20,New York,Penn Station,1,21,Philadelphia,10th and Filbert,
1976,direct,2019-03-04,19:40,New York,Penn Station,1,22,Philadelphia,10th and Filbert,
1977,direct,2019-03-07,09:00,Philadelphia,10th and Filbert,2,26,New York,Penn Station,
1978,direct,2019-03-07,10:10,Philadelphia,10th and Filbert,2,20,New York,Penn Station,
1979,direct,2019-03-07,12:30,Philadelphia,10th and Filbert,2,25,New York,Penn Station,
1980,direct,2019-03-07,13:10,Philadelphia,10th and Filbert,2,22,New York,Penn Station,
1981,direct,2019-03-07,13:50,Philadelphia,10th and Filbert,2,24,New York,Penn Station,
1982,direct,2019-03-07,18:00,Philadelphia,10th and Filbert,2,22,New York,Penn Station,
1983,direct,2019-03-06,09:00,Philadelphia,10th and Filbert,1,22,New York,Penn Station,
1984,direct,2019-03-06,10:10,Philadelphia,10th and Filbert,1,24,New York,Penn Station,
1985,direct,2019-03-06,12:30,Philadelphia,10th and Filbert,1,21,New York,Penn Station,
1986,direct,2019-03-06,13:10,Philadelphia,10th and Filbert,1,21,New York,Penn Station,
1987,direct,2019-03-06,13:50,Philadelphia,10th and Filbert,1,20,New York,Penn Station,
1988,direct,2019-03-06,18:00,Philadelphia,10th and Filbert,1,22,New York,Penn Station,
1989,direct,2019-03-02,08:30,Washington,Silver Spring Bus Stop,1,32,Philadelphia,10th and Filbert,
1990,direct,2019-03-02,11:30,Washington,Silver Spring Bus Stop,1,26,Philadelphia,10th and Filbert,
1991,direct,2019-03-02,12:40,Washington,Silver Spring Bus Stop,1,32,Philadelphia,10th and Filbert,
1992,direct,2019-03-02,13:20,Washington,Silver Spring Bus Stop,1,28,Philadelphia,10th and Filbert,
1993,direct,2019-03-02,14:30,Washington,Silver Spring Bus Stop,1,29,Philadelphia,10th and Filbert,
1994,direct,2019-03-02,17:00,Washington,Silver Spring Bus Stop,1,26,Philadelphia,10th and Filbert,
1995,direct,2019-03-02,17:10,Washington,Silver Spring Bus Stop,1,27,Philadelphia,10th and Filbert,
1996,direct,2019-03-11,06:20,Washington,Silver Spring Bus Stop,1,38,New York,Penn Station,
1997,direct,2019-03-11,12:10,Washington,Silver Spring Bus Stop,1,32,New York,Penn Station,
1998,direct,2019-03-11,13:30,Washington,Silver Spring Bus Stop,1,32,New York,Penn Station,
1999,direct,2019-03-11,15:50,Washington,Silver Spring Bus Stop,1,36,New York,Penn Station,
2000,direct,2019-03-11,17:00,Washington,Silver Spring Bus Stop,1,30,New York,Penn Station,
2001,direct,2019-03-11,18:10,Washington,Silver Spring Bus Stop,1,33,New York,Penn Station,
2002,direct,2019-03-11,19:10,Washington,Silver Spring Bus Stop,1,34,New York,Penn Station,
2003,direct,2019-03-04,07:10,Portland,SW Arthur & 1st,2,46,Vancouver,Pacific Central Station,
2004,direct,2019-03-04,07:20,Portland,SW Arthur & 1st,2,40,Vancouver,Pacific Central Station,
2005,direct,2019-03-04,07:50,Portland,SW Arthur & 1st,2,41,Vancouver,Pacific Central Station,
2006,direct,2019-03-04,08:30,Portland,SW Arthur & 1st,2,41,Vancouver,Pacific Central Station,
2007,direct,2019-03-04,10:00,Portland,SW Arthur & 1st,2,44,Vancouver,Pacific Central Station,
2008,direct,2019-03-04,10:10,Portland,SW Arthur & 1st,2,39,Vancouver,Pacific Central Station,
2009,direct,2019-03-04,19:40,Portland,SW Arthur & 1st,2,36,Vancouver,Pacific Central Station,
2010,direct,2019-03-06,07:10,Portland,SW Arthur & 1st,2,43,Vancouver,Pacific Central Station,
2011,direct,2019-03-06,07:20,Portland,SW Arthur & 1st,2,36,Vancouver,Pacific Central Station,
2012,direct,2019-03-06,07:50,Portland,SW Arthur & 1st,2,42,Vancouver,Pacific Central Station,
2013,direct,2019-03-06,08:30,Portland,SW Arthur & 1st,2,37,Vancouver,Pacific Central Station,
2014,direct,2019-03-06,10:00,Portland,SW Arthur & 1st,2,42,Vancouver,Pacific Central Station,
2015,direct,2019-03-06,10:10,Portland,SW Arthur & 1st,2,38,Vancouver,Pacific Central Station,
2016,direct,2019-03-06,19:40,Portland,SW Arthur & 1st,2,45,Vancouver,Pacific Central Station,
2017,direct,2019-03-04,07:10,Vancouver,Pacific Central Station,3,39,Portland,SW Arthur & 1st,
2018,direct,2019-03-04,08:40,Vancouver,Pacific Central Station,3,35,Portland,SW Arthur & 1st,
2019,direct,2019-03-04,09:30,Vancouver,Pacific Central Station,3,44,Portland,SW Arthur & 1st,
2020,direct,2019-03-04,11:50,Vancouver,Pacific Central Station,3,41,Portland,SW Arthur & 1st,
2021,direct,2019-03-04,14:10,Vancouver,Pacific Central Station,3,39,Portland,SW Arthur & 1st,
2022,direct,2019-03-04,14:30,Vancouver,Pacific Central Station,3,40,Portland,SW Arthur & 1st,
2023,direct,2019-03-04,17:00,Vancouver,Pacific Central Station,3,42,Portland,SW Arthur & 1st,
2024,direct,2019-03-04,19:00,Vancouver,Pacific Central Station,3,35,Portland,SW Arthur & 1st,
2025,direct,2019-03-04,08:30,Washington,Silver Spring Bus Stop,1,29,Philadelphia,10th and Filbert,
2026,direct,2019-03-04,11:30,Washington,Silver Spring Bus Stop,1,29,Philadelphia,10th and Filbert,
2027,direct,2019-03-04,12:40,Washington,Silver Spring Bus Stop,1,28,Philadelphia,10th and Filbert,
2028,direct,2019-03-04,13:20,Washington,Silver Spring Bus Stop,1,28,Philadelphia,10th and Filbert,
2029,direct,2019-03-04,14:30,Washington,Silver Spring Bus Stop,1,32,Philadelphia,10th and Filbert,
2030,direct,2019-03-04,17:00,Washington,Silver Spring Bus Stop,1,30,Philadelphia,10th and Filbert,
2031,direct,2019-03-04,17:10,Washington,Silver Spring Bus Stop,1,29,Philadelphia,10th and Filbert,
2032,direct,2019-03-04,09:10,San Diego,El Cajon Bus Stop,1,27,Los Angeles,North Hollywood Station,
2033,direct,2019-03-04,09:20,San Diego,El Cajon Bus Stop,1,25,Los Angeles,North Hollywood Station,
2034,direct,2019-03-04,14:20,San Diego,El Cajon Bus Stop,1,28,Los Angeles,North Hollywood Station,
2035,direct,2019-03-04,16:00,San Diego,El Cajon Bus Stop,1,28,Los Angeles,North Hollywood Station,
2036,direct,2019-03-04,16:10,San Diego,El Cajon Bus Stop,1,23,Los Angeles,North Hollywood Station,
2037,direct,2019-03-04,16:40,San Diego,El Cajon Bus Stop,1,22,Los Angeles,North Hollywood Station,
2038,direct,2019-03-04,17:10,San Diego,El Cajon Bus Stop,1,24,Los Angeles,North Hollywood Station,
2039,direct,2019-03-04,17:20,San Diego,El Cajon Bus Stop,1,25,Los Angeles,North Hollywood Station,
2040,direct,2019-03-04,17:30,San Diego,El Cajon Bus Stop,1,25,Los Angeles,North Hollywood Station,
2041,direct,2019-03-04,18:10,San Diego,El Cajon Bus Stop,1,27,Los Angeles,North Hollywood Station,
2042,direct,2019-03-01,08:50,Los Angeles,North Hollywood Station,1,36,Las Vegas,Union Plaza,
2043,direct,2019-03-01,10:00,Los Angeles,North Hollywood Station,1,39,Las Vegas,Union Plaza,
2044,direct,2019-03-01,12:20,Los Angeles,North Hollywood Station,1,39,Las Vegas,Union Plaza,
2045,direct,2019-03-01,18:50,Los Angeles,North Hollywood Station,1,37,Las Vegas,Union Plaza,
2046,direct,2019-03-01,07:00,Portland,SW Arthur & 1st,3,28,Seattle,Westlake Station,
2047,direct,2019-03-01,11:20,Portland,SW Arthur & 1st,3,30,Seattle,Westlake Station,
2048,direct,2019-03-01,11:50,Portland,SW Arthur & 1st,3,33,Seattle,Westlake Station,
2049,direct,2019-03-01,12:20,Portland,SW Arthur & 1st,3,30,Seattle,Westlake Station,
2050,direct,2019-03-01,12:30,Portland,SW Arthur & 1st,3,31,Seattle,Westlake Station,
2051,direct,2019-03-01,12:40,Portland,SW Arthur & 1st,3,25,Seattle,Westlake Station,
2052,direct,2019-03-01,16:10,Portland,SW Arthur & 1st,3,32,Seattle,Westlake Station,
2053,direct,2019-03-01,17:30,Portland,SW Arthur & 1st,3,28,Seattle,Westlake Station,
2054,direct,2019-03-01,18:30,Portland,SW Arthur & 1st,3,32,Seattle,Westlake Station,
2055,direct,2019-03-01,19:00,Portland,SW Arthur & 1st,3,28,Seattle,Westlake Station,
2056,direct,2019-03-01,07:00,Portland,SW Arthur & 1st,4,28,Seattle,Westlake Station,
2057,direct,2019-03-01,11:20,Portland,SW Arthur & 1st,4,30,Seattle,Westlake Station,
2058,direct,2019-03-01,11:50,Portland,SW Arthur & 1st,4,33,Seattle,Westlake Station,
2059,direct,2019-03-01,12:20,Portland,SW Arthur & 1st,4,30,Seattle,Westlake Station,
2060,direct,2019-03-01,12:30,Portland,SW Arthur & 1st,4,31,Seattle,Westlake Station,
2061,direct,2019-03-01,12:40,Portland,SW Arthur & 1st,4,25,Seattle,Westlake Station,
2062,direct,2019-03-01,16:10,Portland,SW Arthur & 1st,4,32,Seattle,Westlake Station,
2063,direct,2019-03-01,17:30,Portland,SW Arthur & 1st,4,28,Seattle,Westlake Station,
2064,direct,2019-03-01,18:30,Portland,SW Arthur & 1st,4,32,Seattle,Westlake Station,
2065,direct,2019-03-09,09:00,Philadelphia,10th and Filbert,1,24,New York,Penn Station,
2066,direct,2019-03-09,10:10,Philadelphia,10th and Filbert,1,21,New York,Penn Station,
2067,direct,2019-03-09,12:30,Philadelphia,10th and Filbert,1,21,New York,Penn Station,
2068,direct,2019-03-09,13:10,Philadelphia,10th and Filbert,1,24,New York,Penn Station,
2069,direct,2019-03-09,13:50,Philadelphia,10th and Filbert,1,20,New York,Penn Station,
2070,direct,2019-03-09,18:00,Philadelphia,10th and Filbert,1,23,New York,Penn Station,
2071,direct,2019-03-02,06:40,Los Angeles,North Hollywood Station,1,47,San Francisco,Transbay Terminal,
2072,direct,2019-03-02,07:30,Los Angeles,North Hollywood Station,1,58,San Francisco,Transbay Terminal,
2073,direct,2019-03-02,08:40,Los Angeles,North Hollywood Station,1,45,San Francisco,Transbay Terminal,
2074,direct,2019-03-02,09:00,Los Angeles,North Hollywood Station,1,41,San Francisco,Transbay Terminal,
2075,direct,2019-03-02,10:40,Los Angeles,North Hollywood Station,1,45,San Francisco,Transbay Terminal,
2076,direct,2019-03-02,11:40,Los Angeles,North Hollywood Station,1,49,San Francisco,Transbay Terminal,
2077,direct,2019-03-02,13:00,Los Angeles,North Hollywood Station,1,47,San Francisco,Transbay Terminal,
2078,direct,2019-03-02,13:10,Los Angeles,North Hollywood Station,1,50,San Francisco,Transbay Terminal,
2079,direct,2019-03-02,17:50,Los Angeles,North Hollywood Station,1,38,San Francisco,Transbay Terminal,
2080,direct,2019-03-02,18:00,Los Angeles,North Hollywood Station,1,45,San Francisco,Transbay Terminal,
2081,direct,2019-03-07,09:00,Philadelphia,10th and Filbert,1,26,New York,Penn Station,
2082,direct,2019-03-07,10:10,Philadelphia,10th and Filbert,1,20,New York,Penn Station,
2083,direct,2019-03-07,12:30,Philadelphia,10th and Filbert,1,25,New York,Penn Station,
2084,direct,2019-03-07,13:10,Philadelphia,10th and Filbert,1,22,New York,Penn Station,
2085,direct,2019-03-07,13:50,Philadelphia,10th and Filbert,1,24,New York,Penn Station,
2086,direct,2019-03-07,18:00,Philadelphia,10th and Filbert,1,22,New York,Penn Station,
2087,direct,2019-03-01,07:40,New York,Penn Station,3,26,Philadelphia,10th and Filbert,
2088,direct,2019-03-01,07:50,New York,Penn Station,3,24,Philadelphia,10th and Filbert,
2089,direct,2019-03-01,08:50,New York,Penn Station,3,17,Philadelphia,10th and Filbert,
2090,direct,2019-03-01,09:30,New York,Penn Station,3,25,Philadelphia,10th and Filbert,
2091,direct,2019-03-01,16:30,New York,Penn Station,3,24,Philadelphia,10th and Filbert,
2092,direct,2019-03-01,17:20,New York,Penn Station,3,20,Philadelphia,10th and Filbert,
2093,direct,2019-03-01,19:40,New York,Penn Station,3,21,Philadelphia,10th and Filbert,
2094,direct,2019-03-05,09:10,San Diego,El Cajon Bus Stop,4,28,Los Angeles,North Hollywood Station,
2095,direct,2019-03-05,09:20,San Diego,El Cajon Bus Stop,4,28,Los Angeles,North Hollywood Station,
2096,direct,2019-03-05,14:20,San Diego,El Cajon Bus Stop,4,21,Los Angeles,North Hollywood Station,
2097,direct,2019-03-05,16:00,San Diego,El Cajon Bus Stop,4,27,Los Angeles,North Hollywood Station,
2098,direct,2019-03-05,16:10,San Diego,El Cajon Bus Stop,4,30,Los Angeles,North Hollywood Station,
2099,direct,2019-03-05,16:40,San Diego,El Cajon Bus Stop,4,25,Los Angeles,North Hollywood Station,
2100,direct,2019-03-05,17:10,San Diego,El Cajon Bus Stop,4,25,Los Angeles,North Hollywood Station,
2101,direct,2019-03-05,17:20,San Diego,El Cajon Bus Stop,4,25,Los Angeles,North Hollywood Station,
2102,direct,2019-03-05,17:30,San Diego,El Cajon Bus Stop,4,30,Los Angeles,North Hollywood Station,
2103,direct,2019-03-05,18:10,San Diego,El Cajon Bus Stop,4,24,Los Angeles,North Hollywood Station,
2104,direct,2019-03-07,06:20,Washington,Silver Spring Bus Stop,1,31,New York,Penn Station,
2105,direct,2019-03-07,12:10,Washington,Silver Spring Bus Stop,1,42,New York,Penn Station,
2106,direct,2019-03-07,13:30,Washington,Silver Spring Bus Stop,1,34,New York,Penn Station,
2107,direct,2019-03-07,15:50,Washington,Silver Spring Bus Stop,1,33,New York,Penn Station,
2108,direct,2019-03-07,17:00,Washington,Silver Spring Bus Stop,1,37,New York,Penn Station,
2109,direct,2019-03-07,18:10,Washington,Silver Spring Bus Stop,1,37,New York,Penn Station,
2110,direct,2019-03-07,19:10,Washington,Silver Spring Bus Stop,1,40,New York,Penn Station,
2111,direct,2019-03-03,06:20,Washington,Silver Spring Bus Stop,2,38,New York,Penn Station,
2112,direct,2019-03-03,12:10,Washington,Silver Spring Bus Stop,2,32,New York,Penn Station,
2113,direct,2019-03-03,13:30,Washington,Silver Spring Bus Stop,2,32,New York,Penn Station,
2114,direct,2019-03-03,15:50,Washington,Silver Spring Bus Stop,2,35,New York,Penn Station,
2115,direct,2019-03-03,17:00,Washington,Silver Spring Bus Stop,2,37,New York,Penn Station,
2116,direct,2019-03-03,18:10,Washington,Silver Spring Bus Stop,2,35,New York,Penn Station,
2117,direct,2019-03-03,19:10,Washington,Silver Spring Bus Stop,2,34,New York,Penn Station,
2118,direct,2019-03-08,07:40,New York,Penn Station,1,24,Philadelphia,10th and Filbert,
2119,direct,2019-03-08,07:50,New York,Penn Station,1,24,Philadelphia,10th and Filbert,
2120,direct,2019-03-08,08:50,New York,Penn Station,1,23,Philadelphia,10th and Filbert,
2121,direct,2019-03-08,09:30,New York,Penn Station,1,23,Philadelphia,10th and Filbert,
2122,direct,2019-03-08,16:30,New York,Penn Station,1,24,Philadelphia,10th and Filbert,
2123,direct,2019-03-08,17:20,New York,Penn Station,1,23,Philadelphia,10th and Filbert,
2124,direct,2019-03-08,19:40,New York,Penn Station,1,25,Philadelphia,10th and Filbert,
2125,direct,2019-03-04,07:30,San Francisco,Transbay Terminal,1,53,Los Angeles,North Hollywood Station,
2126,direct,2019-03-04,07:50,San Francisco,Transbay Terminal,1,47,Los Angeles,North Hollywood Station,
2127,direct,2019-03-04,11:20,San Francisco,Transbay Terminal,1,44,Los Angeles,North Hollywood Station,
2128,direct,2019-03-04,12:20,San Francisco,Transbay Terminal,1,49,Los Angeles,North Hollywood Station,
2129,direct,2019-03-04,13:40,San Francisco,Transbay Terminal,1,47,Los Angeles,North Hollywood Station,
2130,direct,2019-03-04,15:20,San Francisco,Transbay Terminal,1,49,Los Angeles,North Hollywood Station,
2131,direct,2019-03-04,15:30,San Francisco,Transbay Terminal,1,46,Los Angeles,North Hollywood Station,
2132,direct,2019-03-04,18:20,San Francisco,Transbay Terminal,1,46,Los Angeles,North Hollywood Station,
2133,direct,2019-03-04,18:50,San Francisco,Transbay Terminal,1,45,Los Angeles,North Hollywood Station,
2134,direct,2019-03-09,07:00,Portland,SW Arthur & 1st,1,33,Seattle,Westlake Station,
2135,direct,2019-03-09,11:20,Portland,SW Arthur & 1st,1,37,Seattle,Westlake Station,
2136,direct,2019-03-09,11:50,Portland,SW Arthur & 1st,1,28,Seattle,Westlake Station,
2137,direct,2019-03-09,12:20,Portland,SW Arthur & 1st,1,29,Seattle,Westlake Station,
2138,direct,2019-03-09,12:30,Portland,SW Arthur & 1st,1,28,Seattle,Westlake Station,
2139,direct,2019-03-09,12:40,Portland,SW Arthur & 1st,1,29,Seattle,Westlake Station,
2140,direct,2019-03-09,16:10,Portland,SW Arthur & 1st,1,35,Seattle,Westlake Station,
2141,direct,2019-03-09,17:30,Portland,SW Arthur & 1st,1,32,Seattle,Westlake Station,
2142,direct,2019-03-09,18:30,Portland,SW Arthur & 1st,1,32,Seattle,Westlake Station,
2143,direct,2019-03-09,19:00,Portland,SW Arthur & 1st,1,33,Seattle,Westlake Station,
2144,direct,2019-03-04,07:30,San Francisco,Transbay Terminal,4,53,Los Angeles,North Hollywood Station,
2145,direct,2019-03-04,07:50,San Francisco,Transbay Terminal,4,47,Los Angeles,North Hollywood Station,
2146,direct,2019-03-04,11:20,San Francisco,Transbay Terminal,4,44,Los Angeles,North Hollywood Station,
2147,direct,2019-03-04,12:20,San Francisco,Transbay Terminal,4,49,Los Angeles,North Hollywood Station,
2148,direct,2019-03-04,13:40,San Francisco,Transbay Terminal,4,47,Los Angeles,North Hollywood Station,
2149,direct,2019-03-04,15:20,San Francisco,Transbay Terminal,4,49,Los Angeles,North Hollywood Station,
2150,direct,2019-03-04,15:30,San Francisco,Transbay Terminal,4,46,Los Angeles,North Hollywood Station,
2151,direct,2019-03-04,18:20,San Francisco,Transbay Terminal,4,46,Los Angeles,North Hollywood Station,
2152,direct,2019-03-04,18:50,San Francisco,Transbay Terminal,4,45,Los Angeles,North Hollywood Station,
2153,direct,2019-03-02,07:30,San Francisco,Transbay Terminal,1,48,Los Angeles,North Hollywood Station,
2154,direct,2019-03-02,07:50,San Francisco,Transbay Terminal,1,44,Los Angeles,North Hollywood Station,
2155,direct,2019-03-02,11:20,San Francisco,Transbay Terminal,1,48,Los Angeles,North Hollywood Station,
2156,direct,2019-03-02,12:20,San Francisco,Transbay Terminal,1,50,Los Angeles,North Hollywood Station,
2157,direct,2019-03-02,13:40,San Francisco,Transbay Terminal,1,48,Los Angeles,North Hollywood Station,
2158,direct,2019-03-02,15:20,San Francisco,Transbay Terminal,1,47,Los Angeles,North Hollywood Station,
2159,direct,2019-03-02,15:30,San Francisco,Transbay Terminal,1,57,Los Angeles,North Hollywood Station,
2160,direct,2019-03-02,18:20,San Francisco,Transbay Terminal,1,48,Los Angeles,North Hollywood Station,
2161,direct,2019-03-02,18:50,San Francisco,Transbay Terminal,1,46,Los Angeles,North Hollywood Station,
2162,direct,2019-03-07,07:10,Vancouver,Pacific Central Station,4,44,Portland,SW Arthur & 1st,
2163,direct,2019-03-07,08:40,Vancouver,Pacific Central Station,4,48,Portland,SW Arthur & 1st,
2164,direct,2019-03-07,09:30,Vancouver,Pacific Central Station,4,44,Portland,SW Arthur & 1st,
2165,direct,2019-03-07,11:50,Vancouver,Pacific Central Station,4,39,Portland,SW Arthur & 1st,
2166,direct,2019-03-07,14:10,Vancouver,Pacific Central Station,4,41,Portland,SW Arthur & 1st,
2167,direct,2019-03-07,14:30,Vancouver,Pacific Central Station,4,36,Portland,SW Arthur & 1st,
2168,direct,2019-03-07,17:00,Vancouver,Pacific Central Station,4,39,Portland,SW Arthur & 1st,
2169,direct,2019-03-07,19:00,Vancouver,Pacific Central Station,4,47,Portland,SW Arthur & 1st,
2170,direct,2019-03-07,07:30,Seattle,Westlake Station,4,33,Portland,SW Arthur & 1st,
2171,direct,2019-03-07,09:00,Seattle,Westlake Station,4,31,Portland,SW Arthur & 1st,
2172,direct,2019-03-07,09:20,Seattle,Westlake Station,4,32,Portland,SW Arthur & 1st,
2173,direct,2019-03-07,09:30,Seattle,Westlake Station,4,30,Portland,SW Arthur & 1st,
2174,direct,2019-03-07,09:50,Seattle,Westlake Station,4,30,Portland,SW Arthur & 1st,
2175,direct,2019-03-07,12:10,Seattle,Westlake Station,4,33,Portland,SW Arthur & 1st,
2176,direct,2019-03-07,12:20,Seattle,Westlake Station,4,31,Portland,SW Arthur & 1st,
2177,direct,2019-03-07,18:30,Seattle,Westlake Station,4,32,Portland,SW Arthur & 1st,
2178,direct,2019-03-06,09:00,Philadelphia,10th and Filbert,2,22,New York,Penn Station,
2179,direct,2019-03-06,10:10,Philadelphia,10th and Filbert,2,24,New York,Penn Station,
2180,direct,2019-03-06,12:30,Philadelphia,10th and Filbert,2,21,New York,Penn Station,
2181,direct,2019-03-06,13:10,Philadelphia,10th and Filbert,2,21,New York,Penn Station,
2182,direct,2019-03-06,13:50,Philadelphia,10th and Filbert,2,20,New York,Penn Station,
2183,direct,2019-03-06,18:00,Philadelphia,10th and Filbert,2,22,New York,Penn Station,
2184,direct,2019-03-03,09:00,Philadelphia,10th and Filbert,4,25,New York,Penn Station,
2185,direct,2019-03-03,10:10,Philadelphia,10th and Filbert,4,22,New York,Penn Station,
2186,direct,2019-03-03,12:30,Philadelphia,10th and Filbert,4,19,New York,Penn Station,
2187,direct,2019-03-03,13:10,Philadelphia,10th and Filbert,4,20,New York,Penn Station,
2188,direct,2019-03-03,13:50,Philadelphia,10th and Filbert,4,23,New York,Penn Station,
2189,direct,2019-03-03,18:00,Philadelphia,10th and Filbert,4,22,New York,Penn Station,
2190,direct,2019-03-12,06:20,Fresno,2660 Tulare St,1,34,Sacramento,65th Light Rail Station,
2191,direct,2019-03-12,09:20,Fresno,2660 Tulare St,1,33,Sacramento,65th Light Rail Station,
2192,direct,2019-03-12,11:30,Fresno,2660 Tulare St,1,31,Sacramento,65th Light Rail Station,
2193,direct,2019-03-12,13:10,Fresno,2660 Tulare St,1,31,Sacramento,65th Light Rail Station,
2194,direct,2019-03-12,14:00,Fresno,2660 Tulare St,1,28,Sacramento,65th Light Rail Station,
2195,direct,2019-03-12,16:10,Fresno,2660 Tulare St,1,32,Sacramento,65th Light Rail Station,
2196,direct,2019-03-12,06:20,Fresno,2660 Tulare St,3,34,Sacramento,65th Light Rail Station,False
2197,direct,2019-03-13,07:30,Long Beach,Downtown Station,1,34,San Diego,El Cajon Bus Stop,True
2198,direct,2019-03-01,08:50,Los Angeles,North Hollywood Station,3,36,Las Vegas,Union Plaza,
2199,direct,2019-03-01,10:00,Los Angeles,North Hollywood Station,3,39,Las Vegas,Union Plaza,
2200,direct,2019-03-01,12:20,Los Angeles,North Hollywood Station,3,39,Las Vegas,Union Plaza,
2201,direct,2019-03-01,10:00,Los Angeles,North Hollywood Station,3,39,Las Vegas,Union Plaza,False
2202,direct,2019-03-04,06:00,Long Beach,Downtown Station,3,12,Los Angeles,North Hollywood Station,
2203,direct,2019-03-04,06:20,Long Beach,Downtown Station,3,13,Los Angeles,North Hollywood Station,
2204,direct,2019-03-04,06:50,Long Beach,Downtown Station,3,11,Los Angeles,North Hollywood Station,
2205,direct,2019-03-04,08:10,Long Beach,Downtown Station,3,12,Los Angeles,North Hollywood Station,
2206,direct,2019-03-04,08:20,Long Beach,Downtown Station,3,12,Los Angeles,North Hollywood Station,
2207,direct,2019-03-04,09:40,Long Beach,Downtown Station,3,12,Los Angeles,North Hollywood Station,
2208,direct,2019-03-04,09:50,Long Beach,Downtown Station,3,12,Los Angeles,North Hollywood Station,
2209,direct,2019-03-04,11:00,Long Beach,Downtown Station,3,12,Los Angeles,North Hollywood Station,
2210,direct,2019-03-04,12:20,Long Beach,Downtown Station,3,12,Los Angeles,North Hollywood Station,
2211,direct,2019-03-04,13:00,Long Beach,Downtown Station,3,10,Los Angeles,North Hollywood Station,
2212,direct,2019-03-04,06:50,Long Beach,Downtown Station,3,19,Los Angeles,North Hollywood Station,True
2213,direct,2019-03-02,07:10,Portland,SW Arthur & 1st,3,42,Vancouver,Pacific Central Station,
2214,direct,2019-03-02,07:20,Portland,SW Arthur & 1st,3,44,Vancouver,Pacific Central Station,
2215,direct,2019-03-02,07:50,Portland,SW Arthur & 1st,3,45,Vancouver,Pacific Central Station,
2216,direct,2019-03-02,08:30,Portland,SW Arthur & 1st,3,47,Vancouver,Pacific Central Station,
2217,direct,2019-03-02,10:00,Portland,SW Arthur & 1st,3,39,Vancouver,Pacific Central Station,
2218,direct,2019-03-02,10:10,Portland,SW Arthur & 1st,3,36,Vancouver,Pacific Central Station,
2219,direct,2019-03-02,19:40,Portland,SW Arthur & 1st,3,43,Vancouver,Pacific Central Station,
2220,direct,2019-03-02,07:20,Portland,SW Arthur & 1st,3,44,Vancouver,Pacific Central Station,False
2221,direct,2019-03-10,06:50,Long Beach,Downtown Station,1,25,San Diego,El Cajon Bus Stop,
2222,direct,2019-03-10,07:30,Long Beach,Downtown Station,1,24,San Diego,El Cajon Bus Stop,
2223,direct,2019-03-10,07:50,Long Beach,Downtown Station,1,25,San Diego,El Cajon Bus Stop,
2224,direct,2019-03-10,08:40,Long Beach,Downtown Station,1,26,San Diego,El Cajon Bus Stop,
2225,direct,2019-03-10,09:30,Long Beach,Downtown Station,1,24,San Diego,El Cajon Bus Stop,
2226,direct,2019-03-10,15:20,Long Beach,Downtown Station,1,26,San Diego,El Cajon Bus Stop,
2227,direct,2019-03-10,16:10,Long Beach,Downtown Station,1,24,San Diego,El Cajon Bus Stop,
2228,direct,2019-03-10,17:50,Long Beach,Downtown Station,1,23,San Diego,El Cajon Bus Stop,
2229,direct,2019-03-10,18:10,Long Beach,Downtown Station,1,23,San Diego,El Cajon Bus Stop,
2230,direct,2019-03-10,07:30,Long Beach,Downtown Station,3,24,San Diego,El Cajon Bus Stop,False
2231,direct,2019-03-04,07:00,Portland,SW Arthur & 1st,2,33,Seattle,Westlake Station,
2232,direct,2019-03-04,11:20,Portland,SW Arthur & 1st,2,32,Seattle,Westlake Station,
2233,direct,2019-03-04,11:50,Portland,SW Arthur & 1st,2,29,Seattle,Westlake Station,
2234,direct,2019-03-04,12:20,Portland,SW Arthur & 1st,2,32,Seattle,Westlake Station,
2235,direct,2019-03-04,12:30,Portland,SW Arthur & 1st,2,26,Seattle,Westlake Station,
2236,direct,2019-03-04,12:40,Portland,SW Arthur & 1st,2,27,Seattle,Westlake Station,
2237,direct,2019-03-04,16:10,Portland,SW Arthur & 1st,2,31,Seattle,Westlake Station,
2238,direct,2019-03-04,17:30,Portland,SW Arthur & 1st,2,29,Seattle,Westlake Station,
2239,direct,2019-03-04,18:30,Portland,SW Arthur & 1st,2,31,Seattle,Westlake Station,
2240,direct,2019-03-04,19:00,Portland,SW Arthur & 1st,2,26,Seattle,Westlake Station,
2241,direct,2019-03-04,07:00,Portland,SW Arthur & 1st,4,33,Seattle,Westlake Station,
2242,direct,2019-03-04,11:20,Portland,SW Arthur & 1st,4,32,Seattle,Westlake Station,
2243,direct,2019-03-04,11:50,Portland,SW Arthur & 1st,4,29,Seattle,Westlake Station,
2244,direct,2019-03-04,12:20,Portland,SW Arthur & 1st,4,32,Seattle,Westlake Station,
2245,direct,2019-03-04,12:30,Portland,SW Arthur & 1st,4,26,Seattle,Westlake Station,
2246,direct,2019-03-04,12:40,Portland,SW Arthur & 1st,4,27,Seattle,Westlake Station,
2247,direct,2019-03-04,16:10,Portland,SW Arthur & 1st,4,31,Seattle,Westlake Station,
2248,direct,2019-03-04,17:30,Portland,SW Arthur & 1st,4,29,Seattle,Westlake Station,
2249,direct,2019-03-04,18:30,Portland,SW Arthur & 1st,4,31,Seattle,Westlake Station,
2250,direct,2019-03-04,19:00,Portland,SW Arthur & 1st,4,26,Seattle,Westlake Station,
2251,direct,2019-03-04,11:20,Portland,SW Arthur & 1st,4,40,Seattle,Westlake Station,True
2252,direct,2019-03-05,08:10,Long Beach,Downtown Station,3,42,Fresno,2660 Tulare St,
2253,direct,2019-03-05,11:20,Long Beach,Downtown Station,3,42,Fresno,2660 Tulare St,
2254,direct,2019-03-05,12:30,Long Beach,Downtown Station,3,33,Fresno,2660 Tulare St,
2255,direct,2019-03-05,12:50,Long Beach,Downtown Station,3,44,Fresno,2660 Tulare St,
2256,direct,2019-03-05,13:50,Long Beach,Downtown Station,3,37,Fresno,2660 Tulare St,
2257,direct,2019-03-05,11:20,Long Beach,Downtown Station,3,42,Fresno,2660 Tulare St,False
2258,one-stop,2019-03-04,07:40,Sacramento,65th Light Rail Station,3,57,Long Beach,Downtown Station,
2259,one-stop,2019-03-04,07:50,Sacramento,65th Light Rail Station,3,59,Long Beach,Downtown Station,
2260,one-stop,2019-03-04,09:40,Sacramento,65th Light Rail Station,3,53,Long Beach,Downtown Station,
2261,one-stop,2019-03-04,10:50,Sacramento,65th Light Rail Station,3,57,Long Beach,Downtown Station,
2262,one-stop,2019-03-04,12:00,Sacramento,65th Light Rail Station,3,58,Long Beach,Downtown Station,
2263,one-stop,2019-03-04,12:10,Sacramento,65th Light Rail Station,3,58,Long Beach,Downtown Station,
2264,one-stop,2019-03-04,12:20,Sacramento,65th Light Rail Station,3,62,Long Beach,Downtown Station,
2265,one-stop,2019-03-04,13:00,Sacramento,65th Light Rail Station,3,60,Long Beach,Downtown Station,
2266,one-stop,2019-03-04,15:10,Sacramento,65th Light Rail Station,3,63,Long Beach,Downtown Station,
2267,one-stop,2019-03-04,15:20,Sacramento,65th Light Rail Station,3,62,Long Beach,Downtown Station,
2268,one-stop,2019-03-04,07:50,Sacramento,65th Light Rail Station,3,59,Long Beach,Downtown Station,False
2269,direct,2019-03-14,06:50,Los Angeles,North Hollywood Station,2,14,Long Beach,Downtown Station,
2270,direct,2019-03-14,08:20,Los Angeles,North Hollywood Station,2,12,Long Beach,Downtown Station,
2271,direct,2019-03-14,11:20,Los Angeles,North Hollywood Station,2,14,Long Beach,Downtown Station,
2272,direct,2019-03-14,12:10,Los Angeles,North Hollywood Station,2,12,Long Beach,Downtown Station,
2273,direct,2019-03-14,12:50,Los Angeles,North Hollywood Station,2,11,Long Beach,Downtown Station,
2274,direct,2019-03-14,13:30,Los Angeles,North Hollywood Station,2,11,Long Beach,Downtown Station,
2275,direct,2019-03-14,13:40,Los Angeles,North Hollywood Station,2,12,Long Beach,Downtown Station,
2276,direct,2019-03-14,14:00,Los Angeles,North Hollywood Station,2,11,Long Beach,Downtown Station,
2277,direct,2019-03-14,14:40,Los Angeles,North Hollywood Station,2,10,Long Beach,Downtown Station,
2278,direct,2019-03-14,15:20,Los Angeles,North Hollywood Station,2,12,Long Beach,Downtown Station,
2279,direct,2019-03-14,06:50,Los Angeles,North Hollywood Station,2,22,Long Beach,Downtown Station,True
2280,direct,2019-03-01,07:50,Fresno,2660 Tulare St,1,40,Los Angeles,North Hollywood Station,
2281,direct,2019-03-01,08:10,Fresno,2660 Tulare St,1,38,Los Angeles,North Hollywood Station,
2282,direct,2019-03-01,09:00,Fresno,2660 Tulare St,1,35,Los Angeles,North Hollywood Station,
2283,direct,2019-03-01,09:50,Fresno,2660 Tulare St,1,39,Los Angeles,North Hollywood Station,
2284,direct,2019-03-01,13:20,Fresno,2660 Tulare St,1,35,Los Angeles,North Hollywood Station,
2285,direct,2019-03-01,15:20,Fresno,2660 Tulare St,1,36,Los Angeles,North Hollywood Station,
2286,direct,2019-03-01,17:10,Fresno,2660 Tulare St,1,32,Los Angeles,North Hollywood Station,
2287,direct,2019-03-01,19:20,Fresno,2660 Tulare St,1,34,Los Angeles,North Hollywood Station,
2288,direct,2019-03-01,08:10,Fresno,2660 Tulare St,2,38,Los Angeles,North Hollywood Station,False
2289,direct,2019-03-04,10:50,Fresno,2660 Tulare St,1,36,San Francisco,Transbay Terminal,False
2290,direct,2019-03-06,06:50,Long Beach,Downtown Station,4,24,San Diego,El Cajon Bus Stop,False
2291,direct,2019-03-12,07:30,Seattle,Westlake Station,1,33,Portland,SW Arthur & 1st,
2292,direct,2019-03-12,09:00,Seattle,Westlake Station,1,34,Portland,SW Arthur & 1st,
2293,direct,2019-03-12,09:20,Seattle,Westlake Station,1,32,Portland,SW Arthur & 1st,
2294,direct,2019-03-12,09:30,Seattle,Westlake Station,1,29,Portland,SW Arthur & 1st,
2295,direct,2019-03-12,09:50,Seattle,Westlake Station,1,26,Portland,SW Arthur & 1st,
2296,direct,2019-03-12,12:10,Seattle,Westlake Station,1,29,Portland,SW Arthur & 1st,
2297,direct,2019-03-12,12:20,Seattle,Westlake Station,1,30,Portland,SW Arthur & 1st,
2298,direct,2019-03-12,18:30,Seattle,Westlake Station,1,29,Portland,SW Arthur & 1st,
2299,direct,2019-03-12,07:30,Seattle,Westlake Station,1,33,Portland,SW Arthur & 1st,False
2300,direct,2019-03-09,06:20,Washington,Silver Spring Bus Stop,1,38,New York,Penn Station,
2301,direct,2019-03-09,12:10,Washington,Silver Spring Bus Stop,1,39,New York,Penn Station,
2302,direct,2019-03-09,13:30,Washington,Silver Spring Bus Stop,1,34,New York,Penn Station,
2303,direct,2019-03-09,15:50,Washington,Silver Spring Bus Stop,1,36,New York,Penn Station,
2304,direct,2019-03-09,17:00,Washington,Silver Spring Bus Stop,1,35,New York,Penn Station,
2305,direct,2019-03-09,18:10,Washington,Silver Spring Bus Stop,1,34,New York,Penn Station,
2306,direct,2019-03-09,19:10,Washington,Silver Spring Bus Stop,1,32,New York,Penn Station,
2307,direct,2019-03-09,12:10,Washington,Silver Spring Bus Stop,1,39,New York,Penn Station,False
2308,direct,2019-03-05,06:50,San Diego,El Cajon Bus Stop,1,25,Long Beach,Downtown Station,
2309,direct,2019-03-05,07:10,San Diego,El Cajon Bus Stop,1,21,Long Beach,Downtown Station,
2310,direct,2019-03-05,08:30,San Diego,El Cajon Bus Stop,1,24,Long Beach,Downtown Station,
2311,direct,2019-03-05,09:50,San Diego,El Cajon Bus Stop,1,26,Long Beach,Downtown Station,
2312,direct,2019-03-05,10:10,San Diego,El Cajon Bus Stop,1,26,Long Beach,Downtown Station,
2313,direct,2019-03-05,12:30,San Diego,El Cajon Bus Stop,1,23,Long Beach,Downtown Station,
2314,direct,2019-03-05,15:20,San Diego,El Cajon Bus Stop,1,23,Long Beach,Downtown Station,
2315,direct,2019-03-05,15:50,San Diego,El Cajon Bus Stop,1,25,Long Beach,Downtown Station,
2316,direct,2019-03-05,16:10,San Diego,El Cajon Bus Stop,1,24,Long Beach,Downtown Station,
2317,direct,2019-03-05,17:10,San Diego,El Cajon Bus Stop,1,26,Long Beach,Downtown Station,
2318,direct,2019-03-05,08:30,San Diego,El Cajon Bus Stop,3,24,Long Beach,Downtown Station,False
2319,direct,2019-03-12,08:10,Long Beach,Downtown Station,1,39,Fresno,2660 Tulare St,
2320,direct,2019-03-12,11:20,Long Beach,Downtown Station,1,37,Fresno,2660 Tulare St,
2321,direct,2019-03-12,12:30,Long Beach,Downtown Station,1,42,Fresno,2660 Tulare St,
2322,direct,2019-03-12,12:50,Long Beach,Downtown Station,1,42,Fresno,2660 Tulare St,
2323,direct,2019-03-12,13:50,Long Beach,Downtown Station,1,41,Fresno,2660 Tulare St,
2324,direct,2019-03-12,08:10,Long Beach,Downtown Station,3,39,Fresno,2660 Tulare St,
2325,direct,2019-03-12,11:20,Long Beach,Downtown Station,3,37,Fresno,2660 Tulare St,
2326,direct,2019-03-12,12:30,Long Beach,Downtown Station,3,42,Fresno,2660 Tulare St,
2327,direct,2019-03-12,12:50,Long Beach,Downtown Station,3,42,Fresno,2660 Tulare St,
2328,direct,2019-03-12,13:50,Long Beach,Downtown Station,3,41,Fresno,2660 Tulare St,
2329,direct,2019-03-12,11:20,Long Beach,Downtown Station,3,45,Fresno,2660 Tulare St,True
2330,direct,2019-03-08,07:10,Fresno,2660 Tulare St,4,47,Las Vegas,Union Plaza,True
2331,direct,2019-03-08,06:50,San Diego,El Cajon Bus Stop,1,39,Fresno,2660 Tulare St,
2332,direct,2019-03-08,07:20,San Diego,El Cajon Bus Stop,1,45,Fresno,2660 Tulare St,
2333,direct,2019-03-08,11:30,San Diego,El Cajon Bus Stop,1,46,Fresno,2660 Tulare St,
2334,direct,2019-03-08,11:50,San Diego,El Cajon Bus Stop,1,48,Fresno,2660 Tulare St,
2335,direct,2019-03-08,14:20,San Diego,El Cajon Bus Stop,1,40,Fresno,2660 Tulare St,
2336,direct,2019-03-08,15:10,San Diego,El Cajon Bus Stop,1,49,Fresno,2660 Tulare St,
2337,direct,2019-03-08,06:50,San Diego,El Cajon Bus Stop,4,39,Fresno,2660 Tulare St,False
2338,direct,2019-03-04,08:30,Washington,Silver Spring Bus Stop,3,29,Philadelphia,10th and Filbert,
2339,direct,2019-03-04,11:30,Washington,Silver Spring Bus Stop,3,29,Philadelphia,10th and Filbert,
2340,direct,2019-03-04,12:40,Washington,Silver Spring Bus Stop,3,28,Philadelphia,10th and Filbert,
2341,direct,2019-03-04,13:20,Washington,Silver Spring Bus Stop,3,28,Philadelphia,10th and Filbert,
2342,direct,2019-03-04,14:30,Washington,Silver Spring Bus Stop,3,32,Philadelphia,10th and Filbert,
2343,direct,2019-03-04,17:00,Washington,Silver Spring Bus Stop,3,30,Philadelphia,10th and Filbert,
2344,direct,2019-03-04,17:10,Washington,Silver Spring Bus Stop,3,29,Philadelphia,10th and Filbert,
2345,direct,2019-03-04,07:40,New York,Penn Station,3,23,Philadelphia,10th and Filbert,
2346,direct,2019-03-04,07:50,New York,Penn Station,3,24,Philadelphia,10th and Filbert,
2347,direct,2019-03-04,08:50,New York,Penn Station,3,22,Philadelphia,10th and Filbert,
2348,direct,2019-03-04,09:30,New York,Penn Station,3,19,Philadelphia,10th and Filbert,
2349,direct,2019-03-04,16:30,New York,Penn Station,3,22,Philadelphia,10th and Filbert,
2350,direct,2019-03-04,17:20,New York,Penn Station,3,21,Philadelphia,10th and Filbert,
2351,direct,2019-03-04,19:40,New York,Penn Station,3,22,Philadelphia,10th and Filbert,
2352,direct,2019-03-04,07:40,New York,Penn Station,3,23,Philadelphia,10th and Filbert,False
2353,direct,2019-03-04,07:10,Portland,SW Arthur & 1st,1,46,Vancouver,Pacific Central Station,
2354,direct,2019-03-04,07:20,Portland,SW Arthur & 1st,1,40,Vancouver,Pacific Central Station,
2355,direct,2019-03-04,07:50,Portland,SW Arthur & 1st,1,41,Vancouver,Pacific Central Station,
2356,direct,2019-03-04,08:30,Portland,SW Arthur & 1st,1,41,Vancouver,Pacific Central Station,
2357,direct,2019-03-04,10:00,Portland,SW Arthur & 1st,1,44,Vancouver,Pacific Central Station,
2358,direct,2019-03-04,10:10,Portland,SW Arthur & 1st,1,39,Vancouver,Pacific Central Station,
2359,direct,2019-03-04,19:40,Portland,SW Arthur & 1st,1,36,Vancouver,Pacific Central Station,
2360,direct,2019-03-13,06:00,Los Angeles,North Hollywood Station,1,12,Anaheim,Anaheim Bus Station,
2361,direct,2019-03-13,06:40,Los Angeles,North Hollywood Station,1,11,Anaheim,Anaheim Bus Station,
2362,direct,2019-03-13,09:20,Los Angeles,North Hollywood Station,1,13,Anaheim,Anaheim Bus Station,
2363,direct,2019-03-13,10:40,Los Angeles,North Hollywood Station,1,13,Anaheim,Anaheim Bus Station,
2364,direct,2019-03-13,11:30,Los Angeles,North Hollywood Station,1,10,Anaheim,Anaheim Bus Station,
2365,direct,2019-03-13,14:00,Los Angeles,North Hollywood Station,1,12,Anaheim,Anaheim Bus Station,
2366,direct,2019-03-13,14:50,Los Angeles,North Hollywood Station,1,13,Anaheim,Anaheim Bus Station,
2367,direct,2019-03-13,15:00,Los Angeles,North Hollywood Station,1,11,Anaheim,Anaheim Bus Station,
2368,direct,2019-03-13,15:30,Los Angeles,North Hollywood Station,1,13,Anaheim,Anaheim Bus Station,
2369,direct,2019-03-13,15:40,Los Angeles,North Hollywood Station,1,11,Anaheim,Anaheim Bus Station,
2370,direct,2019-03-13,06:00,Los Angeles,North Hollywood Station,2,20,Anaheim,Anaheim Bus Station,True
2371,direct,2019-03-14,06:00,Los Angeles,North Hollywood Station,4,13,Anaheim,Anaheim Bus Station,
2372,direct,2019-03-14,06:40,Los Angeles,North Hollywood Station,4,12,Anaheim,Anaheim Bus Station,
2373,direct,2019-03-14,09:20,Los Angeles,North Hollywood Station,4,14,Anaheim,Anaheim Bus Station,
2374,direct,2019-03-14,10:40,Los Angeles,North Hollywood Station,4,14,Anaheim,Anaheim Bus Station,
2375,direct,2019-03-14,11:30,Los Angeles,North Hollywood Station,4,12,Anaheim,Anaheim Bus Station,
2376,direct,2019-03-14,14:00,Los Angeles,North Hollywood Station,4,14,Anaheim,Anaheim Bus Station,
2377,direct,2019-03-14,14:50,Los Angeles,North Hollywood Station,4,13,Anaheim,Anaheim Bus Station,
2378,direct,2019-03-14,15:00,Los Angeles,North Hollywood Station,4,12,Anaheim,Anaheim Bus Station,
2379,direct,2019-03-14,15:30,Los Angeles,North Hollywood Station,4,10,Anaheim,Anaheim Bus Station,
2380,direct,2019-03-14,15:40,Los Angeles,North Hollywood Station,4,14,Anaheim,Anaheim Bus Station,
2381,direct,2019-03-14,06:00,Los Angeles,North Hollywood Station,4,13,Anaheim,Anaheim Bus Station,False
2382,direct,2019-03-07,09:00,Philadelphia,10th and Filbert,1,26,New York,Penn Station,False
2383,direct,2019-03-07,11:20,Portland,SW Arthur & 1st,3,30,Seattle,Westlake Station,False
2384,direct,2019-03-03,07:30,San Francisco,Transbay Terminal,3,49,Los Angeles,North Hollywood Station,
2385,direct,2019-03-03,07:50,San Francisco,Transbay Terminal,3,45,Los Angeles,North Hollywood Station,
2386,direct,2019-03-03,11:20,San Francisco,Transbay Terminal,3,47,Los Angeles,North Hollywood Station,
2387,direct,2019-03-03,12:20,San Francisco,Transbay Terminal,3,43,Los Angeles,North Hollywood Station,
2388,direct,2019-03-03,13:40,San Francisco,Transbay Terminal,3,44,Los Angeles,North Hollywood Station,
2389,direct,2019-03-03,15:20,San Francisco,Transbay Terminal,3,48,Los Angeles,North Hollywood Station,
2390,direct,2019-03-03,15:30,San Francisco,Transbay Terminal,3,49,Los Angeles,North Hollywood Station,
2391,direct,2019-03-03,18:20,San Francisco,Transbay Terminal,3,49,Los Angeles,North Hollywood Station,
2392,direct,2019-03-03,18:50,San Francisco,Transbay Terminal,3,41,Los Angeles,North Hollywood Station,
2393,direct,2019-03-11,06:00,San Francisco,Transbay Terminal,3,23,Sacramento,65th Light Rail Station,
2394,direct,2019-03-11,08:10,San Francisco,Transbay Terminal,3,22,Sacramento,65th Light Rail Station,
2395,direct,2019-03-11,09:00,San Francisco,Transbay Terminal,3,25,Sacramento,65th Light Rail Station,
2396,direct,2019-03-11,09:10,San Francisco,Transbay Terminal,3,22,Sacramento,65th Light Rail Station,
2397,direct,2019-03-11,09:40,San Francisco,Transbay Terminal,3,22,Sacramento,65th Light Rail Station,
2398,direct,2019-03-11,10:10,San Francisco,Transbay Terminal,3,22,Sacramento,65th Light Rail Station,
2399,direct,2019-03-11,11:50,San Francisco,Transbay Terminal,3,23,Sacramento,65th Light Rail Station,
2400,direct,2019-03-11,13:50,San Francisco,Transbay Terminal,3,27,Sacramento,65th Light Rail Station,
2401,direct,2019-03-11,14:20,San Francisco,Transbay Terminal,3,22,Sacramento,65th Light Rail Station,
2402,direct,2019-03-11,15:50,San Francisco,Transbay Terminal,3,23,Sacramento,65th Light Rail Station,
2403,direct,2019-03-11,06:00,San Francisco,Transbay Terminal,3,23,Sacramento,65th Light Rail Station,False
2404,direct,2019-03-01,06:50,Los Angeles,North Hollywood Station,1,11,Long Beach,Downtown Station,
2405,direct,2019-03-01,08:20,Los Angeles,North Hollywood Station,1,12,Long Beach,Downtown Station,
2406,direct,2019-03-01,11:20,Los Angeles,North Hollywood Station,1,11,Long Beach,Downtown Station,
2407,direct,2019-03-01,12:10,Los Angeles,North Hollywood Station,1,12,Long Beach,Downtown Station,
2408,direct,2019-03-01,12:50,Los Angeles,North Hollywood Station,1,12,Long Beach,Downtown Station,
2409,direct,2019-03-01,13:30,Los Angeles,North Hollywood Station,1,11,Long Beach,Downtown Station,
2410,direct,2019-03-01,13:40,Los Angeles,North Hollywood Station,1,12,Long Beach,Downtown Station,
2411,direct,2019-03-01,14:00,Los Angeles,North Hollywood Station,1,12,Long Beach,Downtown Station,
2412,direct,2019-03-01,14:40,Los Angeles,North Hollywood Station,1,12,Long Beach,Downtown Station,
2413,direct,2019-03-01,15:20,Los Angeles,North Hollywood Station,1,12,Long Beach,Downtown Station,
2414,direct,2019-03-01,06:50,Los Angeles,North Hollywood Station,4,11,Long Beach,Downtown Station,
2415,direct,2019-03-01,08:20,Los Angeles,North Hollywood Station,4,12,Long Beach,Downtown Station,
2416,direct,2019-03-01,11:20,Los Angeles,North Hollywood Station,4,11,Long Beach,Downtown Station,
2417,direct,2019-03-01,12:10,Los Angeles,North Hollywood Station,4,12,Long Beach,Downtown Station,
2418,direct,2019-03-01,12:50,Los Angeles,North Hollywood Station,4,12,Long Beach,Downtown Station,
2419,direct,2019-03-01,13:30,Los Angeles,North Hollywood Station,4,11,Long Beach,Downtown Station,
2420,direct,2019-03-01,13:40,Los Angeles,North Hollywood Station,4,12,Long Beach,Downtown Station,
2421,direct,2019-03-01,14:00,Los Angeles,North Hollywood Station,4,12,Long Beach,Downtown Station,
2422,direct,2019-03-01,14:40,Los Angeles,North Hollywood Station,4,12,Long Beach,Downtown Station,
2423,direct,2019-03-01,15:20,Los Angeles,North Hollywood Station,4,12,Long Beach,Downtown Station,
2424,direct,2019-03-01,11:20,Los Angeles,North Hollywood Station,4,11,Long Beach,Downtown Station,False
2425,direct,2019-03-08,07:10,Fresno,2660 Tulare St,3,39,Las Vegas,Union Plaza,
2426,direct,2019-03-08,07:40,Fresno,2660 Tulare St,3,38,Las Vegas,Union Plaza,
2427,direct,2019-03-08,10:50,Fresno,2660 Tulare St,3,45,Las Vegas,Union Plaza,
2428,direct,2019-03-08,12:20,Fresno,2660 Tulare St,3,39,Las Vegas,Union Plaza,
2429,direct,2019-03-08,12:30,Fresno,2660 Tulare St,3,39,Las Vegas,Union Plaza,
2430,direct,2019-03-08,13:10,Fresno,2660 Tulare St,3,41,Las Vegas,Union Plaza,
2431,direct,2019-03-08,15:20,Fresno,2660 Tulare St,3,42,Las Vegas,Union Plaza,
2432,direct,2019-03-08,15:50,Fresno,2660 Tulare St,3,37,Las Vegas,Union Plaza,
2433,direct,2019-03-08,18:00,Fresno,2660 Tulare St,3,47,Las Vegas,Union Plaza,
2434,direct,2019-03-08,18:10,Fresno,2660 Tulare St,3,40,Las Vegas,Union Plaza,
2435,direct,2019-03-08,10:50,Fresno,2660 Tulare St,3,53,Las Vegas,Union Plaza,True
2436,direct,2019-03-07,07:20,Las Vegas,Union Plaza,1,41,Fresno,2660 Tulare St,
2437,direct,2019-03-07,09:00,Las Vegas,Union Plaza,1,40,Fresno,2660 Tulare St,
2438,direct,2019-03-07,10:10,Las Vegas,Union Plaza,1,36,Fresno,2660 Tulare St,
2439,direct,2019-03-07,12:10,Las Vegas,Union Plaza,1,50,Fresno,2660 Tulare St,
2440,direct,2019-03-07,14:10,Las Vegas,Union Plaza,1,40,Fresno,2660 Tulare St,
2441,direct,2019-03-07,14:40,Las Vegas,Union Plaza,1,44,Fresno,2660 Tulare St,
2442,direct,2019-03-07,15:30,Las Vegas,Union Plaza,1,48,Fresno,2660 Tulare St,
2443,direct,2019-03-07,18:00,Las Vegas,Union Plaza,1,44,Fresno,2660 Tulare St,
2444,direct,2019-03-07,18:30,Las Vegas,Union Plaza,1,41,Fresno,2660 Tulare St,
2445,direct,2019-03-07,18:40,Las Vegas,Union Plaza,1,41,Fresno,2660 Tulare St,
2446,direct,2019-03-07,07:20,Las Vegas,Union Plaza,2,41,Fresno,2660 Tulare St,False
2447,direct,2019-03-11,06:00,Long Beach,Downtown Station,1,11,Los Angeles,North Hollywood Station,
2448,direct,2019-03-11,06:20,Long Beach,Downtown Station,1,13,Los Angeles,North Hollywood Station,
2449,direct,2019-03-11,06:50,Long Beach,Downtown Station,1,13,Los Angeles,North Hollywood Station,
2450,direct,2019-03-11,08:10,Long Beach,Downtown Station,1,12,Los Angeles,North Hollywood Station,
2451,direct,2019-03-11,08:20,Long Beach,Downtown Station,1,11,Los Angeles,North Hollywood Station,
2452,direct,2019-03-11,09:40,Long Beach,Downtown Station,1,11,Los Angeles,North Hollywood Station,
2453,direct,2019-03-11,09:50,Long Beach,Downtown Station,1,11,Los Angeles,North Hollywood Station,
2454,direct,2019-03-11,11:00,Long Beach,Downtown Station,1,12,Los Angeles,North Hollywood Station,
2455,direct,2019-03-11,12:20,Long Beach,Downtown Station,1,12,Los Angeles,North Hollywood Station,
2456,direct,2019-03-11,13:00,Long Beach,Downtown Station,1,13,Los Angeles,North Hollywood Station,
2457,direct,2019-03-11,06:00,Long Beach,Downtown Station,3,11,Los Angeles,North Hollywood Station,False
2458,direct,2019-03-06,07:40,Vancouver,Pacific Central Station,4,26,Seattle,Westlake Station,
2459,direct,2019-03-06,09:10,Vancouver,Pacific Central Station,4,28,Seattle,Westlake Station,
2460,direct,2019-03-06,13:10,Vancouver,Pacific Central Station,4,28,Seattle,Westlake Station,
2461,direct,2019-03-06,13:40,Vancouver,Pacific Central Station,4,34,Seattle,Westlake Station,
2462,direct,2019-03-06,15:00,Vancouver,Pacific Central Station,4,29,Seattle,Westlake Station,
2463,direct,2019-03-06,15:20,Vancouver,Pacific Central Station,4,28,Seattle,Westlake Station,
2464,direct,2019-03-06,15:40,Vancouver,Pacific Central Station,4,25,Seattle,Westlake Station,
2465,direct,2019-03-06,16:10,Vancouver,Pacific Central Station,4,27,Seattle,Westlake Station,
2466,direct,2019-03-06,17:40,Vancouver,Pacific Central Station,4,28,Seattle,Westlake Station,
2467,direct,2019-03-06,18:20,Vancouver,Pacific Central Station,4,28,Seattle,Westlake Station,
2468,direct,2019-03-06,13:10,Vancouver,Pacific Central Station,4,28,Seattle,Westlake Station,False
2469,direct,2019-03-13,09:10,Long Beach,Downtown Station,1,38,Las Vegas,Union Plaza,
2470,direct,2019-03-13,10:00,Long Beach,Downtown Station,1,38,Las Vegas,Union Plaza,
2471,direct,2019-03-13,15:30,Long Beach,Downtown Station,1,35,Las Vegas,Union Plaza,
2472,direct,2019-03-13,17:50,Long Beach,Downtown Station,1,37,Las Vegas,Union Plaza,
2473,direct,2019-03-13,09:10,Long Beach,Downtown Station,3,38,Las Vegas,Union Plaza,False
2474,direct,2019-03-04,06:30,Las Vegas,Union Plaza,1,34,Long Beach,Downtown Station,
2475,direct,2019-03-04,07:10,Las Vegas,Union Plaza,1,35,Long Beach,Downtown Station,
2476,direct,2019-03-04,14:20,Las Vegas,Union Plaza,1,36,Long Beach,Downtown Station,
2477,direct,2019-03-04,17:50,Las Vegas,Union Plaza,1,45,Long Beach,Downtown Station,
2478,direct,2019-03-04,06:30,Las Vegas,Union Plaza,4,42,Long Beach,Downtown Station,True
2479,direct,2019-03-01,13:50,Fresno,2660 Tulare St,1,34,Anaheim,Anaheim Bus Station,
2480,direct,2019-03-01,14:20,Fresno,2660 Tulare St,1,38,Anaheim,Anaheim Bus Station,
2481,direct,2019-03-01,15:10,Fresno,2660 Tulare St,1,47,Anaheim,Anaheim Bus Station,
2482,direct,2019-03-01,18:10,Fresno,2660 Tulare St,1,35,Anaheim,Anaheim Bus Station,
2483,direct,2019-03-01,13:50,Fresno,2660 Tulare St,1,34,Anaheim,Anaheim Bus Station,False
2484,direct,2019-03-02,06:50,Los Angeles,North Hollywood Station,1,12,Long Beach,Downtown Station,
2485,direct,2019-03-02,08:20,Los Angeles,North Hollywood Station,1,13,Long Beach,Downtown Station,
2486,direct,2019-03-02,11:20,Los Angeles,North Hollywood Station,1,11,Long Beach,Downtown Station,
2487,direct,2019-03-02,12:10,Los Angeles,North Hollywood Station,1,11,Long Beach,Downtown Station,
2488,direct,2019-03-02,12:50,Los Angeles,North Hollywood Station,1,12,Long Beach,Downtown Station,
2489,direct,2019-03-02,13:30,Los Angeles,North Hollywood Station,1,12,Long Beach,Downtown Station,
2490,direct,2019-03-02,13:40,Los Angeles,North Hollywood Station,1,11,Long Beach,Downtown Station,
2491,direct,2019-03-02,14:00,Los Angeles,North Hollywood Station,1,12,Long Beach,Downtown Station,
2492,direct,2019-03-02,14:40,Los Angeles,North Hollywood Station,1,12,Long Beach,Downtown Station,
2493,direct,2019-03-02,15:20,Los Angeles,North Hollywood Station,1,10,Long Beach,Downtown Station,
2494,direct,2019-03-02,06:50,Los Angeles,North Hollywood Station,3,12,Long Beach,Downtown Station,False
2495,direct,2019-03-03,07:40,Sacramento,65th Light Rail Station,1,20,San Francisco,Transbay Terminal,
2496,direct,2019-03-03,07:50,Sacramento,65th Light Rail Station,1,22,San Francisco,Transbay Terminal,
2497,direct,2019-03-03,09:40,Sacramento,65th Light Rail Station,1,25,San Francisco,Transbay Terminal,
2498,direct,2019-03-03,12:10,Sacramento,65th Light Rail Station,1,23,San Francisco,Transbay Terminal,
2499,direct,2019-03-03,12:20,Sacramento,65th Light Rail Station,1,18,San Francisco,Transbay Terminal,
2500,direct,2019-03-03,13:00,Sacramento,65th Light Rail Station,1,29,San Francisco,Transbay Terminal,
2501,direct,2019-03-03,15:10,Sacramento,65th Light Rail Station,1,23,San Francisco,Transbay Terminal,
2502,direct,2019-03-03,15:20,Sacramento,65th Light Rail Station,1,18,San Francisco,Transbay Terminal,
2503,direct,2019-03-03,16:20,Sacramento,65th Light Rail Station,1,23,San Francisco,Transbay Terminal,
2504,direct,2019-03-03,16:40,Sacramento,65th Light Rail Station,1,22,San Francisco,Transbay Terminal,
2505,direct,2019-03-03,07:40,Sacramento,65th Light Rail Station,1,20,San Francisco,Transbay Terminal,False
2506,direct,2019-03-06,09:10,San Diego,El Cajon Bus Stop,2,24,Los Angeles,North Hollywood Station,
2507,direct,2019-03-06,09:20,San Diego,El Cajon Bus Stop,2,27,Los Angeles,North Hollywood Station,
2508,direct,2019-03-06,14:20,San Diego,El Cajon Bus Stop,2,30,Los Angeles,North Hollywood Station,
2509,direct,2019-03-06,16:00,San Diego,El Cajon Bus Stop,2,28,Los Angeles,North Hollywood Station,
2510,direct,2019-03-06,16:10,San Diego,El Cajon Bus Stop,2,28,Los Angeles,North Hollywood Station,
2511,direct,2019-03-06,16:40,San Diego,El Cajon Bus Stop,2,24,Los Angeles,North Hollywood Station,
2512,direct,2019-03-06,17:10,San Diego,El Cajon Bus Stop,2,25,Los Angeles,North Hollywood Station,
2513,direct,2019-03-06,17:20,San Diego,El Cajon Bus Stop,2,27,Los Angeles,North Hollywood Station,
2514,direct,2019-03-06,17:30,San Diego,El Cajon Bus Stop,2,23,Los Angeles,North Hollywood Station,
2515,direct,2019-03-06,18:10,San Diego,El Cajon Bus Stop,2,27,Los Angeles,North Hollywood Station,
2516,direct,2019-03-06,09:20,San Diego,El Cajon Bus Stop,2,35,Los Angeles,North Hollywood Station,True
2517,direct,2019-03-14,08:10,Long Beach,Downtown Station,4,35,Fresno,2660 Tulare St,
2518,direct,2019-03-14,11:20,Long Beach,Downtown Station,4,32,Fresno,2660 Tulare St,
2519,direct,2019-03-14,12:30,Long Beach,Downtown Station,4,38,Fresno,2660 Tulare St,
2520,direct,2019-03-14,12:50,Long Beach,Downtown Station,4,39,Fresno,2660 Tulare St,
2521,direct,2019-03-14,13:50,Long Beach,Downtown Station,4,32,Fresno,2660 Tulare St,
2522,direct,2019-03-14,08:10,Long Beach,Downtown Station,4,35,Fresno,2660 Tulare St,False
2523,direct,2019-03-09,07:50,Anaheim,Anaheim Bus Station,1,12,Los Angeles,North Hollywood Station,
2524,direct,2019-03-09,10:20,Anaheim,Anaheim Bus Station,1,11,Los Angeles,North Hollywood Station,
2525,direct,2019-03-09,11:50,Anaheim,Anaheim Bus Station,1,13,Los Angeles,North Hollywood Station,
2526,direct,2019-03-09,13:40,Anaheim,Anaheim Bus Station,1,12,Los Angeles,North Hollywood Station,
2527,direct,2019-03-09,14:00,Anaheim,Anaheim Bus Station,1,12,Los Angeles,North Hollywood Station,
2528,direct,2019-03-09,15:10,Anaheim,Anaheim Bus Station,1,14,Los Angeles,North Hollywood Station,
2529,direct,2019-03-09,16:00,Anaheim,Anaheim Bus Station,1,13,Los Angeles,North Hollywood Station,
2530,direct,2019-03-09,17:10,Anaheim,Anaheim Bus Station,1,12,Los Angeles,North Hollywood Station,
2531,direct,2019-03-09,17:20,Anaheim,Anaheim Bus Station,1,13,Los Angeles,North Hollywood Station,
2532,direct,2019-03-09,17:40,Anaheim,Anaheim Bus Station,1,12,Los Angeles,North Hollywood Station,
2533,direct,2019-03-09,07:50,Anaheim,Anaheim Bus Station,1,20,Los Angeles,North Hollywood Station,True
2534,direct,2019-03-05,07:20,Las Vegas,Union Plaza,2,49,Fresno,2660 Tulare St,True
2535,direct,2019-03-02,07:50,Fresno,2660 Tulare St,1,35,Los Angeles,North Hollywood Station,
2536,direct,2019-03-02,08:10,Fresno,2660 Tulare St,1,35,Los Angeles,North Hollywood Station,
2537,direct,2019-03-02,09:00,Fresno,2660 Tulare St,1,35,Los Angeles,North Hollywood Station,
2538,direct,2019-03-02,09:50,Fresno,2660 Tulare St,1,36,Los Angeles,North Hollywood Station,
2539,direct,2019-03-02,13:20,Fresno,2660 Tulare St,1,36,Los Angeles,North Hollywood Station,
2540,direct,2019-03-02,15:20,Fresno,2660 Tulare St,1,34,Los Angeles,North Hollywood Station,
2541,direct,2019-03-02,17:10,Fresno,2660 Tulare St,1,40,Los Angeles,North Hollywood Station,
2542,direct,2019-03-02,19:20,Fresno,2660 Tulare St,1,37,Los Angeles,North Hollywood Station,
2543,direct,2019-03-02,13:50,Fresno,2660 Tulare St,3,42,Anaheim,Anaheim Bus Station,
2544,direct,2019-03-02,14:20,Fresno,2660 Tulare St,3,40,Anaheim,Anaheim Bus Station,
2545,direct,2019-03-02,15:10,Fresno,2660 Tulare St,3,40,Anaheim,Anaheim Bus Station,
2546,direct,2019-03-02,18:10,Fresno,2660 Tulare St,3,39,Anaheim,Anaheim Bus Station,
2547,direct,2019-03-02,13:50,Fresno,2660 Tulare St,3,42,Anaheim,Anaheim Bus Station,False
2548,direct,2019-03-14,07:40,Sacramento,65th Light Rail Station,2,25,San Francisco,Transbay Terminal,
2549,direct,2019-03-14,07:50,Sacramento,65th Light Rail Station,2,21,San Francisco,Transbay Terminal,
2550,direct,2019-03-14,09:40,Sacramento,65th Light Rail Station,2,23,San Francisco,Transbay Terminal,
2551,direct,2019-03-14,12:10,Sacramento,65th Light Rail Station,2,24,San Francisco,Transbay Terminal,
2552,direct,2019-03-14,12:20,Sacramento,65th Light Rail Station,2,22,San Francisco,Transbay Terminal,
2553,direct,2019-03-14,13:00,Sacramento,65th Light Rail Station,2,24,San Francisco,Transbay Terminal,
2554,direct,2019-03-14,15:10,Sacramento,65th Light Rail Station,2,24,San Francisco,Transbay Terminal,
2555,direct,2019-03-14,15:20,Sacramento,65th Light Rail Station,2,24,San Francisco,Transbay Terminal,
2556,direct,2019-03-14,16:20,Sacramento,65th Light Rail Station,2,21,San Francisco,Transbay Terminal,
2557,direct,2019-03-14,16:40,Sacramento,65th Light Rail Station,2,21,San Francisco,Transbay Terminal,
2558,direct,2019-03-14,07:40,Sacramento,65th Light Rail Station,2,33,San Francisco,Transbay Terminal,True
2559,direct,2019-03-11,08:50,Los Angeles,North Hollywood Station,1,38,Las Vegas,Union Plaza,
2560,direct,2019-03-11,10:00,Los Angeles,North Hollywood Station,1,38,Las Vegas,Union Plaza,
2561,direct,2019-03-11,12:20,Los Angeles,North Hollywood Station,1,33,Las Vegas,Union Plaza,
2562,direct,2019-03-11,18:50,Los Angeles,North Hollywood Station,1,37,Las Vegas,Union Plaza,
2563,direct,2019-03-11,08:50,Los Angeles,North Hollywood Station,2,38,Las Vegas,Union Plaza,False
2564,direct,2019-03-07,07:40,Vancouver,Pacific Central Station,1,25,Seattle,Westlake Station,
2565,direct,2019-03-07,09:10,Vancouver,Pacific Central Station,1,30,Seattle,Westlake Station,
2566,direct,2019-03-07,13:10,Vancouver,Pacific Central Station,1,29,Seattle,Westlake Station,
2567,direct,2019-03-07,13:40,Vancouver,Pacific Central Station,1,28,Seattle,Westlake Station,
2568,direct,2019-03-07,15:00,Vancouver,Pacific Central Station,1,33,Seattle,Westlake Station,
2569,direct,2019-03-07,15:20,Vancouver,Pacific Central Station,1,25,Seattle,Westlake Station,
2570,direct,2019-03-07,15:40,Vancouver,Pacific Central Station,1,24,Seattle,Westlake Station,
2571,direct,2019-03-07,16:10,Vancouver,Pacific Central Station,1,27,Seattle,Westlake Station,
2572,direct,2019-03-07,17:40,Vancouver,Pacific Central Station,1,30,Seattle,Westlake Station,
2573,direct,2019-03-07,18:20,Vancouver,Pacific Central Station,1,24,Seattle,Westlake Station,
2574,direct,2019-03-07,09:10,Vancouver,Pacific Central Station,4,38,Seattle,Westlake Station,True
2575,direct,2019-03-11,07:00,Portland,SW Arthur & 1st,3,26,Seattle,Westlake Station,
2576,direct,2019-03-11,11:20,Portland,SW Arthur & 1st,3,28,Seattle,Westlake Station,
2577,direct,2019-03-11,11:50,Portland,SW Arthur & 1st,3,31,Seattle,Westlake Station,
2578,direct,2019-03-11,12:20,Portland,SW Arthur & 1st,3,30,Seattle,Westlake Station,
2579,direct,2019-03-11,12:30,Portland,SW Arthur & 1st,3,31,Seattle,Westlake Station,
2580,direct,2019-03-11,12:40,Portland,SW Arthur & 1st,3,27,Seattle,Westlake Station,
2581,direct,2019-03-11,16:10,Portland,SW Arthur & 1st,3,29,Seattle,Westlake Station,
2582,direct,2019-03-11,17:30,Portland,SW Arthur & 1st,3,32,Seattle,Westlake Station,
2583,direct,2019-03-11,18:30,Portland,SW Arthur & 1st,3,29,Seattle,Westlake Station,
2584,direct,2019-03-11,19:00,Portland,SW Arthur & 1st,3,34,Seattle,Westlake Station,
2585,direct,2019-03-11,07:00,Portland,SW Arthur & 1st,3,26,Seattle,Westlake Station,False
2586,direct,2019-03-08,09:10,San Diego,El Cajon Bus Stop,4,25,Los Angeles,North Hollywood Station,
2587,direct,2019-03-08,09:20,San Diego,El Cajon Bus Stop,4,24,Los Angeles,North Hollywood Station,
2588,direct,2019-03-08,14:20,San Diego,El Cajon Bus Stop,4,20,Los Angeles,North Hollywood Station,
2589,direct,2019-03-08,16:00,San Diego,El Cajon Bus Stop,4,27,Los Angeles,North Hollywood Station,
2590,direct,2019-03-08,16:10,San Diego,El Cajon Bus Stop,4,28,Los Angeles,North Hollywood Station,
2591,direct,2019-03-08,16:40,San Diego,El Cajon Bus Stop,4,22,Los Angeles,North Hollywood Station,
2592,direct,2019-03-08,17:10,San Diego,El Cajon Bus Stop,4,26,Los Angeles,North Hollywood Station,
2593,direct,2019-03-08,17:20,San Diego,El Cajon Bus Stop,4,25,Los Angeles,North Hollywood Station,
2594,direct,2019-03-08,17:30,San Diego,El Cajon Bus Stop,4,30,Los Angeles,North Hollywood Station,
2595,direct,2019-03-08,18:10,San Diego,El Cajon Bus Stop,4,25,Los Angeles,North Hollywood Station,
2596,direct,2019-03-08,09:10,San Diego,El Cajon Bus Stop,4,25,Los Angeles,North Hollywood Station,False
2597,direct,2019-03-04,07:50,San Francisco,Transbay Terminal,1,48,Las Vegas,Union Plaza,
2598,direct,2019-03-04,09:30,San Francisco,Transbay Terminal,1,57,Las Vegas,Union Plaza,
2599,direct,2019-03-04,13:30,San Francisco,Transbay Terminal,1,52,Las Vegas,Union Plaza,
2600,direct,2019-03-04,15:30,San Francisco,Transbay Terminal,1,51,Las Vegas,Union Plaza,
2601,direct,2019-03-04,17:40,San Francisco,Transbay Terminal,1,46,Las Vegas,Union Plaza,
2602,direct,2019-03-04,19:00,San Francisco,Transbay Terminal,1,48,Las Vegas,Union Plaza,
2603,direct,2019-03-04,07:50,San Francisco,Transbay Terminal,3,48,Las Vegas,Union Plaza,False
2604,direct,2019-03-03,08:30,Washington,Silver Spring Bus Stop,1,37,Philadelphia,10th and Filbert,True
2605,direct,2019-03-07,07:00,San Francisco,Transbay Terminal,1,31,Fresno,2660 Tulare St,
2606,direct,2019-03-07,07:10,San Francisco,Transbay Terminal,1,36,Fresno,2660 Tulare St,
2607,direct,2019-03-07,08:20,San Francisco,Transbay Terminal,1,34,Fresno,2660 Tulare St,
2608,direct,2019-03-07,13:00,San Francisco,Transbay Terminal,1,28,Fresno,2660 Tulare St,
2609,direct,2019-03-07,15:20,San Francisco,Transbay Terminal,1,42,Fresno,2660 Tulare St,
2610,direct,2019-03-07,16:10,San Francisco,Transbay Terminal,1,32,Fresno,2660 Tulare St,
2611,direct,2019-03-07,18:20,San Francisco,Transbay Terminal,1,34,Fresno,2660 Tulare St,
2612,direct,2019-03-07,18:40,San Francisco,Transbay Terminal,1,34,Fresno,2660 Tulare St,
2613,direct,2019-03-07,19:30,San Francisco,Transbay Terminal,1,34,Fresno,2660 Tulare St,
2614,direct,2019-03-07,07:10,San Francisco,Transbay Terminal,2,36,Fresno,2660 Tulare St,False
2615,direct,2019-03-12,07:40,Sacramento,65th Light Rail Station,1,43,Los Angeles,North Hollywood Station,
2616,direct,2019-03-12,09:40,Sacramento,65th Light Rail Station,1,48,Los Angeles,North Hollywood Station,
2617,direct,2019-03-12,13:20,Sacramento,65th Light Rail Station,1,45,Los Angeles,North Hollywood Station,
2618,direct,2019-03-12,09:40,Sacramento,65th Light Rail Station,3,48,Los Angeles,North Hollywood Station,False
2619,direct,2019-03-10,07:50,San Francisco,Transbay Terminal,1,44,Las Vegas,Union Plaza,
2620,direct,2019-03-10,09:30,San Francisco,Transbay Terminal,1,47,Las Vegas,Union Plaza,
2621,direct,2019-03-10,13:30,San Francisco,Transbay Terminal,1,57,Las Vegas,Union Plaza,
2622,direct,2019-03-10,15:30,San Francisco,Transbay Terminal,1,48,Las Vegas,Union Plaza,
2623,direct,2019-03-10,17:40,San Francisco,Transbay Terminal,1,57,Las Vegas,Union Plaza,
2624,direct,2019-03-10,19:00,San Francisco,Transbay Terminal,1,52,Las Vegas,Union Plaza,
2625,direct,2019-03-10,07:50,San Francisco,Transbay Terminal,1,44,Las Vegas,Union Plaza,False
2626,direct,2019-03-13,06:30,San Diego,El Cajon Bus Stop,1,62,San Francisco,Transbay Terminal,
2627,direct,2019-03-13,07:20,San Diego,El Cajon Bus Stop,1,55,San Francisco,Transbay Terminal,
2628,direct,2019-03-13,09:10,San Diego,El Cajon Bus Stop,1,58,San Francisco,Transbay Terminal,
2629,direct,2019-03-13,10:30,San Diego,El Cajon Bus Stop,1,51,San Francisco,Transbay Terminal,
2630,direct,2019-03-13,13:20,San Diego,El Cajon Bus Stop,1,47,San Francisco,Transbay Terminal,
2631,direct,2019-03-13,14:50,San Diego,El Cajon Bus Stop,1,62,San Francisco,Transbay Terminal,
2632,direct,2019-03-13,06:30,San Diego,El Cajon Bus Stop,4,62,San Francisco,Transbay Terminal,False
2633,direct,2019-03-03,08:10,Long Beach,Downtown Station,1,35,Fresno,2660 Tulare St,
2634,direct,2019-03-03,11:20,Long Beach,Downtown Station,1,33,Fresno,2660 Tulare St,
2635,direct,2019-03-03,12:30,Long Beach,Downtown Station,1,41,Fresno,2660 Tulare St,
2636,direct,2019-03-03,12:50,Long Beach,Downtown Station,1,40,Fresno,2660 Tulare St,
2637,direct,2019-03-03,13:50,Long Beach,Downtown Station,1,42,Fresno,2660 Tulare St,
2638,direct,2019-03-03,07:00,San Francisco,Transbay Terminal,1,33,Fresno,2660 Tulare St,
2639,direct,2019-03-03,07:10,San Francisco,Transbay Terminal,1,34,Fresno,2660 Tulare St,
2640,direct,2019-03-03,08:20,San Francisco,Transbay Terminal,1,38,Fresno,2660 Tulare St,
2641,direct,2019-03-03,13:00,San Francisco,Transbay Terminal,1,33,Fresno,2660 Tulare St,
2642,direct,2019-03-03,15:20,San Francisco,Transbay Terminal,1,29,Fresno,2660 Tulare St,
2643,direct,2019-03-03,16:10,San Francisco,Transbay Terminal,1,30,Fresno,2660 Tulare St,
2644,direct,2019-03-03,18:20,San Francisco,Transbay Terminal,1,32,Fresno,2660 Tulare St,
2645,direct,2019-03-03,18:40,San Francisco,Transbay Terminal,1,29,Fresno,2660 Tulare St,
2646,direct,2019-03-03,19:30,San Francisco,Transbay Terminal,1,34,Fresno,2660 Tulare St,
2647,direct,2019-03-03,07:00,San Francisco,Transbay Terminal,1,33,Fresno,2660 Tulare St,False
2648,direct,2019-03-03,07:10,Fresno,2660 Tulare St,1,37,Las Vegas,Union Plaza,
2649,direct,2019-03-03,07:40,Fresno,2660 Tulare St,1,38,Las Vegas,Union Plaza,
2650,direct,2019-03-03,10:50,Fresno,2660 Tulare St,1,38,Las Vegas,Union Plaza,
2651,direct,2019-03-03,12:20,Fresno,2660 Tulare St,1,37,Las Vegas,Union Plaza,
2652,direct,2019-03-03,12:30,Fresno,2660 Tulare St,1,42,Las Vegas,Union Plaza,
2653,direct,2019-03-03,13:10,Fresno,2660 Tulare St,1,42,Las Vegas,Union Plaza,
2654,direct,2019-03-03,15:20,Fresno,2660 Tulare St,1,37,Las Vegas,Union Plaza,
2655,direct,2019-03-03,15:50,Fresno,2660 Tulare St,1,42,Las Vegas,Union Plaza,
2656,direct,2019-03-03,18:00,Fresno,2660 Tulare St,1,38,Las Vegas,Union Plaza,
2657,direct,2019-03-03,18:10,Fresno,2660 Tulare St,1,35,Las Vegas,Union Plaza,
2658,direct,2019-03-03,07:10,Fresno,2660 Tulare St,4,37,Las Vegas,Union Plaza,False
2659,direct,2019-03-05,07:50,Anaheim,Anaheim Bus Station,1,12,Los Angeles,North Hollywood Station,
2660,direct,2019-03-05,10:20,Anaheim,Anaheim Bus Station,1,14,Los Angeles,North Hollywood Station,
2661,direct,2019-03-05,11:50,Anaheim,Anaheim Bus Station,1,11,Los Angeles,North Hollywood Station,
2662,direct,2019-03-05,13:40,Anaheim,Anaheim Bus Station,1,13,Los Angeles,North Hollywood Station,
2663,direct,2019-03-05,14:00,Anaheim,Anaheim Bus Station,1,12,Los Angeles,North Hollywood Station,
2664,direct,2019-03-05,15:10,Anaheim,Anaheim Bus Station,1,14,Los Angeles,North Hollywood Station,
2665,direct,2019-03-05,16:00,Anaheim,Anaheim Bus Station,1,12,Los Angeles,North Hollywood Station,
2666,direct,2019-03-05,17:10,Anaheim,Anaheim Bus Station,1,13,Los Angeles,North Hollywood Station,
2667,direct,2019-03-05,17:20,Anaheim,Anaheim Bus Station,1,13,Los Angeles,North Hollywood Station,
2668,direct,2019-03-05,17:40,Anaheim,Anaheim Bus Station,1,12,Los Angeles,North Hollywood Station,
2669,direct,2019-03-05,07:50,Anaheim,Anaheim Bus Station,4,12,Los Angeles,North Hollywood Station,
2670,direct,2019-03-05,10:20,Anaheim,Anaheim Bus Station,4,14,Los Angeles,North Hollywood Station,
2671,direct,2019-03-05,11:50,Anaheim,Anaheim Bus Station,4,11,Los Angeles,North Hollywood Station,
2672,direct,2019-03-05,13:40,Anaheim,Anaheim Bus Station,4,13,Los Angeles,North Hollywood Station,
2673,direct,2019-03-05,14:00,Anaheim,Anaheim Bus Station,4,12,Los Angeles,North Hollywood Station,
2674,direct,2019-03-05,15:10,Anaheim,Anaheim Bus Station,4,14,Los Angeles,North Hollywood Station,
2675,direct,2019-03-05,16:00,Anaheim,Anaheim Bus Station,4,12,Los Angeles,North Hollywood Station,
2676,direct,2019-03-05,17:10,Anaheim,Anaheim Bus Station,4,13,Los Angeles,North Hollywood Station,
2677,direct,2019-03-05,17:20,Anaheim,Anaheim Bus Station,4,13,Los Angeles,North Hollywood Station,
2678,direct,2019-03-05,10:20,Anaheim,Anaheim Bus Station,4,14,Los Angeles,North Hollywood Station,False
2679,direct,2019-03-06,10:50,Fresno,2660 Tulare St,1,30,San Francisco,Transbay Terminal,
2680,direct,2019-03-06,12:40,Fresno,2660 Tulare St,1,35,San Francisco,Transbay Terminal,
2681,direct,2019-03-06,13:10,Fresno,2660 Tulare St,1,35,San Francisco,Transbay Terminal,
2682,direct,2019-03-06,13:30,Fresno,2660 Tulare St,1,31,San Francisco,Transbay Terminal,
2683,direct,2019-03-06,14:20,Fresno,2660 Tulare St,1,34,San Francisco,Transbay Terminal,
2684,direct,2019-03-06,14:40,Fresno,2660 Tulare St,1,32,San Francisco,Transbay Terminal,
2685,direct,2019-03-06,16:10,Fresno,2660 Tulare St,1,31,San Francisco,Transbay Terminal,
2686,direct,2019-03-06,19:40,Fresno,2660 Tulare St,1,33,San Francisco,Transbay Terminal,
2687,direct,2019-03-05,07:40,Vancouver,Pacific Central Station,4,29,Seattle,Westlake Station,
2688,direct,2019-03-05,09:10,Vancouver,Pacific Central Station,4,27,Seattle,Westlake Station,
2689,direct,2019-03-05,13:10,Vancouver,Pacific Central Station,4,26,Seattle,Westlake Station,
2690,direct,2019-03-05,13:40,Vancouver,Pacific Central Station,4,26,Seattle,Westlake Station,
2691,direct,2019-03-05,15:00,Vancouver,Pacific Central Station,4,27,Seattle,Westlake Station,
2692,direct,2019-03-05,15:20,Vancouver,Pacific Central Station,4,28,Seattle,Westlake Station,
2693,direct,2019-03-05,15:40,Vancouver,Pacific Central Station,4,25,Seattle,Westlake Station,
2694,direct,2019-03-05,16:10,Vancouver,Pacific Central Station,4,31,Seattle,Westlake Station,
2695,direct,2019-03-05,17:40,Vancouver,Pacific Central Station,4,25,Seattle,Westlake Station,
2696,direct,2019-03-05,18:20,Vancouver,Pacific Central Station,4,30,Seattle,Westlake Station,
2697,direct,2019-03-01,07:10,Vancouver,Pacific Central Station,1,41,Portland,SW Arthur & 1st,
2698,direct,2019-03-01,08:40,Vancouver,Pacific Central Station,1,44,Portland,SW Arthur & 1st,
2699,direct,2019-03-01,09:30,Vancouver,Pacific Central Station,1,38,Portland,SW Arthur & 1st,
2700,direct,2019-03-01,11:50,Vancouver,Pacific Central Station,1,40,Portland,SW Arthur & 1st,
2701,direct,2019-03-01,14:10,Vancouver,Pacific Central Station,1,45,Portland,SW Arthur & 1st,
2702,direct,2019-03-01,14:30,Vancouver,Pacific Central Station,1,44,Portland,SW Arthur & 1st,
2703,direct,2019-03-01,17:00,Vancouver,Pacific Central Station,1,41,Portland,SW Arthur & 1st,
2704,direct,2019-03-01,19:00,Vancouver,Pacific Central Station,1,42,Portland,SW Arthur & 1st,
2705,direct,2019-03-05,10:30,Los Angeles,North Hollywood Station,1,51,Sacramento,65th Light Rail Station,
2706,direct,2019-03-05,15:20,Los Angeles,North Hollywood Station,1,42,Sacramento,65th Light Rail Station,
2707,direct,2019-03-05,19:00,Los Angeles,North Hollywood Station,1,47,Sacramento,65th Light Rail Station,
2708,direct,2019-03-05,08:10,Long Beach,Downtown Station,1,42,Fresno,2660 Tulare St,
2709,direct,2019-03-05,11:20,Long Beach,Downtown Station,1,42,Fresno,2660 Tulare St,
2710,direct,2019-03-05,12:30,Long Beach,Downtown Station,1,33,Fresno,2660 Tulare St,
2711,direct,2019-03-05,12:50,Long Beach,Downtown Station,1,44,Fresno,2660 Tulare St,
2712,direct,2019-03-05,13:50,Long Beach,Downtown Station,1,37,Fresno,2660 Tulare St,
2713,direct,2019-03-03,08:10,Long Beach,Downtown Station,3,35,Fresno,2660 Tulare St,
2714,direct,2019-03-03,11:20,Long Beach,Downtown Station,3,33,Fresno,2660 Tulare St,
2715,direct,2019-03-03,12:30,Long Beach,Downtown Station,3,41,Fresno,2660 Tulare St,
2716,direct,2019-03-03,12:50,Long Beach,Downtown Station,3,40,Fresno,2660 Tulare St,
2717,direct,2019-03-02,06:40,Las Vegas,Union Plaza,1,56,San Francisco,Transbay Terminal,
2718,direct,2019-03-02,11:30,Las Vegas,Union Plaza,1,48,San Francisco,Transbay Terminal,
2719,direct,2019-03-02,12:30,Las Vegas,Union Plaza,1,52,San Francisco,Transbay Terminal,
2720,direct,2019-03-02,13:00,Las Vegas,Union Plaza,1,41,San Francisco,Transbay Terminal,
2721,direct,2019-03-02,17:30,Las Vegas,Union Plaza,1,51,San Francisco,Transbay Terminal,
2722,direct,2019-03-02,18:50,Las Vegas,Union Plaza,1,48,San Francisco,Transbay Terminal,
2723,direct,2019-03-02,09:00,Philadelphia,10th and Filbert,2,22,New York,Penn Station,
2724,direct,2019-03-02,10:10,Philadelphia,10th and Filbert,2,25,New York,Penn Station,
2725,direct,2019-03-02,12:30,Philadelphia,10th and Filbert,2,21,New York,Penn Station,
2726,direct,2019-03-02,13:10,Philadelphia,10th and Filbert,2,24,New York,Penn Station,
2727,direct,2019-03-02,13:50,Philadelphia,10th and Filbert,2,22,New York,Penn Station,
2728,direct,2019-03-02,18:00,Philadelphia,10th and Filbert,2,22,New York,Penn Station,
2729,direct,2019-03-06,07:00,San Francisco,Transbay Terminal,1,53,San Diego,El Cajon Bus Stop,
2730,direct,2019-03-06,08:50,San Francisco,Transbay Terminal,1,49,San Diego,El Cajon Bus Stop,
2731,direct,2019-03-06,09:00,San Francisco,Transbay Terminal,1,58,San Diego,El Cajon Bus Stop,
2732,direct,2019-03-06,16:00,San Francisco,Transbay Terminal,1,60,San Diego,El Cajon Bus Stop,
2733,direct,2019-03-06,17:00,San Francisco,Transbay Terminal,1,61,San Diego,El Cajon Bus Stop,
2734,direct,2019-03-06,18:40,San Francisco,Transbay Terminal,1,50,San Diego,El Cajon Bus Stop,
2735,direct,2019-03-03,07:00,San Francisco,Transbay Terminal,4,50,San Diego,El Cajon Bus Stop,
2736,direct,2019-03-03,08:50,San Francisco,Transbay Terminal,4,50,San Diego,El Cajon Bus Stop,
2737,direct,2019-03-03,09:00,San Francisco,Transbay Terminal,4,64,San Diego,El Cajon Bus Stop,
2738,direct,2019-03-03,16:00,San Francisco,Transbay Terminal,4,60,San Diego,El Cajon Bus Stop,
2739,direct,2019-03-03,17:00,San Francisco,Transbay Terminal,4,55,San Diego,El Cajon Bus Stop,
2740,direct,2019-03-01,07:10,Portland,SW Arthur & 1st,4,36,Vancouver,Pacific Central Station,
2741,direct,2019-03-01,07:20,Portland,SW Arthur & 1st,4,46,Vancouver,Pacific Central Station,
2742,direct,2019-03-01,07:50,Portland,SW Arthur & 1st,4,38,Vancouver,Pacific Central Station,
2743,direct,2019-03-01,08:30,Portland,SW Arthur & 1st,4,41,Vancouver,Pacific Central Station,
2744,direct,2019-03-01,10:00,Portland,SW Arthur & 1st,4,44,Vancouver,Pacific Central Station,
2745,direct,2019-03-01,10:10,Portland,SW Arthur & 1st,4,37,Vancouver,Pacific Central Station,
2746,direct,2019-03-01,19:40,Portland,SW Arthur & 1st,4,41,Vancouver,Pacific Central Station,
2747,direct,2019-03-04,06:10,Seattle,Westlake Station,1,29,Vancouver,Pacific Central Station,
2748,direct,2019-03-04,07:20,Seattle,Westlake Station,1,30,Vancouver,Pacific Central Station,
2749,direct,2019-03-04,08:00,Seattle,Westlake Station,1,31,Vancouver,Pacific Central Station,
2750,direct,2019-03-04,08:50,Seattle,Westlake Station,1,25,Vancouver,Pacific Central Station,
2751,direct,2019-03-04,11:10,Seattle,Westlake Station,1,28,Vancouver,Pacific Central Station,
2752,direct,2019-03-04,12:00,Seattle,Westlake Station,1,22,Vancouver,Pacific Central Station,
2753,direct,2019-03-04,12:20,Seattle,Westlake Station,1,26,Vancouver,Pacific Central Station,
2754,direct,2019-03-04,15:20,Seattle,Westlake Station,1,27,Vancouver,Pacific Central Station,
2755,direct,2019-03-04,18:10,Seattle,Westlake Station,1,27,Vancouver,Pacific Central Station,
2756,direct,2019-03-04,18:20,Seattle,Westlake Station,1,30,Vancouver,Pacific Central Station,
2757,direct,2019-03-03,07:30,Seattle,Westlake Station,2,32,Portland,SW Arthur & 1st,
2758,direct,2019-03-03,09:00,Seattle,Westlake Station,2,29,Portland,SW Arthur & 1st,
2759,direct,2019-03-03,09:20,Seattle,Westlake Station,2,27,Portland,SW Arthur & 1st,
2760,direct,2019-03-03,09:30,Seattle,Westlake Station,2,33,Portland,SW Arthur & 1st,
2761,direct,2019-03-03,09:50,Seattle,Westlake Station,2,27,Portland,SW Arthur & 1st,
2762,direct,2019-03-03,12:10,Seattle,Westlake Station,2,32,Portland,SW Arthur & 1st,
2763,direct,2019-03-03,12:20,Seattle,Westlake Station,2,31,Portland,SW Arthur & 1st,
2764,direct,2019-03-03,18:30,Seattle,Westlake Station,2,30,Portland,SW Arthur & 1st,
2765,direct,2019-03-05,07:00,Portland,SW Arthur & 1st,2,27,Seattle,Westlake Station,
2766,direct,2019-03-05,11:20,Portland,SW Arthur & 1st,2,30,Seattle,Westlake Station,
2767,direct,2019-03-05,11:50,Portland,SW Arthur & 1st,2,32,Seattle,Westlake Station,
2768,direct,2019-03-05,12:20,Portland,SW Arthur & 1st,2,29,Seattle,Westlake Station,
2769,direct,2019-03-05,12:30,Portland,SW Arthur & 1st,2,30,Seattle,Westlake Station,
2770,direct,2019-03-05,12:40,Portland,SW Arthur & 1st,2,30,Seattle,Westlake Station,
2771,direct,2019-03-05,16:10,Portland,SW Arthur & 1st,2,30,Seattle,Westlake Station,
2772,direct,2019-03-05,17:30,Portland,SW Arthur & 1st,2,30,Seattle,Westlake Station,
2773,direct,2019-03-05,18:30,Portland,SW Arthur & 1st,2,30,Seattle,Westlake Station,
2774,direct,2019-03-05,19:00,Portland,SW Arthur & 1st,2,28,Seattle,Westlake Station,
2775,direct,2019-03-03,07:00,Portland,SW Arthur & 1st,2,30,Seattle,Westlake Station,
2776,direct,2019-03-03,11:20,Portland,SW Arthur & 1st,2,29,Seattle,Westlake Station,
2777,direct,2019-03-03,11:50,Portland,SW Arthur & 1st,2,28,Seattle,Westlake Station,
2778,direct,2019-03-03,12:20,Portland,SW Arthur & 1st,2,32,Seattle,Westlake Station,
2779,direct,2019-03-03,12:30,Portland,SW Arthur & 1st,2,36,Seattle,Westlake Station,
2780,direct,2019-03-03,12:40,Portland,SW Arthur & 1st,2,27,Seattle,Westlake Station,
2781,direct,2019-03-03,16:10,Portland,SW Arthur & 1st,2,29,Seattle,Westlake Station,
2782,direct,2019-03-03,17:30,Portland,SW Arthur & 1st,2,32,Seattle,Westlake Station,
2783,direct,2019-03-03,18:30,Portland,SW Arthur & 1st,2,32,Seattle,Westlake Station,
2784,direct,2019-03-03,19:00,Portland,SW Arthur & 1st,2,33,Seattle,Westlake Station,
2785,direct,2019-03-05,06:20,Washington,Silver Spring Bus Stop,2,38,New York,Penn Station,
2786,direct,2019-03-05,12:10,Washington,Silver Spring Bus Stop,2,33,New York,Penn Station,
2787,direct,2019-03-05,13:30,Washington,Silver Spring Bus Stop,2,37,New York,Penn Station,
2788,direct,2019-03-05,15:50,Washington,Silver Spring Bus Stop,2,40,New York,Penn Station,
2789,direct,2019-03-05,17:00,Washington,Silver Spring Bus Stop,2,38,New York,Penn Station,
2790,direct,2019-03-05,18:10,Washington,Silver Spring Bus Stop,2,37,New York,Penn Station,
2791,direct,2019-03-05,19:10,Washington,Silver Spring Bus Stop,2,40,New York,Penn Station,
2792,direct,2019-03-01,07:50,Anaheim,Anaheim Bus Station,3,12,Los Angeles,North Hollywood Station,
2793,direct,2019-03-01,10:20,Anaheim,Anaheim Bus Station,3,12,Los Angeles,North Hollywood Station,
2794,direct,2019-03-01,11:50,Anaheim,Anaheim Bus Station,3,10,Los Angeles,North Hollywood Station,
2795,direct,2019-03-01,13:40,Anaheim,Anaheim Bus Station,3,12,Los Angeles,North Hollywood Station,
2796,direct,2019-03-01,14:00,Anaheim,Anaheim Bus Station,3,12,Los Angeles,North Hollywood Station,
2797,direct,2019-03-01,15:10,Anaheim,Anaheim Bus Station,3,13,Los Angeles,North Hollywood Station,
2798,direct,2019-03-01,16:00,Anaheim,Anaheim Bus Station,3,12,Los Angeles,North Hollywood Station,
2799,direct,2019-03-01,17:10,Anaheim,Anaheim Bus Station,3,13,Los Angeles,North Hollywood Station,
2800,direct,2019-03-01,17:20,Anaheim,Anaheim Bus Station,3,12,Los Angeles,North Hollywood Station,
2801,direct,2019-03-01,17:40,Anaheim,Anaheim Bus Station,3,12,Los Angeles,North Hollywood Station,
2802,direct,2019-03-02,06:00,Long Beach,Downtown Station,4,12,Los Angeles,North Hollywood Station,
2803,direct,2019-03-02,06:20,Long Beach,Downtown Station,4,11,Los Angeles,North Hollywood Station,
2804,direct,2019-03-02,06:50,Long Beach,Downtown Station,4,12,Los Angeles,North Hollywood Station,
2805,direct,2019-03-02,08:10,Long Beach,Downtown Station,4,11,Los Angeles,North Hollywood Station,
2806,direct,2019-03-02,08:20,Long Beach,Downtown Station,4,11,Los Angeles,North Hollywood Station,
2807,direct,2019-03-02,09:40,Long Beach,Downtown Station,4,11,Los Angeles,North Hollywood Station,
2808,direct,2019-03-02,09:50,Long Beach,Downtown Station,4,12,Los Angeles,North Hollywood Station,
2809,direct,2019-03-02,11:00,Long Beach,Downtown Station,4,11,Los Angeles,North Hollywood Station,
2810,direct,2019-03-02,12:20,Long Beach,Downtown Station,4,10,Los Angeles,North Hollywood Station,
2811,direct,2019-03-02,13:00,Long Beach,Downtown Station,4,12,Los Angeles,North Hollywood Station,
2812,direct,2019-03-04,06:20,Washington,Silver Spring Bus Stop,3,36,New York,Penn Station,
2813,direct,2019-03-04,12:10,Washington,Silver Spring Bus Stop,3,39,New York,Penn Station,
2814,direct,2019-03-04,13:30,Washington,Silver Spring Bus Stop,3,32,New York,Penn Station,
2815,direct,2019-03-04,15:50,Washington,Silver Spring Bus Stop,3,33,New York,Penn Station,
2816,direct,2019-03-04,17:00,Washington,Silver Spring Bus Stop,3,34,New York,Penn Station,
2817,direct,2019-03-04,18:10,Washington,Silver Spring Bus Stop,3,37,New York,Penn Station,
2818,direct,2019-03-04,19:10,Washington,Silver Spring Bus Stop,3,39,New York,Penn Station,
2819,direct,2019-03-05,09:00,Philadelphia,10th and Filbert,4,23,New York,Penn Station,
2820,direct,2019-03-05,10:10,Philadelphia,10th and Filbert,4,23,New York,Penn Station,
2821,direct,2019-03-05,12:30,Philadelphia,10th and Filbert,4,22,New York,Penn Station,
2822,direct,2019-03-05,13:10,Philadelphia,10th and Filbert,4,22,New York,Penn Station,
2823,direct,2019-03-05,13:50,Philadelphia,10th and Filbert,4,22,New York,Penn Station,
2824,direct,2019-03-05,18:00,Philadelphia,10th and Filbert,4,21,New York,Penn Station,
2825,direct,2019-03-02,06:20,Washington,Silver Spring Bus Stop,1,34,New York,Penn Station,
2826,direct,2019-03-02,12:10,Washington,Silver Spring Bus Stop,1,38,New York,Penn Station,
2827,direct,2019-03-02,13:30,Washington,Silver Spring Bus Stop,1,30,New York,Penn Station,
2828,direct,2019-03-02,15:50,Washington,Silver Spring Bus Stop,1,35,New York,Penn Station,
2829,direct,2019-03-02,17:00,Washington,Silver Spring Bus Stop,1,39,New York,Penn Station,
2830,direct,2019-03-02,18:10,Washington,Silver Spring Bus Stop,1,36,New York,Penn Station,
2831,direct,2019-03-02,19:10,Washington,Silver Spring Bus Stop,1,36,New York,Penn Station,
2832,direct,2019-03-02,09:00,Philadelphia,10th and Filbert,3,22,New York,Penn Station,
2833,direct,2019-03-02,10:10,Philadelphia,10th and Filbert,3,25,New York,Penn Station,
2834,direct,2019-03-02,12:30,Philadelphia,10th and Filbert,3,21,New York,Penn Station,
2835,direct,2019-03-02,13:10,Philadelphia,10th and Filbert,3,24,New York,Penn Station,
2836,direct,2019-03-02,13:50,Philadelphia,10th and Filbert,3,22,New York,Penn Station,
2837,direct,2019-03-02,18:00,Philadelphia,10th and Filbert,3,22,New York,Penn Station,
2838,one-stop,2019-03-05,06:00,Las Vegas,Union Plaza,2,70,Sacramento,65th Light Rail Station,
2839,one-stop,2019-03-05,06:40,Las Vegas,Union Plaza,2,59,Sacramento,65th Light Rail Station,
2840,one-stop,2019-03-05,07:20,Las Vegas,Union Plaza,2,58,Sacramento,65th Light Rail Station,
2841,one-stop,2019-03-05,09:00,Las Vegas,Union Plaza,2,61,Sacramento,65th Light Rail Station,
2842,one-stop,2019-03-05,10:10,Las Vegas,Union Plaza,2,58,Sacramento,65th Light Rail Station,
2843,one-stop,2019-03-05,12:10,Las Vegas,Union Plaza,2,56,Sacramento,65th Light Rail Station,
2844,one-stop,2019-03-05,12:30,Las Vegas,Union Plaza,2,58,Sacramento,65th Light Rail Station,
2845,one-stop,2019-03-05,06:30,San Diego,El Cajon Bus Stop,3,63,Sacramento,65th Light Rail Station,
2846,one-stop,2019-03-05,06:50,San Diego,El Cajon Bus Stop,3,60,Sacramento,65th Light Rail Station,
2847,one-stop,2019-03-05,07:20,San Diego,El Cajon Bus Stop,3,66,Sacramento,65th Light Rail Station,
2848,one-stop,2019-03-05,09:10,San Diego,El Cajon Bus Stop,3,62,Sacramento,65th Light Rail Station,
2849,one-stop,2019-03-05,10:30,San Diego,El Cajon Bus Stop,3,59,Sacramento,65th Light Rail Station,
2850,one-stop,2019-03-05,11:30,San Diego,El Cajon Bus Stop,3,62,Sacramento,65th Light Rail Station,
2851,one-stop,2019-03-05,11:50,San Diego,El Cajon Bus Stop,3,66,Sacramento,65th Light Rail Station,
2852,one-stop,2019-03-05,14:20,San Diego,El Cajon Bus Stop,3,55,Sacramento,65th Light Rail Station,
2853,one-stop,2019-03-05,16:00,San Diego,El Cajon Bus Stop,3,60,Sacramento,65th Light Rail Station,
2854,one-stop,2019-03-05,18:10,San Diego,El Cajon Bus Stop,3,58,Sacramento,65th Light Rail Station,
2855,direct,2019-03-02,07:50,Anaheim,Anaheim Bus Station,1,13,Los Angeles,North Hollywood Station,
2856,direct,2019-03-02,10:20,Anaheim,Anaheim Bus Station,1,14,Los Angeles,North Hollywood Station,
2857,direct,2019-03-02,11:50,Anaheim,Anaheim Bus Station,1,13,Los Angeles,North Hollywood Station,
2858,direct,2019-03-02,13:40,Anaheim,Anaheim Bus Station,1,14,Los Angeles,North Hollywood Station,
2859,direct,2019-03-02,14:00,Anaheim,Anaheim Bus Station,1,14,Los Angeles,North Hollywood Station,
2860,direct,2019-03-02,15:10,Anaheim,Anaheim Bus Station,1,14,Los Angeles,North Hollywood Station,
2861,direct,2019-03-02,16:00,Anaheim,Anaheim Bus Station,1,10,Los Angeles,North Hollywood Station,
2862,direct,2019-03-02,17:10,Anaheim,Anaheim Bus Station,1,12,Los Angeles,North Hollywood Station,
2863,direct,2019-03-02,17:20,Anaheim,Anaheim Bus Station,1,12,Los Angeles,North Hollywood Station,
2864,direct,2019-03-02,17:40,Anaheim,Anaheim Bus Station,1,12,Los Angeles,North Hollywood Station,
2865,direct,2019-03-02,08:30,Washington,Silver Spring Bus Stop,4,32,Philadelphia,10th and Filbert,
2866,direct,2019-03-02,11:30,Washington,Silver Spring Bus Stop,4,26,Philadelphia,10th and Filbert,
2867,direct,2019-03-02,12:40,Washington,Silver Spring Bus Stop,4,32,Philadelphia,10th and Filbert,
2868,direct,2019-03-02,13:20,Washington,Silver Spring Bus Stop,4,28,Philadelphia,10th and Filbert,
2869,direct,2019-03-02,14:30,Washington,Silver Spring Bus Stop,4,29,Philadelphia,10th and Filbert,
2870,direct,2019-03-02,17:00,Washington,Silver Spring Bus Stop,4,26,Philadelphia,10th and Filbert,
2871,direct,2019-03-02,17:10,Washington,Silver Spring Bus Stop,4,27,Philadelphia,10th and Filbert,
2872,direct,2019-03-03,06:00,Long Beach,Downtown Station,4,11,Los Angeles,North Hollywood Station,
2873,direct,2019-03-03,06:20,Long Beach,Downtown Station,4,12,Los Angeles,North Hollywood Station,
2874,direct,2019-03-03,06:50,Long Beach,Downtown Station,4,10,Los Angeles,North Hollywood Station,
2875,direct,2019-03-03,08:10,Long Beach,Downtown Station,4,10,Los Angeles,North Hollywood Station,
2876,direct,2019-03-03,08:20,Long Beach,Downtown Station,4,12,Los Angeles,North Hollywood Station,
2877,direct,2019-03-03,09:40,Long Beach,Downtown Station,4,12,Los Angeles,North Hollywood Station,
2878,direct,2019-03-03,09:50,Long Beach,Downtown Station,4,13,Los Angeles,North Hollywood Station,
2879,direct,2019-03-03,11:00,Long Beach,Downtown Station,4,12,Los Angeles,North Hollywood Station,
2880,direct,2019-03-03,12:20,Long Beach,Downtown Station,4,12,Los Angeles,North Hollywood Station,
2881,direct,2019-03-03,13:00,Long Beach,Downtown Station,4,11,Los Angeles,North Hollywood Station,
2882,direct,2019-03-02,07:50,San Francisco,Transbay Terminal,1,52,Las Vegas,Union Plaza,
2883,direct,2019-03-02,09:30,San Francisco,Transbay Terminal,1,56,Las Vegas,Union Plaza,
2884,direct,2019-03-02,13:30,San Francisco,Transbay Terminal,1,44,Las Vegas,Union Plaza,
2885,direct,2019-03-02,15:30,San Francisco,Transbay Terminal,1,47,Las Vegas,Union Plaza,
2886,direct,2019-03-02,17:40,San Francisco,Transbay Terminal,1,55,Las Vegas,Union Plaza,
2887,direct,2019-03-02,19:00,San Francisco,Transbay Terminal,1,46,Las Vegas,Union Plaza,
2888,direct,2019-03-01,09:00,Philadelphia,10th and Filbert,3,23,New York,Penn Station,
2889,direct,2019-03-01,10:10,Philadelphia,10th and Filbert,3,21,New York,Penn Station,
2890,direct,2019-03-01,12:30,Philadelphia,10th and Filbert,3,21,New York,Penn Station,
2891,direct,2019-03-01,13:10,Philadelphia,10th and Filbert,3,26,New York,Penn Station,
2892,direct,2019-03-01,13:50,Philadelphia,10th and Filbert,3,23,New York,Penn Station,
2893,direct,2019-03-01,18:00,Philadelphia,10th and Filbert,3,23,New York,Penn Station,
2894,direct,2019-03-01,06:00,Long Beach,Downtown Station,1,13,Los Angeles,North Hollywood Station,
2895,direct,2019-03-01,06:20,Long Beach,Downtown Station,1,11,Los Angeles,North Hollywood Station,
2896,direct,2019-03-01,06:50,Long Beach,Downtown Station,1,12,Los Angeles,North Hollywood Station,
2897,direct,2019-03-01,08:10,Long Beach,Downtown Station,1,12,Los Angeles,North Hollywood Station,
2898,direct,2019-03-01,08:20,Long Beach,Downtown Station,1,10,Los Angeles,North Hollywood Station,
2899,direct,2019-03-01,09:40,Long Beach,Downtown Station,1,11,Los Angeles,North Hollywood Station,
2900,direct,2019-03-01,09:50,Long Beach,Downtown Station,1,11,Los Angeles,North Hollywood Station,
2901,direct,2019-03-01,11:00,Long Beach,Downtown Station,1,11,Los Angeles,North Hollywood Station,
2902,direct,2019-03-01,12:20,Long Beach,Downtown Station,1,14,Los Angeles,North Hollywood Station,
2903,direct,2019-03-01,13:00,Long Beach,Downtown Station,1,12,Los Angeles,North Hollywood Station,
2904,direct,2019-03-01,06:00,Long Beach,Downtown Station,2,13,Los Angeles,North Hollywood Station,
2905,direct,2019-03-01,06:20,Long Beach,Downtown Station,2,11,Los Angeles,North Hollywood Station,
2906,direct,2019-03-01,06:50,Long Beach,Downtown Station,2,12,Los Angeles,North Hollywood Station,
2907,direct,2019-03-01,08:10,Long Beach,Downtown Station,2,12,Los Angeles,North Hollywood Station,
2908,direct,2019-03-01,08:20,Long Beach,Downtown Station,2,10,Los Angeles,North Hollywood Station,
2909,direct,2019-03-01,09:40,Long Beach,Downtown Station,2,11,Los Angeles,North Hollywood Station,
2910,direct,2019-03-01,09:50,Long Beach,Downtown Station,2,11,Los Angeles,North Hollywood Station,
2911,direct,2019-03-01,11:00,Long Beach,Downtown Station,2,11,Los Angeles,North Hollywood Station,
2912,direct,2019-03-01,12:20,Long Beach,Downtown Station,2,14,Los Angeles,North Hollywood Station,
2913,direct,2019-03-01,13:00,Long Beach,Downtown Station,2,12,Los Angeles,North Hollywood Station,
2914,direct,2019-03-03,09:00,Philadelphia,10th and Filbert,2,25,New York,Penn Station,
2915,direct,2019-03-03,10:10,Philadelphia,10th and Filbert,2,22,New York,Penn Station,
2916,direct,2019-03-03,12:30,Philadelphia,10th and Filbert,2,19,New York,Penn Station,
2917,direct,2019-03-03,13:10,Philadelphia,10th and Filbert,2,20,New York,Penn Station,
2918,direct,2019-03-03,13:50,Philadelphia,10th and Filbert,2,23,New York,Penn Station,
2919,direct,2019-03-03,18:00,Philadelphia,10th and Filbert,2,22,New York,Penn Station,
2920,direct,2019-03-04,09:00,Philadelphia,10th and Filbert,1,32,New York,Penn Station,True
2921,direct,2019-03-11,08:30,Washington,Silver Spring Bus Stop,3,27,Philadelphia,10th and Filbert,
2922,direct,2019-03-11,11:30,Washington,Silver Spring Bus Stop,3,28,Philadelphia,10th and Filbert,
2923,direct,2019-03-11,12:40,Washington,Silver Spring Bus Stop,3,27,Philadelphia,10th and Filbert,
2924,direct,2019-03-11,13:20,Washington,Silver Spring Bus Stop,3,25,Philadelphia,10th and Filbert,
2925,direct,2019-03-11,14:30,Washington,Silver Spring Bus Stop,3,27,Philadelphia,10th and Filbert,
2926,direct,2019-03-11,17:00,Washington,Silver Spring Bus Stop,3,33,Philadelphia,10th and Filbert,
2927,direct,2019-03-11,17:10,Washington,Silver Spring Bus Stop,3,28,Philadelphia,10th and Filbert,
2928,direct,2019-03-11,07:40,New York,Penn Station,3,21,Philadelphia,10th and Filbert,
2929,direct,2019-03-11,07:50,New York,Penn Station,3,20,Philadelphia,10th and Filbert,
2930,direct,2019-03-11,08:50,New York,Penn Station,3,23,Philadelphia,10th and Filbert,
2931,direct,2019-03-11,09:30,New York,Penn Station,3,21,Philadelphia,10th and Filbert,
2932,direct,2019-03-11,16:30,New York,Penn Station,3,25,Philadelphia,10th and Filbert,
2933,direct,2019-03-11,17:20,New York,Penn Station,3,23,Philadelphia,10th and Filbert,
2934,direct,2019-03-11,19:40,New York,Penn Station,3,21,Philadelphia,10th and Filbert,
2935,direct,2019-03-11,07:50,New York,Penn Station,3,20,Philadelphia,10th and Filbert,False
2936,direct,2019-03-01,09:00,Philadelphia,10th and Filbert,2,31,New York,Penn Station,True
2937,direct,2019-03-06,09:00,Philadelphia,10th and Filbert,4,22,New York,Penn Station,
2938,direct,2019-03-06,10:10,Philadelphia,10th and Filbert,4,24,New York,Penn Station,
2939,direct,2019-03-06,12:30,Philadelphia,10th and Filbert,4,21,New York,Penn Station,
2940,direct,2019-03-06,13:10,Philadelphia,10th and Filbert,4,21,New York,Penn Station,
2941,direct,2019-03-06,13:50,Philadelphia,10th and Filbert,4,20,New York,Penn Station,
2942,direct,2019-03-06,18:00,Philadelphia,10th and Filbert,4,22,New York,Penn Station,
2943,direct,2019-03-06,09:00,Philadelphia,10th and Filbert,4,22,New York,Penn Station,False
2944,direct,2019-03-08,06:20,Long Beach,Downtown Station,3,47,San Francisco,Transbay Terminal,
2945,direct,2019-03-08,10:00,Long Beach,Downtown Station,3,50,San Francisco,Transbay Terminal,
2946,direct,2019-03-08,10:40,Long Beach,Downtown Station,3,48,San Francisco,Transbay Terminal,
2947,direct,2019-03-08,13:40,Long Beach,Downtown Station,3,43,San Francisco,Transbay Terminal,
2948,direct,2019-03-08,15:30,Long Beach,Downtown Station,3,57,San Francisco,Transbay Terminal,
2949,direct,2019-03-08,16:40,Long Beach,Downtown Station,3,50,San Francisco,Transbay Terminal,
2950,direct,2019-03-08,19:20,Long Beach,Downtown Station,3,49,San Francisco,Transbay Terminal,
2951,direct,2019-03-08,06:20,Long Beach,Downtown Station,3,47,San Francisco,Transbay Terminal,False
2952,direct,2019-03-03,07:00,Portland,SW Arthur & 1st,1,30,Seattle,Westlake Station,False
2953,direct,2019-03-01,07:40,Vancouver,Pacific Central Station,1,31,Seattle,Westlake Station,
2954,direct,2019-03-01,09:10,Vancouver,Pacific Central Station,1,28,Seattle,Westlake Station,
2955,direct,2019-03-01,13:10,Vancouver,Pacific Central Station,1,30,Seattle,Westlake Station,
2956,direct,2019-03-01,13:40,Vancouver,Pacific Central Station,1,23,Seattle,Westlake Station,
2957,direct,2019-03-01,15:00,Vancouver,Pacific Central Station,1,29,Seattle,Westlake Station,
2958,direct,2019-03-01,15:20,Vancouver,Pacific Central Station,1,31,Seattle,Westlake Station,
2959,direct,2019-03-01,15:40,Vancouver,Pacific Central Station,1,30,Seattle,Westlake Station,
2960,direct,2019-03-01,16:10,Vancouver,Pacific Central Station,1,30,Seattle,Westlake Station,
2961,direct,2019-03-01,17:40,Vancouver,Pacific Central Station,1,27,Seattle,Westlake Station,
2962,direct,2019-03-01,18:20,Vancouver,Pacific Central Station,1,27,Seattle,Westlake Station,
2963,direct,2019-03-01,07:40,Vancouver,Pacific Central Station,1,31,Seattle,Westlake Station,False
2964,direct,2019-03-01,07:40,New York,Penn Station,3,26,Philadelphia,10th and Filbert,False
2965,direct,2019-03-05,17:40,Anaheim,Anaheim Bus Station,4,12,Los Angeles,North Hollywood Station,
2966,direct,2019-03-05,07:50,Anaheim,Anaheim Bus Station,4,20,Los Angeles,North Hollywood Station,True
2967,direct,2019-03-02,09:00,Philadelphia,10th and Filbert,4,22,New York,Penn Station,
2968,direct,2019-03-02,10:10,Philadelphia,10th and Filbert,4,25,New York,Penn Station,
2969,direct,2019-03-02,12:30,Philadelphia,10th and Filbert,4,21,New York,Penn Station,
2970,direct,2019-03-02,13:10,Philadelphia,10th and Filbert,4,24,New York,Penn Station,
2971,direct,2019-03-02,13:50,Philadelphia,10th and Filbert,4,22,New York,Penn Station,
2972,direct,2019-03-02,18:00,Philadelphia,10th and Filbert,4,22,New York,Penn Station,
2973,direct,2019-03-02,09:00,Philadelphia,10th and Filbert,4,22,New York,Penn Station,False
2974,direct,2019-03-01,11:30,Washington,Silver Spring Bus Stop,1,25,Philadelphia,10th and Filbert,False
2975,direct,2019-03-09,06:40,Los Angeles,North Hollywood Station,4,42,San Francisco,Transbay Terminal,
2976,direct,2019-03-09,07:30,Los Angeles,North Hollywood Station,4,51,San Francisco,Transbay Terminal,
2977,direct,2019-03-09,08:40,Los Angeles,North Hollywood Station,4,51,San Francisco,Transbay Terminal,
2978,direct,2019-03-09,09:00,Los Angeles,North Hollywood Station,4,49,San Francisco,Transbay Terminal,
2979,direct,2019-03-09,10:40,Los Angeles,North Hollywood Station,4,49,San Francisco,Transbay Terminal,
2980,direct,2019-03-09,11:40,Los Angeles,North Hollywood Station,4,50,San Francisco,Transbay Terminal,
2981,direct,2019-03-09,13:00,Los Angeles,North Hollywood Station,4,43,San Francisco,Transbay Terminal,
2982,direct,2019-03-09,13:10,Los Angeles,North Hollywood Station,4,42,San Francisco,Transbay Terminal,
2983,direct,2019-03-09,17:50,Los Angeles,North Hollywood Station,4,38,San Francisco,Transbay Terminal,
2984,direct,2019-03-09,18:00,Los Angeles,North Hollywood Station,4,47,San Francisco,Transbay Terminal,
2985,direct,2019-03-09,06:40,Los Angeles,North Hollywood Station,4,42,San Francisco,Transbay Terminal,False
2986,direct,2019-03-04,11:50,Portland,SW Arthur & 1st,4,29,Seattle,Westlake Station,False
2987,direct,2019-03-05,06:10,Seattle,Westlake Station,4,28,Vancouver,Pacific Central Station,
2988,direct,2019-03-05,07:20,Seattle,Westlake Station,4,29,Vancouver,Pacific Central Station,
2989,direct,2019-03-05,08:00,Seattle,Westlake Station,4,27,Vancouver,Pacific Central Station,
2990,direct,2019-03-05,08:50,Seattle,Westlake Station,4,27,Vancouver,Pacific Central Station,
2991,direct,2019-03-05,11:10,Seattle,Westlake Station,4,28,Vancouver,Pacific Central Station,
2992,direct,2019-03-05,12:00,Seattle,Westlake Station,4,31,Vancouver,Pacific Central Station,
2993,direct,2019-03-05,12:20,Seattle,Westlake Station,4,28,Vancouver,Pacific Central Station,
2994,direct,2019-03-05,15:20,Seattle,Westlake Station,4,29,Vancouver,Pacific Central Station,
2995,direct,2019-03-05,18:10,Seattle,Westlake Station,4,31,Vancouver,Pacific Central Station,
2996,direct,2019-03-05,18:20,Seattle,Westlake Station,4,28,Vancouver,Pacific Central Station,
2997,direct,2019-03-03,07:10,Portland,SW Arthur & 1st,4,38,Vancouver,Pacific Central Station,
2998,direct,2019-03-03,07:20,Portland,SW Arthur & 1st,4,37,Vancouver,Pacific Central Station,
2999,direct,2019-03-03,07:50,Portland,SW Arthur & 1st,4,42,Vancouver,Pacific Central Station,
3000,direct,2019-03-03,08:30,Portland,SW Arthur & 1st,4,41,Vancouver,Pacific Central Station,
3001,direct,2019-03-03,10:00,Portland,SW Arthur & 1st,4,48,Vancouver,Pacific Central Station,
3002,direct,2019-03-03,10:10,Portland,SW Arthur & 1st,4,40,Vancouver,Pacific Central Station,
3003,direct,2019-03-03,19:40,Portland,SW Arthur & 1st,4,43,Vancouver,Pacific Central Station,
3004,direct,2019-03-03,07:20,Portland,SW Arthur & 1st,4,37,Vancouver,Pacific Central Station,False
3005,direct,2019-03-02,07:30,San Francisco,Transbay Terminal,3,48,Los Angeles,North Hollywood Station,
3006,direct,2019-03-02,07:50,San Francisco,Transbay Terminal,3,44,Los Angeles,North Hollywood Station,
3007,direct,2019-03-02,11:20,San Francisco,Transbay Terminal,3,48,Los Angeles,North Hollywood Station,
3008,direct,2019-03-02,12:20,San Francisco,Transbay Terminal,3,50,Los Angeles,North Hollywood Station,
3009,direct,2019-03-02,13:40,San Francisco,Transbay Terminal,3,48,Los Angeles,North Hollywood Station,
3010,direct,2019-03-02,15:20,San Francisco,Transbay Terminal,3,47,Los Angeles,North Hollywood Station,
3011,direct,2019-03-02,15:30,San Francisco,Transbay Terminal,3,57,Los Angeles,North Hollywood Station,
3012,direct,2019-03-02,18:20,San Francisco,Transbay Terminal,3,48,Los Angeles,North Hollywood Station,
3013,direct,2019-03-02,18:50,San Francisco,Transbay Terminal,3,46,Los Angeles,North Hollywood Station,
3014,direct,2019-03-02,07:30,San Francisco,Transbay Terminal,3,56,Los Angeles,North Hollywood Station,True
3015,direct,2019-03-04,07:40,Sacramento,65th Light Rail Station,4,51,Los Angeles,North Hollywood Station,
3016,direct,2019-03-04,09:40,Sacramento,65th Light Rail Station,4,50,Los Angeles,North Hollywood Station,
3017,direct,2019-03-04,13:20,Sacramento,65th Light Rail Station,4,46,Los Angeles,North Hollywood Station,
3018,direct,2019-03-04,07:50,Anaheim,Anaheim Bus Station,4,13,Los Angeles,North Hollywood Station,
3019,direct,2019-03-04,10:20,Anaheim,Anaheim Bus Station,4,16,Los Angeles,North Hollywood Station,
3020,direct,2019-03-04,11:50,Anaheim,Anaheim Bus Station,4,12,Los Angeles,North Hollywood Station,
3021,direct,2019-03-04,13:40,Anaheim,Anaheim Bus Station,4,12,Los Angeles,North Hollywood Station,
3022,direct,2019-03-04,14:00,Anaheim,Anaheim Bus Station,4,12,Los Angeles,North Hollywood Station,
3023,direct,2019-03-04,15:10,Anaheim,Anaheim Bus Station,4,12,Los Angeles,North Hollywood Station,
3024,direct,2019-03-04,16:00,Anaheim,Anaheim Bus Station,4,12,Los Angeles,North Hollywood Station,
3025,direct,2019-03-04,17:10,Anaheim,Anaheim Bus Station,4,11,Los Angeles,North Hollywood Station,
3026,direct,2019-03-04,17:20,Anaheim,Anaheim Bus Station,4,12,Los Angeles,North Hollywood Station,
3027,direct,2019-03-04,17:40,Anaheim,Anaheim Bus Station,4,14,Los Angeles,North Hollywood Station,
3028,direct,2019-03-04,07:50,Anaheim,Anaheim Bus Station,4,13,Los Angeles,North Hollywood Station,False
3029,direct,2019-03-01,06:50,Los Angeles,North Hollywood Station,4,22,San Diego,El Cajon Bus Stop,
3030,direct,2019-03-01,08:10,Los Angeles,North Hollywood Station,4,25,San Diego,El Cajon Bus Stop,
3031,direct,2019-03-01,08:50,Los Angeles,North Hollywood Station,4,25,San Diego,El Cajon Bus Stop,
3032,direct,2019-03-01,10:30,Los Angeles,North Hollywood Station,4,26,San Diego,El Cajon Bus Stop,
3033,direct,2019-03-01,10:40,Los Angeles,North Hollywood Station,4,23,San Diego,El Cajon Bus Stop,
3034,direct,2019-03-01,11:10,Los Angeles,North Hollywood Station,4,23,San Diego,El Cajon Bus Stop,
3035,direct,2019-03-01,12:10,Los Angeles,North Hollywood Station,4,28,San Diego,El Cajon Bus Stop,
3036,direct,2019-03-01,13:20,Los Angeles,North Hollywood Station,4,25,San Diego,El Cajon Bus Stop,
3037,direct,2019-03-01,14:00,Los Angeles,North Hollywood Station,4,29,San Diego,El Cajon Bus Stop,
3038,direct,2019-03-01,14:30,Los Angeles,North Hollywood Station,4,30,San Diego,El Cajon Bus Stop,
3039,direct,2019-03-01,06:50,Los Angeles,North Hollywood Station,4,22,San Diego,El Cajon Bus Stop,False
3040,direct,2019-03-05,11:20,San Francisco,Transbay Terminal,1,51,Los Angeles,North Hollywood Station,False
3041,direct,2019-03-06,07:40,New York,Penn Station,3,21,Philadelphia,10th and Filbert,
3042,direct,2019-03-06,07:50,New York,Penn Station,3,24,Philadelphia,10th and Filbert,
3043,direct,2019-03-06,08:50,New York,Penn Station,3,21,Philadelphia,10th and Filbert,
3044,direct,2019-03-06,09:30,New York,Penn Station,3,21,Philadelphia,10th and Filbert,
3045,direct,2019-03-06,16:30,New York,Penn Station,3,23,Philadelphia,10th and Filbert,
3046,direct,2019-03-06,17:20,New York,Penn Station,3,23,Philadelphia,10th and Filbert,
3047,direct,2019-03-06,19:40,New York,Penn Station,3,20,Philadelphia,10th and Filbert,
3048,direct,2019-03-06,07:40,New York,Penn Station,3,21,Philadelphia,10th and Filbert,False
3049,direct,2019-03-01,09:00,Philadelphia,10th and Filbert,3,23,New York,Penn Station,False
3050,direct,2019-03-05,06:20,Washington,Silver Spring Bus Stop,2,38,New York,Penn Station,False
3051,direct,2019-03-02,07:40,Vancouver,Pacific Central Station,2,27,Seattle,Westlake Station,
3052,direct,2019-03-02,09:10,Vancouver,Pacific Central Station,2,28,Seattle,Westlake Station,
3053,direct,2019-03-02,13:10,Vancouver,Pacific Central Station,2,30,Seattle,Westlake Station,
3054,direct,2019-03-02,13:40,Vancouver,Pacific Central Station,2,26,Seattle,Westlake Station,
3055,direct,2019-03-02,15:00,Vancouver,Pacific Central Station,2,24,Seattle,Westlake Station,
3056,direct,2019-03-02,15:20,Vancouver,Pacific Central Station,2,25,Seattle,Westlake Station,
3057,direct,2019-03-02,15:40,Vancouver,Pacific Central Station,2,29,Seattle,Westlake Station,
3058,direct,2019-03-02,16:10,Vancouver,Pacific Central Station,2,24,Seattle,Westlake Station,
3059,direct,2019-03-02,17:40,Vancouver,Pacific Central Station,2,31,Seattle,Westlake Station,
3060,direct,2019-03-02,18:20,Vancouver,Pacific Central Station,2,25,Seattle,Westlake Station,
3061,direct,2019-03-02,07:00,Portland,SW Arthur & 1st,2,30,Seattle,Westlake Station,
3062,direct,2019-03-02,11:20,Portland,SW Arthur & 1st,2,29,Seattle,Westlake Station,
3063,direct,2019-03-02,11:50,Portland,SW Arthur & 1st,2,29,Seattle,Westlake Station,
3064,direct,2019-03-02,12:20,Portland,SW Arthur & 1st,2,32,Seattle,Westlake Station,
3065,direct,2019-03-02,12:30,Portland,SW Arthur & 1st,2,33,Seattle,Westlake Station,
3066,direct,2019-03-02,12:40,Portland,SW Arthur & 1st,2,29,Seattle,Westlake Station,
3067,direct,2019-03-02,16:10,Portland,SW Arthur & 1st,2,29,Seattle,Westlake Station,
3068,direct,2019-03-02,17:30,Portland,SW Arthur & 1st,2,32,Seattle,Westlake Station,
3069,direct,2019-03-02,18:30,Portland,SW Arthur & 1st,2,30,Seattle,Westlake Station,
3070,direct,2019-03-02,19:00,Portland,SW Arthur & 1st,2,28,Seattle,Westlake Station,
3071,direct,2019-03-02,07:00,Portland,SW Arthur & 1st,2,30,Seattle,Westlake Station,False
3072,direct,2019-03-01,06:20,Washington,Silver Spring Bus Stop,2,40,New York,Penn Station,
3073,direct,2019-03-01,12:10,Washington,Silver Spring Bus Stop,2,39,New York,Penn Station,
3074,direct,2019-03-01,13:30,Washington,Silver Spring Bus Stop,2,38,New York,Penn Station,
3075,direct,2019-03-01,15:50,Washington,Silver Spring Bus Stop,2,36,New York,Penn Station,
3076,direct,2019-03-01,17:00,Washington,Silver Spring Bus Stop,2,34,New York,Penn Station,
3077,direct,2019-03-01,18:10,Washington,Silver Spring Bus Stop,2,40,New York,Penn Station,
3078,direct,2019-03-01,19:10,Washington,Silver Spring Bus Stop,2,32,New York,Penn Station,
3079,direct,2019-03-01,06:20,Washington,Silver Spring Bus Stop,2,40,New York,Penn Station,False
3080,direct,2019-03-02,07:10,Vancouver,Pacific Central Station,1,39,Portland,SW Arthur & 1st,
3081,direct,2019-03-02,08:40,Vancouver,Pacific Central Station,1,43,Portland,SW Arthur & 1st,
3082,direct,2019-03-02,09:30,Vancouver,Pacific Central Station,1,45,Portland,SW Arthur & 1st,
3083,direct,2019-03-02,11:50,Vancouver,Pacific Central Station,1,31,Portland,SW Arthur & 1st,
3084,direct,2019-03-02,14:10,Vancouver,Pacific Central Station,1,36,Portland,SW Arthur & 1st,
3085,direct,2019-03-02,14:30,Vancouver,Pacific Central Station,1,39,Portland,SW Arthur & 1st,
3086,direct,2019-03-02,17:00,Vancouver,Pacific Central Station,1,40,Portland,SW Arthur & 1st,
3087,direct,2019-03-02,19:00,Vancouver,Pacific Central Station,1,42,Portland,SW Arthur & 1st,
3088,direct,2019-03-02,07:10,Vancouver,Pacific Central Station,1,39,Portland,SW Arthur & 1st,False
3089,direct,2019-03-03,07:30,Seattle,Westlake Station,1,32,Portland,SW Arthur & 1st,False
3090,direct,2019-03-01,09:00,Philadelphia,10th and Filbert,4,23,New York,Penn Station,False
3091,direct,2019-03-06,07:50,Anaheim,Anaheim Bus Station,3,13,Los Angeles,North Hollywood Station,
3092,direct,2019-03-06,10:20,Anaheim,Anaheim Bus Station,3,13,Los Angeles,North Hollywood Station,
3093,direct,2019-03-06,11:50,Anaheim,Anaheim Bus Station,3,14,Los Angeles,North Hollywood Station,
3094,direct,2019-03-06,13:40,Anaheim,Anaheim Bus Station,3,14,Los Angeles,North Hollywood Station,
3095,direct,2019-03-06,14:00,Anaheim,Anaheim Bus Station,3,12,Los Angeles,North Hollywood Station,
3096,direct,2019-03-06,15:10,Anaheim,Anaheim Bus Station,3,12,Los Angeles,North Hollywood Station,
3097,direct,2019-03-06,16:00,Anaheim,Anaheim Bus Station,3,13,Los Angeles,North Hollywood Station,
3098,direct,2019-03-06,17:10,Anaheim,Anaheim Bus Station,3,15,Los Angeles,North Hollywood Station,
3099,direct,2019-03-06,17:20,Anaheim,Anaheim Bus Station,3,12,Los Angeles,North Hollywood Station,
3100,direct,2019-03-06,17:40,Anaheim,Anaheim Bus Station,3,13,Los Angeles,North Hollywood Station,
3101,direct,2019-03-06,07:50,Anaheim,Anaheim Bus Station,3,21,Los Angeles,North Hollywood Station,True
3102,direct,2019-03-02,06:00,Long Beach,Downtown Station,3,12,Los Angeles,North Hollywood Station,
3103,direct,2019-03-02,06:20,Long Beach,Downtown Station,3,11,Los Angeles,North Hollywood Station,
3104,direct,2019-03-02,06:50,Long Beach,Downtown Station,3,12,Los Angeles,North Hollywood Station,
3105,direct,2019-03-02,08:10,Long Beach,Downtown Station,3,11,Los Angeles,North Hollywood Station,
3106,direct,2019-03-02,08:20,Long Beach,Downtown Station,3,11,Los Angeles,North Hollywood Station,
3107,direct,2019-03-02,09:40,Long Beach,Downtown Station,3,11,Los Angeles,North Hollywood Station,
3108,direct,2019-03-02,09:50,Long Beach,Downtown Station,3,12,Los Angeles,North Hollywood Station,
3109,direct,2019-03-02,11:00,Long Beach,Downtown Station,3,11,Los Angeles,North Hollywood Station,
3110,direct,2019-03-02,12:20,Long Beach,Downtown Station,3,10,Los Angeles,North Hollywood Station,
3111,direct,2019-03-02,13:00,Long Beach,Downtown Station,3,12,Los Angeles,North Hollywood Station,
3112,direct,2019-03-02,06:20,Long Beach,Downtown Station,3,19,Los Angeles,North Hollywood Station,True
3113,direct,2019-03-03,19:00,San Francisco,Transbay Terminal,4,49,Las Vegas,Union Plaza,
3114,direct,2019-03-03,07:50,San Francisco,Transbay Terminal,4,50,Las Vegas,Union Plaza,False
3115,direct,2019-03-02,12:10,Washington,Silver Spring Bus Stop,1,38,New York,Penn Station,False
3116,direct,2019-03-01,11:20,Portland,SW Arthur & 1st,3,30,Seattle,Westlake Station,False
3117,direct,2019-03-01,10:10,Philadelphia,10th and Filbert,1,21,New York,Penn Station,False
3118,direct,2019-03-01,08:30,Washington,Silver Spring Bus Stop,2,29,Philadelphia,10th and Filbert,
3119,direct,2019-03-01,11:30,Washington,Silver Spring Bus Stop,2,25,Philadelphia,10th and Filbert,
3120,direct,2019-03-01,12:40,Washington,Silver Spring Bus Stop,2,30,Philadelphia,10th and Filbert,
3121,direct,2019-03-01,13:20,Washington,Silver Spring Bus Stop,2,31,Philadelphia,10th and Filbert,
3122,direct,2019-03-01,14:30,Washington,Silver Spring Bus Stop,2,26,Philadelphia,10th and Filbert,
3123,direct,2019-03-01,17:00,Washington,Silver Spring Bus Stop,2,31,Philadelphia,10th and Filbert,
3124,direct,2019-03-01,17:10,Washington,Silver Spring Bus Stop,2,26,Philadelphia,10th and Filbert,
3125,direct,2019-03-01,08:30,Washington,Silver Spring Bus Stop,2,29,Philadelphia,10th and Filbert,False
3126,direct,2019-03-08,12:30,Philadelphia,10th and Filbert,1,29,New York,Penn Station,True
3127,direct,2019-03-03,06:00,Long Beach,Downtown Station,1,11,Los Angeles,North Hollywood Station,False
3128,direct,2019-03-01,07:00,Portland,SW Arthur & 1st,3,36,Seattle,Westlake Station,True
3129,direct,2019-03-05,06:40,Los Angeles,North Hollywood Station,3,49,San Francisco,Transbay Terminal,
3130,direct,2019-03-05,07:30,Los Angeles,North Hollywood Station,3,46,San Francisco,Transbay Terminal,
3131,direct,2019-03-05,08:40,Los Angeles,North Hollywood Station,3,49,San Francisco,Transbay Terminal,
3132,direct,2019-03-05,09:00,Los Angeles,North Hollywood Station,3,47,San Francisco,Transbay Terminal,
3133,direct,2019-03-05,10:40,Los Angeles,North Hollywood Station,3,41,San Francisco,Transbay Terminal,
3134,direct,2019-03-05,11:40,Los Angeles,North Hollywood Station,3,45,San Francisco,Transbay Terminal,
3135,direct,2019-03-05,13:00,Los Angeles,North Hollywood Station,3,58,San Francisco,Transbay Terminal,
3136,direct,2019-03-05,13:10,Los Angeles,North Hollywood Station,3,45,San Francisco,Transbay Terminal,
3137,direct,2019-03-05,17:50,Los Angeles,North Hollywood Station,3,47,San Francisco,Transbay Terminal,
3138,direct,2019-03-05,18:00,Los Angeles,North Hollywood Station,3,50,San Francisco,Transbay Terminal,
3139,direct,2019-03-05,06:40,Los Angeles,North Hollywood Station,3,57,San Francisco,Transbay Terminal,True
3140,direct,2019-03-03,08:30,Washington,Silver Spring Bus Stop,4,29,Philadelphia,10th and Filbert,
3141,direct,2019-03-03,11:30,Washington,Silver Spring Bus Stop,4,27,Philadelphia,10th and Filbert,
3142,direct,2019-03-03,12:40,Washington,Silver Spring Bus Stop,4,27,Philadelphia,10th and Filbert,
3143,direct,2019-03-03,13:20,Washington,Silver Spring Bus Stop,4,31,Philadelphia,10th and Filbert,
3144,direct,2019-03-03,14:30,Washington,Silver Spring Bus Stop,4,30,Philadelphia,10th and Filbert,
3145,direct,2019-03-03,17:00,Washington,Silver Spring Bus Stop,4,32,Philadelphia,10th and Filbert,
3146,direct,2019-03-03,17:10,Washington,Silver Spring Bus Stop,4,34,Philadelphia,10th and Filbert,
3147,direct,2019-03-03,07:40,New York,Penn Station,4,23,Philadelphia,10th and Filbert,
3148,direct,2019-03-03,07:50,New York,Penn Station,4,22,Philadelphia,10th and Filbert,
3149,direct,2019-03-03,08:50,New York,Penn Station,4,25,Philadelphia,10th and Filbert,
3150,direct,2019-03-03,09:30,New York,Penn Station,4,24,Philadelphia,10th and Filbert,
3151,direct,2019-03-03,16:30,New York,Penn Station,4,21,Philadelphia,10th and Filbert,
3152,direct,2019-03-03,17:20,New York,Penn Station,4,22,Philadelphia,10th and Filbert,
3153,direct,2019-03-03,19:40,New York,Penn Station,4,24,Philadelphia,10th and Filbert,
3154,direct,2019-03-03,07:40,New York,Penn Station,4,23,Philadelphia,10th and Filbert,False
3155,direct,2019-03-02,09:00,Philadelphia,10th and Filbert,1,22,New York,Penn Station,False
3156,direct,2019-03-06,09:00,Philadelphia,10th and Filbert,3,22,New York,Penn Station,
3157,direct,2019-03-06,10:10,Philadelphia,10th and Filbert,3,24,New York,Penn Station,
3158,direct,2019-03-06,12:30,Philadelphia,10th and Filbert,3,21,New York,Penn Station,
3159,direct,2019-03-06,13:10,Philadelphia,10th and Filbert,3,21,New York,Penn Station,
3160,direct,2019-03-06,13:50,Philadelphia,10th and Filbert,3,20,New York,Penn Station,
3161,direct,2019-03-06,18:00,Philadelphia,10th and Filbert,3,22,New York,Penn Station,
3162,direct,2019-03-06,09:00,Philadelphia,10th and Filbert,3,22,New York,Penn Station,False
3163,direct,2019-03-01,07:50,Anaheim,Anaheim Bus Station,4,12,Los Angeles,North Hollywood Station,
3164,direct,2019-03-01,10:20,Anaheim,Anaheim Bus Station,4,12,Los Angeles,North Hollywood Station,
3165,direct,2019-03-01,11:50,Anaheim,Anaheim Bus Station,4,10,Los Angeles,North Hollywood Station,
3166,direct,2019-03-01,13:40,Anaheim,Anaheim Bus Station,4,12,Los Angeles,North Hollywood Station,
3167,direct,2019-03-01,14:00,Anaheim,Anaheim Bus Station,4,12,Los Angeles,North Hollywood Station,
3168,direct,2019-03-01,15:10,Anaheim,Anaheim Bus Station,4,13,Los Angeles,North Hollywood Station,
3169,direct,2019-03-01,16:00,Anaheim,Anaheim Bus Station,4,12,Los Angeles,North Hollywood Station,
3170,direct,2019-03-01,17:10,Anaheim,Anaheim Bus Station,4,13,Los Angeles,North Hollywood Station,
3171,direct,2019-03-01,17:20,Anaheim,Anaheim Bus Station,4,12,Los Angeles,North Hollywood Station,
3172,direct,2019-03-01,17:40,Anaheim,Anaheim Bus Station,4,12,Los Angeles,North Hollywood Station,
3173,direct,2019-03-01,07:50,Anaheim,Anaheim Bus Station,4,12,Los Angeles,North Hollywood Station,False
3174,direct,2019-03-04,07:40,Vancouver,Pacific Central Station,2,25,Seattle,Westlake Station,
3175,direct,2019-03-04,09:10,Vancouver,Pacific Central Station,2,27,Seattle,Westlake Station,
3176,direct,2019-03-04,13:10,Vancouver,Pacific Central Station,2,29,Seattle,Westlake Station,
3177,direct,2019-03-04,13:40,Vancouver,Pacific Central Station,2,25,Seattle,Westlake Station,
3178,direct,2019-03-04,15:00,Vancouver,Pacific Central Station,2,26,Seattle,Westlake Station,
3179,direct,2019-03-04,15:20,Vancouver,Pacific Central Station,2,26,Seattle,Westlake Station,
3180,direct,2019-03-04,15:40,Vancouver,Pacific Central Station,2,27,Seattle,Westlake Station,
3181,direct,2019-03-04,16:10,Vancouver,Pacific Central Station,2,29,Seattle,Westlake Station,
3182,direct,2019-03-04,17:40,Vancouver,Pacific Central Station,2,29,Seattle,Westlake Station,
3183,direct,2019-03-04,18:20,Vancouver,Pacific Central Station,2,30,Seattle,Westlake Station,
3184,direct,2019-03-04,09:10,Vancouver,Pacific Central Station,2,27,Seattle,Westlake Station,False
3185,direct,2019-03-10,07:10,Portland,SW Arthur & 1st,4,37,Vancouver,Pacific Central Station,
3186,direct,2019-03-10,07:20,Portland,SW Arthur & 1st,4,47,Vancouver,Pacific Central Station,
3187,direct,2019-03-10,07:50,Portland,SW Arthur & 1st,4,44,Vancouver,Pacific Central Station,
3188,direct,2019-03-10,08:30,Portland,SW Arthur & 1st,4,40,Vancouver,Pacific Central Station,
3189,direct,2019-03-10,10:00,Portland,SW Arthur & 1st,4,39,Vancouver,Pacific Central Station,
3190,direct,2019-03-10,10:10,Portland,SW Arthur & 1st,4,44,Vancouver,Pacific Central Station,
3191,direct,2019-03-10,19:40,Portland,SW Arthur & 1st,4,45,Vancouver,Pacific Central Station,
3192,direct,2019-03-10,07:10,Portland,SW Arthur & 1st,4,37,Vancouver,Pacific Central Station,False
3193,direct,2019-03-03,06:20,Washington,Silver Spring Bus Stop,4,38,New York,Penn Station,
3194,direct,2019-03-03,12:10,Washington,Silver Spring Bus Stop,4,32,New York,Penn Station,
3195,direct,2019-03-03,13:30,Washington,Silver Spring Bus Stop,4,32,New York,Penn Station,
3196,direct,2019-03-03,15:50,Washington,Silver Spring Bus Stop,4,35,New York,Penn Station,
3197,direct,2019-03-03,17:00,Washington,Silver Spring Bus Stop,4,37,New York,Penn Station,
3198,direct,2019-03-03,18:10,Washington,Silver Spring Bus Stop,4,35,New York,Penn Station,
3199,direct,2019-03-03,19:10,Washington,Silver Spring Bus Stop,4,34,New York,Penn Station,
3200,direct,2019-03-03,06:20,Washington,Silver Spring Bus Stop,4,38,New York,Penn Station,False
