,city,date,event_name,event_type,price_per_ticket,time,venue,venue_address,number_of_tickets
0,New York,2019-03-04,Abbi Jacobson,Music,50,18:30,Kaufmann Concert Hall,1395 Lexington Avenue,
1,New York,2019-03-04,Alpha Blondy,Music,60,19:30,Sony Hall,235 West 46th Street,
2,New York,2019-03-04,Boston Symphony Orchestra,Music,30,18:00,Stern Auditorium / Perelman Stage,881 7th Avenue,
3,New York,2019-03-04,Buddy Guy,Music,45,19:00,Sony Hall,235 West 46th Street,
4,New York,2019-03-04,Carbon Leaf,Music,55,17:30,Sony Hall,235 West 46th Street,
5,New York,2019-03-04,Crooked Colours,Music,30,18:30,Rough Trade NYC,"64 North 9th Street, Brooklyn",
6,New York,2019-03-04,Dj Gravy,Music,30,16:00,Sony Hall,235 West 46th Street,
7,New York,2019-03-04,Emanuel Ax,Music,50,19:30,Stern Auditorium / Perelman Stage,881 7th Avenue,
8,New York,2019-03-04,Finneas,Music,30,19:30,Warsaw,"261 Driggs Avenue, Brooklyn",
9,New York,2019-03-04,France Rocks Festival,Music,35,19:00,David Rubenstein Atrium at Lincoln Center,61 West 62nd Street,
10,San Francisco,2019-03-04,Alex Cameron,Music,35,18:30,August Hall,420 Mason Street,
11,San Francisco,2019-03-04,Finneas,Music,60,19:30,August Hall,420 Mason Street,
12,San Francisco,2019-03-04,Jeanette Tietze,Music,25,19:00,The Episcopal Church of the Incarnation,1750 29th Avenue,
13,San Francisco,2019-03-04,Matt Corby,Music,40,18:30,August Hall,420 Mason Street,
14,San Francisco,2019-03-04,Patti Lupone,Music,50,17:30,San Francisco Symphony,201 Van Ness Avenue,
15,San Francisco,2019-03-04,Remo Drive,Music,30,19:30,The Chapel,777 Valencia Street,
16,San Francisco,2019-03-04,Sinead Harnett,Music,40,17:00,August Hall,420 Mason Street,
17,San Francisco,2019-03-04,The Adicts,Music,50,17:30,August Hall,420 Mason Street,
18,San Francisco,2019-03-04,The Wailers,Music,30,19:30,The Chapel,777 Valencia Street,
19,London,2019-03-14,Kllo,Music,30,18:00,Studio 9294,92 Wallis Road,
20,London,2019-03-14,Liam Frost,Music,55,16:00,Servant Jazz Quarters,10A Bradbury Street,
21,London,2019-03-14,Pvris,Music,20,19:00,Electric Brixton,Town Hall Parade,
22,London,2019-03-14,Ruel,Music,50,16:00,Electric Brixton,Town Hall Parade,
23,London,2019-03-14,Shakey Graves,Music,55,17:30,The Dome,2A Dartmouth Park Hill,
24,London,2019-03-14,Sunset Sons,Music,45,17:30,Electric Brixton,Town Hall Parade,
25,London,2019-03-14,Twin Peaks,Music,30,16:30,The Dome,2A Dartmouth Park Hill,
26,Philadelphia,2019-03-10,Anthony Green,Music,60,18:00,The Foundry,29 East Allen Street 2nd Floor,
27,Philadelphia,2019-03-11,Ayokay,Music,60,18:30,The Foundry,29 East Allen Street 2nd Floor,
28,Philadelphia,2019-03-06,Babymetal,Music,30,16:00,The Fillmore Philadelphia,29 East Allen Street,
29,Philadelphia,2019-03-04,Bars And Melody,Music,50,17:00,The Foundry,29 East Allen Street 2nd Floor,
30,Philadelphia,2019-03-13,Brockhampton,Music,30,18:00,The Fillmore Philadelphia,29 East Allen Street,
31,Philadelphia,2019-03-03,Charlotte Lawrence,Music,25,17:30,The Fillmore Philadelphia,29 East Allen Street,
32,Philadelphia,2019-03-08,Conan Gray,Music,35,19:00,The Fillmore Philadelphia,29 East Allen Street,
33,Philadelphia,2019-03-13,Counterparts,Music,60,17:00,The Foundry,29 East Allen Street 2nd Floor,
34,Philadelphia,2019-03-02,Davido,Music,60,17:30,The Fillmore Philadelphia,29 East Allen Street,
35,Philadelphia,2019-03-11,Drax Project,Music,30,17:30,Voltage Lounge,421 North 7th Street,
36,Philadelphia,2019-03-14,Anthony Green,Music,35,19:00,The Foundry,29 East Allen Street 2nd Floor,
37,Philadelphia,2019-03-14,Ayokay,Music,60,18:30,The Foundry,29 East Allen Street 2nd Floor,
38,Philadelphia,2019-03-14,Babymetal,Music,40,18:00,The Fillmore Philadelphia,29 East Allen Street,
39,Philadelphia,2019-03-14,Bars And Melody,Music,45,16:30,The Foundry,29 East Allen Street 2nd Floor,
40,Philadelphia,2019-03-14,Conan Gray,Music,30,16:00,The Fillmore Philadelphia,29 East Allen Street,
41,Philadelphia,2019-03-14,Davido,Music,45,18:00,The Fillmore Philadelphia,29 East Allen Street,
42,Philadelphia,2019-03-14,Dwele,Music,60,17:00,City Winery,990 Filbert Street,
43,Philadelphia,2019-03-14,Jordan Rakei,Music,35,19:00,The Foundry,29 East Allen Street 2nd Floor,
44,Philadelphia,2019-03-14,Louis The Child,Music,30,19:30,The Fillmore Philadelphia,29 East Allen Street,
45,Philadelphia,2019-03-14,Mason Ramsey,Music,50,17:30,The Foundry,29 East Allen Street 2nd Floor,
46,San Francisco,2019-03-01,Alex Cameron,Music,20,19:30,August Hall,420 Mason Street,
47,San Francisco,2019-03-01,Finneas,Music,25,17:00,August Hall,420 Mason Street,
48,San Francisco,2019-03-01,Lucy Dacus,Music,60,18:30,August Hall,420 Mason Street,
49,San Francisco,2019-03-01,Matt Corby,Music,35,19:30,August Hall,420 Mason Street,
50,San Francisco,2019-03-01,Patti Lupone,Music,30,18:30,San Francisco Symphony,201 Van Ness Avenue,
51,San Francisco,2019-03-01,Remo Drive,Music,35,17:30,The Chapel,777 Valencia Street,
52,San Francisco,2019-03-01,Sinead Harnett,Music,40,18:00,August Hall,420 Mason Street,
53,San Francisco,2019-03-01,The Adicts,Music,50,19:00,August Hall,420 Mason Street,
54,San Francisco,2019-03-01,The Band Camino,Music,30,19:30,August Hall,420 Mason Street,
55,San Francisco,2019-03-07,Alex Cameron,Music,50,19:30,August Hall,420 Mason Street,
56,San Francisco,2019-03-07,Carmina Burana,Music,60,16:30,San Francisco Symphony,201 Van Ness Avenue,
57,San Francisco,2019-03-07,Jeanette Tietze,Music,25,17:00,The Episcopal Church of the Incarnation,1750 29th Avenue,
58,San Francisco,2019-03-07,Lucy Dacus,Music,50,19:00,August Hall,420 Mason Street,
59,San Francisco,2019-03-07,Matt Corby,Music,40,17:30,August Hall,420 Mason Street,
60,San Francisco,2019-03-07,Matty Matheson,Music,30,17:30,August Hall,420 Mason Street,
61,San Francisco,2019-03-07,Neneh Cherry,Music,50,18:30,August Hall,420 Mason Street,
62,San Francisco,2019-03-07,Raveena,Music,20,17:30,The Chapel,777 Valencia Street,
63,San Francisco,2019-03-07,Remo Drive,Music,20,17:30,The Chapel,777 Valencia Street,
64,Chicago,2019-03-02,Ada And The Engine,Theater,20,17:00,The Artistic Home,1376 West Grand Avenue #7761,
65,Chicago,2019-03-02,All That He Was,Theater,55,18:30,"The Buena, Pride Arts Center",4147 North Broadway,
66,Chicago,2019-03-02,Comedysportz,Theater,20,19:00,CSz Theater Chicago,929 West Belmont Avenue,
67,Chicago,2019-03-02,Create Your Solo Performance,Theater,55,18:00,Green Shirt Studio,4001 North Ravenswood Avenue Unit 303-B,
68,Chicago,2019-03-02,Dinner Detective,Theater,55,16:30,Chicago Marriott Downtown Magnificent Mile,540 North Michigan Avenue,
69,Chicago,2019-03-02,Dynasty,Theater,50,17:30,The Mission Theater,1501 North Kingsbury Street,
70,Chicago,2019-03-02,Ebonyessencejet At Steppenwolf Theatre,Theater,25,18:00,Front Bar,1700 North Halsted Street,
71,Chicago,2019-03-02,Emma,Theater,35,19:30,Lifeline Theatre,6912 North Glenwood Avenue,
72,Chicago,2019-03-02,Every Brilliant Thing,Theater,40,17:30,Windy City Playhouse,3014 West Irving Park Road,
73,Chicago,2019-03-02,Fine,Theater,25,16:30,The Mission Theater,1501 North Kingsbury Street,
74,Los Angeles,2019-03-01,A Year In Dragonfly,Theater,55,19:30,Studio C Artists,6448 California 2,
75,Los Angeles,2019-03-04,Adieu Monsieur Haffmann,Theater,45,18:30,Theatre Raymond Kabbaz,10361 West Pico Boulevard,
76,Los Angeles,2019-03-06,Anything Goes,Theater,25,17:30,Upright Citizens Brigade Sunset,5419 Sunset Boulevard,
77,Los Angeles,2019-03-11,Asssscat,Theater,30,17:30,Ucb Franklin,5919 Franklin Avenue,
78,Los Angeles,2019-03-02,At The Table,Theater,40,19:00,Lankershim Arts Center,5108 Lankershim Boulevard,
79,Los Angeles,2019-03-05,Benji Hughes,Theater,20,16:00,The Teragram Ballroom,1234 West 7th Street,
80,Los Angeles,2019-03-14,Characters Welcome,Theater,40,16:00,Upright Citizens Brigade Sunset,5419 Sunset Boulevard,
81,Los Angeles,2019-03-14,Crabbe And Goyle,Theater,50,17:00,studio/stage,520 North Western Avenue,
82,Los Angeles,2019-03-13,Extraordinary,Theater,30,19:00,Studio C Artists,6448 California 2,
83,Los Angeles,2019-03-03,Famous Adjacent,Theater,30,16:30,Rockwell Table & Stage,1714 North Vermont Avenue,
84,San Diego,2019-03-05,Benjamin Francis Leftwich,Music,25,19:30,The Irenic,3090 Polk Avenue,
85,San Diego,2019-03-05,Devendra Banhart,Music,30,16:00,The Observatory North Park,2891 University Avenue,
86,San Diego,2019-03-05,Hozier,Music,60,18:30,Cal Coast Credit Union Amphitheater,5500 Campanile Drive,
87,San Diego,2019-03-05,Ingrid Michaelson,Music,35,18:30,The Observatory North Park,2891 University Avenue,
88,San Diego,2019-03-05,Jon Bellion,Music,55,17:30,Cal Coast Credit Union Amphitheater,5500 Campanile Drive,
89,San Diego,2019-03-05,Mandolin Orange,Music,35,16:00,The Observatory North Park,2891 University Avenue,
90,San Diego,2019-03-05,Maribou State,Music,45,18:30,The Observatory North Park,2891 University Avenue,
91,San Diego,2019-03-05,Oliver Tree,Music,40,18:00,The Observatory North Park,2891 University Avenue,
92,San Diego,2019-03-05,Sara Bareilles,Music,60,19:00,Cal Coast Credit Union Amphitheater,5500 Campanile Drive,
93,San Diego,2019-03-05,The Japanese House,Music,30,17:30,The Observatory North Park,2891 University Avenue,
94,Chicago,2019-03-03,Ada And The Engine,Theater,55,17:30,The Artistic Home,1376 West Grand Avenue #7761,
95,Chicago,2019-03-06,All That He Was,Theater,45,19:30,"The Buena, Pride Arts Center",4147 North Broadway,
96,Chicago,2019-03-10,Casa Valentina,Theater,20,19:00,PRIDE ARTS CENTER,4139 North Broadway,
97,Chicago,2019-03-14,Comedysportz,Theater,35,16:00,Comedysportz,929 West Belmont Avenue,
98,Chicago,2019-03-07,Countess Dracula,Theater,40,17:00,Otherworld Theatre Performance Venue and Bar,3914 North Clark Street,
99,Chicago,2019-03-10,Create Your Solo Performance,Theater,25,19:00,Green Shirt Studio,4001 North Ravenswood Avenue Unit 303-B,
100,Chicago,2019-03-12,Dinner Detective,Theater,40,18:00,Chicago Marriott Downtown Magnificent Mile,540 North Michigan Avenue,
101,Chicago,2019-03-12,Drunk Shakespeare,Theater,60,16:00,The Lion Theatre,182 North Wabash Avenue,
102,Chicago,2019-03-05,Dynasty,Theater,25,19:30,The Mission Theater,1501 North Kingsbury Street,
103,Chicago,2019-03-13,Ebonyessencejet At Steppenwolf Theatre,Theater,35,17:30,Front Bar,1700 North Halsted Street,
104,San Diego,2019-03-03,Alejandro Sanz,Music,20,19:30,Cal Coast Credit Union Amphitheater,5500 Campanile Drive,
105,San Diego,2019-03-03,Benjamin Francis Leftwich,Music,35,19:00,The Irenic,3090 Polk Avenue,
106,San Diego,2019-03-03,Greta Van Fleet,Music,35,18:30,Cal Coast Credit Union Amphitheater,5500 Campanile Drive,
107,San Diego,2019-03-03,Johnny Mathis,Music,55,17:30,Copley Symphony Hall,Seventh Avenue,
108,San Diego,2019-03-03,Lizzo,Music,25,19:00,Cal Coast Credit Union Amphitheater,5500 Campanile Drive,
109,San Diego,2019-03-03,Local Natives,Music,35,16:30,Music Box,1337 India Street,
110,San Diego,2019-03-03,Mandolin Orange,Music,40,17:30,The Observatory North Park,2891 University Avenue,
111,San Diego,2019-03-03,San Diego Blues Festival,Music,40,17:00,San Diego Blues Festival,"Embarcadero Marina Park North, 400 Kettner Boulevard",
112,San Diego,2019-03-03,Sara Bareilles,Music,35,16:30,Cal Coast Credit Union Amphitheater,5500 Campanile Drive,
113,San Diego,2019-03-03,Surf Curse,Music,25,16:30,The Observatory North Park,2891 University Avenue,
114,Vancouver,2019-03-13,Alice In Glitterland,Theater,20,16:00,The Wise,1882 Adanac Street,
115,Vancouver,2019-03-10,Cinderella Kids,Theater,35,16:30,SFU Gallery,149 West Hastings Street,
116,Vancouver,2019-03-12,Classic Theatresports,Theater,25,17:30,Improv Centre,1502 Duranleau Street,
117,Vancouver,2019-03-02,Impro Scene Study,Theater,60,19:30,Dusty Flowerpot Cabaret Society,2050 Scotia Street,
118,Vancouver,2019-03-08,Little Mountain Improv,Theater,30,18:30,Little Mountain Gallery,195 East 26th Avenue,
119,Vancouver,2019-03-13,Matilda The Musical,Theater,25,19:30,"Goldcorp Stage at the BMO Theatre Centre, Arts Club Theatre Company",203 - 162 West 1st Avenue,
120,Vancouver,2019-03-03,Mother Of The Maid,Theater,30,18:30,Pacific Theatre,1440 West 12th Avenue,
121,Vancouver,2019-03-04,Of Mice And Men,Theater,60,18:00,Stage Door,3102 Main Street,
122,Vancouver,2019-03-05,Shakespeare In Love,Theater,55,17:00,Bard on the Beach Shakespeare Festival,1695 Whyte Avenue,
123,Vancouver,2019-03-01,Teatro Intimo Del Flamenco,Theater,35,19:30,Vancouver TheatreSports(tm),1502 Duranleau Street,
124,Los Angeles,2019-03-09,Ain Gordon,Music,60,19:00,Ralph Freud Playhouse,245 Charles E Young Drive East,
125,Los Angeles,2019-03-14,Aldous Harding,Music,20,19:30,Lodge Room,104 North Avenue 56 2nd Floor,
126,Los Angeles,2019-03-11,Altin Gun,Music,40,17:30,The Teragram Ballroom,1234 West 7th Street,
127,Los Angeles,2019-03-11,America,Music,35,19:30,The Theatre at Ace Hotel,929 South Broadway,
128,Los Angeles,2019-03-07,Angel Olsen,Music,25,17:30,Palace Theatre,630 South Broadway,
129,Los Angeles,2019-03-03,Billy Strings,Music,60,18:30,Lodge Room,104 North Avenue 56 2nd Floor,
130,Los Angeles,2019-03-07,Brittany Howard,Music,40,16:30,The Theatre at Ace Hotel,929 South Broadway,
131,Los Angeles,2019-03-11,Emeli Sande,Music,60,18:00,The Theatre at Ace Hotel,929 South Broadway,
132,Los Angeles,2019-03-05,Finneas,Music,55,19:30,Masonic Lodge at Hollywood Forever,5970 Santa Monica Boulevard,
133,Los Angeles,2019-03-11,Foy Vance,Music,30,16:00,Palace Theatre,630 South Broadway,
134,Delhi,2019-03-02,A Few Good Men,Theater,30,18:30,Kamani Auditorium,"1, Copernicus Marg, Opposite Doordarshan Bhawan, Mandi House, New Delhi",
135,Delhi,2019-03-14,Othelo,Theater,40,16:30,Shri Ram Centre for Performing Arts,"4, Safdar Hashmi Marg, Mandi House, New Delhi",
136,Delhi,2019-03-14,Rupaiya Hindi Comedy Play,Theater,55,16:00,Little Theatre Group Auditorium,"Mandi House, 1, Copernicus Marg, Opp. Doordarshan Bhavan, Near, Connaught Place, New Delhi",
137,Delhi,2019-03-03,The Curse Of Hamlet,Theater,30,17:30,Akshara Theatre,"11-B Baba Kharak Singh Marg, Beside, Ram Manohar Lohia Hospital, Exit, New Delhi",
138,Los Angeles,2019-03-14,Anything Goes,Theater,25,16:00,Upright Citizens Brigade Sunset,5419 Sunset Boulevard,
139,Los Angeles,2019-03-14,Asssscat,Theater,20,17:30,Upright Citizens Brigade Sunset,5419 Sunset Boulevard,
140,Los Angeles,2019-03-14,Benji Hughes,Theater,40,18:00,The Teragram Ballroom,1234 West 7th Street,
141,Los Angeles,2019-03-14,Extraordinary,Theater,50,17:30,Studio C Artists,6448 California 2,
142,Los Angeles,2019-03-14,Famous Adjacent,Theater,20,16:00,Rockwell Table & Stage,1714 North Vermont Avenue,
143,Los Angeles,2019-03-14,Funeral Bouquet,Theater,50,17:30,Lyric Hyperion Theatre & Cafe,2106 Hyperion Avenue,
144,Los Angeles,2019-03-14,Improv Nerds,Theater,55,17:30,Upright Citizens Brigade Sunset,5419 Sunset Boulevard,
145,Los Angeles,2019-03-14,Lavender Men,Theater,55,18:30,Skylight Theatre Company,1816 1/2 North Vermont Avenue,
146,Los Angeles,2019-03-13,Aldous Harding,Music,25,16:30,Masonic Lodge at Hollywood Forever,5970 Santa Monica Boulevard,
147,Los Angeles,2019-03-13,Altin Gun,Music,40,17:30,The Teragram Ballroom,1234 West 7th Street,
148,Los Angeles,2019-03-13,America,Music,30,18:00,The Theatre at Ace Hotel,929 South Broadway,
149,Los Angeles,2019-03-13,Finneas,Music,30,18:00,Masonic Lodge at Hollywood Forever,5970 Santa Monica Boulevard,
150,Los Angeles,2019-03-13,Kamasi Washington,Music,55,18:30,The Theatre at Ace Hotel,929 South Broadway,
151,Los Angeles,2019-03-13,Kishi Bashi,Music,40,19:30,Masonic Lodge at Hollywood Forever,5970 Santa Monica Boulevard,
152,Los Angeles,2019-03-13,Lcs Summer Split,Music,45,18:00,LCS Studios,12312 West Olympic Boulevard,
153,Los Angeles,2019-03-13,Lux Prima,Music,30,19:30,The Theatre at Ace Hotel,929 South Broadway,
154,Los Angeles,2019-03-13,Mandolin Orange,Music,45,19:30,The Theatre at Ace Hotel,929 South Broadway,
155,Los Angeles,2019-03-13,Priests,Music,60,17:00,The Teragram Ballroom,1234 West 7th Street,
156,London,2019-03-14,A Right Royale Tea,Theater,50,19:00,Amba Hotel Charing Cross,Strand,
157,London,2019-03-12,A Taste For Murder,Theater,50,16:30,Wanstead Library,Spratt Hall Road,
158,London,2019-03-11,Academy Performing Arts,Theater,40,18:00,Academy Performing Arts,"Academy Performing Arts, 2 Archery Road",
159,London,2019-03-09,All The Little Lights,Theater,20,17:00,Tristan Bates Theatre,1A Tower Street,
160,London,2019-03-05,Armia,Theater,30,16:30,The Dome,2A Dartmouth Park Hill,
161,London,2019-03-01,As You Like It,Theater,60,18:30,"Swan, Shakespeare's Globe","21 New Globe Walk, Bankside",
162,London,2019-03-07,Becoming The Invisible Woman,Theater,35,17:30,Drayton Arms Theatre,153 Old Brompton Road,
163,London,2019-03-10,Beyond The Blue,Theater,30,17:30,Poplar Union,2 Cotall Street,
164,London,2019-03-05,Boat Show Comedy Club,Theater,45,18:30,The Boat Show Comedy Club,"Salsa! Temple, Ps Tattershall Castle, Temple Station, Victoria Embankment",
165,London,2019-03-03,Bon Ami,Theater,25,16:30,Studio at New Wimbledon Theatre,93 The Broadway,
166,New York,2019-03-11,Abbi Jacobson,Music,60,19:30,Kaufmann Concert Hall,1395 Lexington Avenue,
167,New York,2019-03-03,Alma Deutscher,Music,50,19:00,Stern Auditorium / Perelman Stage,881 7th Avenue,
168,New York,2019-03-13,Alpha Blondy,Music,60,17:30,Sony Hall,235 West 46th Street,
169,New York,2019-03-10,Ben Harper,Music,60,17:30,Pier 17,89 South Street,
170,New York,2019-03-01,Black Uhuru,Music,20,19:00,Sony Hall,235 West 46th Street,
171,New York,2019-03-13,Blackbear,Music,60,19:00,Pier 17,89 South Street,
172,New York,2019-03-02,Boston Symphony Orchestra,Music,40,19:30,Stern Auditorium / Perelman Stage,881 7th Avenue,
173,New York,2019-03-01,Buddy Guy,Music,60,19:30,Sony Hall,235 West 46th Street,
174,New York,2019-03-06,Carbon Leaf,Music,60,18:30,Sony Hall,235 West 46th Street,
175,New York,2019-03-11,Crooked Colours,Music,20,16:00,Rough Trade NYC,"64 North 9th Street, Brooklyn",
176,New York,2019-03-11,Acting For Teens,Theater,45,19:00,520 8th Ave. - Personal Valet Parking,520 8th Ave. - Personal Valet,
177,New York,2019-03-11,Big Apple Circus,Theater,50,18:30,Big Apple Circus,60 Lincoln Center Plaza,
178,New York,2019-03-11,Blks,Theater,25,16:00,The Robert W. Wilson MCC Theater Space,511 West 52nd Street,
179,New York,2019-03-11,Broadway Buddy Mentorship Cabaret,Theater,45,16:30,Leonard Nimoy Thalia at Symphony Space,"Lower, 2537 Broadway",
180,New York,2019-03-11,Broadway Buskers Concert,Theater,35,18:00,Club Free Time,20 Waterside Plaza,
181,New York,2019-03-11,Chaos Theory,Theater,35,19:00,Caveat,21 A Clinton Street,
182,New York,2019-03-11,Dead End Comedy Show,Theater,35,19:30,Erv's,"2122 Beekman Place, Brooklyn",
183,New York,2019-03-11,Dear Brutus,Theater,30,17:00,Shetler Studios & Theatres,244 West 54th Street,
184,New York,2019-03-11,Drama Group,Theater,30,17:30,Marlene Meyerson JCC Manhattan,334 Amsterdam Avenue,
185,New York,2019-03-11,Drunk Shakespeare,Theater,45,16:30,Drunk Shakespeare,711 7th Avenue Floor 2,
186,New York,2019-03-09,Alpha Blondy,Music,25,19:30,Sony Hall,235 West 46th Street,
187,New York,2019-03-09,Ben Harper,Music,45,16:30,Pier 17,89 South Street,
188,New York,2019-03-09,Black Uhuru,Music,45,16:00,Sony Hall,235 West 46th Street,
189,New York,2019-03-09,Blackbear,Music,60,18:30,Pier 17,89 South Street,
190,New York,2019-03-09,Carbon Leaf,Music,30,17:00,Sony Hall,235 West 46th Street,
191,New York,2019-03-09,Crystal Method,Music,25,19:30,Warsaw,"261 Driggs Avenue, Brooklyn",
192,New York,2019-03-09,Dj Gravy,Music,50,16:00,Sony Hall,235 West 46th Street,
193,New York,2019-03-09,Emanuel Ax,Music,30,16:30,Stern Auditorium / Perelman Stage,881 7th Avenue,
194,New York,2019-03-09,France Rocks Festival,Music,45,16:00,Bruno Walter Auditorium,111 Amsterdam Avenue,
195,New York,2019-03-09,Geto Boys,Music,40,19:30,Sony Hall,235 West 46th Street,
196,Cape Town,2019-03-09,Fiddler On The Roof,Theater,40,16:00,The Playhouse Theatre Somerset West,"Swalle Street, Golden Acre",
197,Cape Town,2019-03-09,Klippies Van Die Grond,Theater,45,19:30,Theatre Arts Admin Collective,"26 Wesley Street, Observatory",
198,New York,2019-03-04,Acting For Teens,Theater,35,18:00,520 8th Ave. - Personal Valet Parking,520 8th Ave. - Personal Valet,
199,New York,2019-03-10,Advanced Acting Scene Study,Theater,20,16:30,TGW Acting Studio,358 West 44th Street,
200,New York,2019-03-04,Big Apple Circus,Theater,55,17:00,Big Apple Circus,60 Lincoln Center Plaza,
201,New York,2019-03-03,Blks,Theater,40,16:30,The Robert W. Wilson MCC Theater Space,511 West 52nd Street,
202,New York,2019-03-12,Broadway Brunch,Theater,45,19:00,Engine Room New York,707 8th Avenue,
203,New York,2019-03-08,Broadway Buddy Mentorship Cabaret,Theater,30,19:00,Leonard Nimoy Thalia at Symphony Space,"Lower, 2537 Broadway",
204,New York,2019-03-05,Broadway Buskers Concert,Theater,45,18:00,Club Free Time,20 Waterside Plaza,
205,New York,2019-03-05,Broadway Musical Theater Week,Theater,40,18:00,Actors Technique NY Kids and Teens,"4th, 500 8th Avenue",
206,New York,2019-03-02,Calliope Musicals At Alphaville,Theater,30,16:00,Alphaville,"140 Wilson Avenue, Brooklyn",
207,New York,2019-03-14,Chaos Theory,Theater,40,17:00,Caveat,21 A Clinton Street,
208,London,2019-03-01,A Taste For Murder,Theater,30,19:00,Wanstead Library,Spratt Hall Road,
209,London,2019-03-01,Armia,Theater,35,19:30,The Dome,2A Dartmouth Park Hill,
210,London,2019-03-01,Becoming The Invisible Woman,Theater,50,18:00,Drayton Arms Theatre,153 Old Brompton Road,
211,London,2019-03-01,Bon Ami,Theater,55,17:00,Studio at New Wimbledon Theatre,93 The Broadway,
212,London,2019-03-01,Broken English,Theater,25,16:00,The Honor Oak Pub,1 Saint German's Road,
213,London,2019-03-01,Christmas Drama Workshop,Theater,40,16:00,Harmony Hall,10 Truro Road,
214,London,2019-03-01,Craig David,Theater,45,16:00,Rose Bowl Youth Centre,"St. Paul's Open Space, New River Green Estate",
215,London,2019-03-01,Creative Movements Class,Theater,40,19:30,Pangbourne House Nursery Montessori School,2 Pangbourne Avenue,
216,London,2019-03-01,Drama,Theater,55,18:30,Oslo Hackney,1A Amhurst Road,
217,Pacifica,2019-03-01,The Music Man,Theater,55,18:00,Pacifica Spindrift Players,1050 Crespi Drive,
218,Los Angeles,2019-03-07,Ain Gordon,Music,45,16:30,Ralph Freud Playhouse,245 Charles E Young Drive East,
219,Los Angeles,2019-03-07,Altin Gun,Music,30,17:30,The Teragram Ballroom,1234 West 7th Street,
220,Los Angeles,2019-03-07,Billy Strings,Music,60,18:30,Lodge Room,104 North Avenue 56 2nd Floor,
221,Los Angeles,2019-03-07,Foy Vance,Music,55,16:00,Palace Theatre,630 South Broadway,
222,Los Angeles,2019-03-07,Girl In Red,Music,25,18:00,The Teragram Ballroom,1234 West 7th Street,
223,Los Angeles,2019-03-07,Joanna Newsom,Music,40,16:00,Hollywood American Legion Post 43,2035 North Highland Avenue,
224,Los Angeles,2019-03-07,Kamasi Washington,Music,55,19:00,The Theatre at Ace Hotel,929 South Broadway,
225,Los Angeles,2019-03-07,Mandolin Orange,Music,45,17:00,The Theatre at Ace Hotel,929 South Broadway,
226,Los Angeles,2019-03-07,Adieu Monsieur Haffmann,Theater,55,18:00,Theatre Raymond Kabbaz,10361 West Pico Boulevard,
227,Los Angeles,2019-03-07,Asssscat,Theater,35,16:30,Ucb Franklin,5919 Franklin Avenue,
228,Los Angeles,2019-03-07,At The Table,Theater,40,16:30,Lankershim Arts Center,5108 Lankershim Boulevard,
229,Los Angeles,2019-03-07,Benji Hughes,Theater,60,16:30,The Teragram Ballroom,1234 West 7th Street,
230,Los Angeles,2019-03-07,Crabbe And Goyle,Theater,25,19:30,studio/stage,520 North Western Avenue,
231,Los Angeles,2019-03-07,Extraordinary,Theater,55,16:30,Studio C Artists,6448 California 2,
232,Los Angeles,2019-03-07,Funeral Bouquet,Theater,55,16:30,Lyric Hyperion Theatre & Cafe,2106 Hyperion Avenue,
233,Los Angeles,2019-03-07,Lavender Men,Theater,40,16:00,Skylight Theatre Company,1816 1/2 North Vermont Avenue,
234,Los Angeles,2019-03-07,Legitimate Goddamn Theatre,Theater,25,17:30,Upright Citizens Brigade Sunset,5419 Sunset Boulevard,
235,Los Angeles,2019-03-07,Mamma Mia,Theater,30,19:30,East West Players,120 Judge John Aiso Street,
236,Phoenix,2019-03-02,Bad Suns,Music,55,16:30,The Van Buren,401 West Van Buren Street,
237,Phoenix,2019-03-04,Dodie,Music,20,19:00,The Van Buren,401 West Van Buren Street,
238,Phoenix,2019-03-03,Dreamers,Music,40,16:30,The Van Buren,401 West Van Buren Street,
239,Phoenix,2019-03-05,Greensky Bluegrass,Music,55,18:30,The Van Buren,401 West Van Buren Street,
240,Phoenix,2019-03-04,Gus Dapperton,Music,45,16:30,The Van Buren,401 West Van Buren Street,
241,Phoenix,2019-03-04,Jenny Lewis,Music,20,16:00,The Van Buren,401 West Van Buren Street,
242,Phoenix,2019-03-14,Johnnyswim,Music,40,19:30,The Van Buren,401 West Van Buren Street,
243,Phoenix,2019-03-01,Melanie Martinez,Music,40,19:30,The Van Buren,401 West Van Buren Street,
244,Phoenix,2019-03-01,Motion City Soundtrack,Music,30,16:30,The Van Buren,401 West Van Buren Street,
245,Phoenix,2019-03-05,Oliver Tree,Music,30,19:30,The Van Buren,401 West Van Buren Street,
246,Portland,2019-03-02,Annual School Performance,Theater,45,17:00,Newmark Theatre,1111 Southwest Broadway,
247,Portland,2019-03-11,Beirut By Alan Bowne,Theater,50,18:30,Shoe Box Theater,2110 Southeast 10th Avenue,
248,Portland,2019-03-07,Escaped Alone,Theater,35,16:00,Shaking the Tree Theatre,823 Southeast Grant Street,
249,Portland,2019-03-04,Heathers The Musical,Theater,25,19:30,Funhouse Lounge,2432 Southeast 11th Avenue,
250,Portland,2019-03-10,Mala By Melinda Lopez,Theater,25,19:30,CoHo Productions,2257 Northwest Raleigh Street,
251,Portland,2019-03-04,Oregon Ballet Theatre,Theater,55,18:30,Newmark Theatre,1111 Southwest Broadway,
252,Portland,2019-03-01,Pdx Improv All Stars,Theater,50,17:00,Curious Comedy Annex,5229 Northeast Martin Luther King Junior Boulevard,
253,Portland,2019-03-05,Princess Ida,Theater,45,18:30,Alpenrose Opera House,6149 Southwest Shattuck Road,
254,Portland,2019-03-13,Red By John Logan,Theater,50,18:00,Shaking the Tree Theatre,823 Southeast Grant Street,
255,Portland,2019-03-10,Summer Improv Intensive,Theater,40,19:00,Curious Comedy Theater,5225 Northeast Martin Luther King Junior Boulevard,
256,Seattle,2019-03-10,Beatleconcert,Theater,50,17:00,12th Avenue Arts,1620 12th Avenue,
257,Seattle,2019-03-02,Blood Water Paint,Theater,30,18:00,12th Avenue Arts,1620 12th Avenue,
258,Seattle,2019-03-11,Comedysportz,Theater,20,18:00,CSz Seattle - Home of ComedySportz,3509 Fremont Avenue North,
259,Seattle,2019-03-04,Digi Boi The Musical,Theater,55,17:30,The Pocket Theater,8312 Greenwood Avenue North,
260,Seattle,2019-03-03,Improv Camp For Teens,Theater,20,17:00,Unexpected Productions Improv,1428 Post Alley,
261,Seattle,2019-03-02,Improv For Content Creators,Theater,40,16:00,The Atlas Theatre,3509 Fremont Avenue North,
262,Seattle,2019-03-04,Improv For Everyone,Theater,20,17:30,Theater Puget Sound,"Armory, 305 Harrison Street",
263,Seattle,2019-03-14,Improv Happy Hour,Theater,35,18:30,Unexpected Productions Improv,1428 Post Alley,
264,Seattle,2019-03-11,Improv Workshop,Theater,35,17:00,Queen Anne Branch - The Seattle Public Library,400 West Garfield Street,
265,Seattle,2019-03-07,Maritess Zurbano Hypnotist,Theater,35,18:30,Copious,2220 Northwest Market Street,
266,Chicago,2019-03-04,All That He Was,Theater,55,17:30,"The Buena, Pride Arts Center",4147 North Broadway,
267,Chicago,2019-03-04,Casa Valentina,Theater,20,16:30,PRIDE ARTS CENTER,4139 North Broadway,
268,Chicago,2019-03-04,Comedysportz,Theater,30,16:00,CSz Theater Chicago,929 West Belmont Avenue,
269,Chicago,2019-03-04,Countess Dracula,Theater,30,19:30,Otherworld Theatre Performance Venue and Bar,3914 North Clark Street,
270,Chicago,2019-03-04,Dinner Detective,Theater,25,19:30,Chicago Marriott Downtown Magnificent Mile,540 North Michigan Avenue,
271,Chicago,2019-03-04,Drunk Shakespeare,Theater,20,16:00,The Lion Theatre,182 North Wabash Avenue,
272,Chicago,2019-03-04,Emma,Theater,60,18:00,Lifeline Theatre,6912 North Glenwood Avenue,
273,Chicago,2019-03-04,Every Brilliant Thing,Theater,45,18:00,Windy City Playhouse,3014 West Irving Park Road,
274,Chicago,2019-03-04,Frankenstein,Theater,50,19:30,Lookingglass Theatre Company,821 North Michigan Avenue,
275,Chicago,2019-03-04,Helvetica,Theater,20,17:30,Nox Arca Theatre,4001 North Ravenswood Avenue #405,
276,Cape Town,2019-03-07,Fiddler On The Roof,Theater,20,19:30,The Playhouse Theatre Somerset West,"Swalle Street, Golden Acre",
277,Cape Town,2019-03-06,Klippies Van Die Grond,Theater,20,19:30,Theatre Arts Admin Collective,"26 Wesley Street, Observatory",
278,Atlanta,2019-03-03,Benjamin Francis Leftwich,Music,30,19:00,Vinyl,1374 West Peachtree Street Northwest,
279,Atlanta,2019-03-03,Chicago,Music,35,18:00,Cadence Bank Amphitheatre at Chastain Park,4469 Stella Drive Northwest,
280,Atlanta,2019-03-03,Gipsy Kings,Music,30,19:30,Cadence Bank Amphitheatre at Chastain Park,4469 Stella Drive Northwest,
281,Atlanta,2019-03-03,Indigo Girls,Music,50,19:00,Atlanta Symphony Orchestra,1280 Peachtree Street Northeast,
282,Atlanta,2019-03-03,Kaskade,Music,55,16:30,Ravine,1021 Peachtree Street Northeast,
283,Atlanta,2019-03-03,Mark Knopfler,Music,25,17:00,Cadence Bank Amphitheatre at Chastain Park,4469 Stella Drive Northwest,
284,Atlanta,2019-03-03,Maxwell,Music,20,19:00,Cadence Bank Amphitheatre at Chastain Park,4469 Stella Drive Northwest,
285,Atlanta,2019-03-03,Ra Ra Riot,Music,30,19:00,The Loft,1374 West Peachtree Street Northwest,
286,Portland,2019-03-09,Annual School Performance,Theater,30,19:00,Newmark Theatre,1111 Southwest Broadway,
287,Portland,2019-03-09,Beirut By Alan Bowne,Theater,60,16:30,Shoe Box Theater,2110 Southeast 10th Avenue,
288,Portland,2019-03-09,Escaped Alone,Theater,30,17:30,Shaking the Tree Theatre,823 Southeast Grant Street,
289,Portland,2019-03-09,Mala By Melinda Lopez,Theater,30,18:30,CoHo Productions,2257 Northwest Raleigh Street,
290,Portland,2019-03-09,Pdx Improv All Stars,Theater,35,17:00,Curious Comedy Annex,5229 Northeast Martin Luther King Junior Boulevard,
291,Portland,2019-03-09,Princess Ida,Theater,50,17:30,Alpenrose Opera House,6149 Southwest Shattuck Road,
292,Portland,2019-03-09,Red By John Logan,Theater,30,18:00,Shaking the Tree Theatre,823 Southeast Grant Street,
293,Portland,2019-03-09,Troilus And Cressida,Theater,35,17:30,Shaking the Tree Theatre,823 Southeast Grant Street,
294,Portland,2019-03-09,West Side Story,Theater,30,19:30,Dolores Winningstad Theatre,1111 Southwest Broadway,
295,Portland,2019-03-03,Annual School Performance,Theater,40,16:00,Newmark Theatre,1111 Southwest Broadway,
296,Portland,2019-03-03,Beirut By Alan Bowne,Theater,50,17:30,Shoe Box Theater,2110 Southeast 10th Avenue,
297,Portland,2019-03-03,Escaped Alone,Theater,45,16:30,Shaking the Tree Theatre,823 Southeast Grant Street,
298,Portland,2019-03-03,Heathers The Musical,Theater,40,18:30,Funhouse Lounge,2432 Southeast 11th Avenue,
299,Portland,2019-03-03,Mala By Melinda Lopez,Theater,25,19:30,CoHo Productions,2257 Northwest Raleigh Street,
300,Portland,2019-03-03,Oregon Ballet Theatre,Theater,40,19:30,Newmark Theatre,1111 Southwest Broadway,
301,Portland,2019-03-03,Pdx Improv All Stars,Theater,50,16:30,Curious Comedy Annex,5229 Northeast Martin Luther King Junior Boulevard,
302,Portland,2019-03-03,Princess Ida,Theater,30,16:30,Alpenrose Opera House,6149 Southwest Shattuck Road,
303,Portland,2019-03-03,Red By John Logan,Theater,50,18:00,Shaking the Tree Theatre,823 Southeast Grant Street,
304,Portland,2019-03-03,Summer Improv Intensive,Theater,20,17:30,Curious Comedy Theater,5225 Northeast Martin Luther King Junior Boulevard,
305,New York,2019-03-13,Abbi Jacobson,Music,50,19:30,Kaufmann Concert Hall,1395 Lexington Avenue,
306,New York,2019-03-13,Alma Deutscher,Music,25,17:30,Stern Auditorium / Perelman Stage,881 7th Avenue,
307,New York,2019-03-13,Ben Harper,Music,55,17:00,Pier 17,89 South Street,
308,New York,2019-03-13,Black Uhuru,Music,35,16:00,Sony Hall,235 West 46th Street,
309,New York,2019-03-13,Buddy Guy,Music,60,19:00,Sony Hall,235 West 46th Street,
310,New York,2019-03-13,Carbon Leaf,Music,30,16:30,Sony Hall,235 West 46th Street,
311,New York,2019-03-13,Crystal Method,Music,30,18:00,Warsaw,"261 Driggs Avenue, Brooklyn",
312,New York,2019-03-13,Denis Matsuev,Music,55,17:00,Stern Auditorium / Perelman Stage,881 7th Avenue,
313,San Rafael,2019-03-07,Cabaret Kids,Theater,20,16:30,Marin Center Showcase Theater,10 Avenue of the Flags,
314,San Rafael,2019-03-07,Circular By Laura Shamas,Theater,35,19:00,Altertheater Ensemble,1333 4th Street,
315,San Rafael,2019-03-07,Measure For Measure,Theater,35,18:30,Forest Meadows Amphitheatre,890 Belle Avenue,
316,San Rafael,2019-03-07,Spamalot,Theater,35,16:00,Forest Meadows Amphitheatre,890 Belle Avenue,
317,San Rafael,2019-03-07,Theatre Of Dreams,Theater,25,18:30,Marin Center Showcase Theater,10 Avenue of the Flags,
318,Portland,2019-03-10,Bastille,Music,20,17:30,Theater Of The Clouds,1016-1098 North Center Court Street,
319,Portland,2019-03-02,Benjamin Francis Leftwich,Music,55,19:00,The Old Church Concert Hall,1422 Southwest 11th Avenue,
320,Portland,2019-03-13,Bryan Adams,Music,20,18:30,Theater Of The Clouds,1016-1098 North Center Court Street,
321,Portland,2019-03-04,Damien Jurado,Music,25,19:30,The Old Church Concert Hall,1422 Southwest 11th Avenue,
322,Portland,2019-03-06,Dave Alvin Oregon,Music,35,18:30,The Old Church Concert Hall,1422 Southwest 11th Avenue,
323,Portland,2019-03-14,Friends,Music,50,16:00,Newmark Theatre,1111 Southwest Broadway,
324,Portland,2019-03-11,Nick Kroll,Music,30,18:00,Newmark Theatre,1111 Southwest Broadway,
325,Portland,2019-03-05,The Priests,Music,40,19:30,Polaris Hall,635 North Killingsworth Court,
326,New York,2019-03-05,Abbi Jacobson,Music,40,17:00,Kaufmann Concert Hall,1395 Lexington Avenue,
327,New York,2019-03-05,Ben Harper,Music,40,19:30,Pier 17,89 South Street,
328,New York,2019-03-05,Black Uhuru,Music,60,17:30,Sony Hall,235 West 46th Street,
329,New York,2019-03-05,Blackbear,Music,40,17:00,Pier 17,89 South Street,
330,New York,2019-03-05,Boston Symphony Orchestra,Music,45,16:00,Stern Auditorium / Perelman Stage,881 7th Avenue,
331,New York,2019-03-05,Buddy Guy,Music,35,17:00,Sony Hall,235 West 46th Street,
332,New York,2019-03-05,Carbon Leaf,Music,60,17:30,Sony Hall,235 West 46th Street,
333,New York,2019-03-05,Crooked Colours,Music,20,19:30,Rough Trade NYC,"64 North 9th Street, Brooklyn",
334,New York,2019-03-05,Denis Matsuev,Music,60,18:30,Stern Auditorium / Perelman Stage,881 7th Avenue,
335,New York,2019-03-05,Dj Gravy,Music,30,17:30,Sony Hall,235 West 46th Street,
336,New York,2019-03-08,Alma Deutscher,Music,45,19:00,Stern Auditorium / Perelman Stage,881 7th Avenue,
337,New York,2019-03-08,Black Uhuru,Music,25,17:00,Sony Hall,235 West 46th Street,
338,New York,2019-03-08,Blackbear,Music,45,16:30,Pier 17,89 South Street,
339,New York,2019-03-08,Boston Symphony Orchestra,Music,40,16:00,Stern Auditorium / Perelman Stage,881 7th Avenue,
340,New York,2019-03-08,Buddy Guy,Music,25,18:30,Sony Hall,235 West 46th Street,
341,New York,2019-03-08,Denis Matsuev,Music,45,16:00,Stern Auditorium / Perelman Stage,881 7th Avenue,
342,New York,2019-03-08,Emanuel Ax,Music,30,17:30,Stern Auditorium / Perelman Stage,881 7th Avenue,
343,New York,2019-03-08,Finneas,Music,40,19:30,Warsaw,"261 Driggs Avenue, Brooklyn",
344,New York,2019-03-08,France Rocks Festival,Music,30,17:30,Bruno Walter Auditorium,111 Amsterdam Avenue,
345,New York,2019-03-08,Geto Boys,Music,60,18:00,Sony Hall,235 West 46th Street,
346,Portland,2019-03-02,Annual School Performance,,45,17:00,Newmark Theatre,1111 Southwest Broadway,1
347,Livermore,2019-03-06,Reo Speedwagon,Music,50,16:30,Concerts at Wente Vineyards,5050 Arroyo Road,
348,Livermore,2019-03-06,Reo Speedwagon,,50,16:30,Concerts at Wente Vineyards,5050 Arroyo Road,1
349,San Diego,2019-03-09,About Time,Theater,40,16:00,Talent to aMuse Theatre Co,3919 Normal Street,
350,San Diego,2019-03-09,American Idiot The Musical,Theater,45,17:30,OB Playhouse & Theatre Company,4944 Newport Avenue D,
351,San Diego,2019-03-03,Arsenic And Old Lace,Theater,25,17:30,Northminster Presbyterian Church,4324 Clairemont Mesa Boulevard,
352,San Diego,2019-03-09,Dance Nation,Theater,35,17:30,Moxie Theatre,6663 El Cajon Boulevard Ste N,
353,San Diego,2019-03-14,Foxfire,Theater,50,19:30,Scripps Ranch Theatre,9783 Avenue of Nations,
354,San Diego,2019-03-02,King Lear,Theater,45,18:30,Westminster Presbyterian Church,3598 Talbot Street,
355,San Diego,2019-03-05,Once Upon A Mattress,Theater,20,17:00,Mission Hills United Church of Christ,4070 Jackdaw Street,
356,San Diego,2019-03-14,She Kills Monsters,Theater,55,18:30,Saville Theatre,"14th St &, C Street",
357,San Diego,2019-03-11,Speed The Plow,Theater,60,16:00,Point Loma Playhouse,3035 Talbot Street,
358,San Diego,2019-03-07,The Fantasticks,Theater,45,16:00,Point Loma Playhouse,3035 Talbot Street,
359,San Diego,2019-03-09,About Time,,40,16:00,Talent to aMuse Theatre Co,3919 Normal Street,2
360,Los Angeles,2019-03-07,Adieu Monsieur Haffmann,,55,18:00,Theatre Raymond Kabbaz,10361 West Pico Boulevard,3
361,Los Angeles,2019-03-01,A Year In Dragonfly,,55,19:30,Studio C Artists,6448 California 2,2
362,San Diego,2019-03-12,Fidlar,Music,25,16:30,The Observatory North Park,2891 University Avenue,
363,San Diego,2019-03-12,Hozier,Music,35,19:00,Cal Coast Credit Union Amphitheater,5500 Campanile Drive,
364,San Diego,2019-03-12,Local Natives,Music,25,18:00,Music Box,1337 India Street,
365,San Diego,2019-03-12,Maribou State,Music,40,18:00,The Observatory North Park,2891 University Avenue,
366,San Diego,2019-03-12,Surf Curse,Music,25,18:30,The Observatory North Park,2891 University Avenue,
367,San Diego,2019-03-12,The Japanese House,Music,30,17:00,The Observatory North Park,2891 University Avenue,
368,San Diego,2019-03-12,The Waterboys,Music,55,17:30,The Observatory North Park,2891 University Avenue,
369,San Diego,2019-03-12,Through The Roots,Music,45,18:00,The Observatory North Park,2891 University Avenue,
370,San Diego,2019-03-12,Yungblud,Music,50,17:30,The Observatory North Park,2891 University Avenue,
371,San Diego,2019-03-12,Zz Top,Music,20,16:00,Cal Coast Credit Union Amphitheater,5500 Campanile Drive,
372,San Diego,2019-03-12,Fidlar,,25,16:30,The Observatory North Park,2891 University Avenue,3
373,Los Angeles,2019-03-01,Adieu Monsieur Haffmann,Theater,40,16:30,Theatre Raymond Kabbaz,10361 West Pico Boulevard,
374,Los Angeles,2019-03-01,Asssscat,Theater,35,18:00,Upright Citizens Brigade Sunset,5419 Sunset Boulevard,
375,Los Angeles,2019-03-01,At The Table,Theater,40,16:00,Lankershim Arts Center,5108 Lankershim Boulevard,
376,Los Angeles,2019-03-01,Benji Hughes,Theater,20,18:30,The Teragram Ballroom,1234 West 7th Street,
377,Los Angeles,2019-03-01,Characters Welcome,Theater,20,16:00,Upright Citizens Brigade Sunset,5419 Sunset Boulevard,
378,Los Angeles,2019-03-01,Good Mourning,Theater,55,19:00,The Hudson Theatres,6539 Santa Monica Boulevard,
379,Los Angeles,2019-03-01,Improv Nerds,Theater,50,17:30,Upright Citizens Brigade Sunset,5419 Sunset Boulevard,
380,Los Angeles,2019-03-01,Lavender Men,Theater,40,19:00,Skylight Theatre Company,1816 1/2 North Vermont Avenue,
381,Los Angeles,2019-03-01,Legitimate Goddamn Theatre,Theater,20,17:30,Upright Citizens Brigade Sunset,5419 Sunset Boulevard,
382,Los Angeles,2019-03-01,A Year In Dragonfly,,55,19:30,Studio C Artists,6448 California 2,1
383,New York,2019-03-04,Acting For Teens,,35,18:00,520 8th Ave. - Personal Valet Parking,520 8th Ave. - Personal Valet,3
384,Los Angeles,2019-03-05,Aldous Harding,Music,30,17:00,Lodge Room,104 North Avenue 56 2nd Floor,
385,Los Angeles,2019-03-05,Angel Olsen,Music,30,16:30,Palace Theatre,630 South Broadway,
386,Los Angeles,2019-03-05,Emeli Sande,Music,30,17:30,The Theatre at Ace Hotel,929 South Broadway,
387,Los Angeles,2019-03-05,Foy Vance,Music,20,17:30,Palace Theatre,630 South Broadway,
388,Los Angeles,2019-03-05,Girl In Red,Music,50,16:30,The Teragram Ballroom,1234 West 7th Street,
389,Los Angeles,2019-03-05,Joanna Newsom,Music,20,17:30,Hollywood American Legion Post 43,2035 North Highland Avenue,
390,Los Angeles,2019-03-05,Jpegmafia,Music,40,17:00,The Teragram Ballroom,1234 West 7th Street,
391,Los Angeles,2019-03-05,Kamasi Washington,Music,55,18:30,The Theatre at Ace Hotel,929 South Broadway,
392,Los Angeles,2019-03-05,Lcs Summer Split,Music,45,18:00,LCS Studios,12312 West Olympic Boulevard,
393,Los Angeles,2019-03-05,Aldous Harding,,30,17:00,Lodge Room,104 North Avenue 56 2nd Floor,3
394,London,2019-03-14,A Right Royale Tea,,50,19:00,Amba Hotel Charing Cross,Strand,2
395,Los Angeles,2019-03-01,Ain Gordon,Music,40,19:30,Ralph Freud Playhouse,245 Charles E Young Drive East,
396,Los Angeles,2019-03-01,Aldous Harding,Music,50,18:00,Lodge Room,104 North Avenue 56 2nd Floor,
397,Los Angeles,2019-03-01,Altin Gun,Music,20,19:00,The Teragram Ballroom,1234 West 7th Street,
398,Los Angeles,2019-03-01,America,Music,35,18:00,The Theatre at Ace Hotel,929 South Broadway,
399,Los Angeles,2019-03-01,Billy Strings,Music,45,18:30,Lodge Room,104 North Avenue 56 2nd Floor,
400,Los Angeles,2019-03-01,Brittany Howard,Music,60,19:30,The Theatre at Ace Hotel,929 South Broadway,
401,Los Angeles,2019-03-01,Finneas,Music,30,16:00,Masonic Lodge at Hollywood Forever,5970 Santa Monica Boulevard,
402,Los Angeles,2019-03-01,Girl In Red,Music,50,16:00,The Teragram Ballroom,1234 West 7th Street,
403,Los Angeles,2019-03-01,Joanna Newsom,Music,45,16:00,Hollywood American Legion Post 43,2035 North Highland Avenue,
404,Los Angeles,2019-03-01,Kishi Bashi,Music,25,17:30,Masonic Lodge at Hollywood Forever,5970 Santa Monica Boulevard,
405,Los Angeles,2019-03-01,Ain Gordon,,40,19:30,Ralph Freud Playhouse,245 Charles E Young Drive East,1
406,New York,2019-03-05,Advanced Acting Scene Study,Theater,30,18:30,TGW Acting Studio,358 West 44th Street,
407,New York,2019-03-05,Blks,Theater,30,19:30,The Robert W. Wilson MCC Theater Space,511 West 52nd Street,
408,New York,2019-03-05,Broadway Buddy Mentorship Cabaret,Theater,20,18:00,Leonard Nimoy Thalia at Symphony Space,"Lower, 2537 Broadway",
409,New York,2019-03-05,Comedysportz,Theater,45,19:00,ComedySportz New York City,318 West 53rd Street,
410,New York,2019-03-05,Dead End Comedy Show,Theater,60,16:00,Erv's,"2122 Beekman Place, Brooklyn",
411,New York,2019-03-05,Dear Brutus,Theater,35,17:00,Shetler Studios & Theatres,244 West 54th Street,
412,New York,2019-03-05,Drama Group,Theater,40,19:30,Marlene Meyerson JCC Manhattan,334 Amsterdam Avenue,
413,New York,2019-03-05,Drunk Shakespeare,Theater,50,19:30,Drunk Shakespeare,711 7th Avenue Floor 2,
414,New York,2019-03-05,Advanced Acting Scene Study,,30,18:30,TGW Acting Studio,358 West 44th Street,1
415,London,2019-03-14,A Right Royale Tea,,50,19:00,Amba Hotel Charing Cross,Strand,4
416,New York,2019-03-10,Advanced Acting Scene Study,,20,16:30,TGW Acting Studio,358 West 44th Street,4
417,Belvedere,2019-03-08,Chanticleer Concert,Music,55,18:00,St. Stephen's Episcopal Church,3 Bayview Avenue,
418,Belvedere,2019-03-08,Chanticleer Concert,,55,18:00,St. Stephen's Episcopal Church,3 Bayview Avenue,2
419,Portland,2019-03-11,Bastille,Music,30,19:00,Theater Of The Clouds,1016-1098 North Center Court Street,
420,Portland,2019-03-11,Bryan Adams,Music,55,17:30,Theater Of The Clouds,1016-1098 North Center Court Street,
421,Portland,2019-03-11,Damien Jurado,Music,55,19:30,The Old Church Concert Hall,1422 Southwest 11th Avenue,
422,Portland,2019-03-11,Friends,Music,55,19:00,Newmark Theatre,1111 Southwest Broadway,
423,Portland,2019-03-11,Bastille,,30,19:00,Theater Of The Clouds,1016-1098 North Center Court Street,3
424,Vancouver,2019-03-13,Alice In Glitterland,,20,16:00,The Wise,1882 Adanac Street,3
425,Portland,2019-03-06,Bastille,Music,40,16:30,Theater Of The Clouds,1016-1098 North Center Court Street,
426,Portland,2019-03-06,Bryan Adams,Music,35,16:00,Theater Of The Clouds,1016-1098 North Center Court Street,
427,Portland,2019-03-06,Friends,Music,50,17:00,Newmark Theatre,1111 Southwest Broadway,
428,Portland,2019-03-06,Bastille,,40,16:30,Theater Of The Clouds,1016-1098 North Center Court Street,2
429,Toronto,2019-03-04,Funtcase,Music,40,18:30,NEST,423 College Street,
430,Toronto,2019-03-04,Mac Demarco,Music,30,19:30,Woodbine Park,1695 Queen Street East,
431,Toronto,2019-03-04,Mavis Staples,Music,55,16:00,Telus Centre for Performance and Learning,273 Bloor Street West,
432,Toronto,2019-03-04,Melanie Martinez,Music,25,17:00,Rebel,11 Polson Street,
433,Toronto,2019-03-04,Mike Epps,Music,45,19:00,Bluma Appel Theatre,"Centre for the Arts, 27 Front Street East",
434,Toronto,2019-03-04,Summer Walker,Music,20,19:00,Rebel,11 Polson Street,
435,Toronto,2019-03-04,The Interrupters,Music,40,18:30,Rebel,11 Polson Street,
436,Toronto,2019-03-04,Funtcase,,40,18:30,NEST,423 College Street,4
437,Palo Alto,2019-03-13,Belarus To Brooklyn,Theater,50,16:30,Albert & Janet Schultz Cultural Arts Hall,San Antonio Road,
438,Palo Alto,2019-03-13,Belarus To Brooklyn,,50,16:30,Albert & Janet Schultz Cultural Arts Hall,San Antonio Road,1
439,Toronto,2019-03-02,Anne Of Green Gables,Theater,60,19:00,Lower Ossington Theatre,100 Ossington Avenue,
440,Toronto,2019-03-02,Gymnologize,Theater,20,19:30,Red Sandcastle Theatre,922 Queen Street East,
441,Toronto,2019-03-06,Improv And Storytelling Intensive,Theater,45,17:00,The Social Capital,154 Danforth Avenue,
442,Toronto,2019-03-02,Knives In Hens,Theater,45,17:30,The Coal Mine Theatre,1454 Danforth Avenue,
443,Toronto,2019-03-14,Laughter Theatre,Theater,30,19:30,WeWork 240 Richmond St W,240 Richmond Street West,
444,Toronto,2019-03-12,Puffs,Theater,25,16:30,Lower Ossington Theatre,100 Ossington Avenue,
445,Toronto,2019-03-14,Stratford Festival Bus Tour,Theater,40,17:00,The Spa Intercontinental Toronto Centre,225 Front Street West,
446,Toronto,2019-03-07,Taj Express,Theater,35,18:00,Bluma Appel Theatre,"Centre for the Arts, 27 Front Street East",
447,Toronto,2019-03-10,Ten Minute Theatre,Theater,50,18:00,Super Wonder Gallery,584 College Street,
448,Toronto,2019-03-02,Anne Of Green Gables,,60,19:00,Lower Ossington Theatre,100 Ossington Avenue,3
449,Philadelphia,2019-03-10,Anthony Green,,60,18:00,The Foundry,29 East Allen Street 2nd Floor,4
450,Philadelphia,2019-03-10,Anthony Green,,60,18:00,The Foundry,29 East Allen Street 2nd Floor,3
451,New York,2019-03-12,Alma Deutscher,Music,30,17:00,Stern Auditorium / Perelman Stage,881 7th Avenue,
452,New York,2019-03-12,Black Uhuru,Music,25,18:30,Sony Hall,235 West 46th Street,
453,New York,2019-03-12,Boston Symphony Orchestra,Music,50,18:30,Stern Auditorium / Perelman Stage,881 7th Avenue,
454,New York,2019-03-12,Crooked Colours,Music,25,18:30,Rough Trade NYC,"64 North 9th Street, Brooklyn",
455,New York,2019-03-12,Denis Matsuev,Music,60,19:00,Stern Auditorium / Perelman Stage,881 7th Avenue,
456,New York,2019-03-12,Dj Gravy,Music,55,17:00,Sony Hall,235 West 46th Street,
457,New York,2019-03-12,Emanuel Ax,Music,60,19:00,Stern Auditorium / Perelman Stage,881 7th Avenue,
458,New York,2019-03-12,France Rocks Festival,Music,30,17:30,Bruno Walter Auditorium,111 Amsterdam Avenue,
459,New York,2019-03-12,Geto Boys,Music,30,19:00,Sony Hall,235 West 46th Street,
460,New York,2019-03-12,Governors Ball Music Festival,Music,25,19:30,Randall's Island Park,20 Randalls Island Park,
461,New York,2019-03-12,Alma Deutscher,,30,17:00,Stern Auditorium / Perelman Stage,881 7th Avenue,3
462,Atlanta,2019-03-11,Adam Ant,Music,25,17:00,Atlanta Symphony Orchestra,1280 Peachtree Street Northeast,
463,Atlanta,2019-03-04,Benjamin Francis Leftwich,Music,45,17:30,Vinyl,1374 West Peachtree Street Northwest,
464,Atlanta,2019-03-08,Buddy Holly,Music,25,17:30,Atlanta Symphony Orchestra,1280 Peachtree Street Northeast,
465,Atlanta,2019-03-05,Charlie Wilson,Music,25,16:30,Cadence Bank Amphitheatre at Chastain Park,4469 Stella Drive Northwest,
466,Atlanta,2019-03-14,Chicago,Music,40,16:00,Cadence Bank Amphitheatre at Chastain Park,4469 Stella Drive Northwest,
467,Atlanta,2019-03-05,Enter Shikari,Music,50,19:00,The Loft,1374 West Peachtree Street Northwest,
468,Atlanta,2019-03-04,Gipsy Kings,Music,30,16:30,Cadence Bank Amphitheatre at Chastain Park,4469 Stella Drive Northwest,
469,Atlanta,2019-03-11,Indigo Girls,Music,45,16:30,Atlanta Symphony Orchestra,1280 Peachtree Street Northeast,
470,Atlanta,2019-03-14,Kaskade,Music,30,18:30,Ravine,1021 Peachtree Street Northeast,
471,Atlanta,2019-03-05,Mark Knopfler,Music,35,18:30,Cadence Bank Amphitheatre at Chastain Park,4469 Stella Drive Northwest,
472,Atlanta,2019-03-11,Adam Ant,,25,17:00,Atlanta Symphony Orchestra,1280 Peachtree Street Northeast,1
473,Sacramento,2019-03-05,Aftershock Festival,Music,20,17:30,Discovery Park,1600 Garden Highway,
474,Sacramento,2019-03-05,Aftershock Music Festival,Music,55,16:00,Discovery Park,1600 Garden Highway,
475,Sacramento,2019-03-03,Popa Chubby,Music,45,18:00,The Sofia Tsakopoulos Center for The Arts,2700 Capitol Avenue,
476,Sacramento,2019-03-03,Rhett And Link,Music,30,19:00,Sacramento Memorial Auditorium,1515 J Street,
477,Sacramento,2019-03-11,The Melvins,Music,60,19:30,Holy Diver,1517 21st Street,
478,Sacramento,2019-03-06,Weird Al Yankovic,Music,30,17:00,Sacramento Memorial Auditorium,1515 J Street,
479,Sacramento,2019-03-01,Aftershock Festival,Music,45,19:30,Discovery Park,1600 Garden Highway,
480,Sacramento,2019-03-01,Popa Chubby,Music,35,19:30,The Sofia Tsakopoulos Center for The Arts,2700 Capitol Avenue,
481,Sacramento,2019-03-01,Rhett And Link,Music,45,17:30,Sacramento Memorial Auditorium,1515 J Street,
482,Sacramento,2019-03-01,The Melvins,Music,35,16:30,Holy Diver,1517 21st Street,
483,Sacramento,2019-03-01,Rhett And Link,,45,17:30,Sacramento Memorial Auditorium,1515 J Street,4
484,London,2019-03-14,A Right Royale Tea,,50,19:00,Amba Hotel Charing Cross,Strand,3
485,Los Angeles,2019-03-09,Ain Gordon,,60,19:00,Ralph Freud Playhouse,245 Charles E Young Drive East,1
486,Chicago,2019-03-11,Ashe,Music,20,19:30,Chop Shop,2033 West North Avenue,
487,Chicago,2019-03-04,Conor Maynard,Music,60,19:00,Chop Shop,2033 West North Avenue,
488,Chicago,2019-03-09,Duster,Music,25,16:30,Sleeping Village,3734 West Belmont Avenue,
489,Chicago,2019-03-10,Lil Tjay,Music,60,16:00,Concord Music Hall,2051 North Milwaukee Avenue,
490,Chicago,2019-03-06,Loud Luxury,Music,60,17:30,Concord Music Hall,2051 North Milwaukee Avenue,
491,Chicago,2019-03-12,Mozzy,Music,25,16:30,Avondale Music Hall,3336 North Milwaukee Avenue,
492,Chicago,2019-03-06,My House Music Festival,Music,35,18:00,Harrison Park,1824 South Wood Street,
493,Chicago,2019-03-13,Sasha Sloan,Music,60,18:00,Chop Shop,2033 West North Avenue,
494,Chicago,2019-03-01,Wale,Music,50,19:00,Concord Music Hall,2051 North Milwaukee Avenue,
495,Chicago,2019-03-11,Ashe,,20,19:30,Chop Shop,2033 West North Avenue,1
496,Philadelphia,2019-03-13,Babymetal,Music,60,19:00,The Fillmore Philadelphia,29 East Allen Street,
497,Philadelphia,2019-03-13,Bars And Melody,Music,60,16:00,The Foundry,29 East Allen Street 2nd Floor,
498,Philadelphia,2019-03-13,Conan Gray,Music,55,19:30,The Fillmore Philadelphia,29 East Allen Street,
499,Philadelphia,2019-03-13,Davido,Music,20,19:00,The Fillmore Philadelphia,29 East Allen Street,
500,Philadelphia,2019-03-13,Drax Project,Music,50,19:00,Voltage Lounge,421 North 7th Street,
501,Philadelphia,2019-03-13,Dwele,Music,60,18:30,City Winery,990 Filbert Street,
502,Philadelphia,2019-03-13,Hozier,Music,45,18:00,The Met Philadelphia,858 North Broad Street,
503,Philadelphia,2019-03-13,Icon For Hire,Music,40,16:00,Voltage Lounge,421 North 7th Street,
504,Philadelphia,2019-03-13,Babymetal,,60,19:00,The Fillmore Philadelphia,29 East Allen Street,1
505,San Francisco,2019-03-06,Above Ground,Theater,35,17:00,Mojo Theatre,2940 16th Street #217,
506,San Francisco,2019-03-02,Above Ground Festival,Theater,55,16:00,Mojo Theatre,2940 16th Street #217,
507,San Francisco,2019-03-04,As You Like It,Theater,25,17:00,Main Post Lawn,Montgomery Street,
508,San Francisco,2019-03-14,Bakersfield Mist,Theater,55,16:00,Phoenix Theatre,414 Mason Street,
509,San Francisco,2019-03-14,Bats Improv Comedy,Theater,30,16:30,BATS Improv Theatre,Landmark Building B,
510,San Francisco,2019-03-13,Caveman Play,Theater,30,19:30,Z Below,470 Florida Street,
511,San Francisco,2019-03-05,Creative Drama Summer Camp,Theater,20,16:30,Young Performers Theatre,"Landmark Building C, 2 Marina Boulevard",
512,San Francisco,2019-03-14,Heathers The Musical,Theater,20,19:00,Cowell Theater,2 Marina Boulevard,
513,San Francisco,2019-03-09,Into The Woods,Theater,20,19:00,The Strand Theater,1127 Market Street,
514,San Francisco,2019-03-11,Other,Theater,45,19:30,The Chapel,777 Valencia Street,
515,San Francisco,2019-03-06,Above Ground,,35,17:00,Mojo Theatre,2940 16th Street #217,4
516,Chicago,2019-03-13,All That He Was,Theater,25,17:00,"The Buena, Pride Arts Center",4147 North Broadway,
517,Chicago,2019-03-13,Casa Valentina,Theater,50,17:30,PRIDE ARTS CENTER,4139 North Broadway,
518,Chicago,2019-03-13,Comedysportz,Theater,50,18:00,CSz Theater Chicago,929 West Belmont Avenue,
519,Chicago,2019-03-13,Create Your Solo Performance,Theater,35,16:00,Green Shirt Studio,4001 North Ravenswood Avenue Unit 303-B,
520,Chicago,2019-03-13,Dinner Detective,Theater,60,19:30,Chicago Marriott Downtown Magnificent Mile,540 North Michigan Avenue,
521,Chicago,2019-03-13,Drunk Shakespeare,Theater,30,16:00,The Lion Theatre,182 North Wabash Avenue,
522,Chicago,2019-03-13,Every Brilliant Thing,Theater,45,16:30,Windy City Playhouse South,2229 South Michigan Avenue,
523,Chicago,2019-03-13,Fine,Theater,55,19:00,The Mission Theater,1501 North Kingsbury Street,
524,Chicago,2019-03-13,Frankenstein,Theater,35,17:00,Lookingglass Theatre Company,821 North Michigan Avenue,
525,San Diego,2019-03-09,About Time,,40,16:00,Talent to aMuse Theatre Co,3919 Normal Street,3
526,Chicago,2019-03-03,All That He Was,Theater,35,18:30,"The Buena, Pride Arts Center",4147 North Broadway,
527,Chicago,2019-03-03,Casa Valentina,Theater,40,16:00,PRIDE ARTS CENTER,4139 North Broadway,
528,Chicago,2019-03-03,Dinner Detective,Theater,55,17:00,Chicago Marriott Downtown Magnificent Mile,540 North Michigan Avenue,
529,Chicago,2019-03-03,Emma,Theater,25,18:00,Lifeline Theatre,6912 North Glenwood Avenue,
530,Chicago,2019-03-03,Every Brilliant Thing,Theater,40,16:00,Windy City Playhouse South,2229 South Michigan Avenue,
531,Chicago,2019-03-03,Fine,Theater,30,17:00,The Mission Theater,1501 North Kingsbury Street,
532,Chicago,2019-03-03,Frankenstein,Theater,60,17:00,Lookingglass Theatre Company,821 North Michigan Avenue,
533,Chicago,2019-03-03,Gilgamesh And Enkidu,Theater,25,17:30,The Edge Off Broadway,1133 West Catalpa Avenue,
534,Chicago,2019-03-03,Improvised Dungeons And Dragons,Theater,30,18:30,Otherworld Theatre Performance Venue and Bar,3914 North Clark Street,
535,Chicago,2019-03-03,Ada And The Engine,,55,17:30,The Artistic Home,1376 West Grand Avenue #7761,2
536,Portland,2019-03-02,Annual School Performance,,45,17:00,Newmark Theatre,1111 Southwest Broadway,4
537,Philadelphia,2019-03-14,Comedysportz,Theater,40,19:30,The Playground At The Adrienne,2030 Sansom Street,
538,Philadelphia,2019-03-07,Constellations,Theater,55,16:30,Mayfair Theater,6243 Frankford Avenue,
539,Philadelphia,2019-03-02,Pursuit Of Happiness,Theater,55,16:00,Mandell Theater Drexel University,3220 Chestnut Street,
540,Philadelphia,2019-03-03,Shadow Fringe Arts Camp,Theater,45,18:30,Yes! And... Collaborative Arts,21 West Washington Lane,
541,Philadelphia,2019-03-08,Summer Sort Of Thing,Theater,45,17:00,Yes! And... Collaborative Arts,21 West Washington Lane,
542,Philadelphia,2019-03-02,Theatre Camp,Theater,25,16:30,Yes! And... Collaborative Arts,21 West Washington Lane,
543,Philadelphia,2019-03-14,Comedysportz,,40,19:30,The Playground At The Adrienne,2030 Sansom Street,3
544,Los Angeles,2019-03-12,Adieu Monsieur Haffmann,Theater,60,19:00,Theatre Raymond Kabbaz,10361 West Pico Boulevard,
545,Los Angeles,2019-03-12,Characters Welcome,Theater,25,16:00,Upright Citizens Brigade Sunset,5419 Sunset Boulevard,
546,Los Angeles,2019-03-12,Famous Adjacent,Theater,35,16:30,Rockwell Table & Stage,1714 North Vermont Avenue,
547,Los Angeles,2019-03-12,Funeral Bouquet,Theater,35,16:30,Lyric Hyperion Theatre & Cafe,2106 Hyperion Avenue,
548,Los Angeles,2019-03-12,Good Mourning,Theater,30,18:30,The Hudson Theatres,6539 Santa Monica Boulevard,
549,Los Angeles,2019-03-12,Improv Nerds,Theater,40,16:00,Upright Citizens Brigade Sunset,5419 Sunset Boulevard,
550,Los Angeles,2019-03-12,Lavender Men,Theater,35,17:00,Skylight Theatre Company,1816 1/2 North Vermont Avenue,
551,Los Angeles,2019-03-12,Little Women,Theater,40,19:00,studio/stage,520 North Western Avenue,
552,Los Angeles,2019-03-12,Mamma Mia,Theater,60,16:00,East West Players,120 Judge John Aiso Street,
553,Los Angeles,2019-03-12,Mandy Picks A Husband,Theater,40,17:30,The Little Theater,12420 Santa Monica Boulevard,
554,Los Angeles,2019-03-12,Adieu Monsieur Haffmann,,60,19:00,Theatre Raymond Kabbaz,10361 West Pico Boulevard,1
555,Napa,2019-03-14,Matilda The Musical,Theater,30,18:00,Napa Valley College Performing Arts Center,2277 Napa Vallejo Highway,
556,Napa,2019-03-14,Matilda The Musical,,30,18:00,Napa Valley College Performing Arts Center,2277 Napa Vallejo Highway,4
557,Atlanta,2019-03-11,Benjamin Francis Leftwich,Music,50,18:00,Vinyl,1374 West Peachtree Street Northwest,
558,Atlanta,2019-03-11,Buddy Holly,Music,40,19:30,Atlanta Symphony Orchestra,1280 Peachtree Street Northeast,
559,Atlanta,2019-03-11,Charlie Wilson,Music,25,19:00,Cadence Bank Amphitheatre at Chastain Park,4469 Stella Drive Northwest,
560,Atlanta,2019-03-11,Enter Shikari,Music,40,16:30,The Loft,1374 West Peachtree Street Northwest,
561,Atlanta,2019-03-11,Gipsy Kings,Music,35,18:00,Cadence Bank Amphitheatre at Chastain Park,4469 Stella Drive Northwest,
562,Atlanta,2019-03-11,Kaskade,Music,40,18:00,Ravine,1021 Peachtree Street Northeast,
563,Atlanta,2019-03-11,Maxwell,Music,40,19:30,Cadence Bank Amphitheatre at Chastain Park,4469 Stella Drive Northwest,
564,Atlanta,2019-03-11,Sinead Harnett,Music,45,19:30,The Loft,1374 West Peachtree Street Northwest,
565,Atlanta,2019-03-11,Benjamin Francis Leftwich,,50,18:00,Vinyl,1374 West Peachtree Street Northwest,3
566,Los Angeles,2019-03-13,Asssscat,Theater,50,18:30,Upright Citizens Brigade Sunset,5419 Sunset Boulevard,
567,Los Angeles,2019-03-13,Benji Hughes,Theater,45,19:00,The Teragram Ballroom,1234 West 7th Street,
568,Los Angeles,2019-03-13,Characters Welcome,Theater,60,16:30,Upright Citizens Brigade Sunset,5419 Sunset Boulevard,
569,Los Angeles,2019-03-13,Famous Adjacent,Theater,25,18:00,Rockwell Table & Stage,1714 North Vermont Avenue,
570,Los Angeles,2019-03-13,Good Mourning,Theater,20,16:00,The Hudson Theatres,6539 Santa Monica Boulevard,
571,Los Angeles,2019-03-13,Long Form Improv Practice,Theater,20,19:00,Thymele Arts,5481 Santa Monica Boulevard,
572,Los Angeles,2019-03-13,Mamma Mia,Theater,45,16:00,East West Players,120 Judge John Aiso Street,
573,Los Angeles,2019-03-13,Marianas Trench,Theater,55,17:00,Regent Theater,448 South Main Street,
574,Los Angeles,2019-03-13,Men On Boats,Theater,25,19:00,Son of Semele Theater,3301 Beverly Boulevard,
575,Los Angeles,2019-03-13,Asssscat,,50,18:30,Upright Citizens Brigade Sunset,5419 Sunset Boulevard,2
576,Seattle,2019-03-10,Beatleconcert,,50,17:00,12th Avenue Arts,1620 12th Avenue,1
577,Portland,2019-03-10,Bastille,,20,17:30,Theater Of The Clouds,1016-1098 North Center Court Street,2
578,Los Angeles,2019-03-03,Aldous Harding,Music,60,18:00,Lodge Room,104 North Avenue 56 2nd Floor,
579,Los Angeles,2019-03-03,Altin Gun,Music,45,16:30,The Teragram Ballroom,1234 West 7th Street,
580,Los Angeles,2019-03-03,America,Music,50,18:30,The Theatre at Ace Hotel,929 South Broadway,
581,Los Angeles,2019-03-03,Angel Olsen,Music,45,17:00,Palace Theatre,630 South Broadway,
582,Los Angeles,2019-03-03,Emeli Sande,Music,30,16:30,The Theatre at Ace Hotel,929 South Broadway,
583,Los Angeles,2019-03-03,Finneas,Music,60,16:00,Masonic Lodge at Hollywood Forever,5970 Santa Monica Boulevard,
584,Los Angeles,2019-03-03,Foy Vance,Music,20,16:00,Palace Theatre,630 South Broadway,
585,Los Angeles,2019-03-03,Jpegmafia,Music,20,17:30,The Teragram Ballroom,1234 West 7th Street,
586,Los Angeles,2019-03-03,Kamasi Washington,Music,50,19:00,The Theatre at Ace Hotel,929 South Broadway,
587,Atlanta,2019-03-03,Benjamin Francis Leftwich,,30,19:00,Vinyl,1374 West Peachtree Street Northwest,1
588,Vancouver,2019-03-07,Alice In Glitterland,Theater,60,18:30,The Wise,1882 Adanac Street,
589,Vancouver,2019-03-07,Impro Scene Study,Theater,30,18:00,Dusty Flowerpot Cabaret Society,2050 Scotia Street,
590,Vancouver,2019-03-07,Little Mountain Improv,Theater,45,18:00,Little Mountain Gallery,195 East 26th Avenue,
591,Vancouver,2019-03-07,Matilda The Musical,Theater,55,17:30,"Goldcorp Stage at the BMO Theatre Centre, Arts Club Theatre Company",203 - 162 West 1st Avenue,
592,Vancouver,2019-03-07,Mother Of The Maid,Theater,40,18:30,Pacific Theatre,1440 West 12th Avenue,
593,Vancouver,2019-03-07,Of Mice And Men,Theater,20,19:30,Stage Door,3102 Main Street,
594,Vancouver,2019-03-07,Shakespeare In Love,Theater,55,17:00,Bard on the Beach Shakespeare Festival,1695 Whyte Avenue,
595,Vancouver,2019-03-07,Teatro Intimo Del Flamenco,Theater,60,19:00,Vancouver TheatreSports(tm),1502 Duranleau Street,
596,Vancouver,2019-03-07,Alice In Glitterland,,60,18:30,The Wise,1882 Adanac Street,4
597,San Rafael,2019-03-02,Cabaret Kids,Theater,60,17:30,Marin Center Showcase Theater,10 Avenue of the Flags,
598,San Rafael,2019-03-11,Circular By Laura Shamas,Theater,35,18:00,Altertheater Ensemble,1333 4th Street,
599,San Rafael,2019-03-09,Measure For Measure,Theater,20,19:00,Forest Meadows Amphitheatre,890 Belle Avenue,
600,San Rafael,2019-03-02,Spamalot,Theater,40,19:30,Forest Meadows Amphitheatre,890 Belle Avenue,
601,San Rafael,2019-03-04,Theatre Of Dreams,Theater,40,16:30,Marin Center Showcase Theater,10 Avenue of the Flags,
602,San Rafael,2019-03-11,Abba The Concert,Music,20,18:00,Marin Veterans' Memorial Auditorium,10 Avenue of the Flags,
603,San Rafael,2019-03-06,Steel Pulse,Music,20,17:30,Marin Veterans' Memorial Auditorium,10 Avenue of the Flags,
604,San Rafael,2019-03-11,Abba The Concert,,20,18:00,Marin Veterans' Memorial Auditorium,10 Avenue of the Flags,2
605,Portland,2019-03-10,Bastille,,20,17:30,Theater Of The Clouds,1016-1098 North Center Court Street,4
606,San Francisco,2019-03-01,Above Ground,Theater,40,17:30,Mojo Theatre,2940 16th Street #217,
607,San Francisco,2019-03-01,Above Ground Festival,Theater,20,16:00,Mojo Theatre,2940 16th Street #217,
608,San Francisco,2019-03-01,As You Like It,Theater,40,17:00,Main Post Lawn,Montgomery Street,
609,San Francisco,2019-03-01,Bakersfield Mist,Theater,45,18:30,Phoenix Theatre,414 Mason Street,
610,San Francisco,2019-03-01,Bats Improv Comedy,Theater,35,19:30,BATS Improv Theatre,Landmark Building B,
611,San Francisco,2019-03-01,Caveman Play,Theater,30,17:30,Z Below,470 Florida Street,
612,San Francisco,2019-03-01,Creative Drama Summer Camp,Theater,45,18:30,Young Performers Theatre,"Landmark Building C, 2 Marina Boulevard",
613,San Francisco,2019-03-01,Heathers The Musical,Theater,50,18:30,Cowell Theater,2 Marina Boulevard,
614,San Francisco,2019-03-01,Other,Theater,60,17:30,The Chapel,777 Valencia Street,
615,San Francisco,2019-03-01,Superscene Prime Time,Theater,20,16:30,BATS Improv Theatre,Landmark Building B,
616,San Francisco,2019-03-01,Above Ground,,40,17:30,Mojo Theatre,2940 16th Street #217,3
617,Phoenix,2019-03-02,Bad Suns,,55,16:30,The Van Buren,401 West Van Buren Street,4
618,London,2019-03-14,A Right Royale Tea,,50,19:00,Amba Hotel Charing Cross,Strand,1
619,Phoenix,2019-03-02,Bad Suns,,55,16:30,The Van Buren,401 West Van Buren Street,1
620,Vancouver,2019-03-10,Cavetown,Music,50,16:00,Venue Nightclub,881 Granville Street,
621,Vancouver,2019-03-10,Collective Soul,Music,60,19:00,PNE Amphitheatre,2901 East Hastings Street,
622,Vancouver,2019-03-10,Comethazine,Music,55,17:30,Venue Nightclub,881 Granville Street,
623,Vancouver,2019-03-10,Cuco,Music,35,18:30,Venue Nightclub,881 Granville Street,
624,Vancouver,2019-03-10,Tlc,Music,40,18:30,PNE Amphitheatre,2901 East Hastings Street,
625,Vancouver,2019-03-10,Cavetown,,50,16:00,Venue Nightclub,881 Granville Street,3
626,Napa,2019-03-02,Braxton Cook,Music,25,17:00,Blue Note Napa,1030 Main Street,
627,Napa,2019-03-01,Jon B,Music,20,17:30,Blue Note Napa,1030 Main Street,
628,Napa,2019-03-14,Nellie Mckay,Music,60,18:00,Blue Note Napa,1030 Main Street,
629,Napa,2019-03-05,Roy Ayers,Music,60,16:00,Blue Note Napa,1030 Main Street,
630,Napa,2019-03-05,Stella Heath,Music,40,17:30,Blue Note Napa,1030 Main Street,
631,Napa,2019-03-02,Braxton Cook,,25,17:00,Blue Note Napa,1030 Main Street,1
632,Toronto,2019-03-01,Funtcase,Music,30,19:00,NEST,423 College Street,
633,Toronto,2019-03-03,Mac Demarco,Music,25,18:00,Woodbine Park,1695 Queen Street East,
634,Toronto,2019-03-09,Mavis Staples,Music,25,16:30,Telus Centre for Performance and Learning,273 Bloor Street West,
635,Toronto,2019-03-10,Melanie Martinez,Music,25,16:00,Rebel,11 Polson Street,
636,Toronto,2019-03-11,Mike Epps,Music,45,17:00,Bluma Appel Theatre,"Centre for the Arts, 27 Front Street East",
637,Toronto,2019-03-12,Pup,Music,40,16:00,Echo Beach,909 Lake Shore Boulevard West,
638,Toronto,2019-03-02,Summer Walker,Music,20,18:00,Rebel,11 Polson Street,
639,Toronto,2019-03-01,Funtcase,,30,19:00,NEST,423 College Street,3
640,San Diego,2019-03-04,About Time,Theater,30,18:00,Talent to aMuse Theatre Co,3919 Normal Street,
641,San Diego,2019-03-04,Arsenic And Old Lace,Theater,45,18:30,Northminster Presbyterian Church,4324 Clairemont Mesa Boulevard,
642,San Diego,2019-03-04,Dance Nation,Theater,30,16:00,Moxie Theatre,6663 El Cajon Boulevard Ste N,
643,San Diego,2019-03-04,Foxfire,Theater,30,16:00,Scripps Ranch Theatre,9783 Avenue of Nations,
644,San Diego,2019-03-04,King Lear,Theater,50,17:00,Westminster Presbyterian Church,3598 Talbot Street,
645,San Diego,2019-03-04,Once Upon A Mattress,Theater,25,17:00,Mission Hills United Church of Christ,4070 Jackdaw Street,
646,San Diego,2019-03-04,She Kills Monsters,Theater,45,17:30,Saville Theatre,"14th St &, C Street",
647,San Diego,2019-03-04,About Time,,30,18:00,Talent to aMuse Theatre Co,3919 Normal Street,3
648,London,2019-03-11,A Taste For Murder,Theater,55,18:30,Wanstead Library,Spratt Hall Road,
649,London,2019-03-11,All The Little Lights,Theater,30,19:30,Tristan Bates Theatre,1A Tower Street,
650,London,2019-03-11,Armia,Theater,60,18:30,The Dome,2A Dartmouth Park Hill,
651,London,2019-03-11,As You Like It,Theater,50,17:30,"Swan, Shakespeare's Globe","21 New Globe Walk, Bankside",
652,London,2019-03-11,Becoming The Invisible Woman,Theater,25,18:00,Drayton Arms Theatre,153 Old Brompton Road,
653,London,2019-03-11,Caspa Arts Collaborative Theatre,Theater,50,19:30,Drayton Arms Theatre,153 Old Brompton Road,
654,London,2019-03-11,Christmas Drama Workshop,Theater,55,16:30,Harmony Hall,10 Truro Road,
655,London,2019-03-11,Come To One,Theater,25,19:00,The Chapel Cafe Bar,308 - 312 Grays Inn Road,
656,London,2019-03-11,Creative Movements Class,Theater,35,17:00,Pangbourne House Nursery Montessori School,2 Pangbourne Avenue,
657,London,2019-03-11,A Taste For Murder,,55,18:30,Wanstead Library,Spratt Hall Road,1
658,Philadelphia,2019-03-12,Ayokay,Music,40,19:00,The Foundry,29 East Allen Street 2nd Floor,
659,Philadelphia,2019-03-12,Bars And Melody,Music,25,17:30,The Foundry,29 East Allen Street 2nd Floor,
660,Philadelphia,2019-03-12,Icon For Hire,Music,55,19:00,Voltage Lounge,421 North 7th Street,
661,Philadelphia,2019-03-12,Julia Jacklin,Music,45,16:00,The Foundry,29 East Allen Street 2nd Floor,
662,Philadelphia,2019-03-12,King Princess,Music,60,16:30,The Fillmore Philadelphia,29 East Allen Street,
663,Philadelphia,2019-03-12,Lil Durk,Music,60,17:30,The Fillmore Philadelphia,29 East Allen Street,
664,Philadelphia,2019-03-12,Louis The Child,Music,20,16:00,The Fillmore Philadelphia,29 East Allen Street,
665,Philadelphia,2019-03-12,Mac Ayres,Music,45,18:00,The Foundry,29 East Allen Street 2nd Floor,
666,Philadelphia,2019-03-12,Melanie Martinez,Music,30,17:30,The Fillmore Philadelphia,29 East Allen Street,
667,Philadelphia,2019-03-12,Toto,Music,55,19:30,The Met Philadelphia,858 North Broad Street,
668,Philadelphia,2019-03-12,Bars And Melody,,25,17:30,The Foundry,29 East Allen Street 2nd Floor,2
669,London,2019-03-01,Hansard,Music,20,18:00,Lyttleton Theatre,South Bank,
670,London,2019-03-01,Iq,Music,45,18:30,O2 Academy 2 & Box Office,26 Parkfield Street,
671,London,2019-03-01,Liam Frost,Music,25,17:00,Servant Jazz Quarters,10A Bradbury Street,
672,London,2019-03-01,Onblackheath Festival,Music,35,19:00,Blackheath Common,7-8 Vanbrugh Terrace,
673,London,2019-03-01,Ruel,Music,55,16:00,Electric Brixton,Town Hall Parade,
674,London,2019-03-01,Twin Peaks,Music,55,18:00,The Dome,2A Dartmouth Park Hill,
675,Los Angeles,2019-03-01,Ain Gordon,,40,19:30,Ralph Freud Playhouse,245 Charles E Young Drive East,4
676,Chicago,2019-03-10,Ada And The Engine,Theater,25,17:30,The Artistic Home,1376 West Grand Avenue #7761,
677,Chicago,2019-03-10,Comedysportz,Theater,25,18:30,CSz Theater Chicago,929 West Belmont Avenue,
678,Chicago,2019-03-10,Countess Dracula,Theater,20,16:30,Otherworld Theatre Performance Venue and Bar,3914 North Clark Street,
679,Chicago,2019-03-10,Drunk Shakespeare,Theater,45,19:30,The Lounge At The Lion,182 North Wabash Avenue,
680,Chicago,2019-03-10,Ebonyessencejet At Steppenwolf Theatre,Theater,45,16:00,Front Bar,1700 North Halsted Street,
681,Chicago,2019-03-10,Emma,Theater,20,19:00,Lifeline Theatre,6912 North Glenwood Avenue,
682,Chicago,2019-03-10,Every Brilliant Thing,Theater,40,17:30,Windy City Playhouse South,2229 South Michigan Avenue,
683,Chicago,2019-03-10,Fine,Theater,50,19:30,The Mission Theater,1501 North Kingsbury Street,
684,Chicago,2019-03-10,Ada And The Engine,,25,17:30,The Artistic Home,1376 West Grand Avenue #7761,1
685,New York,2019-03-11,Abbi Jacobson,,60,19:30,Kaufmann Concert Hall,1395 Lexington Avenue,4
686,London,2019-03-07,A Right Royale Tea,Theater,35,19:30,Amba Hotel Charing Cross,Strand,
687,London,2019-03-07,Academy Performing Arts,Theater,45,19:30,Academy Performing Arts,"Academy Performing Arts, 2 Archery Road",
688,London,2019-03-07,All The Little Lights,Theater,25,18:00,Tristan Bates Theatre,1A Tower Street,
689,London,2019-03-07,Beyond The Blue,Theater,50,17:30,Poplar Union,2 Cotall Street,
690,London,2019-03-07,Boat Show Comedy Club,Theater,20,19:00,The Boat Show Comedy Club,"Salsa! Temple, Ps Tattershall Castle, Temple Station, Victoria Embankment",
691,London,2019-03-07,Boris Rex,Theater,50,17:00,Tristan Bates Theatre,1A Tower Street,
692,London,2019-03-07,Caspa Arts Collaborative Theatre,Theater,35,18:00,Drayton Arms Theatre,153 Old Brompton Road,
693,London,2019-03-07,Christmas Drama Workshop,Theater,60,16:30,Harmony Hall,10 Truro Road,
694,London,2019-03-07,Club Briefs,Theater,25,16:30,Wonderground,337-338 Belvedere Road,
695,London,2019-03-07,A Right Royale Tea,,35,19:30,Amba Hotel Charing Cross,Strand,3
696,San Diego,2019-03-07,Alejandro Sanz,Music,50,19:30,Cal Coast Credit Union Amphitheater,5500 Campanile Drive,
697,San Diego,2019-03-04,Angel Olsen,Music,30,17:00,The Observatory North Park,2891 University Avenue,
698,San Diego,2019-03-07,Bastille,Music,55,18:30,Cal Coast Credit Union Amphitheater,5500 Campanile Drive,
699,San Diego,2019-03-01,Benjamin Francis Leftwich,Music,35,17:30,The Irenic,3090 Polk Avenue,
700,San Diego,2019-03-07,Devendra Banhart,Music,30,16:00,The Observatory North Park,2891 University Avenue,
701,San Diego,2019-03-09,Fidlar,Music,25,16:30,The Observatory North Park,2891 University Avenue,
702,San Diego,2019-03-07,Greta Van Fleet,Music,45,17:00,Cal Coast Credit Union Amphitheater,5500 Campanile Drive,
703,San Diego,2019-03-11,Hozier,Music,35,16:00,Cal Coast Credit Union Amphitheater,5500 Campanile Drive,
704,San Diego,2019-03-11,Ingrid Michaelson,Music,25,18:00,The Observatory North Park,2891 University Avenue,
705,San Diego,2019-03-13,Johnny Mathis,Music,55,16:30,Copley Symphony Hall,Seventh Avenue,
706,San Diego,2019-03-07,Alejandro Sanz,,50,19:30,Cal Coast Credit Union Amphitheater,5500 Campanile Drive,3
707,Los Angeles,2019-03-01,A Year In Dragonfly,,55,18:30,Studio C Artists,6448 California 2,4
708,Toronto,2019-03-02,Anne Of Green Gables,,60,19:00,Lower Ossington Theatre,100 Ossington Avenue,1
709,New York,2019-03-09,Alpha Blondy,,25,19:30,Sony Hall,235 West 46th Street,1
710,New York,2019-03-09,Alpha Blondy,,25,19:30,Sony Hall,235 West 46th Street,2
711,Oakland,2019-03-11,The Threepenny Opera,Theater,20,16:00,Bridge Yard,210 Burma Road,
712,Oakland,2019-03-11,The Threepenny Opera,,20,16:00,Bridge Yard,210 Burma Road,1
713,Los Angeles,2019-03-09,Ain Gordon,,60,19:00,Ralph Freud Playhouse,245 Charles E Young Drive East,2
714,London,2019-03-14,Armia,Theater,60,16:30,The Dome,2A Dartmouth Park Hill,
715,London,2019-03-14,Becoming The Invisible Woman,Theater,30,19:30,Drayton Arms Theatre,153 Old Brompton Road,
716,London,2019-03-14,Beyond The Blue,Theater,30,16:00,Poplar Union,2 Cotall Street,
717,London,2019-03-14,Boat Show Comedy Club,Theater,30,18:30,The Boat Show Comedy Club,"Salsa! Temple, Ps Tattershall Castle, Temple Station, Victoria Embankment",
718,London,2019-03-14,Bon Ami,Theater,60,17:30,Studio at New Wimbledon Theatre,93 The Broadway,
719,London,2019-03-14,Broken English,Theater,20,18:30,The Honor Oak Pub,1 Saint German's Road,
720,London,2019-03-14,Caspa Arts Collaborative Theatre,Theater,40,18:30,Drayton Arms Theatre,153 Old Brompton Road,
721,London,2019-03-14,Club Briefs,Theater,60,16:00,Wonderground,337-338 Belvedere Road,
722,London,2019-03-14,Craig David,Theater,55,19:30,Rose Bowl Youth Centre,"St. Paul's Open Space, New River Green Estate",
723,Atlanta,2019-03-11,Adam Ant,,25,17:00,Atlanta Symphony Orchestra,1280 Peachtree Street Northeast,4
724,Philadelphia,2019-03-10,Anthony Green,,60,18:00,The Foundry,29 East Allen Street 2nd Floor,2
725,Atlanta,2019-03-08,Grounded,Theater,30,18:30,7 Stages Theatre,1105 Euclid Avenue Northeast,
726,Atlanta,2019-03-08,Hands Of Color,Theater,20,19:00,Synchronicity Theatre,1545 Peachtree Street Northeast #102,
727,Atlanta,2019-03-08,Much Ado About Nothing,Theater,25,19:30,Active Sol Yoga,200 Bennett Street Northwest,
728,Atlanta,2019-03-08,One Act Spectacular,Theater,25,16:00,PULP Books Atlanta,668 11th Street Northwest,
729,Atlanta,2019-03-08,Grounded,,30,18:30,7 Stages Theatre,1105 Euclid Avenue Northeast,3
730,Portland,2019-03-04,Annual School Performance,Theater,55,18:00,Newmark Theatre,1111 Southwest Broadway,
731,Portland,2019-03-04,Beirut By Alan Bowne,Theater,25,17:30,Shoe Box Theater,2110 Southeast 10th Avenue,
732,Portland,2019-03-04,Mala By Melinda Lopez,Theater,50,16:00,CoHo Productions,2257 Northwest Raleigh Street,
733,Portland,2019-03-04,Pdx Improv All Stars,Theater,25,19:30,Curious Comedy Annex,5229 Northeast Martin Luther King Junior Boulevard,
734,Portland,2019-03-04,Princess Ida,Theater,50,18:00,Alpenrose Opera House,6149 Southwest Shattuck Road,
735,Portland,2019-03-04,Heathers The Musical,,25,19:30,Funhouse Lounge,2432 Southeast 11th Avenue,3
736,Philadelphia,2019-03-10,Babymetal,Music,45,18:30,The Fillmore Philadelphia,29 East Allen Street,
737,Philadelphia,2019-03-10,Drax Project,Music,25,16:30,Voltage Lounge,421 North 7th Street,
738,Philadelphia,2019-03-10,Girl In Red,Music,40,16:00,The Foundry,29 East Allen Street 2nd Floor,
739,Philadelphia,2019-03-10,Hozier,Music,50,19:30,The Met Philadelphia,858 North Broad Street,
740,Philadelphia,2019-03-10,Julia Jacklin,Music,60,18:30,The Foundry,29 East Allen Street 2nd Floor,
741,Philadelphia,2019-03-10,Lil Durk,Music,55,16:00,The Fillmore Philadelphia,29 East Allen Street,
742,Philadelphia,2019-03-10,Louis The Child,Music,55,16:30,The Fillmore Philadelphia,29 East Allen Street,
743,Philadelphia,2019-03-10,Mac Ayres,Music,45,19:30,The Foundry,29 East Allen Street 2nd Floor,
744,Philadelphia,2019-03-10,Mason Ramsey,Music,20,18:00,The Foundry,29 East Allen Street 2nd Floor,
745,Portland,2019-03-06,Beirut By Alan Bowne,Theater,50,19:00,Shoe Box Theater,2110 Southeast 10th Avenue,
746,Portland,2019-03-06,Heathers The Musical,Theater,40,18:00,Funhouse Lounge,2432 Southeast 11th Avenue,
747,Portland,2019-03-06,Princess Ida,Theater,30,19:00,Alpenrose Opera House,6149 Southwest Shattuck Road,
748,Portland,2019-03-06,Red By John Logan,Theater,60,17:00,Shaking the Tree Theatre,823 Southeast Grant Street,
749,Portland,2019-03-06,Summer Improv Intensive,Theater,20,19:30,Curious Comedy Theater,5225 Northeast Martin Luther King Junior Boulevard,
750,Portland,2019-03-06,Beirut By Alan Bowne,,50,19:00,Shoe Box Theater,2110 Southeast 10th Avenue,3
751,Seattle,2019-03-11,Claudia Oshry,Music,50,16:30,Illsley Ball Nordstrom Recital Hall,200 University Street,
752,Seattle,2019-03-11,Greensky Bluegrass,Music,30,16:30,Flamingo Lot,5500 Phinney Avenue North,
753,Seattle,2019-03-11,Mal Blum,Music,30,16:30,The Vera Project,305 Harrison Street,
754,Seattle,2019-03-11,Claudia Oshry,,50,16:30,Illsley Ball Nordstrom Recital Hall,200 University Street,4
755,San Diego,2019-03-13,Alejandro Sanz,Music,55,16:00,Cal Coast Credit Union Amphitheater,5500 Campanile Drive,
756,San Diego,2019-03-13,Angel Olsen,Music,55,19:30,The Observatory North Park,2891 University Avenue,
757,San Diego,2019-03-13,Devendra Banhart,Music,60,19:30,The Observatory North Park,2891 University Avenue,
758,San Diego,2019-03-13,Greta Van Fleet,Music,35,19:30,Cal Coast Credit Union Amphitheater,5500 Campanile Drive,
759,San Diego,2019-03-13,Jon Bellion,Music,45,19:30,Cal Coast Credit Union Amphitheater,5500 Campanile Drive,
760,San Diego,2019-03-13,Jon Pardi,Music,45,19:30,Cal Coast Credit Union Amphitheater,5500 Campanile Drive,
761,San Diego,2019-03-13,Local Natives,Music,25,19:30,Music Box,1337 India Street,
762,San Diego,2019-03-13,Mandolin Orange,Music,25,16:00,The Observatory North Park,2891 University Avenue,
763,San Diego,2019-03-13,Maribou State,Music,30,16:30,The Observatory North Park,2891 University Avenue,
764,San Diego,2019-03-13,Alejandro Sanz,,55,16:00,Cal Coast Credit Union Amphitheater,5500 Campanile Drive,4
765,Berlin,2019-03-14,Intro To Musical Improv,Theater,35,17:00,Comedy Cafe Berlin,"Roseggerstrasse 17, 12059",
766,Berlin,2019-03-02,Rollercoasters Musical Improv,Theater,40,18:00,Comedy Cafe Berlin,"Roseggerstrasse 17, 12059",
767,Berlin,2019-03-14,Intro To Musical Improv,,35,17:00,Comedy Cafe Berlin,"Roseggerstrasse 17, 12059",2
768,London,2019-03-10,A Right Royale Tea,Theater,50,18:30,Amba Hotel Charing Cross,Strand,
769,London,2019-03-10,As You Like It,Theater,20,17:30,"Swan, Shakespeare's Globe","21 New Globe Walk, Bankside",
770,London,2019-03-10,Becoming The Invisible Woman,Theater,50,16:00,Drayton Arms Theatre,153 Old Brompton Road,
771,London,2019-03-10,Boat Show Comedy Club,Theater,50,16:00,The Boat Show Comedy Club,"Salsa! Temple, Ps Tattershall Castle, Temple Station, Victoria Embankment",
772,London,2019-03-10,Bon Ami,Theater,60,16:00,Studio at New Wimbledon Theatre,93 The Broadway,
773,London,2019-03-10,Boris Rex,Theater,35,18:30,Tristan Bates Theatre,1A Tower Street,
774,London,2019-03-10,Broken English,Theater,40,19:00,The Honor Oak Pub,1 Saint German's Road,
775,London,2019-03-10,Caspa Arts Collaborative Theatre,Theater,25,19:00,Drayton Arms Theatre,153 Old Brompton Road,
776,London,2019-03-10,Christmas Drama Workshop,Theater,50,17:30,Harmony Hall,10 Truro Road,
777,Atlanta,2019-03-10,Babyshower For The Antichrist,Theater,20,16:30,Fulton County West End Performing Arts Center,945 Ralph David Abernathy Boulevard,
778,Atlanta,2019-03-10,Grounded,Theater,45,19:30,7 Stages Theatre,1105 Euclid Avenue Northeast,
779,Atlanta,2019-03-10,Hands Of Color,Theater,30,19:00,Synchronicity Theatre,1545 Peachtree Street Northeast #102,
780,Atlanta,2019-03-10,Much Ado About Nothing,Theater,50,18:30,Active Sol Yoga,200 Bennett Street Northwest,
781,Atlanta,2019-03-10,One Act Spectacular,Theater,20,18:00,PULP Books Atlanta,668 11th Street Northwest,
782,Atlanta,2019-03-10,Babyshower For The Antichrist,,20,16:30,Fulton County West End Performing Arts Center,945 Ralph David Abernathy Boulevard,4
783,Sacramento,2019-03-05,Aftershock Festival,,20,17:30,Discovery Park,1600 Garden Highway,3
784,San Francisco,2019-03-11,Finneas,Music,55,17:30,August Hall,420 Mason Street,
785,San Francisco,2019-03-11,Jeanette Tietze,Music,50,17:30,The Episcopal Church of the Incarnation,1750 29th Avenue,
786,San Francisco,2019-03-11,Lucy Dacus,Music,35,19:00,August Hall,420 Mason Street,
787,San Francisco,2019-03-11,Matt Corby,Music,60,19:00,August Hall,420 Mason Street,
788,San Francisco,2019-03-11,Matty Matheson,Music,30,16:00,August Hall,420 Mason Street,
789,San Francisco,2019-03-11,Neneh Cherry,Music,50,18:30,August Hall,420 Mason Street,
790,San Francisco,2019-03-11,Remo Drive,Music,40,19:00,The Chapel,777 Valencia Street,
791,San Francisco,2019-03-11,Sinead Harnett,Music,35,17:00,August Hall,420 Mason Street,
792,San Francisco,2019-03-11,The Adicts,Music,50,19:30,August Hall,420 Mason Street,
793,San Francisco,2019-03-11,The Band Camino,Music,35,16:30,August Hall,420 Mason Street,
794,San Francisco,2019-03-11,Lucy Dacus,,35,19:00,August Hall,420 Mason Street,1
795,Los Angeles,2019-03-12,Aldous Harding,Music,20,18:30,Lodge Room,104 North Avenue 56 2nd Floor,
796,Los Angeles,2019-03-12,Angel Olsen,Music,55,19:30,Palace Theatre,630 South Broadway,
797,Los Angeles,2019-03-12,Billy Strings,Music,40,16:30,Lodge Room,104 North Avenue 56 2nd Floor,
798,Los Angeles,2019-03-12,Brittany Howard,Music,35,19:00,The Theatre at Ace Hotel,929 South Broadway,
799,Los Angeles,2019-03-12,Finneas,Music,50,18:30,Masonic Lodge at Hollywood Forever,5970 Santa Monica Boulevard,
800,Los Angeles,2019-03-12,Girl In Red,Music,35,16:00,The Teragram Ballroom,1234 West 7th Street,
801,Los Angeles,2019-03-12,Joanna Newsom,Music,25,16:30,Hollywood American Legion Post 43,2035 North Highland Avenue,
802,Los Angeles,2019-03-12,Jpegmafia,Music,30,18:00,The Teragram Ballroom,1234 West 7th Street,
803,Los Angeles,2019-03-12,Kishi Bashi,Music,50,19:30,Masonic Lodge at Hollywood Forever,5970 Santa Monica Boulevard,
804,Los Angeles,2019-03-12,Lcs Summer Split,Music,60,19:30,LCS Studios,12312 West Olympic Boulevard,
805,Los Angeles,2019-03-12,Aldous Harding,,20,18:30,Lodge Room,104 North Avenue 56 2nd Floor,4
806,Philadelphia,2019-03-09,Babymetal,Music,45,16:00,The Fillmore Philadelphia,29 East Allen Street,
807,Philadelphia,2019-03-09,Brockhampton,Music,25,19:30,The Fillmore Philadelphia,29 East Allen Street,
808,Philadelphia,2019-03-09,Charlotte Lawrence,Music,45,18:00,The Fillmore Philadelphia,29 East Allen Street,
809,Philadelphia,2019-03-09,Counterparts,Music,60,18:00,The Foundry,29 East Allen Street 2nd Floor,
810,Philadelphia,2019-03-09,Davido,Music,40,19:00,The Fillmore Philadelphia,29 East Allen Street,
811,Philadelphia,2019-03-09,Hozier,Music,35,18:30,The Met Philadelphia,858 North Broad Street,
812,Philadelphia,2019-03-09,Jordan Rakei,Music,30,17:00,The Foundry,29 East Allen Street 2nd Floor,
813,Philadelphia,2019-03-09,Julia Jacklin,Music,45,18:00,The Foundry,29 East Allen Street 2nd Floor,
814,Philadelphia,2019-03-09,King Princess,Music,40,16:00,The Fillmore Philadelphia,29 East Allen Street,
815,Philadelphia,2019-03-09,Mason Ramsey,Music,60,18:00,The Foundry,29 East Allen Street 2nd Floor,
816,Philadelphia,2019-03-09,Babymetal,,45,16:00,The Fillmore Philadelphia,29 East Allen Street,1
817,Los Angeles,2019-03-03,Altin Gun,,45,16:30,The Teragram Ballroom,1234 West 7th Street,4
818,New York,2019-03-10,Advanced Acting Scene Study,,20,16:30,TGW Acting Studio,358 West 44th Street,1
819,Los Angeles,2019-03-11,Anything Goes,Theater,45,16:00,Upright Citizens Brigade Sunset,5419 Sunset Boulevard,
820,Los Angeles,2019-03-11,Extraordinary,Theater,30,18:30,Studio C Artists,6448 California 2,
821,Los Angeles,2019-03-11,Funeral Bouquet,Theater,45,19:00,Lyric Hyperion Theatre & Cafe,2106 Hyperion Avenue,
822,Los Angeles,2019-03-11,Legitimate Goddamn Theatre,Theater,55,19:30,Upright Citizens Brigade Sunset,5419 Sunset Boulevard,
823,Los Angeles,2019-03-11,Little Women,Theater,50,19:00,studio/stage,520 North Western Avenue,
824,Los Angeles,2019-03-11,Long Form Improv Practice,Theater,60,16:00,Thymele Arts,5481 Santa Monica Boulevard,
825,Los Angeles,2019-03-11,Mamma Mia,Theater,55,19:00,East West Players,120 Judge John Aiso Street,
826,Los Angeles,2019-03-11,Mandy Picks A Husband,Theater,25,19:30,The Little Theater,12420 Santa Monica Boulevard,
827,Los Angeles,2019-03-11,Marianas Trench,Theater,20,18:30,Regent Theater,448 South Main Street,
828,Los Angeles,2019-03-11,Anything Goes,,45,16:00,Upright Citizens Brigade Sunset,5419 Sunset Boulevard,3
829,New York,2019-03-11,Abbi Jacobson,,60,19:30,Kaufmann Concert Hall,1395 Lexington Avenue,3
830,San Francisco,2019-03-08,Alex Cameron,Music,25,19:00,August Hall,420 Mason Street,
831,San Francisco,2019-03-14,Carmina Burana,Music,20,18:30,San Francisco Symphony,201 Van Ness Avenue,
832,San Francisco,2019-03-09,Finneas,Music,40,17:00,August Hall,420 Mason Street,
833,San Francisco,2019-03-10,Jeanette Tietze,Music,45,16:30,The Episcopal Church of the Incarnation,1750 29th Avenue,
834,San Francisco,2019-03-13,Lucy Dacus,Music,45,16:00,August Hall,420 Mason Street,
835,San Francisco,2019-03-12,Matty Matheson,Music,55,18:00,August Hall,420 Mason Street,
836,San Francisco,2019-03-08,Neneh Cherry,Music,40,19:00,August Hall,420 Mason Street,
837,San Francisco,2019-03-13,Patti Lupone,Music,45,16:30,San Francisco Symphony,201 Van Ness Avenue,
838,San Francisco,2019-03-06,Raveena,Music,40,16:30,The Chapel,777 Valencia Street,
839,Los Angeles,2019-03-06,Aldous Harding,Music,25,18:00,Masonic Lodge at Hollywood Forever,5970 Santa Monica Boulevard,
840,Los Angeles,2019-03-06,America,Music,20,19:30,The Theatre at Ace Hotel,929 South Broadway,
841,Los Angeles,2019-03-06,Billy Strings,Music,45,16:30,Lodge Room,104 North Avenue 56 2nd Floor,
842,Los Angeles,2019-03-06,Brittany Howard,Music,20,19:30,The Theatre at Ace Hotel,929 South Broadway,
843,Los Angeles,2019-03-06,Foy Vance,Music,45,16:00,Palace Theatre,630 South Broadway,
844,Los Angeles,2019-03-06,Girl In Red,Music,25,19:00,The Teragram Ballroom,1234 West 7th Street,
845,Los Angeles,2019-03-06,Jpegmafia,Music,55,18:00,The Teragram Ballroom,1234 West 7th Street,
846,Los Angeles,2019-03-06,Kamasi Washington,Music,25,18:00,The Theatre at Ace Hotel,929 South Broadway,
847,Los Angeles,2019-03-06,Kishi Bashi,Music,25,18:30,Masonic Lodge at Hollywood Forever,5970 Santa Monica Boulevard,
848,Los Angeles,2019-03-06,Lux Prima,Music,25,18:00,The Theatre at Ace Hotel,929 South Broadway,
849,Los Angeles,2019-03-06,Aldous Harding,,25,18:00,Masonic Lodge at Hollywood Forever,5970 Santa Monica Boulevard,1
850,Long Beach,2019-03-12,Beast On The Moon,Theater,20,17:00,The Beverly O'Neill Theater,300 East Ocean Boulevard,
851,Long Beach,2019-03-12,Evita,Theater,20,18:30,Ernest Borgnine Theatre,855 Elm Avenue,
852,Long Beach,2019-03-12,Henry V,Theater,40,18:00,Cesar E. Chavez Park,401 Golden Avenue,
853,New York,2019-03-14,Alma Deutscher,Music,55,19:00,Stern Auditorium / Perelman Stage,881 7th Avenue,
854,New York,2019-03-14,Alpha Blondy,Music,60,17:30,Sony Hall,235 West 46th Street,
855,New York,2019-03-14,Boston Symphony Orchestra,Music,30,16:30,Stern Auditorium / Perelman Stage,881 7th Avenue,
856,New York,2019-03-14,Carbon Leaf,Music,45,17:30,Sony Hall,235 West 46th Street,
857,New York,2019-03-14,Crooked Colours,Music,45,17:00,Rough Trade NYC,"64 North 9th Street, Brooklyn",
858,New York,2019-03-14,Crystal Method,Music,45,19:00,Warsaw,"261 Driggs Avenue, Brooklyn",
859,New York,2019-03-14,Dj Gravy,Music,50,16:30,Sony Hall,235 West 46th Street,
860,New York,2019-03-14,Finneas,Music,20,18:00,Warsaw,"261 Driggs Avenue, Brooklyn",
861,New York,2019-03-14,France Rocks Festival,Music,50,19:30,David Rubenstein Atrium at Lincoln Center,61 West 62nd Street,
862,New York,2019-03-14,Governors Ball Music Festival,Music,30,16:00,Randall's Island Park,20 Randalls Island Park,
863,New York,2019-03-14,Alpha Blondy,,60,17:30,Sony Hall,235 West 46th Street,2
864,New York,2019-03-11,Abbi Jacobson,,60,19:30,Kaufmann Concert Hall,1395 Lexington Avenue,1
865,Sacramento,2019-03-10,Aftershock Music Festival,Music,35,17:00,Discovery Park,1600 Garden Highway,
866,Sacramento,2019-03-10,Popa Chubby,Music,40,18:30,The Sofia Tsakopoulos Center for The Arts,2700 Capitol Avenue,
867,Sacramento,2019-03-10,Rhett And Link,Music,55,18:30,Sacramento Memorial Auditorium,1515 J Street,
868,Sacramento,2019-03-10,The Melvins,Music,20,17:00,Holy Diver,1517 21st Street,
869,Sacramento,2019-03-10,Weird Al Yankovic,Music,40,16:30,Sacramento Memorial Auditorium,1515 J Street,
870,Sacramento,2019-03-10,Aftershock Music Festival,,35,17:00,Discovery Park,1600 Garden Highway,1
871,Los Angeles,2019-03-14,Anything Goes,,25,16:00,Upright Citizens Brigade Sunset,5419 Sunset Boulevard,2
872,Los Angeles,2019-03-06,Anything Goes,,25,17:30,Upright Citizens Brigade Sunset,5419 Sunset Boulevard,4
873,Portland,2019-03-14,Bastille,Music,40,17:00,Theater Of The Clouds,1016-1098 North Center Court Street,
874,Portland,2019-03-14,Bryan Adams,Music,55,19:00,Theater Of The Clouds,1016-1098 North Center Court Street,
875,Portland,2019-03-14,Dave Alvin Oregon,Music,60,19:00,The Old Church Concert Hall,1422 Southwest 11th Avenue,
876,Portland,2019-03-14,Nick Kroll,Music,45,17:30,Newmark Theatre,1111 Southwest Broadway,
877,Portland,2019-03-14,The Priests,Music,45,19:00,Polaris Hall,635 North Killingsworth Court,
878,Portland,2019-03-14,Bastille,,40,17:00,Theater Of The Clouds,1016-1098 North Center Court Street,4
879,Chicago,2019-03-13,All That He Was,,25,17:00,"The Buena, Pride Arts Center",4147 North Broadway,4
880,London,2019-03-14,Armia,,60,16:30,The Dome,2A Dartmouth Park Hill,2
881,San Diego,2019-03-08,Angel Olsen,Music,25,17:00,The Observatory North Park,2891 University Avenue,
882,San Diego,2019-03-08,Bastille,Music,50,18:30,Cal Coast Credit Union Amphitheater,5500 Campanile Drive,
883,San Diego,2019-03-08,Devendra Banhart,Music,45,16:30,The Observatory North Park,2891 University Avenue,
884,San Diego,2019-03-08,Fidlar,Music,55,16:30,The Observatory North Park,2891 University Avenue,
885,San Diego,2019-03-08,Jon Bellion,Music,35,16:30,Cal Coast Credit Union Amphitheater,5500 Campanile Drive,
886,San Diego,2019-03-08,Jon Pardi,Music,25,16:00,Cal Coast Credit Union Amphitheater,5500 Campanile Drive,
887,San Diego,2019-03-08,Lizzo,Music,30,19:00,Cal Coast Credit Union Amphitheater,5500 Campanile Drive,
888,San Diego,2019-03-08,Local Natives,Music,50,17:30,Music Box,1337 India Street,
889,San Diego,2019-03-08,San Diego Blues Festival,Music,45,17:30,San Diego Blues Festival,"Embarcadero Marina Park North, 400 Kettner Boulevard",
890,San Diego,2019-03-08,Sara Bareilles,Music,50,18:00,Cal Coast Credit Union Amphitheater,5500 Campanile Drive,
891,San Diego,2019-03-08,Angel Olsen,,25,17:00,The Observatory North Park,2891 University Avenue,2
892,Los Angeles,2019-03-10,Ain Gordon,Music,60,19:30,Ralph Freud Playhouse,245 Charles E Young Drive East,
893,Los Angeles,2019-03-10,Altin Gun,Music,25,18:30,The Teragram Ballroom,1234 West 7th Street,
894,Los Angeles,2019-03-10,America,Music,30,18:00,The Theatre at Ace Hotel,929 South Broadway,
895,Los Angeles,2019-03-10,Brittany Howard,Music,35,18:00,The Theatre at Ace Hotel,929 South Broadway,
896,Los Angeles,2019-03-10,Girl In Red,Music,20,19:00,The Teragram Ballroom,1234 West 7th Street,
897,Los Angeles,2019-03-10,Joanna Newsom,Music,60,16:00,Hollywood American Legion Post 43,2035 North Highland Avenue,
898,Los Angeles,2019-03-10,Lcs Summer Split,Music,20,16:30,LCS Studios,12312 West Olympic Boulevard,
899,Los Angeles,2019-03-10,Mandolin Orange,Music,50,19:30,The Theatre at Ace Hotel,929 South Broadway,
900,Los Angeles,2019-03-10,Mika,Music,45,19:30,The Theatre at Ace Hotel,929 South Broadway,
901,Los Angeles,2019-03-10,Priests,Music,25,17:00,The Teragram Ballroom,1234 West 7th Street,
902,Los Angeles,2019-03-10,Ain Gordon,,60,19:30,Ralph Freud Playhouse,245 Charles E Young Drive East,2
903,London,2019-03-12,Hansard,Music,25,19:30,Lyttleton Theatre,South Bank,
904,London,2019-03-12,Iq,Music,40,19:00,O2 Academy 2 & Box Office,26 Parkfield Street,
905,London,2019-03-12,Kllo,Music,55,19:30,Studio 9294,92 Wallis Road,
906,London,2019-03-12,Methyl Ethel,Music,35,19:00,Electric Brixton,Town Hall Parade,
907,London,2019-03-12,Pvris,Music,50,16:00,Electric Brixton,Town Hall Parade,
908,London,2019-03-12,Ruel,Music,55,19:30,Electric Brixton,Town Hall Parade,
909,London,2019-03-12,Shakey Graves,Music,20,17:00,The Dome,2A Dartmouth Park Hill,
910,London,2019-03-12,Twin Peaks,Music,50,18:30,The Dome,2A Dartmouth Park Hill,
911,London,2019-03-12,Wallows,Music,25,16:30,Electric Brixton,Town Hall Parade,
912,London,2019-03-12,A Right Royale Tea,Theater,40,18:00,Amba Hotel Charing Cross,Strand,
913,London,2019-03-12,Academy Performing Arts,Theater,20,17:00,Academy Performing Arts,"Academy Performing Arts, 2 Archery Road",
914,London,2019-03-12,Armia,Theater,60,17:30,The Dome,2A Dartmouth Park Hill,
915,London,2019-03-12,As You Like It,Theater,60,18:30,"Swan, Shakespeare's Globe","21 New Globe Walk, Bankside",
916,London,2019-03-12,Becoming The Invisible Woman,Theater,35,17:30,Drayton Arms Theatre,153 Old Brompton Road,
917,London,2019-03-12,Beyond The Blue,Theater,40,19:00,Poplar Union,2 Cotall Street,
918,London,2019-03-12,Bon Ami,Theater,25,19:00,Studio at New Wimbledon Theatre,93 The Broadway,
919,London,2019-03-12,Boris Rex,Theater,35,19:00,Tristan Bates Theatre,1A Tower Street,
920,London,2019-03-12,Broken English,Theater,50,19:00,The Honor Oak Pub,1 Saint German's Road,
921,London,2019-03-12,A Right Royale Tea,,40,18:00,Amba Hotel Charing Cross,Strand,2
922,New York,2019-03-14,Alma Deutscher,,55,19:00,Stern Auditorium / Perelman Stage,881 7th Avenue,1
923,Chicago,2019-03-08,Ashe,Music,40,17:00,Chop Shop,2033 West North Avenue,
924,Chicago,2019-03-08,Conor Maynard,Music,30,19:00,Chop Shop,2033 West North Avenue,
925,Chicago,2019-03-08,Lil Tjay,Music,45,16:00,Concord Music Hall,2051 North Milwaukee Avenue,
926,Chicago,2019-03-08,Loud Luxury,Music,35,19:30,Concord Music Hall,2051 North Milwaukee Avenue,
927,Chicago,2019-03-08,My House Music Festival,Music,55,17:30,Harrison Park,1824 South Wood Street,
928,Chicago,2019-03-08,Sasha Sloan,Music,60,18:00,Chop Shop,2033 West North Avenue,
929,Paris,2019-03-10,Advanced Workshop,Theater,60,17:30,Salles Saint Roch,"35 Rue Saint-Roch, 75001",
930,Paris,2019-03-10,Le Champ Des Possibles,Theater,40,18:30,Theater De La Reine Blanche,"2 bis Passage Ruelle, 75018",
931,London,2019-03-11,Dimension,Music,35,18:00,Electric Brixton,Town Hall Parade,
932,London,2019-03-06,Efg,Music,55,16:00,Purcell Room,Belvedere Road,
933,London,2019-03-11,Fidlar,Music,30,17:30,Electric Brixton,Town Hall Parade,
934,London,2019-03-09,Hansard,Music,25,18:00,Lyttleton Theatre,South Bank,
935,London,2019-03-08,Iq,Music,55,18:00,O2 Academy 2 & Box Office,26 Parkfield Street,
936,London,2019-03-09,Kllo,Music,60,16:30,Studio 9294,92 Wallis Road,
937,London,2019-03-08,Liam Frost,Music,20,16:00,Servant Jazz Quarters,10A Bradbury Street,
938,London,2019-03-10,Methyl Ethel,Music,35,16:30,Electric Brixton,Town Hall Parade,
939,London,2019-03-11,Onblackheath Festival,Music,50,18:00,Blackheath Common,7-8 Vanbrugh Terrace,
940,Chicago,2019-03-09,Ada And The Engine,Theater,50,19:30,The Artistic Home,1376 West Grand Avenue #7761,
941,Chicago,2019-03-09,Casa Valentina,Theater,45,18:30,PRIDE ARTS CENTER,4139 North Broadway,
942,Chicago,2019-03-09,Comedysportz,Theater,25,19:30,CSz Theater Chicago,929 West Belmont Avenue,
943,Chicago,2019-03-09,Drunk Shakespeare,Theater,25,16:00,The Lion Theatre,182 North Wabash Avenue,
944,Chicago,2019-03-09,Ebonyessencejet At Steppenwolf Theatre,Theater,60,16:00,Front Bar,1700 North Halsted Street,
945,Chicago,2019-03-09,Every Brilliant Thing,Theater,30,17:00,Windy City Playhouse South,2229 South Michigan Avenue,
946,Chicago,2019-03-09,Fine,Theater,35,18:30,The Mission Theater,1501 North Kingsbury Street,
947,Chicago,2019-03-09,Helvetica,Theater,45,17:00,Nox Arca Theatre,4001 North Ravenswood Avenue #405,
948,Chicago,2019-03-09,King Lear,Theater,55,18:30,Redtwist Theatre,1044 West Bryn Mawr Avenue,
949,Chicago,2019-03-09,Kiss,Theater,25,16:00,The Den Theatre,1331 North Milwaukee Avenue,
950,Seattle,2019-03-14,Beatleconcert,Theater,25,17:00,12th Avenue Arts,1620 12th Avenue,
951,Seattle,2019-03-14,Blood Water Paint,Theater,20,17:00,12th Avenue Arts,1620 12th Avenue,
952,Seattle,2019-03-14,Digi Boi The Musical,Theater,35,18:00,The Pocket Theater,8312 Greenwood Avenue North,
953,Seattle,2019-03-14,Improv Camp For Teens,Theater,40,17:30,Unexpected Productions Improv,1428 Post Alley,
954,Seattle,2019-03-14,Improv For Content Creators,Theater,50,19:00,The Atlas Theatre,3509 Fremont Avenue North,
955,Seattle,2019-03-14,Maritess Zurbano Hypnotist,Theater,35,19:00,Copious,2220 Northwest Market Street,
956,Seattle,2019-03-14,Read The Tempest,Theater,60,19:00,Douglass-Truth Branch - The Seattle Public Library,2300 East Yesler Way,
957,Seattle,2019-03-14,Seattle Theatresports,Theater,45,16:30,Unexpected Productions Improv,1428 Post Alley,
958,Seattle,2019-03-14,Seattle Theatresports Improv Comedy,Theater,20,17:00,Unexpected Productions Improv,1428 Post Alley,
959,Berkeley,2019-03-09,Fidlar,Music,45,18:00,Cornerstone Craft Beer & Live Music,2367 Shattuck Avenue,
960,Berkeley,2019-03-09,Gaelic Storm,Music,40,18:00,Cornerstone Craft Beer & Live Music,2367 Shattuck Avenue,
961,Berkeley,2019-03-09,Phutureprimitive,Music,45,18:00,Cornerstone Craft Beer & Live Music,2367 Shattuck Avenue,
962,Berkeley,2019-03-09,Reckless Kelly,Music,55,18:00,Cornerstone Craft Beer & Live Music,2367 Shattuck Avenue,
963,Berkeley,2019-03-09,The Melvins,Music,45,18:30,Cornerstone Craft Beer & Live Music,2367 Shattuck Avenue,
964,Berkeley,2019-03-09,Trapt,Music,40,19:00,Cornerstone Craft Beer & Live Music,2367 Shattuck Avenue,
965,Berkeley,2019-03-09,Ziggy Alberts,Music,35,18:30,Cornerstone Craft Beer & Live Music,2367 Shattuck Avenue,
966,Toronto,2019-03-14,Anne Of Green Gables,Theater,20,16:00,Lower Ossington Theatre,100 Ossington Avenue,
967,Toronto,2019-03-14,Improv And Storytelling Intensive,Theater,20,19:00,The Social Capital,154 Danforth Avenue,
968,Toronto,2019-03-14,Knives In Hens,Theater,30,17:30,The Coal Mine Theatre,1454 Danforth Avenue,
969,Toronto,2019-03-14,Puffs,Theater,30,19:00,Lower Ossington Theatre,100 Ossington Avenue,
970,Philadelphia,2019-03-07,Anthony Green,Music,55,19:30,The Foundry,29 East Allen Street 2nd Floor,
971,Philadelphia,2019-03-07,Babymetal,Music,40,18:30,The Fillmore Philadelphia,29 East Allen Street,
972,Philadelphia,2019-03-07,Bars And Melody,Music,55,16:00,The Foundry,29 East Allen Street 2nd Floor,
973,Philadelphia,2019-03-07,Charlotte Lawrence,Music,25,19:00,The Fillmore Philadelphia,29 East Allen Street,
974,Philadelphia,2019-03-07,Conan Gray,Music,30,17:00,The Fillmore Philadelphia,29 East Allen Street,
975,Philadelphia,2019-03-07,Drax Project,Music,60,18:30,Voltage Lounge,421 North 7th Street,
976,Philadelphia,2019-03-07,Dwele,Music,35,18:00,City Winery,990 Filbert Street,
977,Philadelphia,2019-03-07,Girl In Red,Music,25,18:00,The Foundry,29 East Allen Street 2nd Floor,
978,Philadelphia,2019-03-07,Icon For Hire,Music,35,16:30,Voltage Lounge,421 North 7th Street,
979,Los Angeles,2019-03-06,Asssscat,Theater,35,18:30,Ucb Franklin,5919 Franklin Avenue,
980,Los Angeles,2019-03-06,At The Table,Theater,60,18:30,Lankershim Arts Center,5108 Lankershim Boulevard,
981,Los Angeles,2019-03-06,Characters Welcome,Theater,50,16:30,Upright Citizens Brigade Sunset,5419 Sunset Boulevard,
982,Los Angeles,2019-03-06,Crabbe And Goyle,Theater,30,16:00,studio/stage,520 North Western Avenue,
983,Los Angeles,2019-03-06,Extraordinary,Theater,40,16:00,Studio C Artists,6448 California 2,
984,Los Angeles,2019-03-06,Famous Adjacent,Theater,20,16:30,Rockwell Table & Stage,1714 North Vermont Avenue,
985,Los Angeles,2019-03-06,Good Mourning,Theater,25,17:30,The Hudson Theatres,6539 Santa Monica Boulevard,
986,Los Angeles,2019-03-06,Improv Nerds,Theater,20,19:00,Upright Citizens Brigade Sunset,5419 Sunset Boulevard,
987,Los Angeles,2019-03-06,Lavender Men,Theater,30,18:00,Skylight Theatre Company,1816 1/2 North Vermont Avenue,
988,Las Vegas,2019-03-05,Marriage Can Be Murder,Theater,50,19:30,Showroom at the D Las Vegas,301 Fremont Street,
989,Las Vegas,2019-03-05,Young Frankenstein,Theater,50,19:00,Summerlin Library,1771 Inner Circle Drive,
990,Toronto,2019-03-13,Anne Of Green Gables,Theater,30,18:00,Lower Ossington Theatre,100 Ossington Avenue,
991,Toronto,2019-03-13,Gymnologize,Theater,45,17:30,Red Sandcastle Theatre,922 Queen Street East,
992,Toronto,2019-03-13,Laughter Theatre,Theater,45,17:00,WeWork 240 Richmond St W,240 Richmond Street West,
993,Toronto,2019-03-13,Puffs,Theater,50,18:30,Lower Ossington Theatre,100 Ossington Avenue,
994,Toronto,2019-03-13,Taj Express,Theater,20,19:00,Bluma Appel Theatre,"Centre for the Arts, 27 Front Street East",
995,Toronto,2019-03-13,Ten Minute Theatre,Theater,55,19:00,Super Wonder Gallery,584 College Street,
996,Atlanta,2019-03-02,Babyshower For The Antichrist,Theater,25,19:00,Fulton County West End Performing Arts Center,945 Ralph David Abernathy Boulevard,
997,Atlanta,2019-03-02,Grounded,Theater,55,17:00,7 Stages Theatre,1105 Euclid Avenue Northeast,
998,Atlanta,2019-03-02,Much Ado About Nothing,Theater,40,19:00,Active Sol Yoga,200 Bennett Street Northwest,
999,Atlanta,2019-03-02,One Act Spectacular,Theater,60,18:00,PULP Books Atlanta,668 11th Street Northwest,
1000,San Diego,2019-03-12,American Idiot The Musical,Theater,25,18:00,OB Playhouse & Theatre Company,4944 Newport Avenue D,
1001,San Diego,2019-03-12,King Lear,Theater,45,17:00,Westminster Presbyterian Church,3598 Talbot Street,
1002,San Diego,2019-03-12,The Fantasticks,Theater,50,18:30,Point Loma Playhouse,3035 Talbot Street,
1003,Philadelphia,2019-03-05,Anthony Green,Music,40,19:30,The Foundry,29 East Allen Street 2nd Floor,
1004,Philadelphia,2019-03-05,Ayokay,Music,30,18:30,The Foundry,29 East Allen Street 2nd Floor,
1005,Philadelphia,2019-03-05,Babymetal,Music,50,17:30,The Fillmore Philadelphia,29 East Allen Street,
1006,Philadelphia,2019-03-05,Bars And Melody,Music,50,16:30,The Foundry,29 East Allen Street 2nd Floor,
1007,Philadelphia,2019-03-05,Brockhampton,Music,45,17:30,The Fillmore Philadelphia,29 East Allen Street,
1008,Philadelphia,2019-03-05,Charlotte Lawrence,Music,25,19:30,The Fillmore Philadelphia,29 East Allen Street,
1009,Philadelphia,2019-03-05,Conan Gray,Music,55,18:30,The Fillmore Philadelphia,29 East Allen Street,
1010,Philadelphia,2019-03-05,Counterparts,Music,50,18:00,The Foundry,29 East Allen Street 2nd Floor,
1011,Philadelphia,2019-03-05,Girl In Red,Music,55,19:00,The Foundry,29 East Allen Street 2nd Floor,
1012,Philadelphia,2019-03-05,Jordan Rakei,Music,60,17:00,The Foundry,29 East Allen Street 2nd Floor,
1013,Vancouver,2019-03-05,Cavetown,Music,60,16:00,Venue Nightclub,881 Granville Street,
1014,Vancouver,2019-03-12,Collective Soul,Music,45,16:00,PNE Amphitheatre,2901 East Hastings Street,
1015,Vancouver,2019-03-01,Comethazine,Music,20,16:30,Venue Nightclub,881 Granville Street,
1016,Vancouver,2019-03-08,Cuco,Music,45,18:30,Venue Nightclub,881 Granville Street,
1017,Vancouver,2019-03-01,Kishi Bashi,Music,25,16:00,Imperial Vancouver,319 Main Street,
1018,Vancouver,2019-03-12,Smokey Robinson,Music,30,18:00,PNE Amphitheatre,2901 East Hastings Street,
1019,San Francisco,2019-03-10,Alex Cameron,Music,30,17:00,August Hall,420 Mason Street,
1020,San Francisco,2019-03-10,Carmina Burana,Music,25,19:30,San Francisco Symphony,201 Van Ness Avenue,
1021,San Francisco,2019-03-10,Finneas,Music,55,16:30,August Hall,420 Mason Street,
1022,San Francisco,2019-03-10,Lucy Dacus,Music,25,19:30,August Hall,420 Mason Street,
1023,San Francisco,2019-03-10,Matty Matheson,Music,40,17:30,August Hall,420 Mason Street,
1024,San Francisco,2019-03-10,Patti Lupone,Music,60,18:30,San Francisco Symphony,201 Van Ness Avenue,
1025,San Francisco,2019-03-10,Remo Drive,Music,50,19:30,The Chapel,777 Valencia Street,
1026,Chicago,2019-03-02,Ashe,Music,50,18:30,Chop Shop,2033 West North Avenue,
1027,Chicago,2019-03-02,Lil Tjay,Music,20,16:00,Concord Music Hall,2051 North Milwaukee Avenue,
1028,Chicago,2019-03-02,Loud Luxury,Music,55,18:00,Concord Music Hall,2051 North Milwaukee Avenue,
1029,Chicago,2019-03-02,Mozzy,Music,50,16:00,Avondale Music Hall,3336 North Milwaukee Avenue,
1030,Chicago,2019-03-02,My House Music Festival,Music,40,19:00,Harrison Park,1824 South Wood Street,
1031,Chicago,2019-03-02,Wale,Music,25,17:00,Concord Music Hall,2051 North Milwaukee Avenue,
1032,Philadelphia,2019-03-07,Jordan Rakei,Music,60,19:00,The Foundry,29 East Allen Street 2nd Floor,
1033,New York,2019-03-03,Advanced Acting Scene Study,Theater,50,18:00,TGW Acting Studio,358 West 44th Street,
1034,New York,2019-03-03,Big Apple Circus,Theater,25,17:30,Big Apple Circus,60 Lincoln Center Plaza,
1035,New York,2019-03-03,Calliope Musicals At Alphaville,Theater,30,18:30,Alphaville,"140 Wilson Avenue, Brooklyn",
1036,New York,2019-03-03,Chaos Theory,Theater,35,16:00,Caveat,21 A Clinton Street,
1037,New York,2019-03-03,Dead End Comedy Show,Theater,45,16:30,Erv's,"2122 Beekman Place, Brooklyn",
1038,New York,2019-03-03,Drama Group,Theater,60,19:00,Marlene Meyerson JCC Manhattan,334 Amsterdam Avenue,
1039,New York,2019-03-03,Drunk Shakespeare,Theater,30,16:00,The Lounge,777 8th Avenue,
1040,New York,2019-03-03,Drunken Shakespeare,Theater,25,18:30,Bar Nine,807 9th Avenue,
1041,New York,2019-03-03,Frances Ruffelle,Theater,60,16:00,The Green Room 42,570 10th Avenue,
1042,Phoenix,2019-03-09,Dodie,Music,55,17:00,The Van Buren,401 West Van Buren Street,
1043,Phoenix,2019-03-09,Dreamers,Music,45,16:30,The Van Buren,401 West Van Buren Street,
1044,Phoenix,2019-03-09,Gus Dapperton,Music,25,16:00,The Van Buren,401 West Van Buren Street,
1045,Phoenix,2019-03-09,Motion City Soundtrack,Music,60,17:00,The Van Buren,401 West Van Buren Street,
1046,Phoenix,2019-03-09,Oliver Tree,Music,20,16:00,The Van Buren,401 West Van Buren Street,
1047,Phoenix,2019-03-09,Steve Hackett,Music,50,16:30,The Van Buren,401 West Van Buren Street,
1048,Phoenix,2019-03-09,Tash Sultana,Music,20,19:30,The Van Buren,401 West Van Buren Street,
1049,London,2019-03-09,A Right Royale Tea,Theater,50,19:00,Amba Hotel Charing Cross,Strand,
1050,London,2019-03-09,Becoming The Invisible Woman,Theater,35,18:30,Drayton Arms Theatre,153 Old Brompton Road,
1051,London,2019-03-09,Beyond The Blue,Theater,35,19:30,Poplar Union,2 Cotall Street,
1052,London,2019-03-09,Boat Show Comedy Club,Theater,35,19:30,The Boat Show Comedy Club,"Salsa! Temple, Ps Tattershall Castle, Temple Station, Victoria Embankment",
1053,London,2019-03-09,Boris Rex,Theater,30,19:30,Tristan Bates Theatre,1A Tower Street,
1054,London,2019-03-09,Caspa Arts Collaborative Theatre,Theater,30,17:00,Drayton Arms Theatre,153 Old Brompton Road,
1055,London,2019-03-09,Club Briefs,Theater,20,17:00,Wonderground,337-338 Belvedere Road,
1056,London,2019-03-09,Daniel Kitson,Theater,40,16:00,Dulwich Hamlet Football Club,"Champion Hill Stadium, Edgar Kail Way",
1057,London,2019-03-09,Drama,Theater,35,18:00,Oslo Hackney,1A Amhurst Road,
1058,New York,2019-03-03,Black Uhuru,Music,45,16:00,Sony Hall,235 West 46th Street,
1059,New York,2019-03-03,Blackbear,Music,35,18:00,Pier 17,89 South Street,
1060,New York,2019-03-03,Buddy Guy,Music,50,16:00,Sony Hall,235 West 46th Street,
1061,New York,2019-03-03,Crystal Method,Music,60,16:00,Warsaw,"261 Driggs Avenue, Brooklyn",
1062,New York,2019-03-03,Emanuel Ax,Music,50,19:30,Stern Auditorium / Perelman Stage,881 7th Avenue,
1063,New York,2019-03-03,Finneas,Music,40,18:30,Warsaw,"261 Driggs Avenue, Brooklyn",
1064,New York,2019-03-03,France Rocks Festival,Music,20,17:00,Bruno Walter Auditorium,111 Amsterdam Avenue,
1065,New York,2019-03-03,Governors Ball Music Festival,Music,25,17:00,Randall's Island Park,20 Randalls Island Park,
1066,New York,2019-03-03,Greyson Chance,Music,55,17:30,Sony Hall,235 West 46th Street,
1067,New York,2019-03-02,Acting For Teens,Theater,35,17:00,520 8th Ave. - Personal Valet Parking,520 8th Ave. - Personal Valet,
1068,New York,2019-03-02,Advanced Acting Scene Study,Theater,20,18:00,TGW Acting Studio,358 West 44th Street,
1069,New York,2019-03-02,Broadway Brunch,Theater,40,18:30,Engine Room New York,707 8th Avenue,
1070,New York,2019-03-02,Chaos Theory,Theater,20,19:00,Caveat,21 A Clinton Street,
1071,New York,2019-03-02,Comedysportz,Theater,60,16:00,ComedySportz New York City,318 West 53rd Street,
1072,New York,2019-03-02,Dear Brutus,Theater,55,17:00,Shetler Studios & Theatres,244 West 54th Street,
1073,New York,2019-03-02,Drunk Shakespeare,Theater,40,16:30,Drunk Shakespeare,711 7th Avenue Floor 2,
1074,New York,2019-03-02,Drunken Shakespeare,Theater,25,18:30,Bar Nine,807 9th Avenue,
1075,New York,2019-03-02,Fairview,Theater,45,16:00,Theatre For A New Audience Administrative Offices,154 Christopher Street #3D,
1076,San Francisco,2019-03-10,Above Ground,Theater,60,18:30,Mojo Theatre,2940 16th Street #217,
1077,San Francisco,2019-03-10,Above Ground Festival,Theater,35,18:00,Mojo Theatre,2940 16th Street #217,
1078,San Francisco,2019-03-10,Heathers The Musical,Theater,40,16:00,Cowell Theater,2 Marina Boulevard,
1079,San Francisco,2019-03-10,Into The Woods,Theater,35,16:30,The Strand Theater,1127 Market Street,
1080,San Francisco,2019-03-10,Other,Theater,55,18:00,Monarch,101 6th Street,
1081,San Francisco,2019-03-10,Superscene Prime Time,Theater,55,19:30,BATS Improv Theatre,Landmark Building B,
1082,Toronto,2019-03-04,Gymnologize,Theater,45,19:00,Red Sandcastle Theatre,922 Queen Street East,
1083,Toronto,2019-03-04,Improv And Storytelling Intensive,Theater,40,18:00,The Social Capital,154 Danforth Avenue,
1084,Toronto,2019-03-04,Knives In Hens,Theater,60,17:00,The Coal Mine Theatre,1454 Danforth Avenue,
1085,Toronto,2019-03-04,Puffs,Theater,40,19:30,Lower Ossington Theatre,100 Ossington Avenue,
1086,Toronto,2019-03-04,Stratford Festival Bus Tour,Theater,55,18:00,The Spa Intercontinental Toronto Centre,225 Front Street West,
1087,Toronto,2019-03-04,Taj Express,Theater,45,19:30,Bluma Appel Theatre,"Centre for the Arts, 27 Front Street East",
1088,Phoenix,2019-03-10,Boondocks Improv,Theater,50,18:30,Dearing Acting Studio,10806 North 32nd Street,
1089,Phoenix,2019-03-07,Chaos Comedy Improv Show,Theater,20,17:00,Dearing Acting Studio,10806 North 32nd Street,
1090,Phoenix,2019-03-03,Jack And The Beanstalk,Theater,20,18:00,Great Arizona Puppet Theater,302 West Latham Street,
1091,Phoenix,2019-03-13,Boondocks Improv,Theater,35,19:00,Dearing Acting Studio,10806 North 32nd Street,
1092,Phoenix,2019-03-13,Jack And The Beanstalk,Theater,60,18:00,Great Arizona Puppet Theater,302 West Latham Street,
1093,New York,2019-03-07,Abbi Jacobson,Music,35,16:30,Kaufmann Concert Hall,1395 Lexington Avenue,
1094,New York,2019-03-07,Alpha Blondy,Music,60,18:00,Sony Hall,235 West 46th Street,
1095,New York,2019-03-07,Blackbear,Music,50,17:30,Pier 17,89 South Street,
1096,New York,2019-03-07,Buddy Guy,Music,30,16:00,Sony Hall,235 West 46th Street,
1097,New York,2019-03-07,Carbon Leaf,Music,50,16:30,Sony Hall,235 West 46th Street,
1098,New York,2019-03-07,Denis Matsuev,Music,40,18:00,Stern Auditorium / Perelman Stage,881 7th Avenue,
1099,New York,2019-03-07,Governors Ball Music Festival,Music,25,19:00,Randall's Island Park,20 Randalls Island Park,
1100,New York,2019-03-07,Greyson Chance,Music,20,17:30,Sony Hall,235 West 46th Street,
1101,New York,2019-03-07,Harlem Gospel Choir,Music,45,18:00,Sony Hall,235 West 46th Street,
1102,New York,2019-03-07,Igor Levit,Music,20,19:00,Stern Auditorium / Perelman Stage,881 7th Avenue,
1103,Los Angeles,2019-03-05,A Year In Dragonfly,Theater,30,19:30,Studio C Artists,6448 California 2,
1104,Los Angeles,2019-03-05,Adieu Monsieur Haffmann,Theater,55,18:00,Theatre Raymond Kabbaz,10361 West Pico Boulevard,
1105,Los Angeles,2019-03-05,Asssscat,Theater,20,19:00,Upright Citizens Brigade Sunset,5419 Sunset Boulevard,
1106,Los Angeles,2019-03-05,At The Table,Theater,60,16:00,Lankershim Arts Center,5108 Lankershim Boulevard,
1107,Los Angeles,2019-03-05,Crabbe And Goyle,Theater,50,18:00,studio/stage,520 North Western Avenue,
1108,Los Angeles,2019-03-05,Famous Adjacent,Theater,60,19:30,Rockwell Table & Stage,1714 North Vermont Avenue,
1109,Los Angeles,2019-03-05,Funeral Bouquet,Theater,40,19:30,Lyric Hyperion Theatre & Cafe,2106 Hyperion Avenue,
1110,Los Angeles,2019-03-05,Good Mourning,Theater,60,18:00,The Hudson Theatres,6539 Santa Monica Boulevard,
1111,Los Angeles,2019-03-05,Mamma Mia,Theater,50,17:00,East West Players,120 Judge John Aiso Street,
1112,San Diego,2019-03-01,Alejandro Sanz,Music,40,18:30,Cal Coast Credit Union Amphitheater,5500 Campanile Drive,
1113,San Diego,2019-03-01,Bastille,Music,20,17:30,Cal Coast Credit Union Amphitheater,5500 Campanile Drive,
1114,San Diego,2019-03-01,Devendra Banhart,Music,25,16:00,The Observatory North Park,2891 University Avenue,
1115,San Diego,2019-03-01,Greta Van Fleet,Music,45,17:30,Cal Coast Credit Union Amphitheater,5500 Campanile Drive,
1116,San Diego,2019-03-01,Hozier,Music,45,17:30,Cal Coast Credit Union Amphitheater,5500 Campanile Drive,
1117,San Diego,2019-03-01,Ingrid Michaelson,Music,55,18:30,The Observatory North Park,2891 University Avenue,
1118,San Diego,2019-03-01,Jon Bellion,Music,55,19:30,Cal Coast Credit Union Amphitheater,5500 Campanile Drive,
1119,San Diego,2019-03-01,Lizzo,Music,25,17:30,Cal Coast Credit Union Amphitheater,5500 Campanile Drive,
1120,San Diego,2019-03-01,Mandolin Orange,Music,40,18:30,The Observatory North Park,2891 University Avenue,
1121,Portland,2019-03-04,Red By John Logan,Theater,50,19:30,Shaking the Tree Theatre,823 Southeast Grant Street,
1122,Portland,2019-03-04,Troilus And Cressida,Theater,30,17:00,Shaking the Tree Theatre,823 Southeast Grant Street,
1123,Los Angeles,2019-03-03,A Year In Dragonfly,Theater,55,17:30,Studio C Artists,6448 California 2,
1124,Los Angeles,2019-03-03,Adieu Monsieur Haffmann,Theater,60,19:30,Theatre Raymond Kabbaz,10361 West Pico Boulevard,
1125,Los Angeles,2019-03-03,Anything Goes,Theater,45,18:30,Upright Citizens Brigade Sunset,5419 Sunset Boulevard,
1126,Los Angeles,2019-03-03,At The Table,Theater,50,18:30,Lankershim Arts Center,5108 Lankershim Boulevard,
1127,Los Angeles,2019-03-03,Benji Hughes,Theater,55,16:00,The Teragram Ballroom,1234 West 7th Street,
1128,Los Angeles,2019-03-03,Crabbe And Goyle,Theater,30,18:00,studio/stage,520 North Western Avenue,
1129,Los Angeles,2019-03-03,Extraordinary,Theater,45,18:00,Studio C Artists,6448 California 2,
1130,Los Angeles,2019-03-03,Funeral Bouquet,Theater,40,19:00,Lyric Hyperion Theatre & Cafe,2106 Hyperion Avenue,
1131,Los Angeles,2019-03-03,Lavender Men,Theater,50,18:00,Skylight Theatre Company,1816 1/2 North Vermont Avenue,
1132,Vancouver,2019-03-06,Comethazine,Music,45,19:30,Venue Nightclub,881 Granville Street,
1133,Vancouver,2019-03-06,Cuco,Music,30,17:00,Venue Nightclub,881 Granville Street,
1134,Vancouver,2019-03-06,Smokey Robinson,Music,25,18:30,PNE Amphitheatre,2901 East Hastings Street,
1135,Vancouver,2019-03-06,Tlc,Music,35,16:30,PNE Amphitheatre,2901 East Hastings Street,
1136,New York,2019-03-04,Advanced Acting Scene Study,Theater,50,16:30,TGW Acting Studio,358 West 44th Street,
1137,New York,2019-03-04,Blks,Theater,20,16:00,The Robert W. Wilson MCC Theater Space,511 West 52nd Street,
1138,New York,2019-03-04,Broadway Brunch,Theater,25,16:00,Engine Room New York,707 8th Avenue,
1139,New York,2019-03-04,Broadway Buddy Mentorship Cabaret,Theater,40,18:30,Leonard Nimoy Thalia at Symphony Space,"Lower, 2537 Broadway",
1140,New York,2019-03-04,Calliope Musicals At Alphaville,Theater,25,16:00,Alphaville,"140 Wilson Avenue, Brooklyn",
1141,New York,2019-03-04,Dead End Comedy Show,Theater,40,19:00,Erv's,"2122 Beekman Place, Brooklyn",
1142,New York,2019-03-04,Dear Brutus,Theater,20,16:00,Shetler Studios & Theatres,244 West 54th Street,
1143,New York,2019-03-04,Drama Group,Theater,20,16:30,Marlene Meyerson JCC Manhattan,334 Amsterdam Avenue,
1144,London,2019-03-08,Efg,Music,60,19:30,Purcell Room,Belvedere Road,
1145,London,2019-03-08,Methyl Ethel,Music,20,18:30,Electric Brixton,Town Hall Parade,
1146,London,2019-03-08,Onblackheath Festival,Music,35,18:30,Blackheath Common,7-8 Vanbrugh Terrace,
1147,London,2019-03-08,Shakey Graves,Music,35,18:00,The Dome,2A Dartmouth Park Hill,
1148,London,2019-03-08,Wallows,Music,45,16:30,Electric Brixton,Town Hall Parade,
1149,Seattle,2019-03-10,Cody Johnson,Music,30,16:30,Flamingo Lot,5500 Phinney Avenue North,
1150,Belvedere,2019-03-05,Chanticleer Concert,,30,19:30,St. Stephen's Episcopal Church,3 Bayview Avenue,3
1151,Chicago,2019-03-06,The Armando Diaz Experience,,35,16:30,The Mission Theater,1501 North Kingsbury Street,2
1152,Los Angeles,2019-03-09,Third Annual Diversity Festival,,55,19:00,The Groundlings Theatre & School,7307 Melrose Avenue,3
1153,London,2019-03-01,The Good Soldier Schwejk,,40,17:30,Sands Films Studio,82 Saint Marychurch Street,4
1154,London,2019-03-01,Newton Faulkner,,50,18:00,University of London Union,"University of London Union, Malet Street",3
1155,Los Angeles,2019-03-09,Third Annual Diversity Festival,,55,19:00,The Groundlings Theatre & School,7307 Melrose Avenue,1
1156,London,2019-03-10,Ghosts,,50,18:30,The Chapel Cafe Bar,308 - 312 Grays Inn Road,3
1157,Seattle,2019-03-11,Twelfth Night,,35,19:30,Fisher Pavilion,305 Harrison Street,2
1158,London,2019-03-04,Good People,,45,18:00,The Blues Kitchen Brixton,40 Acre Lane,1
1159,New York,2019-03-09,Mxmtoon,,20,18:30,Rockwood Music Hall Stage 3,185 Orchard Street,4
1160,Philadelphia,2019-03-14,Anthony Green,,35,19:00,The Foundry,29 East Allen Street 2nd Floor,1
1161,New York,2019-03-02,Frances Ruffelle,,45,16:30,The Green Room 42,570 10th Avenue,4
1162,London,2019-03-02,Good People,,60,17:00,The Blues Kitchen Brixton,40 Acre Lane,3
1163,New York,2019-03-02,Improv And Acting,,45,17:30,Vimbly,349 5th Avenue,3
1164,London,2019-03-11,Dimension,,35,18:00,Electric Brixton,Town Hall Parade,1
1165,Seattle,2019-03-07,Blood Water Paint,,30,16:30,12th Avenue Arts,1620 12th Avenue,1
1166,London,2019-03-14,The Lion King,,55,17:30,Christopher's,18 Wellington Street,1
1167,Sacramento,2019-03-14,Aftershock Festival,,25,17:00,Discovery Park,1600 Garden Highway,4
1168,San Diego,2019-03-10,Jon Pardi,,30,18:00,Cal Coast Credit Union Amphitheater,5500 Campanile Drive,4
1169,Seattle,2019-03-13,Maritess Zurbano Hypnotist,,40,19:00,Copious,2220 Northwest Market Street,3
1170,Vancouver,2019-03-02,Alice In Glitterland,,30,16:30,The Wise,1882 Adanac Street,1
1171,Chicago,2019-03-04,Every Brilliant Thing,,45,18:00,Windy City Playhouse,3014 West Irving Park Road,2
1172,Toronto,2019-03-11,Funtcase,,60,17:00,NEST,423 College Street,3
1173,Los Angeles,2019-03-12,Angel Olsen,,55,19:30,Palace Theatre,630 South Broadway,3
1174,London,2019-03-12,Twin Peaks,,50,18:30,The Dome,2A Dartmouth Park Hill,3
1175,Portland,2019-03-10,Annual School Performance,,55,18:00,Newmark Theatre,1111 Southwest Broadway,1
1176,Philadelphia,2019-03-04,Louis The Child,,30,18:30,The Fillmore Philadelphia,29 East Allen Street,2
1177,Philadelphia,2019-03-06,Mxmtoon,,55,17:30,The Foundry,29 East Allen Street 2nd Floor,2
1178,Chicago,2019-03-12,Murder In The Cathedral,,55,18:30,Poetry Foundation,61 West Superior Street,1
1179,New York,2019-03-04,Boston Symphony Orchestra,,30,18:00,Stern Auditorium / Perelman Stage,881 7th Avenue,3
1180,New York,2019-03-14,Raphael,,35,17:00,Stern Auditorium / Perelman Stage,881 7th Avenue,2
1181,Mexico City,2019-03-02,Ohtli,,50,18:00,TEATRO Sergio Magana,"Calle Sor Juana Ines de la Cruz 114, Santa Maria la Ribera, 06400 Cuauhtemoc, Ciudad de Mexico, Mexico",4
1182,Sydney,2019-03-09,West Side Story,,45,19:30,Joan Sutherland Theatre,Macquarie Street,1
1183,London,2019-03-03,Broken English,,45,18:00,The Honor Oak Pub,1 Saint German's Road,2
1184,Long Beach,2019-03-07,La Cage Aux Folles,,20,18:30,Mainstage & Studio Theatre,5021 East Anaheim Street,4
1185,New York,2019-03-12,Philadelphia Orchestra,,60,17:30,Stern Auditorium / Perelman Stage,881 7th Avenue,3
1186,New York,2019-03-14,Dead End Comedy Show,,30,16:00,Erv's,"2122 Beekman Place, Brooklyn",2
1187,Vancouver,2019-03-06,Cinderella Kids,,30,19:30,SFU Gallery,149 West Hastings Street,2
1188,Napa,2019-03-03,Nellie Mckay,,40,18:30,Blue Note Napa,1030 Main Street,3
1189,Vancouver,2019-03-14,Shakespeare In Love,,45,19:30,Bard on the Beach Shakespeare Festival,1695 Whyte Avenue,3
1190,Vancouver,2019-03-08,Kishi Bashi,,45,17:00,Imperial Vancouver,319 Main Street,1
1191,Seattle,2019-03-13,Digi Boi The Musical,,60,16:30,The Pocket Theater,8312 Greenwood Avenue North,3
1192,Toronto,2019-03-02,Gymnologize,,20,19:30,Red Sandcastle Theatre,922 Queen Street East,4
1193,Toronto,2019-03-11,Knives In Hens,,20,18:00,The Coal Mine Theatre,1454 Danforth Avenue,1
1194,Vancouver,2019-03-09,Kishi Bashi,,35,16:30,Imperial Vancouver,319 Main Street,4
1195,New York,2019-03-04,Sad Summer Festival,,45,17:00,The Bowery Presents,156 Ludlow Street #5,1
1196,Philadelphia,2019-03-06,Melanie Martinez,,30,17:00,The Fillmore Philadelphia,29 East Allen Street,1
1197,Philadelphia,2019-03-12,Toto,,55,19:30,The Met Philadelphia,858 North Broad Street,1
1198,London,2019-03-12,The Lion King,,20,19:30,Christopher's,18 Wellington Street,2
1199,New York,2019-03-04,Acting For Teens,,35,18:00,520 8th Ave. - Personal Valet Parking,520 8th Ave. - Personal Valet,4
1200,New York,2019-03-04,Acting For Teens,,35,18:00,520 8th Ave. - Personal Valet Parking,520 8th Ave. - Personal Valet,1
1201,Philadelphia,2019-03-05,Anthony Green,,40,19:30,The Foundry,29 East Allen Street 2nd Floor,3
1202,Seattle,2019-03-07,Beatleconcert,Theater,50,18:30,12th Avenue Arts,1620 12th Avenue,
1203,Seattle,2019-03-07,Blood Water Paint,Theater,30,16:30,12th Avenue Arts,1620 12th Avenue,
1204,Seattle,2019-03-07,Comedysportz,Theater,55,17:30,CSz Seattle - Home of ComedySportz,3509 Fremont Avenue North,
1205,Seattle,2019-03-07,Improv For Content Creators,Theater,50,18:30,The Atlas Theatre,3509 Fremont Avenue North,
1206,Seattle,2019-03-07,Improv For Everyone,Theater,55,16:00,Theater Puget Sound,"Armory, 305 Harrison Street",
1207,Seattle,2019-03-07,Improv Happy Hour,Theater,40,18:30,Unexpected Productions Improv,1428 Post Alley,
1208,Seattle,2019-03-07,Improv Workshop,Theater,20,18:00,Queen Anne Branch - The Seattle Public Library,400 West Garfield Street,
1209,Seattle,2019-03-07,Mimosas Cabaret,Theater,20,18:00,Unicorn,1118 East Pike Street,
1210,Seattle,2019-03-07,Read The Tempest,Theater,20,19:30,Douglass-Truth Branch - The Seattle Public Library,2300 East Yesler Way,
1211,Seattle,2019-03-07,Beatleconcert,,50,18:30,12th Avenue Arts,1620 12th Avenue,4
1212,New York,2019-03-09,Advanced Acting Scene Study,Theater,60,17:00,TGW Acting Studio,358 West 44th Street,
1213,New York,2019-03-09,Blks,Theater,35,19:30,The Robert W. Wilson MCC Theater Space,511 West 52nd Street,
1214,New York,2019-03-09,Broadway Brunch,Theater,55,16:00,Engine Room New York,707 8th Avenue,
1215,New York,2019-03-09,Broadway Buddy Mentorship Cabaret,Theater,60,19:00,Leonard Nimoy Thalia at Symphony Space,"Lower, 2537 Broadway",
1216,New York,2019-03-09,Broadway Buskers Concert,Theater,20,18:30,Club Free Time,20 Waterside Plaza,
1217,New York,2019-03-09,Chaos Theory,Theater,55,19:30,Caveat,21 A Clinton Street,
1218,New York,2019-03-09,Dead End Comedy Show,Theater,40,19:30,Erv's,"2122 Beekman Place, Brooklyn",
1219,New York,2019-03-09,Drama Group,Theater,40,18:30,Marlene Meyerson JCC Manhattan,334 Amsterdam Avenue,
1220,New York,2019-03-09,Drunk Shakespeare,Theater,25,19:00,Drunk Shakespeare,711 7th Avenue Floor 2,
1221,New York,2019-03-09,Drunken Shakespeare,Theater,35,18:00,Bar Nine,807 9th Avenue,
1222,New York,2019-03-12,Broadway Buskers Concert,Theater,55,16:00,Club Free Time,20 Waterside Plaza,
1223,New York,2019-03-12,Comedysportz,Theater,60,17:30,ComedySportz New York City,318 West 53rd Street,
1224,New York,2019-03-12,Dead End Comedy Show,Theater,25,17:30,Erv's,"2122 Beekman Place, Brooklyn",
1225,New York,2019-03-12,Dear Brutus,Theater,60,16:30,Shetler Studios & Theatres,244 West 54th Street,
1226,New York,2019-03-12,Drama Group,Theater,25,16:00,Marlene Meyerson JCC Manhattan,334 Amsterdam Avenue,
1227,New York,2019-03-12,Drunk Shakespeare,Theater,20,18:00,Drunk Shakespeare,711 7th Avenue Floor 2,
1228,New York,2019-03-12,Fairview,Theater,40,16:30,Theatre For A New Audience Administrative Offices,154 Christopher Street #3D,
1229,New York,2019-03-12,Improv And Acting,Theater,40,16:00,Leifs Improv Playhouse,"3159 Flatbush Avenue, Brooklyn",
1230,New York,2019-03-12,In The Penal Colony,Theater,50,19:00,4th Street Theatre,83 East 4th Street,
1231,New York,2019-03-12,Broadway Brunch,,45,19:00,Engine Room New York,707 8th Avenue,4
1232,London,2019-03-10,Dimension,Music,25,17:30,Electric Brixton,Town Hall Parade,
1233,London,2019-03-10,Efg,Music,25,17:00,Purcell Room,Belvedere Road,
1234,London,2019-03-10,Onblackheath Festival,Music,20,19:00,Blackheath Common,7-8 Vanbrugh Terrace,
1235,London,2019-03-10,Pvris,Music,30,17:30,Electric Brixton,Town Hall Parade,
1236,London,2019-03-10,Ruel,Music,50,17:30,Electric Brixton,Town Hall Parade,
1237,London,2019-03-10,Shakey Graves,Music,45,17:00,The Dome,2A Dartmouth Park Hill,
1238,London,2019-03-10,Sunset Sons,Music,40,18:30,Electric Brixton,Town Hall Parade,
1239,London,2019-03-10,Twin Peaks,Music,25,19:30,The Dome,2A Dartmouth Park Hill,
1240,Philadelphia,2019-03-05,Anthony Green,,40,19:30,The Foundry,29 East Allen Street 2nd Floor,4
1241,Vancouver,2019-03-13,Alice In Glitterland,,20,16:00,The Wise,1882 Adanac Street,1
1242,New York,2019-03-11,Abbi Jacobson,,60,19:30,Kaufmann Concert Hall,1395 Lexington Avenue,2
1243,Philadelphia,2019-03-11,Anthony Green,Music,35,18:30,The Foundry,29 East Allen Street 2nd Floor,
1244,Philadelphia,2019-03-11,Brockhampton,Music,45,19:00,The Fillmore Philadelphia,29 East Allen Street,
1245,Philadelphia,2019-03-11,Charlotte Lawrence,Music,30,19:00,The Fillmore Philadelphia,29 East Allen Street,
1246,Philadelphia,2019-03-11,Conan Gray,Music,60,19:00,The Fillmore Philadelphia,29 East Allen Street,
1247,Philadelphia,2019-03-11,Counterparts,Music,20,19:30,The Foundry,29 East Allen Street 2nd Floor,
1248,Philadelphia,2019-03-11,Davido,Music,50,18:30,The Fillmore Philadelphia,29 East Allen Street,
1249,Philadelphia,2019-03-11,Dwele,Music,30,16:00,City Winery,990 Filbert Street,
1250,Philadelphia,2019-03-11,Hozier,Music,20,17:30,The Met Philadelphia,858 North Broad Street,
1251,Philadelphia,2019-03-11,Comedysportz,Theater,25,18:30,The Playground At The Adrienne,2030 Sansom Street,
1252,Philadelphia,2019-03-11,Theatre Camp,Theater,35,16:30,Yes! And... Collaborative Arts,21 West Washington Lane,
1253,Philadelphia,2019-03-11,Comedysportz,,25,18:30,The Playground At The Adrienne,2030 Sansom Street,3
1254,Philadelphia,2019-03-10,Anthony Green,,60,18:00,The Foundry,29 East Allen Street 2nd Floor,1
1255,Los Angeles,2019-03-05,Angel Olsen,,30,16:30,Palace Theatre,630 South Broadway,2
1256,San Diego,2019-03-07,Alejandro Sanz,,50,19:30,Cal Coast Credit Union Amphitheater,5500 Campanile Drive,2
1257,Vancouver,2019-03-05,Alice In Glitterland,Theater,40,16:00,The Wise,1882 Adanac Street,
1258,Vancouver,2019-03-05,Classic Theatresports,Theater,20,16:00,Improv Centre,1502 Duranleau Street,
1259,Vancouver,2019-03-05,Little Mountain Improv,Theater,50,18:00,Little Mountain Gallery,195 East 26th Avenue,
1260,Vancouver,2019-03-05,Mother Of The Maid,Theater,35,18:30,Pacific Theatre,1440 West 12th Avenue,
1261,Vancouver,2019-03-05,Of Mice And Men,Theater,60,17:00,Stage Door,3102 Main Street,
1262,Vancouver,2019-03-05,Teatro Intimo Del Flamenco,Theater,40,17:00,Vancouver TheatreSports(tm),1502 Duranleau Street,
1263,Vancouver,2019-03-05,Vancouver Fringe Festival,Theater,55,19:00,Red Gate Revue Stage,1601 Johnston Street,
1264,Vancouver,2019-03-05,Alice In Glitterland,,40,16:00,The Wise,1882 Adanac Street,1
1265,San Francisco,2019-03-07,Above Ground,Theater,40,16:00,Mojo Theatre,2940 16th Street #217,
1266,San Francisco,2019-03-07,As You Like It,Theater,50,18:30,Main Post Lawn,Montgomery Street,
1267,San Francisco,2019-03-07,Bakersfield Mist,Theater,20,17:00,Phoenix Theatre,414 Mason Street,
1268,San Francisco,2019-03-07,Bats Improv Comedy,Theater,30,19:30,BATS Improv Theatre,Landmark Building B,
1269,San Francisco,2019-03-07,Creative Drama Summer Camp,Theater,50,19:00,Young Performers Theatre,"Landmark Building C, 2 Marina Boulevard",
1270,San Francisco,2019-03-07,Other,Theater,20,16:30,The Chapel,777 Valencia Street,
1271,San Francisco,2019-03-07,The Infinite Wrench,Theater,45,16:30,PianoFight,144 Taylor Street,
1272,San Francisco,2019-03-07,Two Play Improv Extravaganza,Theater,60,19:00,Moment Improv Theatre,533 Sutter Street 2nd Floor,
1273,San Francisco,2019-03-07,As You Like It,,50,18:30,Main Post Lawn,Montgomery Street,2
1274,Philadelphia,2019-03-12,Comedysportz,Theater,40,19:30,The Playground At The Adrienne,2030 Sansom Street,
1275,Philadelphia,2019-03-12,Constellations,Theater,25,19:00,Mayfair Theater,6243 Frankford Avenue,
1276,Philadelphia,2019-03-12,Pursuit Of Happiness,Theater,30,17:30,Mandell Theater Drexel University,3220 Chestnut Street,
1277,Philadelphia,2019-03-12,Shadow Fringe Arts Camp,Theater,35,17:30,Yes! And... Collaborative Arts,21 West Washington Lane,
1278,Philadelphia,2019-03-12,Summer Sort Of Thing,Theater,25,19:30,Yes! And... Collaborative Arts,21 West Washington Lane,
1279,Philadelphia,2019-03-12,Theatre Camp,Theater,45,17:30,Yes! And... Collaborative Arts,21 West Washington Lane,
1280,Philadelphia,2019-03-12,Comedysportz,,40,19:30,The Playground At The Adrienne,2030 Sansom Street,3
1281,San Francisco,2019-03-08,Alex Cameron,,25,19:00,August Hall,420 Mason Street,2
1282,Vancouver,2019-03-05,Cavetown,,60,16:00,Venue Nightclub,881 Granville Street,1
1283,Los Angeles,2019-03-04,Adieu Monsieur Haffmann,,45,18:30,Theatre Raymond Kabbaz,10361 West Pico Boulevard,4
1284,New York,2019-03-02,Abbi Jacobson,Music,45,18:30,Kaufmann Concert Hall,1395 Lexington Avenue,
1285,New York,2019-03-02,Alpha Blondy,Music,40,16:30,Sony Hall,235 West 46th Street,
1286,New York,2019-03-02,Ben Harper,Music,20,18:00,Pier 17,89 South Street,
1287,New York,2019-03-02,Crystal Method,Music,35,18:30,Warsaw,"261 Driggs Avenue, Brooklyn",
1288,New York,2019-03-02,Denis Matsuev,Music,60,18:00,Stern Auditorium / Perelman Stage,881 7th Avenue,
1289,New York,2019-03-02,Dj Gravy,Music,60,18:30,Sony Hall,235 West 46th Street,
1290,New York,2019-03-02,Emanuel Ax,Music,50,19:00,Stern Auditorium / Perelman Stage,881 7th Avenue,
1291,New York,2019-03-02,Finneas,Music,40,17:30,Warsaw,"261 Driggs Avenue, Brooklyn",
1292,New York,2019-03-02,France Rocks Festival,Music,45,16:30,Bruno Walter Auditorium,111 Amsterdam Avenue,
1293,New York,2019-03-02,Abbi Jacobson,,45,18:30,Kaufmann Concert Hall,1395 Lexington Avenue,2
1294,New York,2019-03-05,Abbi Jacobson,,40,17:00,Kaufmann Concert Hall,1395 Lexington Avenue,4
1295,San Francisco,2019-03-02,Jeanette Tietze,Music,55,19:30,The Episcopal Church of the Incarnation,1750 29th Avenue,
1296,San Francisco,2019-03-02,Matt Corby,Music,30,19:00,August Hall,420 Mason Street,
1297,San Francisco,2019-03-02,Raveena,Music,40,19:00,The Chapel,777 Valencia Street,
1298,San Francisco,2019-03-02,Remo Drive,Music,25,17:00,The Chapel,777 Valencia Street,
1299,San Francisco,2019-03-02,Sinead Harnett,Music,60,17:00,August Hall,420 Mason Street,
1300,San Francisco,2019-03-02,The Band Camino,Music,25,17:00,August Hall,420 Mason Street,
1301,San Francisco,2019-03-02,Jeanette Tietze,,55,19:30,The Episcopal Church of the Incarnation,1750 29th Avenue,4
1302,Seattle,2019-03-10,Beatleconcert,,50,17:00,12th Avenue Arts,1620 12th Avenue,4
1303,Philadelphia,2019-03-11,Ayokay,,60,18:30,The Foundry,29 East Allen Street 2nd Floor,2
1304,New York,2019-03-10,Advanced Acting Scene Study,,20,16:30,TGW Acting Studio,358 West 44th Street,2
1305,New York,2019-03-02,Abbi Jacobson,,45,18:30,Kaufmann Concert Hall,1395 Lexington Avenue,4
1306,New York,2019-03-10,Big Apple Circus,Theater,20,17:00,Big Apple Circus,60 Lincoln Center Plaza,
1307,New York,2019-03-10,Blks,Theater,45,17:00,The Robert W. Wilson MCC Theater Space,511 West 52nd Street,
1308,New York,2019-03-10,Broadway Buskers Concert,Theater,35,16:00,Club Free Time,20 Waterside Plaza,
1309,New York,2019-03-10,Calliope Musicals At Alphaville,Theater,40,18:00,Alphaville,"140 Wilson Avenue, Brooklyn",
1310,New York,2019-03-10,Chaos Theory,Theater,50,17:00,Caveat,21 A Clinton Street,
1311,New York,2019-03-10,Dead End Comedy Show,Theater,45,17:30,Erv's,"2122 Beekman Place, Brooklyn",
1312,New York,2019-03-10,Dear Brutus,Theater,55,17:00,Shetler Studios & Theatres,244 West 54th Street,
1313,New York,2019-03-10,Drunk Shakespeare,Theater,40,16:00,The Lounge,777 8th Avenue,
1314,New York,2019-03-10,Drunken Shakespeare,Theater,45,19:30,Bar Nine,807 9th Avenue,
1315,New York,2019-03-10,Advanced Acting Scene Study,,20,16:30,TGW Acting Studio,358 West 44th Street,3
1316,New York,2019-03-07,Abbi Jacobson,,35,16:30,Kaufmann Concert Hall,1395 Lexington Avenue,1
1317,New York,2019-03-06,Acting For Teens,Theater,50,19:30,520 8th Ave. - Personal Valet Parking,520 8th Ave. - Personal Valet,
1318,New York,2019-03-06,Big Apple Circus,Theater,50,17:00,Big Apple Circus,60 Lincoln Center Plaza,
1319,New York,2019-03-06,Broadway Buddy Mentorship Cabaret,Theater,60,18:00,Leonard Nimoy Thalia at Symphony Space,"Lower, 2537 Broadway",
1320,New York,2019-03-06,Calliope Musicals At Alphaville,Theater,45,16:30,Alphaville,"140 Wilson Avenue, Brooklyn",
1321,New York,2019-03-06,Chaos Theory,Theater,60,19:00,Caveat,21 A Clinton Street,
1322,New York,2019-03-06,Comedysportz,Theater,20,18:00,ComedySportz New York City,318 West 53rd Street,
1323,New York,2019-03-06,Dead End Comedy Show,Theater,25,17:30,Erv's,"2122 Beekman Place, Brooklyn",
1324,New York,2019-03-06,Dear Brutus,Theater,55,19:30,Shetler Studios & Theatres,244 West 54th Street,
1325,New York,2019-03-06,Drunk Shakespeare,Theater,45,17:00,The Lounge,777 8th Avenue,
1326,New York,2019-03-06,Drunken Shakespeare,Theater,35,18:30,Bar Nine,807 9th Avenue,
1327,New York,2019-03-06,Acting For Teens,,50,19:30,520 8th Ave. - Personal Valet Parking,520 8th Ave. - Personal Valet,3
1328,New York,2019-03-03,Alma Deutscher,,50,19:00,Stern Auditorium / Perelman Stage,881 7th Avenue,2
1329,Vancouver,2019-03-09,Alice In Glitterland,Theater,45,19:30,The Wise,1882 Adanac Street,
1330,Vancouver,2019-03-09,Mother Of The Maid,Theater,30,18:00,Pacific Theatre,1440 West 12th Avenue,
1331,Vancouver,2019-03-09,Of Mice And Men,Theater,50,16:00,Stage Door,3102 Main Street,
1332,Vancouver,2019-03-09,Teatro Intimo Del Flamenco,Theater,45,17:30,Vancouver TheatreSports(tm),1502 Duranleau Street,
1333,Vancouver,2019-03-09,Alice In Glitterland,,45,19:30,The Wise,1882 Adanac Street,2
1334,Portland,2019-03-04,Bryan Adams,Music,50,18:30,Theater Of The Clouds,1016-1098 North Center Court Street,
1335,Portland,2019-03-04,Dave Alvin Oregon,Music,50,18:00,The Old Church Concert Hall,1422 Southwest 11th Avenue,
1336,Portland,2019-03-04,Nick Kroll,Music,60,18:30,Newmark Theatre,1111 Southwest Broadway,
1337,Portland,2019-03-04,The Priests,Music,60,17:30,Polaris Hall,635 North Killingsworth Court,
1338,Portland,2019-03-04,Bryan Adams,,50,18:30,Theater Of The Clouds,1016-1098 North Center Court Street,3
1339,Philadelphia,2019-03-08,Anthony Green,Music,35,19:00,The Foundry,29 East Allen Street 2nd Floor,
1340,Philadelphia,2019-03-08,Ayokay,Music,45,17:00,The Foundry,29 East Allen Street 2nd Floor,
1341,Philadelphia,2019-03-08,Bars And Melody,Music,35,17:30,The Foundry,29 East Allen Street 2nd Floor,
1342,Philadelphia,2019-03-08,Counterparts,Music,25,19:00,The Foundry,29 East Allen Street 2nd Floor,
1343,Philadelphia,2019-03-08,Davido,Music,60,17:30,The Fillmore Philadelphia,29 East Allen Street,
1344,Philadelphia,2019-03-08,Dwele,Music,55,16:00,City Winery,990 Filbert Street,
1345,Philadelphia,2019-03-08,Girl In Red,Music,45,19:30,The Foundry,29 East Allen Street 2nd Floor,
1346,Philadelphia,2019-03-08,Icon For Hire,Music,40,17:00,Voltage Lounge,421 North 7th Street,
1347,Philadelphia,2019-03-08,Jordan Rakei,Music,25,16:30,The Foundry,29 East Allen Street 2nd Floor,
1348,Philadelphia,2019-03-08,Anthony Green,,35,19:00,The Foundry,29 East Allen Street 2nd Floor,4
1349,Los Angeles,2019-03-10,A Year In Dragonfly,Theater,55,17:30,Studio C Artists,6448 California 2,
1350,Los Angeles,2019-03-10,Adieu Monsieur Haffmann,Theater,60,17:00,Theatre Raymond Kabbaz,10361 West Pico Boulevard,
1351,Los Angeles,2019-03-10,Anything Goes,Theater,40,16:00,Upright Citizens Brigade Sunset,5419 Sunset Boulevard,
1352,Los Angeles,2019-03-10,Asssscat,Theater,30,17:00,Ucb Franklin,5919 Franklin Avenue,
1353,Los Angeles,2019-03-10,At The Table,Theater,45,19:00,Lankershim Arts Center,5108 Lankershim Boulevard,
1354,Los Angeles,2019-03-10,Benji Hughes,Theater,25,17:00,The Teragram Ballroom,1234 West 7th Street,
1355,Los Angeles,2019-03-10,Characters Welcome,Theater,50,18:30,Upright Citizens Brigade Sunset,5419 Sunset Boulevard,
1356,Los Angeles,2019-03-10,Good Mourning,Theater,35,18:00,The Hudson Theatres,6539 Santa Monica Boulevard,
1357,Los Angeles,2019-03-10,Improv Nerds,Theater,45,18:00,Upright Citizens Brigade Sunset,5419 Sunset Boulevard,
1358,Los Angeles,2019-03-10,Lavender Men,Theater,30,18:00,Skylight Theatre Company,1816 1/2 North Vermont Avenue,
1359,Los Angeles,2019-03-10,Adieu Monsieur Haffmann,,60,17:00,Theatre Raymond Kabbaz,10361 West Pico Boulevard,4
1360,Las Vegas,2019-03-03,Adam London,Music,50,19:30,The D Casino & Hotel,301 Fremont Street,
1361,Las Vegas,2019-03-03,Adam London,,50,19:30,The D Casino & Hotel,301 Fremont Street,3
1362,New York,2019-03-01,Alma Deutscher,Music,25,17:30,Stern Auditorium / Perelman Stage,881 7th Avenue,
1363,New York,2019-03-01,Alpha Blondy,Music,20,19:30,Sony Hall,235 West 46th Street,
1364,New York,2019-03-01,Ben Harper,Music,20,17:00,Pier 17,89 South Street,
1365,New York,2019-03-01,Boston Symphony Orchestra,Music,35,16:30,Stern Auditorium / Perelman Stage,881 7th Avenue,
1366,New York,2019-03-01,Carbon Leaf,Music,40,16:30,Sony Hall,235 West 46th Street,
1367,New York,2019-03-01,Crooked Colours,Music,35,17:00,Rough Trade NYC,"64 North 9th Street, Brooklyn",
1368,New York,2019-03-01,Dj Gravy,Music,40,19:30,Sony Hall,235 West 46th Street,
1369,New York,2019-03-01,Emanuel Ax,Music,60,18:00,Stern Auditorium / Perelman Stage,881 7th Avenue,
1370,Seattle,2019-03-01,Claudia Oshry,Music,45,16:30,Illsley Ball Nordstrom Recital Hall,200 University Street,
1371,Seattle,2019-03-01,Greensky Bluegrass,Music,40,18:00,Flamingo Lot,5500 Phinney Avenue North,
1372,Seattle,2019-03-01,Mal Blum,Music,35,16:30,The Vera Project,305 Harrison Street,
1373,Seattle,2019-03-01,Claudia Oshry,,45,16:30,Illsley Ball Nordstrom Recital Hall,200 University Street,4
1374,San Francisco,2019-03-06,Above Ground,,35,17:00,Mojo Theatre,2940 16th Street #217,2
1375,New York,2019-03-10,Alma Deutscher,Music,30,18:00,Stern Auditorium / Perelman Stage,881 7th Avenue,
1376,New York,2019-03-10,Alpha Blondy,Music,55,16:30,Sony Hall,235 West 46th Street,
1377,New York,2019-03-10,Black Uhuru,Music,20,19:00,Sony Hall,235 West 46th Street,
1378,New York,2019-03-10,Boston Symphony Orchestra,Music,35,16:30,Stern Auditorium / Perelman Stage,881 7th Avenue,
1379,New York,2019-03-10,Buddy Guy,Music,55,17:00,Sony Hall,235 West 46th Street,
1380,New York,2019-03-10,Crooked Colours,Music,20,18:00,Rough Trade NYC,"64 North 9th Street, Brooklyn",
1381,New York,2019-03-10,Crystal Method,Music,50,17:30,Warsaw,"261 Driggs Avenue, Brooklyn",
1382,New York,2019-03-10,Denis Matsuev,Music,60,18:00,Stern Auditorium / Perelman Stage,881 7th Avenue,
1383,New York,2019-03-10,Dj Gravy,Music,20,18:00,Sony Hall,235 West 46th Street,
1384,New York,2019-03-10,Alma Deutscher,,30,18:00,Stern Auditorium / Perelman Stage,881 7th Avenue,4
1385,New York,2019-03-12,Broadway Brunch,,45,19:00,Engine Room New York,707 8th Avenue,2
1386,Philadelphia,2019-03-09,Brockhampton,,25,19:30,The Fillmore Philadelphia,29 East Allen Street,3
1387,Philadelphia,2019-03-04,Babymetal,Music,50,17:00,The Fillmore Philadelphia,29 East Allen Street,
1388,Philadelphia,2019-03-04,Brockhampton,Music,20,16:30,The Fillmore Philadelphia,29 East Allen Street,
1389,Philadelphia,2019-03-04,Charlotte Lawrence,Music,40,17:30,The Fillmore Philadelphia,29 East Allen Street,
1390,Philadelphia,2019-03-04,Counterparts,Music,40,17:30,The Foundry,29 East Allen Street 2nd Floor,
1391,Philadelphia,2019-03-04,Davido,Music,25,17:30,The Fillmore Philadelphia,29 East Allen Street,
1392,Philadelphia,2019-03-04,Dwele,Music,35,16:30,City Winery,990 Filbert Street,
1393,Philadelphia,2019-03-04,Hozier,Music,30,19:00,The Met Philadelphia,858 North Broad Street,
1394,Philadelphia,2019-03-04,Jordan Rakei,Music,60,18:30,The Foundry,29 East Allen Street 2nd Floor,
1395,Philadelphia,2019-03-04,Julia Jacklin,Music,20,19:00,The Foundry,29 East Allen Street 2nd Floor,
1396,Philadelphia,2019-03-04,Babymetal,,50,17:00,The Fillmore Philadelphia,29 East Allen Street,1
1397,Philadelphia,2019-03-11,Ayokay,,60,18:30,The Foundry,29 East Allen Street 2nd Floor,1
1398,New York,2019-03-05,Advanced Acting Scene Study,,30,18:30,TGW Acting Studio,358 West 44th Street,2
1399,Los Angeles,2019-03-09,A Year In Dragonfly,Theater,40,16:00,Studio C Artists,6448 California 2,
1400,Los Angeles,2019-03-09,Adieu Monsieur Haffmann,Theater,40,17:00,Theatre Raymond Kabbaz,10361 West Pico Boulevard,
1401,Los Angeles,2019-03-09,Anything Goes,Theater,35,18:30,Upright Citizens Brigade Sunset,5419 Sunset Boulevard,
1402,Los Angeles,2019-03-09,Asssscat,Theater,50,17:30,Ucb Franklin,5919 Franklin Avenue,
1403,Los Angeles,2019-03-09,At The Table,Theater,25,19:00,Lankershim Arts Center,5108 Lankershim Boulevard,
1404,Los Angeles,2019-03-09,Benji Hughes,Theater,60,16:00,The Teragram Ballroom,1234 West 7th Street,
1405,Los Angeles,2019-03-09,Crabbe And Goyle,Theater,20,16:30,studio/stage,520 North Western Avenue,
1406,Los Angeles,2019-03-09,Extraordinary,Theater,35,18:30,Studio C Artists,6448 California 2,
1407,Los Angeles,2019-03-09,Famous Adjacent,Theater,35,16:00,Rockwell Table & Stage,1714 North Vermont Avenue,
1408,Los Angeles,2019-03-09,Good Mourning,Theater,20,17:00,The Hudson Theatres,6539 Santa Monica Boulevard,
1409,Los Angeles,2019-03-09,A Year In Dragonfly,,40,16:00,Studio C Artists,6448 California 2,1
1410,Seattle,2019-03-10,Beatleconcert,,50,17:00,12th Avenue Arts,1620 12th Avenue,3
1411,Vancouver,2019-03-14,Cavetown,Music,25,19:30,Venue Nightclub,881 Granville Street,
1412,Vancouver,2019-03-14,Collective Soul,Music,30,16:00,PNE Amphitheatre,2901 East Hastings Street,
1413,Vancouver,2019-03-14,Comethazine,Music,45,16:00,Venue Nightclub,881 Granville Street,
1414,Vancouver,2019-03-14,Kishi Bashi,Music,20,18:00,Imperial Vancouver,319 Main Street,
1415,New York,2019-03-01,Alma Deutscher,,25,17:30,Stern Auditorium / Perelman Stage,881 7th Avenue,4
1416,Los Angeles,2019-03-02,Aldous Harding,Music,40,17:00,Lodge Room,104 North Avenue 56 2nd Floor,
1417,Los Angeles,2019-03-02,Altin Gun,Music,50,19:30,The Teragram Ballroom,1234 West 7th Street,
1418,Los Angeles,2019-03-02,America,Music,25,17:00,The Theatre at Ace Hotel,929 South Broadway,
1419,Los Angeles,2019-03-02,Angel Olsen,Music,45,16:00,Palace Theatre,630 South Broadway,
1420,Los Angeles,2019-03-02,Billy Strings,Music,40,18:30,Lodge Room,104 North Avenue 56 2nd Floor,
1421,Los Angeles,2019-03-02,Emeli Sande,Music,55,19:00,The Theatre at Ace Hotel,929 South Broadway,
1422,Los Angeles,2019-03-02,Foy Vance,Music,55,19:30,Palace Theatre,630 South Broadway,
1423,Los Angeles,2019-03-02,Joanna Newsom,Music,45,16:30,Hollywood American Legion Post 43,2035 North Highland Avenue,
1424,Los Angeles,2019-03-02,Jpegmafia,Music,55,18:00,The Teragram Ballroom,1234 West 7th Street,
1425,Los Angeles,2019-03-02,Kamasi Washington,Music,60,19:00,The Theatre at Ace Hotel,929 South Broadway,
1426,Los Angeles,2019-03-02,Aldous Harding,,40,17:00,Lodge Room,104 North Avenue 56 2nd Floor,1
1427,Portland,2019-03-09,Annual School Performance,,20,16:30,Newmark Theatre,1111 Southwest Broadway,4
1428,New York,2019-03-08,Acting For Teens,Theater,50,16:30,520 8th Ave. - Personal Valet Parking,520 8th Ave. - Personal Valet,
1429,New York,2019-03-08,Big Apple Circus,Theater,30,16:30,Big Apple Circus,60 Lincoln Center Plaza,
1430,New York,2019-03-08,Blks,Theater,20,16:30,The Robert W. Wilson MCC Theater Space,511 West 52nd Street,
1431,New York,2019-03-08,Broadway Buskers Concert,Theater,40,19:00,Club Free Time,20 Waterside Plaza,
1432,New York,2019-03-08,Broadway Musical Theater Week,Theater,40,19:00,Actors Technique NY Kids and Teens,"4th, 500 8th Avenue",
1433,New York,2019-03-08,Comedysportz,Theater,20,16:00,ComedySportz New York City,318 West 53rd Street,
1434,New York,2019-03-08,Dead End Comedy Show,Theater,40,16:30,Erv's,"2122 Beekman Place, Brooklyn",
1435,New York,2019-03-08,Dear Brutus,Theater,60,17:30,Shetler Studios & Theatres,244 West 54th Street,
1436,New York,2019-03-08,Drunken Shakespeare,Theater,50,18:30,Bar Nine,807 9th Avenue,
1437,New York,2019-03-08,Acting For Teens,,50,16:30,520 8th Ave. - Personal Valet Parking,520 8th Ave. - Personal Valet,3
1438,Los Angeles,2019-03-09,Ain Gordon,,60,19:00,Ralph Freud Playhouse,245 Charles E Young Drive East,3
1439,San Francisco,2019-03-05,Finneas,Music,45,18:30,August Hall,420 Mason Street,
1440,San Francisco,2019-03-05,Jeanette Tietze,Music,45,19:00,The Episcopal Church of the Incarnation,1750 29th Avenue,
1441,San Francisco,2019-03-05,Matty Matheson,Music,20,19:00,August Hall,420 Mason Street,
1442,San Francisco,2019-03-05,Patti Lupone,Music,60,19:30,San Francisco Symphony,201 Van Ness Avenue,
1443,San Francisco,2019-03-05,Raveena,Music,25,19:30,The Chapel,777 Valencia Street,
1444,San Francisco,2019-03-05,Remo Drive,Music,25,19:00,The Chapel,777 Valencia Street,
1445,San Francisco,2019-03-05,Sinead Harnett,Music,55,17:30,August Hall,420 Mason Street,
1446,San Francisco,2019-03-05,Finneas,,45,18:30,August Hall,420 Mason Street,3
1447,Phoenix,2019-03-14,Dodie,Music,55,17:30,The Van Buren,401 West Van Buren Street,
1448,Phoenix,2019-03-14,Jenny Lewis,Music,30,16:00,The Van Buren,401 West Van Buren Street,
1449,Phoenix,2019-03-14,Melanie Martinez,Music,55,18:00,The Van Buren,401 West Van Buren Street,
1450,Phoenix,2019-03-14,Motion City Soundtrack,Music,40,16:30,The Van Buren,401 West Van Buren Street,
1451,Phoenix,2019-03-14,Sabrina Claudio,Music,50,19:30,The Van Buren,401 West Van Buren Street,
1452,Phoenix,2019-03-14,Steve Hackett,Music,45,16:30,The Van Buren,401 West Van Buren Street,
1453,Phoenix,2019-03-14,Tom Morello,Music,40,18:30,The Pressroom,441 West Madison Street,
1454,Fresno,2019-03-08,The Government Inspector,Theater,60,18:30,California Arts Academy,1401 North Wishon Avenue,
1455,San Francisco,2019-03-14,Above Ground Festival,Theater,45,19:30,Mojo Theatre,2940 16th Street #217,
1456,San Francisco,2019-03-14,As You Like It,Theater,20,16:00,Main Post Lawn,Montgomery Street,
1457,San Francisco,2019-03-14,Caveman Play,Theater,35,18:30,Z Below,470 Florida Street,
1458,San Francisco,2019-03-14,Creative Drama Summer Camp,Theater,60,17:00,Young Performers Theatre,"Landmark Building C, 2 Marina Boulevard",
1459,San Francisco,2019-03-14,Superscene Prime Time,Theater,55,16:30,BATS Improv Theatre,Landmark Building B,
1460,San Francisco,2019-03-14,The Infinite Wrench,Theater,40,19:30,PianoFight,144 Taylor Street,
1461,San Francisco,2019-03-14,Two Play Improv Extravaganza,Theater,25,19:00,Moment Improv Theatre,533 Sutter Street 2nd Floor,
1462,San Francisco,2019-03-09,Alex Cameron,Music,20,18:00,August Hall,420 Mason Street,
1463,San Francisco,2019-03-09,Lucy Dacus,Music,60,18:30,August Hall,420 Mason Street,
1464,San Francisco,2019-03-09,Matt Corby,Music,30,18:00,August Hall,420 Mason Street,
1465,San Francisco,2019-03-09,Matty Matheson,Music,60,16:00,August Hall,420 Mason Street,
1466,San Francisco,2019-03-09,Neneh Cherry,Music,25,18:30,August Hall,420 Mason Street,
1467,San Francisco,2019-03-09,The Band Camino,Music,35,17:00,August Hall,420 Mason Street,
1468,Anaheim,2019-03-01,Jesus Christ Superstar,Theater,45,19:00,Stage Door Repertory Theatre,1045 North Armando Street,
1469,Philadelphia,2019-03-03,Conan Gray,Music,30,19:30,The Fillmore Philadelphia,29 East Allen Street,
1470,Philadelphia,2019-03-03,Davido,Music,25,17:30,The Fillmore Philadelphia,29 East Allen Street,
1471,Philadelphia,2019-03-03,Girl In Red,Music,25,17:00,The Foundry,29 East Allen Street 2nd Floor,
1472,Philadelphia,2019-03-03,Julia Jacklin,Music,55,16:30,The Foundry,29 East Allen Street 2nd Floor,
1473,Philadelphia,2019-03-03,King Princess,Music,50,16:00,The Fillmore Philadelphia,29 East Allen Street,
1474,Philadelphia,2019-03-03,Mac Ayres,Music,25,17:30,The Foundry,29 East Allen Street 2nd Floor,
1475,Philadelphia,2019-03-03,Mason Ramsey,Music,25,17:00,The Foundry,29 East Allen Street 2nd Floor,
1476,Philadelphia,2019-03-03,Melanie Martinez,Music,45,18:30,The Fillmore Philadelphia,29 East Allen Street,
1477,Philadelphia,2019-03-03,Nick Kroll,Music,55,17:30,The Fillmore Philadelphia,29 East Allen Street,
1478,Anaheim,2019-03-13,Brown Sabbath,Music,40,16:30,Crossroads at House of Blues Anaheim,1530 Disneyland Monrail System,
1479,Sacramento,2019-03-14,Aftershock Festival,Music,25,17:00,Discovery Park,1600 Garden Highway,
1480,Sacramento,2019-03-14,Aftershock Music Festival,Music,40,19:30,Discovery Park,1600 Garden Highway,
1481,Sacramento,2019-03-14,The Melvins,Music,25,18:30,Holy Diver,1517 21st Street,
1482,Sacramento,2019-03-14,Weird Al Yankovic,Music,35,19:00,Sacramento Memorial Auditorium,1515 J Street,
1483,Portland,2019-03-14,Beirut By Alan Bowne,Theater,30,16:30,Shoe Box Theater,2110 Southeast 10th Avenue,
1484,Portland,2019-03-14,Mala By Melinda Lopez,Theater,20,18:00,CoHo Productions,2257 Northwest Raleigh Street,
1485,Portland,2019-03-14,Oregon Ballet Theatre,Theater,50,17:30,Newmark Theatre,1111 Southwest Broadway,
1486,Portland,2019-03-14,Summer Improv Intensive,Theater,45,19:30,Curious Comedy Theater,5225 Northeast Martin Luther King Junior Boulevard,
1487,Portland,2019-03-14,Troilus And Cressida,Theater,50,18:00,Shaking the Tree Theatre,823 Southeast Grant Street,
1488,Portland,2019-03-14,West Side Story,Theater,45,17:00,Dolores Winningstad Theatre,1111 Southwest Broadway,
1489,Fresno,2019-03-14,The Government Inspector,Theater,35,17:30,California Arts Academy,1401 North Wishon Avenue,
1490,Fresno,2019-03-14,Brockhampton,Music,45,17:30,Rainbow Ballroom,1725 Broadway Street,
1491,San Diego,2019-03-14,Bastille,Music,60,17:00,Cal Coast Credit Union Amphitheater,5500 Campanile Drive,
1492,San Diego,2019-03-14,Benjamin Francis Leftwich,Music,40,18:30,The Irenic,3090 Polk Avenue,
1493,San Diego,2019-03-14,Greta Van Fleet,Music,45,16:00,Cal Coast Credit Union Amphitheater,5500 Campanile Drive,
1494,San Diego,2019-03-14,Hozier,Music,30,17:00,Cal Coast Credit Union Amphitheater,5500 Campanile Drive,
1495,San Diego,2019-03-14,Johnny Mathis,Music,40,18:00,Copley Symphony Hall,Seventh Avenue,
1496,San Diego,2019-03-14,Jon Bellion,Music,30,18:30,Cal Coast Credit Union Amphitheater,5500 Campanile Drive,
1497,San Diego,2019-03-14,Jon Pardi,Music,40,16:30,Cal Coast Credit Union Amphitheater,5500 Campanile Drive,
1498,San Diego,2019-03-14,Lizzo,Music,20,19:00,Cal Coast Credit Union Amphitheater,5500 Campanile Drive,
1499,San Diego,2019-03-14,Local Natives,Music,55,18:00,Music Box,1337 India Street,
1500,San Diego,2019-03-14,Mandolin Orange,Music,40,16:30,The Observatory North Park,2891 University Avenue,
1501,Anaheim,2019-03-05,Jesus Christ Superstar,Theater,20,17:30,Stage Door Repertory Theatre,1045 North Armando Street,
1502,Anaheim,2019-03-02,Brown Sabbath,Music,55,19:30,Crossroads at House of Blues Anaheim,1530 Disneyland Monrail System,
1503,Phoenix,2019-03-11,Dreamers,Music,50,19:30,The Van Buren,401 West Van Buren Street,
1504,Phoenix,2019-03-11,Greensky Bluegrass,Music,45,17:00,The Van Buren,401 West Van Buren Street,
1505,Phoenix,2019-03-11,Gus Dapperton,Music,30,18:00,The Van Buren,401 West Van Buren Street,
1506,Phoenix,2019-03-11,Jenny Lewis,Music,35,18:00,The Van Buren,401 West Van Buren Street,
1507,Phoenix,2019-03-11,Johnnyswim,Music,60,18:30,The Van Buren,401 West Van Buren Street,
1508,Phoenix,2019-03-11,Motion City Soundtrack,Music,50,17:00,The Van Buren,401 West Van Buren Street,
1509,Phoenix,2019-03-11,Oliver Tree,Music,50,16:30,The Van Buren,401 West Van Buren Street,
1510,Phoenix,2019-03-11,Paulina Rubio,Music,35,16:30,The Van Buren,401 West Van Buren Street,
1511,Phoenix,2019-03-11,Steve Hackett,Music,35,19:00,The Van Buren,401 West Van Buren Street,
1512,Phoenix,2019-03-11,Tash Sultana,Music,20,17:00,The Van Buren,401 West Van Buren Street,
1513,Phoenix,2019-03-11,Boondocks Improv,Theater,50,19:00,Dearing Acting Studio,10806 North 32nd Street,
1514,Phoenix,2019-03-11,Jack And The Beanstalk,Theater,60,18:30,Great Arizona Puppet Theater,302 West Latham Street,
1515,Chicago,2019-03-08,Ada And The Engine,Theater,50,18:00,The Artistic Home,1376 West Grand Avenue #7761,
1516,Chicago,2019-03-08,Casa Valentina,Theater,35,16:00,PRIDE ARTS CENTER,4139 North Broadway,
1517,Chicago,2019-03-08,Comedysportz,Theater,30,17:30,CSz Theater Chicago,929 West Belmont Avenue,
1518,Chicago,2019-03-08,Drunk Shakespeare,Theater,25,16:00,The Lion Theatre,182 North Wabash Avenue,
1519,Chicago,2019-03-08,Emma,Theater,45,18:00,Lifeline Theatre,6912 North Glenwood Avenue,
1520,Chicago,2019-03-08,Every Brilliant Thing,Theater,55,16:30,Windy City Playhouse,3014 West Irving Park Road,
1521,Chicago,2019-03-08,Fine,Theater,20,17:00,The Mission Theater,1501 North Kingsbury Street,
1522,Chicago,2019-03-08,Frankenstein,Theater,40,19:00,Lookingglass Theatre Company,821 North Michigan Avenue,
1523,Chicago,2019-03-08,Gilgamesh And Enkidu,Theater,60,17:30,The Edge Off Broadway,1133 West Catalpa Avenue,
1524,Chicago,2019-03-08,Helvetica,Theater,40,16:30,Nox Arca Theatre,4001 North Ravenswood Avenue #405,
1525,Anaheim,2019-03-14,Jesus Christ Superstar,Theater,30,18:00,Stage Door Repertory Theatre,1045 North Armando Street,
1526,Chicago,2019-03-10,Conor Maynard,Music,50,18:30,Chop Shop,2033 West North Avenue,
1527,Chicago,2019-03-10,Duster,Music,40,18:30,Sleeping Village,3734 West Belmont Avenue,
1528,Chicago,2019-03-10,My House Music Festival,Music,40,17:30,Harrison Park,1824 South Wood Street,
1529,San Diego,2019-03-07,Benjamin Francis Leftwich,Music,35,18:00,The Irenic,3090 Polk Avenue,
1530,San Diego,2019-03-07,Ingrid Michaelson,Music,60,18:30,The Observatory North Park,2891 University Avenue,
1531,San Diego,2019-03-07,Johnny Mathis,Music,40,16:30,Copley Symphony Hall,Seventh Avenue,
1532,San Diego,2019-03-07,Jon Pardi,Music,20,16:30,Cal Coast Credit Union Amphitheater,5500 Campanile Drive,
1533,San Diego,2019-03-07,Lizzo,Music,35,16:00,Cal Coast Credit Union Amphitheater,5500 Campanile Drive,
1534,San Diego,2019-03-07,Maribou State,Music,35,18:30,The Observatory North Park,2891 University Avenue,
1535,Seattle,2019-03-09,Beatleconcert,Theater,40,16:30,12th Avenue Arts,1620 12th Avenue,
1536,Seattle,2019-03-09,Blood Water Paint,Theater,60,16:30,12th Avenue Arts,1620 12th Avenue,
1537,Seattle,2019-03-09,Improv Camp For Teens,Theater,60,16:30,Unexpected Productions Improv,1428 Post Alley,
1538,Seattle,2019-03-09,Improv For Everyone,Theater,20,18:30,Theater Puget Sound,"Armory, 305 Harrison Street",
1539,Seattle,2019-03-09,Improv Happy Hour,Theater,40,18:00,Unexpected Productions Improv,1428 Post Alley,
1540,Seattle,2019-03-09,Maritess Zurbano Hypnotist,Theater,20,16:00,Copious,2220 Northwest Market Street,
1541,Seattle,2019-03-09,Mimosas Cabaret,Theater,35,16:30,Unicorn,1118 East Pike Street,
1542,Seattle,2019-03-09,Seattle Theatresports,Theater,30,16:00,Unexpected Productions Improv,1428 Post Alley,
1543,Seattle,2019-03-09,The Agitators,Theater,25,16:30,West of Lenin,203 North 36th Street,
1544,Vancouver,2019-03-12,Alice In Glitterland,Theater,45,17:00,The Wise,1882 Adanac Street,
1545,Vancouver,2019-03-12,Cinderella Kids,Theater,45,19:30,SFU Gallery,149 West Hastings Street,
1546,Vancouver,2019-03-12,Impro Scene Study,Theater,40,16:30,Dusty Flowerpot Cabaret Society,2050 Scotia Street,
1547,Vancouver,2019-03-12,Matilda The Musical,Theater,20,18:00,"Goldcorp Stage at the BMO Theatre Centre, Arts Club Theatre Company",203 - 162 West 1st Avenue,
1548,Vancouver,2019-03-12,Teatro Intimo Del Flamenco,Theater,40,16:00,Vancouver TheatreSports(tm),1502 Duranleau Street,
1549,Phoenix,2019-03-09,Boondocks Improv,Theater,35,19:00,Dearing Acting Studio,10806 North 32nd Street,
1550,Phoenix,2019-03-09,Chaos Comedy Improv Show,Theater,35,19:30,Dearing Acting Studio,10806 North 32nd Street,
1551,Phoenix,2019-03-09,Jack And The Beanstalk,Theater,45,16:00,Great Arizona Puppet Theater,302 West Latham Street,
1552,San Diego,2019-03-06,Angel Olsen,Music,35,19:00,The Observatory North Park,2891 University Avenue,
1553,San Diego,2019-03-06,Bastille,Music,55,17:30,Cal Coast Credit Union Amphitheater,5500 Campanile Drive,
1554,San Diego,2019-03-06,Fidlar,Music,25,16:00,The Observatory North Park,2891 University Avenue,
1555,San Diego,2019-03-06,Greta Van Fleet,Music,40,18:00,Cal Coast Credit Union Amphitheater,5500 Campanile Drive,
1556,San Diego,2019-03-06,Hozier,Music,40,16:30,Cal Coast Credit Union Amphitheater,5500 Campanile Drive,
1557,San Diego,2019-03-06,Ingrid Michaelson,Music,40,17:30,The Observatory North Park,2891 University Avenue,
1558,San Diego,2019-03-06,Johnny Mathis,Music,20,16:00,Copley Symphony Hall,Seventh Avenue,
1559,San Diego,2019-03-06,Jon Bellion,Music,50,16:30,Cal Coast Credit Union Amphitheater,5500 Campanile Drive,
1560,San Diego,2019-03-06,Jon Pardi,Music,50,16:00,Cal Coast Credit Union Amphitheater,5500 Campanile Drive,
1561,San Diego,2019-03-06,Lizzo,Music,25,18:00,Cal Coast Credit Union Amphitheater,5500 Campanile Drive,
1562,Chicago,2019-03-14,Duster,Music,55,18:30,Sleeping Village,3734 West Belmont Avenue,
1563,Chicago,2019-03-14,My House Music Festival,Music,45,19:00,Harrison Park,1824 South Wood Street,
1564,Chicago,2019-03-14,Sasha Sloan,Music,50,18:30,Chop Shop,2033 West North Avenue,
1565,Atlanta,2019-03-14,Benjamin Francis Leftwich,Music,60,18:00,Vinyl,1374 West Peachtree Street Northwest,
1566,Atlanta,2019-03-14,Buddy Holly,Music,60,19:30,Atlanta Symphony Orchestra,1280 Peachtree Street Northeast,
1567,Atlanta,2019-03-14,Charlie Wilson,Music,45,17:00,Cadence Bank Amphitheatre at Chastain Park,4469 Stella Drive Northwest,
1568,Atlanta,2019-03-14,Enter Shikari,Music,45,19:30,The Loft,1374 West Peachtree Street Northwest,
1569,Atlanta,2019-03-14,Gipsy Kings,Music,40,19:30,Cadence Bank Amphitheatre at Chastain Park,4469 Stella Drive Northwest,
1570,Atlanta,2019-03-14,Indigo Girls,Music,40,18:00,Atlanta Symphony Orchestra,1280 Peachtree Street Northeast,
1571,Atlanta,2019-03-14,Mark Knopfler,Music,40,16:00,Cadence Bank Amphitheatre at Chastain Park,4469 Stella Drive Northwest,
1572,Atlanta,2019-03-14,Yacht Rock Revue,Music,40,18:30,Cadence Bank Amphitheatre at Chastain Park,4469 Stella Drive Northwest,
1573,San Francisco,2019-03-14,Alex Cameron,Music,45,16:30,August Hall,420 Mason Street,
1574,San Francisco,2019-03-14,Finneas,Music,40,17:00,August Hall,420 Mason Street,
1575,San Francisco,2019-03-14,Neneh Cherry,Music,25,16:30,August Hall,420 Mason Street,
1576,San Francisco,2019-03-14,Patti Lupone,Music,30,19:30,San Francisco Symphony,201 Van Ness Avenue,
1577,San Francisco,2019-03-14,Raveena,Music,25,18:30,The Chapel,777 Valencia Street,
1578,San Francisco,2019-03-14,Sinead Harnett,Music,50,19:30,August Hall,420 Mason Street,
1579,San Francisco,2019-03-14,The Adicts,Music,60,17:30,August Hall,420 Mason Street,
1580,San Francisco,2019-03-14,The Wailers,Music,60,19:00,The Chapel,777 Valencia Street,
1581,San Diego,2019-03-06,About Time,Theater,35,17:00,Talent to aMuse Theatre Co,3919 Normal Street,
1582,San Diego,2019-03-06,American Idiot The Musical,Theater,45,16:30,OB Playhouse & Theatre Company,4944 Newport Avenue D,
1583,San Diego,2019-03-06,King Lear,Theater,50,17:00,Westminster Presbyterian Church,3598 Talbot Street,
1584,San Diego,2019-03-06,Speed The Plow,Theater,45,18:00,Point Loma Playhouse,3035 Talbot Street,
1585,Sacramento,2019-03-07,Aftershock Festival,Music,55,17:30,Discovery Park,1600 Garden Highway,
1586,Sacramento,2019-03-07,Aftershock Music Festival,Music,60,17:30,Discovery Park,1600 Garden Highway,
1587,Sacramento,2019-03-07,Popa Chubby,Music,20,17:30,The Sofia Tsakopoulos Center for The Arts,2700 Capitol Avenue,
1588,Sacramento,2019-03-07,Rhett And Link,Music,20,19:30,Sacramento Memorial Auditorium,1515 J Street,
1589,Phoenix,2019-03-12,Dreamers,Music,55,17:00,The Van Buren,401 West Van Buren Street,
1590,Phoenix,2019-03-12,Gus Dapperton,Music,35,19:30,The Van Buren,401 West Van Buren Street,
1591,Phoenix,2019-03-12,Johnnyswim,Music,55,18:00,The Van Buren,401 West Van Buren Street,
1592,Phoenix,2019-03-12,Melanie Martinez,Music,25,17:30,The Van Buren,401 West Van Buren Street,
1593,Phoenix,2019-03-12,Oliver Tree,Music,25,17:00,The Van Buren,401 West Van Buren Street,
1594,Phoenix,2019-03-12,Sabrina Claudio,Music,55,16:00,The Van Buren,401 West Van Buren Street,
1595,Phoenix,2019-03-12,Steve Hackett,Music,55,16:00,The Van Buren,401 West Van Buren Street,
1596,Phoenix,2019-03-12,Tash Sultana,Music,60,16:30,The Van Buren,401 West Van Buren Street,
1597,Phoenix,2019-03-12,The Band Camino,Music,40,17:30,The Van Buren,401 West Van Buren Street,
1598,Phoenix,2019-03-12,Tom Morello,Music,45,18:30,The Pressroom,441 West Madison Street,
1599,San Francisco,2019-03-13,Above Ground Festival,Theater,45,18:00,Mojo Theatre,2940 16th Street #217,
1600,San Francisco,2019-03-13,Bats Improv Comedy,Theater,35,19:30,BATS Improv Theatre,Landmark Building B,
1601,San Francisco,2019-03-13,Creative Drama Summer Camp,Theater,20,18:30,Young Performers Theatre,"Landmark Building C, 2 Marina Boulevard",
1602,San Francisco,2019-03-13,Heathers The Musical,Theater,20,16:30,Cowell Theater,2 Marina Boulevard,
1603,San Francisco,2019-03-13,Other,Theater,50,17:00,Monarch,101 6th Street,
1604,San Francisco,2019-03-13,The Infinite Wrench,Theater,60,19:00,PianoFight,144 Taylor Street,
1605,San Francisco,2019-03-13,Two Play Improv Extravaganza,Theater,40,17:30,Moment Improv Theatre,533 Sutter Street 2nd Floor,
1606,Anaheim,2019-03-10,Brown Sabbath,Music,25,19:00,Crossroads at House of Blues Anaheim,1530 Disneyland Monrail System,
1607,Fresno,2019-03-12,Brockhampton,Music,25,18:00,Rainbow Ballroom,1725 Broadway Street,
1608,Anaheim,2019-03-10,Jesus Christ Superstar,Theater,45,19:30,Stage Door Repertory Theatre,1045 North Armando Street,
1609,Sacramento,2019-03-08,Rhett And Link,Music,35,19:00,Sacramento Memorial Auditorium,1515 J Street,
1610,Sacramento,2019-03-08,The Melvins,Music,40,19:00,Holy Diver,1517 21st Street,
1611,Sacramento,2019-03-08,Nick Jr Live,Theater,25,18:00,Sacramento Memorial Auditorium,1515 J Street,
1612,San Francisco,2019-03-09,Above Ground,Theater,60,18:30,Mojo Theatre,2940 16th Street #217,
1613,San Francisco,2019-03-09,As You Like It,Theater,25,17:00,Main Post Lawn,Montgomery Street,
1614,San Francisco,2019-03-09,Caveman Play,Theater,60,18:00,Z Below,470 Florida Street,
1615,San Francisco,2019-03-09,Creative Drama Summer Camp,Theater,60,19:00,Young Performers Theatre,"Landmark Building C, 2 Marina Boulevard",
1616,San Francisco,2019-03-09,Heathers The Musical,Theater,25,17:30,Cowell Theater,2 Marina Boulevard,
1617,San Francisco,2019-03-09,Other,Theater,30,17:30,The Chapel,777 Valencia Street,
1618,San Francisco,2019-03-09,Superscene Prime Time,Theater,45,17:30,BATS Improv Theatre,Landmark Building B,
1619,San Francisco,2019-03-09,Two Play Improv Extravaganza,Theater,20,17:30,Moment Improv Theatre,533 Sutter Street 2nd Floor,
1620,San Francisco,2019-03-09,World Premiere,Theater,40,16:00,Un-Scripted Theater Company(tm),533 Sutter Street 2nd Floor,
1621,Atlanta,2019-03-12,Babyshower For The Antichrist,Theater,50,19:30,Fulton County West End Performing Arts Center,945 Ralph David Abernathy Boulevard,
1622,Atlanta,2019-03-01,Grounded,Theater,40,16:00,7 Stages Theatre,1105 Euclid Avenue Northeast,
1623,Atlanta,2019-03-12,Hands Of Color,Theater,30,19:00,Synchronicity Theatre,1545 Peachtree Street Northeast #102,
1624,Atlanta,2019-03-07,One Act Spectacular,Theater,30,19:30,PULP Books Atlanta,668 11th Street Northwest,
1625,Atlanta,2019-03-12,Slaying Holofernes,Theater,40,19:00,Fulton County West End Performing Arts Center,945 Ralph David Abernathy Boulevard,
1626,Sacramento,2019-03-14,Dear Evan Hansen,Theater,45,18:00,Sacramento Memorial Auditorium,1515 J Street,
1627,Atlanta,2019-03-06,Adam Ant,Music,55,18:00,Atlanta Symphony Orchestra,1280 Peachtree Street Northeast,
1628,Atlanta,2019-03-06,Benjamin Francis Leftwich,Music,50,17:00,Vinyl,1374 West Peachtree Street Northwest,
1629,Atlanta,2019-03-06,Charlie Wilson,Music,50,19:00,Cadence Bank Amphitheatre at Chastain Park,4469 Stella Drive Northwest,
1630,Atlanta,2019-03-06,Enter Shikari,Music,20,19:00,The Loft,1374 West Peachtree Street Northwest,
1631,Atlanta,2019-03-06,Gipsy Kings,Music,55,17:30,Cadence Bank Amphitheatre at Chastain Park,4469 Stella Drive Northwest,
1632,Atlanta,2019-03-06,Indigo Girls,Music,20,17:00,Atlanta Symphony Orchestra,1280 Peachtree Street Northeast,
1633,Atlanta,2019-03-06,Kaskade,Music,55,16:30,Ravine,1021 Peachtree Street Northeast,
1634,Atlanta,2019-03-06,Maxwell,Music,50,17:30,Cadence Bank Amphitheatre at Chastain Park,4469 Stella Drive Northwest,
1635,Atlanta,2019-03-06,Yacht Rock Revue,Music,40,18:30,Cadence Bank Amphitheatre at Chastain Park,4469 Stella Drive Northwest,
1636,Seattle,2019-03-06,Claudia Oshry,Music,25,19:00,Illsley Ball Nordstrom Recital Hall,200 University Street,
1637,Seattle,2019-03-06,Greensky Bluegrass,Music,20,19:00,Flamingo Lot,5500 Phinney Avenue North,
1638,Chicago,2019-03-09,Conor Maynard,Music,35,18:30,Chop Shop,2033 West North Avenue,
1639,Chicago,2019-03-09,Loud Luxury,Music,45,16:00,Concord Music Hall,2051 North Milwaukee Avenue,
1640,Chicago,2019-03-09,Mozzy,Music,55,17:30,Avondale Music Hall,3336 North Milwaukee Avenue,
1641,Chicago,2019-03-09,My House Music Festival,Music,40,16:30,Harrison Park,1824 South Wood Street,
1642,Chicago,2019-03-09,Wale,Music,30,16:00,Concord Music Hall,2051 North Milwaukee Avenue,
1643,Las Vegas,2019-03-07,Marriage Can Be Murder,Theater,50,17:00,Showroom at the D Las Vegas,301 Fremont Street,
1644,Las Vegas,2019-03-07,Marriage Can Be Murder,,50,17:00,Showroom at the D Las Vegas,301 Fremont Street,3
1645,San Francisco,2019-03-08,Alex Cameron,,25,19:00,August Hall,420 Mason Street,3
1646,New York,2019-03-11,Acting For Teens,,45,19:00,520 8th Ave. - Personal Valet Parking,520 8th Ave. - Personal Valet,4
1647,Seattle,2019-03-06,Blood Water Paint,Theater,20,17:30,12th Avenue Arts,1620 12th Avenue,
1648,Seattle,2019-03-06,Comedysportz,Theater,30,18:30,CSz Seattle - Home of ComedySportz,3509 Fremont Avenue North,
1649,Seattle,2019-03-06,Improv Camp For Teens,Theater,20,18:30,Unexpected Productions Improv,1428 Post Alley,
1650,Seattle,2019-03-06,Improv For Content Creators,Theater,55,19:00,The Atlas Theatre,3509 Fremont Avenue North,
1651,Seattle,2019-03-06,Improv For Everyone,Theater,20,17:00,Theater Puget Sound,"Armory, 305 Harrison Street",
1652,Seattle,2019-03-06,Improv Happy Hour,Theater,60,17:00,Unexpected Productions Improv,1428 Post Alley,
1653,Seattle,2019-03-06,Improv Workshop,Theater,20,17:00,Queen Anne Branch - The Seattle Public Library,400 West Garfield Street,
1654,Seattle,2019-03-06,Maritess Zurbano Hypnotist,Theater,25,18:30,Copious,2220 Northwest Market Street,
1655,Seattle,2019-03-06,The Agitators,Theater,40,16:00,West of Lenin,203 North 36th Street,
1656,Seattle,2019-03-06,The Harold,Theater,55,19:00,Unexpected Productions Improv,1428 Post Alley,
1657,Seattle,2019-03-06,Blood Water Paint,,20,17:30,12th Avenue Arts,1620 12th Avenue,4
1658,Los Angeles,2019-03-10,A Year In Dragonfly,,55,17:30,Studio C Artists,6448 California 2,2
1659,Portland,2019-03-02,Annual School Performance,,45,17:00,Newmark Theatre,1111 Southwest Broadway,3
1660,Sacramento,2019-03-05,Aftershock Festival,,20,17:30,Discovery Park,1600 Garden Highway,1
1661,New York,2019-03-07,Advanced Acting Scene Study,Theater,30,18:30,TGW Acting Studio,358 West 44th Street,
1662,New York,2019-03-07,Big Apple Circus,Theater,60,16:00,Big Apple Circus,60 Lincoln Center Plaza,
1663,New York,2019-03-07,Broadway Buddy Mentorship Cabaret,Theater,30,17:00,Leonard Nimoy Thalia at Symphony Space,"Lower, 2537 Broadway",
1664,New York,2019-03-07,Broadway Buskers Concert,Theater,45,18:00,Club Free Time,20 Waterside Plaza,
1665,New York,2019-03-07,Broadway Musical Theater Week,Theater,20,16:00,Actors Technique NY Kids and Teens,"4th, 500 8th Avenue",
1666,New York,2019-03-07,Comedysportz,Theater,55,19:30,ComedySportz New York City,318 West 53rd Street,
1667,New York,2019-03-07,Dear Brutus,Theater,50,19:00,Shetler Studios & Theatres,244 West 54th Street,
1668,New York,2019-03-07,Drunk Shakespeare,Theater,50,18:00,The Lounge,777 8th Avenue,
1669,New York,2019-03-07,Echoes Of Ireland,Theater,30,19:30,Greek Cultural Center,"2680 30th Street B2, Astoria",
1670,New York,2019-03-07,Frances Ruffelle,Theater,45,19:00,The Green Room 42,570 10th Avenue,
1671,Fresno,2019-03-10,Brockhampton,Music,45,18:30,Rainbow Ballroom,1725 Broadway Street,
1672,Fresno,2019-03-10,Brockhampton,,45,18:30,Rainbow Ballroom,1725 Broadway Street,3
1673,San Francisco,2019-03-09,Above Ground,,60,18:30,Mojo Theatre,2940 16th Street #217,3
1674,New York,2019-03-09,Blks,,35,19:30,The Robert W. Wilson MCC Theater Space,511 West 52nd Street,2
1675,San Diego,2019-03-01,Dance Nation,Theater,50,19:30,Moxie Theatre,6663 El Cajon Boulevard Ste N,
1676,San Diego,2019-03-01,King Lear,Theater,55,19:00,Westminster Presbyterian Church,3598 Talbot Street,
1677,San Diego,2019-03-01,Once Upon A Mattress,Theater,20,19:00,Mission Hills United Church of Christ,4070 Jackdaw Street,
1678,San Diego,2019-03-01,Speed The Plow,Theater,35,18:30,Point Loma Playhouse,3035 Talbot Street,
1679,San Diego,2019-03-02,About Time,Theater,50,17:00,Talent to aMuse Theatre Co,3919 Normal Street,
1680,San Diego,2019-03-02,Dance Nation,Theater,60,16:00,Moxie Theatre,6663 El Cajon Boulevard Ste N,
1681,San Diego,2019-03-02,Foxfire,Theater,40,17:00,Scripps Ranch Theatre,9783 Avenue of Nations,
1682,San Diego,2019-03-02,About Time,,50,17:00,Talent to aMuse Theatre Co,3919 Normal Street,4
1683,New York,2019-03-04,Acting For Teens,,35,18:00,520 8th Ave. - Personal Valet Parking,520 8th Ave. - Personal Valet,2
1684,Vancouver,2019-03-06,Cinderella Kids,Theater,30,19:30,SFU Gallery,149 West Hastings Street,
1685,Vancouver,2019-03-06,Classic Theatresports,Theater,30,16:00,Improv Centre,1502 Duranleau Street,
1686,Vancouver,2019-03-06,Impro Scene Study,Theater,20,18:00,Dusty Flowerpot Cabaret Society,2050 Scotia Street,
1687,Vancouver,2019-03-06,Little Mountain Improv,Theater,60,16:30,Little Mountain Gallery,195 East 26th Avenue,
1688,Vancouver,2019-03-06,Of Mice And Men,Theater,60,17:30,Stage Door,3102 Main Street,
1689,Vancouver,2019-03-06,Vancouver Fringe Festival,Theater,25,18:00,Red Gate Revue Stage,1601 Johnston Street,
1690,Vancouver,2019-03-06,Cinderella Kids,,30,19:30,SFU Gallery,149 West Hastings Street,4
1691,Vancouver,2019-03-10,Alice In Glitterland,Theater,25,16:30,The Wise,1882 Adanac Street,
1692,Vancouver,2019-03-10,Classic Theatresports,Theater,55,18:30,Improv Centre,1502 Duranleau Street,
1693,Vancouver,2019-03-10,Impro Scene Study,Theater,25,17:00,Dusty Flowerpot Cabaret Society,2050 Scotia Street,
1694,Vancouver,2019-03-10,Matilda The Musical,Theater,20,16:30,"Goldcorp Stage at the BMO Theatre Centre, Arts Club Theatre Company",203 - 162 West 1st Avenue,
1695,Vancouver,2019-03-10,Of Mice And Men,Theater,35,19:00,Stage Door,3102 Main Street,
1696,Vancouver,2019-03-10,Teatro Intimo Del Flamenco,Theater,60,19:30,Vancouver TheatreSports(tm),1502 Duranleau Street,
1697,Vancouver,2019-03-10,Alice In Glitterland,,25,16:30,The Wise,1882 Adanac Street,4
1698,Portland,2019-03-05,Bastille,Music,45,18:30,Theater Of The Clouds,1016-1098 North Center Court Street,
1699,Portland,2019-03-05,Benjamin Francis Leftwich,Music,55,17:30,The Old Church Concert Hall,1422 Southwest 11th Avenue,
1700,Portland,2019-03-05,Bryan Adams,Music,25,18:30,Theater Of The Clouds,1016-1098 North Center Court Street,
1701,Portland,2019-03-05,Damien Jurado,Music,30,17:30,The Old Church Concert Hall,1422 Southwest 11th Avenue,
1702,Portland,2019-03-05,Dave Alvin Oregon,Music,55,17:00,The Old Church Concert Hall,1422 Southwest 11th Avenue,
1703,Portland,2019-03-05,Bastille,,45,18:30,Theater Of The Clouds,1016-1098 North Center Court Street,2
1704,Seattle,2019-03-04,Greensky Bluegrass,Music,25,17:30,Flamingo Lot,5500 Phinney Avenue North,
1705,Seattle,2019-03-01,Claudia Oshry,,45,16:30,Illsley Ball Nordstrom Recital Hall,200 University Street,2
1706,Seattle,2019-03-10,Beatleconcert,,50,17:00,12th Avenue Arts,1620 12th Avenue,2
1707,Los Angeles,2019-03-04,A Year In Dragonfly,Theater,40,18:00,Studio C Artists,6448 California 2,
1708,Los Angeles,2019-03-04,Asssscat,Theater,30,16:30,Ucb Franklin,5919 Franklin Avenue,
1709,Los Angeles,2019-03-04,Benji Hughes,Theater,55,16:30,The Teragram Ballroom,1234 West 7th Street,
1710,Los Angeles,2019-03-04,Crabbe And Goyle,Theater,45,16:30,studio/stage,520 North Western Avenue,
1711,Los Angeles,2019-03-04,Extraordinary,Theater,30,18:30,Studio C Artists,6448 California 2,
1712,Los Angeles,2019-03-04,Famous Adjacent,Theater,40,17:30,Rockwell Table & Stage,1714 North Vermont Avenue,
1713,Los Angeles,2019-03-04,Funeral Bouquet,Theater,60,16:00,Lyric Hyperion Theatre & Cafe,2106 Hyperion Avenue,
1714,Los Angeles,2019-03-04,Lavender Men,Theater,35,19:00,Skylight Theatre Company,1816 1/2 North Vermont Avenue,
1715,Los Angeles,2019-03-04,Mamma Mia,Theater,20,18:00,East West Players,120 Judge John Aiso Street,
1716,Los Angeles,2019-03-04,A Year In Dragonfly,,40,18:00,Studio C Artists,6448 California 2,2
1717,Seattle,2019-03-07,Beatleconcert,,50,18:30,12th Avenue Arts,1620 12th Avenue,1
1718,Los Angeles,2019-03-12,Aldous Harding,,20,18:30,Lodge Room,104 North Avenue 56 2nd Floor,3
1719,Los Angeles,2019-03-09,Ain Gordon,,60,19:00,Ralph Freud Playhouse,245 Charles E Young Drive East,4
1720,New York,2019-03-05,Ben Harper,,40,19:30,Pier 17,89 South Street,3
1721,New York,2019-03-02,Abbi Jacobson,,45,18:30,Kaufmann Concert Hall,1395 Lexington Avenue,3
1722,Philadelphia,2019-03-02,Anthony Green,Music,45,18:00,The Foundry,29 East Allen Street 2nd Floor,
1723,Philadelphia,2019-03-02,Ayokay,Music,60,17:00,The Foundry,29 East Allen Street 2nd Floor,
1724,Philadelphia,2019-03-02,Babymetal,Music,20,16:00,The Fillmore Philadelphia,29 East Allen Street,
1725,Philadelphia,2019-03-02,Charlotte Lawrence,Music,25,19:00,The Fillmore Philadelphia,29 East Allen Street,
1726,Philadelphia,2019-03-02,Counterparts,Music,45,16:30,The Foundry,29 East Allen Street 2nd Floor,
1727,Philadelphia,2019-03-02,Drax Project,Music,30,19:30,Voltage Lounge,421 North 7th Street,
1728,Philadelphia,2019-03-02,Girl In Red,Music,25,16:00,The Foundry,29 East Allen Street 2nd Floor,
1729,Philadelphia,2019-03-02,Jordan Rakei,Music,45,19:30,The Foundry,29 East Allen Street 2nd Floor,
1730,Philadelphia,2019-03-02,Louis The Child,Music,45,17:30,The Fillmore Philadelphia,29 East Allen Street,
1731,Philadelphia,2019-03-02,Anthony Green,,45,18:00,The Foundry,29 East Allen Street 2nd Floor,4
1732,New York,2019-03-12,Alma Deutscher,,30,17:00,Stern Auditorium / Perelman Stage,881 7th Avenue,2
1733,Philadelphia,2019-03-12,Comedysportz,,40,19:30,The Playground At The Adrienne,2030 Sansom Street,2
1734,Los Angeles,2019-03-05,Aldous Harding,,30,17:00,Lodge Room,104 North Avenue 56 2nd Floor,1
1735,Seattle,2019-03-11,Blood Water Paint,Theater,55,17:30,12th Avenue Arts,1620 12th Avenue,
1736,Seattle,2019-03-11,Digi Boi The Musical,Theater,35,17:00,The Pocket Theater,8312 Greenwood Avenue North,
1737,Seattle,2019-03-11,Improv Camp For Teens,Theater,45,16:30,Unexpected Productions Improv,1428 Post Alley,
1738,Seattle,2019-03-11,Improv For Content Creators,Theater,35,19:00,The Atlas Theatre,3509 Fremont Avenue North,
1739,Seattle,2019-03-11,Improv For Everyone,Theater,20,18:30,Theater Puget Sound,"Armory, 305 Harrison Street",
1740,Seattle,2019-03-11,Improv Happy Hour,Theater,25,19:30,Unexpected Productions Improv,1428 Post Alley,
1741,Seattle,2019-03-11,Maritess Zurbano Hypnotist,Theater,55,19:00,Copious,2220 Northwest Market Street,
1742,Seattle,2019-03-11,Read The Tempest,Theater,50,17:00,Douglass-Truth Branch - The Seattle Public Library,2300 East Yesler Way,
1743,Seattle,2019-03-11,Blood Water Paint,,55,17:30,12th Avenue Arts,1620 12th Avenue,3
1744,New York,2019-03-14,Acting For Teens,Theater,45,16:30,520 8th Ave. - Personal Valet Parking,520 8th Ave. - Personal Valet,
1745,New York,2019-03-14,Blks,Theater,45,16:30,The Robert W. Wilson MCC Theater Space,511 West 52nd Street,
1746,New York,2019-03-14,Broadway Musical Theater Week,Theater,20,18:00,Actors Technique NY Kids and Teens,"4th, 500 8th Avenue",
1747,New York,2019-03-14,Calliope Musicals At Alphaville,Theater,40,17:00,Alphaville,"140 Wilson Avenue, Brooklyn",
1748,New York,2019-03-14,Comedysportz,Theater,25,19:00,ComedySportz New York City,318 West 53rd Street,
1749,New York,2019-03-14,Dead End Comedy Show,Theater,30,16:00,Erv's,"2122 Beekman Place, Brooklyn",
1750,New York,2019-03-14,Dear Brutus,Theater,60,17:00,Shetler Studios & Theatres,244 West 54th Street,
1751,New York,2019-03-14,Drama Group,Theater,50,19:00,Marlene Meyerson JCC Manhattan,334 Amsterdam Avenue,
1752,New York,2019-03-14,Drunk Shakespeare,Theater,50,19:00,The Lounge,777 8th Avenue,
1753,Seattle,2019-03-14,Beatleconcert,,25,17:00,12th Avenue Arts,1620 12th Avenue,3
1754,New York,2019-03-07,Advanced Acting Scene Study,,30,18:30,TGW Acting Studio,358 West 44th Street,3
1755,Seattle,2019-03-05,Blood Water Paint,Theater,20,19:00,12th Avenue Arts,1620 12th Avenue,
1756,Seattle,2019-03-05,Comedysportz,Theater,40,16:30,CSz Seattle - Home of ComedySportz,3509 Fremont Avenue North,
1757,Seattle,2019-03-05,Digi Boi The Musical,Theater,30,16:30,The Pocket Theater,8312 Greenwood Avenue North,
1758,Seattle,2019-03-05,Improv For Content Creators,Theater,25,18:30,The Atlas Theatre,3509 Fremont Avenue North,
1759,Seattle,2019-03-05,Improv Workshop,Theater,20,18:30,Queen Anne Branch - The Seattle Public Library,400 West Garfield Street,
1760,Seattle,2019-03-05,Maritess Zurbano Hypnotist,Theater,40,18:30,Copious,2220 Northwest Market Street,
1761,Seattle,2019-03-05,Mimosas Cabaret,Theater,25,19:00,Unicorn,1118 East Pike Street,
1762,Seattle,2019-03-05,Read The Tempest,Theater,50,19:00,Douglass-Truth Branch - The Seattle Public Library,2300 East Yesler Way,
1763,Seattle,2019-03-05,Seattle Theatresports Improv Comedy,Theater,30,16:00,Unexpected Productions Improv,1428 Post Alley,
1764,Seattle,2019-03-05,The Harold,Theater,40,17:30,Unexpected Productions Improv,1428 Post Alley,
1765,Seattle,2019-03-08,Cody Johnson,Music,60,18:00,Flamingo Lot,5500 Phinney Avenue North,
1766,Seattle,2019-03-08,Mal Blum,Music,20,16:30,The Vera Project,305 Harrison Street,
1767,Seattle,2019-03-08,Cody Johnson,,60,18:00,Flamingo Lot,5500 Phinney Avenue North,4
1768,New York,2019-03-07,Abbi Jacobson,,35,16:30,Kaufmann Concert Hall,1395 Lexington Avenue,3
1769,San Diego,2019-03-09,About Time,,40,16:00,Talent to aMuse Theatre Co,3919 Normal Street,1
1770,Redwood City,2019-03-03,Pal Music Festival,Music,35,19:30,Courthouse Square,2200 Broadway,
1771,Los Angeles,2019-03-10,Adieu Monsieur Haffmann,,60,17:00,Theatre Raymond Kabbaz,10361 West Pico Boulevard,1
1772,Philadelphia,2019-03-07,Bars And Melody,,55,16:00,The Foundry,29 East Allen Street 2nd Floor,4
1773,Las Vegas,2019-03-06,Marriage Can Be Murder,Theater,40,17:00,Showroom at the D Las Vegas,301 Fremont Street,
1774,Las Vegas,2019-03-06,Young Frankenstein,Theater,25,18:00,Summerlin Library,1771 Inner Circle Drive,
1775,Las Vegas,2019-03-06,Young Frankenstein,,25,18:00,Summerlin Library,1771 Inner Circle Drive,4
1776,Seattle,2019-03-11,Claudia Oshry,,50,16:30,Illsley Ball Nordstrom Recital Hall,200 University Street,3
1777,New York,2019-03-13,Improv And Acting,,55,16:30,Vimbly,349 5th Avenue,1
1778,Philadelphia,2019-03-12,Louis The Child,,20,16:00,The Fillmore Philadelphia,29 East Allen Street,3
1779,New York,2019-03-02,Frances Ruffelle,,20,18:00,The Green Room 42,570 10th Avenue,2
1780,New York,2019-03-13,Tom Foster,,55,16:30,Weill Recital Hall,154 West 57th Street,4
1781,San Francisco,2019-03-12,The Infinite Wrench,,55,17:00,PianoFight,144 Taylor Street,3
1782,New York,2019-03-08,Blackbear,,45,16:30,Pier 17,89 South Street,4
1783,Seattle,2019-03-12,Beatleconcert,,25,18:30,12th Avenue Arts,1620 12th Avenue,1
1784,Seattle,2019-03-05,Improv For Content Creators,,25,18:30,The Atlas Theatre,3509 Fremont Avenue North,1
1785,Philadelphia,2019-03-02,Toto,,40,16:30,The Met Philadelphia,858 North Broad Street,3
1786,Los Angeles,2019-03-07,Adieu Monsieur Haffmann,,55,18:00,Theatre Raymond Kabbaz,10361 West Pico Boulevard,4
1787,New York,2019-03-14,Michael Feinstein,,60,19:00,The Appel Room,10 Columbus Circle,4
1788,Philadelphia,2019-03-13,Comedysportz,,35,17:30,The Playground At The Adrienne,2030 Sansom Street,1
1789,San Francisco,2019-03-12,Raveena,,55,19:30,The Chapel,777 Valencia Street,4
1790,Seattle,2019-03-07,The Armando,,35,19:30,CSz Seattle - Home of ComedySportz,3509 Fremont Avenue North,4
1791,Vancouver,2019-03-05,Collective Soul,,30,16:30,PNE Amphitheatre,2901 East Hastings Street,4
1792,Los Angeles,2019-03-03,America,,50,18:30,The Theatre at Ace Hotel,929 South Broadway,3
1793,Los Angeles,2019-03-06,No More Toys,,30,19:30,McCadden Place Theatre,1157 North McCadden Place,4
1794,San Diego,2019-03-04,Arsenic And Old Lace,,45,18:30,Northminster Presbyterian Church,4324 Clairemont Mesa Boulevard,4
1795,Los Angeles,2019-03-09,Shooting Star,,45,18:30,The Hudson Theatres,6539 Santa Monica Boulevard,1
1796,Philadelphia,2019-03-09,Musiq Soulchild,,45,18:30,City Winery,990 Filbert Street,3
1797,New York,2019-03-05,Crooked Colours,,20,19:30,Rough Trade NYC,"64 North 9th Street, Brooklyn",3
1798,New York,2019-03-13,Calliope Musicals At Alphaville,,30,18:30,Alphaville,"140 Wilson Avenue, Brooklyn",2
1799,Seattle,2019-03-03,Seattle Theatresports Improv Comedy,,50,19:00,Unexpected Productions Improv,1428 Post Alley,2
1800,New York,2019-03-12,The Blue Room,,25,17:30,Whitebox,329 Broome Street,2
1801,Portland,2019-03-03,Bastille,,20,19:00,Theater Of The Clouds,1016-1098 North Center Court Street,1
1802,Portland,2019-03-05,Damien Jurado,,30,17:30,The Old Church Concert Hall,1422 Southwest 11th Avenue,1
1803,New York,2019-03-02,Jamaica,,50,18:00,Tato Laviera Theatre,240 East 123rd Street,4
1804,Los Angeles,2019-03-12,Weirdass,,20,17:30,The Pack Theater,6470 Santa Monica Boulevard,3
1805,Los Angeles,2019-03-14,Crabbe And Goyle,,50,17:00,studio/stage,520 North Western Avenue,3
1806,Las Vegas,2019-03-07,Adam London,,40,18:30,The D Casino & Hotel,301 Fremont Street,4
1807,New York,2019-03-05,Broadway Buddy Mentorship Cabaret,,20,18:00,Leonard Nimoy Thalia at Symphony Space,"Lower, 2537 Broadway",1
1808,Seattle,2019-03-03,Cody Johnson,,50,17:00,Flamingo Lot,5500 Phinney Avenue North,3
1809,New York,2019-03-03,Chaos Theory,,35,16:00,Caveat,21 A Clinton Street,1
1810,Philadelphia,2019-03-02,Anthony Green,,45,18:00,The Foundry,29 East Allen Street 2nd Floor,2
1811,New York,2019-03-11,Chaos Theory,,35,19:00,Caveat,21 A Clinton Street,1
1812,Los Angeles,2019-03-10,Mandy Picks A Husband,,35,19:30,The Little Theater,12420 Santa Monica Boulevard,1
1813,Seattle,2019-03-02,Read The Tempest,,20,17:30,Douglass-Truth Branch - The Seattle Public Library,2300 East Yesler Way,3
1814,New York,2019-03-10,Mxmtoon,,60,18:30,Rockwood Music Hall Stage 3,185 Orchard Street,2
1815,San Francisco,2019-03-07,Remo Drive,,20,17:30,The Chapel,777 Valencia Street,3
1816,Philadelphia,2019-03-13,Brockhampton,,30,18:00,The Fillmore Philadelphia,29 East Allen Street,4
1817,New York,2019-03-02,The Blue Room,,30,16:30,Whitebox,329 Broome Street,1
1818,New York,2019-03-11,Tom Foster,,20,18:30,Weill Recital Hall,154 West 57th Street,3
1819,Los Angeles,2019-03-09,Mamma Mia,,35,17:30,East West Players,120 Judge John Aiso Street,4
1820,Seattle,2019-03-05,Mimosas Cabaret,,25,19:00,Unicorn,1118 East Pike Street,2
1821,Vancouver,2019-03-10,Teatro Intimo Del Flamenco,,60,19:30,Vancouver TheatreSports(tm),1502 Duranleau Street,4
1822,New York,2019-03-08,Mason Jennings,,55,19:30,Sony Hall,235 West 46th Street,4
1823,Chicago,2019-03-11,Ashe,,20,19:30,Chop Shop,2033 West North Avenue,2
1824,San Diego,2019-03-04,Angel Olsen,,30,17:00,The Observatory North Park,2891 University Avenue,1
1825,London,2019-03-05,All The Little Lights,Theater,30,18:30,Tristan Bates Theatre,1A Tower Street,
1826,London,2019-03-05,Becoming The Invisible Woman,Theater,40,18:30,Drayton Arms Theatre,153 Old Brompton Road,
1827,London,2019-03-05,Boris Rex,Theater,25,18:30,Tristan Bates Theatre,1A Tower Street,
1828,London,2019-03-05,Broken English,Theater,25,16:00,The Honor Oak Pub,1 Saint German's Road,
1829,London,2019-03-05,Caspa Arts Collaborative Theatre,Theater,55,17:00,Drayton Arms Theatre,153 Old Brompton Road,
1830,London,2019-03-05,Come To One,Theater,45,18:00,The Chapel Cafe Bar,308 - 312 Grays Inn Road,
1831,London,2019-03-05,Country Music,Theater,20,19:00,Omnibus Theatre,1 Clapham Common North Side,
1832,London,2019-03-05,Craig David,Theater,35,17:30,Rose Bowl Youth Centre,"St. Paul's Open Space, New River Green Estate",
1833,London,2019-03-05,All The Little Lights,,30,18:30,Tristan Bates Theatre,1A Tower Street,1
1834,Los Angeles,2019-03-01,A Year In Dragonfly,,55,19:30,Studio C Artists,6448 California 2,3
1835,Philadelphia,2019-03-06,Brockhampton,Music,25,18:00,The Fillmore Philadelphia,29 East Allen Street,
1836,Philadelphia,2019-03-06,Charlotte Lawrence,Music,30,16:00,The Fillmore Philadelphia,29 East Allen Street,
1837,Philadelphia,2019-03-06,Conan Gray,Music,45,16:30,The Fillmore Philadelphia,29 East Allen Street,
1838,Philadelphia,2019-03-06,Counterparts,Music,55,17:00,The Foundry,29 East Allen Street 2nd Floor,
1839,Philadelphia,2019-03-06,Girl In Red,Music,50,19:00,The Foundry,29 East Allen Street 2nd Floor,
1840,Philadelphia,2019-03-06,Icon For Hire,Music,40,17:00,Voltage Lounge,421 North 7th Street,
1841,Philadelphia,2019-03-06,Jordan Rakei,Music,20,19:30,The Foundry,29 East Allen Street 2nd Floor,
1842,Philadelphia,2019-03-06,Mac Ayres,Music,55,17:30,The Foundry,29 East Allen Street 2nd Floor,
1843,Philadelphia,2019-03-06,Melanie Martinez,Music,30,17:00,The Fillmore Philadelphia,29 East Allen Street,
1844,Philadelphia,2019-03-07,Anthony Green,,55,19:30,The Foundry,29 East Allen Street 2nd Floor,3
1845,Chicago,2019-03-10,Ada And The Engine,,25,17:30,The Artistic Home,1376 West Grand Avenue #7761,4
1846,London,2019-03-09,A Right Royale Tea,,50,19:00,Amba Hotel Charing Cross,Strand,1
1847,Los Angeles,2019-03-10,A Year In Dragonfly,,55,17:30,Studio C Artists,6448 California 2,3
1848,Philadelphia,2019-03-11,Ayokay,,60,18:30,The Foundry,29 East Allen Street 2nd Floor,3
1849,Chicago,2019-03-04,Casa Valentina,,20,16:30,PRIDE ARTS CENTER,4139 North Broadway,2
1850,San Diego,2019-03-02,Alejandro Sanz,Music,40,19:30,Cal Coast Credit Union Amphitheater,5500 Campanile Drive,
1851,San Diego,2019-03-02,Ingrid Michaelson,Music,35,19:00,The Observatory North Park,2891 University Avenue,
1852,San Diego,2019-03-02,Johnny Mathis,Music,50,17:30,Copley Symphony Hall,Seventh Avenue,
1853,San Diego,2019-03-02,Jon Bellion,Music,20,16:00,Cal Coast Credit Union Amphitheater,5500 Campanile Drive,
1854,San Diego,2019-03-02,Jon Pardi,Music,60,18:00,Cal Coast Credit Union Amphitheater,5500 Campanile Drive,
1855,San Diego,2019-03-02,Lizzo,Music,45,17:00,Cal Coast Credit Union Amphitheater,5500 Campanile Drive,
1856,San Diego,2019-03-02,Mandolin Orange,Music,60,16:30,The Observatory North Park,2891 University Avenue,
1857,San Diego,2019-03-02,San Diego Blues Festival,Music,35,17:30,San Diego Blues Festival,"Embarcadero Marina Park North, 400 Kettner Boulevard",
1858,San Diego,2019-03-02,Sara Bareilles,Music,20,18:00,Cal Coast Credit Union Amphitheater,5500 Campanile Drive,
1859,San Diego,2019-03-02,The Waterboys,Music,25,16:30,The Observatory North Park,2891 University Avenue,
1860,San Diego,2019-03-02,Ingrid Michaelson,,35,19:00,The Observatory North Park,2891 University Avenue,2
1861,Cape Town,2019-03-06,Klippies Van Die Grond,,20,19:30,Theatre Arts Admin Collective,"26 Wesley Street, Observatory",1
1862,Long Beach,2019-03-14,Long Beach Jazz Festival,Music,25,16:00,Rainbow Lagoon Park,400 East Shoreline Drive,
1863,Long Beach,2019-03-14,Long Beach Jazz Festival,,25,16:00,Rainbow Lagoon Park,400 East Shoreline Drive,1
1864,San Diego,2019-03-10,About Time,Theater,20,17:30,Talent to aMuse Theatre Co,3919 Normal Street,
1865,San Diego,2019-03-10,American Idiot The Musical,Theater,40,18:00,OB Playhouse & Theatre Company,4944 Newport Avenue D,
1866,San Diego,2019-03-10,Arsenic And Old Lace,Theater,40,18:30,Northminster Presbyterian Church,4324 Clairemont Mesa Boulevard,
1867,San Diego,2019-03-10,Dance Nation,Theater,40,19:00,Moxie Theatre,6663 El Cajon Boulevard Ste N,
1868,San Diego,2019-03-10,Once Upon A Mattress,Theater,50,18:30,Mission Hills United Church of Christ,4070 Jackdaw Street,
1869,San Diego,2019-03-10,She Kills Monsters,Theater,20,18:30,Saville Theatre,"14th St &, C Street",
1870,San Diego,2019-03-10,Speed The Plow,Theater,45,19:30,Point Loma Playhouse,3035 Talbot Street,
1871,San Diego,2019-03-10,The Fantasticks,Theater,60,16:30,Point Loma Playhouse,3035 Talbot Street,
1872,San Diego,2019-03-10,About Time,,20,17:30,Talent to aMuse Theatre Co,3919 Normal Street,1
1873,San Francisco,2019-03-13,Above Ground Festival,,45,18:00,Mojo Theatre,2940 16th Street #217,2
1874,Toronto,2019-03-01,Funtcase,,30,19:00,NEST,423 College Street,2
1875,Chicago,2019-03-02,Ada And The Engine,,20,17:00,The Artistic Home,1376 West Grand Avenue #7761,4
