,airlines,departure_date,destination,destination_airport,fare,is_redeye,number_stops,origin,origin_airport,outbound_arrival_time,outbound_departure_time,passengers,seating_class,inbound_arrival_time,inbound_departure_time,return_date
0,Alaska Airlines,2019-03-08,Las Vegas,McCarran International Airport,103,False,0,San Francisco,SFO International Airport,21:50,20:15,1,Economy,,,
1,American Airlines,2019-03-08,Las Vegas,McCarran International Airport,102,False,0,San Francisco,SFO International Airport,19:05,17:30,1,Economy,,,
2,Delta Airlines,2019-03-08,Las Vegas,McCarran International Airport,105,False,0,San Francisco,SFO International Airport,12:25,10:50,1,Economy,,,
3,United Airlines,2019-03-08,Las Vegas,McCarran International Airport,95,False,0,San Francisco,SFO International Airport,20:50,19:15,1,Economy,,,
4,Alaska Airlines,2019-03-08,Las Vegas,McCarran International Airport,103,False,0,San Francisco,SFO International Airport,21:50,20:15,4,Economy,,,
5,American Airlines,2019-03-08,Las Vegas,McCarran International Airport,102,False,0,San Francisco,SFO International Airport,19:05,17:30,4,Economy,,,
6,Delta Airlines,2019-03-08,Las Vegas,McCarran International Airport,105,False,0,San Francisco,SFO International Airport,12:25,10:50,4,Economy,,,
7,United Airlines,2019-03-08,Las Vegas,McCarran International Airport,95,False,0,San Francisco,SFO International Airport,20:50,19:15,4,Economy,,,
8,American Airlines,2019-03-12,Los Angeles,LAX International Airport,149,False,0,Atlanta,Hartsfield-Jackson International Airport,16:29,14:30,1,Economy,,,
9,Delta Airlines,2019-03-12,Los Angeles,LAX International Airport,157,True,0,Atlanta,Hartsfield-Jackson International Airport,00:19,22:20,1,Economy,,,
10,Southwest Airlines,2019-03-12,Los Angeles,LAX International Airport,277,False,1,Atlanta,Hartsfield-Jackson International Airport,23:30,17:55,1,Economy,,,
11,United Airlines,2019-03-12,Los Angeles,LAX International Airport,255,False,1,Atlanta,Hartsfield-Jackson International Airport,15:25,09:40,1,Economy,,,
12,American Airlines,2019-03-12,Vancouver,YVR International Airport,198,False,0,Atlanta,Hartsfield-Jackson International Airport,17:06,14:25,3,Economy,,,
13,Delta Airlines,2019-03-12,Vancouver,YVR International Airport,196,False,0,Atlanta,Hartsfield-Jackson International Airport,18:01,15:20,3,Economy,,,
14,Southwest Airlines,2019-03-12,Vancouver,YVR International Airport,297,False,1,Atlanta,Hartsfield-Jackson International Airport,11:11,04:35,3,Economy,,,
15,American Airlines,2019-03-04,Atlanta,Hartsfield-Jackson International Airport,135,False,0,New York,JFK International Airport,14:07,11:45,1,Economy,,,
16,Delta Airlines,2019-03-04,Atlanta,Hartsfield-Jackson International Airport,137,False,0,New York,JFK International Airport,09:42,07:20,1,Economy,,,
17,Southwest Airlines,2019-03-04,Atlanta,Hartsfield-Jackson International Airport,124,False,0,New York,JFK International Airport,11:27,09:05,1,Economy,,,
18,United Airlines,2019-03-04,Atlanta,Hartsfield-Jackson International Airport,140,False,0,New York,JFK International Airport,21:27,19:05,1,Economy,,,
19,American Airlines,2019-03-14,Chicago,O'Hare International Airport,128,False,0,Atlanta,Hartsfield-Jackson International Airport,22:16,21:15,1,Economy,,,
20,Delta Airlines,2019-03-14,Chicago,O'Hare International Airport,122,False,0,Atlanta,Hartsfield-Jackson International Airport,08:51,07:50,1,Economy,,,
21,Southwest Airlines,2019-03-14,Chicago,O'Hare International Airport,105,False,0,Atlanta,Hartsfield-Jackson International Airport,05:36,04:35,1,Economy,,,
22,United Airlines,2019-03-14,Chicago,O'Hare International Airport,108,False,0,Atlanta,Hartsfield-Jackson International Airport,07:16,06:15,1,Economy,,,
23,Delta Airlines,2019-03-12,Chicago,O'Hare International Airport,183,True,0,Vancouver,YVR International Airport,00:31,17:55,1,Economy,,,
24,Alaska Airlines,2019-03-01,New York,JFK International Airport,194,False,0,San Francisco,SFO International Airport,16:06,06:40,1,Economy,,,
25,American Airlines,2019-03-01,New York,JFK International Airport,191,True,0,San Francisco,SFO International Airport,05:56,20:30,1,Economy,,,
26,Southwest Airlines,2019-03-01,New York,JFK International Airport,214,True,0,San Francisco,SFO International Airport,06:46,21:20,1,Economy,,,
27,United Airlines,2019-03-01,New York,JFK International Airport,178,False,0,San Francisco,SFO International Airport,15:16,05:50,1,Economy,,,
28,Alaska Airlines,2019-03-09,New York,JFK International Airport,196,False,0,San Francisco,SFO International Airport,18:01,08:35,1,Economy,,,
29,American Airlines,2019-03-09,New York,JFK International Airport,174,True,0,San Francisco,SFO International Airport,05:56,20:30,1,Economy,,,
30,Delta Airlines,2019-03-09,New York,JFK International Airport,200,False,0,San Francisco,SFO International Airport,20:21,10:55,1,Economy,,,
31,Southwest Airlines,2019-03-09,New York,JFK International Airport,187,True,0,San Francisco,SFO International Airport,06:46,21:20,1,Economy,,,
32,United Airlines,2019-03-09,New York,JFK International Airport,199,False,0,San Francisco,SFO International Airport,15:16,05:50,1,Economy,,,
33,Air Canada,2019-03-11,Atlanta,Hartsfield-Jackson International Airport,188,False,1,Toronto,Toronto Pearson International Airport,23:41,16:40,4,Economy,,,
34,American Airlines,2019-03-11,Atlanta,Hartsfield-Jackson International Airport,224,False,1,Toronto,Toronto Pearson International Airport,21:27,12:50,4,Economy,,,
35,United Airlines,2019-03-11,Atlanta,Hartsfield-Jackson International Airport,191,False,1,Toronto,Toronto Pearson International Airport,23:41,17:35,4,Economy,,,
36,United Airlines,2019-03-03,Toronto,Toronto Pearson International Airport,259,False,1,Las Vegas,McCarran International Airport,21:54,12:05,1,Economy,,,
37,American Airlines,2019-03-12,London,Heathrow International Airport,356,True,1,Chicago,O'Hare International Airport,06:37,12:30,1,Economy,,,
38,Delta Airlines,2019-03-12,London,Heathrow International Airport,337,True,1,Chicago,O'Hare International Airport,06:37,11:05,1,Economy,,,
39,Southwest Airlines,2019-03-12,London,Heathrow International Airport,205,True,0,Chicago,O'Hare International Airport,00:49,10:20,1,Economy,,,
40,United Airlines,2019-03-12,London,Heathrow International Airport,241,True,0,Chicago,O'Hare International Airport,03:14,12:45,1,Economy,,,
41,United Airlines,2019-03-12,London,Heathrow International Airport,406,True,1,Portland,PDX International Airport,16:04,12:05,1,Economy,,,
42,Alaska Airlines,2019-03-05,New York,JFK International Airport,184,False,0,Los Angeles,LAX International Airport,18:40,09:30,1,Economy,,,
43,American Airlines,2019-03-05,New York,JFK International Airport,177,True,0,Los Angeles,LAX International Airport,03:30,18:20,1,Economy,,,
44,Delta Airlines,2019-03-05,New York,JFK International Airport,205,True,0,Los Angeles,LAX International Airport,08:05,22:55,1,Economy,,,
45,Southwest Airlines,2019-03-05,New York,JFK International Airport,302,True,1,Los Angeles,LAX International Airport,00:19,13:00,1,Economy,,,
46,United Airlines,2019-03-05,New York,JFK International Airport,205,True,0,Los Angeles,LAX International Airport,05:25,20:15,1,Economy,,,
47,Alaska Airlines,2019-03-11,Phoenix,Sky Harbor International Airport,237,False,1,Seattle,Seattle-Tacoma International Airport,16:22,12:00,1,Economy,,,
48,American Airlines,2019-03-11,Phoenix,Sky Harbor International Airport,218,False,1,Seattle,Seattle-Tacoma International Airport,13:38,08:15,1,Economy,,,
49,Delta Airlines,2019-03-11,Phoenix,Sky Harbor International Airport,254,False,1,Seattle,Seattle-Tacoma International Airport,13:38,08:45,1,Economy,,,
50,United Airlines,2019-03-11,Phoenix,Sky Harbor International Airport,244,False,1,Seattle,Seattle-Tacoma International Airport,23:38,18:20,1,Economy,,,
51,Delta Airlines,2019-03-11,Phoenix,Sky Harbor International Airport,307,False,1,Seattle,Seattle-Tacoma International Airport,13:38,08:45,1,Premium Economy,,,
52,United Airlines,2019-03-11,Phoenix,Sky Harbor International Airport,354,False,1,Seattle,Seattle-Tacoma International Airport,23:38,18:20,1,Premium Economy,,,
53,Southwest Airlines,2019-03-11,Phoenix,Sky Harbor International Airport,258,False,0,Atlanta,Hartsfield-Jackson International Airport,13:17,12:05,1,Premium Economy,,,
54,United Airlines,2019-03-13,Toronto,Toronto Pearson International Airport,232,False,1,Las Vegas,McCarran International Airport,21:54,12:05,1,Economy,,,
55,Alaska Airlines,2019-03-14,Nairobi,Jomo Kenyatta International Airport,416,True,1,Los Angeles,LAX International Airport,20:42,06:45,1,Economy,,,
56,American Airlines,2019-03-01,Vancouver,YVR International Airport,228,False,1,Phoenix,Sky Harbor International Airport,13:59,07:35,2,Economy,,,
57,Delta Airlines,2019-03-01,Vancouver,YVR International Airport,255,False,1,Phoenix,Sky Harbor International Airport,20:12,11:55,2,Economy,,,
58,Southwest Airlines,2019-03-01,Vancouver,YVR International Airport,232,False,1,Phoenix,Sky Harbor International Airport,13:59,07:05,2,Economy,,,
59,United Airlines,2019-03-01,Vancouver,YVR International Airport,232,False,1,Phoenix,Sky Harbor International Airport,13:59,07:15,2,Economy,,,
60,Alaska Airlines,2019-03-08,Portland,PDX International Airport,132,False,0,San Diego,SAN International Airport,16:04,13:20,3,Economy,,,
61,American Airlines,2019-03-08,Portland,PDX International Airport,144,False,0,San Diego,SAN International Airport,12:04,09:20,3,Economy,,,
62,Delta Airlines,2019-03-08,Portland,PDX International Airport,133,True,0,San Diego,SAN International Airport,00:04,21:20,3,Economy,,,
63,United Airlines,2019-03-08,Portland,PDX International Airport,119,False,0,San Diego,SAN International Airport,23:14,20:30,3,Economy,,,
64,United Airlines,2019-03-09,Los Angeles,LAX International Airport,162,False,0,New York,JFK International Airport,15:20,12:10,4,Economy,,,
65,Alaska Airlines,2019-03-10,Mexico City,Benito Juarez International Airport,155,False,0,San Francisco,SFO International Airport,18:53,13:10,3,Economy,,,
66,American Airlines,2019-03-10,Mexico City,Benito Juarez International Airport,148,False,0,San Francisco,SFO International Airport,19:03,13:20,3,Economy,,,
67,Southwest Airlines,2019-03-10,Mexico City,Benito Juarez International Airport,155,False,0,San Francisco,SFO International Airport,12:23,06:40,3,Economy,,,
68,United Airlines,2019-03-10,Mexico City,Benito Juarez International Airport,261,False,1,San Francisco,SFO International Airport,20:05,09:15,3,Economy,,,
69,Southwest Airlines,2019-03-10,Mexico City,Benito Juarez International Airport,155,False,0,San Francisco,SFO International Airport,12:23,06:40,1,Economy,,,
70,American Airlines,2019-03-06,Seattle,Seattle-Tacoma International Airport,358,False,1,Las Vegas,McCarran International Airport,10:36,06:40,1,Premium Economy,,,
71,United Airlines,2019-03-06,Seattle,Seattle-Tacoma International Airport,348,False,1,Las Vegas,McCarran International Airport,18:21,13:40,1,Premium Economy,,,
72,Southwest Airlines,2019-03-03,Washington,Dulles International Airport,169,False,0,Chicago,O'Hare International Airport,09:43,06:45,1,Premium Economy,,,
73,American Airlines,2019-03-02,Toronto,Toronto Pearson International Airport,160,False,1,Philadelphia,PHL International Airport,20:28,16:45,3,Economy,,,
74,Delta Airlines,2019-03-02,Toronto,Toronto Pearson International Airport,217,False,1,Philadelphia,PHL International Airport,18:58,14:20,3,Economy,,,
75,Southwest Airlines,2019-03-02,Toronto,Toronto Pearson International Airport,165,False,1,Philadelphia,PHL International Airport,20:28,17:20,3,Economy,,,
76,United Airlines,2019-03-02,Toronto,Toronto Pearson International Airport,216,False,1,Philadelphia,PHL International Airport,17:08,11:30,3,Economy,,,
77,Alaska Airlines,2019-03-02,London,Heathrow International Airport,306,True,1,San Diego,SAN International Airport,06:04,08:00,1,Economy,,,
78,Delta Airlines,2019-03-02,London,Heathrow International Airport,325,True,1,San Diego,SAN International Airport,18:14,17:00,1,Economy,,,
79,American Airlines,2019-03-06,Delhi,Indira Gandhi International Airport,428,True,1,Atlanta,Hartsfield-Jackson International Airport,19:09,09:35,1,Economy,,,
80,Delta Airlines,2019-03-06,Delhi,Indira Gandhi International Airport,376,True,1,Atlanta,Hartsfield-Jackson International Airport,09:04,07:50,1,Economy,,,
81,Southwest Airlines,2019-03-06,Delhi,Indira Gandhi International Airport,427,True,1,Atlanta,Hartsfield-Jackson International Airport,20:39,13:30,1,Economy,,,
82,United Airlines,2019-03-06,Delhi,Indira Gandhi International Airport,369,True,1,Atlanta,Hartsfield-Jackson International Airport,09:04,06:15,1,Economy,,,
83,Alaska Airlines,2019-03-12,San Francisco,SFO International Airport,97,False,0,Los Angeles,LAX International Airport,19:15,17:50,1,Economy,,,
84,American Airlines,2019-03-12,San Francisco,SFO International Airport,89,False,0,Los Angeles,LAX International Airport,07:55,06:30,1,Economy,,,
85,Delta Airlines,2019-03-12,San Francisco,SFO International Airport,80,False,0,Los Angeles,LAX International Airport,10:40,09:15,1,Economy,,,
86,Southwest Airlines,2019-03-12,San Francisco,SFO International Airport,77,False,0,Los Angeles,LAX International Airport,23:45,22:20,1,Economy,,,
87,United Airlines,2019-03-12,San Francisco,SFO International Airport,173,False,1,Los Angeles,LAX International Airport,11:30,08:05,1,Economy,,,
88,Air Canada,2019-03-04,San Francisco,SFO International Airport,283,False,1,Toronto,Toronto Pearson International Airport,21:12,16:40,1,Economy,,,
89,Alaska Airlines,2019-03-03,Delhi,Indira Gandhi International Airport,399,True,1,San Francisco,SFO International Airport,09:04,04:30,1,Economy,,,
90,American Airlines,2019-03-03,Delhi,Indira Gandhi International Airport,292,True,0,San Francisco,SFO International Airport,16:07,13:15,1,Economy,,,
91,Delta Airlines,2019-03-03,Delhi,Indira Gandhi International Airport,418,True,1,San Francisco,SFO International Airport,18:30,10:55,1,Economy,,,
92,Southwest Airlines,2019-03-03,Delhi,Indira Gandhi International Airport,347,True,1,San Francisco,SFO International Airport,20:39,12:50,1,Economy,,,
93,United Airlines,2019-03-03,Delhi,Indira Gandhi International Airport,350,True,1,San Francisco,SFO International Airport,20:39,11:55,1,Economy,,,
94,American Airlines,2019-03-03,Delhi,Indira Gandhi International Airport,368,True,1,New York,JFK International Airport,09:04,05:25,1,Economy,,,
95,Delta Airlines,2019-03-03,Delhi,Indira Gandhi International Airport,226,True,0,New York,JFK International Airport,05:35,10:00,1,Economy,,,
96,Air Canada,2019-03-13,Philadelphia,PHL International Airport,208,True,1,Toronto,Toronto Pearson International Airport,00:16,16:40,1,Economy,,,
97,Delta Airlines,2019-03-14,Mexico City,Benito Juarez International Airport,153,False,0,New York,JFK International Airport,23:16,20:45,1,Economy,,,
98,Southwest Airlines,2019-03-14,Mexico City,Benito Juarez International Airport,129,False,0,New York,JFK International Airport,11:06,08:35,1,Economy,,,
99,United Airlines,2019-03-14,Mexico City,Benito Juarez International Airport,259,True,1,New York,JFK International Airport,00:44,19:25,1,Economy,,,
100,American Airlines,2019-03-06,Portland,PDX International Airport,153,False,0,Phoenix,Sky Harbor International Airport,16:00,13:05,1,Economy,,,
101,Delta Airlines,2019-03-06,Portland,PDX International Airport,145,True,0,Phoenix,Sky Harbor International Airport,01:10,22:15,1,Economy,,,
102,Southwest Airlines,2019-03-06,Portland,PDX International Airport,239,False,1,Phoenix,Sky Harbor International Airport,09:55,04:20,1,Economy,,,
103,United Airlines,2019-03-06,Portland,PDX International Airport,135,False,0,Phoenix,Sky Harbor International Airport,21:05,18:10,1,Economy,,,
104,American Airlines,2019-03-14,San Francisco,SFO International Airport,133,False,0,Phoenix,Sky Harbor International Airport,08:22,06:15,1,Economy,,,
105,Delta Airlines,2019-03-14,San Francisco,SFO International Airport,125,False,0,Phoenix,Sky Harbor International Airport,14:02,11:55,1,Economy,,,
106,Southwest Airlines,2019-03-14,San Francisco,SFO International Airport,120,False,0,Phoenix,Sky Harbor International Airport,08:07,06:00,1,Economy,,,
107,United Airlines,2019-03-14,San Francisco,SFO International Airport,130,True,0,Phoenix,Sky Harbor International Airport,01:57,23:50,1,Economy,,,
108,American Airlines,2019-03-10,San Francisco,SFO International Airport,123,False,0,Phoenix,Sky Harbor International Airport,08:22,06:15,1,Economy,,,
109,Delta Airlines,2019-03-10,San Francisco,SFO International Airport,130,False,0,Phoenix,Sky Harbor International Airport,14:02,11:55,1,Economy,,,
110,Southwest Airlines,2019-03-10,San Francisco,SFO International Airport,99,False,0,Phoenix,Sky Harbor International Airport,21:22,19:15,1,Economy,,,
111,Delta Airlines,2019-03-01,Nairobi,Jomo Kenyatta International Airport,439,True,1,Chicago,O'Hare International Airport,17:57,09:15,2,Economy,,,
112,Air Canada,2019-03-05,Seattle,Seattle-Tacoma International Airport,273,True,1,Vancouver,YVR International Airport,00:27,16:45,1,Economy,,,
113,Delta Airlines,2019-03-05,Seattle,Seattle-Tacoma International Airport,234,False,1,Vancouver,YVR International Airport,22:56,17:05,1,Economy,,,
114,United Airlines,2019-03-05,Seattle,Seattle-Tacoma International Airport,218,False,1,Vancouver,YVR International Airport,22:56,18:05,1,Economy,,,
115,American Airlines,2019-03-01,London,Heathrow International Airport,203,True,0,New York,JFK International Airport,06:37,18:15,3,Economy,,,
116,Delta Airlines,2019-03-01,London,Heathrow International Airport,238,True,0,New York,JFK International Airport,06:42,18:20,3,Economy,,,
117,Southwest Airlines,2019-03-01,London,Heathrow International Airport,267,True,0,New York,JFK International Airport,04:57,16:35,3,Economy,,,
118,United Airlines,2019-03-01,London,Heathrow International Airport,346,True,1,New York,JFK International Airport,10:14,14:40,3,Economy,,,
119,American Airlines,2019-03-01,Toronto,Toronto Pearson International Airport,89,False,0,Washington,Dulles International Airport,19:05,17:40,4,Economy,,,
120,Southwest Airlines,2019-03-01,Toronto,Toronto Pearson International Airport,103,False,0,Washington,Dulles International Airport,06:05,04:40,4,Economy,,,
121,American Airlines,2019-03-01,Chicago,O'Hare International Airport,91,False,0,Toronto,Toronto Pearson International Airport,06:33,05:55,1,Economy,,,
122,British Airways,2019-03-02,New York,JFK International Airport,188,False,0,London,Heathrow International Airport,13:37,09:15,4,Economy,,,
123,Delta Airlines,2019-03-02,New York,JFK International Airport,220,False,0,London,Heathrow International Airport,19:57,15:35,4,Economy,,,
124,United Airlines,2019-03-02,New York,JFK International Airport,232,False,0,London,Heathrow International Airport,04:47,00:25,4,Economy,,,
125,Air France,2019-03-13,Seattle,Seattle-Tacoma International Airport,399,False,1,Paris,Charles de Gaulle International Airport,12:15,03:55,1,Economy,,,
126,Alaska Airlines,2019-03-06,Chicago,O'Hare International Airport,142,False,0,San Francisco,SFO International Airport,20:22,13:35,1,Economy,,,
127,American Airlines,2019-03-06,Chicago,O'Hare International Airport,257,True,1,San Francisco,SFO International Airport,01:47,16:25,1,Economy,,,
128,Delta Airlines,2019-03-06,Chicago,O'Hare International Airport,164,True,0,San Francisco,SFO International Airport,04:52,22:05,1,Economy,,,
129,Southwest Airlines,2019-03-06,Chicago,O'Hare International Airport,311,True,1,San Francisco,SFO International Airport,06:20,20:45,1,Economy,,,
130,United Airlines,2019-03-06,Chicago,O'Hare International Airport,166,True,0,San Francisco,SFO International Airport,04:07,21:20,1,Economy,,,
131,Southwest Airlines,2019-03-09,Atlanta,Hartsfield-Jackson International Airport,146,True,0,Phoenix,Sky Harbor International Airport,06:07,22:55,1,Economy,,,
132,Alaska Airlines,2019-03-02,Toronto,Toronto Pearson International Airport,262,False,1,Seattle,Seattle-Tacoma International Airport,18:58,08:25,1,Economy,,,
133,American Airlines,2019-03-02,Toronto,Toronto Pearson International Airport,300,False,1,Seattle,Seattle-Tacoma International Airport,20:44,08:15,1,Economy,,,
134,Delta Airlines,2019-03-02,Toronto,Toronto Pearson International Airport,300,False,1,Seattle,Seattle-Tacoma International Airport,20:44,08:45,1,Economy,,,
135,Southwest Airlines,2019-03-02,Toronto,Toronto Pearson International Airport,280,False,1,Seattle,Seattle-Tacoma International Airport,14:38,04:25,1,Economy,,,
136,United Airlines,2019-03-02,Toronto,Toronto Pearson International Airport,462,False,1,Seattle,Seattle-Tacoma International Airport,21:54,10:10,1,Premium Economy,,,
137,American Airlines,2019-03-04,Las Vegas,McCarran International Airport,415,False,1,Kuala Lumpur,KLIA International Airport,21:35,13:45,2,Economy,,,
138,Delta Airlines,2019-03-04,Las Vegas,McCarran International Airport,385,False,1,Kuala Lumpur,KLIA International Airport,07:40,00:15,2,Economy,,,
139,United Airlines,2019-03-03,Paris,Charles de Gaulle International Airport,323,True,1,Chicago,O'Hare International Airport,13:37,15:15,1,Economy,,,
140,Alaska Airlines,2019-03-12,San Francisco,SFO International Airport,99,False,0,San Diego,SAN International Airport,12:50,11:10,1,Economy,,,
141,American Airlines,2019-03-12,San Francisco,SFO International Airport,102,False,0,San Diego,SAN International Airport,23:00,21:20,1,Economy,,,
142,Delta Airlines,2019-03-12,San Francisco,SFO International Airport,111,False,0,San Diego,SAN International Airport,21:35,19:55,1,Economy,,,
143,Southwest Airlines,2019-03-12,San Francisco,SFO International Airport,114,False,0,San Diego,SAN International Airport,08:40,07:00,1,Economy,,,
144,United Airlines,2019-03-12,San Francisco,SFO International Airport,105,False,0,San Diego,SAN International Airport,09:00,07:20,1,Economy,,,
145,Alaska Airlines,2019-03-06,Portland,PDX International Airport,144,False,0,Los Angeles,LAX International Airport,09:55,07:25,1,Economy,,,
146,American Airlines,2019-03-06,Portland,PDX International Airport,127,True,0,Los Angeles,LAX International Airport,01:45,23:15,1,Economy,,,
147,Delta Airlines,2019-03-06,Portland,PDX International Airport,139,True,0,Los Angeles,LAX International Airport,00:20,21:50,1,Economy,,,
148,Southwest Airlines,2019-03-06,Portland,PDX International Airport,122,False,0,Los Angeles,LAX International Airport,19:00,16:30,1,Economy,,,
149,United Airlines,2019-03-06,Portland,PDX International Airport,201,False,1,Los Angeles,LAX International Airport,14:13,08:55,1,Economy,,,
150,American Airlines,2019-03-07,Los Angeles,LAX International Airport,71,False,0,Las Vegas,McCarran International Airport,10:40,09:30,1,Economy,,,
151,Delta Airlines,2019-03-07,Los Angeles,LAX International Airport,91,False,0,Las Vegas,McCarran International Airport,13:30,12:20,1,Economy,,,
152,Southwest Airlines,2019-03-07,Los Angeles,LAX International Airport,74,False,0,Las Vegas,McCarran International Airport,15:45,14:35,1,Economy,,,
153,United Airlines,2019-03-07,Los Angeles,LAX International Airport,87,False,0,Las Vegas,McCarran International Airport,13:15,12:05,1,Economy,,,
154,Delta Airlines,2019-03-04,San Diego,SAN International Airport,258,False,1,Atlanta,Hartsfield-Jackson International Airport,22:55,18:55,1,Economy,,,
155,American Airlines,2019-03-14,New York,JFK International Airport,125,False,0,Chicago,O'Hare International Airport,15:49,12:30,2,Economy,,,
156,Delta Airlines,2019-03-14,New York,JFK International Airport,132,False,0,Chicago,O'Hare International Airport,12:34,09:15,2,Economy,,,
157,Southwest Airlines,2019-03-14,New York,JFK International Airport,135,False,0,Chicago,O'Hare International Airport,10:09,06:50,2,Economy,,,
158,United Airlines,2019-03-14,New York,JFK International Airport,118,True,0,Chicago,O'Hare International Airport,00:19,21:00,2,Economy,,,
159,Alaska Airlines,2019-03-04,San Diego,SAN International Airport,113,False,0,San Francisco,SFO International Airport,07:50,06:10,1,Economy,,,
160,Delta Airlines,2019-03-04,San Diego,SAN International Airport,110,False,0,San Francisco,SFO International Airport,23:25,21:45,1,Economy,,,
161,Southwest Airlines,2019-03-04,San Diego,SAN International Airport,114,False,0,San Francisco,SFO International Airport,18:50,17:10,1,Economy,,,
162,United Airlines,2019-03-04,San Diego,SAN International Airport,111,False,0,San Francisco,SFO International Airport,08:20,06:40,1,Economy,,,
163,American Airlines,2019-03-11,Portland,PDX International Airport,237,False,0,Phoenix,Sky Harbor International Airport,16:00,13:05,4,Premium Economy,,,
164,Alaska Airlines,2019-03-11,Paris,Charles de Gaulle International Airport,255,True,0,San Francisco,SFO International Airport,20:13,22:05,1,Economy,,,
165,American Airlines,2019-03-11,Paris,Charles de Gaulle International Airport,312,True,0,San Francisco,SFO International Airport,08:53,10:45,1,Economy,,,
166,Delta Airlines,2019-03-11,Paris,Charles de Gaulle International Airport,395,True,1,San Francisco,SFO International Airport,13:37,10:55,1,Economy,,,
167,Southwest Airlines,2019-03-11,Paris,Charles de Gaulle International Airport,336,True,1,San Francisco,SFO International Airport,07:58,06:45,1,Economy,,,
168,United Airlines,2019-03-11,Paris,Charles de Gaulle International Airport,446,True,1,San Francisco,SFO International Airport,06:17,05:50,1,Economy,,,
169,Southwest Airlines,2019-03-03,Toronto,Toronto Pearson International Airport,106,False,0,Washington,Dulles International Airport,06:05,04:40,1,Economy,,,
170,American Airlines,2019-03-04,Delhi,Indira Gandhi International Airport,321,True,1,Las Vegas,McCarran International Airport,20:39,10:55,2,Economy,,,
171,Southwest Airlines,2019-03-04,Delhi,Indira Gandhi International Airport,329,True,1,Las Vegas,McCarran International Airport,20:39,14:35,2,Economy,,,
172,Southwest Airlines,2019-03-01,Phoenix,Sky Harbor International Airport,89,False,0,Las Vegas,McCarran International Airport,19:39,18:25,1,Economy,,,
173,American Airlines,2019-03-10,Los Angeles,LAX International Airport,80,False,0,Las Vegas,McCarran International Airport,10:40,09:30,1,Economy,,,
174,Delta Airlines,2019-03-10,Los Angeles,LAX International Airport,87,False,0,Las Vegas,McCarran International Airport,22:50,21:40,1,Economy,,,
175,Southwest Airlines,2019-03-10,Los Angeles,LAX International Airport,84,False,0,Las Vegas,McCarran International Airport,15:45,14:35,1,Economy,,,
176,United Airlines,2019-03-10,Los Angeles,LAX International Airport,97,False,0,Las Vegas,McCarran International Airport,13:15,12:05,1,Economy,,,
177,American Airlines,2019-03-05,Nairobi,Jomo Kenyatta International Airport,346,True,1,Philadelphia,PHL International Airport,17:57,16:45,1,Economy,,,
178,Delta Airlines,2019-03-05,Nairobi,Jomo Kenyatta International Airport,342,True,1,Philadelphia,PHL International Airport,17:57,16:40,1,Economy,,,
179,Southwest Airlines,2019-03-05,Nairobi,Jomo Kenyatta International Airport,331,True,1,Philadelphia,PHL International Airport,10:07,07:45,1,Economy,,,
180,United Airlines,2019-03-05,Nairobi,Jomo Kenyatta International Airport,319,True,1,Philadelphia,PHL International Airport,10:07,04:45,1,Economy,,,
181,Delta Airlines,2019-03-07,San Francisco,SFO International Airport,237,False,1,Toronto,Toronto Pearson International Airport,14:22,07:15,1,Economy,,,
182,Delta Airlines,2019-03-07,Seattle,Seattle-Tacoma International Airport,197,False,0,Atlanta,Hartsfield-Jackson International Airport,18:52,16:20,1,Economy,,,
183,American Airlines,2019-03-04,Atlanta,Hartsfield-Jackson International Airport,108,False,0,Chicago,O'Hare International Airport,23:41,20:40,3,Economy,,,
184,Delta Airlines,2019-03-04,Atlanta,Hartsfield-Jackson International Airport,100,False,0,Chicago,O'Hare International Airport,11:31,08:30,3,Economy,,,
185,United Airlines,2019-03-04,Atlanta,Hartsfield-Jackson International Airport,130,False,0,Chicago,O'Hare International Airport,23:21,20:20,3,Economy,,,
186,Alaska Airlines,2019-03-04,Atlanta,Hartsfield-Jackson International Airport,252,False,1,San Francisco,SFO International Airport,23:41,13:35,3,Economy,,,
187,American Airlines,2019-03-04,Atlanta,Hartsfield-Jackson International Airport,234,True,1,San Francisco,SFO International Airport,01:24,15:50,3,Economy,,,
188,Delta Airlines,2019-03-04,Atlanta,Hartsfield-Jackson International Airport,194,False,0,San Francisco,SFO International Airport,18:31,10:05,3,Economy,,,
189,Southwest Airlines,2019-03-04,Atlanta,Hartsfield-Jackson International Airport,291,False,1,San Francisco,SFO International Airport,17:19,07:10,3,Economy,,,
190,United Airlines,2019-03-04,Atlanta,Hartsfield-Jackson International Airport,202,False,0,San Francisco,SFO International Airport,18:41,10:15,3,Economy,,,
191,United Airlines,2019-03-01,Washington,Dulles International Airport,90,False,0,New York,JFK International Airport,06:20,05:10,1,Economy,,,
192,British Airways,2019-03-02,Washington,Dulles International Airport,254,False,1,London,Heathrow International Airport,18:25,09:15,1,Economy,,,
193,Delta Airlines,2019-03-02,Washington,Dulles International Airport,313,False,1,London,Heathrow International Airport,17:48,08:00,1,Economy,,,
194,United Airlines,2019-03-02,Washington,Dulles International Airport,300,False,1,London,Heathrow International Airport,06:20,00:25,1,Economy,,,
195,American Airlines,2019-03-12,Nairobi,Jomo Kenyatta International Airport,340,True,1,Philadelphia,PHL International Airport,17:57,16:45,4,Economy,,,
196,Delta Airlines,2019-03-12,Nairobi,Jomo Kenyatta International Airport,338,True,1,Philadelphia,PHL International Airport,17:57,16:40,4,Economy,,,
197,Southwest Airlines,2019-03-12,Nairobi,Jomo Kenyatta International Airport,401,True,1,Philadelphia,PHL International Airport,10:07,07:45,4,Economy,,,
198,United Airlines,2019-03-12,Nairobi,Jomo Kenyatta International Airport,388,True,1,Philadelphia,PHL International Airport,10:07,04:45,4,Economy,,,
199,Alaska Airlines,2019-03-09,San Francisco,SFO International Airport,127,False,0,Seattle,Seattle-Tacoma International Airport,14:11,12:00,1,Economy,17:06,14:55,2019-03-13
200,Delta Airlines,2019-03-09,San Francisco,SFO International Airport,131,False,0,Seattle,Seattle-Tacoma International Airport,08:21,06:10,1,Economy,10:11,08:00,2019-03-13
201,Southwest Airlines,2019-03-09,San Francisco,SFO International Airport,117,True,0,Seattle,Seattle-Tacoma International Airport,00:01,21:50,1,Economy,10:36,08:25,2019-03-13
202,United Airlines,2019-03-09,San Francisco,SFO International Airport,135,False,0,Seattle,Seattle-Tacoma International Airport,22:41,20:30,1,Economy,17:16,15:05,2019-03-13
203,American Airlines,2019-03-08,Vancouver,YVR International Airport,206,True,1,Los Angeles,LAX International Airport,20:12,15:05,1,Economy,02:04,23:00,2019-03-13
204,Delta Airlines,2019-03-08,Vancouver,YVR International Airport,150,False,0,Los Angeles,LAX International Airport,13:59,10:55,1,Economy,06:24,03:20,2019-03-13
205,American Airlines,2019-03-08,New York,JFK International Airport,276,True,1,Los Angeles,LAX International Airport,03:30,18:20,4,Economy,19:57,15:40,2019-03-13
206,Delta Airlines,2019-03-08,New York,JFK International Airport,325,True,0,Los Angeles,LAX International Airport,08:05,22:55,4,Premium Economy,10:40,07:30,2019-03-13
207,Southwest Airlines,2019-03-08,New York,JFK International Airport,241,False,1,Los Angeles,LAX International Airport,18:34,07:20,4,Economy,11:50,08:40,2019-03-13
208,United Airlines,2019-03-08,New York,JFK International Airport,268,True,1,Los Angeles,LAX International Airport,05:25,20:15,4,Economy,22:05,17:00,2019-03-13
209,American Airlines,2019-03-09,London,Heathrow International Airport,391,True,1,San Francisco,SFO International Airport,04:57,07:05,1,Economy,23:45,15:05,2019-03-12
210,Delta Airlines,2019-03-09,London,Heathrow International Airport,395,True,1,San Francisco,SFO International Airport,10:47,10:55,1,Economy,21:12,08:00,2019-03-12
211,United Airlines,2019-03-09,London,Heathrow International Airport,432,True,1,San Francisco,SFO International Airport,03:14,05:35,1,Economy,09:31,00:25,2019-03-12
212,American Airlines,2019-03-03,New York,JFK International Airport,144,False,0,Atlanta,Hartsfield-Jackson International Airport,17:47,15:25,1,Economy,14:07,11:45,2019-03-05
213,Delta Airlines,2019-03-03,New York,JFK International Airport,125,False,0,Atlanta,Hartsfield-Jackson International Airport,18:02,15:40,1,Economy,13:47,11:25,2019-03-05
214,Southwest Airlines,2019-03-03,New York,JFK International Airport,151,True,1,Atlanta,Hartsfield-Jackson International Airport,15:47,13:25,1,Economy,01:11,21:50,2019-03-05
215,United Airlines,2019-03-03,New York,JFK International Airport,142,False,0,Atlanta,Hartsfield-Jackson International Airport,15:12,12:50,1,Economy,21:27,19:05,2019-03-05
216,Delta Airlines,2019-03-03,New York,JFK International Airport,242,True,0,London,Heathrow International Airport,19:57,15:35,1,Economy,06:42,18:20,2019-03-05
217,American Airlines,2019-03-07,Las Vegas,McCarran International Airport,277,False,1,Chicago,O'Hare International Airport,12:25,07:05,1,Economy,20:12,10:55,2019-03-11
218,Delta Airlines,2019-03-07,Las Vegas,McCarran International Airport,289,False,1,Chicago,O'Hare International Airport,21:35,17:25,1,Economy,20:12,12:20,2019-03-11
219,United Airlines,2019-03-07,Las Vegas,McCarran International Airport,294,False,1,Chicago,O'Hare International Airport,14:35,10:35,1,Economy,20:12,12:05,2019-03-11
220,Delta Airlines,2019-03-01,New York,JFK International Airport,213,True,0,Los Angeles,LAX International Airport,08:05,22:55,1,Economy,10:40,07:30,2019-03-14
221,American Airlines,2019-03-01,Phoenix,Sky Harbor International Airport,253,False,1,Mexico City,Benito Juarez International Airport,13:38,08:05,1,Economy,20:05,07:35,2019-03-13
222,United Airlines,2019-03-01,Phoenix,Sky Harbor International Airport,275,False,1,Mexico City,Benito Juarez International Airport,06:47,00:20,1,Economy,19:08,11:05,2019-03-13
223,American Airlines,2019-03-02,San Francisco,SFO International Airport,309,False,1,Toronto,Toronto Pearson International Airport,13:27,05:55,1,Economy,20:28,07:05,2019-03-11
224,American Airlines,2019-03-09,Los Angeles,LAX International Airport,95,False,0,Phoenix,Sky Harbor International Airport,09:03,07:35,1,Economy,09:18,07:50,2019-03-13
225,Delta Airlines,2019-03-09,Los Angeles,LAX International Airport,176,False,1,Phoenix,Sky Harbor International Airport,15:45,12:15,1,Economy,17:59,15:05,2019-03-13
226,Southwest Airlines,2019-03-09,Los Angeles,LAX International Airport,101,False,0,Phoenix,Sky Harbor International Airport,08:33,07:05,1,Economy,13:38,12:10,2019-03-13
227,United Airlines,2019-03-09,Los Angeles,LAX International Airport,95,False,0,Phoenix,Sky Harbor International Airport,08:43,07:15,1,Economy,10:13,08:45,2019-03-13
228,American Airlines,2019-03-04,Seattle,Seattle-Tacoma International Airport,268,False,1,Chicago,O'Hare International Airport,22:03,14:50,1,Economy,22:30,16:00,2019-03-12
229,Delta Airlines,2019-03-04,Seattle,Seattle-Tacoma International Airport,173,True,0,Chicago,O'Hare International Airport,18:05,15:35,1,Economy,06:20,23:50,2019-03-12
230,Southwest Airlines,2019-03-04,Seattle,Seattle-Tacoma International Airport,244,False,1,Chicago,O'Hare International Airport,20:45,18:15,1,Economy,15:02,05:25,2019-03-12
231,United Airlines,2019-03-04,Seattle,Seattle-Tacoma International Airport,239,False,1,Chicago,O'Hare International Airport,18:20,15:50,1,Economy,20:12,10:10,2019-03-12
232,American Airlines,2019-03-05,Mexico City,Benito Juarez International Airport,295,False,1,Seattle,Seattle-Tacoma International Airport,20:05,08:15,1,Economy,14:47,08:05,2019-03-14
233,Delta Airlines,2019-03-05,Mexico City,Benito Juarez International Airport,290,False,1,Seattle,Seattle-Tacoma International Airport,20:05,08:45,1,Economy,22:56,13:45,2019-03-14
234,United Airlines,2019-03-05,Mexico City,Benito Juarez International Airport,288,True,1,Seattle,Seattle-Tacoma International Airport,02:05,12:30,1,Economy,02:32,20:45,2019-03-14
235,Delta Airlines,2019-03-03,Phoenix,Sky Harbor International Airport,131,False,0,San Francisco,SFO International Airport,07:57,05:50,1,Economy,14:02,11:55,2019-03-09
236,Southwest Airlines,2019-03-03,Phoenix,Sky Harbor International Airport,131,True,0,San Francisco,SFO International Airport,01:17,23:10,1,Economy,08:07,06:00,2019-03-09
237,United Airlines,2019-03-03,Phoenix,Sky Harbor International Airport,133,False,0,San Francisco,SFO International Airport,16:22,14:15,1,Economy,19:17,17:10,2019-03-09
238,Southwest Airlines,2019-03-06,Phoenix,Sky Harbor International Airport,138,True,0,San Francisco,SFO International Airport,01:17,23:10,1,Economy,08:07,06:00,2019-03-09
239,Delta Airlines,2019-03-10,Seattle,Seattle-Tacoma International Airport,181,False,0,Chicago,O'Hare International Airport,11:45,09:15,1,Economy,11:25,04:55,2019-03-14
240,Southwest Airlines,2019-03-10,Seattle,Seattle-Tacoma International Airport,270,False,1,Chicago,O'Hare International Airport,20:45,18:15,1,Economy,15:02,05:25,2019-03-14
241,United Airlines,2019-03-10,Seattle,Seattle-Tacoma International Airport,189,True,0,Chicago,O'Hare International Airport,18:20,15:50,1,Economy,00:25,17:55,2019-03-14
242,American Airlines,2019-03-04,Phoenix,Sky Harbor International Airport,244,False,1,Seattle,Seattle-Tacoma International Airport,13:38,08:15,1,Economy,14:47,08:40,2019-03-12
243,Delta Airlines,2019-03-04,Phoenix,Sky Harbor International Airport,237,False,1,Seattle,Seattle-Tacoma International Airport,13:38,08:45,1,Economy,17:06,11:55,2019-03-12
244,Southwest Airlines,2019-03-04,Phoenix,Sky Harbor International Airport,282,False,1,Seattle,Seattle-Tacoma International Airport,10:13,05:25,1,Economy,18:52,08:20,2019-03-12
245,United Airlines,2019-03-04,Phoenix,Sky Harbor International Airport,218,False,1,Seattle,Seattle-Tacoma International Airport,10:35,05:30,1,Economy,23:43,18:10,2019-03-12
246,United Airlines,2019-03-04,Phoenix,Sky Harbor International Airport,218,False,1,Seattle,Seattle-Tacoma International Airport,10:35,05:30,4,Economy,23:43,18:10,2019-03-12
247,United Airlines,2019-03-02,Chicago,O'Hare International Airport,295,True,1,Portland,PDX International Airport,06:20,22:45,1,Economy,09:58,04:00,2019-03-11
248,American Airlines,2019-03-05,Mexico City,Benito Juarez International Airport,234,False,1,Las Vegas,McCarran International Airport,20:05,09:30,1,Economy,16:15,08:05,2019-03-12
249,Delta Airlines,2019-03-05,Mexico City,Benito Juarez International Airport,242,False,1,Las Vegas,McCarran International Airport,20:05,12:20,1,Economy,19:05,13:45,2019-03-12
250,American Airlines,2019-03-03,Toronto,Toronto Pearson International Airport,229,False,1,Atlanta,Hartsfield-Jackson International Airport,20:28,15:25,1,Economy,14:56,10:05,2019-03-09
251,Delta Airlines,2019-03-03,Toronto,Toronto Pearson International Airport,241,False,1,Atlanta,Hartsfield-Jackson International Airport,20:28,15:40,1,Economy,11:31,07:15,2019-03-09
252,United Airlines,2019-03-03,Toronto,Toronto Pearson International Airport,228,False,1,Atlanta,Hartsfield-Jackson International Airport,12:33,06:15,1,Economy,23:41,17:35,2019-03-09
253,American Airlines,2019-03-10,Chicago,O'Hare International Airport,251,False,1,Seattle,Seattle-Tacoma International Airport,22:30,16:00,1,Economy,13:27,07:50,2019-03-12
254,Delta Airlines,2019-03-10,Chicago,O'Hare International Airport,243,True,1,Seattle,Seattle-Tacoma International Airport,06:20,23:50,1,Economy,00:27,17:25,2019-03-12
255,Southwest Airlines,2019-03-10,Chicago,O'Hare International Airport,227,False,1,Seattle,Seattle-Tacoma International Airport,10:55,04:25,1,Economy,21:57,14:50,2019-03-12
256,United Airlines,2019-03-10,Chicago,O'Hare International Airport,173,True,0,Seattle,Seattle-Tacoma International Airport,00:25,17:55,1,Economy,18:20,15:50,2019-03-12
257,American Airlines,2019-03-08,Portland,PDX International Airport,162,False,0,Phoenix,Sky Harbor International Airport,15:35,12:40,1,Economy,12:00,09:05,2019-03-13
258,Delta Airlines,2019-03-08,Portland,PDX International Airport,200,True,1,Phoenix,Sky Harbor International Airport,01:10,22:15,1,Economy,01:17,20:00,2019-03-13
259,Southwest Airlines,2019-03-08,Portland,PDX International Airport,186,False,1,Phoenix,Sky Harbor International Airport,23:53,19:15,1,Economy,10:35,07:40,2019-03-13
260,United Airlines,2019-03-08,Portland,PDX International Airport,158,False,0,Phoenix,Sky Harbor International Airport,21:05,18:10,1,Economy,12:25,09:30,2019-03-13
261,Alaska Airlines,2019-03-05,Portland,PDX International Airport,121,False,0,San Francisco,SFO International Airport,14:13,12:20,1,Economy,09:48,07:55,2019-03-07
262,American Airlines,2019-03-05,Portland,PDX International Airport,117,False,0,San Francisco,SFO International Airport,09:58,08:05,1,Economy,06:53,05:00,2019-03-07
263,Delta Airlines,2019-03-05,Portland,PDX International Airport,117,False,0,San Francisco,SFO International Airport,23:53,22:00,1,Economy,10:38,08:45,2019-03-07
264,Southwest Airlines,2019-03-05,Portland,PDX International Airport,170,False,1,San Francisco,SFO International Airport,17:33,14:10,1,Economy,17:08,15:15,2019-03-07
265,United Airlines,2019-03-05,Portland,PDX International Airport,169,False,1,San Francisco,SFO International Airport,17:33,13:10,1,Economy,12:28,10:35,2019-03-07
266,Delta Airlines,2019-03-10,Atlanta,Hartsfield-Jackson International Airport,233,False,1,Los Angeles,LAX International Airport,17:19,09:20,1,Economy,13:07,07:50,2019-03-13
267,Delta Airlines,2019-03-07,Toronto,Toronto Pearson International Airport,308,False,1,Seattle,Seattle-Tacoma International Airport,19:05,08:45,1,Economy,09:37,02:10,2019-03-11
268,Delta Airlines,2019-03-09,Seattle,Seattle-Tacoma International Airport,306,False,1,Vancouver,YVR International Airport,12:15,02:50,2,Economy,13:59,07:40,2019-03-14
269,United Airlines,2019-03-09,Seattle,Seattle-Tacoma International Airport,268,False,1,Vancouver,YVR International Airport,22:56,18:05,2,Economy,23:27,17:10,2019-03-14
270,Alaska Airlines,2019-03-01,Los Angeles,LAX International Airport,165,False,1,Portland,PDX International Airport,21:44,17:40,1,Economy,07:45,05:15,2019-03-04
271,American Airlines,2019-03-01,Los Angeles,LAX International Airport,165,True,1,Portland,PDX International Airport,11:02,06:00,1,Economy,01:45,23:15,2019-03-04
272,Delta Airlines,2019-03-01,Los Angeles,LAX International Airport,214,False,1,Portland,PDX International Airport,15:17,09:35,1,Economy,12:08,06:50,2019-03-04
273,Southwest Airlines,2019-03-01,Los Angeles,LAX International Airport,157,False,0,Portland,PDX International Airport,19:25,16:55,1,Economy,19:00,16:30,2019-03-04
274,United Airlines,2019-03-01,Los Angeles,LAX International Airport,171,False,1,Portland,PDX International Airport,14:35,12:05,1,Economy,14:13,08:55,2019-03-04
275,United Airlines,2019-03-07,Atlanta,Hartsfield-Jackson International Airport,118,False,0,Washington,Dulles International Airport,19:06,17:15,1,Economy,20:21,18:30,2019-03-12
276,Southwest Airlines,2019-03-04,Portland,PDX International Airport,301,True,1,Chicago,O'Hare International Airport,09:58,04:35,4,Economy,00:37,15:15,2019-03-11
277,United Airlines,2019-03-04,Portland,PDX International Airport,270,True,1,Chicago,O'Hare International Airport,19:00,12:45,4,Economy,06:20,22:45,2019-03-11
278,American Airlines,2019-03-03,San Francisco,SFO International Airport,241,True,1,Atlanta,Hartsfield-Jackson International Airport,14:06,11:40,1,Economy,01:24,15:50,2019-03-08
279,Delta Airlines,2019-03-03,San Francisco,SFO International Airport,193,False,0,Atlanta,Hartsfield-Jackson International Airport,15:16,12:50,1,Economy,18:31,10:05,2019-03-08
280,Southwest Airlines,2019-03-03,San Francisco,SFO International Airport,235,False,1,Atlanta,Hartsfield-Jackson International Airport,08:56,06:30,1,Economy,17:19,06:45,2019-03-08
281,United Airlines,2019-03-03,San Francisco,SFO International Airport,190,False,0,Atlanta,Hartsfield-Jackson International Airport,12:06,09:40,1,Economy,18:41,10:15,2019-03-08
282,American Airlines,2019-03-02,Los Angeles,LAX International Airport,368,True,1,Paris,Charles de Gaulle International Airport,10:40,04:05,1,Economy,07:58,09:40,2019-03-10
283,Delta Airlines,2019-03-02,Los Angeles,LAX International Airport,335,True,1,Paris,Charles de Gaulle International Airport,00:32,17:35,1,Economy,06:43,08:25,2019-03-10
284,Alaska Airlines,2019-03-05,Los Angeles,LAX International Airport,111,False,0,San Francisco,SFO International Airport,21:45,20:20,1,Economy,19:15,17:50,2019-03-13
285,American Airlines,2019-03-05,Los Angeles,LAX International Airport,95,False,0,San Francisco,SFO International Airport,17:15,15:50,1,Economy,07:55,06:30,2019-03-13
286,Southwest Airlines,2019-03-05,Los Angeles,LAX International Airport,108,False,0,San Francisco,SFO International Airport,14:15,12:50,1,Economy,23:45,22:20,2019-03-13
287,United Airlines,2019-03-05,Los Angeles,LAX International Airport,140,False,1,San Francisco,SFO International Airport,10:40,09:15,1,Economy,11:30,08:05,2019-03-13
288,Southwest Airlines,2019-03-01,Atlanta,Hartsfield-Jackson International Airport,310,True,1,Portland,PDX International Airport,04:39,16:55,1,Economy,19:00,13:30,2019-03-10
289,United Airlines,2019-03-01,Atlanta,Hartsfield-Jackson International Airport,283,True,1,Portland,PDX International Airport,08:22,22:45,1,Economy,14:03,09:40,2019-03-10
290,American Airlines,2019-03-01,Atlanta,Hartsfield-Jackson International Airport,131,False,0,New York,JFK International Airport,13:42,11:20,1,Economy,08:47,06:25,2019-03-10
291,Delta Airlines,2019-03-01,Atlanta,Hartsfield-Jackson International Airport,141,False,0,New York,JFK International Airport,13:47,11:25,1,Economy,18:02,15:40,2019-03-10
292,Southwest Airlines,2019-03-01,Atlanta,Hartsfield-Jackson International Airport,157,True,1,New York,JFK International Airport,01:11,21:50,1,Economy,11:42,09:20,2019-03-10
293,United Airlines,2019-03-01,Atlanta,Hartsfield-Jackson International Airport,143,False,0,New York,JFK International Airport,21:27,19:05,1,Economy,15:12,12:50,2019-03-10
294,American Airlines,2019-03-09,Atlanta,Hartsfield-Jackson International Airport,180,True,0,Los Angeles,LAX International Airport,01:24,17:25,1,Economy,16:29,14:30,2019-03-11
295,Delta Airlines,2019-03-09,Atlanta,Hartsfield-Jackson International Airport,199,True,0,Los Angeles,LAX International Airport,04:39,20:40,1,Economy,19:39,17:40,2019-03-11
296,Southwest Airlines,2019-03-09,Atlanta,Hartsfield-Jackson International Airport,222,False,1,Los Angeles,LAX International Airport,23:41,13:40,1,Economy,15:29,13:30,2019-03-11
297,United Airlines,2019-03-09,Atlanta,Hartsfield-Jackson International Airport,240,True,1,Los Angeles,LAX International Airport,04:39,20:40,1,Economy,14:15,09:40,2019-03-11
298,American Airlines,2019-03-09,Atlanta,Hartsfield-Jackson International Airport,180,True,0,Los Angeles,LAX International Airport,01:24,17:25,3,Economy,16:29,14:30,2019-03-11
299,Delta Airlines,2019-03-09,Atlanta,Hartsfield-Jackson International Airport,199,True,0,Los Angeles,LAX International Airport,04:39,20:40,3,Economy,19:39,17:40,2019-03-11
300,Southwest Airlines,2019-03-09,Atlanta,Hartsfield-Jackson International Airport,222,False,1,Los Angeles,LAX International Airport,23:41,13:40,3,Economy,15:29,13:30,2019-03-11
301,United Airlines,2019-03-09,Atlanta,Hartsfield-Jackson International Airport,240,True,1,Los Angeles,LAX International Airport,04:39,20:40,3,Economy,14:15,09:40,2019-03-11
302,American Airlines,2019-03-03,Washington,Dulles International Airport,305,True,1,Los Angeles,LAX International Airport,00:50,14:10,3,Economy,19:57,14:50,2019-03-12
303,Alaska Airlines,2019-03-05,San Francisco,SFO International Airport,108,False,0,San Diego,SAN International Airport,12:50,11:10,1,Economy,07:50,06:10,2019-03-07
304,American Airlines,2019-03-05,San Francisco,SFO International Airport,141,False,1,San Diego,SAN International Airport,13:45,12:05,1,Economy,16:19,12:15,2019-03-07
305,Delta Airlines,2019-03-05,San Francisco,SFO International Airport,168,False,1,San Diego,SAN International Airport,21:35,19:55,1,Economy,09:45,05:50,2019-03-07
306,Southwest Airlines,2019-03-05,San Francisco,SFO International Airport,142,False,1,San Diego,SAN International Airport,08:40,07:00,1,Economy,16:19,12:50,2019-03-07
307,Delta Airlines,2019-03-03,Seattle,Seattle-Tacoma International Airport,130,False,0,San Francisco,SFO International Airport,10:11,08:00,1,Economy,,,
308,Delta Airlines,2019-03-03,Seattle,Seattle-Tacoma International Airport,126,False,0,San Francisco,SFO International Airport,10:11,08:00,1,Economy,08:21,06:10,2019-03-05
309,American Airlines,2019-03-10,Portland,PDX International Airport,392,True,1,Delhi,Indira Gandhi International Airport,01:45,19:00,4,Economy,,,
310,United Airlines,2019-03-10,Portland,PDX International Airport,362,False,1,Delhi,Indira Gandhi International Airport,07:45,01:10,4,Economy,,,
311,United Airlines,2019-03-10,Portland,PDX International Airport,675,True,1,Delhi,Indira Gandhi International Airport,07:45,01:10,4,Premium Economy,16:07,10:35,2019-03-12
312,American Airlines,2019-03-12,Atlanta,Hartsfield-Jackson International Airport,109,True,0,Washington,Dulles International Airport,01:11,23:20,1,Economy,,,
313,Southwest Airlines,2019-03-12,Atlanta,Hartsfield-Jackson International Airport,124,False,0,Washington,Dulles International Airport,16:26,14:35,1,Economy,,,
314,United Airlines,2019-03-12,Atlanta,Hartsfield-Jackson International Airport,105,False,0,Washington,Dulles International Airport,19:06,17:15,1,Economy,,,
315,American Airlines,2019-03-12,Atlanta,Hartsfield-Jackson International Airport,118,False,0,Washington,Dulles International Airport,18:01,16:10,1,Economy,13:31,11:40,2019-03-14
316,American Airlines,2019-03-12,San Francisco,SFO International Airport,168,False,1,Phoenix,Sky Harbor International Airport,10:40,07:35,1,Economy,,,
317,Delta Airlines,2019-03-12,San Francisco,SFO International Airport,117,False,0,Phoenix,Sky Harbor International Airport,14:02,11:55,1,Economy,,,
318,Southwest Airlines,2019-03-12,San Francisco,SFO International Airport,120,False,0,Phoenix,Sky Harbor International Airport,21:22,19:15,1,Economy,,,
319,United Airlines,2019-03-12,San Francisco,SFO International Airport,107,False,0,Phoenix,Sky Harbor International Airport,19:17,17:10,1,Economy,,,
320,American Airlines,2019-03-12,San Francisco,SFO International Airport,180,False,1,Phoenix,Sky Harbor International Airport,10:40,07:35,4,Economy,12:49,08:10,2019-03-14
321,Delta Airlines,2019-03-05,Phoenix,Sky Harbor International Airport,90,True,0,Los Angeles,LAX International Airport,00:18,22:50,1,Economy,,,
322,Delta Airlines,2019-03-05,Phoenix,Sky Harbor International Airport,169,False,1,Los Angeles,LAX International Airport,17:59,15:05,4,Economy,15:45,12:15,2019-03-07
323,Alaska Airlines,2019-03-09,Portland,PDX International Airport,142,False,0,Los Angeles,LAX International Airport,09:55,07:25,1,Economy,,,
324,American Airlines,2019-03-09,Portland,PDX International Airport,126,True,0,Los Angeles,LAX International Airport,01:45,23:15,1,Economy,,,
325,Delta Airlines,2019-03-09,Portland,PDX International Airport,151,True,0,Los Angeles,LAX International Airport,00:20,21:50,1,Economy,,,
326,Southwest Airlines,2019-03-09,Portland,PDX International Airport,226,False,0,Los Angeles,LAX International Airport,19:00,16:30,1,Premium Economy,,,
327,United Airlines,2019-03-09,Portland,PDX International Airport,168,False,1,Los Angeles,LAX International Airport,16:04,11:40,1,Economy,,,
328,Delta Airlines,2019-03-09,Portland,PDX International Airport,180,True,1,Los Angeles,LAX International Airport,00:20,21:50,3,Economy,20:24,15:20,2019-03-11
329,American Airlines,2019-03-01,Atlanta,Hartsfield-Jackson International Airport,125,False,0,Chicago,O'Hare International Airport,10:51,07:50,1,Economy,,,
330,Delta Airlines,2019-03-01,Atlanta,Hartsfield-Jackson International Airport,121,False,0,Chicago,O'Hare International Airport,14:56,11:55,1,Economy,,,
331,United Airlines,2019-03-01,Atlanta,Hartsfield-Jackson International Airport,125,True,0,Chicago,O'Hare International Airport,00:51,21:50,1,Economy,,,
332,Delta Airlines,2019-03-01,Atlanta,Hartsfield-Jackson International Airport,174,False,1,Chicago,O'Hare International Airport,14:56,11:55,1,Economy,21:38,17:45,2019-03-03
333,American Airlines,2019-03-05,Portland,PDX International Airport,312,False,1,New York,JFK International Airport,09:55,04:05,1,Economy,,,
334,Southwest Airlines,2019-03-05,Portland,PDX International Airport,304,False,1,New York,JFK International Airport,23:53,17:55,1,Economy,,,
335,American Airlines,2019-03-05,Chicago,O'Hare International Airport,129,False,0,New York,JFK International Airport,06:44,05:25,1,Economy,,,
336,Delta Airlines,2019-03-05,Chicago,O'Hare International Airport,131,False,0,New York,JFK International Airport,07:19,06:00,1,Economy,,,
337,Delta Airlines,2019-03-05,Chicago,O'Hare International Airport,116,False,0,New York,JFK International Airport,23:14,21:55,1,Economy,12:34,09:15,2019-03-07
338,Alaska Airlines,2019-03-06,Delhi,Indira Gandhi International Airport,417,True,1,San Francisco,SFO International Airport,09:04,04:30,1,Economy,,,
339,American Airlines,2019-03-06,Delhi,Indira Gandhi International Airport,275,True,0,San Francisco,SFO International Airport,16:07,13:15,1,Economy,,,
340,Southwest Airlines,2019-03-06,Delhi,Indira Gandhi International Airport,358,True,1,San Francisco,SFO International Airport,20:39,12:50,1,Economy,,,
341,United Airlines,2019-03-06,Delhi,Indira Gandhi International Airport,340,True,1,San Francisco,SFO International Airport,20:39,11:55,1,Economy,,,
342,American Airlines,2019-03-06,Delhi,Indira Gandhi International Airport,383,True,1,San Francisco,SFO International Airport,16:07,13:15,4,Economy,13:27,09:20,2019-03-08
343,Alaska Airlines,2019-03-07,Chicago,O'Hare International Airport,283,False,1,Portland,PDX International Airport,20:12,10:10,1,Economy,,,
344,American Airlines,2019-03-07,Chicago,O'Hare International Airport,233,False,1,Portland,PDX International Airport,14:55,06:00,1,Economy,,,
345,Delta Airlines,2019-03-07,Chicago,O'Hare International Airport,272,True,1,Portland,PDX International Airport,04:57,20:00,1,Economy,,,
346,Southwest Airlines,2019-03-07,Chicago,O'Hare International Airport,283,True,1,Portland,PDX International Airport,04:17,18:30,1,Economy,,,
347,United Airlines,2019-03-07,Chicago,O'Hare International Airport,311,False,1,Portland,PDX International Airport,22:52,12:05,1,Economy,,,
348,Alaska Airlines,2019-03-07,Chicago,O'Hare International Airport,283,False,1,Portland,PDX International Airport,20:12,10:10,4,Economy,,,
349,American Airlines,2019-03-07,Chicago,O'Hare International Airport,233,False,1,Portland,PDX International Airport,14:55,06:00,4,Economy,,,
350,Delta Airlines,2019-03-07,Chicago,O'Hare International Airport,272,True,1,Portland,PDX International Airport,04:57,20:00,4,Economy,,,
351,Southwest Airlines,2019-03-07,Chicago,O'Hare International Airport,283,True,1,Portland,PDX International Airport,04:17,18:30,4,Economy,,,
352,United Airlines,2019-03-07,Chicago,O'Hare International Airport,311,False,1,Portland,PDX International Airport,22:52,12:05,4,Economy,,,
353,American Airlines,2019-03-07,Atlanta,Hartsfield-Jackson International Airport,420,False,1,Portland,PDX International Airport,18:31,07:20,4,Premium Economy,,,
354,Delta Airlines,2019-03-07,Atlanta,Hartsfield-Jackson International Airport,376,False,1,Portland,PDX International Airport,20:47,09:35,4,Premium Economy,,,
355,Delta Airlines,2019-03-07,Atlanta,Hartsfield-Jackson International Airport,445,False,1,Portland,PDX International Airport,20:47,09:35,4,Premium Economy,10:55,05:50,2019-03-10
356,American Airlines,2019-03-01,Atlanta,Hartsfield-Jackson International Airport,198,False,0,Chicago,O'Hare International Airport,23:41,20:40,1,Premium Economy,22:16,21:15,2019-03-03
357,United Airlines,2019-03-12,Los Angeles,LAX International Airport,258,False,0,Mexico City,Benito Juarez International Airport,22:05,20:45,1,Premium Economy,,,
358,United Airlines,2019-03-12,Los Angeles,LAX International Airport,260,False,0,Mexico City,Benito Juarez International Airport,22:05,20:45,1,Premium Economy,09:45,04:25,2019-03-14
359,American Airlines,2019-03-07,San Francisco,SFO International Airport,294,False,1,Washington,Dulles International Airport,14:10,09:45,1,Economy,,,
360,Southwest Airlines,2019-03-07,San Francisco,SFO International Airport,280,False,1,Washington,Dulles International Airport,21:21,15:50,1,Economy,,,
361,United Airlines,2019-03-07,San Francisco,SFO International Airport,292,False,1,Washington,Dulles International Airport,14:11,08:00,1,Economy,,,
362,United Airlines,2019-03-07,San Francisco,SFO International Airport,298,False,1,Washington,Dulles International Airport,14:11,08:00,1,Economy,18:25,05:50,2019-03-09
363,Alaska Airlines,2019-03-08,New York,JFK International Airport,245,True,1,San Diego,SAN International Airport,03:15,15:20,1,Economy,,,
364,Alaska Airlines,2019-03-08,San Francisco,SFO International Airport,115,False,0,San Diego,SAN International Airport,12:50,11:10,2,Economy,,,
365,American Airlines,2019-03-08,San Francisco,SFO International Airport,107,False,0,San Diego,SAN International Airport,23:00,21:20,2,Economy,,,
366,Delta Airlines,2019-03-08,San Francisco,SFO International Airport,102,False,0,San Diego,SAN International Airport,21:35,19:55,2,Economy,,,
367,Southwest Airlines,2019-03-08,San Francisco,SFO International Airport,102,False,0,San Diego,SAN International Airport,08:40,07:00,2,Economy,,,
368,American Airlines,2019-03-08,San Francisco,SFO International Airport,132,False,1,San Diego,SAN International Airport,23:00,21:20,2,Economy,16:19,12:15,2019-03-10
369,Southwest Airlines,2019-03-12,Atlanta,Hartsfield-Jackson International Airport,262,False,1,San Diego,SAN International Airport,23:07,13:20,1,Economy,,,
370,Southwest Airlines,2019-03-12,Atlanta,Hartsfield-Jackson International Airport,275,False,1,San Diego,SAN International Airport,23:07,13:20,1,Economy,15:45,12:05,2019-03-14
371,American Airlines,2019-03-11,Chicago,O'Hare International Airport,122,False,0,Philadelphia,PHL International Airport,11:21,10:10,1,Economy,,,
372,Delta Airlines,2019-03-11,Chicago,O'Hare International Airport,135,False,0,Philadelphia,PHL International Airport,13:31,12:20,1,Economy,,,
373,Southwest Airlines,2019-03-11,Chicago,O'Hare International Airport,134,False,0,Philadelphia,PHL International Airport,21:46,20:35,1,Economy,,,
374,United Airlines,2019-03-11,Chicago,O'Hare International Airport,122,False,0,Philadelphia,PHL International Airport,12:41,11:30,1,Economy,,,
375,American Airlines,2019-03-11,Chicago,O'Hare International Airport,121,False,0,Philadelphia,PHL International Airport,11:21,10:10,4,Economy,21:51,18:40,2019-03-13
376,Air Canada,2019-03-07,Chicago,O'Hare International Airport,103,False,0,Toronto,Toronto Pearson International Airport,17:18,16:40,1,Economy,,,
377,American Airlines,2019-03-07,Chicago,O'Hare International Airport,113,False,0,Toronto,Toronto Pearson International Airport,10:43,10:05,1,Economy,,,
378,Delta Airlines,2019-03-07,Chicago,O'Hare International Airport,95,False,0,Toronto,Toronto Pearson International Airport,07:53,07:15,1,Economy,,,
379,American Airlines,2019-03-07,Chicago,O'Hare International Airport,115,False,0,Toronto,Toronto Pearson International Airport,10:43,10:05,1,Economy,18:58,16:20,2019-03-09
380,Delta Airlines,2019-03-12,San Diego,SAN International Airport,431,False,1,Atlanta,Hartsfield-Jackson International Airport,09:45,06:50,1,Premium Economy,,,
381,Southwest Airlines,2019-03-12,San Diego,SAN International Airport,452,False,1,Atlanta,Hartsfield-Jackson International Airport,23:15,17:55,1,Premium Economy,,,
382,United Airlines,2019-03-12,San Diego,SAN International Airport,379,False,1,Atlanta,Hartsfield-Jackson International Airport,21:05,18:15,1,Premium Economy,,,
383,Southwest Airlines,2019-03-12,San Diego,SAN International Airport,475,False,1,Atlanta,Hartsfield-Jackson International Airport,12:00,06:30,4,Premium Economy,18:31,07:00,2019-03-14
384,American Airlines,2019-03-11,Vancouver,YVR International Airport,199,False,1,Las Vegas,McCarran International Airport,13:59,09:30,1,Economy,,,
385,Delta Airlines,2019-03-11,Vancouver,YVR International Airport,211,False,1,Las Vegas,McCarran International Airport,19:49,12:20,1,Economy,,,
386,Southwest Airlines,2019-03-11,Vancouver,YVR International Airport,204,False,1,Las Vegas,McCarran International Airport,19:49,14:35,1,Economy,,,
387,United Airlines,2019-03-11,Vancouver,YVR International Airport,210,False,1,Las Vegas,McCarran International Airport,19:49,12:05,1,Economy,,,
388,Delta Airlines,2019-03-11,Vancouver,YVR International Airport,225,False,1,Las Vegas,McCarran International Airport,19:49,12:20,1,Economy,09:15,03:20,2019-03-13
389,Alaska Airlines,2019-03-02,Los Angeles,LAX International Airport,147,False,0,Seattle,Seattle-Tacoma International Airport,18:32,15:45,1,Economy,,,
390,American Airlines,2019-03-02,Los Angeles,LAX International Airport,137,False,0,Seattle,Seattle-Tacoma International Airport,11:02,08:15,1,Economy,,,
391,Delta Airlines,2019-03-02,Los Angeles,LAX International Airport,137,False,0,Seattle,Seattle-Tacoma International Airport,11:32,08:45,1,Economy,,,
392,Southwest Airlines,2019-03-02,Los Angeles,LAX International Airport,141,False,0,Seattle,Seattle-Tacoma International Airport,08:12,05:25,1,Economy,,,
393,United Airlines,2019-03-02,Los Angeles,LAX International Airport,109,False,0,Seattle,Seattle-Tacoma International Airport,15:17,12:30,1,Economy,,,
394,Alaska Airlines,2019-03-02,Los Angeles,LAX International Airport,155,False,0,Seattle,Seattle-Tacoma International Airport,18:32,15:45,1,Economy,21:57,19:10,2019-03-04
395,Alaska Airlines,2019-03-01,London,Heathrow International Airport,423,True,1,Los Angeles,LAX International Airport,10:47,09:30,1,Economy,,,
396,American Airlines,2019-03-01,London,Heathrow International Airport,394,True,1,Los Angeles,LAX International Airport,07:34,09:05,1,Economy,,,
397,Delta Airlines,2019-03-01,London,Heathrow International Airport,289,True,0,Los Angeles,LAX International Airport,06:04,10:15,1,Economy,,,
398,Southwest Airlines,2019-03-01,London,Heathrow International Airport,234,True,0,Los Angeles,LAX International Airport,18:14,22:25,1,Economy,,,
399,United Airlines,2019-03-01,London,Heathrow International Airport,266,True,0,Los Angeles,LAX International Airport,16:04,20:15,1,Economy,,,
400,American Airlines,2019-03-01,London,Heathrow International Airport,357,True,1,Los Angeles,LAX International Airport,07:34,09:05,2,Economy,20:54,15:05,2019-03-03
401,Alaska Airlines,2019-03-08,Seattle,Seattle-Tacoma International Airport,208,False,0,San Francisco,SFO International Airport,08:31,06:20,1,Premium Economy,,,
402,Delta Airlines,2019-03-08,Seattle,Seattle-Tacoma International Airport,213,False,0,San Francisco,SFO International Airport,10:11,08:00,1,Premium Economy,,,
403,Southwest Airlines,2019-03-08,Seattle,Seattle-Tacoma International Airport,177,False,0,San Francisco,SFO International Airport,10:36,08:25,1,Premium Economy,,,
404,United Airlines,2019-03-08,Seattle,Seattle-Tacoma International Airport,186,False,0,San Francisco,SFO International Airport,17:16,15:05,1,Premium Economy,,,
405,Alaska Airlines,2019-03-08,Seattle,Seattle-Tacoma International Airport,207,False,0,San Francisco,SFO International Airport,08:31,06:20,1,Premium Economy,14:11,12:00,2019-03-10
406,American Airlines,2019-03-11,Los Angeles,LAX International Airport,215,False,0,Mexico City,Benito Juarez International Airport,09:25,08:05,2,Premium Economy,,,
407,American Airlines,2019-03-11,Los Angeles,LAX International Airport,235,False,0,Mexico City,Benito Juarez International Airport,09:25,08:05,2,Premium Economy,20:05,14:45,2019-03-13
408,Alaska Airlines,2019-03-11,Portland,PDX International Airport,148,False,0,San Diego,SAN International Airport,16:04,13:20,1,Economy,,,
409,American Airlines,2019-03-11,Portland,PDX International Airport,152,False,0,San Diego,SAN International Airport,11:54,09:10,1,Economy,,,
410,Delta Airlines,2019-03-11,Portland,PDX International Airport,132,True,0,San Diego,SAN International Airport,00:04,21:20,1,Economy,,,
411,United Airlines,2019-03-11,Portland,PDX International Airport,147,False,0,San Diego,SAN International Airport,23:14,20:30,1,Economy,,,
412,Alaska Airlines,2019-03-11,Portland,PDX International Airport,154,False,0,San Diego,SAN International Airport,16:04,13:20,1,Economy,20:24,17:40,2019-03-13
413,Alaska Airlines,2019-03-12,Portland,PDX International Airport,129,False,0,Los Angeles,LAX International Airport,09:55,07:25,1,Economy,,,
414,American Airlines,2019-03-12,Portland,PDX International Airport,113,True,0,Los Angeles,LAX International Airport,01:45,23:15,1,Economy,,,
415,Delta Airlines,2019-03-12,Portland,PDX International Airport,115,True,0,Los Angeles,LAX International Airport,00:20,21:50,1,Economy,,,
416,Southwest Airlines,2019-03-12,Portland,PDX International Airport,131,False,0,Los Angeles,LAX International Airport,19:00,16:30,1,Economy,,,
417,Alaska Airlines,2019-03-12,Portland,PDX International Airport,141,False,0,Los Angeles,LAX International Airport,07:45,05:15,1,Economy,12:40,10:10,2019-03-14
418,American Airlines,2019-03-06,Sydney,Kingsford Smith International Airport,376,True,1,Atlanta,Hartsfield-Jackson International Airport,16:01,11:40,1,Economy,,,
419,Delta Airlines,2019-03-06,Sydney,Kingsford Smith International Airport,413,True,1,Atlanta,Hartsfield-Jackson International Airport,16:01,12:50,1,Economy,,,
420,Southwest Airlines,2019-03-06,Sydney,Kingsford Smith International Airport,327,True,1,Atlanta,Hartsfield-Jackson International Airport,13:06,06:30,1,Economy,,,
421,Delta Airlines,2019-03-06,Sydney,Kingsford Smith International Airport,611,True,1,Atlanta,Hartsfield-Jackson International Airport,16:01,12:50,1,Premium Economy,,,
422,Delta Airlines,2019-03-06,Sydney,Kingsford Smith International Airport,627,True,1,Atlanta,Hartsfield-Jackson International Airport,16:01,12:50,3,Premium Economy,17:04,17:50,2019-03-08
423,Alaska Airlines,2019-03-06,Delhi,Indira Gandhi International Airport,266,True,0,Los Angeles,LAX International Airport,20:39,17:35,1,Economy,,,
424,American Airlines,2019-03-06,Delhi,Indira Gandhi International Airport,347,True,1,Los Angeles,LAX International Airport,16:07,06:30,1,Economy,,,
425,Delta Airlines,2019-03-06,Delhi,Indira Gandhi International Airport,351,True,1,Los Angeles,LAX International Airport,16:07,09:15,1,Economy,,,
426,Southwest Airlines,2019-03-06,Delhi,Indira Gandhi International Airport,260,True,0,Los Angeles,LAX International Airport,19:09,16:05,1,Economy,,,
427,American Airlines,2019-03-06,Mexico City,Benito Juarez International Airport,131,False,0,Los Angeles,LAX International Airport,20:05,14:45,4,Economy,,,
428,Delta Airlines,2019-03-06,Mexico City,Benito Juarez International Airport,224,False,1,Los Angeles,LAX International Airport,18:53,09:15,4,Economy,,,
429,United Airlines,2019-03-06,Mexico City,Benito Juarez International Airport,149,False,0,Los Angeles,LAX International Airport,09:45,04:25,4,Economy,,,
430,American Airlines,2019-03-06,Mexico City,Benito Juarez International Airport,159,False,0,Los Angeles,LAX International Airport,20:05,14:45,4,Economy,09:25,08:05,2019-03-08
431,American Airlines,2019-03-01,Las Vegas,McCarran International Airport,76,False,0,Los Angeles,LAX International Airport,21:35,20:25,1,Economy,,,
432,Delta Airlines,2019-03-01,Las Vegas,McCarran International Airport,83,False,0,Los Angeles,LAX International Airport,23:25,22:15,1,Economy,,,
433,Southwest Airlines,2019-03-01,Las Vegas,McCarran International Airport,145,False,1,Los Angeles,LAX International Airport,15:34,13:00,1,Economy,,,
434,United Airlines,2019-03-01,Las Vegas,McCarran International Airport,83,False,0,Los Angeles,LAX International Airport,09:15,08:05,1,Economy,,,
435,American Airlines,2019-03-01,Las Vegas,McCarran International Airport,88,False,0,Los Angeles,LAX International Airport,21:35,20:25,1,Economy,10:40,09:30,2019-03-03
436,American Airlines,2019-03-06,Los Angeles,LAX International Airport,157,False,0,Chicago,O'Hare International Airport,07:02,04:30,1,Economy,,,
437,Delta Airlines,2019-03-06,Los Angeles,LAX International Airport,185,True,0,Chicago,O'Hare International Airport,01:47,23:15,1,Economy,,,
438,Southwest Airlines,2019-03-06,Los Angeles,LAX International Airport,302,False,1,Chicago,O'Hare International Airport,15:17,09:45,1,Economy,,,
439,United Airlines,2019-03-06,Los Angeles,LAX International Airport,153,False,0,Chicago,O'Hare International Airport,15:17,12:45,1,Economy,,,
440,American Airlines,2019-03-06,Los Angeles,LAX International Airport,167,False,0,Chicago,O'Hare International Airport,07:02,04:30,1,Economy,15:02,08:30,2019-03-08
441,Delta Airlines,2019-03-04,Vancouver,YVR International Airport,299,False,1,New York,JFK International Airport,11:11,06:00,3,Economy,,,
442,Delta Airlines,2019-03-04,Vancouver,YVR International Airport,318,False,1,New York,JFK International Airport,11:11,06:00,3,Economy,14:24,02:50,2019-03-06
443,American Airlines,2019-03-05,Seattle,Seattle-Tacoma International Airport,288,False,1,Atlanta,Hartsfield-Jackson International Airport,21:57,15:30,1,Economy,,,
444,Delta Airlines,2019-03-05,Seattle,Seattle-Tacoma International Airport,179,False,0,Atlanta,Hartsfield-Jackson International Airport,18:52,16:20,1,Economy,,,
445,Southwest Airlines,2019-03-05,Seattle,Seattle-Tacoma International Airport,198,False,0,Atlanta,Hartsfield-Jackson International Airport,21:52,19:20,1,Economy,,,
446,United Airlines,2019-03-05,Seattle,Seattle-Tacoma International Airport,191,False,0,Atlanta,Hartsfield-Jackson International Airport,19:52,17:20,1,Economy,,,
447,American Airlines,2019-03-05,Seattle,Seattle-Tacoma International Airport,251,True,1,Atlanta,Hartsfield-Jackson International Airport,17:06,11:40,2,Economy,06:17,21:45,2019-03-07
448,American Airlines,2019-03-10,Paris,Charles de Gaulle International Airport,223,False,0,New York,JFK International Airport,22:22,07:35,1,Economy,,,
449,Delta Airlines,2019-03-10,Paris,Charles de Gaulle International Airport,221,True,0,New York,JFK International Airport,06:17,15:30,1,Economy,,,
450,United Airlines,2019-03-10,Paris,Charles de Gaulle International Airport,363,True,1,New York,JFK International Airport,14:46,14:40,1,Economy,,,
451,United Airlines,2019-03-10,Paris,Charles de Gaulle International Airport,325,True,1,New York,JFK International Airport,14:46,14:40,1,Economy,01:57,23:10,2019-03-12
452,Alaska Airlines,2019-03-06,San Diego,SAN International Airport,116,False,0,San Francisco,SFO International Airport,07:50,06:10,1,Economy,,,
453,American Airlines,2019-03-06,San Diego,SAN International Airport,139,False,1,San Francisco,SFO International Airport,16:19,12:15,1,Economy,,,
454,Delta Airlines,2019-03-06,San Diego,SAN International Airport,107,False,0,San Francisco,SFO International Airport,23:25,21:45,1,Economy,,,
455,Southwest Airlines,2019-03-06,San Diego,SAN International Airport,107,False,0,San Francisco,SFO International Airport,18:50,17:10,1,Economy,,,
456,United Airlines,2019-03-06,San Diego,SAN International Airport,105,False,0,San Francisco,SFO International Airport,08:20,06:40,1,Economy,,,
457,Alaska Airlines,2019-03-06,San Diego,SAN International Airport,123,False,0,San Francisco,SFO International Airport,07:50,06:10,4,Economy,12:50,11:10,2019-03-08
458,Air France,2019-03-03,Atlanta,Hartsfield-Jackson International Airport,338,False,1,Paris,Charles de Gaulle International Airport,11:31,02:25,1,Economy,,,
459,American Airlines,2019-03-03,Atlanta,Hartsfield-Jackson International Airport,348,False,1,Paris,Charles de Gaulle International Airport,14:07,04:05,1,Economy,,,
460,Delta Airlines,2019-03-03,Atlanta,Hartsfield-Jackson International Airport,360,False,1,Paris,Charles de Gaulle International Airport,23:41,17:35,1,Economy,,,
461,American Airlines,2019-03-03,Atlanta,Hartsfield-Jackson International Airport,367,True,1,Paris,Charles de Gaulle International Airport,14:07,04:05,1,Economy,13:37,15:25,2019-03-05
462,Alaska Airlines,2019-03-11,San Francisco,SFO International Airport,118,False,0,San Diego,SAN International Airport,12:50,11:10,1,Economy,,,
463,American Airlines,2019-03-11,San Francisco,SFO International Airport,103,False,0,San Diego,SAN International Airport,23:00,21:20,1,Economy,,,
464,Delta Airlines,2019-03-11,San Francisco,SFO International Airport,106,False,0,San Diego,SAN International Airport,21:35,19:55,1,Economy,,,
465,Southwest Airlines,2019-03-11,San Francisco,SFO International Airport,89,False,0,San Diego,SAN International Airport,08:40,07:00,1,Economy,,,
466,United Airlines,2019-03-11,San Francisco,SFO International Airport,106,False,0,San Diego,SAN International Airport,09:00,07:20,1,Economy,,,
467,Delta Airlines,2019-03-11,San Francisco,SFO International Airport,110,False,0,San Diego,SAN International Airport,21:35,19:55,2,Economy,23:25,21:45,2019-03-13
468,Air Canada,2019-03-07,San Diego,SAN International Airport,204,False,1,Vancouver,YVR International Airport,23:04,16:45,1,Economy,,,
469,Delta Airlines,2019-03-07,San Diego,SAN International Airport,207,False,1,Vancouver,YVR International Airport,08:34,03:20,1,Economy,,,
470,Air Canada,2019-03-07,San Diego,SAN International Airport,204,False,1,Vancouver,YVR International Airport,23:04,16:45,2,Economy,,,
471,Delta Airlines,2019-03-07,San Diego,SAN International Airport,207,False,1,Vancouver,YVR International Airport,08:34,03:20,2,Economy,,,
472,Delta Airlines,2019-03-07,San Diego,SAN International Airport,221,False,1,Vancouver,YVR International Airport,08:34,03:20,2,Economy,20:12,11:05,2019-03-09
473,United Airlines,2019-03-07,San Francisco,SFO International Airport,114,True,0,Phoenix,Sky Harbor International Airport,01:57,23:50,1,Economy,,,
474,United Airlines,2019-03-07,San Francisco,SFO International Airport,125,True,0,Phoenix,Sky Harbor International Airport,01:57,23:50,1,Economy,16:22,14:15,2019-03-09
475,American Airlines,2019-03-09,Philadelphia,PHL International Airport,169,False,1,Atlanta,Hartsfield-Jackson International Airport,19:46,15:25,1,Economy,,,
476,Delta Airlines,2019-03-09,Philadelphia,PHL International Airport,183,False,1,Atlanta,Hartsfield-Jackson International Airport,19:46,15:40,1,Economy,,,
477,United Airlines,2019-03-09,Philadelphia,PHL International Airport,200,False,1,Atlanta,Hartsfield-Jackson International Airport,16:36,12:50,1,Economy,,,
478,United Airlines,2019-03-09,Philadelphia,PHL International Airport,193,False,1,Atlanta,Hartsfield-Jackson International Airport,16:36,12:50,1,Economy,09:42,04:45,2019-03-11
479,American Airlines,2019-03-05,Los Angeles,LAX International Airport,226,False,1,Atlanta,Hartsfield-Jackson International Airport,17:15,11:40,1,Economy,17:04,09:05,2019-03-12
480,Delta Airlines,2019-03-05,Los Angeles,LAX International Airport,183,True,0,Atlanta,Hartsfield-Jackson International Airport,19:39,17:40,1,Economy,04:39,20:40,2019-03-12
481,Southwest Airlines,2019-03-05,Los Angeles,LAX International Airport,249,False,1,Atlanta,Hartsfield-Jackson International Airport,15:29,13:30,1,Economy,23:41,13:40,2019-03-12
482,United Airlines,2019-03-05,Los Angeles,LAX International Airport,266,True,1,Atlanta,Hartsfield-Jackson International Airport,19:49,12:15,1,Economy,04:39,20:40,2019-03-12
483,American Airlines,2019-03-05,Chicago,O'Hare International Airport,181,True,1,Atlanta,Hartsfield-Jackson International Airport,22:16,21:15,1,Economy,01:41,20:50,2019-03-12
484,Delta Airlines,2019-03-05,Chicago,O'Hare International Airport,125,False,0,Atlanta,Hartsfield-Jackson International Airport,08:51,07:50,1,Economy,11:31,08:30,2019-03-12
485,Delta Airlines,2019-03-05,Chicago,O'Hare International Airport,120,False,0,Atlanta,Hartsfield-Jackson International Airport,08:51,07:50,3,Economy,11:31,08:30,2019-03-14
486,United Airlines,2019-03-05,Chicago,O'Hare International Airport,119,True,0,Atlanta,Hartsfield-Jackson International Airport,07:51,06:50,3,Economy,00:51,21:50,2019-03-14
487,United Airlines,2019-03-05,Chicago,O'Hare International Airport,105,False,0,Atlanta,Hartsfield-Jackson International Airport,07:51,06:50,3,Economy,,,
488,American Airlines,2019-03-06,Los Angeles,LAX International Airport,388,True,1,Paris,Charles de Gaulle International Airport,10:40,04:05,1,Economy,07:58,09:40,2019-03-13
489,Delta Airlines,2019-03-06,Los Angeles,LAX International Airport,345,True,1,Paris,Charles de Gaulle International Airport,00:32,17:35,1,Economy,06:43,08:25,2019-03-13
490,Alaska Airlines,2019-03-06,San Diego,SAN International Airport,153,False,0,Portland,PDX International Airport,20:24,17:40,1,Economy,16:04,13:20,2019-03-13
491,Delta Airlines,2019-03-06,San Diego,SAN International Airport,147,True,0,Portland,PDX International Airport,19:24,16:40,1,Economy,00:04,21:20,2019-03-13
492,Alaska Airlines,2019-03-06,San Diego,SAN International Airport,144,False,0,Portland,PDX International Airport,20:24,17:40,1,Economy,,,
493,American Airlines,2019-03-03,Chicago,O'Hare International Airport,368,False,1,Paris,Charles de Gaulle International Airport,20:22,04:05,1,Economy,22:06,05:10,2019-03-13
494,Delta Airlines,2019-03-03,Chicago,O'Hare International Airport,272,True,0,Paris,Charles de Gaulle International Airport,20:31,17:35,1,Economy,11:36,18:40,2019-03-13
495,American Airlines,2019-03-03,Chicago,O'Hare International Airport,450,False,1,Paris,Charles de Gaulle International Airport,20:22,04:05,2,Economy,,,
496,American Airlines,2019-03-10,Seattle,Seattle-Tacoma International Airport,72,False,0,Portland,PDX International Airport,06:58,06:00,1,Economy,09:33,08:35,2019-03-13
497,Delta Airlines,2019-03-10,Seattle,Seattle-Tacoma International Airport,73,False,0,Portland,PDX International Airport,10:33,09:35,1,Economy,08:53,07:55,2019-03-13
498,United Airlines,2019-03-10,Seattle,Seattle-Tacoma International Airport,76,False,0,Portland,PDX International Airport,23:43,22:45,1,Economy,05:13,04:15,2019-03-13
499,United Airlines,2019-03-10,Seattle,Seattle-Tacoma International Airport,69,False,0,Portland,PDX International Airport,23:43,22:45,1,Economy,,,
500,American Airlines,2019-03-05,Phoenix,Sky Harbor International Airport,231,False,1,Seattle,Seattle-Tacoma International Airport,13:38,08:15,1,Economy,14:47,08:40,2019-03-14
501,Delta Airlines,2019-03-05,Phoenix,Sky Harbor International Airport,244,False,1,Seattle,Seattle-Tacoma International Airport,13:38,08:45,1,Economy,17:06,11:55,2019-03-14
502,Southwest Airlines,2019-03-05,Phoenix,Sky Harbor International Airport,368,False,1,Seattle,Seattle-Tacoma International Airport,10:13,05:25,1,Premium Economy,10:36,06:00,2019-03-14
503,United Airlines,2019-03-05,Phoenix,Sky Harbor International Airport,228,True,1,Seattle,Seattle-Tacoma International Airport,01:17,20:30,1,Economy,23:43,18:10,2019-03-14
504,American Airlines,2019-03-05,Phoenix,Sky Harbor International Airport,222,False,1,Seattle,Seattle-Tacoma International Airport,13:38,08:15,1,Economy,,,
505,American Airlines,2019-03-05,Atlanta,Hartsfield-Jackson International Airport,238,False,1,Toronto,Toronto Pearson International Airport,14:56,10:05,1,Economy,20:28,15:25,2019-03-13
506,Delta Airlines,2019-03-05,Atlanta,Hartsfield-Jackson International Airport,218,False,1,Toronto,Toronto Pearson International Airport,11:31,07:15,1,Economy,17:08,07:50,2019-03-13
507,United Airlines,2019-03-05,Atlanta,Hartsfield-Jackson International Airport,227,False,1,Toronto,Toronto Pearson International Airport,23:41,17:35,1,Economy,12:33,06:15,2019-03-13
508,American Airlines,2019-03-05,Atlanta,Hartsfield-Jackson International Airport,223,False,1,Toronto,Toronto Pearson International Airport,14:56,10:05,1,Economy,,,
509,United Airlines,2019-03-02,San Francisco,SFO International Airport,191,False,0,Atlanta,Hartsfield-Jackson International Airport,12:06,09:40,2,Economy,18:41,10:15,2019-03-10
510,United Airlines,2019-03-02,San Francisco,SFO International Airport,186,False,0,Atlanta,Hartsfield-Jackson International Airport,12:06,09:40,2,Economy,,,
511,American Airlines,2019-03-07,Atlanta,Hartsfield-Jackson International Airport,231,True,1,Phoenix,Sky Harbor International Airport,06:37,23:25,1,Economy,16:22,11:40,2019-03-13
512,Southwest Airlines,2019-03-07,Atlanta,Hartsfield-Jackson International Airport,189,True,0,Phoenix,Sky Harbor International Airport,06:07,22:55,1,Economy,13:17,12:05,2019-03-13
513,United Airlines,2019-03-07,Atlanta,Hartsfield-Jackson International Airport,262,True,1,Phoenix,Sky Harbor International Airport,03:52,20:40,1,Economy,20:22,15:00,2019-03-13
514,United Airlines,2019-03-07,Atlanta,Hartsfield-Jackson International Airport,180,True,0,Phoenix,Sky Harbor International Airport,03:52,20:40,1,Economy,,,
515,United Airlines,2019-03-04,San Francisco,SFO International Airport,188,False,0,Chicago,O'Hare International Airport,06:47,04:00,1,Economy,12:22,05:35,2019-03-12
516,United Airlines,2019-03-04,San Francisco,SFO International Airport,176,False,0,Chicago,O'Hare International Airport,06:47,04:00,4,Economy,,,
517,American Airlines,2019-03-02,Atlanta,Hartsfield-Jackson International Airport,140,False,0,New York,JFK International Airport,13:42,11:20,1,Economy,08:47,06:25,2019-03-05
518,American Airlines,2019-03-02,Atlanta,Hartsfield-Jackson International Airport,128,False,0,New York,JFK International Airport,13:42,11:20,2,Economy,,,
519,Delta Airlines,2019-03-09,New York,JFK International Airport,130,False,0,Chicago,O'Hare International Airport,14:24,11:05,1,Economy,07:19,06:00,2019-03-13
520,Delta Airlines,2019-03-09,New York,JFK International Airport,104,False,0,Chicago,O'Hare International Airport,14:24,11:05,2,Economy,,,
521,Alaska Airlines,2019-03-01,San Diego,SAN International Airport,111,False,0,San Francisco,SFO International Airport,07:50,06:10,1,Economy,12:50,11:10,2019-03-11
522,Alaska Airlines,2019-03-01,San Diego,SAN International Airport,91,False,0,San Francisco,SFO International Airport,07:50,06:10,1,Economy,,,
523,United Airlines,2019-03-10,Chicago,O'Hare International Airport,433,True,1,Delhi,Indira Gandhi International Airport,13:37,01:10,1,Economy,20:39,12:45,2019-03-12
524,United Airlines,2019-03-10,Chicago,O'Hare International Airport,406,False,1,Delhi,Indira Gandhi International Airport,13:37,01:10,1,Economy,,,
525,American Airlines,2019-03-09,London,Heathrow International Airport,324,True,1,Atlanta,Hartsfield-Jackson International Airport,10:44,20:40,1,Economy,23:41,14:05,2019-03-13
526,Delta Airlines,2019-03-09,London,Heathrow International Airport,296,True,1,Atlanta,Hartsfield-Jackson International Airport,07:34,17:30,1,Economy,20:21,08:00,2019-03-13
527,United Airlines,2019-03-09,London,Heathrow International Airport,260,True,0,Atlanta,Hartsfield-Jackson International Airport,00:34,10:30,1,Economy,04:29,22:25,2019-03-13
528,American Airlines,2019-03-09,London,Heathrow International Airport,270,True,0,Atlanta,Hartsfield-Jackson International Airport,10:44,20:40,1,Economy,,,
529,American Airlines,2019-03-02,Philadelphia,PHL International Airport,64,False,0,New York,JFK International Airport,08:46,07:55,1,Economy,18:26,17:35,2019-03-09
530,Delta Airlines,2019-03-02,Philadelphia,PHL International Airport,65,False,0,New York,JFK International Airport,19:46,18:55,1,Economy,17:31,16:40,2019-03-09
531,Southwest Airlines,2019-03-02,Philadelphia,PHL International Airport,67,False,0,New York,JFK International Airport,05:46,04:55,1,Economy,08:36,07:45,2019-03-09
532,United Airlines,2019-03-02,Philadelphia,PHL International Airport,62,False,0,New York,JFK International Airport,11:36,10:45,1,Economy,21:51,21:00,2019-03-09
533,American Airlines,2019-03-02,Philadelphia,PHL International Airport,58,False,0,New York,JFK International Airport,08:46,07:55,3,Economy,,,
534,American Airlines,2019-03-02,Chicago,O'Hare International Airport,164,False,0,Los Angeles,LAX International Airport,15:02,08:30,1,Economy,07:02,04:30,2019-03-09
535,Delta Airlines,2019-03-02,Chicago,O'Hare International Airport,167,True,0,Los Angeles,LAX International Airport,01:47,19:15,1,Economy,19:57,17:25,2019-03-09
536,Southwest Airlines,2019-03-02,Chicago,O'Hare International Airport,227,False,1,Los Angeles,LAX International Airport,13:52,07:20,1,Economy,15:17,09:45,2019-03-09
537,Alaska Airlines,2019-03-02,Portland,PDX International Airport,178,False,1,Los Angeles,LAX International Airport,09:55,07:25,1,Economy,17:54,13:55,2019-03-09
538,American Airlines,2019-03-02,Portland,PDX International Airport,175,True,1,Los Angeles,LAX International Airport,01:45,23:15,1,Economy,11:02,06:00,2019-03-09
539,Delta Airlines,2019-03-02,Portland,PDX International Airport,173,True,1,Los Angeles,LAX International Airport,00:20,21:50,1,Economy,20:24,15:20,2019-03-09
540,Alaska Airlines,2019-03-02,Portland,PDX International Airport,133,False,0,Los Angeles,LAX International Airport,09:55,07:25,1,Economy,,,
541,American Airlines,2019-03-08,Los Angeles,LAX International Airport,368,True,1,Delhi,Indira Gandhi International Airport,20:04,19:00,1,Economy,16:07,06:30,2019-03-11
542,American Airlines,2019-03-08,Los Angeles,LAX International Airport,297,False,0,Delhi,Indira Gandhi International Airport,20:04,19:00,1,Economy,,,
543,American Airlines,2019-03-03,Atlanta,Hartsfield-Jackson International Airport,129,False,0,New York,JFK International Airport,13:42,11:20,1,Economy,08:47,06:25,2019-03-06
544,Delta Airlines,2019-03-03,Atlanta,Hartsfield-Jackson International Airport,133,False,0,New York,JFK International Airport,13:47,11:25,1,Economy,18:02,15:40,2019-03-06
545,Southwest Airlines,2019-03-03,Atlanta,Hartsfield-Jackson International Airport,171,True,1,New York,JFK International Airport,01:11,21:50,1,Economy,11:42,09:20,2019-03-06
546,United Airlines,2019-03-03,Atlanta,Hartsfield-Jackson International Airport,143,False,0,New York,JFK International Airport,10:42,08:20,1,Economy,15:12,12:50,2019-03-06
547,American Airlines,2019-03-03,Atlanta,Hartsfield-Jackson International Airport,130,False,0,New York,JFK International Airport,13:42,11:20,2,Economy,,,
548,American Airlines,2019-03-05,New York,JFK International Airport,213,True,0,San Francisco,SFO International Airport,05:56,20:30,3,Economy,20:11,16:45,2019-03-07
549,Southwest Airlines,2019-03-05,New York,JFK International Airport,242,True,0,San Francisco,SFO International Airport,06:46,21:20,3,Economy,21:21,17:55,2019-03-07
550,United Airlines,2019-03-05,New York,JFK International Airport,203,False,0,San Francisco,SFO International Airport,15:16,05:50,3,Economy,09:31,06:05,2019-03-07
551,Southwest Airlines,2019-03-05,Seattle,Seattle-Tacoma International Airport,125,True,0,San Francisco,SFO International Airport,22:56,20:45,3,Economy,00:01,21:50,2019-03-07
552,Southwest Airlines,2019-03-05,Seattle,Seattle-Tacoma International Airport,111,False,0,San Francisco,SFO International Airport,22:56,20:45,3,Economy,,,
553,United Airlines,2019-03-07,Seattle,Seattle-Tacoma International Airport,193,False,1,Phoenix,Sky Harbor International Airport,23:43,18:10,4,Economy,10:35,05:30,2019-03-13
554,United Airlines,2019-03-07,Seattle,Seattle-Tacoma International Airport,158,False,1,Phoenix,Sky Harbor International Airport,23:43,18:10,4,Economy,,,
555,United Airlines,2019-03-08,Philadelphia,PHL International Airport,68,False,0,New York,JFK International Airport,10:56,10:05,4,Economy,05:36,04:45,2019-03-10
556,United Airlines,2019-03-08,Philadelphia,PHL International Airport,71,False,0,New York,JFK International Airport,10:56,10:05,4,Economy,,,
557,Alaska Airlines,2019-03-02,Seattle,Seattle-Tacoma International Airport,168,False,0,Los Angeles,LAX International Airport,21:57,19:10,1,Economy,18:32,15:45,2019-03-11
558,Alaska Airlines,2019-03-02,Seattle,Seattle-Tacoma International Airport,155,False,0,Los Angeles,LAX International Airport,21:57,19:10,3,Economy,,,
559,United Airlines,2019-03-06,New York,JFK International Airport,308,False,1,Seattle,Seattle-Tacoma International Airport,23:20,10:10,1,Economy,10:48,05:10,2019-03-10
560,United Airlines,2019-03-06,New York,JFK International Airport,326,False,1,Seattle,Seattle-Tacoma International Airport,23:20,10:10,1,Economy,,,
561,American Airlines,2019-03-03,New York,JFK International Airport,304,True,1,Seattle,Seattle-Tacoma International Airport,02:14,16:00,1,Economy,20:45,15:40,2019-03-11
562,Delta Airlines,2019-03-03,New York,JFK International Airport,313,True,1,Seattle,Seattle-Tacoma International Airport,01:09,15:15,1,Economy,19:35,14:00,2019-03-11
563,Southwest Airlines,2019-03-03,New York,JFK International Airport,363,False,1,Seattle,Seattle-Tacoma International Airport,18:40,05:25,1,Economy,14:47,08:40,2019-03-11
564,United Airlines,2019-03-03,New York,JFK International Airport,344,True,1,Seattle,Seattle-Tacoma International Airport,23:20,10:10,1,Economy,00:07,19:05,2019-03-11
565,Delta Airlines,2019-03-03,New York,JFK International Airport,242,True,0,Paris,Charles de Gaulle International Airport,12:47,10:00,1,Economy,13:37,22:50,2019-03-11
566,Delta Airlines,2019-03-03,New York,JFK International Airport,224,False,0,Paris,Charles de Gaulle International Airport,12:47,10:00,3,Economy,,,
567,United Airlines,2019-03-06,San Francisco,SFO International Airport,181,True,0,Chicago,O'Hare International Airport,21:12,18:25,1,Economy,04:57,22:10,2019-03-14
568,United Airlines,2019-03-06,San Francisco,SFO International Airport,177,False,0,Chicago,O'Hare International Airport,21:12,18:25,3,Economy,,,
569,Alaska Airlines,2019-03-07,Seattle,Seattle-Tacoma International Airport,153,False,0,Los Angeles,LAX International Airport,21:57,19:10,1,Economy,18:32,15:45,2019-03-12
570,American Airlines,2019-03-07,Seattle,Seattle-Tacoma International Airport,132,True,0,Los Angeles,LAX International Airport,02:32,23:45,1,Economy,11:02,08:15,2019-03-12
571,Delta Airlines,2019-03-07,Seattle,Seattle-Tacoma International Airport,147,False,0,Los Angeles,LAX International Airport,09:37,06:50,1,Economy,10:27,07:40,2019-03-12
572,Southwest Airlines,2019-03-07,Seattle,Seattle-Tacoma International Airport,157,False,0,Los Angeles,LAX International Airport,14:47,12:00,1,Economy,08:12,05:25,2019-03-12
573,United Airlines,2019-03-07,Seattle,Seattle-Tacoma International Airport,136,True,0,Los Angeles,LAX International Airport,02:32,23:45,1,Economy,15:17,12:30,2019-03-12
574,Alaska Airlines,2019-03-07,Seattle,Seattle-Tacoma International Airport,164,False,0,Los Angeles,LAX International Airport,21:57,19:10,1,Economy,,,
575,United Airlines,2019-03-12,Atlanta,Hartsfield-Jackson International Airport,185,False,1,Philadelphia,PHL International Airport,09:42,04:45,4,Economy,10:56,07:10,2019-03-14
576,United Airlines,2019-03-12,Atlanta,Hartsfield-Jackson International Airport,171,False,1,Philadelphia,PHL International Airport,09:42,04:45,4,Economy,,,
577,Delta Airlines,2019-03-01,Phoenix,Sky Harbor International Airport,470,False,1,Chicago,O'Hare International Airport,13:17,08:30,1,Premium Economy,22:07,11:55,2019-03-03
578,Delta Airlines,2019-03-01,Phoenix,Sky Harbor International Airport,434,False,1,Chicago,O'Hare International Airport,13:17,08:30,3,Premium Economy,,,
579,American Airlines,2019-03-07,Atlanta,Hartsfield-Jackson International Airport,115,False,0,Washington,Dulles International Airport,18:01,16:10,1,Economy,13:31,11:40,2019-03-11
580,Southwest Airlines,2019-03-07,Atlanta,Hartsfield-Jackson International Airport,213,False,1,Washington,Dulles International Airport,21:27,17:45,1,Economy,17:48,13:35,2019-03-11
581,United Airlines,2019-03-07,Atlanta,Hartsfield-Jackson International Airport,110,False,0,Washington,Dulles International Airport,19:06,17:15,1,Economy,20:21,18:30,2019-03-11
582,American Airlines,2019-03-07,Atlanta,Hartsfield-Jackson International Airport,246,True,1,Phoenix,Sky Harbor International Airport,06:37,23:25,1,Economy,16:22,11:40,2019-03-11
583,Southwest Airlines,2019-03-07,Atlanta,Hartsfield-Jackson International Airport,181,True,0,Phoenix,Sky Harbor International Airport,06:07,22:55,1,Economy,13:17,12:05,2019-03-11
584,Southwest Airlines,2019-03-07,Atlanta,Hartsfield-Jackson International Airport,177,True,0,Phoenix,Sky Harbor International Airport,06:07,22:55,1,Economy,,,
585,American Airlines,2019-03-11,San Francisco,SFO International Airport,171,False,0,Mexico City,Benito Juarez International Airport,16:38,14:55,3,Economy,19:03,13:20,2019-03-13
586,American Airlines,2019-03-11,San Francisco,SFO International Airport,143,False,0,Mexico City,Benito Juarez International Airport,16:38,14:55,3,Economy,,,
587,United Airlines,2019-03-10,San Francisco,SFO International Airport,292,False,1,Washington,Dulles International Airport,14:11,08:00,1,Economy,18:25,05:50,2019-03-12
588,United Airlines,2019-03-10,San Francisco,SFO International Airport,274,False,1,Washington,Dulles International Airport,14:11,08:00,3,Economy,,,
589,American Airlines,2019-03-02,Atlanta,Hartsfield-Jackson International Airport,203,True,0,Seattle,Seattle-Tacoma International Airport,06:17,21:45,1,Economy,00:07,21:35,2019-03-06
590,Delta Airlines,2019-03-02,Atlanta,Hartsfield-Jackson International Airport,200,True,0,Seattle,Seattle-Tacoma International Airport,08:22,23:50,1,Economy,18:52,16:20,2019-03-06
591,Southwest Airlines,2019-03-02,Atlanta,Hartsfield-Jackson International Airport,299,False,0,Seattle,Seattle-Tacoma International Airport,14:12,05:40,1,Premium Economy,21:52,19:20,2019-03-06
592,United Airlines,2019-03-02,Atlanta,Hartsfield-Jackson International Airport,191,True,0,Seattle,Seattle-Tacoma International Airport,01:27,16:55,1,Economy,13:27,10:55,2019-03-06
593,United Airlines,2019-03-02,Atlanta,Hartsfield-Jackson International Airport,177,True,0,Seattle,Seattle-Tacoma International Airport,01:27,16:55,1,Economy,,,
594,American Airlines,2019-03-06,New York,JFK International Airport,293,True,1,Los Angeles,LAX International Airport,03:30,18:20,1,Economy,00:32,19:45,2019-03-11
595,American Airlines,2019-03-06,New York,JFK International Airport,246,True,0,Los Angeles,LAX International Airport,03:30,18:20,1,Economy,,,
596,Alaska Airlines,2019-03-01,Seattle,Seattle-Tacoma International Airport,132,False,0,San Francisco,SFO International Airport,08:31,06:20,1,Economy,14:11,12:00,2019-03-12
597,American Airlines,2019-03-01,Seattle,Seattle-Tacoma International Airport,134,True,0,San Francisco,SFO International Airport,16:26,14:15,1,Economy,00:36,22:25,2019-03-12
598,Delta Airlines,2019-03-01,Seattle,Seattle-Tacoma International Airport,129,False,0,San Francisco,SFO International Airport,10:11,08:00,1,Economy,08:21,06:10,2019-03-12
599,Southwest Airlines,2019-03-01,Seattle,Seattle-Tacoma International Airport,133,False,0,San Francisco,SFO International Airport,10:36,08:25,1,Economy,15:16,13:05,2019-03-12
600,United Airlines,2019-03-01,Seattle,Seattle-Tacoma International Airport,133,False,0,San Francisco,SFO International Airport,17:16,15:05,1,Economy,22:41,20:30,2019-03-12
601,Alaska Airlines,2019-03-01,Seattle,Seattle-Tacoma International Airport,173,False,0,San Francisco,SFO International Airport,17:06,14:55,1,Premium Economy,,,
602,American Airlines,2019-03-03,Mexico City,Benito Juarez International Airport,312,False,1,Chicago,O'Hare International Airport,19:31,12:30,4,Economy,20:12,08:05,2019-03-07
603,Delta Airlines,2019-03-03,Mexico City,Benito Juarez International Airport,292,False,1,Chicago,O'Hare International Airport,19:31,09:15,4,Economy,23:14,15:00,2019-03-07
604,United Airlines,2019-03-03,Mexico City,Benito Juarez International Airport,308,True,1,Chicago,O'Hare International Airport,02:05,12:45,4,Economy,16:59,08:25,2019-03-07
605,United Airlines,2019-03-03,Mexico City,Benito Juarez International Airport,287,True,1,Chicago,O'Hare International Airport,02:05,12:45,4,Economy,,,
606,American Airlines,2019-03-07,San Francisco,SFO International Airport,166,False,0,Chicago,O'Hare International Airport,09:52,07:05,1,Economy,22:07,15:20,2019-03-11
607,Delta Airlines,2019-03-07,San Francisco,SFO International Airport,193,True,0,Chicago,O'Hare International Airport,13:27,10:40,1,Economy,04:52,22:05,2019-03-11
608,Southwest Airlines,2019-03-07,San Francisco,SFO International Airport,178,True,0,Chicago,O'Hare International Airport,07:22,04:35,1,Economy,00:37,17:50,2019-03-11
609,United Airlines,2019-03-07,San Francisco,SFO International Airport,208,True,0,Chicago,O'Hare International Airport,06:47,04:00,1,Economy,04:57,22:10,2019-03-11
610,American Airlines,2019-03-07,San Francisco,SFO International Airport,153,False,0,Chicago,O'Hare International Airport,09:52,07:05,2,Economy,,,
611,American Airlines,2019-03-01,Los Angeles,LAX International Airport,284,True,1,Washington,Dulles International Airport,19:57,14:50,4,Economy,00:50,14:10,2019-03-06
612,Delta Airlines,2019-03-01,Los Angeles,LAX International Airport,203,True,0,Washington,Dulles International Airport,12:45,10:00,4,Economy,02:55,18:10,2019-03-06
613,Southwest Airlines,2019-03-01,Los Angeles,LAX International Airport,255,False,1,Washington,Dulles International Airport,17:35,14:50,4,Economy,17:48,07:20,2019-03-06
614,Southwest Airlines,2019-03-01,Los Angeles,LAX International Airport,193,False,0,Washington,Dulles International Airport,17:35,14:50,4,Economy,,,
615,Delta Airlines,2019-03-06,Las Vegas,McCarran International Airport,230,True,1,Portland,PDX International Airport,22:09,16:40,2,Economy,00:04,19:50,2019-03-12
616,Southwest Airlines,2019-03-06,Las Vegas,McCarran International Airport,223,False,1,Portland,PDX International Airport,21:35,16:55,2,Economy,19:00,14:35,2019-03-12
617,Delta Airlines,2019-03-06,Las Vegas,McCarran International Airport,206,False,1,Portland,PDX International Airport,22:09,16:40,2,Economy,,,
618,American Airlines,2019-03-03,Washington,Dulles International Airport,319,False,1,Seattle,Seattle-Tacoma International Airport,17:05,04:55,1,Economy,21:52,16:10,2019-03-12
619,Delta Airlines,2019-03-03,Washington,Dulles International Airport,195,True,0,Seattle,Seattle-Tacoma International Airport,03:13,18:25,1,Economy,22:33,19:45,2019-03-12
620,Southwest Airlines,2019-03-03,Washington,Dulles International Airport,303,False,1,Seattle,Seattle-Tacoma International Airport,15:18,04:25,1,Economy,20:07,14:35,2019-03-12
621,United Airlines,2019-03-03,Washington,Dulles International Airport,244,True,1,Seattle,Seattle-Tacoma International Airport,05:53,21:05,1,Economy,21:52,17:15,2019-03-12
622,American Airlines,2019-03-03,Washington,Dulles International Airport,319,False,1,Seattle,Seattle-Tacoma International Airport,17:05,04:55,2,Economy,21:52,16:10,2019-03-12
623,Delta Airlines,2019-03-03,Washington,Dulles International Airport,195,True,0,Seattle,Seattle-Tacoma International Airport,03:13,18:25,2,Economy,22:33,19:45,2019-03-12
624,Southwest Airlines,2019-03-03,Washington,Dulles International Airport,303,False,1,Seattle,Seattle-Tacoma International Airport,15:18,04:25,2,Economy,20:07,14:35,2019-03-12
625,United Airlines,2019-03-03,Washington,Dulles International Airport,244,True,1,Seattle,Seattle-Tacoma International Airport,05:53,21:05,2,Economy,21:52,17:15,2019-03-12
626,Southwest Airlines,2019-03-03,Washington,Dulles International Airport,323,False,0,Seattle,Seattle-Tacoma International Airport,14:33,05:45,2,Premium Economy,,,
627,Alaska Airlines,2019-03-07,San Francisco,SFO International Airport,137,False,0,Seattle,Seattle-Tacoma International Airport,14:11,12:00,1,Economy,17:06,14:55,2019-03-13
628,Delta Airlines,2019-03-07,San Francisco,SFO International Airport,134,False,0,Seattle,Seattle-Tacoma International Airport,08:21,06:10,1,Economy,10:11,08:00,2019-03-13
629,Southwest Airlines,2019-03-07,San Francisco,SFO International Airport,131,True,0,Seattle,Seattle-Tacoma International Airport,00:01,21:50,1,Economy,10:36,08:25,2019-03-13
630,United Airlines,2019-03-07,San Francisco,SFO International Airport,136,False,0,Seattle,Seattle-Tacoma International Airport,22:41,20:30,1,Economy,17:16,15:05,2019-03-13
631,United Airlines,2019-03-07,San Francisco,SFO International Airport,123,False,0,Seattle,Seattle-Tacoma International Airport,22:41,20:30,1,Economy,,,
632,Alaska Airlines,2019-03-07,Seattle,Seattle-Tacoma International Airport,132,False,0,San Francisco,SFO International Airport,17:06,14:55,1,Economy,14:11,12:00,2019-03-13
633,American Airlines,2019-03-07,Seattle,Seattle-Tacoma International Airport,154,False,1,San Francisco,SFO International Airport,23:43,19:40,1,Economy,23:56,21:45,2019-03-13
634,Delta Airlines,2019-03-07,Seattle,Seattle-Tacoma International Airport,127,False,0,San Francisco,SFO International Airport,10:11,08:00,1,Economy,08:21,06:10,2019-03-13
635,Southwest Airlines,2019-03-07,Seattle,Seattle-Tacoma International Airport,139,True,0,San Francisco,SFO International Airport,22:56,20:45,1,Economy,00:01,21:50,2019-03-13
636,United Airlines,2019-03-07,Seattle,Seattle-Tacoma International Airport,128,False,0,San Francisco,SFO International Airport,17:16,15:05,1,Economy,22:41,20:30,2019-03-13
637,Alaska Airlines,2019-03-07,Seattle,Seattle-Tacoma International Airport,117,False,0,San Francisco,SFO International Airport,17:06,14:55,4,Economy,,,
638,American Airlines,2019-03-01,Paris,Charles de Gaulle International Airport,297,True,1,New York,JFK International Airport,11:36,15:40,1,Economy,06:52,04:05,2019-03-06
639,Delta Airlines,2019-03-01,Paris,Charles de Gaulle International Airport,322,True,1,New York,JFK International Airport,06:17,15:30,1,Economy,01:19,17:35,2019-03-06
640,Delta Airlines,2019-03-01,Paris,Charles de Gaulle International Airport,360,True,0,New York,JFK International Airport,13:37,22:50,1,Premium Economy,,,
641,United Airlines,2019-03-01,Seattle,Seattle-Tacoma International Airport,338,False,1,New York,JFK International Airport,10:48,05:10,1,Economy,23:20,10:10,2019-03-14
642,United Airlines,2019-03-01,Seattle,Seattle-Tacoma International Airport,295,False,1,New York,JFK International Airport,10:48,05:10,1,Economy,,,
643,Delta Airlines,2019-03-06,Seattle,Seattle-Tacoma International Airport,301,True,1,New York,JFK International Airport,19:35,14:00,1,Economy,00:06,10:35,2019-03-14
644,Southwest Airlines,2019-03-06,Seattle,Seattle-Tacoma International Airport,349,False,1,New York,JFK International Airport,12:46,06:30,1,Economy,18:40,05:25,2019-03-14
645,United Airlines,2019-03-06,Seattle,Seattle-Tacoma International Airport,350,True,1,New York,JFK International Airport,00:07,19:05,1,Economy,23:20,10:10,2019-03-14
646,Delta Airlines,2019-03-06,Seattle,Seattle-Tacoma International Airport,482,False,1,New York,JFK International Airport,11:45,06:00,1,Premium Economy,,,
647,Southwest Airlines,2019-03-07,Chicago,O'Hare International Airport,125,True,0,New York,JFK International Airport,05:39,04:20,4,Economy,01:09,21:50,2019-03-11
648,Southwest Airlines,2019-03-07,Chicago,O'Hare International Airport,111,False,0,New York,JFK International Airport,05:39,04:20,4,Economy,,,
649,Delta Airlines,2019-03-03,Toronto,Toronto Pearson International Airport,221,False,1,Atlanta,Hartsfield-Jackson International Airport,20:28,15:40,2,Economy,11:31,07:15,2019-03-05
650,Delta Airlines,2019-03-03,Toronto,Toronto Pearson International Airport,213,False,1,Atlanta,Hartsfield-Jackson International Airport,20:28,15:40,2,Economy,,,
651,American Airlines,2019-03-02,Las Vegas,McCarran International Airport,238,False,1,Mexico City,Benito Juarez International Airport,14:35,08:05,1,Economy,18:53,06:40,2019-03-13
652,American Airlines,2019-03-02,Las Vegas,McCarran International Airport,204,False,1,Mexico City,Benito Juarez International Airport,14:35,08:05,1,Economy,,,
653,American Airlines,2019-03-01,San Francisco,SFO International Airport,182,False,1,Phoenix,Sky Harbor International Airport,10:40,07:35,1,Economy,12:49,08:10,2019-03-14
654,Delta Airlines,2019-03-01,San Francisco,SFO International Airport,130,False,0,Phoenix,Sky Harbor International Airport,14:02,11:55,1,Economy,07:57,05:50,2019-03-14
655,Southwest Airlines,2019-03-01,San Francisco,SFO International Airport,135,True,0,Phoenix,Sky Harbor International Airport,08:07,06:00,1,Economy,01:17,23:10,2019-03-14
656,United Airlines,2019-03-01,San Francisco,SFO International Airport,137,True,0,Phoenix,Sky Harbor International Airport,01:57,23:50,1,Economy,16:22,14:15,2019-03-14
657,American Airlines,2019-03-01,San Francisco,SFO International Airport,182,False,1,Phoenix,Sky Harbor International Airport,10:40,07:35,2,Economy,12:49,08:10,2019-03-14
658,Delta Airlines,2019-03-01,San Francisco,SFO International Airport,130,False,0,Phoenix,Sky Harbor International Airport,14:02,11:55,2,Economy,07:57,05:50,2019-03-14
659,Southwest Airlines,2019-03-01,San Francisco,SFO International Airport,135,True,0,Phoenix,Sky Harbor International Airport,08:07,06:00,2,Economy,01:17,23:10,2019-03-14
660,United Airlines,2019-03-01,San Francisco,SFO International Airport,137,True,0,Phoenix,Sky Harbor International Airport,01:57,23:50,2,Economy,16:22,14:15,2019-03-14
661,Delta Airlines,2019-03-01,San Francisco,SFO International Airport,124,False,0,Phoenix,Sky Harbor International Airport,14:02,11:55,2,Economy,,,
662,Delta Airlines,2019-03-11,Mexico City,Benito Juarez International Airport,228,False,1,Philadelphia,PHL International Airport,23:16,16:40,1,Economy,20:31,15:00,2019-03-13
663,United Airlines,2019-03-11,Mexico City,Benito Juarez International Airport,219,False,1,Philadelphia,PHL International Airport,19:31,12:55,1,Economy,16:36,08:25,2019-03-13
664,United Airlines,2019-03-11,Mexico City,Benito Juarez International Airport,211,False,1,Philadelphia,PHL International Airport,19:31,12:55,4,Economy,,,
665,Delta Airlines,2019-03-01,Vancouver,YVR International Airport,338,False,1,New York,JFK International Airport,13:59,07:30,1,Economy,18:40,03:20,2019-03-13
666,United Airlines,2019-03-01,Vancouver,YVR International Airport,325,False,1,New York,JFK International Airport,18:01,08:20,1,Economy,15:12,03:15,2019-03-13
667,United Airlines,2019-03-01,Vancouver,YVR International Airport,344,False,1,New York,JFK International Airport,23:44,12:10,1,Economy,,,
668,American Airlines,2019-03-11,Philadelphia,PHL International Airport,361,True,1,London,Heathrow International Airport,00:16,14:05,1,Economy,03:14,10:10,2019-03-13
669,United Airlines,2019-03-11,Philadelphia,PHL International Airport,290,True,1,London,Heathrow International Airport,10:56,00:25,1,Economy,06:37,12:55,2019-03-13
670,American Airlines,2019-03-11,Philadelphia,PHL International Airport,361,True,1,London,Heathrow International Airport,00:16,14:05,2,Economy,03:14,10:10,2019-03-13
671,United Airlines,2019-03-11,Philadelphia,PHL International Airport,279,False,1,London,Heathrow International Airport,10:56,00:25,2,Economy,,,
672,Delta Airlines,2019-03-03,Vancouver,YVR International Airport,505,False,1,New York,JFK International Airport,13:41,06:00,1,Premium Economy,18:34,02:50,2019-03-13
673,Delta Airlines,2019-03-03,Vancouver,YVR International Airport,461,False,1,New York,JFK International Airport,13:41,06:00,1,Premium Economy,,,
674,American Airlines,2019-03-03,Nairobi,Jomo Kenyatta International Airport,431,True,1,Atlanta,Hartsfield-Jackson International Airport,10:07,06:45,1,Economy,22:52,05:35,2019-03-12
675,Southwest Airlines,2019-03-01,Los Angeles,LAX International Airport,254,False,1,Washington,Dulles International Airport,17:35,14:50,1,Economy,17:48,07:05,2019-03-11
676,American Airlines,2019-03-01,Delhi,Indira Gandhi International Airport,353,True,1,San Francisco,SFO International Airport,16:07,13:15,1,Economy,21:12,13:45,2019-03-10
677,United Airlines,2019-03-01,Delhi,Indira Gandhi International Airport,337,True,1,San Francisco,SFO International Airport,20:39,11:55,1,Economy,07:55,01:10,2019-03-10
678,American Airlines,2019-03-04,New York,JFK International Airport,250,True,1,Los Angeles,LAX International Airport,03:30,18:20,2,Economy,00:32,19:45,2019-03-11
679,Delta Airlines,2019-03-04,New York,JFK International Airport,256,True,1,Los Angeles,LAX International Airport,00:19,13:40,2,Economy,10:40,07:30,2019-03-11
680,Southwest Airlines,2019-03-04,New York,JFK International Airport,249,False,1,Los Angeles,LAX International Airport,18:34,07:20,2,Economy,10:00,06:50,2019-03-11
681,United Airlines,2019-03-04,New York,JFK International Airport,263,True,1,Los Angeles,LAX International Airport,05:25,20:15,2,Economy,22:05,17:00,2019-03-11
682,American Airlines,2019-03-01,Chicago,O'Hare International Airport,120,False,0,Philadelphia,PHL International Airport,11:21,10:10,1,Economy,21:51,18:40,2019-03-07
683,Delta Airlines,2019-03-01,Chicago,O'Hare International Airport,137,True,0,Philadelphia,PHL International Airport,13:31,12:20,1,Economy,00:51,21:40,2019-03-07
684,Southwest Airlines,2019-03-01,Chicago,O'Hare International Airport,131,True,0,Philadelphia,PHL International Airport,21:46,20:35,1,Economy,00:16,21:05,2019-03-07
685,United Airlines,2019-03-01,Chicago,O'Hare International Airport,147,False,1,Philadelphia,PHL International Airport,12:41,11:30,1,Economy,19:46,15:15,2019-03-07
686,American Airlines,2019-03-01,Chicago,O'Hare International Airport,242,True,1,Los Angeles,LAX International Airport,00:37,15:05,1,Economy,07:02,04:30,2019-03-11
687,Delta Airlines,2019-03-01,Chicago,O'Hare International Airport,177,True,0,Los Angeles,LAX International Airport,01:47,19:15,1,Economy,01:47,23:15,2019-03-11
688,Southwest Airlines,2019-03-01,Chicago,O'Hare International Airport,243,False,1,Los Angeles,LAX International Airport,13:52,07:20,1,Economy,12:45,06:45,2019-03-11
689,American Airlines,2019-03-04,Kuala Lumpur,KLIA International Airport,371,True,1,Seattle,Seattle-Tacoma International Airport,19:42,04:55,1,Economy,06:43,05:05,2019-03-11
690,Delta Airlines,2019-03-05,Vancouver,YVR International Airport,229,False,1,Las Vegas,McCarran International Airport,19:49,12:20,1,Economy,09:15,03:20,2019-03-14
691,United Airlines,2019-03-05,Vancouver,YVR International Airport,238,False,1,Las Vegas,McCarran International Airport,19:49,12:05,1,Economy,22:40,18:05,2019-03-14
692,Alaska Airlines,2019-03-03,Los Angeles,LAX International Airport,150,False,0,Portland,PDX International Airport,12:40,10:10,1,Economy,20:10,17:40,2019-03-14
693,American Airlines,2019-03-03,Los Angeles,LAX International Airport,181,True,1,Portland,PDX International Airport,11:02,06:00,1,Economy,01:45,23:15,2019-03-14
694,Delta Airlines,2019-03-03,Los Angeles,LAX International Airport,208,False,1,Portland,PDX International Airport,15:17,09:35,1,Economy,12:08,06:50,2019-03-14
695,Southwest Airlines,2019-03-03,Los Angeles,LAX International Airport,136,False,0,Portland,PDX International Airport,19:25,16:55,1,Economy,19:00,16:30,2019-03-14
696,United Airlines,2019-03-03,Los Angeles,LAX International Airport,169,True,1,Portland,PDX International Airport,02:20,23:50,1,Economy,16:04,11:40,2019-03-14
697,American Airlines,2019-03-03,New York,JFK International Airport,219,True,0,San Francisco,SFO International Airport,05:56,20:30,1,Economy,20:11,16:45,2019-03-11
698,Delta Airlines,2019-03-03,New York,JFK International Airport,252,False,1,San Francisco,SFO International Airport,20:21,10:55,1,Economy,12:50,07:30,2019-03-11
699,Southwest Airlines,2019-03-03,New York,JFK International Airport,209,True,0,San Francisco,SFO International Airport,06:46,21:20,1,Economy,21:21,17:55,2019-03-11
700,United Airlines,2019-03-03,New York,JFK International Airport,191,False,0,San Francisco,SFO International Airport,15:16,05:50,1,Economy,09:31,06:05,2019-03-11
701,United Airlines,2019-03-09,Las Vegas,McCarran International Airport,370,False,1,Vancouver,YVR International Airport,22:40,18:05,2,Premium Economy,20:12,15:05,2019-03-14
702,American Airlines,2019-03-01,Paris,Charles de Gaulle International Airport,350,False,1,Chicago,O'Hare International Airport,22:06,05:10,1,Economy,20:22,04:05,2019-03-13
703,Delta Airlines,2019-03-01,Paris,Charles de Gaulle International Airport,236,True,0,Chicago,O'Hare International Airport,11:36,18:40,1,Economy,02:16,23:20,2019-03-13
704,American Airlines,2019-03-01,Toronto,Toronto Pearson International Airport,312,False,1,Seattle,Seattle-Tacoma International Airport,21:54,08:15,2,Economy,18:05,10:05,2019-03-08
705,Delta Airlines,2019-03-01,Toronto,Toronto Pearson International Airport,321,False,1,Seattle,Seattle-Tacoma International Airport,21:54,08:45,2,Economy,12:15,07:15,2019-03-08
706,United Airlines,2019-03-01,Toronto,Toronto Pearson International Airport,307,False,1,Seattle,Seattle-Tacoma International Airport,21:54,10:10,2,Economy,20:45,17:35,2019-03-08
707,Delta Airlines,2019-03-02,Sydney,Kingsford Smith International Airport,394,True,1,Chicago,O'Hare International Airport,16:01,10:40,1,Economy,13:52,17:50,2019-03-14
708,United Airlines,2019-03-02,Sydney,Kingsford Smith International Airport,372,True,1,Chicago,O'Hare International Airport,13:32,10:35,1,Economy,20:12,22:05,2019-03-14
709,Alaska Airlines,2019-03-01,Portland,PDX International Airport,179,False,1,Los Angeles,LAX International Airport,07:45,05:15,1,Economy,21:44,17:40,2019-03-13
710,American Airlines,2019-03-01,Portland,PDX International Airport,174,True,1,Los Angeles,LAX International Airport,01:45,23:15,1,Economy,11:32,06:00,2019-03-13
711,Delta Airlines,2019-03-01,Portland,PDX International Airport,174,True,1,Los Angeles,LAX International Airport,00:20,21:50,1,Economy,20:24,15:20,2019-03-13
712,Southwest Airlines,2019-03-01,Portland,PDX International Airport,137,False,0,Los Angeles,LAX International Airport,19:00,16:30,1,Economy,19:25,16:55,2019-03-13
713,United Airlines,2019-03-01,Portland,PDX International Airport,167,False,1,Los Angeles,LAX International Airport,14:13,08:55,1,Economy,21:35,19:05,2019-03-13
714,American Airlines,2019-03-01,Philadelphia,PHL International Airport,64,False,0,New York,JFK International Airport,08:46,07:55,1,Economy,18:26,17:35,2019-03-06
715,Delta Airlines,2019-03-01,Philadelphia,PHL International Airport,69,False,0,New York,JFK International Airport,12:01,11:10,1,Economy,20:16,19:25,2019-03-06
716,Southwest Airlines,2019-03-01,Philadelphia,PHL International Airport,75,False,0,New York,JFK International Airport,05:46,04:55,1,Economy,08:36,07:45,2019-03-06
717,United Airlines,2019-03-01,Philadelphia,PHL International Airport,65,False,0,New York,JFK International Airport,11:36,10:45,1,Economy,21:51,21:00,2019-03-06
718,American Airlines,2019-03-01,London,Heathrow International Airport,300,True,1,Atlanta,Hartsfield-Jackson International Airport,10:44,20:40,1,Economy,23:41,14:05,2019-03-09
719,Delta Airlines,2019-03-01,London,Heathrow International Airport,322,True,1,Atlanta,Hartsfield-Jackson International Airport,07:34,17:30,1,Economy,20:21,08:00,2019-03-09
720,United Airlines,2019-03-01,London,Heathrow International Airport,272,True,0,Atlanta,Hartsfield-Jackson International Airport,00:34,10:30,1,Economy,04:29,22:25,2019-03-09
721,American Airlines,2019-03-01,Chicago,O'Hare International Airport,272,False,1,San Diego,SAN International Airport,22:07,12:05,1,Economy,08:34,04:30,2019-03-08
722,American Airlines,2019-03-05,Atlanta,Hartsfield-Jackson International Airport,229,True,1,San Francisco,SFO International Airport,01:24,15:50,1,Economy,14:06,11:40,2019-03-11
723,Delta Airlines,2019-03-05,Atlanta,Hartsfield-Jackson International Airport,191,False,0,San Francisco,SFO International Airport,18:31,10:05,1,Economy,15:16,12:50,2019-03-11
724,Southwest Airlines,2019-03-05,Atlanta,Hartsfield-Jackson International Airport,242,False,1,San Francisco,SFO International Airport,17:19,06:45,1,Economy,08:56,06:30,2019-03-11
725,United Airlines,2019-03-05,Atlanta,Hartsfield-Jackson International Airport,213,False,0,San Francisco,SFO International Airport,18:41,10:15,1,Economy,12:06,09:40,2019-03-11
726,American Airlines,2019-03-01,Phoenix,Sky Harbor International Airport,239,False,1,Mexico City,Benito Juarez International Airport,13:38,08:05,4,Economy,20:05,07:35,2019-03-08
727,United Airlines,2019-03-01,Phoenix,Sky Harbor International Airport,271,False,1,Mexico City,Benito Juarez International Airport,06:47,00:20,4,Economy,19:08,11:05,2019-03-08
728,American Airlines,2019-03-03,Phoenix,Sky Harbor International Airport,230,False,1,Seattle,Seattle-Tacoma International Airport,13:38,08:15,1,Economy,14:47,08:40,2019-03-11
729,Delta Airlines,2019-03-03,Phoenix,Sky Harbor International Airport,223,False,1,Seattle,Seattle-Tacoma International Airport,13:38,08:45,1,Economy,17:06,11:55,2019-03-11
730,Southwest Airlines,2019-03-03,Phoenix,Sky Harbor International Airport,301,False,1,Seattle,Seattle-Tacoma International Airport,10:13,05:25,1,Economy,18:52,08:20,2019-03-11
731,United Airlines,2019-03-03,Phoenix,Sky Harbor International Airport,223,False,1,Seattle,Seattle-Tacoma International Airport,10:35,05:30,1,Economy,22:56,17:10,2019-03-11
732,American Airlines,2019-03-01,London,Heathrow International Airport,348,True,1,Chicago,O'Hare International Airport,06:04,04:30,1,Economy,18:34,14:05,2019-03-09
733,Delta Airlines,2019-03-01,London,Heathrow International Airport,301,True,1,Chicago,O'Hare International Airport,06:37,09:15,1,Economy,12:29,08:00,2019-03-09
734,American Airlines,2019-03-01,London,Heathrow International Airport,348,True,1,Chicago,O'Hare International Airport,06:04,04:30,4,Economy,18:34,14:05,2019-03-09
735,American Airlines,2019-03-01,Chicago,O'Hare International Airport,122,False,0,Philadelphia,PHL International Airport,11:21,10:10,3,Economy,21:51,18:40,2019-03-12
736,Delta Airlines,2019-03-01,Chicago,O'Hare International Airport,139,True,0,Philadelphia,PHL International Airport,13:31,12:20,3,Economy,00:51,21:40,2019-03-12
737,Southwest Airlines,2019-03-01,Chicago,O'Hare International Airport,141,True,0,Philadelphia,PHL International Airport,21:46,20:35,3,Economy,00:16,21:05,2019-03-12
738,United Airlines,2019-03-01,Chicago,O'Hare International Airport,152,False,1,Philadelphia,PHL International Airport,12:41,11:30,3,Economy,19:46,15:15,2019-03-12
739,United Airlines,2019-03-01,Chicago,O'Hare International Airport,123,True,0,Atlanta,Hartsfield-Jackson International Airport,07:16,06:15,3,Economy,00:51,21:50,2019-03-12
740,American Airlines,2019-03-01,San Diego,SAN International Airport,204,False,1,Seattle,Seattle-Tacoma International Airport,12:34,08:15,1,Economy,08:13,04:10,2019-03-12
741,Southwest Airlines,2019-03-01,San Diego,SAN International Airport,237,False,1,Seattle,Seattle-Tacoma International Airport,23:25,18:50,1,Economy,12:46,07:00,2019-03-12
742,United Airlines,2019-03-01,San Diego,SAN International Airport,227,False,1,Seattle,Seattle-Tacoma International Airport,16:19,12:30,1,Economy,12:46,07:20,2019-03-12
743,American Airlines,2019-03-02,San Francisco,SFO International Airport,114,False,0,Las Vegas,McCarran International Airport,07:05,05:30,1,Economy,19:05,17:30,2019-03-09
744,Delta Airlines,2019-03-02,San Francisco,SFO International Airport,108,True,0,Las Vegas,McCarran International Airport,00:25,22:50,1,Economy,12:25,10:50,2019-03-09
745,Southwest Airlines,2019-03-02,San Francisco,SFO International Airport,138,False,1,Las Vegas,McCarran International Airport,11:30,09:55,1,Economy,16:15,12:50,2019-03-09
746,United Airlines,2019-03-02,San Francisco,SFO International Airport,110,False,0,Las Vegas,McCarran International Airport,16:40,15:05,1,Economy,20:50,19:15,2019-03-09
747,American Airlines,2019-03-01,Kuala Lumpur,KLIA International Airport,663,True,1,San Francisco,SFO International Airport,17:08,05:20,1,Premium Economy,12:46,05:05,2019-03-11
748,American Airlines,2019-03-10,Philadelphia,PHL International Airport,67,False,0,New York,JFK International Airport,16:36,15:45,1,Economy,17:36,16:45,2019-03-14
749,Delta Airlines,2019-03-10,Philadelphia,PHL International Airport,66,False,0,New York,JFK International Airport,12:01,11:10,1,Economy,20:16,19:25,2019-03-14
750,Southwest Airlines,2019-03-10,Philadelphia,PHL International Airport,62,False,0,New York,JFK International Airport,05:46,04:55,1,Economy,08:36,07:45,2019-03-14
751,United Airlines,2019-03-10,Philadelphia,PHL International Airport,64,False,0,New York,JFK International Airport,11:36,10:45,1,Economy,21:51,21:00,2019-03-14
752,Delta Airlines,2019-03-04,Paris,Charles de Gaulle International Airport,386,True,1,Portland,PDX International Airport,20:13,20:00,1,Economy,21:33,11:20,2019-03-11
753,American Airlines,2019-03-01,London,Heathrow International Airport,306,True,1,Philadelphia,PHL International Airport,06:37,16:45,1,Economy,00:16,14:05,2019-03-14
754,Delta Airlines,2019-03-01,London,Heathrow International Airport,369,True,1,Philadelphia,PHL International Airport,10:14,14:20,1,Economy,21:06,08:00,2019-03-14
755,United Airlines,2019-03-01,London,Heathrow International Airport,266,True,1,Philadelphia,PHL International Airport,06:37,12:55,1,Economy,10:56,00:25,2019-03-14
756,Southwest Airlines,2019-03-06,Las Vegas,McCarran International Airport,219,False,1,Seattle,Seattle-Tacoma International Airport,22:40,18:50,1,Economy,15:21,09:55,2019-03-13
757,United Airlines,2019-03-06,Las Vegas,McCarran International Airport,221,False,1,Seattle,Seattle-Tacoma International Airport,15:25,10:10,1,Economy,18:21,13:40,2019-03-13
758,Southwest Airlines,2019-03-03,Chicago,O'Hare International Airport,250,False,1,Los Angeles,LAX International Airport,13:52,07:20,1,Economy,12:45,06:45,2019-03-10
759,American Airlines,2019-03-03,Paris,Charles de Gaulle International Airport,373,True,1,Atlanta,Hartsfield-Jackson International Airport,13:37,15:25,2,Economy,14:07,04:05,2019-03-05
760,Delta Airlines,2019-03-03,Paris,Charles de Gaulle International Airport,376,True,1,Atlanta,Hartsfield-Jackson International Airport,13:37,15:40,2,Economy,23:41,17:35,2019-03-05
761,American Airlines,2019-03-01,New York,JFK International Airport,133,False,0,Atlanta,Hartsfield-Jackson International Airport,08:47,06:25,1,Economy,13:42,11:20,2019-03-06
762,Delta Airlines,2019-03-01,New York,JFK International Airport,144,False,0,Atlanta,Hartsfield-Jackson International Airport,18:02,15:40,1,Economy,13:47,11:25,2019-03-06
763,Southwest Airlines,2019-03-01,New York,JFK International Airport,177,True,1,Atlanta,Hartsfield-Jackson International Airport,11:42,09:20,1,Economy,01:11,21:50,2019-03-06
764,United Airlines,2019-03-01,New York,JFK International Airport,132,False,0,Atlanta,Hartsfield-Jackson International Airport,15:12,12:50,1,Economy,21:27,19:05,2019-03-06
765,American Airlines,2019-03-04,Kuala Lumpur,KLIA International Airport,383,True,1,Seattle,Seattle-Tacoma International Airport,19:42,04:55,1,Economy,06:43,05:05,2019-03-13
766,American Airlines,2019-03-01,New York,JFK International Airport,139,False,0,Atlanta,Hartsfield-Jackson International Airport,08:47,06:25,1,Economy,13:42,11:20,2019-03-08
767,Delta Airlines,2019-03-01,New York,JFK International Airport,143,False,0,Atlanta,Hartsfield-Jackson International Airport,18:02,15:40,1,Economy,13:47,11:25,2019-03-08
768,United Airlines,2019-03-01,New York,JFK International Airport,138,False,0,Atlanta,Hartsfield-Jackson International Airport,15:12,12:50,1,Economy,21:47,19:25,2019-03-08
769,American Airlines,2019-03-01,Paris,Charles de Gaulle International Airport,392,True,1,Los Angeles,LAX International Airport,07:58,09:40,1,Economy,11:50,04:05,2019-03-03
770,Delta Airlines,2019-03-01,Paris,Charles de Gaulle International Airport,383,True,1,Los Angeles,LAX International Airport,06:43,08:25,1,Economy,00:32,17:35,2019-03-03
771,Alaska Airlines,2019-03-11,San Diego,SAN International Airport,110,False,0,San Francisco,SFO International Airport,07:50,06:10,1,Economy,18:50,17:10,2019-03-13
772,American Airlines,2019-03-11,San Diego,SAN International Airport,131,False,1,San Francisco,SFO International Airport,16:19,12:15,1,Economy,23:00,21:20,2019-03-13
773,Delta Airlines,2019-03-11,San Diego,SAN International Airport,117,False,0,San Francisco,SFO International Airport,23:25,21:45,1,Economy,21:35,19:55,2019-03-13
774,United Airlines,2019-03-11,San Diego,SAN International Airport,142,False,1,San Francisco,SFO International Airport,12:34,09:15,1,Economy,09:00,07:20,2019-03-13
775,Alaska Airlines,2019-03-11,San Diego,SAN International Airport,154,False,0,Portland,PDX International Airport,20:24,17:40,1,Economy,16:04,13:20,2019-03-13
776,American Airlines,2019-03-11,San Diego,SAN International Airport,183,False,1,Portland,PDX International Airport,12:00,07:20,1,Economy,10:14,07:30,2019-03-13
777,United Airlines,2019-03-09,San Diego,SAN International Airport,167,False,0,Las Vegas,McCarran International Airport,10:49,09:35,1,Premium Economy,15:34,14:20,2019-03-14
778,American Airlines,2019-03-02,Phoenix,Sky Harbor International Airport,169,False,1,San Francisco,SFO International Airport,12:49,08:10,1,Economy,08:22,06:15,2019-03-09
779,Delta Airlines,2019-03-02,Phoenix,Sky Harbor International Airport,120,False,0,San Francisco,SFO International Airport,07:57,05:50,1,Economy,14:02,11:55,2019-03-09
780,Southwest Airlines,2019-03-02,Phoenix,Sky Harbor International Airport,135,True,0,San Francisco,SFO International Airport,01:17,23:10,1,Economy,08:07,06:00,2019-03-09
781,United Airlines,2019-03-02,Phoenix,Sky Harbor International Airport,135,False,0,San Francisco,SFO International Airport,15:47,13:40,1,Economy,19:17,17:10,2019-03-09
782,American Airlines,2019-03-04,Toronto,Toronto Pearson International Airport,225,False,1,Atlanta,Hartsfield-Jackson International Airport,20:28,15:25,3,Economy,14:56,10:05,2019-03-12
783,Delta Airlines,2019-03-04,Toronto,Toronto Pearson International Airport,221,False,1,Atlanta,Hartsfield-Jackson International Airport,20:28,15:40,3,Economy,11:31,07:15,2019-03-12
784,United Airlines,2019-03-04,Toronto,Toronto Pearson International Airport,241,False,1,Atlanta,Hartsfield-Jackson International Airport,12:33,06:15,3,Economy,23:41,17:35,2019-03-12
785,American Airlines,2019-03-01,Kuala Lumpur,KLIA International Airport,405,True,1,San Francisco,SFO International Airport,17:08,05:20,1,Economy,09:56,05:05,2019-03-11
786,Delta Airlines,2019-03-06,Los Angeles,LAX International Airport,335,True,1,Paris,Charles de Gaulle International Airport,00:32,17:35,1,Economy,06:43,08:25,2019-03-11
787,United Airlines,2019-03-03,Delhi,Indira Gandhi International Airport,400,True,1,Seattle,Seattle-Tacoma International Airport,20:39,12:30,1,Economy,09:37,01:10,2019-03-14
788,American Airlines,2019-03-02,Phoenix,Sky Harbor International Airport,262,False,1,Mexico City,Benito Juarez International Airport,13:38,08:05,1,Economy,18:53,06:15,2019-03-10
789,American Airlines,2019-03-01,Atlanta,Hartsfield-Jackson International Airport,126,False,0,New York,JFK International Airport,13:42,11:20,1,Economy,08:47,06:25,2019-03-09
790,Delta Airlines,2019-03-01,Atlanta,Hartsfield-Jackson International Airport,140,False,0,New York,JFK International Airport,13:47,11:25,1,Economy,18:02,15:40,2019-03-09
791,Southwest Airlines,2019-03-01,Atlanta,Hartsfield-Jackson International Airport,163,True,1,New York,JFK International Airport,01:11,21:50,1,Economy,11:42,09:20,2019-03-09
792,United Airlines,2019-03-01,Atlanta,Hartsfield-Jackson International Airport,150,False,0,New York,JFK International Airport,21:27,19:05,1,Economy,15:12,12:50,2019-03-09
793,American Airlines,2019-03-02,Kuala Lumpur,KLIA International Airport,415,True,1,San Francisco,SFO International Airport,17:08,05:20,1,Economy,09:56,05:05,2019-03-13
794,Delta Airlines,2019-03-03,Paris,Charles de Gaulle International Airport,238,True,0,Chicago,O'Hare International Airport,11:36,18:40,1,Economy,02:16,23:20,2019-03-14
795,Delta Airlines,2019-03-02,New York,JFK International Airport,247,True,0,London,Heathrow International Airport,19:57,15:35,1,Economy,06:42,18:20,2019-03-14
796,United Airlines,2019-03-02,New York,JFK International Airport,306,True,1,London,Heathrow International Airport,04:47,00:25,1,Economy,10:14,14:40,2019-03-14
797,American Airlines,2019-03-01,Los Angeles,LAX International Airport,245,True,1,New York,JFK International Airport,19:57,15:40,1,Economy,03:30,18:20,2019-03-13
798,Delta Airlines,2019-03-01,Los Angeles,LAX International Airport,250,True,1,New York,JFK International Airport,10:40,07:30,1,Economy,00:19,13:40,2019-03-13
799,Southwest Airlines,2019-03-01,Los Angeles,LAX International Airport,277,True,1,New York,JFK International Airport,10:00,06:50,1,Economy,00:19,13:40,2019-03-13
800,United Airlines,2019-03-01,Los Angeles,LAX International Airport,239,True,1,New York,JFK International Airport,19:57,14:40,1,Economy,05:25,20:15,2019-03-13
801,American Airlines,2019-03-04,Toronto,Toronto Pearson International Airport,229,False,1,Atlanta,Hartsfield-Jackson International Airport,20:28,15:25,1,Economy,21:27,12:50,2019-03-11
802,United Airlines,2019-03-04,Toronto,Toronto Pearson International Airport,221,False,1,Atlanta,Hartsfield-Jackson International Airport,12:33,06:15,1,Economy,23:41,17:35,2019-03-11
803,American Airlines,2019-03-04,Portland,PDX International Airport,333,False,1,Atlanta,Hartsfield-Jackson International Airport,19:00,14:30,1,Economy,18:31,07:20,2019-03-12
804,Delta Airlines,2019-03-04,Portland,PDX International Airport,311,False,1,Atlanta,Hartsfield-Jackson International Airport,10:55,05:50,1,Economy,20:47,09:35,2019-03-12
805,Southwest Airlines,2019-03-04,Portland,PDX International Airport,308,True,1,Atlanta,Hartsfield-Jackson International Airport,19:00,13:30,1,Economy,04:39,16:55,2019-03-12
806,United Airlines,2019-03-04,Portland,PDX International Airport,275,True,1,Atlanta,Hartsfield-Jackson International Airport,14:03,09:40,1,Economy,08:22,22:45,2019-03-12
807,Alaska Airlines,2019-03-01,San Francisco,SFO International Airport,137,False,0,Seattle,Seattle-Tacoma International Airport,14:11,12:00,1,Economy,17:06,14:55,2019-03-04
808,American Airlines,2019-03-01,San Francisco,SFO International Airport,140,True,0,Seattle,Seattle-Tacoma International Airport,00:36,22:25,1,Economy,16:26,14:15,2019-03-04
809,Delta Airlines,2019-03-01,San Francisco,SFO International Airport,136,False,0,Seattle,Seattle-Tacoma International Airport,08:21,06:10,1,Economy,10:11,08:00,2019-03-04
810,Southwest Airlines,2019-03-01,San Francisco,SFO International Airport,136,True,0,Seattle,Seattle-Tacoma International Airport,00:01,21:50,1,Economy,10:36,08:25,2019-03-04
811,United Airlines,2019-03-01,San Francisco,SFO International Airport,142,False,0,Seattle,Seattle-Tacoma International Airport,22:41,20:30,1,Economy,17:16,15:05,2019-03-04
812,American Airlines,2019-03-04,Portland,PDX International Airport,313,False,1,New York,JFK International Airport,23:53,16:45,1,Economy,18:01,05:00,2019-03-12
813,Southwest Airlines,2019-03-04,Portland,PDX International Airport,338,True,1,New York,JFK International Airport,23:53,17:55,1,Economy,04:50,16:55,2019-03-12
814,American Airlines,2019-03-04,Portland,PDX International Airport,313,False,1,New York,JFK International Airport,23:53,16:45,2,Economy,18:01,05:00,2019-03-12
815,Southwest Airlines,2019-03-04,Portland,PDX International Airport,338,True,1,New York,JFK International Airport,23:53,17:55,2,Economy,04:50,16:55,2019-03-12
816,American Airlines,2019-03-06,Kuala Lumpur,KLIA International Airport,375,True,1,Seattle,Seattle-Tacoma International Airport,19:42,04:55,1,Economy,06:43,05:05,2019-03-13
817,American Airlines,2019-03-06,Seattle,Seattle-Tacoma International Airport,66,False,0,Portland,PDX International Airport,06:58,06:00,1,Economy,09:03,08:05,2019-03-08
818,United Airlines,2019-03-06,Seattle,Seattle-Tacoma International Airport,79,False,0,Portland,PDX International Airport,08:13,07:15,1,Economy,05:13,04:15,2019-03-08
819,Delta Airlines,2019-03-10,Las Vegas,McCarran International Airport,221,False,1,Vancouver,YVR International Airport,21:35,12:55,1,Economy,19:49,12:20,2019-03-13
820,United Airlines,2019-03-10,Las Vegas,McCarran International Airport,234,False,1,Vancouver,YVR International Airport,22:40,18:05,1,Economy,19:49,12:05,2019-03-13
821,Delta Airlines,2019-03-02,New York,JFK International Airport,309,False,1,Vancouver,YVR International Airport,18:34,02:50,1,Economy,11:11,06:00,2019-03-12
822,Delta Airlines,2019-03-01,Phoenix,Sky Harbor International Airport,118,False,0,San Francisco,SFO International Airport,07:57,05:50,1,Economy,14:02,11:55,2019-03-04
823,Southwest Airlines,2019-03-01,Phoenix,Sky Harbor International Airport,125,False,0,San Francisco,SFO International Airport,20:22,18:15,1,Economy,08:07,06:00,2019-03-04
824,United Airlines,2019-03-01,Phoenix,Sky Harbor International Airport,135,True,0,San Francisco,SFO International Airport,16:22,14:15,1,Economy,01:57,23:50,2019-03-04
825,United Airlines,2019-03-01,Phoenix,Sky Harbor International Airport,135,True,0,San Francisco,SFO International Airport,16:22,14:15,3,Economy,01:57,23:50,2019-03-04
826,American Airlines,2019-03-06,New York,JFK International Airport,128,False,0,Atlanta,Hartsfield-Jackson International Airport,08:47,06:25,1,Economy,13:42,11:20,2019-03-11
827,Delta Airlines,2019-03-06,New York,JFK International Airport,130,False,0,Atlanta,Hartsfield-Jackson International Airport,18:02,15:40,1,Economy,13:47,11:25,2019-03-11
828,Southwest Airlines,2019-03-06,New York,JFK International Airport,170,True,1,Atlanta,Hartsfield-Jackson International Airport,11:42,09:20,1,Economy,01:11,21:50,2019-03-11
829,United Airlines,2019-03-06,New York,JFK International Airport,140,False,0,Atlanta,Hartsfield-Jackson International Airport,15:12,12:50,1,Economy,21:27,19:05,2019-03-11
830,American Airlines,2019-03-05,Delhi,Indira Gandhi International Airport,352,True,1,San Francisco,SFO International Airport,16:07,13:15,4,Economy,14:22,09:20,2019-03-09
831,American Airlines,2019-03-05,Chicago,O'Hare International Airport,227,True,1,San Francisco,SFO International Airport,01:47,16:25,1,Economy,09:52,07:05,2019-03-11
832,Southwest Airlines,2019-03-05,Chicago,O'Hare International Airport,234,False,1,San Francisco,SFO International Airport,15:02,06:45,1,Economy,14:22,11:35,2019-03-11
833,United Airlines,2019-03-05,Chicago,O'Hare International Airport,178,True,0,San Francisco,SFO International Airport,04:57,22:10,1,Economy,06:47,04:00,2019-03-11
834,American Airlines,2019-03-01,Nairobi,Jomo Kenyatta International Airport,503,True,1,San Francisco,SFO International Airport,17:57,07:05,1,Economy,20:11,05:35,2019-03-09
835,American Airlines,2019-03-05,Los Angeles,LAX International Airport,276,True,1,New York,JFK International Airport,00:32,19:45,3,Economy,03:30,18:20,2019-03-14
836,Delta Airlines,2019-03-05,Los Angeles,LAX International Airport,222,True,0,New York,JFK International Airport,10:40,07:30,3,Economy,08:05,22:55,2019-03-14
837,Southwest Airlines,2019-03-05,Los Angeles,LAX International Airport,246,False,1,New York,JFK International Airport,10:00,06:50,3,Economy,18:34,07:20,2019-03-14
838,United Airlines,2019-03-05,Los Angeles,LAX International Airport,263,True,1,New York,JFK International Airport,19:57,14:40,3,Economy,05:25,20:15,2019-03-14
839,American Airlines,2019-03-01,San Francisco,SFO International Airport,233,True,1,Atlanta,Hartsfield-Jackson International Airport,14:06,11:40,1,Economy,01:24,15:50,2019-03-13
840,Delta Airlines,2019-03-01,San Francisco,SFO International Airport,189,True,0,Atlanta,Hartsfield-Jackson International Airport,15:16,12:50,1,Economy,01:51,17:25,2019-03-13
841,Southwest Airlines,2019-03-01,San Francisco,SFO International Airport,241,False,1,Atlanta,Hartsfield-Jackson International Airport,08:56,06:30,1,Economy,17:19,07:10,2019-03-13
842,United Airlines,2019-03-01,San Francisco,SFO International Airport,182,False,0,Atlanta,Hartsfield-Jackson International Airport,12:06,09:40,1,Economy,18:41,10:15,2019-03-13
843,American Airlines,2019-03-06,San Diego,SAN International Airport,69,False,0,Los Angeles,LAX International Airport,08:14,07:20,1,Economy,20:24,19:30,2019-03-09
844,United Airlines,2019-03-05,Sydney,Kingsford Smith International Airport,238,True,0,San Francisco,SFO International Airport,13:06,13:25,1,Economy,-5:06,05:25,2019-03-07
845,United Airlines,2019-03-05,Delhi,Indira Gandhi International Airport,597,True,1,Atlanta,Hartsfield-Jackson International Airport,09:04,06:50,1,Premium Economy,17:57,12:35,2019-03-07
846,American Airlines,2019-03-01,Chicago,O'Hare International Airport,250,True,1,Los Angeles,LAX International Airport,00:37,15:05,1,Economy,07:02,04:30,2019-03-04
847,Delta Airlines,2019-03-01,Chicago,O'Hare International Airport,183,True,0,Los Angeles,LAX International Airport,01:47,19:15,1,Economy,19:57,17:25,2019-03-04
848,Southwest Airlines,2019-03-01,Chicago,O'Hare International Airport,238,False,1,Los Angeles,LAX International Airport,13:52,07:20,1,Economy,12:45,06:45,2019-03-04
849,American Airlines,2019-03-05,San Diego,SAN International Airport,62,False,0,Los Angeles,LAX International Airport,08:14,07:20,1,Economy,10:44,09:50,2019-03-13
850,American Airlines,2019-03-01,Nairobi,Jomo Kenyatta International Airport,383,True,1,Philadelphia,PHL International Airport,17:57,16:45,1,Economy,19:46,05:35,2019-03-07
851,American Airlines,2019-03-01,Kuala Lumpur,KLIA International Airport,429,True,1,San Francisco,SFO International Airport,17:08,05:20,1,Economy,09:56,05:05,2019-03-13
852,American Airlines,2019-03-01,Delhi,Indira Gandhi International Airport,342,True,1,San Francisco,SFO International Airport,16:07,13:15,1,Economy,16:57,13:45,2019-03-13
853,United Airlines,2019-03-01,Delhi,Indira Gandhi International Airport,354,True,1,San Francisco,SFO International Airport,20:39,11:55,1,Economy,07:55,01:10,2019-03-13
854,United Airlines,2019-03-01,Delhi,Indira Gandhi International Airport,394,True,1,Seattle,Seattle-Tacoma International Airport,20:39,12:30,1,Economy,09:37,01:10,2019-03-13
855,Delta Airlines,2019-03-01,Toronto,Toronto Pearson International Airport,209,False,1,Atlanta,Hartsfield-Jackson International Airport,17:08,07:50,1,Economy,11:31,07:15,2019-03-05
856,United Airlines,2019-03-04,Toronto,Toronto Pearson International Airport,237,False,1,Atlanta,Hartsfield-Jackson International Airport,12:33,06:15,1,Economy,23:41,17:35,2019-03-08
857,American Airlines,2019-03-01,Nairobi,Jomo Kenyatta International Airport,555,True,1,Philadelphia,PHL International Airport,17:57,16:45,1,Premium Economy,19:46,05:35,2019-03-05
858,American Airlines,2019-03-08,London,Heathrow International Airport,336,True,1,Philadelphia,PHL International Airport,03:14,10:10,3,Economy,00:16,14:05,2019-03-14
859,Delta Airlines,2019-03-08,London,Heathrow International Airport,371,True,1,Philadelphia,PHL International Airport,10:14,14:20,3,Economy,21:06,08:00,2019-03-14
860,United Airlines,2019-03-08,London,Heathrow International Airport,307,True,1,Philadelphia,PHL International Airport,03:14,11:30,3,Economy,10:56,00:25,2019-03-14
861,American Airlines,2019-03-04,London,Heathrow International Airport,349,True,1,Atlanta,Hartsfield-Jackson International Airport,18:14,15:30,1,Economy,02:39,20:35,2019-03-09
862,Delta Airlines,2019-03-04,London,Heathrow International Airport,308,True,1,Atlanta,Hartsfield-Jackson International Airport,07:34,17:30,1,Economy,20:21,08:00,2019-03-09
863,United Airlines,2019-03-04,London,Heathrow International Airport,253,True,0,Atlanta,Hartsfield-Jackson International Airport,00:34,10:30,1,Economy,04:29,22:25,2019-03-09
864,Delta Airlines,2019-03-07,Vancouver,YVR International Airport,226,False,1,Las Vegas,McCarran International Airport,19:49,12:20,1,Economy,09:15,03:20,2019-03-13
865,American Airlines,2019-03-02,Toronto,Toronto Pearson International Airport,475,False,1,San Francisco,SFO International Airport,20:28,07:05,1,Premium Economy,09:52,05:55,2019-03-06
866,American Airlines,2019-03-02,Portland,PDX International Airport,294,True,1,Mexico City,Benito Juarez International Airport,01:45,19:25,1,Economy,18:53,07:20,2019-03-08
867,American Airlines,2019-03-06,Toronto,Toronto Pearson International Airport,286,False,1,San Francisco,SFO International Airport,20:28,07:05,1,Economy,14:22,10:05,2019-03-10
868,American Airlines,2019-03-06,Toronto,Toronto Pearson International Airport,282,False,1,San Francisco,SFO International Airport,20:28,07:05,1,Economy,14:22,10:05,2019-03-12
869,United Airlines,2019-03-06,Toronto,Toronto Pearson International Airport,298,False,1,San Francisco,SFO International Airport,18:58,05:35,1,Economy,21:12,17:35,2019-03-12
870,Alaska Airlines,2019-03-05,San Diego,SAN International Airport,70,False,0,Los Angeles,LAX International Airport,08:24,07:30,1,Economy,,,
871,American Airlines,2019-03-05,San Diego,SAN International Airport,73,False,0,Los Angeles,LAX International Airport,08:34,07:40,1,Economy,,,
872,Southwest Airlines,2019-03-05,San Diego,SAN International Airport,55,False,0,Los Angeles,LAX International Airport,16:19,15:25,1,Economy,,,
873,United Airlines,2019-03-05,San Diego,SAN International Airport,70,False,0,Los Angeles,LAX International Airport,12:34,11:40,1,Economy,,,
874,Alaska Airlines,2019-03-02,San Diego,SAN International Airport,59,False,0,Los Angeles,LAX International Airport,08:24,07:30,1,Economy,,,
875,Delta Airlines,2019-03-04,Las Vegas,McCarran International Airport,74,False,0,Los Angeles,LAX International Airport,23:25,22:15,2,Economy,,,
876,Alaska Airlines,2019-03-08,San Diego,SAN International Airport,99,False,0,San Francisco,SFO International Airport,07:50,06:10,1,Economy,,,
877,American Airlines,2019-03-08,San Diego,SAN International Airport,161,False,1,San Francisco,SFO International Airport,16:19,12:15,1,Economy,,,
878,Delta Airlines,2019-03-08,San Diego,SAN International Airport,106,False,0,San Francisco,SFO International Airport,23:25,21:45,1,Economy,,,
879,Southwest Airlines,2019-03-08,San Diego,SAN International Airport,103,False,0,San Francisco,SFO International Airport,18:50,17:10,1,Economy,,,
880,United Airlines,2019-03-08,San Diego,SAN International Airport,90,False,0,San Francisco,SFO International Airport,08:20,06:40,1,Economy,,,
881,American Airlines,2019-03-09,New York,JFK International Airport,100,False,0,Washington,Dulles International Airport,07:15,06:05,1,Economy,,,
882,Southwest Airlines,2019-03-09,New York,JFK International Airport,80,False,0,Washington,Dulles International Airport,18:55,17:45,1,Economy,,,
883,American Airlines,2019-03-05,Philadelphia,PHL International Airport,127,False,1,Washington,Dulles International Airport,11:36,08:00,1,Economy,,,
884,Southwest Airlines,2019-03-05,Philadelphia,PHL International Airport,126,False,1,Washington,Dulles International Airport,20:31,17:45,1,Economy,,,
885,United Airlines,2019-03-05,Philadelphia,PHL International Airport,228,True,1,Washington,Dulles International Airport,00:51,20:40,1,Economy,,,
886,American Airlines,2019-03-13,Las Vegas,McCarran International Airport,93,False,0,Los Angeles,LAX International Airport,21:35,20:25,1,Economy,,,
887,Delta Airlines,2019-03-13,Las Vegas,McCarran International Airport,87,False,0,Los Angeles,LAX International Airport,23:25,22:15,1,Economy,,,
888,Southwest Airlines,2019-03-13,Las Vegas,McCarran International Airport,140,False,1,Los Angeles,LAX International Airport,15:34,13:00,1,Economy,,,
889,United Airlines,2019-03-13,Las Vegas,McCarran International Airport,80,False,0,Los Angeles,LAX International Airport,09:15,08:05,1,Economy,,,
890,Air Canada,2019-03-07,Seattle,Seattle-Tacoma International Airport,280,True,1,Vancouver,YVR International Airport,02:32,16:45,1,Economy,,,
891,Delta Airlines,2019-03-07,Seattle,Seattle-Tacoma International Airport,348,False,1,Vancouver,YVR International Airport,12:15,02:50,1,Economy,,,
892,United Airlines,2019-03-07,Seattle,Seattle-Tacoma International Airport,255,False,1,Vancouver,YVR International Airport,22:56,18:05,1,Economy,,,
893,American Airlines,2019-03-01,New York,JFK International Airport,67,False,0,Philadelphia,PHL International Airport,17:36,16:45,1,Economy,,,
894,Delta Airlines,2019-03-01,New York,JFK International Airport,58,False,0,Philadelphia,PHL International Airport,17:31,16:40,1,Economy,,,
895,Southwest Airlines,2019-03-01,New York,JFK International Airport,61,False,0,Philadelphia,PHL International Airport,08:36,07:45,1,Economy,,,
896,United Airlines,2019-03-01,New York,JFK International Airport,64,False,0,Philadelphia,PHL International Airport,13:46,12:55,1,Economy,,,
897,Alaska Airlines,2019-03-03,Las Vegas,McCarran International Airport,96,False,0,San Francisco,SFO International Airport,07:40,06:05,1,Economy,,,
898,American Airlines,2019-03-03,Las Vegas,McCarran International Airport,163,False,1,San Francisco,SFO International Airport,15:25,12:15,1,Economy,,,
899,Delta Airlines,2019-03-03,Las Vegas,McCarran International Airport,114,False,0,San Francisco,SFO International Airport,22:40,21:05,1,Economy,,,
900,United Airlines,2019-03-03,Las Vegas,McCarran International Airport,106,False,0,San Francisco,SFO International Airport,20:50,19:15,1,Economy,,,
901,Alaska Airlines,2019-03-03,Las Vegas,McCarran International Airport,96,False,0,San Francisco,SFO International Airport,07:40,06:05,4,Economy,,,
902,American Airlines,2019-03-03,Las Vegas,McCarran International Airport,163,False,1,San Francisco,SFO International Airport,15:25,12:15,4,Economy,,,
903,Delta Airlines,2019-03-03,Las Vegas,McCarran International Airport,114,False,0,San Francisco,SFO International Airport,22:40,21:05,4,Economy,,,
904,American Airlines,2019-03-04,Los Angeles,LAX International Airport,88,False,0,Las Vegas,McCarran International Airport,10:40,09:30,1,Economy,,,
905,Delta Airlines,2019-03-04,Los Angeles,LAX International Airport,88,False,0,Las Vegas,McCarran International Airport,22:10,21:00,1,Economy,,,
906,Southwest Airlines,2019-03-04,Los Angeles,LAX International Airport,85,False,0,Las Vegas,McCarran International Airport,15:45,14:35,1,Economy,,,
907,United Airlines,2019-03-04,Los Angeles,LAX International Airport,96,False,0,Las Vegas,McCarran International Airport,09:25,08:15,1,Economy,,,
908,Southwest Airlines,2019-03-10,San Diego,SAN International Airport,111,False,0,San Francisco,SFO International Airport,18:50,17:10,1,Economy,,,
909,American Airlines,2019-03-10,San Diego,SAN International Airport,134,False,0,Las Vegas,McCarran International Airport,09:34,08:20,1,Premium Economy,,,
910,Alaska Airlines,2019-03-09,San Diego,SAN International Airport,122,False,0,San Francisco,SFO International Airport,12:25,10:45,1,Economy,,,
911,American Airlines,2019-03-09,San Diego,SAN International Airport,183,False,1,San Francisco,SFO International Airport,21:04,17:30,1,Economy,,,
912,Delta Airlines,2019-03-09,San Diego,SAN International Airport,104,False,0,San Francisco,SFO International Airport,23:25,21:45,1,Economy,,,
913,Southwest Airlines,2019-03-09,San Diego,SAN International Airport,118,False,0,San Francisco,SFO International Airport,18:50,17:10,1,Economy,,,
914,United Airlines,2019-03-09,San Diego,SAN International Airport,103,False,0,San Francisco,SFO International Airport,23:15,21:35,1,Economy,,,
915,Air Canada,2019-03-10,Las Vegas,McCarran International Airport,221,False,1,Vancouver,YVR International Airport,21:35,16:45,1,Economy,,,
916,Delta Airlines,2019-03-10,Las Vegas,McCarran International Airport,199,False,1,Vancouver,YVR International Airport,21:35,12:55,1,Economy,,,
917,United Airlines,2019-03-10,Las Vegas,McCarran International Airport,232,False,1,Vancouver,YVR International Airport,22:40,18:05,1,Economy,,,
918,Southwest Airlines,2019-03-10,Las Vegas,McCarran International Airport,89,False,0,San Diego,SAN International Airport,19:59,18:45,1,Economy,,,
919,Alaska Airlines,2019-03-13,San Francisco,SFO International Airport,107,False,0,Los Angeles,LAX International Airport,19:15,17:50,1,Economy,,,
920,American Airlines,2019-03-13,San Francisco,SFO International Airport,96,False,0,Los Angeles,LAX International Airport,07:55,06:30,1,Economy,,,
921,Delta Airlines,2019-03-13,San Francisco,SFO International Airport,93,False,0,Los Angeles,LAX International Airport,10:40,09:15,1,Economy,,,
922,Southwest Airlines,2019-03-13,San Francisco,SFO International Airport,109,False,0,Los Angeles,LAX International Airport,23:45,22:20,1,Economy,,,
923,United Airlines,2019-03-13,San Francisco,SFO International Airport,176,False,1,Los Angeles,LAX International Airport,11:30,08:05,1,Economy,,,
924,American Airlines,2019-03-03,San Francisco,SFO International Airport,96,False,0,Las Vegas,McCarran International Airport,12:30,10:55,1,Economy,,,
925,Delta Airlines,2019-03-03,San Francisco,SFO International Airport,97,True,0,Las Vegas,McCarran International Airport,00:25,22:50,1,Economy,,,
926,Southwest Airlines,2019-03-03,San Francisco,SFO International Airport,177,False,1,Las Vegas,McCarran International Airport,18:15,14:35,1,Economy,,,
927,United Airlines,2019-03-03,San Francisco,SFO International Airport,103,False,0,Las Vegas,McCarran International Airport,19:05,17:30,1,Economy,,,
928,Alaska Airlines,2019-03-07,Las Vegas,McCarran International Airport,106,False,0,San Francisco,SFO International Airport,21:50,20:15,1,Economy,,,
929,American Airlines,2019-03-07,Las Vegas,McCarran International Airport,112,False,0,San Francisco,SFO International Airport,19:05,17:30,1,Economy,,,
930,Delta Airlines,2019-03-07,Las Vegas,McCarran International Airport,114,False,0,San Francisco,SFO International Airport,12:25,10:50,1,Economy,,,
931,United Airlines,2019-03-07,Las Vegas,McCarran International Airport,115,False,0,San Francisco,SFO International Airport,20:50,19:15,1,Economy,,,
932,American Airlines,2019-03-01,New York,JFK International Airport,90,False,0,Washington,Dulles International Airport,07:15,06:05,1,Economy,,,
933,Southwest Airlines,2019-03-01,New York,JFK International Airport,70,False,0,Washington,Dulles International Airport,18:00,16:50,1,Economy,,,
934,United Airlines,2019-03-13,Portland,PDX International Airport,74,False,0,Seattle,Seattle-Tacoma International Airport,05:13,04:15,4,Economy,,,
935,Alaska Airlines,2019-03-13,Las Vegas,McCarran International Airport,106,False,0,San Francisco,SFO International Airport,21:50,20:15,1,Economy,,,
936,American Airlines,2019-03-13,Las Vegas,McCarran International Airport,104,False,0,San Francisco,SFO International Airport,19:05,17:30,1,Economy,,,
937,Delta Airlines,2019-03-13,Las Vegas,McCarran International Airport,100,False,0,San Francisco,SFO International Airport,12:25,10:50,1,Economy,,,
938,United Airlines,2019-03-13,Las Vegas,McCarran International Airport,102,False,0,San Francisco,SFO International Airport,20:50,19:15,1,Economy,,,
939,Southwest Airlines,2019-03-07,Los Angeles,LAX International Airport,91,False,0,San Francisco,SFO International Airport,14:15,12:50,1,Economy,,,
940,Alaska Airlines,2019-03-11,San Diego,SAN International Airport,115,False,0,San Francisco,SFO International Airport,07:50,06:10,1,Economy,,,
941,American Airlines,2019-03-11,San Diego,SAN International Airport,157,False,1,San Francisco,SFO International Airport,16:19,12:15,1,Economy,,,
942,Delta Airlines,2019-03-11,San Diego,SAN International Airport,107,False,0,San Francisco,SFO International Airport,23:25,21:45,1,Economy,,,
943,Southwest Airlines,2019-03-11,San Diego,SAN International Airport,102,False,0,San Francisco,SFO International Airport,18:50,17:10,1,Economy,,,
944,United Airlines,2019-03-11,San Diego,SAN International Airport,105,False,0,San Francisco,SFO International Airport,23:15,21:35,1,Economy,,,
945,American Airlines,2019-03-09,Washington,Dulles International Airport,85,False,0,New York,JFK International Airport,12:05,10:55,1,Economy,,,
946,Delta Airlines,2019-03-09,Washington,Dulles International Airport,89,False,0,New York,JFK International Airport,08:30,07:20,1,Economy,,,
947,Southwest Airlines,2019-03-09,Washington,Dulles International Airport,86,False,0,New York,JFK International Airport,19:05,17:55,1,Economy,,,
948,United Airlines,2019-03-09,Washington,Dulles International Airport,91,False,0,New York,JFK International Airport,06:20,05:10,1,Economy,,,
949,United Airlines,2019-03-05,Vancouver,YVR International Airport,252,False,1,Portland,PDX International Airport,20:12,10:35,1,Economy,,,
950,Delta Airlines,2019-03-03,Portland,PDX International Airport,252,False,1,Vancouver,YVR International Airport,19:00,12:20,1,Economy,,,
951,American Airlines,2019-03-08,Las Vegas,McCarran International Airport,93,False,0,Los Angeles,LAX International Airport,21:35,20:25,1,Economy,,,
952,Delta Airlines,2019-03-08,Las Vegas,McCarran International Airport,88,False,0,Los Angeles,LAX International Airport,23:25,22:15,1,Economy,,,
953,Southwest Airlines,2019-03-08,Las Vegas,McCarran International Airport,137,False,1,Los Angeles,LAX International Airport,15:34,13:00,1,Economy,,,
954,United Airlines,2019-03-08,Las Vegas,McCarran International Airport,90,False,0,Los Angeles,LAX International Airport,09:15,08:05,1,Economy,,,
955,American Airlines,2019-03-08,Las Vegas,McCarran International Airport,93,False,0,Los Angeles,LAX International Airport,21:35,20:25,4,Economy,,,
956,Delta Airlines,2019-03-08,Las Vegas,McCarran International Airport,88,False,0,Los Angeles,LAX International Airport,23:25,22:15,4,Economy,,,
957,Southwest Airlines,2019-03-08,Las Vegas,McCarran International Airport,137,False,1,Los Angeles,LAX International Airport,15:34,13:00,4,Economy,,,
958,United Airlines,2019-03-08,Las Vegas,McCarran International Airport,90,False,0,Los Angeles,LAX International Airport,09:15,08:05,4,Economy,,,
959,American Airlines,2019-03-02,Las Vegas,McCarran International Airport,83,False,0,San Diego,SAN International Airport,17:54,16:40,1,Economy,,,
960,Alaska Airlines,2019-03-11,Las Vegas,McCarran International Airport,133,False,0,Los Angeles,LAX International Airport,21:30,20:20,1,Premium Economy,,,
961,American Airlines,2019-03-11,Las Vegas,McCarran International Airport,139,False,0,Los Angeles,LAX International Airport,21:35,20:25,1,Premium Economy,,,
962,Delta Airlines,2019-03-11,Las Vegas,McCarran International Airport,129,False,0,Los Angeles,LAX International Airport,23:25,22:15,1,Premium Economy,,,
963,United Airlines,2019-03-11,Las Vegas,McCarran International Airport,132,False,0,Los Angeles,LAX International Airport,09:15,08:05,1,Premium Economy,,,
964,Delta Airlines,2019-03-10,Philadelphia,PHL International Airport,61,False,0,New York,JFK International Airport,12:01,11:10,1,Economy,,,
965,Alaska Airlines,2019-03-13,Las Vegas,McCarran International Airport,150,False,0,San Diego,SAN International Airport,07:44,06:30,1,Premium Economy,,,
966,American Airlines,2019-03-07,New York,JFK International Airport,64,False,0,Philadelphia,PHL International Airport,17:36,16:45,1,Economy,,,
967,United Airlines,2019-03-05,Vancouver,YVR International Airport,267,False,1,Seattle,Seattle-Tacoma International Airport,19:49,12:30,1,Economy,,,
968,Delta Airlines,2019-03-13,Portland,PDX International Airport,119,False,0,Seattle,Seattle-Tacoma International Airport,08:53,07:55,1,Premium Economy,,,
969,Alaska Airlines,2019-03-13,Los Angeles,LAX International Airport,107,False,0,San Francisco,SFO International Airport,20:35,19:10,1,Economy,,,
970,Alaska Airlines,2019-03-11,Los Angeles,LAX International Airport,119,False,0,San Diego,SAN International Airport,07:39,06:45,1,Premium Economy,,,
971,American Airlines,2019-03-11,Los Angeles,LAX International Airport,122,False,0,San Diego,SAN International Airport,10:44,09:50,1,Premium Economy,,,
972,Delta Airlines,2019-03-11,Los Angeles,LAX International Airport,105,False,0,San Diego,SAN International Airport,17:54,17:00,1,Premium Economy,,,
973,Alaska Airlines,2019-03-05,San Francisco,SFO International Airport,100,False,0,San Diego,SAN International Airport,12:50,11:10,1,Economy,,,
974,American Airlines,2019-03-05,San Francisco,SFO International Airport,110,False,0,San Diego,SAN International Airport,13:45,12:05,1,Economy,,,
975,Delta Airlines,2019-03-05,San Francisco,SFO International Airport,115,False,0,San Diego,SAN International Airport,21:35,19:55,1,Economy,,,
976,Southwest Airlines,2019-03-05,San Francisco,SFO International Airport,107,False,0,San Diego,SAN International Airport,08:40,07:00,1,Economy,,,
977,Alaska Airlines,2019-03-05,Los Angeles,LAX International Airport,102,False,0,San Francisco,SFO International Airport,21:45,20:20,1,Economy,,,
978,American Airlines,2019-03-05,Los Angeles,LAX International Airport,82,False,0,San Francisco,SFO International Airport,17:15,15:50,1,Economy,,,
979,Southwest Airlines,2019-03-05,Los Angeles,LAX International Airport,93,False,0,San Francisco,SFO International Airport,14:15,12:50,1,Economy,,,
980,United Airlines,2019-03-05,Los Angeles,LAX International Airport,87,False,0,San Francisco,SFO International Airport,10:40,09:15,1,Economy,,,
981,Alaska Airlines,2019-03-05,Los Angeles,LAX International Airport,171,False,0,San Francisco,SFO International Airport,20:35,19:10,1,Premium Economy,,,
982,American Airlines,2019-03-05,Los Angeles,LAX International Airport,145,False,0,San Francisco,SFO International Airport,17:15,15:50,1,Premium Economy,,,
983,Southwest Airlines,2019-03-05,Los Angeles,LAX International Airport,136,False,0,San Francisco,SFO International Airport,14:15,12:50,1,Premium Economy,,,
984,United Airlines,2019-03-05,Los Angeles,LAX International Airport,151,False,0,San Francisco,SFO International Airport,10:40,09:15,1,Premium Economy,,,
985,United Airlines,2019-03-14,Los Angeles,LAX International Airport,118,False,0,Las Vegas,McCarran International Airport,13:15,12:05,3,Premium Economy,,,
986,Air Canada,2019-03-11,Portland,PDX International Airport,254,True,1,Vancouver,YVR International Airport,01:45,16:45,2,Economy,,,
987,Delta Airlines,2019-03-11,Portland,PDX International Airport,247,False,1,Vancouver,YVR International Airport,20:10,12:20,2,Economy,,,
988,Air Canada,2019-03-06,Seattle,Seattle-Tacoma International Airport,278,True,1,Vancouver,YVR International Airport,02:32,16:45,2,Economy,,,
989,Alaska Airlines,2019-03-08,Los Angeles,LAX International Airport,85,False,0,San Francisco,SFO International Airport,20:35,19:10,3,Economy,,,
990,American Airlines,2019-03-08,Los Angeles,LAX International Airport,90,False,0,San Francisco,SFO International Airport,17:15,15:50,3,Economy,,,
991,Southwest Airlines,2019-03-08,Los Angeles,LAX International Airport,105,False,0,San Francisco,SFO International Airport,14:15,12:50,3,Economy,,,
992,United Airlines,2019-03-08,Los Angeles,LAX International Airport,93,False,0,San Francisco,SFO International Airport,23:30,22:05,3,Economy,,,
993,United Airlines,2019-03-07,San Francisco,SFO International Airport,101,False,0,Las Vegas,McCarran International Airport,16:40,15:05,1,Economy,,,
994,American Airlines,2019-03-06,Washington,Dulles International Airport,80,False,0,New York,JFK International Airport,07:15,06:05,4,Economy,,,
995,Delta Airlines,2019-03-06,Washington,Dulles International Airport,76,False,0,New York,JFK International Airport,08:30,07:20,4,Economy,,,
996,Southwest Airlines,2019-03-06,Washington,Dulles International Airport,88,False,0,New York,JFK International Airport,15:45,14:35,4,Economy,,,
997,United Airlines,2019-03-06,Washington,Dulles International Airport,72,False,0,New York,JFK International Airport,06:20,05:10,4,Economy,,,
998,American Airlines,2019-03-09,Washington,Dulles International Airport,153,False,0,New York,JFK International Airport,07:15,06:05,1,Premium Economy,,,
999,Southwest Airlines,2019-03-09,Washington,Dulles International Airport,139,False,0,New York,JFK International Airport,15:45,14:35,1,Premium Economy,,,
1000,United Airlines,2019-03-09,Washington,Dulles International Airport,135,False,0,New York,JFK International Airport,06:20,05:10,1,Premium Economy,,,
1001,United Airlines,2019-03-02,Washington,Dulles International Airport,126,False,0,New York,JFK International Airport,06:20,05:10,1,Premium Economy,,,
1002,Alaska Airlines,2019-03-02,Los Angeles,LAX International Airport,100,False,0,San Francisco,SFO International Airport,21:45,20:20,1,Economy,,,
1003,American Airlines,2019-03-02,Los Angeles,LAX International Airport,104,False,0,San Francisco,SFO International Airport,17:15,15:50,1,Economy,,,
1004,Southwest Airlines,2019-03-02,Los Angeles,LAX International Airport,106,False,0,San Francisco,SFO International Airport,08:10,06:45,1,Economy,,,
1005,United Airlines,2019-03-02,Los Angeles,LAX International Airport,99,False,0,San Francisco,SFO International Airport,23:30,22:05,1,Economy,,,
1006,American Airlines,2019-03-14,New York,JFK International Airport,85,False,0,Washington,Dulles International Airport,07:15,06:05,1,Economy,,,
1007,Southwest Airlines,2019-03-14,New York,JFK International Airport,103,False,0,Washington,Dulles International Airport,18:00,16:50,1,Economy,,,
1008,Alaska Airlines,2019-03-05,Vancouver,YVR International Airport,291,False,1,Seattle,Seattle-Tacoma International Airport,23:44,15:45,2,Economy,,,
1009,American Airlines,2019-03-05,Vancouver,YVR International Airport,272,False,1,Seattle,Seattle-Tacoma International Airport,19:49,08:15,2,Economy,,,
1010,Delta Airlines,2019-03-05,Vancouver,YVR International Airport,280,False,1,Seattle,Seattle-Tacoma International Airport,19:49,08:45,2,Economy,,,
1011,Southwest Airlines,2019-03-05,Vancouver,YVR International Airport,247,False,1,Seattle,Seattle-Tacoma International Airport,13:59,05:25,2,Economy,,,
1012,United Airlines,2019-03-05,Vancouver,YVR International Airport,267,False,1,Seattle,Seattle-Tacoma International Airport,19:49,12:30,2,Economy,,,
1013,Alaska Airlines,2019-03-11,Las Vegas,McCarran International Airport,78,False,0,San Diego,SAN International Airport,23:59,22:45,2,Economy,,,
1014,American Airlines,2019-03-11,Las Vegas,McCarran International Airport,92,False,0,San Diego,SAN International Airport,17:54,16:40,2,Economy,,,
1015,Southwest Airlines,2019-03-11,Las Vegas,McCarran International Airport,82,False,0,San Diego,SAN International Airport,21:39,20:25,2,Economy,,,
1016,United Airlines,2019-03-11,Las Vegas,McCarran International Airport,91,False,0,San Diego,SAN International Airport,15:34,14:20,2,Economy,,,
1017,American Airlines,2019-03-01,San Diego,SAN International Airport,78,False,0,Las Vegas,McCarran International Airport,09:34,08:20,1,Economy,,,
1018,American Airlines,2019-03-10,Seattle,Seattle-Tacoma International Airport,62,False,0,Portland,PDX International Airport,22:13,21:15,2,Economy,,,
1019,Delta Airlines,2019-03-10,Seattle,Seattle-Tacoma International Airport,72,False,0,Portland,PDX International Airport,10:33,09:35,2,Economy,,,
1020,Southwest Airlines,2019-03-10,Seattle,Seattle-Tacoma International Airport,70,False,0,Portland,PDX International Airport,05:38,04:40,2,Economy,,,
1021,United Airlines,2019-03-10,Seattle,Seattle-Tacoma International Airport,69,False,0,Portland,PDX International Airport,23:43,22:45,2,Economy,,,
1022,Alaska Airlines,2019-03-14,Las Vegas,McCarran International Airport,79,False,0,San Diego,SAN International Airport,07:44,06:30,1,Economy,,,
1023,American Airlines,2019-03-14,Las Vegas,McCarran International Airport,78,False,0,San Diego,SAN International Airport,17:54,16:40,1,Economy,,,
1024,Southwest Airlines,2019-03-14,Las Vegas,McCarran International Airport,92,False,0,San Diego,SAN International Airport,21:39,20:25,1,Economy,,,
1025,United Airlines,2019-03-14,Las Vegas,McCarran International Airport,100,False,0,San Diego,SAN International Airport,15:34,14:20,1,Economy,,,
1026,Alaska Airlines,2019-03-03,Las Vegas,McCarran International Airport,86,False,0,San Diego,SAN International Airport,07:44,06:30,1,Economy,,,
1027,Southwest Airlines,2019-03-03,Las Vegas,McCarran International Airport,82,False,0,San Diego,SAN International Airport,21:39,20:25,1,Economy,,,
1028,Air Canada,2019-03-14,Seattle,Seattle-Tacoma International Airport,256,True,1,Vancouver,YVR International Airport,02:32,16:45,1,Economy,,,
1029,Delta Airlines,2019-03-14,Seattle,Seattle-Tacoma International Airport,284,False,1,Vancouver,YVR International Airport,14:47,03:20,1,Economy,,,
1030,United Airlines,2019-03-14,Seattle,Seattle-Tacoma International Airport,260,False,1,Vancouver,YVR International Airport,22:56,18:05,1,Economy,,,
1031,American Airlines,2019-03-09,New York,JFK International Airport,100,False,0,Philadelphia,PHL International Airport,18:26,17:35,1,Premium Economy,,,
1032,Alaska Airlines,2019-03-14,San Diego,SAN International Airport,107,False,0,San Francisco,SFO International Airport,07:50,06:10,1,Economy,,,
1033,American Airlines,2019-03-14,San Diego,SAN International Airport,156,False,1,San Francisco,SFO International Airport,16:19,12:15,1,Economy,,,
1034,Delta Airlines,2019-03-14,San Diego,SAN International Airport,113,False,0,San Francisco,SFO International Airport,23:25,21:45,1,Economy,,,
1035,Southwest Airlines,2019-03-14,San Diego,SAN International Airport,106,False,0,San Francisco,SFO International Airport,18:50,17:10,1,Economy,,,
1036,United Airlines,2019-03-14,San Diego,SAN International Airport,100,False,0,San Francisco,SFO International Airport,08:20,06:40,1,Economy,,,
1037,American Airlines,2019-03-06,Seattle,Seattle-Tacoma International Airport,59,False,0,Portland,PDX International Airport,22:13,21:15,1,Economy,,,
1038,Southwest Airlines,2019-03-06,Seattle,Seattle-Tacoma International Airport,70,False,0,Portland,PDX International Airport,05:38,04:40,1,Economy,,,
1039,United Airlines,2019-03-06,Seattle,Seattle-Tacoma International Airport,83,False,0,Portland,PDX International Airport,08:13,07:15,1,Economy,,,
1040,American Airlines,2019-03-07,Washington,Dulles International Airport,87,False,0,New York,JFK International Airport,12:05,10:55,1,Economy,,,
1041,Southwest Airlines,2019-03-07,Washington,Dulles International Airport,88,False,0,New York,JFK International Airport,19:05,17:55,1,Economy,,,
1042,United Airlines,2019-03-07,Washington,Dulles International Airport,84,False,0,New York,JFK International Airport,06:20,05:10,1,Economy,,,
1043,American Airlines,2019-03-07,Philadelphia,PHL International Airport,136,False,1,Washington,Dulles International Airport,19:46,17:10,1,Economy,,,
1044,Southwest Airlines,2019-03-07,Philadelphia,PHL International Airport,131,False,1,Washington,Dulles International Airport,20:31,17:45,1,Economy,,,
1045,United Airlines,2019-03-07,Philadelphia,PHL International Airport,233,True,1,Washington,Dulles International Airport,00:51,20:40,1,Economy,,,
1046,American Airlines,2019-03-02,New York,JFK International Airport,88,False,0,Washington,Dulles International Airport,07:15,06:05,1,Economy,,,
1047,Southwest Airlines,2019-03-02,New York,JFK International Airport,83,False,0,Washington,Dulles International Airport,18:00,16:50,1,Economy,,,
1048,Air France,2019-03-03,Los Angeles,LAX International Airport,226,True,0,Paris,Charles de Gaulle International Airport,01:33,21:15,3,Economy,,,
1049,American Airlines,2019-03-03,Los Angeles,LAX International Airport,444,False,1,Paris,Charles de Gaulle International Airport,11:50,04:05,3,Economy,,,
1050,Delta Airlines,2019-03-03,Los Angeles,LAX International Airport,278,False,0,Paris,Charles de Gaulle International Airport,23:58,19:40,3,Economy,,,
1051,Alaska Airlines,2019-03-03,Los Angeles,LAX International Airport,119,False,0,San Diego,SAN International Airport,16:14,15:20,3,Premium Economy,,,
1052,American Airlines,2019-03-03,Los Angeles,LAX International Airport,107,False,0,San Diego,SAN International Airport,20:24,19:30,3,Premium Economy,,,
1053,Delta Airlines,2019-03-03,Los Angeles,LAX International Airport,114,False,0,San Diego,SAN International Airport,17:54,17:00,3,Premium Economy,,,
1054,Alaska Airlines,2019-03-03,San Francisco,SFO International Airport,176,False,0,San Diego,SAN International Airport,12:50,11:10,3,Premium Economy,,,
1055,Delta Airlines,2019-03-03,San Francisco,SFO International Airport,150,False,0,San Diego,SAN International Airport,21:35,19:55,3,Premium Economy,,,
1056,Southwest Airlines,2019-03-03,San Francisco,SFO International Airport,152,False,0,San Diego,SAN International Airport,08:40,07:00,3,Premium Economy,,,
1057,American Airlines,2019-03-06,Washington,Dulles International Airport,80,False,0,New York,JFK International Airport,07:15,06:05,1,Economy,,,
1058,Delta Airlines,2019-03-06,Washington,Dulles International Airport,76,False,0,New York,JFK International Airport,08:30,07:20,1,Economy,,,
1059,Southwest Airlines,2019-03-06,Washington,Dulles International Airport,88,False,0,New York,JFK International Airport,15:45,14:35,1,Economy,,,
1060,United Airlines,2019-03-06,Washington,Dulles International Airport,72,False,0,New York,JFK International Airport,06:20,05:10,1,Economy,,,
1061,Alaska Airlines,2019-03-01,Vancouver,YVR International Airport,275,False,1,Seattle,Seattle-Tacoma International Airport,23:44,15:45,1,Economy,,,
1062,American Airlines,2019-03-01,Vancouver,YVR International Airport,233,False,1,Seattle,Seattle-Tacoma International Airport,19:49,08:15,1,Economy,,,
1063,Delta Airlines,2019-03-01,Vancouver,YVR International Airport,243,False,1,Seattle,Seattle-Tacoma International Airport,19:49,08:45,1,Economy,,,
1064,Southwest Airlines,2019-03-01,Vancouver,YVR International Airport,284,False,1,Seattle,Seattle-Tacoma International Airport,13:59,05:25,1,Economy,,,
1065,United Airlines,2019-03-01,Vancouver,YVR International Airport,253,False,1,Seattle,Seattle-Tacoma International Airport,19:49,12:30,1,Economy,,,
1066,Alaska Airlines,2019-03-04,Los Angeles,LAX International Airport,93,False,0,San Francisco,SFO International Airport,20:35,19:10,1,Economy,,,
1067,American Airlines,2019-03-04,Los Angeles,LAX International Airport,76,False,0,San Francisco,SFO International Airport,17:15,15:50,1,Economy,,,
1068,Southwest Airlines,2019-03-04,Los Angeles,LAX International Airport,99,False,0,San Francisco,SFO International Airport,14:15,12:50,1,Economy,,,
1069,United Airlines,2019-03-04,Los Angeles,LAX International Airport,98,False,0,San Francisco,SFO International Airport,10:40,09:15,1,Economy,,,
1070,Alaska Airlines,2019-03-14,Las Vegas,McCarran International Airport,88,False,0,Los Angeles,LAX International Airport,21:30,20:20,1,Economy,,,
1071,American Airlines,2019-03-14,Las Vegas,McCarran International Airport,92,False,0,Los Angeles,LAX International Airport,21:35,20:25,1,Economy,,,
1072,Delta Airlines,2019-03-14,Las Vegas,McCarran International Airport,82,False,0,Los Angeles,LAX International Airport,23:25,22:15,1,Economy,,,
1073,Southwest Airlines,2019-03-14,Las Vegas,McCarran International Airport,156,False,1,Los Angeles,LAX International Airport,15:34,13:00,1,Economy,,,
1074,United Airlines,2019-03-14,Las Vegas,McCarran International Airport,68,False,0,Los Angeles,LAX International Airport,09:15,08:05,1,Economy,,,
1075,American Airlines,2019-03-09,New York,JFK International Airport,100,False,0,Washington,Dulles International Airport,07:15,06:05,2,Economy,,,
1076,Southwest Airlines,2019-03-09,New York,JFK International Airport,80,False,0,Washington,Dulles International Airport,18:55,17:45,2,Economy,,,
1077,Alaska Airlines,2019-03-07,San Diego,SAN International Airport,66,False,0,Los Angeles,LAX International Airport,08:24,07:30,1,Economy,,,
1078,American Airlines,2019-03-07,San Diego,SAN International Airport,67,False,0,Los Angeles,LAX International Airport,08:34,07:40,1,Economy,,,
1079,Southwest Airlines,2019-03-07,San Diego,SAN International Airport,76,False,0,Los Angeles,LAX International Airport,16:19,15:25,1,Economy,,,
1080,United Airlines,2019-03-07,San Diego,SAN International Airport,57,False,0,Los Angeles,LAX International Airport,12:34,11:40,1,Economy,,,
1081,Delta Airlines,2019-03-04,Portland,PDX International Airport,277,False,1,Vancouver,YVR International Airport,19:00,12:20,1,Economy,,,
1082,Alaska Airlines,2019-03-03,San Francisco,SFO International Airport,101,False,0,San Diego,SAN International Airport,18:50,17:10,4,Economy,,,
1083,American Airlines,2019-03-03,San Francisco,SFO International Airport,113,False,0,San Diego,SAN International Airport,23:00,21:20,4,Economy,,,
1084,Delta Airlines,2019-03-03,San Francisco,SFO International Airport,102,False,0,San Diego,SAN International Airport,21:35,19:55,4,Economy,,,
1085,Southwest Airlines,2019-03-03,San Francisco,SFO International Airport,111,False,0,San Diego,SAN International Airport,08:40,07:00,4,Economy,,,
1086,United Airlines,2019-03-03,San Francisco,SFO International Airport,113,False,0,San Diego,SAN International Airport,09:00,07:20,4,Economy,,,
1087,American Airlines,2019-03-01,San Francisco,SFO International Airport,117,False,0,Las Vegas,McCarran International Airport,12:30,10:55,1,Economy,,,
1088,Delta Airlines,2019-03-01,San Francisco,SFO International Airport,106,True,0,Las Vegas,McCarran International Airport,00:25,22:50,1,Economy,,,
1089,Southwest Airlines,2019-03-01,San Francisco,SFO International Airport,163,False,1,Las Vegas,McCarran International Airport,18:15,14:35,1,Economy,,,
1090,United Airlines,2019-03-01,San Francisco,SFO International Airport,97,False,0,Las Vegas,McCarran International Airport,16:40,15:05,1,Economy,,,
1091,American Airlines,2019-03-05,Seattle,Seattle-Tacoma International Airport,74,False,0,Portland,PDX International Airport,06:58,06:00,1,Economy,,,
1092,Delta Airlines,2019-03-05,Seattle,Seattle-Tacoma International Airport,73,False,0,Portland,PDX International Airport,10:33,09:35,1,Economy,,,
1093,Southwest Airlines,2019-03-05,Seattle,Seattle-Tacoma International Airport,72,False,0,Portland,PDX International Airport,05:38,04:40,1,Economy,,,
1094,United Airlines,2019-03-05,Seattle,Seattle-Tacoma International Airport,74,False,0,Portland,PDX International Airport,08:13,07:15,1,Economy,,,
1095,Southwest Airlines,2019-03-04,Vancouver,YVR International Airport,250,False,1,Seattle,Seattle-Tacoma International Airport,13:59,05:25,1,Economy,,,
1096,American Airlines,2019-03-01,Vancouver,YVR International Airport,227,False,1,Portland,PDX International Airport,15:32,10:45,1,Economy,,,
1097,Southwest Airlines,2019-03-01,Vancouver,YVR International Airport,243,False,1,Portland,PDX International Airport,20:12,15:15,1,Economy,,,
1098,United Airlines,2019-03-01,Vancouver,YVR International Airport,250,False,1,Portland,PDX International Airport,20:12,10:35,1,Economy,,,
1099,American Airlines,2019-03-10,Washington,Dulles International Airport,81,False,0,New York,JFK International Airport,07:15,06:05,1,Economy,,,
1100,Delta Airlines,2019-03-10,Washington,Dulles International Airport,79,False,0,New York,JFK International Airport,08:30,07:20,1,Economy,,,
1101,Southwest Airlines,2019-03-10,Washington,Dulles International Airport,97,False,0,New York,JFK International Airport,19:05,17:55,1,Economy,,,
1102,United Airlines,2019-03-10,Washington,Dulles International Airport,80,False,0,New York,JFK International Airport,06:20,05:10,1,Economy,,,
1103,American Airlines,2019-03-05,Philadelphia,PHL International Airport,55,False,0,New York,JFK International Airport,08:46,07:55,1,Economy,,,
1104,Delta Airlines,2019-03-05,Philadelphia,PHL International Airport,62,False,0,New York,JFK International Airport,12:01,11:10,1,Economy,,,
1105,Southwest Airlines,2019-03-05,Philadelphia,PHL International Airport,57,False,0,New York,JFK International Airport,05:46,04:55,1,Economy,,,
1106,United Airlines,2019-03-05,Philadelphia,PHL International Airport,55,False,0,New York,JFK International Airport,11:36,10:45,1,Economy,,,
1107,United Airlines,2019-03-01,Philadelphia,PHL International Airport,186,False,1,Atlanta,Hartsfield-Jackson International Airport,16:36,12:50,4,Economy,09:42,04:45,2019-03-06
1108,Delta Airlines,2019-03-02,Philadelphia,PHL International Airport,378,True,1,London,Heathrow International Airport,21:06,08:00,1,Economy,10:14,14:20,2019-03-13
1109,United Airlines,2019-03-02,Philadelphia,PHL International Airport,290,True,1,London,Heathrow International Airport,10:56,00:25,1,Economy,06:37,12:55,2019-03-13
1110,Delta Airlines,2019-03-10,Chicago,O'Hare International Airport,246,False,1,Vancouver,YVR International Airport,09:26,02:50,1,Economy,18:01,11:55,2019-03-12
1111,United Airlines,2019-03-10,Chicago,O'Hare International Airport,317,True,1,Vancouver,YVR International Airport,04:57,18:05,1,Economy,19:49,12:45,2019-03-12
1112,Alaska Airlines,2019-03-03,Portland,PDX International Airport,129,False,0,Los Angeles,LAX International Airport,07:45,05:15,4,Economy,12:40,10:10,2019-03-12
1113,American Airlines,2019-03-03,Portland,PDX International Airport,202,False,1,Los Angeles,LAX International Airport,09:33,05:20,4,Economy,11:02,06:00,2019-03-12
1114,Delta Airlines,2019-03-03,Portland,PDX International Airport,208,False,1,Los Angeles,LAX International Airport,14:03,09:15,4,Economy,15:17,09:35,2019-03-12
1115,Southwest Airlines,2019-03-03,Portland,PDX International Airport,131,False,0,Los Angeles,LAX International Airport,19:00,16:30,4,Economy,19:25,16:55,2019-03-12
1116,United Airlines,2019-03-03,Portland,PDX International Airport,164,True,1,Los Angeles,LAX International Airport,16:04,11:40,4,Economy,02:20,23:50,2019-03-12
1117,American Airlines,2019-03-04,New York,JFK International Airport,233,True,1,Los Angeles,LAX International Airport,03:30,18:20,1,Economy,19:57,15:40,2019-03-10
1118,Delta Airlines,2019-03-04,New York,JFK International Airport,251,True,1,Los Angeles,LAX International Airport,00:19,13:40,1,Economy,10:40,07:30,2019-03-10
1119,Southwest Airlines,2019-03-04,New York,JFK International Airport,240,False,1,Los Angeles,LAX International Airport,18:34,07:20,1,Economy,10:00,06:50,2019-03-10
1120,United Airlines,2019-03-04,New York,JFK International Airport,251,True,1,Los Angeles,LAX International Airport,05:25,20:15,1,Economy,19:57,14:40,2019-03-10
1121,Delta Airlines,2019-03-10,Philadelphia,PHL International Airport,144,True,0,Chicago,O'Hare International Airport,00:51,21:40,2,Economy,13:31,12:20,2019-03-13
1122,Delta Airlines,2019-03-03,New York,JFK International Airport,320,False,1,Vancouver,YVR International Airport,18:34,02:50,2,Economy,11:11,06:00,2019-03-14
1123,Delta Airlines,2019-03-01,Phoenix,Sky Harbor International Airport,328,True,1,Sydney,Kingsford Smith International Airport,13:38,17:50,4,Economy,16:01,11:55,2019-03-05
1124,United Airlines,2019-03-01,Phoenix,Sky Harbor International Airport,317,True,1,Sydney,Kingsford Smith International Airport,13:38,22:05,4,Economy,13:32,07:15,2019-03-05
1125,American Airlines,2019-03-04,San Diego,SAN International Airport,136,False,1,Phoenix,Sky Harbor International Airport,09:34,06:25,3,Economy,16:35,15:15,2019-03-06
1126,Delta Airlines,2019-03-04,San Diego,SAN International Airport,100,True,0,Phoenix,Sky Harbor International Airport,00:05,22:45,3,Economy,18:25,17:05,2019-03-06
1127,Southwest Airlines,2019-03-04,San Diego,SAN International Airport,104,False,0,Phoenix,Sky Harbor International Airport,22:55,21:35,3,Economy,14:40,13:20,2019-03-06
1128,Southwest Airlines,2019-03-02,Los Angeles,LAX International Airport,106,False,0,San Francisco,SFO International Airport,08:10,06:45,1,Economy,23:45,22:20,2019-03-10
1129,Alaska Airlines,2019-03-03,San Diego,SAN International Airport,106,False,0,San Francisco,SFO International Airport,07:50,06:10,4,Economy,12:50,11:10,2019-03-14
1130,American Airlines,2019-03-05,Phoenix,Sky Harbor International Airport,387,True,1,London,Heathrow International Airport,01:18,15:05,3,Economy,06:04,07:35,2019-03-08
1131,American Airlines,2019-03-01,Los Angeles,LAX International Airport,355,True,1,Paris,Charles de Gaulle International Airport,14:15,04:05,4,Economy,07:58,09:40,2019-03-13
1132,Delta Airlines,2019-03-01,Los Angeles,LAX International Airport,361,True,1,Paris,Charles de Gaulle International Airport,00:32,17:35,4,Economy,06:43,08:25,2019-03-13
1133,Alaska Airlines,2019-03-01,San Francisco,SFO International Airport,129,False,0,Seattle,Seattle-Tacoma International Airport,14:11,12:00,3,Economy,17:06,14:55,2019-03-12
1134,American Airlines,2019-03-01,San Francisco,SFO International Airport,148,True,0,Seattle,Seattle-Tacoma International Airport,00:36,22:25,3,Economy,16:26,14:15,2019-03-12
1135,Delta Airlines,2019-03-01,San Francisco,SFO International Airport,136,False,0,Seattle,Seattle-Tacoma International Airport,08:21,06:10,3,Economy,10:11,08:00,2019-03-12
1136,Southwest Airlines,2019-03-01,San Francisco,SFO International Airport,141,True,0,Seattle,Seattle-Tacoma International Airport,00:01,21:50,3,Economy,10:36,08:25,2019-03-12
1137,United Airlines,2019-03-01,San Francisco,SFO International Airport,136,False,0,Seattle,Seattle-Tacoma International Airport,22:41,20:30,3,Economy,15:21,13:10,2019-03-12
1138,American Airlines,2019-03-01,San Francisco,SFO International Airport,198,True,0,New York,JFK International Airport,20:11,16:45,1,Economy,05:56,20:30,2019-03-09
1139,Delta Airlines,2019-03-01,San Francisco,SFO International Airport,215,False,0,New York,JFK International Airport,18:01,14:35,1,Economy,20:21,10:55,2019-03-09
1140,Southwest Airlines,2019-03-01,San Francisco,SFO International Airport,225,True,0,New York,JFK International Airport,16:56,13:30,1,Economy,05:36,20:10,2019-03-09
1141,United Airlines,2019-03-01,San Francisco,SFO International Airport,212,False,0,New York,JFK International Airport,09:31,06:05,1,Economy,15:16,05:50,2019-03-09
1142,American Airlines,2019-03-04,Atlanta,Hartsfield-Jackson International Airport,209,True,0,Seattle,Seattle-Tacoma International Airport,06:17,21:45,2,Economy,00:07,21:35,2019-03-09
1143,Delta Airlines,2019-03-04,Atlanta,Hartsfield-Jackson International Airport,189,True,0,Seattle,Seattle-Tacoma International Airport,08:22,23:50,2,Economy,18:52,16:20,2019-03-09
1144,Southwest Airlines,2019-03-04,Atlanta,Hartsfield-Jackson International Airport,336,False,1,Seattle,Seattle-Tacoma International Airport,17:19,05:25,2,Economy,18:05,13:35,2019-03-09
1145,United Airlines,2019-03-04,Atlanta,Hartsfield-Jackson International Airport,195,True,0,Seattle,Seattle-Tacoma International Airport,01:27,16:55,2,Economy,13:27,10:55,2019-03-09
1146,American Airlines,2019-03-01,New York,JFK International Airport,311,True,1,Seattle,Seattle-Tacoma International Airport,02:14,16:00,1,Economy,20:45,15:40,2019-03-07
1147,Delta Airlines,2019-03-01,New York,JFK International Airport,308,True,1,Seattle,Seattle-Tacoma International Airport,01:09,15:15,1,Economy,11:45,06:00,2019-03-07
1148,Southwest Airlines,2019-03-01,New York,JFK International Airport,343,False,1,Seattle,Seattle-Tacoma International Airport,18:40,05:25,1,Economy,14:47,08:40,2019-03-07
1149,United Airlines,2019-03-01,New York,JFK International Airport,314,False,1,Seattle,Seattle-Tacoma International Airport,23:20,10:10,1,Economy,10:48,05:10,2019-03-07
1150,American Airlines,2019-03-01,New York,JFK International Airport,203,True,0,San Francisco,SFO International Airport,05:56,20:30,1,Economy,20:11,16:45,2019-03-12
1151,American Airlines,2019-03-01,Chicago,O'Hare International Airport,297,True,1,Mexico City,Benito Juarez International Airport,20:12,08:05,4,Economy,00:44,17:20,2019-03-06
1152,Delta Airlines,2019-03-01,Chicago,O'Hare International Airport,279,False,1,Mexico City,Benito Juarez International Airport,21:04,15:00,4,Economy,14:04,08:30,2019-03-06
1153,United Airlines,2019-03-01,Chicago,O'Hare International Airport,267,False,1,Mexico City,Benito Juarez International Airport,05:36,00:20,4,Economy,20:05,10:35,2019-03-06
1154,Delta Airlines,2019-03-01,New York,JFK International Airport,215,True,0,Los Angeles,LAX International Airport,08:05,22:55,3,Economy,10:40,07:30,2019-03-05
1155,Delta Airlines,2019-03-06,New York,JFK International Airport,311,False,1,Vancouver,YVR International Airport,14:24,02:50,2,Economy,11:11,06:00,2019-03-10
1156,Southwest Airlines,2019-03-04,Los Angeles,LAX International Airport,235,False,1,Atlanta,Hartsfield-Jackson International Airport,15:29,13:30,1,Economy,23:41,13:40,2019-03-14
1157,American Airlines,2019-03-01,San Francisco,SFO International Airport,259,False,1,Chicago,O'Hare International Airport,20:11,12:30,3,Economy,22:07,15:20,2019-03-14
1158,Delta Airlines,2019-03-01,San Francisco,SFO International Airport,186,True,0,Chicago,O'Hare International Airport,13:27,10:40,3,Economy,04:52,22:05,2019-03-14
1159,Southwest Airlines,2019-03-01,San Francisco,SFO International Airport,195,True,0,Chicago,O'Hare International Airport,07:22,04:35,3,Economy,00:37,17:50,2019-03-14
1160,United Airlines,2019-03-01,San Francisco,SFO International Airport,183,True,0,Chicago,O'Hare International Airport,06:47,04:00,3,Economy,04:57,22:10,2019-03-14
1161,Delta Airlines,2019-03-01,Seattle,Seattle-Tacoma International Airport,163,False,0,Los Angeles,LAX International Airport,09:37,06:50,4,Economy,11:32,08:45,2019-03-11
1162,American Airlines,2019-03-01,Seattle,Seattle-Tacoma International Airport,153,True,0,Los Angeles,LAX International Airport,02:32,23:45,4,Economy,11:02,08:15,2019-03-14
1163,American Airlines,2019-03-05,New York,JFK International Airport,124,False,0,Chicago,O'Hare International Airport,15:49,12:30,3,Economy,06:44,05:25,2019-03-12
1164,Delta Airlines,2019-03-05,New York,JFK International Airport,131,False,0,Chicago,O'Hare International Airport,12:34,09:15,3,Economy,07:19,06:00,2019-03-12
1165,Southwest Airlines,2019-03-05,New York,JFK International Airport,140,True,0,Chicago,O'Hare International Airport,01:09,21:50,3,Economy,05:39,04:20,2019-03-12
1166,United Airlines,2019-03-05,New York,JFK International Airport,141,True,0,Chicago,O'Hare International Airport,00:19,21:00,3,Economy,15:59,14:40,2019-03-12
1167,American Airlines,2019-03-01,Chicago,O'Hare International Airport,127,False,0,Philadelphia,PHL International Airport,11:21,10:10,2,Economy,21:51,18:40,2019-03-08
1168,Delta Airlines,2019-03-01,Chicago,O'Hare International Airport,144,True,0,Philadelphia,PHL International Airport,13:31,12:20,2,Economy,00:51,21:40,2019-03-08
1169,Southwest Airlines,2019-03-01,Chicago,O'Hare International Airport,123,True,0,Philadelphia,PHL International Airport,21:46,20:35,2,Economy,00:16,21:05,2019-03-08
1170,United Airlines,2019-03-01,Chicago,O'Hare International Airport,152,False,1,Philadelphia,PHL International Airport,12:41,11:30,2,Economy,19:46,15:15,2019-03-08
1171,Delta Airlines,2019-03-02,London,Heathrow International Airport,344,True,1,Philadelphia,PHL International Airport,10:14,14:20,3,Economy,21:06,08:00,2019-03-12
1172,American Airlines,2019-03-01,Toronto,Toronto Pearson International Airport,228,False,1,Atlanta,Hartsfield-Jackson International Airport,20:28,15:25,2,Economy,14:56,10:05,2019-03-13
1173,Delta Airlines,2019-03-01,Toronto,Toronto Pearson International Airport,224,False,1,Atlanta,Hartsfield-Jackson International Airport,17:08,07:50,2,Economy,14:56,07:15,2019-03-13
1174,American Airlines,2019-03-01,Seattle,Seattle-Tacoma International Airport,150,True,0,Los Angeles,LAX International Airport,02:32,23:45,4,Economy,11:02,08:15,2019-03-10
1175,American Airlines,2019-03-01,Las Vegas,McCarran International Airport,224,False,1,Portland,PDX International Airport,09:45,05:00,2,Economy,21:05,16:40,2019-03-08
1176,Delta Airlines,2019-03-01,Las Vegas,McCarran International Airport,221,True,1,Portland,PDX International Airport,22:09,16:40,2,Economy,00:04,19:50,2019-03-08
1177,Southwest Airlines,2019-03-01,Las Vegas,McCarran International Airport,225,False,1,Portland,PDX International Airport,21:35,16:55,2,Economy,14:13,09:55,2019-03-08
1178,American Airlines,2019-03-07,San Diego,SAN International Airport,203,False,1,Seattle,Seattle-Tacoma International Airport,12:34,08:15,1,Economy,08:13,04:10,2019-03-13
1179,Delta Airlines,2019-03-07,San Diego,SAN International Airport,238,False,1,Seattle,Seattle-Tacoma International Airport,12:00,06:10,1,Economy,16:21,11:05,2019-03-13
1180,American Airlines,2019-03-02,Los Angeles,LAX International Airport,276,True,1,New York,JFK International Airport,19:57,15:40,3,Economy,03:30,18:20,2019-03-10
1181,Delta Airlines,2019-03-02,Los Angeles,LAX International Airport,196,True,0,New York,JFK International Airport,10:40,07:30,3,Economy,08:05,22:55,2019-03-10
1182,Southwest Airlines,2019-03-02,Los Angeles,LAX International Airport,265,False,1,New York,JFK International Airport,11:50,08:40,3,Economy,18:34,07:05,2019-03-10
1183,United Airlines,2019-03-02,Los Angeles,LAX International Airport,249,True,1,New York,JFK International Airport,11:40,06:05,3,Economy,05:25,20:15,2019-03-10
1184,American Airlines,2019-03-03,New York,JFK International Airport,221,False,1,Mexico City,Benito Juarez International Airport,16:36,12:05,4,Economy,16:14,11:20,2019-03-11
1185,Delta Airlines,2019-03-03,New York,JFK International Airport,190,False,0,Mexico City,Benito Juarez International Airport,19:31,15:00,4,Economy,23:16,20:45,2019-03-11
1186,United Airlines,2019-03-03,New York,JFK International Airport,173,False,0,Mexico City,Benito Juarez International Airport,12:56,08:25,4,Economy,19:31,17:00,2019-03-11
1187,Delta Airlines,2019-03-01,New York,JFK International Airport,321,True,0,Nairobi,Jomo Kenyatta International Airport,07:57,21:50,1,Economy,17:57,17:50,2019-03-13
1188,American Airlines,2019-03-02,New York,JFK International Airport,66,False,0,Philadelphia,PHL International Airport,17:36,16:45,1,Economy,16:36,15:45,2019-03-05
1189,Delta Airlines,2019-03-02,New York,JFK International Airport,66,False,0,Philadelphia,PHL International Airport,17:31,16:40,1,Economy,19:46,18:55,2019-03-05
1190,Southwest Airlines,2019-03-02,New York,JFK International Airport,66,False,0,Philadelphia,PHL International Airport,08:36,07:45,1,Economy,05:46,04:55,2019-03-05
1191,United Airlines,2019-03-02,New York,JFK International Airport,58,False,0,Philadelphia,PHL International Airport,05:36,04:45,1,Economy,10:56,10:05,2019-03-05
1192,American Airlines,2019-03-07,New York,JFK International Airport,218,True,0,San Francisco,SFO International Airport,05:56,20:30,4,Economy,20:11,16:45,2019-03-14
1193,Delta Airlines,2019-03-07,New York,JFK International Airport,199,False,0,San Francisco,SFO International Airport,20:21,10:55,4,Economy,18:01,14:35,2019-03-14
1194,Southwest Airlines,2019-03-07,New York,JFK International Airport,227,True,0,San Francisco,SFO International Airport,06:46,21:20,4,Economy,21:21,17:55,2019-03-14
1195,United Airlines,2019-03-07,New York,JFK International Airport,210,False,0,San Francisco,SFO International Airport,15:16,05:50,4,Economy,09:31,06:05,2019-03-14
1196,Delta Airlines,2019-03-08,Atlanta,Hartsfield-Jackson International Airport,350,True,1,Paris,Charles de Gaulle International Airport,23:41,17:35,2,Economy,06:17,09:20,2019-03-13
1197,American Airlines,2019-03-05,Phoenix,Sky Harbor International Airport,108,False,0,Los Angeles,LAX International Airport,09:18,07:50,4,Economy,09:03,07:35,2019-03-08
1198,Southwest Airlines,2019-03-05,Phoenix,Sky Harbor International Airport,101,False,0,Los Angeles,LAX International Airport,13:38,12:10,4,Economy,08:33,07:05,2019-03-08
1199,United Airlines,2019-03-05,Phoenix,Sky Harbor International Airport,106,False,0,Los Angeles,LAX International Airport,12:33,11:05,4,Economy,08:43,07:15,2019-03-08
1200,American Airlines,2019-03-02,Phoenix,Sky Harbor International Airport,160,False,1,San Francisco,SFO International Airport,12:49,08:10,2,Economy,08:22,06:15,2019-03-04
1201,Delta Airlines,2019-03-02,Phoenix,Sky Harbor International Airport,119,False,0,San Francisco,SFO International Airport,07:57,05:50,2,Economy,14:02,11:55,2019-03-04
1202,Southwest Airlines,2019-03-02,Phoenix,Sky Harbor International Airport,132,True,0,San Francisco,SFO International Airport,01:17,23:10,2,Economy,08:07,06:00,2019-03-04
1203,United Airlines,2019-03-02,Phoenix,Sky Harbor International Airport,138,True,0,San Francisco,SFO International Airport,15:47,13:40,2,Economy,01:57,23:50,2019-03-04
1204,Delta Airlines,2019-03-07,Atlanta,Hartsfield-Jackson International Airport,264,False,1,Vancouver,YVR International Airport,17:19,03:20,3,Economy,18:01,15:20,2019-03-09
1205,United Airlines,2019-03-07,Atlanta,Hartsfield-Jackson International Airport,207,False,0,Vancouver,YVR International Airport,11:56,03:15,3,Economy,14:56,12:15,2019-03-09
1206,American Airlines,2019-03-03,Atlanta,Hartsfield-Jackson International Airport,133,False,0,New York,JFK International Airport,13:42,11:20,1,Economy,08:47,06:25,2019-03-14
1207,Delta Airlines,2019-03-03,Atlanta,Hartsfield-Jackson International Airport,138,False,0,New York,JFK International Airport,13:47,11:25,1,Economy,18:02,15:40,2019-03-14
1208,Southwest Airlines,2019-03-03,Atlanta,Hartsfield-Jackson International Airport,176,True,1,New York,JFK International Airport,01:11,21:50,1,Economy,11:42,09:20,2019-03-14
1209,United Airlines,2019-03-03,Atlanta,Hartsfield-Jackson International Airport,143,False,0,New York,JFK International Airport,10:42,08:20,1,Economy,15:12,12:50,2019-03-14
1210,United Airlines,2019-03-06,Chicago,O'Hare International Airport,183,True,0,Seattle,Seattle-Tacoma International Airport,00:25,17:55,2,Economy,18:20,15:50,2019-03-10
1211,American Airlines,2019-03-01,Philadelphia,PHL International Airport,373,True,1,London,Heathrow International Airport,00:16,14:05,4,Economy,03:14,10:10,2019-03-12
1212,American Airlines,2019-03-11,San Francisco,SFO International Airport,171,False,0,Mexico City,Benito Juarez International Airport,16:38,14:55,4,Economy,19:03,13:20,2019-03-13
1213,United Airlines,2019-03-11,San Francisco,SFO International Airport,261,False,1,Mexico City,Benito Juarez International Airport,23:45,20:45,4,Economy,20:05,09:15,2019-03-13
1214,Delta Airlines,2019-03-03,New York,JFK International Airport,302,False,1,Vancouver,YVR International Airport,18:34,02:50,2,Economy,11:11,06:00,2019-03-10
1215,United Airlines,2019-03-03,New York,JFK International Airport,322,False,1,Vancouver,YVR International Airport,15:12,03:15,2,Economy,18:01,08:20,2019-03-10
1216,American Airlines,2019-03-09,New York,JFK International Airport,266,True,1,Los Angeles,LAX International Airport,03:30,18:20,1,Economy,19:57,15:40,2019-03-13
1217,Delta Airlines,2019-03-09,New York,JFK International Airport,195,True,0,Los Angeles,LAX International Airport,08:05,22:55,1,Economy,10:40,07:30,2019-03-13
1218,Southwest Airlines,2019-03-09,New York,JFK International Airport,245,True,1,Los Angeles,LAX International Airport,00:19,13:40,1,Economy,11:50,08:40,2019-03-13
1219,United Airlines,2019-03-09,New York,JFK International Airport,279,True,1,Los Angeles,LAX International Airport,05:25,20:15,1,Economy,22:05,17:00,2019-03-13
1220,Delta Airlines,2019-03-02,New York,JFK International Airport,289,True,1,Seattle,Seattle-Tacoma International Airport,01:09,15:15,2,Economy,11:45,06:00,2019-03-10
1221,American Airlines,2019-03-01,Atlanta,Hartsfield-Jackson International Airport,238,True,1,San Francisco,SFO International Airport,01:24,15:50,3,Economy,14:06,11:40,2019-03-09
1222,Delta Airlines,2019-03-01,Atlanta,Hartsfield-Jackson International Airport,206,True,0,San Francisco,SFO International Airport,01:51,17:25,3,Economy,15:16,12:50,2019-03-09
1223,Southwest Airlines,2019-03-01,Atlanta,Hartsfield-Jackson International Airport,227,False,1,San Francisco,SFO International Airport,17:19,07:10,3,Economy,08:56,06:30,2019-03-09
1224,United Airlines,2019-03-01,Atlanta,Hartsfield-Jackson International Airport,209,False,0,San Francisco,SFO International Airport,18:41,10:15,3,Economy,17:26,15:00,2019-03-09
1225,Delta Airlines,2019-03-01,Atlanta,Hartsfield-Jackson International Airport,223,False,1,Toronto,Toronto Pearson International Airport,14:56,07:15,2,Economy,17:08,07:50,2019-03-11
1226,Delta Airlines,2019-03-11,New York,JFK International Airport,333,False,1,Vancouver,YVR International Airport,18:40,03:20,2,Economy,11:11,06:00,2019-03-14
1227,American Airlines,2019-03-05,New York,JFK International Airport,258,False,0,Paris,Charles de Gaulle International Airport,06:52,04:05,4,Economy,22:22,07:35,2019-03-13
1228,Delta Airlines,2019-03-05,New York,JFK International Airport,230,True,0,Paris,Charles de Gaulle International Airport,12:47,10:00,4,Economy,06:17,15:30,2019-03-13
1229,United Airlines,2019-03-05,New York,JFK International Airport,150,False,0,Atlanta,Hartsfield-Jackson International Airport,15:12,12:50,4,Economy,21:27,19:05,2019-03-13
1230,American Airlines,2019-03-01,San Diego,SAN International Airport,92,False,0,Las Vegas,McCarran International Airport,20:29,19:15,1,Economy,17:54,16:40,2019-03-05
1231,Southwest Airlines,2019-03-01,San Diego,SAN International Airport,84,False,0,Las Vegas,McCarran International Airport,16:24,15:10,1,Economy,21:39,20:25,2019-03-05
1232,United Airlines,2019-03-01,San Diego,SAN International Airport,92,False,0,Las Vegas,McCarran International Airport,10:49,09:35,1,Economy,15:34,14:20,2019-03-05
1233,American Airlines,2019-03-02,New York,JFK International Airport,209,False,1,Mexico City,Benito Juarez International Airport,16:36,12:05,4,Economy,16:14,11:20,2019-03-13
1234,United Airlines,2019-03-02,New York,JFK International Airport,177,False,0,Mexico City,Benito Juarez International Airport,12:56,08:25,4,Economy,19:31,17:00,2019-03-13
1235,American Airlines,2019-03-01,Seattle,Seattle-Tacoma International Airport,135,False,0,San Francisco,SFO International Airport,16:26,14:15,2,Economy,23:56,21:45,2019-03-06
1236,Delta Airlines,2019-03-01,Seattle,Seattle-Tacoma International Airport,126,False,0,San Francisco,SFO International Airport,10:11,08:00,2,Economy,08:21,06:10,2019-03-06
1237,Southwest Airlines,2019-03-01,Seattle,Seattle-Tacoma International Airport,135,True,0,San Francisco,SFO International Airport,10:36,08:25,2,Economy,00:01,21:50,2019-03-06
1238,United Airlines,2019-03-01,Seattle,Seattle-Tacoma International Airport,132,False,0,San Francisco,SFO International Airport,17:16,15:05,2,Economy,22:41,20:30,2019-03-06
1239,American Airlines,2019-03-03,San Diego,SAN International Airport,198,False,1,Seattle,Seattle-Tacoma International Airport,12:34,08:15,4,Economy,08:13,04:10,2019-03-06
1240,Delta Airlines,2019-03-03,San Diego,SAN International Airport,212,False,1,Seattle,Seattle-Tacoma International Airport,12:34,08:45,4,Economy,16:21,11:05,2019-03-06
1241,Southwest Airlines,2019-03-03,San Diego,SAN International Airport,238,False,1,Seattle,Seattle-Tacoma International Airport,23:25,18:50,4,Economy,12:46,07:00,2019-03-06
1242,United Airlines,2019-03-03,San Diego,SAN International Airport,223,False,1,Seattle,Seattle-Tacoma International Airport,16:19,12:30,4,Economy,12:46,07:20,2019-03-06
1243,Delta Airlines,2019-03-03,Philadelphia,PHL International Airport,291,True,1,Los Angeles,LAX International Airport,00:16,13:40,4,Economy,19:57,14:20,2019-03-05
1244,Southwest Airlines,2019-03-03,Philadelphia,PHL International Airport,306,True,1,Los Angeles,LAX International Airport,00:16,13:00,4,Economy,00:32,20:35,2019-03-05
1245,United Airlines,2019-03-03,Los Angeles,LAX International Airport,246,True,1,New York,JFK International Airport,22:05,17:00,4,Economy,05:25,20:15,2019-03-10
1246,United Airlines,2019-03-03,Philadelphia,PHL International Airport,219,True,1,Toronto,Toronto Pearson International Airport,00:16,17:35,4,Economy,17:08,11:30,2019-03-11
1247,American Airlines,2019-03-03,Philadelphia,PHL International Airport,174,False,1,Toronto,Toronto Pearson International Airport,19:46,12:50,4,Economy,20:28,16:45,2019-03-10
1248,United Airlines,2019-03-03,Philadelphia,PHL International Airport,223,True,1,Toronto,Toronto Pearson International Airport,00:16,17:35,4,Economy,17:08,11:30,2019-03-10
1249,Delta Airlines,2019-03-01,New York,JFK International Airport,354,False,1,Vancouver,YVR International Airport,18:40,03:20,2,Economy,13:59,07:30,2019-03-05
1250,United Airlines,2019-03-01,New York,JFK International Airport,316,False,1,Vancouver,YVR International Airport,15:12,03:15,2,Economy,18:01,08:20,2019-03-05
1251,Delta Airlines,2019-03-01,New York,JFK International Airport,213,True,0,Los Angeles,LAX International Airport,08:05,22:55,4,Economy,10:40,07:30,2019-03-14
1252,American Airlines,2019-03-04,Atlanta,Hartsfield-Jackson International Airport,238,True,1,Phoenix,Sky Harbor International Airport,06:37,23:25,1,Economy,16:22,11:40,2019-03-09
1253,Southwest Airlines,2019-03-04,Atlanta,Hartsfield-Jackson International Airport,186,True,0,Phoenix,Sky Harbor International Airport,06:07,22:55,1,Economy,13:17,12:05,2019-03-09
1254,United Airlines,2019-03-04,Atlanta,Hartsfield-Jackson International Airport,312,False,1,Phoenix,Sky Harbor International Airport,17:19,07:15,1,Economy,20:22,15:00,2019-03-09
1255,American Airlines,2019-03-01,Philadelphia,PHL International Airport,62,False,0,New York,JFK International Airport,16:36,15:45,1,Economy,17:36,16:45,2019-03-13
1256,Delta Airlines,2019-03-01,Philadelphia,PHL International Airport,60,False,0,New York,JFK International Airport,12:01,11:10,1,Economy,20:16,19:25,2019-03-13
1257,Southwest Airlines,2019-03-01,Philadelphia,PHL International Airport,65,False,0,New York,JFK International Airport,05:46,04:55,1,Economy,08:36,07:45,2019-03-13
1258,United Airlines,2019-03-01,Philadelphia,PHL International Airport,63,False,0,New York,JFK International Airport,11:36,10:45,1,Economy,21:51,21:00,2019-03-13
1259,American Airlines,2019-03-02,San Francisco,SFO International Airport,265,False,1,Chicago,O'Hare International Airport,20:11,12:30,3,Economy,22:07,15:20,2019-03-14
1260,Delta Airlines,2019-03-02,San Francisco,SFO International Airport,206,True,0,Chicago,O'Hare International Airport,13:27,10:40,3,Economy,04:52,22:05,2019-03-14
1261,Southwest Airlines,2019-03-02,San Francisco,SFO International Airport,185,True,0,Chicago,O'Hare International Airport,16:57,14:10,3,Economy,00:37,17:50,2019-03-14
1262,United Airlines,2019-03-02,San Francisco,SFO International Airport,180,True,0,Chicago,O'Hare International Airport,06:47,04:00,3,Economy,04:57,22:10,2019-03-14
1263,Delta Airlines,2019-03-05,Vancouver,YVR International Airport,328,False,1,Seattle,Seattle-Tacoma International Airport,19:49,08:45,1,Economy,12:15,02:50,2019-03-10
1264,United Airlines,2019-03-05,Vancouver,YVR International Airport,272,False,1,Seattle,Seattle-Tacoma International Airport,19:49,12:30,1,Economy,22:56,18:05,2019-03-10
1265,Alaska Airlines,2019-03-01,Los Angeles,LAX International Airport,161,False,1,Portland,PDX International Airport,21:44,17:40,1,Economy,07:45,05:15,2019-03-07
1266,American Airlines,2019-03-01,Los Angeles,LAX International Airport,167,True,1,Portland,PDX International Airport,11:02,06:00,1,Economy,01:45,23:15,2019-03-07
1267,Delta Airlines,2019-03-01,Los Angeles,LAX International Airport,214,False,1,Portland,PDX International Airport,15:17,09:35,1,Economy,14:03,09:15,2019-03-07
1268,Southwest Airlines,2019-03-01,Los Angeles,LAX International Airport,149,False,0,Portland,PDX International Airport,19:25,16:55,1,Economy,19:00,16:30,2019-03-07
1269,United Airlines,2019-03-01,Los Angeles,LAX International Airport,184,False,1,Portland,PDX International Airport,14:35,12:05,1,Economy,14:13,08:55,2019-03-07
1270,Southwest Airlines,2019-03-10,Chicago,O'Hare International Airport,244,False,1,Seattle,Seattle-Tacoma International Airport,10:55,04:25,2,Economy,21:57,14:50,2019-03-14
1271,Delta Airlines,2019-03-01,New York,JFK International Airport,333,True,0,Nairobi,Jomo Kenyatta International Airport,07:57,21:50,2,Economy,08:27,08:20,2019-03-07
1272,Delta Airlines,2019-03-07,New York,JFK International Airport,313,False,1,Vancouver,YVR International Airport,18:34,02:50,4,Economy,11:11,06:00,2019-03-13
1273,United Airlines,2019-03-07,New York,JFK International Airport,337,False,1,Vancouver,YVR International Airport,15:12,03:15,4,Economy,14:56,08:20,2019-03-13
1274,Delta Airlines,2019-03-07,Phoenix,Sky Harbor International Airport,264,True,1,Atlanta,Hartsfield-Jackson International Airport,20:07,18:55,1,Economy,00:21,11:55,2019-03-14
1275,Southwest Airlines,2019-03-07,Phoenix,Sky Harbor International Airport,169,True,0,Atlanta,Hartsfield-Jackson International Airport,13:17,12:05,1,Economy,06:07,22:55,2019-03-14
1276,United Airlines,2019-03-07,Phoenix,Sky Harbor International Airport,257,True,1,Atlanta,Hartsfield-Jackson International Airport,15:47,09:40,1,Economy,03:52,20:40,2019-03-14
1277,American Airlines,2019-03-06,Los Angeles,LAX International Airport,232,True,1,Atlanta,Hartsfield-Jackson International Airport,01:47,21:15,1,Economy,01:24,17:25,2019-03-13
1278,Delta Airlines,2019-03-06,Los Angeles,LAX International Airport,189,False,0,Atlanta,Hartsfield-Jackson International Airport,19:39,17:40,1,Economy,17:19,09:20,2019-03-13
1279,Southwest Airlines,2019-03-06,Los Angeles,LAX International Airport,249,False,1,Atlanta,Hartsfield-Jackson International Airport,15:29,13:30,1,Economy,23:41,13:40,2019-03-13
1280,United Airlines,2019-03-06,Los Angeles,LAX International Airport,240,True,1,Atlanta,Hartsfield-Jackson International Airport,19:35,15:00,1,Economy,04:39,20:40,2019-03-13
1281,American Airlines,2019-03-05,Atlanta,Hartsfield-Jackson International Airport,361,True,1,Paris,Charles de Gaulle International Airport,14:07,04:05,3,Economy,13:37,15:25,2019-03-09
1282,Delta Airlines,2019-03-05,Atlanta,Hartsfield-Jackson International Airport,378,True,1,Paris,Charles de Gaulle International Airport,23:41,17:35,3,Economy,13:37,15:40,2019-03-09
1283,American Airlines,2019-03-02,Philadelphia,PHL International Airport,204,False,1,Atlanta,Hartsfield-Jackson International Airport,10:56,06:45,3,Economy,14:56,10:10,2019-03-08
1284,Delta Airlines,2019-03-02,Philadelphia,PHL International Airport,212,False,1,Atlanta,Hartsfield-Jackson International Airport,19:46,15:40,3,Economy,20:21,14:20,2019-03-08
1285,United Airlines,2019-03-02,Philadelphia,PHL International Airport,193,False,1,Atlanta,Hartsfield-Jackson International Airport,16:36,12:50,3,Economy,09:42,04:45,2019-03-08
1286,American Airlines,2019-03-01,Chicago,O'Hare International Airport,140,False,0,New York,JFK International Airport,06:44,05:25,4,Economy,15:49,12:30,2019-03-14
1287,Delta Airlines,2019-03-01,Chicago,O'Hare International Airport,173,False,1,New York,JFK International Airport,07:53,05:05,4,Economy,12:34,09:15,2019-03-14
1288,Southwest Airlines,2019-03-01,Chicago,O'Hare International Airport,126,True,0,New York,JFK International Airport,05:39,04:20,4,Economy,01:09,21:50,2019-03-14
1289,United Airlines,2019-03-01,Chicago,O'Hare International Airport,125,True,0,New York,JFK International Airport,15:59,14:40,4,Economy,00:19,21:00,2019-03-14
1290,Southwest Airlines,2019-03-06,Seattle,Seattle-Tacoma International Airport,226,False,1,San Diego,SAN International Airport,12:46,07:00,2,Economy,23:25,18:50,2019-03-11
1291,Delta Airlines,2019-03-06,Vancouver,YVR International Airport,308,False,1,New York,JFK International Airport,14:31,06:00,1,Economy,18:40,03:20,2019-03-13
1292,American Airlines,2019-03-01,London,Heathrow International Airport,385,True,1,San Francisco,SFO International Airport,06:37,07:05,2,Economy,23:45,15:05,2019-03-04
1293,United Airlines,2019-03-01,London,Heathrow International Airport,412,True,1,San Francisco,SFO International Airport,06:37,05:50,2,Economy,09:31,00:25,2019-03-04
1294,American Airlines,2019-03-01,London,Heathrow International Airport,385,True,1,San Francisco,SFO International Airport,06:37,07:05,4,Economy,23:45,15:05,2019-03-04
1295,American Airlines,2019-03-09,New York,JFK International Airport,142,False,0,Chicago,O'Hare International Airport,16:39,13:20,4,Economy,06:44,05:25,2019-03-14
1296,Delta Airlines,2019-03-09,New York,JFK International Airport,136,False,0,Chicago,O'Hare International Airport,14:24,11:05,4,Economy,07:19,06:00,2019-03-14
1297,Southwest Airlines,2019-03-09,New York,JFK International Airport,147,True,0,Chicago,O'Hare International Airport,01:09,21:50,4,Economy,06:14,04:55,2019-03-14
1298,United Airlines,2019-03-09,New York,JFK International Airport,140,True,0,Chicago,O'Hare International Airport,00:19,21:00,4,Economy,15:59,14:40,2019-03-14
1299,American Airlines,2019-03-05,Toronto,Toronto Pearson International Airport,173,False,1,Philadelphia,PHL International Airport,20:28,16:45,1,Economy,19:46,12:50,2019-03-14
1300,United Airlines,2019-03-05,Toronto,Toronto Pearson International Airport,226,True,1,Philadelphia,PHL International Airport,17:08,11:30,1,Economy,00:16,17:35,2019-03-14
1301,United Airlines,2019-03-01,Seattle,Seattle-Tacoma International Airport,337,False,1,New York,JFK International Airport,10:48,05:10,1,Economy,23:20,10:10,2019-03-09
1302,Alaska Airlines,2019-03-01,San Francisco,SFO International Airport,115,False,0,San Diego,SAN International Airport,12:50,11:10,1,Economy,07:50,06:10,2019-03-10
1303,American Airlines,2019-03-01,San Francisco,SFO International Airport,129,False,1,San Diego,SAN International Airport,23:00,21:20,1,Economy,16:19,12:15,2019-03-10
1304,Delta Airlines,2019-03-01,San Francisco,SFO International Airport,109,False,0,San Diego,SAN International Airport,21:35,19:55,1,Economy,23:25,21:45,2019-03-10
1305,Southwest Airlines,2019-03-01,San Francisco,SFO International Airport,137,False,1,San Diego,SAN International Airport,08:40,07:00,1,Economy,16:19,12:50,2019-03-10
1306,United Airlines,2019-03-01,San Francisco,SFO International Airport,114,False,0,San Diego,SAN International Airport,09:00,07:20,1,Economy,08:20,06:40,2019-03-10
1307,American Airlines,2019-03-01,Philadelphia,PHL International Airport,146,False,1,Washington,Dulles International Airport,19:46,17:10,1,Economy,12:05,09:45,2019-03-13
1308,United Airlines,2019-03-01,Philadelphia,PHL International Airport,197,True,1,Washington,Dulles International Airport,00:51,20:40,1,Economy,07:15,04:45,2019-03-13
1309,American Airlines,2019-03-02,Atlanta,Hartsfield-Jackson International Airport,120,False,0,Chicago,O'Hare International Airport,23:41,20:40,4,Economy,22:16,21:15,2019-03-13
1310,Delta Airlines,2019-03-02,Atlanta,Hartsfield-Jackson International Airport,126,False,0,Chicago,O'Hare International Airport,11:31,08:30,4,Economy,08:51,07:50,2019-03-13
1311,United Airlines,2019-03-02,Atlanta,Hartsfield-Jackson International Airport,123,True,0,Chicago,O'Hare International Airport,00:51,21:50,4,Economy,07:16,06:15,2019-03-13
1312,American Airlines,2019-03-01,San Diego,SAN International Airport,70,False,0,Los Angeles,LAX International Airport,08:14,07:20,3,Economy,10:44,09:50,2019-03-03
1313,United Airlines,2019-03-04,Vancouver,YVR International Airport,228,False,1,Las Vegas,McCarran International Airport,13:59,08:15,3,Economy,22:40,18:05,2019-03-07
1314,American Airlines,2019-03-02,Atlanta,Hartsfield-Jackson International Airport,310,True,1,San Francisco,SFO International Airport,01:24,15:50,4,Economy,21:21,15:25,2019-03-10
1315,Delta Airlines,2019-03-02,Atlanta,Hartsfield-Jackson International Airport,277,False,1,San Francisco,SFO International Airport,18:31,10:05,4,Economy,21:21,14:10,2019-03-10
1316,Southwest Airlines,2019-03-02,Atlanta,Hartsfield-Jackson International Airport,243,False,1,San Francisco,SFO International Airport,17:19,06:45,4,Economy,08:56,06:30,2019-03-10
1317,United Airlines,2019-03-02,Atlanta,Hartsfield-Jackson International Airport,205,False,0,San Francisco,SFO International Airport,18:41,10:15,4,Economy,12:06,09:40,2019-03-10
1318,Alaska Airlines,2019-03-02,Los Angeles,LAX International Airport,150,False,0,Seattle,Seattle-Tacoma International Airport,18:32,15:45,4,Economy,21:57,19:10,2019-03-14
1319,American Airlines,2019-03-02,Los Angeles,LAX International Airport,135,True,0,Seattle,Seattle-Tacoma International Airport,11:02,08:15,4,Economy,02:32,23:45,2019-03-14
1320,Delta Airlines,2019-03-02,Los Angeles,LAX International Airport,137,False,0,Seattle,Seattle-Tacoma International Airport,11:32,08:45,4,Economy,09:37,06:50,2019-03-14
1321,Southwest Airlines,2019-03-02,Los Angeles,LAX International Airport,153,False,0,Seattle,Seattle-Tacoma International Airport,08:12,05:25,4,Economy,14:47,12:00,2019-03-14
1322,United Airlines,2019-03-02,Los Angeles,LAX International Airport,127,True,0,Seattle,Seattle-Tacoma International Airport,15:17,12:30,4,Economy,02:32,23:45,2019-03-14
1323,Southwest Airlines,2019-03-09,Portland,PDX International Airport,303,True,1,Chicago,O'Hare International Airport,09:58,04:35,4,Economy,04:17,18:30,2019-03-14
1324,United Airlines,2019-03-09,Portland,PDX International Airport,265,True,1,Chicago,O'Hare International Airport,09:58,04:00,4,Economy,06:20,22:45,2019-03-14
1325,Delta Airlines,2019-03-01,New York,JFK International Airport,342,False,1,Vancouver,YVR International Airport,18:40,03:20,3,Economy,11:11,06:00,2019-03-12
1326,Southwest Airlines,2019-03-06,Seattle,Seattle-Tacoma International Airport,310,False,1,New York,JFK International Airport,12:46,06:30,3,Economy,18:40,05:25,2019-03-13
1327,American Airlines,2019-03-08,Los Angeles,LAX International Airport,317,True,1,Paris,Charles de Gaulle International Airport,14:15,04:05,1,Economy,07:58,09:40,2019-03-14
1328,Delta Airlines,2019-03-08,Los Angeles,LAX International Airport,355,True,1,Paris,Charles de Gaulle International Airport,00:32,17:35,1,Economy,06:43,08:25,2019-03-14
1329,American Airlines,2019-03-03,Los Angeles,LAX International Airport,374,True,1,Paris,Charles de Gaulle International Airport,11:50,04:05,1,Economy,07:58,09:40,2019-03-14
1330,Delta Airlines,2019-03-03,Los Angeles,LAX International Airport,384,True,1,Paris,Charles de Gaulle International Airport,00:32,17:35,1,Economy,06:43,08:25,2019-03-14
1331,American Airlines,2019-03-07,Phoenix,Sky Harbor International Airport,231,False,1,Seattle,Seattle-Tacoma International Airport,13:38,08:15,2,Economy,14:47,08:40,2019-03-14
1332,Delta Airlines,2019-03-07,Phoenix,Sky Harbor International Airport,229,False,1,Seattle,Seattle-Tacoma International Airport,12:25,07:55,2,Economy,17:06,11:55,2019-03-14
1333,Southwest Airlines,2019-03-07,Phoenix,Sky Harbor International Airport,288,False,1,Seattle,Seattle-Tacoma International Airport,10:13,05:25,2,Economy,18:52,08:20,2019-03-14
1334,United Airlines,2019-03-07,Phoenix,Sky Harbor International Airport,185,False,1,Seattle,Seattle-Tacoma International Airport,10:35,05:30,2,Economy,23:43,18:10,2019-03-14
1335,United Airlines,2019-03-03,Phoenix,Sky Harbor International Airport,96,False,0,Los Angeles,LAX International Airport,10:13,08:45,3,Economy,08:43,07:15,2019-03-14
1336,American Airlines,2019-03-08,New York,JFK International Airport,301,True,1,London,Heathrow International Airport,01:19,14:05,2,Economy,06:37,18:15,2019-03-13
1337,Delta Airlines,2019-03-08,New York,JFK International Airport,236,True,0,London,Heathrow International Airport,19:57,15:35,2,Economy,06:42,18:20,2019-03-13
1338,Alaska Airlines,2019-03-05,Los Angeles,LAX International Airport,106,False,0,San Francisco,SFO International Airport,21:45,20:20,2,Economy,19:15,17:50,2019-03-12
1339,American Airlines,2019-03-05,Los Angeles,LAX International Airport,91,False,0,San Francisco,SFO International Airport,17:15,15:50,2,Economy,07:55,06:30,2019-03-12
1340,Southwest Airlines,2019-03-05,Los Angeles,LAX International Airport,91,False,0,San Francisco,SFO International Airport,14:15,12:50,2,Economy,23:45,22:20,2019-03-12
1341,United Airlines,2019-03-05,Los Angeles,LAX International Airport,139,False,1,San Francisco,SFO International Airport,10:40,09:15,2,Economy,11:30,08:05,2019-03-12
1342,Southwest Airlines,2019-03-02,Philadelphia,PHL International Airport,264,True,1,Los Angeles,LAX International Airport,00:16,13:40,3,Economy,11:50,07:45,2019-03-08
1343,American Airlines,2019-03-06,San Francisco,SFO International Airport,286,True,0,Paris,Charles de Gaulle International Airport,08:13,04:05,1,Economy,08:53,10:45,2019-03-14
1344,American Airlines,2019-03-05,New York,JFK International Airport,245,True,1,Los Angeles,LAX International Airport,03:30,18:20,3,Economy,19:57,15:40,2019-03-09
1345,Delta Airlines,2019-03-05,New York,JFK International Airport,218,True,0,Los Angeles,LAX International Airport,08:05,22:55,3,Economy,10:40,07:30,2019-03-09
1346,Southwest Airlines,2019-03-05,New York,JFK International Airport,266,True,1,Los Angeles,LAX International Airport,00:19,13:00,3,Economy,10:00,06:50,2019-03-09
1347,United Airlines,2019-03-05,New York,JFK International Airport,261,True,1,Los Angeles,LAX International Airport,05:25,20:15,3,Economy,19:57,14:40,2019-03-09
1348,American Airlines,2019-03-02,Chicago,O'Hare International Airport,418,True,1,London,Heathrow International Airport,13:52,00:10,2,Economy,06:04,04:30,2019-03-10
1349,Delta Airlines,2019-03-02,Chicago,O'Hare International Airport,292,True,1,London,Heathrow International Airport,12:29,08:00,2,Economy,04:57,09:15,2019-03-10
1350,United Airlines,2019-03-02,Chicago,O'Hare International Airport,309,True,1,London,Heathrow International Airport,06:44,00:25,2,Economy,03:14,12:45,2019-03-10
1351,Southwest Airlines,2019-03-10,Chicago,O'Hare International Airport,248,False,1,San Francisco,SFO International Airport,15:02,06:45,3,Economy,14:22,11:35,2019-03-13
1352,American Airlines,2019-03-03,Seattle,Seattle-Tacoma International Airport,85,False,0,Portland,PDX International Airport,06:58,06:00,3,Economy,09:33,08:35,2019-03-14
1353,Delta Airlines,2019-03-03,Seattle,Seattle-Tacoma International Airport,76,False,0,Portland,PDX International Airport,10:33,09:35,3,Economy,08:53,07:55,2019-03-14
1354,United Airlines,2019-03-03,Seattle,Seattle-Tacoma International Airport,74,False,0,Portland,PDX International Airport,23:43,22:45,3,Economy,12:08,11:10,2019-03-14
1355,Southwest Airlines,2019-03-09,Los Angeles,LAX International Airport,328,True,1,Philadelphia,PHL International Airport,00:32,20:35,1,Economy,00:16,13:40,2019-03-11
1356,Delta Airlines,2019-03-01,New York,JFK International Airport,335,False,1,Vancouver,YVR International Airport,18:40,03:20,2,Economy,11:11,06:00,2019-03-10
1357,American Airlines,2019-03-04,Seattle,Seattle-Tacoma International Airport,297,True,1,New York,JFK International Airport,20:45,15:40,2,Economy,02:14,16:00,2019-03-08
1358,Delta Airlines,2019-03-04,Seattle,Seattle-Tacoma International Airport,324,True,1,New York,JFK International Airport,19:35,14:00,2,Economy,01:09,15:15,2019-03-08
1359,Southwest Airlines,2019-03-04,Seattle,Seattle-Tacoma International Airport,312,False,1,New York,JFK International Airport,22:03,17:15,2,Economy,18:40,05:25,2019-03-08
1360,United Airlines,2019-03-04,Seattle,Seattle-Tacoma International Airport,320,False,1,New York,JFK International Airport,10:48,05:10,2,Economy,23:20,10:10,2019-03-08
1361,American Airlines,2019-03-01,London,Heathrow International Airport,278,True,1,New York,JFK International Airport,06:37,18:15,2,Economy,00:19,14:05,2019-03-11
1362,United Airlines,2019-03-01,London,Heathrow International Airport,304,True,1,New York,JFK International Airport,10:14,14:40,2,Economy,04:47,00:25,2019-03-11
1363,American Airlines,2019-03-01,San Francisco,SFO International Airport,155,False,0,Mexico City,Benito Juarez International Airport,16:38,14:55,4,Economy,19:03,13:20,2019-03-10
1364,American Airlines,2019-03-02,Philadelphia,PHL International Airport,127,False,0,Chicago,O'Hare International Airport,21:06,17:55,4,Economy,11:21,10:10,2019-03-10
1365,Delta Airlines,2019-03-02,Philadelphia,PHL International Airport,138,True,0,Chicago,O'Hare International Airport,00:51,21:40,4,Economy,15:31,14:20,2019-03-10
1366,Southwest Airlines,2019-03-02,Philadelphia,PHL International Airport,115,True,0,Chicago,O'Hare International Airport,00:16,21:05,4,Economy,21:46,20:35,2019-03-10
1367,United Airlines,2019-03-02,Philadelphia,PHL International Airport,167,False,1,Chicago,O'Hare International Airport,19:46,15:15,4,Economy,12:41,11:30,2019-03-10
1368,American Airlines,2019-03-01,Philadelphia,PHL International Airport,370,True,1,London,Heathrow International Airport,00:16,14:05,1,Economy,03:14,10:10,2019-03-03
1369,Delta Airlines,2019-03-01,Philadelphia,PHL International Airport,383,True,1,London,Heathrow International Airport,21:06,08:00,1,Economy,03:14,10:45,2019-03-03
1370,United Airlines,2019-03-01,Philadelphia,PHL International Airport,340,True,1,London,Heathrow International Airport,10:56,00:25,1,Economy,03:14,11:30,2019-03-03
1371,American Airlines,2019-03-01,New York,JFK International Airport,71,False,0,Philadelphia,PHL International Airport,17:36,16:45,4,Economy,16:36,15:45,2019-03-11
1372,American Airlines,2019-03-03,New York,JFK International Airport,229,True,0,San Francisco,SFO International Airport,05:56,20:30,1,Economy,20:11,16:45,2019-03-14
1373,Delta Airlines,2019-03-03,New York,JFK International Airport,200,False,0,San Francisco,SFO International Airport,20:21,10:55,1,Economy,18:01,14:35,2019-03-14
1374,Southwest Airlines,2019-03-03,New York,JFK International Airport,222,True,0,San Francisco,SFO International Airport,06:46,21:20,1,Economy,21:21,17:55,2019-03-14
1375,United Airlines,2019-03-03,New York,JFK International Airport,201,False,0,San Francisco,SFO International Airport,15:16,05:50,1,Economy,09:31,06:05,2019-03-14
1376,Delta Airlines,2019-03-05,New York,JFK International Airport,358,True,1,Vancouver,YVR International Airport,05:25,12:20,1,Economy,11:11,06:00,2019-03-14
1377,American Airlines,2019-03-04,Toronto,Toronto Pearson International Airport,154,False,1,Philadelphia,PHL International Airport,20:28,16:45,1,Economy,19:46,12:50,2019-03-06
1378,United Airlines,2019-03-04,Toronto,Toronto Pearson International Airport,195,True,1,Philadelphia,PHL International Airport,08:23,04:45,1,Economy,00:16,17:35,2019-03-06
1379,United Airlines,2019-03-01,Atlanta,Hartsfield-Jackson International Airport,236,False,1,Vancouver,YVR International Airport,11:56,03:15,3,Economy,11:11,06:15,2019-03-03
1380,American Airlines,2019-03-07,New York,JFK International Airport,320,True,0,San Francisco,SFO International Airport,05:56,20:30,1,Premium Economy,00:16,20:50,2019-03-10
1381,Delta Airlines,2019-03-07,New York,JFK International Airport,350,False,0,San Francisco,SFO International Airport,20:21,10:55,1,Premium Economy,18:01,14:35,2019-03-10
1382,Southwest Airlines,2019-03-07,New York,JFK International Airport,332,True,0,San Francisco,SFO International Airport,06:46,21:20,1,Premium Economy,21:21,17:55,2019-03-10
1383,United Airlines,2019-03-07,New York,JFK International Airport,349,False,0,San Francisco,SFO International Airport,15:16,05:50,1,Premium Economy,09:31,06:05,2019-03-10
1384,American Airlines,2019-03-06,New York,JFK International Airport,213,True,0,San Francisco,SFO International Airport,05:56,20:30,1,Economy,00:16,20:50,2019-03-10
1385,Southwest Airlines,2019-03-06,New York,JFK International Airport,230,True,0,San Francisco,SFO International Airport,06:46,21:20,1,Economy,21:21,17:55,2019-03-10
1386,United Airlines,2019-03-06,New York,JFK International Airport,195,False,0,San Francisco,SFO International Airport,15:16,05:50,1,Economy,09:31,06:05,2019-03-10
1387,American Airlines,2019-03-05,Seattle,Seattle-Tacoma International Airport,291,True,1,New York,JFK International Airport,10:48,06:05,1,Economy,02:14,16:00,2019-03-08
1388,Delta Airlines,2019-03-05,Seattle,Seattle-Tacoma International Airport,296,True,1,New York,JFK International Airport,19:35,14:00,1,Economy,01:09,15:15,2019-03-08
1389,Southwest Airlines,2019-03-05,Seattle,Seattle-Tacoma International Airport,313,False,1,New York,JFK International Airport,14:47,08:40,1,Economy,18:40,05:25,2019-03-08
1390,United Airlines,2019-03-05,Seattle,Seattle-Tacoma International Airport,315,False,1,New York,JFK International Airport,10:48,05:10,1,Economy,23:20,10:10,2019-03-08
1391,American Airlines,2019-03-01,New York,JFK International Airport,273,True,1,Los Angeles,LAX International Airport,03:30,18:20,3,Economy,19:57,15:40,2019-03-13
1392,Delta Airlines,2019-03-01,New York,JFK International Airport,201,True,0,Los Angeles,LAX International Airport,08:05,22:55,3,Economy,10:40,07:30,2019-03-13
1393,Southwest Airlines,2019-03-01,New York,JFK International Airport,257,True,1,Los Angeles,LAX International Airport,01:19,13:40,3,Economy,11:50,08:40,2019-03-13
1394,United Airlines,2019-03-01,New York,JFK International Airport,324,False,1,Los Angeles,LAX International Airport,23:58,12:15,3,Economy,22:05,17:00,2019-03-13
1395,American Airlines,2019-03-05,Los Angeles,LAX International Airport,96,False,0,San Francisco,SFO International Airport,17:15,15:50,1,Economy,07:55,06:30,2019-03-08
1396,Southwest Airlines,2019-03-05,Los Angeles,LAX International Airport,106,False,0,San Francisco,SFO International Airport,14:15,12:50,1,Economy,23:45,22:20,2019-03-08
1397,United Airlines,2019-03-05,Los Angeles,LAX International Airport,142,False,1,San Francisco,SFO International Airport,10:40,09:15,1,Economy,11:30,08:05,2019-03-08
1398,Delta Airlines,2019-03-02,Chicago,O'Hare International Airport,272,True,0,Paris,Charles de Gaulle International Airport,02:16,23:20,1,Economy,11:36,18:40,2019-03-14
1399,American Airlines,2019-03-04,New York,JFK International Airport,256,True,1,Los Angeles,LAX International Airport,03:30,18:20,2,Economy,19:57,15:40,2019-03-12
1400,Delta Airlines,2019-03-04,New York,JFK International Airport,305,True,1,Los Angeles,LAX International Airport,00:19,13:40,2,Economy,12:45,07:20,2019-03-12
1401,Southwest Airlines,2019-03-04,New York,JFK International Airport,261,False,1,Los Angeles,LAX International Airport,18:34,07:20,2,Economy,10:00,06:50,2019-03-12
1402,United Airlines,2019-03-04,New York,JFK International Airport,270,True,1,Los Angeles,LAX International Airport,05:25,20:15,2,Economy,19:57,14:40,2019-03-12
1403,American Airlines,2019-03-01,Atlanta,Hartsfield-Jackson International Airport,256,True,1,Seattle,Seattle-Tacoma International Airport,06:17,21:45,1,Economy,17:06,11:40,2019-03-05
1404,Delta Airlines,2019-03-01,Atlanta,Hartsfield-Jackson International Airport,186,True,0,Seattle,Seattle-Tacoma International Airport,08:22,23:50,1,Economy,18:52,16:20,2019-03-05
1405,Southwest Airlines,2019-03-01,Atlanta,Hartsfield-Jackson International Airport,208,False,0,Seattle,Seattle-Tacoma International Airport,14:12,05:40,1,Economy,21:52,19:20,2019-03-05
1406,United Airlines,2019-03-01,Atlanta,Hartsfield-Jackson International Airport,197,True,0,Seattle,Seattle-Tacoma International Airport,01:27,16:55,1,Economy,13:27,10:55,2019-03-05
1407,Alaska Airlines,2019-03-04,San Diego,SAN International Airport,155,False,0,Portland,PDX International Airport,20:24,17:40,2,Economy,16:04,13:20,2019-03-06
1408,Delta Airlines,2019-03-04,San Diego,SAN International Airport,145,True,0,Portland,PDX International Airport,19:24,16:40,2,Economy,00:04,21:20,2019-03-06
1409,Delta Airlines,2019-03-01,Chicago,O'Hare International Airport,197,True,0,Los Angeles,LAX International Airport,01:47,19:15,2,Economy,19:57,17:25,2019-03-12
1410,Southwest Airlines,2019-03-01,Chicago,O'Hare International Airport,244,False,1,Los Angeles,LAX International Airport,13:52,07:20,2,Economy,12:45,06:45,2019-03-12
1411,American Airlines,2019-03-08,New York,JFK International Airport,301,True,1,Seattle,Seattle-Tacoma International Airport,02:14,16:00,2,Economy,10:48,06:05,2019-03-13
1412,Delta Airlines,2019-03-08,New York,JFK International Airport,317,True,1,Seattle,Seattle-Tacoma International Airport,01:09,15:15,2,Economy,19:35,14:00,2019-03-13
1413,Southwest Airlines,2019-03-08,New York,JFK International Airport,334,False,1,Seattle,Seattle-Tacoma International Airport,18:40,05:25,2,Economy,14:47,08:40,2019-03-13
1414,United Airlines,2019-03-08,New York,JFK International Airport,330,False,1,Seattle,Seattle-Tacoma International Airport,23:20,10:10,2,Economy,10:48,05:10,2019-03-13
1415,Alaska Airlines,2019-03-04,San Diego,SAN International Airport,123,False,0,San Francisco,SFO International Airport,07:50,06:10,4,Economy,12:50,11:10,2019-03-11
1416,American Airlines,2019-03-04,San Diego,SAN International Airport,204,False,1,Seattle,Seattle-Tacoma International Airport,12:34,08:15,2,Economy,08:13,04:10,2019-03-13
1417,Delta Airlines,2019-03-04,San Diego,SAN International Airport,220,False,1,Seattle,Seattle-Tacoma International Airport,12:34,08:45,2,Economy,16:21,11:05,2019-03-13
1418,United Airlines,2019-03-04,San Diego,SAN International Airport,198,False,1,Seattle,Seattle-Tacoma International Airport,16:19,12:30,2,Economy,12:46,07:20,2019-03-13
1419,Alaska Airlines,2019-03-04,Portland,PDX International Airport,131,False,0,Los Angeles,LAX International Airport,07:45,05:15,1,Economy,12:40,10:10,2019-03-14
1420,American Airlines,2019-03-04,Portland,PDX International Airport,181,True,1,Los Angeles,LAX International Airport,01:45,23:15,1,Economy,11:02,06:00,2019-03-14
1421,Delta Airlines,2019-03-04,Portland,PDX International Airport,214,False,1,Los Angeles,LAX International Airport,12:08,06:50,1,Economy,15:17,09:35,2019-03-14
1422,Southwest Airlines,2019-03-04,Portland,PDX International Airport,147,False,0,Los Angeles,LAX International Airport,19:00,16:30,1,Economy,19:25,16:55,2019-03-14
1423,United Airlines,2019-03-04,Portland,PDX International Airport,171,False,1,Los Angeles,LAX International Airport,14:13,08:55,1,Economy,14:35,12:05,2019-03-14
1424,Alaska Airlines,2019-03-01,Seattle,Seattle-Tacoma International Airport,147,False,0,Los Angeles,LAX International Airport,21:57,19:10,4,Economy,18:32,15:45,2019-03-14
1425,Delta Airlines,2019-03-01,Seattle,Seattle-Tacoma International Airport,139,False,0,Los Angeles,LAX International Airport,09:37,06:50,4,Economy,11:32,08:45,2019-03-14
1426,Southwest Airlines,2019-03-01,Seattle,Seattle-Tacoma International Airport,158,False,0,Los Angeles,LAX International Airport,14:47,12:00,4,Economy,08:12,05:25,2019-03-14
1427,United Airlines,2019-03-01,Seattle,Seattle-Tacoma International Airport,151,False,0,Los Angeles,LAX International Airport,11:42,08:55,4,Economy,21:07,18:20,2019-03-14
1428,American Airlines,2019-03-05,London,Heathrow International Airport,333,True,1,Philadelphia,PHL International Airport,06:37,16:45,1,Economy,00:16,14:05,2019-03-08
1429,Delta Airlines,2019-03-05,London,Heathrow International Airport,378,True,1,Philadelphia,PHL International Airport,10:14,14:20,1,Economy,21:06,08:00,2019-03-08
1430,United Airlines,2019-03-05,London,Heathrow International Airport,339,True,1,Philadelphia,PHL International Airport,03:14,11:30,1,Economy,10:56,00:25,2019-03-08
1431,Alaska Airlines,2019-03-01,San Francisco,SFO International Airport,135,False,0,Seattle,Seattle-Tacoma International Airport,14:11,12:00,4,Economy,17:06,14:55,2019-03-13
1432,Delta Airlines,2019-03-01,San Francisco,SFO International Airport,137,False,0,Seattle,Seattle-Tacoma International Airport,08:21,06:10,4,Economy,10:11,08:00,2019-03-13
1433,Southwest Airlines,2019-03-01,San Francisco,SFO International Airport,133,True,0,Seattle,Seattle-Tacoma International Airport,00:01,21:50,4,Economy,10:36,08:25,2019-03-13
1434,United Airlines,2019-03-01,San Francisco,SFO International Airport,140,False,0,Seattle,Seattle-Tacoma International Airport,22:41,20:30,4,Economy,17:16,15:05,2019-03-13
1435,Delta Airlines,2019-03-05,Vancouver,YVR International Airport,316,False,1,New York,JFK International Airport,13:59,07:30,4,Economy,18:34,02:50,2019-03-08
1436,United Airlines,2019-03-05,Vancouver,YVR International Airport,321,False,1,New York,JFK International Airport,18:01,08:20,4,Economy,18:02,03:15,2019-03-08
1437,American Airlines,2019-03-03,New York,JFK International Airport,311,False,1,Portland,PDX International Airport,20:21,07:20,3,Economy,23:53,16:45,2019-03-12
1438,Delta Airlines,2019-03-03,New York,JFK International Airport,332,False,1,Portland,PDX International Airport,20:21,08:45,3,Economy,21:33,14:35,2019-03-12
1439,Southwest Airlines,2019-03-03,New York,JFK International Airport,327,True,1,Portland,PDX International Airport,05:25,16:55,3,Economy,23:53,17:55,2019-03-12
1440,Alaska Airlines,2019-03-08,San Diego,SAN International Airport,106,False,0,San Francisco,SFO International Airport,07:50,06:10,2,Economy,12:50,11:10,2019-03-12
1441,American Airlines,2019-03-01,New York,JFK International Airport,212,True,0,San Francisco,SFO International Airport,05:56,20:30,3,Economy,00:16,20:50,2019-03-10
1442,Southwest Airlines,2019-03-01,New York,JFK International Airport,226,True,0,San Francisco,SFO International Airport,06:46,21:20,3,Economy,21:21,17:55,2019-03-10
1443,United Airlines,2019-03-01,New York,JFK International Airport,193,False,0,San Francisco,SFO International Airport,15:16,05:50,3,Economy,09:31,06:05,2019-03-10
1444,Alaska Airlines,2019-03-01,San Francisco,SFO International Airport,174,False,1,Portland,PDX International Airport,09:48,07:55,1,Economy,09:33,06:20,2019-03-11
1445,American Airlines,2019-03-01,San Francisco,SFO International Airport,127,False,0,Portland,PDX International Airport,06:53,05:00,1,Economy,09:58,08:05,2019-03-11
1446,Delta Airlines,2019-03-01,San Francisco,SFO International Airport,166,False,1,Portland,PDX International Airport,10:38,08:45,1,Economy,12:08,08:00,2019-03-11
1447,Southwest Airlines,2019-03-01,San Francisco,SFO International Airport,122,True,0,Portland,PDX International Airport,17:08,15:15,1,Economy,01:23,23:30,2019-03-11
1448,United Airlines,2019-03-01,San Francisco,SFO International Airport,161,False,1,Portland,PDX International Airport,12:28,10:35,1,Economy,17:33,13:10,2019-03-11
1449,Delta Airlines,2019-03-02,Philadelphia,PHL International Airport,185,True,0,Chicago,O'Hare International Airport,00:51,21:40,2,Premium Economy,13:31,12:20,2019-03-05
1450,Southwest Airlines,2019-03-02,Philadelphia,PHL International Airport,207,True,0,Chicago,O'Hare International Airport,00:16,21:05,2,Premium Economy,21:46,20:35,2019-03-05
1451,Southwest Airlines,2019-03-06,Atlanta,Hartsfield-Jackson International Airport,455,True,1,Las Vegas,McCarran International Airport,01:24,14:35,1,Premium Economy,12:25,06:30,2019-03-14
1452,United Airlines,2019-03-06,Atlanta,Hartsfield-Jackson International Airport,455,True,1,Las Vegas,McCarran International Airport,00:21,13:40,1,Premium Economy,20:50,15:00,2019-03-14
1453,Delta Airlines,2019-03-06,Los Angeles,LAX International Airport,132,False,0,Seattle,Seattle-Tacoma International Airport,11:32,08:45,2,Economy,09:37,06:50,2019-03-13
1454,Alaska Airlines,2019-03-02,Los Angeles,LAX International Airport,153,False,0,Seattle,Seattle-Tacoma International Airport,18:32,15:45,1,Economy,21:57,19:10,2019-03-06
1455,American Airlines,2019-03-02,Los Angeles,LAX International Airport,135,True,0,Seattle,Seattle-Tacoma International Airport,11:02,08:15,1,Economy,02:32,23:45,2019-03-06
1456,Delta Airlines,2019-03-02,Los Angeles,LAX International Airport,175,False,1,Seattle,Seattle-Tacoma International Airport,11:32,08:45,1,Economy,13:46,09:15,2019-03-06
1457,Southwest Airlines,2019-03-02,Los Angeles,LAX International Airport,148,False,0,Seattle,Seattle-Tacoma International Airport,08:12,05:25,1,Economy,07:22,04:35,2019-03-06
1458,United Airlines,2019-03-02,Los Angeles,LAX International Airport,124,True,0,Seattle,Seattle-Tacoma International Airport,15:17,12:30,1,Economy,02:32,23:45,2019-03-06
1459,Alaska Airlines,2019-03-05,Los Angeles,LAX International Airport,149,False,0,Seattle,Seattle-Tacoma International Airport,18:32,15:45,2,Economy,21:57,19:10,2019-03-12
1460,American Airlines,2019-03-05,Los Angeles,LAX International Airport,152,True,0,Seattle,Seattle-Tacoma International Airport,11:02,08:15,2,Economy,02:32,23:45,2019-03-12
1461,Delta Airlines,2019-03-05,Los Angeles,LAX International Airport,152,False,0,Seattle,Seattle-Tacoma International Airport,11:32,08:45,2,Economy,09:37,06:50,2019-03-12
1462,Southwest Airlines,2019-03-05,Los Angeles,LAX International Airport,151,False,0,Seattle,Seattle-Tacoma International Airport,08:12,05:25,2,Economy,14:47,12:00,2019-03-12
1463,United Airlines,2019-03-05,Los Angeles,LAX International Airport,148,True,0,Seattle,Seattle-Tacoma International Airport,15:17,12:30,2,Economy,02:32,23:45,2019-03-12
1464,American Airlines,2019-03-05,Portland,PDX International Airport,76,False,0,Seattle,Seattle-Tacoma International Airport,09:03,08:05,2,Economy,06:58,06:00,2019-03-12
1465,Delta Airlines,2019-03-05,Portland,PDX International Airport,77,False,0,Seattle,Seattle-Tacoma International Airport,08:53,07:55,2,Economy,10:33,09:35,2019-03-12
1466,United Airlines,2019-03-05,Portland,PDX International Airport,68,False,0,Seattle,Seattle-Tacoma International Airport,05:13,04:15,2,Economy,23:43,22:45,2019-03-12
1467,American Airlines,2019-03-06,New York,JFK International Airport,310,True,1,Seattle,Seattle-Tacoma International Airport,02:14,16:00,3,Economy,20:45,15:40,2019-03-14
1468,Delta Airlines,2019-03-06,New York,JFK International Airport,298,True,1,Seattle,Seattle-Tacoma International Airport,01:09,15:15,3,Economy,11:45,06:00,2019-03-14
1469,Southwest Airlines,2019-03-06,New York,JFK International Airport,302,False,1,Seattle,Seattle-Tacoma International Airport,18:40,05:25,3,Economy,22:03,17:15,2019-03-14
1470,United Airlines,2019-03-06,New York,JFK International Airport,345,False,1,Seattle,Seattle-Tacoma International Airport,23:20,10:10,3,Economy,13:27,08:20,2019-03-14
1471,American Airlines,2019-03-03,Los Angeles,LAX International Airport,171,False,0,Mexico City,Benito Juarez International Airport,09:25,08:05,1,Economy,20:05,14:45,2019-03-09
1472,Delta Airlines,2019-03-03,Los Angeles,LAX International Airport,254,False,1,Mexico City,Benito Juarez International Airport,17:15,13:45,1,Economy,18:53,09:15,2019-03-09
1473,United Airlines,2019-03-03,Los Angeles,LAX International Airport,151,False,0,Mexico City,Benito Juarez International Airport,22:05,20:45,1,Economy,10:25,05:05,2019-03-09
1474,Delta Airlines,2019-03-01,New York,JFK International Airport,255,True,0,Paris,Charles de Gaulle International Airport,12:47,10:00,3,Economy,13:37,22:50,2019-03-05
1475,United Airlines,2019-03-01,New York,JFK International Airport,317,True,1,Paris,Charles de Gaulle International Airport,01:57,23:10,3,Economy,11:36,14:40,2019-03-05
1476,Delta Airlines,2019-03-01,Philadelphia,PHL International Airport,391,True,1,Paris,Charles de Gaulle International Airport,00:16,17:35,3,Economy,11:36,12:20,2019-03-07
1477,American Airlines,2019-03-03,New York,JFK International Airport,221,False,1,Mexico City,Benito Juarez International Airport,16:36,12:05,3,Economy,16:14,11:20,2019-03-11
1478,Delta Airlines,2019-03-03,New York,JFK International Airport,190,False,0,Mexico City,Benito Juarez International Airport,19:31,15:00,3,Economy,23:16,20:45,2019-03-11
1479,United Airlines,2019-03-03,New York,JFK International Airport,173,False,0,Mexico City,Benito Juarez International Airport,12:56,08:25,3,Economy,19:31,17:00,2019-03-11
1480,American Airlines,2019-03-09,Los Angeles,LAX International Airport,373,True,1,Paris,Charles de Gaulle International Airport,10:40,04:05,2,Economy,07:58,09:40,2019-03-14
1481,Delta Airlines,2019-03-09,Los Angeles,LAX International Airport,362,True,1,Paris,Charles de Gaulle International Airport,00:32,17:35,2,Economy,06:43,08:25,2019-03-14
1482,American Airlines,2019-03-03,Los Angeles,LAX International Airport,262,True,1,New York,JFK International Airport,00:32,19:45,2,Economy,04:50,19:40,2019-03-11
1483,Delta Airlines,2019-03-03,Los Angeles,LAX International Airport,297,True,1,New York,JFK International Airport,11:42,06:00,2,Economy,00:06,12:45,2019-03-11
1484,Southwest Airlines,2019-03-03,Los Angeles,LAX International Airport,274,True,1,New York,JFK International Airport,10:00,06:50,2,Economy,00:19,13:40,2019-03-11
1485,United Airlines,2019-03-03,Los Angeles,LAX International Airport,266,True,1,New York,JFK International Airport,22:05,17:00,2,Economy,05:25,20:15,2019-03-11
1486,Delta Airlines,2019-03-01,London,Heathrow International Airport,256,True,0,New York,JFK International Airport,06:42,18:20,2,Economy,19:57,15:35,2019-03-05
1487,United Airlines,2019-03-01,London,Heathrow International Airport,287,True,1,New York,JFK International Airport,10:14,14:40,2,Economy,04:47,00:25,2019-03-05
1488,American Airlines,2019-03-05,New York,JFK International Airport,136,True,0,Atlanta,Hartsfield-Jackson International Airport,08:47,06:25,1,Economy,00:07,21:45,2019-03-09
1489,Delta Airlines,2019-03-05,New York,JFK International Airport,136,False,0,Atlanta,Hartsfield-Jackson International Airport,11:42,09:20,1,Economy,13:47,11:25,2019-03-09
1490,Southwest Airlines,2019-03-05,New York,JFK International Airport,170,True,1,Atlanta,Hartsfield-Jackson International Airport,11:42,09:20,1,Economy,01:11,21:50,2019-03-09
1491,United Airlines,2019-03-05,New York,JFK International Airport,145,False,0,Atlanta,Hartsfield-Jackson International Airport,15:12,12:50,1,Economy,21:27,19:05,2019-03-09
1492,American Airlines,2019-03-01,Atlanta,Hartsfield-Jackson International Airport,135,False,0,New York,JFK International Airport,13:42,11:20,4,Economy,08:47,06:25,2019-03-05
1493,Delta Airlines,2019-03-01,Atlanta,Hartsfield-Jackson International Airport,137,False,0,New York,JFK International Airport,13:47,11:25,4,Economy,11:42,09:20,2019-03-05
1494,Southwest Airlines,2019-03-01,Atlanta,Hartsfield-Jackson International Airport,159,True,1,New York,JFK International Airport,01:11,21:50,4,Economy,11:42,09:20,2019-03-05
1495,United Airlines,2019-03-01,Atlanta,Hartsfield-Jackson International Airport,144,False,0,New York,JFK International Airport,21:27,19:05,4,Economy,15:12,12:50,2019-03-05
1496,American Airlines,2019-03-01,New York,JFK International Airport,135,False,0,Chicago,O'Hare International Airport,15:49,12:30,2,Economy,06:44,05:25,2019-03-11
1497,Delta Airlines,2019-03-01,New York,JFK International Airport,133,False,0,Chicago,O'Hare International Airport,12:34,09:15,2,Economy,07:19,06:00,2019-03-11
1498,Southwest Airlines,2019-03-01,New York,JFK International Airport,145,True,0,Chicago,O'Hare International Airport,01:09,21:50,2,Economy,05:39,04:20,2019-03-11
1499,United Airlines,2019-03-01,Atlanta,Hartsfield-Jackson International Airport,255,True,0,London,Heathrow International Airport,04:29,22:25,4,Economy,00:34,10:30,2019-03-10
1500,American Airlines,2019-03-05,Seattle,Seattle-Tacoma International Airport,313,False,1,Toronto,Toronto Pearson International Airport,18:05,10:05,1,Economy,21:54,08:15,2019-03-12
1501,Delta Airlines,2019-03-05,Seattle,Seattle-Tacoma International Airport,345,False,1,Toronto,Toronto Pearson International Airport,08:07,02:10,1,Economy,19:19,07:40,2019-03-12
1502,United Airlines,2019-03-05,Seattle,Seattle-Tacoma International Airport,325,False,1,Toronto,Toronto Pearson International Airport,20:45,17:35,1,Economy,21:54,10:10,2019-03-12
1503,American Airlines,2019-03-05,Seattle,Seattle-Tacoma International Airport,259,True,1,Atlanta,Hartsfield-Jackson International Airport,17:06,11:40,1,Economy,06:17,21:45,2019-03-12
1504,Delta Airlines,2019-03-05,Seattle,Seattle-Tacoma International Airport,197,True,0,Atlanta,Hartsfield-Jackson International Airport,18:52,16:20,1,Economy,08:22,23:50,2019-03-12
1505,Southwest Airlines,2019-03-05,Seattle,Seattle-Tacoma International Airport,304,False,1,Atlanta,Hartsfield-Jackson International Airport,18:05,13:35,1,Economy,17:04,05:25,2019-03-12
1506,United Airlines,2019-03-05,Seattle,Seattle-Tacoma International Airport,271,True,1,Atlanta,Hartsfield-Jackson International Airport,19:52,17:20,1,Economy,04:16,16:55,2019-03-12
1507,American Airlines,2019-03-01,Philadelphia,PHL International Airport,327,True,1,London,Heathrow International Airport,00:16,14:05,2,Economy,06:37,16:45,2019-03-07
1508,Delta Airlines,2019-03-01,Philadelphia,PHL International Airport,363,True,1,London,Heathrow International Airport,21:06,08:00,2,Economy,10:14,14:20,2019-03-07
1509,United Airlines,2019-03-01,Philadelphia,PHL International Airport,290,True,1,London,Heathrow International Airport,10:56,00:25,2,Economy,06:37,12:55,2019-03-07
1510,American Airlines,2019-03-10,Atlanta,Hartsfield-Jackson International Airport,312,True,1,San Francisco,SFO International Airport,01:27,14:15,3,Economy,,,
1511,Alaska Airlines,2019-03-09,Seattle,Seattle-Tacoma International Airport,216,False,1,San Diego,SAN International Airport,15:21,11:10,3,Economy,,,
1512,American Airlines,2019-03-09,Seattle,Seattle-Tacoma International Airport,218,False,1,San Diego,SAN International Airport,09:38,04:10,3,Economy,,,
1513,Delta Airlines,2019-03-09,Seattle,Seattle-Tacoma International Airport,189,False,1,San Diego,SAN International Airport,21:57,17:00,3,Economy,,,
1514,Southwest Airlines,2019-03-09,Seattle,Seattle-Tacoma International Airport,226,False,1,San Diego,SAN International Airport,12:46,07:00,3,Economy,,,
1515,United Airlines,2019-03-09,Seattle,Seattle-Tacoma International Airport,229,False,1,San Diego,SAN International Airport,12:46,07:20,3,Economy,,,
1516,Delta Airlines,2019-03-02,Seattle,Seattle-Tacoma International Airport,375,False,1,London,Heathrow International Airport,18:05,08:00,3,Economy,,,
1517,Air Canada,2019-03-04,New York,JFK International Airport,506,True,1,Vancouver,YVR International Airport,00:02,09:45,2,Premium Economy,,,
1518,Delta Airlines,2019-03-04,New York,JFK International Airport,449,False,1,Vancouver,YVR International Airport,14:24,02:50,2,Premium Economy,,,
1519,United Airlines,2019-03-04,New York,JFK International Airport,455,False,1,Vancouver,YVR International Airport,18:02,03:15,2,Premium Economy,,,
1520,United Airlines,2019-03-02,Philadelphia,PHL International Airport,189,True,1,Toronto,Toronto Pearson International Airport,00:16,17:35,4,Economy,,,
1521,Air Canada,2019-03-03,Philadelphia,PHL International Airport,149,False,1,Toronto,Toronto Pearson International Airport,19:46,13:25,4,Economy,,,
1522,American Airlines,2019-03-03,Philadelphia,PHL International Airport,163,False,1,Toronto,Toronto Pearson International Airport,19:46,12:50,4,Economy,,,
1523,Alaska Airlines,2019-03-01,San Francisco,SFO International Airport,88,False,0,Los Angeles,LAX International Airport,19:15,17:50,1,Economy,,,
1524,American Airlines,2019-03-01,San Francisco,SFO International Airport,87,False,0,Los Angeles,LAX International Airport,18:15,16:50,1,Economy,,,
1525,Delta Airlines,2019-03-01,San Francisco,SFO International Airport,96,False,0,Los Angeles,LAX International Airport,10:40,09:15,1,Economy,,,
1526,Southwest Airlines,2019-03-01,San Francisco,SFO International Airport,110,False,0,Los Angeles,LAX International Airport,20:10,18:45,1,Economy,,,
1527,American Airlines,2019-03-01,San Francisco,SFO International Airport,304,True,1,London,Heathrow International Airport,00:50,15:05,1,Economy,,,
1528,British Airways,2019-03-01,San Francisco,SFO International Airport,384,False,1,London,Heathrow International Airport,20:11,09:15,1,Economy,,,
1529,Delta Airlines,2019-03-01,San Francisco,SFO International Airport,388,False,1,London,Heathrow International Airport,21:12,08:00,1,Economy,,,
1530,United Airlines,2019-03-01,San Francisco,SFO International Airport,401,False,1,London,Heathrow International Airport,09:31,00:25,1,Economy,,,
1531,American Airlines,2019-03-06,San Francisco,SFO International Airport,99,False,0,Las Vegas,McCarran International Airport,12:30,10:55,2,Economy,,,
1532,Delta Airlines,2019-03-06,San Francisco,SFO International Airport,103,True,0,Las Vegas,McCarran International Airport,00:25,22:50,2,Economy,,,
1533,Southwest Airlines,2019-03-06,San Francisco,SFO International Airport,100,False,0,Las Vegas,McCarran International Airport,11:30,09:55,2,Economy,,,
1534,United Airlines,2019-03-06,San Francisco,SFO International Airport,114,False,0,Las Vegas,McCarran International Airport,16:40,15:05,2,Economy,,,
1535,American Airlines,2019-03-06,Los Angeles,LAX International Airport,150,False,0,Mexico City,Benito Juarez International Airport,09:25,08:05,3,Economy,,,
1536,Delta Airlines,2019-03-06,Los Angeles,LAX International Airport,239,False,1,Mexico City,Benito Juarez International Airport,17:15,13:45,3,Economy,,,
1537,United Airlines,2019-03-06,Los Angeles,LAX International Airport,149,False,0,Mexico City,Benito Juarez International Airport,22:05,20:45,3,Economy,,,
1538,Air Canada,2019-03-08,New York,JFK International Airport,96,False,0,Toronto,Toronto Pearson International Airport,14:53,13:25,4,Economy,,,
1539,American Airlines,2019-03-08,New York,JFK International Airport,108,False,0,Toronto,Toronto Pearson International Airport,14:18,12:50,4,Economy,,,
1540,Air France,2019-03-07,Chicago,O'Hare International Airport,400,True,1,Paris,Charles de Gaulle International Airport,00:37,13:25,4,Economy,,,
1541,Delta Airlines,2019-03-07,Chicago,O'Hare International Airport,215,True,0,Paris,Charles de Gaulle International Airport,02:16,23:20,4,Economy,,,
1542,Alaska Airlines,2019-03-02,Phoenix,Sky Harbor International Airport,128,False,0,San Francisco,SFO International Airport,13:52,11:45,3,Economy,,,
1543,American Airlines,2019-03-02,Phoenix,Sky Harbor International Airport,194,False,1,San Francisco,SFO International Airport,12:49,08:10,3,Economy,,,
1544,Delta Airlines,2019-03-02,Phoenix,Sky Harbor International Airport,103,False,0,San Francisco,SFO International Airport,11:42,09:35,3,Economy,,,
1545,Southwest Airlines,2019-03-02,Phoenix,Sky Harbor International Airport,122,True,0,San Francisco,SFO International Airport,01:17,23:10,3,Economy,,,
1546,United Airlines,2019-03-02,Phoenix,Sky Harbor International Airport,131,False,0,San Francisco,SFO International Airport,15:47,13:40,3,Economy,,,
1547,American Airlines,2019-03-03,Los Angeles,LAX International Airport,273,True,0,Kuala Lumpur,KLIA International Airport,02:37,22:55,4,Economy,,,
1548,Delta Airlines,2019-03-03,Los Angeles,LAX International Airport,387,False,1,Kuala Lumpur,KLIA International Airport,08:10,00:15,4,Economy,,,
1549,United Airlines,2019-03-03,Chicago,O'Hare International Airport,171,True,0,San Francisco,SFO International Airport,04:07,21:20,3,Economy,,,
1550,American Airlines,2019-03-07,New York,JFK International Airport,88,False,0,Washington,Dulles International Airport,07:15,06:05,1,Economy,,,
1551,Southwest Airlines,2019-03-07,New York,JFK International Airport,77,False,0,Washington,Dulles International Airport,10:25,09:15,1,Economy,,,
1552,American Airlines,2019-03-04,New York,JFK International Airport,136,False,0,Chicago,O'Hare International Airport,15:49,12:30,2,Economy,,,
1553,Delta Airlines,2019-03-04,New York,JFK International Airport,154,False,0,Chicago,O'Hare International Airport,12:34,09:15,2,Economy,,,
1554,Southwest Airlines,2019-03-04,New York,JFK International Airport,133,False,0,Chicago,O'Hare International Airport,10:09,06:50,2,Economy,,,
1555,United Airlines,2019-03-04,New York,JFK International Airport,123,True,0,Chicago,O'Hare International Airport,00:19,21:00,2,Economy,,,
1556,American Airlines,2019-03-02,Chicago,O'Hare International Airport,240,False,0,Delhi,Indira Gandhi International Airport,09:04,09:20,4,Economy,,,
1557,United Airlines,2019-03-02,Chicago,O'Hare International Airport,415,False,1,Delhi,Indira Gandhi International Airport,13:52,01:10,4,Economy,,,
1558,American Airlines,2019-03-11,Philadelphia,PHL International Airport,125,False,0,Chicago,O'Hare International Airport,21:51,18:40,3,Economy,,,
1559,Delta Airlines,2019-03-11,Philadelphia,PHL International Airport,144,True,0,Chicago,O'Hare International Airport,00:51,21:40,3,Economy,,,
1560,Southwest Airlines,2019-03-11,Philadelphia,PHL International Airport,139,True,0,Chicago,O'Hare International Airport,00:16,21:05,3,Economy,,,
1561,Delta Airlines,2019-03-06,New York,JFK International Airport,207,False,0,London,Heathrow International Airport,19:57,15:35,4,Economy,,,
1562,Alaska Airlines,2019-03-11,New York,JFK International Airport,329,False,0,San Francisco,SFO International Airport,18:01,08:35,4,Premium Economy,,,
1563,American Airlines,2019-03-11,New York,JFK International Airport,295,True,0,San Francisco,SFO International Airport,05:56,20:30,4,Premium Economy,,,
1564,Delta Airlines,2019-03-11,New York,JFK International Airport,324,False,0,San Francisco,SFO International Airport,20:21,10:55,4,Premium Economy,,,
1565,Southwest Airlines,2019-03-11,New York,JFK International Airport,355,True,0,San Francisco,SFO International Airport,06:46,21:20,4,Premium Economy,,,
1566,United Airlines,2019-03-11,New York,JFK International Airport,352,False,0,San Francisco,SFO International Airport,15:16,05:50,4,Premium Economy,,,
1567,Alaska Airlines,2019-03-01,Portland,PDX International Airport,108,False,0,San Francisco,SFO International Airport,14:13,12:20,2,Economy,,,
1568,American Airlines,2019-03-01,Portland,PDX International Airport,91,False,0,San Francisco,SFO International Airport,09:58,08:05,2,Economy,,,
1569,Delta Airlines,2019-03-01,Portland,PDX International Airport,114,False,0,San Francisco,SFO International Airport,07:13,05:20,2,Economy,,,
1570,Southwest Airlines,2019-03-01,Portland,PDX International Airport,129,True,0,San Francisco,SFO International Airport,01:23,23:30,2,Economy,,,
1571,United Airlines,2019-03-01,Portland,PDX International Airport,184,False,1,San Francisco,SFO International Airport,17:33,13:10,2,Economy,,,
1572,American Airlines,2019-03-01,San Francisco,SFO International Airport,292,False,0,Chicago,O'Hare International Airport,09:52,07:05,1,Premium Economy,,,
1573,Southwest Airlines,2019-03-01,San Francisco,SFO International Airport,278,False,0,Chicago,O'Hare International Airport,14:22,11:35,1,Premium Economy,,,
1574,United Airlines,2019-03-01,San Francisco,SFO International Airport,300,False,0,Chicago,O'Hare International Airport,06:47,04:00,1,Premium Economy,,,
1575,Southwest Airlines,2019-03-01,San Francisco,SFO International Airport,278,False,0,Chicago,O'Hare International Airport,14:22,11:35,4,Premium Economy,,,
1576,Alaska Airlines,2019-03-03,New York,JFK International Airport,244,True,1,San Diego,SAN International Airport,03:15,15:20,3,Economy,,,
1577,United Airlines,2019-03-03,New York,JFK International Airport,302,False,1,San Diego,SAN International Airport,20:21,07:20,3,Economy,,,
1578,American Airlines,2019-03-01,New York,JFK International Airport,130,False,0,Atlanta,Hartsfield-Jackson International Airport,08:47,06:25,1,Economy,,,
1579,Delta Airlines,2019-03-01,New York,JFK International Airport,129,False,0,Atlanta,Hartsfield-Jackson International Airport,18:02,15:40,1,Economy,,,
1580,Southwest Airlines,2019-03-01,New York,JFK International Airport,142,False,0,Atlanta,Hartsfield-Jackson International Airport,11:42,09:20,1,Economy,,,
1581,United Airlines,2019-03-01,New York,JFK International Airport,118,False,0,Atlanta,Hartsfield-Jackson International Airport,15:12,12:50,1,Economy,,,
1582,Air Canada,2019-03-07,New York,JFK International Airport,85,False,0,Toronto,Toronto Pearson International Airport,14:53,13:25,1,Economy,,,
1583,Alaska Airlines,2019-03-02,London,Heathrow International Airport,388,True,1,Seattle,Seattle-Tacoma International Airport,10:14,08:25,4,Economy,,,
1584,Southwest Airlines,2019-03-02,London,Heathrow International Airport,388,True,1,Seattle,Seattle-Tacoma International Airport,06:04,05:25,4,Economy,,,
1585,United Airlines,2019-03-02,London,Heathrow International Airport,392,True,1,Seattle,Seattle-Tacoma International Airport,18:14,18:20,4,Economy,,,
1586,American Airlines,2019-03-01,San Diego,SAN International Airport,78,False,0,Las Vegas,McCarran International Airport,09:34,08:20,2,Economy,,,
1587,Delta Airlines,2019-03-01,San Diego,SAN International Airport,88,False,0,Las Vegas,McCarran International Airport,18:19,17:05,2,Economy,,,
1588,Southwest Airlines,2019-03-01,San Diego,SAN International Airport,77,False,0,Las Vegas,McCarran International Airport,16:24,15:10,2,Economy,,,
1589,United Airlines,2019-03-01,San Diego,SAN International Airport,82,False,0,Las Vegas,McCarran International Airport,10:49,09:35,2,Economy,,,
1590,United Airlines,2019-03-02,Philadelphia,PHL International Airport,189,True,1,Toronto,Toronto Pearson International Airport,00:16,17:35,3,Economy,,,
1591,Alaska Airlines,2019-03-01,New York,JFK International Airport,197,False,0,Los Angeles,LAX International Airport,18:40,09:30,4,Economy,,,
1592,American Airlines,2019-03-01,New York,JFK International Airport,210,True,0,Los Angeles,LAX International Airport,03:30,18:20,4,Economy,,,
1593,Delta Airlines,2019-03-01,New York,JFK International Airport,186,True,0,Los Angeles,LAX International Airport,08:05,22:55,4,Economy,,,
1594,Southwest Airlines,2019-03-01,New York,JFK International Airport,288,True,1,Los Angeles,LAX International Airport,01:19,13:40,4,Economy,,,
1595,United Airlines,2019-03-01,New York,JFK International Airport,284,False,1,Los Angeles,LAX International Airport,23:58,12:15,4,Economy,,,
1596,Delta Airlines,2019-03-04,New York,JFK International Airport,272,True,0,Nairobi,Jomo Kenyatta International Airport,03:07,17:00,2,Economy,,,
1597,Air Canada,2019-03-05,Los Angeles,LAX International Airport,226,False,0,Vancouver,YVR International Airport,19:49,16:45,4,Premium Economy,,,
1598,American Airlines,2019-03-05,Los Angeles,LAX International Airport,204,True,0,Vancouver,YVR International Airport,02:04,23:00,4,Premium Economy,,,
1599,Delta Airlines,2019-03-05,Los Angeles,LAX International Airport,238,False,0,Vancouver,YVR International Airport,06:24,03:20,4,Premium Economy,,,
1600,United Airlines,2019-03-05,San Francisco,SFO International Airport,204,False,0,New York,JFK International Airport,09:56,06:30,1,Economy,,,
1601,American Airlines,2019-03-01,Chicago,O'Hare International Airport,186,False,0,New York,JFK International Airport,21:04,19:45,4,Premium Economy,,,
1602,Delta Airlines,2019-03-01,Chicago,O'Hare International Airport,223,False,0,New York,JFK International Airport,07:19,06:00,4,Premium Economy,,,
1603,Southwest Airlines,2019-03-01,Chicago,O'Hare International Airport,207,False,0,New York,JFK International Airport,05:39,04:20,4,Premium Economy,,,
1604,British Airways,2019-03-08,Philadelphia,PHL International Airport,420,False,1,London,Heathrow International Airport,19:46,09:15,1,Premium Economy,,,
1605,American Airlines,2019-03-01,New York,JFK International Airport,67,False,0,Philadelphia,PHL International Airport,17:36,16:45,2,Economy,,,
1606,Delta Airlines,2019-03-01,New York,JFK International Airport,58,False,0,Philadelphia,PHL International Airport,17:31,16:40,2,Economy,,,
1607,Southwest Airlines,2019-03-01,New York,JFK International Airport,61,False,0,Philadelphia,PHL International Airport,08:36,07:45,2,Economy,,,
1608,United Airlines,2019-03-01,New York,JFK International Airport,64,False,0,Philadelphia,PHL International Airport,13:46,12:55,2,Economy,,,
1609,United Airlines,2019-03-03,Vancouver,YVR International Airport,276,False,1,Atlanta,Hartsfield-Jackson International Airport,11:11,06:15,2,Economy,,,
1610,American Airlines,2019-03-03,Seattle,Seattle-Tacoma International Airport,213,False,1,Las Vegas,McCarran International Airport,14:47,09:30,2,Economy,,,
1611,American Airlines,2019-03-02,Seattle,Seattle-Tacoma International Airport,258,False,0,Kuala Lumpur,KLIA International Airport,06:43,05:05,4,Economy,,,
1612,Delta Airlines,2019-03-02,Seattle,Seattle-Tacoma International Airport,305,False,0,Kuala Lumpur,KLIA International Airport,15:33,13:55,4,Economy,,,
1613,American Airlines,2019-03-10,New York,JFK International Airport,134,False,0,Chicago,O'Hare International Airport,15:49,12:30,1,Economy,,,
1614,Delta Airlines,2019-03-10,New York,JFK International Airport,123,False,0,Chicago,O'Hare International Airport,12:34,09:15,1,Economy,,,
1615,Southwest Airlines,2019-03-10,New York,JFK International Airport,130,True,0,Chicago,O'Hare International Airport,01:09,21:50,1,Economy,,,
1616,United Airlines,2019-03-10,New York,JFK International Airport,126,False,0,Chicago,O'Hare International Airport,18:34,15:15,1,Economy,,,
1617,American Airlines,2019-03-10,New York,JFK International Airport,223,False,0,Chicago,O'Hare International Airport,15:49,12:30,1,Premium Economy,,,
1618,Delta Airlines,2019-03-10,New York,JFK International Airport,200,True,0,Chicago,O'Hare International Airport,01:19,22:00,1,Premium Economy,,,
1619,Delta Airlines,2019-03-01,San Diego,SAN International Airport,242,False,1,Toronto,Toronto Pearson International Airport,05:44,02:10,3,Economy,,,
1620,American Airlines,2019-03-04,Los Angeles,LAX International Airport,184,False,0,Atlanta,Hartsfield-Jackson International Airport,11:34,09:35,3,Economy,,,
1621,British Airways,2019-03-02,Philadelphia,PHL International Airport,241,False,1,London,Heathrow International Airport,19:46,09:15,3,Economy,,,
1622,Delta Airlines,2019-03-02,Philadelphia,PHL International Airport,327,False,1,London,Heathrow International Airport,21:06,08:00,3,Economy,,,
1623,United Airlines,2019-03-02,Philadelphia,PHL International Airport,279,False,1,London,Heathrow International Airport,10:56,00:25,3,Economy,,,
1624,American Airlines,2019-03-02,San Diego,SAN International Airport,245,False,1,New York,JFK International Airport,08:24,04:05,4,Economy,,,
1625,Southwest Airlines,2019-03-02,San Diego,SAN International Airport,245,False,1,New York,JFK International Airport,13:54,08:40,4,Economy,,,
1626,United Airlines,2019-03-02,San Diego,SAN International Airport,298,False,1,New York,JFK International Airport,12:25,06:30,4,Economy,,,
1627,Southwest Airlines,2019-03-06,San Francisco,SFO International Airport,127,False,0,Phoenix,Sky Harbor International Airport,08:07,06:00,4,Economy,,,
1628,American Airlines,2019-03-02,San Diego,SAN International Airport,91,False,0,Las Vegas,McCarran International Airport,09:34,08:20,4,Economy,,,
1629,Delta Airlines,2019-03-02,San Diego,SAN International Airport,79,False,0,Las Vegas,McCarran International Airport,21:04,19:50,4,Economy,,,
1630,Southwest Airlines,2019-03-02,San Diego,SAN International Airport,80,False,0,Las Vegas,McCarran International Airport,16:24,15:10,4,Economy,,,
1631,United Airlines,2019-03-02,San Diego,SAN International Airport,88,False,0,Las Vegas,McCarran International Airport,10:49,09:35,4,Economy,,,
1632,American Airlines,2019-03-02,Toronto,Toronto Pearson International Airport,98,False,0,Washington,Dulles International Airport,19:05,17:40,3,Economy,,,
1633,Southwest Airlines,2019-03-02,Toronto,Toronto Pearson International Airport,95,False,0,Washington,Dulles International Airport,06:05,04:40,3,Economy,,,
1634,American Airlines,2019-03-07,San Francisco,SFO International Airport,364,False,1,London,Heathrow International Airport,23:45,15:05,3,Economy,,,
1635,British Airways,2019-03-07,San Francisco,SFO International Airport,419,False,1,London,Heathrow International Airport,20:11,09:15,3,Economy,,,
1636,Delta Airlines,2019-03-07,San Francisco,SFO International Airport,391,False,1,London,Heathrow International Airport,21:12,08:00,3,Economy,,,
1637,United Airlines,2019-03-07,San Francisco,SFO International Airport,391,False,1,London,Heathrow International Airport,09:31,00:25,3,Economy,,,
1638,Air Canada,2019-03-01,Philadelphia,PHL International Airport,161,False,1,Toronto,Toronto Pearson International Airport,19:46,13:25,1,Economy,,,
1639,United Airlines,2019-03-01,Philadelphia,PHL International Airport,213,True,1,Toronto,Toronto Pearson International Airport,00:16,17:35,1,Economy,,,
1640,Air Canada,2019-03-01,Philadelphia,PHL International Airport,215,False,1,Toronto,Toronto Pearson International Airport,19:46,13:25,1,Premium Economy,,,
1641,American Airlines,2019-03-01,Philadelphia,PHL International Airport,243,False,1,Toronto,Toronto Pearson International Airport,19:46,12:50,1,Premium Economy,,,
1642,Delta Airlines,2019-03-10,Phoenix,Sky Harbor International Airport,146,False,0,Portland,PDX International Airport,11:20,08:25,3,Economy,,,
1643,American Airlines,2019-03-08,Atlanta,Hartsfield-Jackson International Airport,268,True,0,London,Heathrow International Airport,02:39,20:35,4,Economy,,,
1644,British Airways,2019-03-08,Atlanta,Hartsfield-Jackson International Airport,222,False,0,London,Heathrow International Airport,14:04,08:00,4,Economy,,,
1645,Delta Airlines,2019-03-08,Atlanta,Hartsfield-Jackson International Airport,314,False,1,London,Heathrow International Airport,20:21,08:00,4,Economy,,,
1646,United Airlines,2019-03-08,Atlanta,Hartsfield-Jackson International Airport,378,False,1,London,Heathrow International Airport,09:42,00:25,4,Economy,,,
1647,Alaska Airlines,2019-03-10,Sydney,Kingsford Smith International Airport,294,True,1,Seattle,Seattle-Tacoma International Airport,16:01,12:00,3,Economy,,,
1648,American Airlines,2019-03-10,Sydney,Kingsford Smith International Airport,341,True,1,Seattle,Seattle-Tacoma International Airport,12:22,08:15,3,Economy,,,
1649,Delta Airlines,2019-03-10,Sydney,Kingsford Smith International Airport,343,True,1,Seattle,Seattle-Tacoma International Airport,12:22,07:40,3,Economy,,,
1650,United Airlines,2019-03-10,Sydney,Kingsford Smith International Airport,300,True,1,Seattle,Seattle-Tacoma International Airport,16:01,11:35,3,Economy,,,
1651,Alaska Airlines,2019-03-08,New York,JFK International Airport,271,False,1,Seattle,Seattle-Tacoma International Airport,18:34,08:25,1,Economy,,,
1652,American Airlines,2019-03-08,New York,JFK International Airport,299,True,1,Seattle,Seattle-Tacoma International Airport,02:14,16:00,1,Economy,,,
1653,Delta Airlines,2019-03-08,New York,JFK International Airport,295,True,1,Seattle,Seattle-Tacoma International Airport,01:09,15:15,1,Economy,,,
1654,Southwest Airlines,2019-03-08,New York,JFK International Airport,312,False,1,Seattle,Seattle-Tacoma International Airport,18:40,05:25,1,Economy,,,
1655,United Airlines,2019-03-08,New York,JFK International Airport,346,False,1,Seattle,Seattle-Tacoma International Airport,23:20,10:10,1,Economy,,,
1656,Alaska Airlines,2019-03-03,Philadelphia,PHL International Airport,272,True,1,San Francisco,SFO International Airport,00:16,13:35,1,Economy,,,
1657,Delta Airlines,2019-03-03,Philadelphia,PHL International Airport,254,False,1,San Francisco,SFO International Airport,22:26,10:55,1,Economy,,,
1658,United Airlines,2019-03-03,Philadelphia,PHL International Airport,228,False,1,San Francisco,SFO International Airport,16:36,05:50,1,Economy,,,
1659,Alaska Airlines,2019-03-08,Atlanta,Hartsfield-Jackson International Airport,169,True,0,San Francisco,SFO International Airport,00:21,15:55,4,Economy,,,
1660,American Airlines,2019-03-08,Atlanta,Hartsfield-Jackson International Airport,256,True,1,San Francisco,SFO International Airport,01:24,15:50,4,Economy,,,
1661,Delta Airlines,2019-03-08,Atlanta,Hartsfield-Jackson International Airport,187,False,0,San Francisco,SFO International Airport,18:31,10:05,4,Economy,,,
1662,Southwest Airlines,2019-03-08,Atlanta,Hartsfield-Jackson International Airport,261,False,1,San Francisco,SFO International Airport,17:19,06:45,4,Economy,,,
1663,United Airlines,2019-03-08,Atlanta,Hartsfield-Jackson International Airport,168,False,0,San Francisco,SFO International Airport,18:41,10:15,4,Economy,,,
1664,American Airlines,2019-03-06,Los Angeles,LAX International Airport,282,False,0,London,Heathrow International Airport,20:54,15:05,1,Economy,,,
1665,British Airways,2019-03-06,Los Angeles,LAX International Airport,414,False,1,London,Heathrow International Airport,19:39,08:00,1,Economy,,,
1666,Delta Airlines,2019-03-06,Los Angeles,LAX International Airport,403,False,1,London,Heathrow International Airport,15:17,08:00,1,Economy,,,
1667,United Airlines,2019-03-06,Los Angeles,LAX International Airport,401,False,1,London,Heathrow International Airport,10:00,00:25,1,Economy,,,
1668,Alaska Airlines,2019-03-02,New York,JFK International Airport,307,False,1,Portland,PDX International Airport,23:20,10:10,4,Economy,,,
1669,American Airlines,2019-03-02,New York,JFK International Airport,308,False,1,Portland,PDX International Airport,20:21,07:20,4,Economy,,,
1670,Delta Airlines,2019-03-02,New York,JFK International Airport,294,False,1,Portland,PDX International Airport,20:21,08:45,4,Economy,,,
1671,Southwest Airlines,2019-03-02,New York,JFK International Airport,328,True,1,Portland,PDX International Airport,05:25,16:55,4,Economy,,,
1672,American Airlines,2019-03-02,Vancouver,YVR International Airport,191,False,0,Atlanta,Hartsfield-Jackson International Airport,17:06,14:25,3,Economy,,,
1673,Delta Airlines,2019-03-02,Vancouver,YVR International Airport,259,False,1,Atlanta,Hartsfield-Jackson International Airport,14:31,07:50,3,Economy,,,
1674,Southwest Airlines,2019-03-02,Vancouver,YVR International Airport,228,False,1,Atlanta,Hartsfield-Jackson International Airport,11:11,04:35,3,Economy,,,
1675,United Airlines,2019-03-02,Vancouver,YVR International Airport,195,False,0,Atlanta,Hartsfield-Jackson International Airport,14:56,12:15,3,Economy,,,
1676,American Airlines,2019-03-04,Toronto,Toronto Pearson International Airport,278,False,1,Los Angeles,LAX International Airport,18:58,08:30,1,Economy,,,
1677,American Airlines,2019-03-01,Philadelphia,PHL International Airport,356,False,1,Nairobi,Jomo Kenyatta International Airport,19:46,05:35,4,Economy,,,
1678,Delta Airlines,2019-03-06,Phoenix,Sky Harbor International Airport,224,False,1,Seattle,Seattle-Tacoma International Airport,13:38,08:45,1,Economy,,,
1679,Air France,2019-03-01,New York,JFK International Airport,353,False,1,Paris,Charles de Gaulle International Airport,12:34,03:55,2,Economy,,,
1680,American Airlines,2019-03-01,New York,JFK International Airport,215,True,0,Paris,Charles de Gaulle International Airport,02:17,23:30,2,Economy,,,
1681,Delta Airlines,2019-03-01,New York,JFK International Airport,243,False,0,Paris,Charles de Gaulle International Airport,12:47,10:00,2,Economy,,,
1682,United Airlines,2019-03-01,New York,JFK International Airport,254,True,0,Paris,Charles de Gaulle International Airport,01:57,23:10,2,Economy,,,
1683,American Airlines,2019-03-01,Los Angeles,LAX International Airport,350,True,0,Kuala Lumpur,KLIA International Airport,02:37,22:55,4,Economy,,,
1684,Air France,2019-03-05,Los Angeles,LAX International Airport,280,True,0,Paris,Charles de Gaulle International Airport,01:33,21:15,4,Economy,,,
1685,American Airlines,2019-03-05,Los Angeles,LAX International Airport,434,False,1,Paris,Charles de Gaulle International Airport,10:40,04:05,4,Economy,,,
1686,Delta Airlines,2019-03-05,Los Angeles,LAX International Airport,250,True,0,Paris,Charles de Gaulle International Airport,03:28,23:10,4,Economy,,,
1687,Air France,2019-03-08,San Francisco,SFO International Airport,294,False,0,Paris,Charles de Gaulle International Airport,17:33,13:25,4,Economy,,,
1688,American Airlines,2019-03-08,San Francisco,SFO International Airport,248,False,0,Paris,Charles de Gaulle International Airport,08:13,04:05,4,Economy,,,
1689,Delta Airlines,2019-03-08,San Francisco,SFO International Airport,293,False,0,Paris,Charles de Gaulle International Airport,15:28,11:20,4,Economy,,,
1690,American Airlines,2019-03-03,Los Angeles,LAX International Airport,165,True,0,Chicago,O'Hare International Airport,00:07,21:35,2,Economy,,,
1691,Delta Airlines,2019-03-03,Los Angeles,LAX International Airport,146,True,0,Chicago,O'Hare International Airport,01:47,23:15,2,Economy,,,
1692,Southwest Airlines,2019-03-03,Los Angeles,LAX International Airport,149,False,0,Chicago,O'Hare International Airport,17:22,14:50,2,Economy,,,
1693,United Airlines,2019-03-03,Los Angeles,LAX International Airport,161,False,0,Chicago,O'Hare International Airport,15:17,12:45,2,Economy,,,
1694,American Airlines,2019-03-01,Philadelphia,PHL International Airport,340,True,1,London,Heathrow International Airport,00:16,14:05,4,Economy,,,
1695,British Airways,2019-03-01,Philadelphia,PHL International Airport,254,False,1,London,Heathrow International Airport,19:46,09:15,4,Economy,,,
1696,Delta Airlines,2019-03-01,Philadelphia,PHL International Airport,361,False,1,London,Heathrow International Airport,21:06,08:00,4,Economy,,,
1697,United Airlines,2019-03-01,Philadelphia,PHL International Airport,273,False,1,London,Heathrow International Airport,10:56,00:25,4,Economy,,,
1698,Air Canada,2019-03-02,Los Angeles,LAX International Airport,276,True,1,Toronto,Toronto Pearson International Airport,00:32,16:40,2,Economy,,,
1699,American Airlines,2019-03-02,Los Angeles,LAX International Airport,186,False,0,Toronto,Toronto Pearson International Airport,20:59,18:30,2,Economy,,,
1700,Delta Airlines,2019-03-02,Los Angeles,LAX International Airport,197,False,0,Toronto,Toronto Pearson International Airport,04:39,02:10,2,Economy,,,
1701,United Airlines,2019-03-02,Los Angeles,LAX International Airport,269,True,1,Toronto,Toronto Pearson International Airport,00:32,17:35,2,Economy,,,
1702,American Airlines,2019-03-04,Vancouver,YVR International Airport,314,False,1,Atlanta,Hartsfield-Jackson International Airport,19:49,14:30,4,Economy,,,
1703,Delta Airlines,2019-03-04,Vancouver,YVR International Airport,214,False,0,Atlanta,Hartsfield-Jackson International Airport,18:01,15:20,4,Economy,,,
1704,Southwest Airlines,2019-03-04,Vancouver,YVR International Airport,300,False,1,Atlanta,Hartsfield-Jackson International Airport,11:11,04:35,4,Economy,,,
1705,United Airlines,2019-03-04,Vancouver,YVR International Airport,200,False,0,Atlanta,Hartsfield-Jackson International Airport,14:56,12:15,4,Economy,,,
1706,Alaska Airlines,2019-03-01,New York,JFK International Airport,302,True,1,Seattle,Seattle-Tacoma International Airport,01:31,12:00,1,Economy,,,
1707,American Airlines,2019-03-01,New York,JFK International Airport,292,True,1,Seattle,Seattle-Tacoma International Airport,02:14,16:00,1,Economy,,,
1708,Delta Airlines,2019-03-01,New York,JFK International Airport,281,True,1,Seattle,Seattle-Tacoma International Airport,01:09,15:15,1,Economy,,,
1709,Southwest Airlines,2019-03-01,New York,JFK International Airport,324,False,1,Seattle,Seattle-Tacoma International Airport,18:40,05:25,1,Economy,,,
1710,United Airlines,2019-03-01,New York,JFK International Airport,337,False,1,Seattle,Seattle-Tacoma International Airport,23:20,10:10,1,Economy,,,
1711,Alaska Airlines,2019-03-02,New York,JFK International Airport,307,False,1,Portland,PDX International Airport,23:20,10:10,1,Economy,,,
1712,American Airlines,2019-03-02,New York,JFK International Airport,308,False,1,Portland,PDX International Airport,20:21,07:20,1,Economy,,,
1713,Delta Airlines,2019-03-02,New York,JFK International Airport,294,False,1,Portland,PDX International Airport,20:21,08:45,1,Economy,,,
1714,Southwest Airlines,2019-03-02,New York,JFK International Airport,328,True,1,Portland,PDX International Airport,05:25,16:55,1,Economy,,,
1715,Southwest Airlines,2019-03-06,Toronto,Toronto Pearson International Airport,92,False,0,Washington,Dulles International Airport,06:05,04:40,2,Economy,,,
1716,Southwest Airlines,2019-03-04,London,Heathrow International Airport,439,True,1,Philadelphia,PHL International Airport,06:42,17:20,1,Premium Economy,,,
1717,Air Canada,2019-03-05,Seattle,Seattle-Tacoma International Airport,437,True,1,Vancouver,YVR International Airport,02:32,16:45,2,Premium Economy,,,
1718,United Airlines,2019-03-11,New York,JFK International Airport,59,False,0,Philadelphia,PHL International Airport,05:36,04:45,2,Economy,,,
1719,American Airlines,2019-03-03,Philadelphia,PHL International Airport,151,False,1,Washington,Dulles International Airport,19:46,17:10,4,Economy,12:05,09:45,2019-03-08
1720,United Airlines,2019-03-03,Philadelphia,PHL International Airport,192,True,1,Washington,Dulles International Airport,00:51,20:40,4,Economy,07:15,04:45,2019-03-08
1721,American Airlines,2019-03-09,Philadelphia,PHL International Airport,69,False,0,New York,JFK International Airport,08:46,07:55,1,Economy,18:26,17:35,2019-03-12
1722,Delta Airlines,2019-03-09,Philadelphia,PHL International Airport,62,False,0,New York,JFK International Airport,19:46,18:55,1,Economy,17:31,16:40,2019-03-12
1723,Southwest Airlines,2019-03-09,Philadelphia,PHL International Airport,72,False,0,New York,JFK International Airport,05:46,04:55,1,Economy,08:36,07:45,2019-03-12
1724,United Airlines,2019-03-09,Philadelphia,PHL International Airport,63,False,0,New York,JFK International Airport,10:56,10:05,1,Economy,05:36,04:45,2019-03-12
1725,American Airlines,2019-03-05,Los Angeles,LAX International Airport,70,False,0,San Diego,SAN International Airport,10:44,09:50,3,Economy,08:14,07:20,2019-03-14
1726,American Airlines,2019-03-01,Philadelphia,PHL International Airport,66,False,0,New York,JFK International Airport,08:46,07:55,1,Economy,18:26,17:35,2019-03-14
1727,Delta Airlines,2019-03-01,Philadelphia,PHL International Airport,66,False,0,New York,JFK International Airport,12:01,11:10,1,Economy,20:16,19:25,2019-03-14
1728,Southwest Airlines,2019-03-01,Philadelphia,PHL International Airport,68,False,0,New York,JFK International Airport,05:46,04:55,1,Economy,08:36,07:45,2019-03-14
1729,United Airlines,2019-03-01,Philadelphia,PHL International Airport,63,False,0,New York,JFK International Airport,11:36,10:45,1,Economy,21:51,21:00,2019-03-14
1730,American Airlines,2019-03-03,San Diego,SAN International Airport,65,False,0,Los Angeles,LAX International Airport,08:14,07:20,3,Economy,10:44,09:50,2019-03-13
1731,United Airlines,2019-03-03,San Francisco,SFO International Airport,152,False,1,Las Vegas,McCarran International Airport,10:55,08:15,1,Economy,20:50,19:15,2019-03-11
1732,American Airlines,2019-03-04,Portland,PDX International Airport,80,False,0,Seattle,Seattle-Tacoma International Airport,09:03,08:05,2,Economy,06:58,06:00,2019-03-13
1733,Delta Airlines,2019-03-04,Portland,PDX International Airport,75,False,0,Seattle,Seattle-Tacoma International Airport,08:53,07:55,2,Economy,10:33,09:35,2019-03-13
1734,United Airlines,2019-03-04,Portland,PDX International Airport,82,False,0,Seattle,Seattle-Tacoma International Airport,05:13,04:15,2,Economy,23:43,22:45,2019-03-13
1735,Southwest Airlines,2019-03-05,Philadelphia,PHL International Airport,63,False,0,New York,JFK International Airport,05:46,04:55,1,Economy,08:36,07:45,2019-03-14
1736,Southwest Airlines,2019-03-07,New York,JFK International Airport,122,False,0,Washington,Dulles International Airport,18:00,16:50,4,Premium Economy,23:00,21:50,2019-03-14
1737,Alaska Airlines,2019-03-03,Los Angeles,LAX International Airport,108,False,0,San Francisco,SFO International Airport,20:35,19:10,1,Economy,19:15,17:50,2019-03-13
1738,American Airlines,2019-03-03,Los Angeles,LAX International Airport,98,False,0,San Francisco,SFO International Airport,17:15,15:50,1,Economy,07:55,06:30,2019-03-13
1739,Southwest Airlines,2019-03-03,Los Angeles,LAX International Airport,115,False,0,San Francisco,SFO International Airport,14:15,12:50,1,Economy,23:45,22:20,2019-03-13
1740,United Airlines,2019-03-03,Los Angeles,LAX International Airport,146,False,1,San Francisco,SFO International Airport,10:40,09:15,1,Economy,11:30,08:05,2019-03-13
1741,American Airlines,2019-03-05,Washington,Dulles International Airport,214,False,1,Philadelphia,PHL International Airport,12:05,09:45,1,Premium Economy,19:46,17:10,2019-03-10
1742,American Airlines,2019-03-02,Washington,Dulles International Airport,90,False,0,New York,JFK International Airport,12:05,10:55,1,Economy,07:15,06:05,2019-03-10
1743,Southwest Airlines,2019-03-02,Washington,Dulles International Airport,86,False,0,New York,JFK International Airport,18:25,17:15,1,Economy,10:25,09:15,2019-03-10
1744,Alaska Airlines,2019-03-04,San Francisco,SFO International Airport,113,False,0,San Diego,SAN International Airport,12:50,11:10,1,Economy,07:50,06:10,2019-03-12
1745,American Airlines,2019-03-04,San Francisco,SFO International Airport,143,False,1,San Diego,SAN International Airport,23:00,21:20,1,Economy,16:19,12:15,2019-03-12
1746,Delta Airlines,2019-03-04,San Francisco,SFO International Airport,104,False,0,San Diego,SAN International Airport,21:35,19:55,1,Economy,23:25,21:45,2019-03-12
1747,United Airlines,2019-03-04,San Francisco,SFO International Airport,138,False,1,San Diego,SAN International Airport,09:00,07:20,1,Economy,12:34,09:15,2019-03-12
1748,American Airlines,2019-03-06,Philadelphia,PHL International Airport,150,False,1,Washington,Dulles International Airport,19:46,17:10,4,Economy,12:05,09:45,2019-03-13
1749,United Airlines,2019-03-06,Philadelphia,PHL International Airport,196,True,1,Washington,Dulles International Airport,00:51,20:40,4,Economy,07:15,04:45,2019-03-13
1750,American Airlines,2019-03-04,Washington,Dulles International Airport,149,False,1,Philadelphia,PHL International Airport,12:05,09:45,1,Economy,19:46,17:10,2019-03-10
1751,United Airlines,2019-03-04,Washington,Dulles International Airport,215,True,1,Philadelphia,PHL International Airport,08:30,04:45,1,Economy,00:51,20:40,2019-03-10
1752,American Airlines,2019-03-03,Las Vegas,McCarran International Airport,139,False,1,San Francisco,SFO International Airport,15:25,12:15,1,Economy,07:05,05:30,2019-03-14
1753,Delta Airlines,2019-03-03,Las Vegas,McCarran International Airport,159,False,1,San Francisco,SFO International Airport,22:40,21:05,1,Economy,23:00,19:50,2019-03-14
1754,United Airlines,2019-03-03,Las Vegas,McCarran International Airport,109,False,0,San Francisco,SFO International Airport,20:50,19:15,1,Economy,16:40,15:05,2019-03-14
1755,United Airlines,2019-03-01,Philadelphia,PHL International Airport,195,True,1,Washington,Dulles International Airport,00:51,20:40,1,Economy,07:15,04:45,2019-03-12
1756,United Airlines,2019-03-01,New York,JFK International Airport,111,False,0,Philadelphia,PHL International Airport,13:46,12:55,1,Premium Economy,10:56,10:05,2019-03-13
1757,American Airlines,2019-03-03,Philadelphia,PHL International Airport,67,False,0,New York,JFK International Airport,08:46,07:55,1,Economy,18:26,17:35,2019-03-09
1758,Delta Airlines,2019-03-03,Philadelphia,PHL International Airport,68,False,0,New York,JFK International Airport,19:46,18:55,1,Economy,17:31,16:40,2019-03-09
1759,Southwest Airlines,2019-03-03,Philadelphia,PHL International Airport,64,False,0,New York,JFK International Airport,05:46,04:55,1,Economy,08:36,07:45,2019-03-09
1760,United Airlines,2019-03-03,Philadelphia,PHL International Airport,65,False,0,New York,JFK International Airport,11:36,10:45,1,Economy,21:51,21:00,2019-03-09
1761,American Airlines,2019-03-04,Portland,PDX International Airport,78,False,0,Seattle,Seattle-Tacoma International Airport,09:03,08:05,4,Economy,06:58,06:00,2019-03-14
1762,Delta Airlines,2019-03-04,Portland,PDX International Airport,71,False,0,Seattle,Seattle-Tacoma International Airport,08:53,07:55,4,Economy,10:33,09:35,2019-03-14
1763,United Airlines,2019-03-04,Portland,PDX International Airport,77,False,0,Seattle,Seattle-Tacoma International Airport,05:13,04:15,4,Economy,23:43,22:45,2019-03-14
1764,Delta Airlines,2019-03-03,Las Vegas,McCarran International Airport,146,False,0,Los Angeles,LAX International Airport,23:25,22:15,1,Premium Economy,22:50,21:40,2019-03-11
1765,American Airlines,2019-03-03,Las Vegas,McCarran International Airport,139,False,1,San Francisco,SFO International Airport,15:25,12:15,3,Economy,07:05,05:30,2019-03-08
1766,Delta Airlines,2019-03-03,Las Vegas,McCarran International Airport,114,True,0,San Francisco,SFO International Airport,22:40,21:05,3,Economy,00:25,22:50,2019-03-08
1767,United Airlines,2019-03-03,Las Vegas,McCarran International Airport,111,False,0,San Francisco,SFO International Airport,20:50,19:15,3,Economy,16:40,15:05,2019-03-08
1768,United Airlines,2019-03-03,Washington,Dulles International Airport,186,True,1,Philadelphia,PHL International Airport,07:15,04:45,2,Economy,00:51,20:40,2019-03-14
1769,American Airlines,2019-03-02,New York,JFK International Airport,69,False,0,Philadelphia,PHL International Airport,17:36,16:45,3,Economy,16:36,15:45,2019-03-11
1770,Delta Airlines,2019-03-02,New York,JFK International Airport,69,False,0,Philadelphia,PHL International Airport,17:31,16:40,3,Economy,19:46,18:55,2019-03-11
1771,Southwest Airlines,2019-03-02,New York,JFK International Airport,73,False,0,Philadelphia,PHL International Airport,08:36,07:45,3,Economy,05:46,04:55,2019-03-11
1772,United Airlines,2019-03-02,New York,JFK International Airport,65,False,0,Philadelphia,PHL International Airport,05:36,04:45,3,Economy,10:56,10:05,2019-03-11
1773,American Airlines,2019-03-02,New York,JFK International Airport,68,False,0,Philadelphia,PHL International Airport,17:36,16:45,3,Economy,16:36,15:45,2019-03-13
1774,Delta Airlines,2019-03-02,New York,JFK International Airport,65,False,0,Philadelphia,PHL International Airport,17:31,16:40,3,Economy,20:31,19:40,2019-03-13
1775,United Airlines,2019-03-08,Vancouver,YVR International Airport,238,False,1,Portland,PDX International Airport,20:12,10:35,1,Economy,23:53,18:05,2019-03-12
1776,United Airlines,2019-03-01,Vancouver,YVR International Airport,254,False,1,Portland,PDX International Airport,20:12,10:35,1,Economy,23:53,18:05,2019-03-12
1777,Delta Airlines,2019-03-03,Vancouver,YVR International Airport,281,False,1,Seattle,Seattle-Tacoma International Airport,19:49,08:45,3,Economy,14:47,03:20,2019-03-11
1778,American Airlines,2019-03-02,New York,JFK International Airport,69,False,0,Philadelphia,PHL International Airport,17:36,16:45,2,Economy,16:36,15:45,2019-03-10
1779,Delta Airlines,2019-03-02,New York,JFK International Airport,65,False,0,Philadelphia,PHL International Airport,17:31,16:40,2,Economy,19:46,18:55,2019-03-10
1780,Southwest Airlines,2019-03-02,New York,JFK International Airport,66,False,0,Philadelphia,PHL International Airport,08:36,07:45,2,Economy,05:46,04:55,2019-03-10
1781,United Airlines,2019-03-02,New York,JFK International Airport,59,False,0,Philadelphia,PHL International Airport,05:36,04:45,2,Economy,10:56,10:05,2019-03-10
1782,American Airlines,2019-03-02,Washington,Dulles International Airport,143,False,1,Philadelphia,PHL International Airport,12:05,09:45,3,Economy,19:46,17:10,2019-03-09
1783,United Airlines,2019-03-02,Washington,Dulles International Airport,185,True,1,Philadelphia,PHL International Airport,07:15,04:45,3,Economy,01:16,20:40,2019-03-09
1784,American Airlines,2019-03-04,Philadelphia,PHL International Airport,74,False,0,New York,JFK International Airport,08:46,07:55,4,Economy,18:26,17:35,2019-03-11
1785,Delta Airlines,2019-03-04,Philadelphia,PHL International Airport,65,False,0,New York,JFK International Airport,19:46,18:55,4,Economy,17:31,16:40,2019-03-11
1786,United Airlines,2019-03-04,Philadelphia,PHL International Airport,58,False,0,New York,JFK International Airport,11:36,10:45,4,Economy,21:51,21:00,2019-03-11
1787,Delta Airlines,2019-03-01,Seattle,Seattle-Tacoma International Airport,288,False,1,Vancouver,YVR International Airport,14:47,03:20,3,Economy,13:59,07:40,2019-03-14
1788,American Airlines,2019-03-01,Washington,Dulles International Airport,147,False,1,Philadelphia,PHL International Airport,12:05,09:45,1,Economy,19:46,17:10,2019-03-09
1789,American Airlines,2019-03-01,Philadelphia,PHL International Airport,151,False,1,Washington,Dulles International Airport,19:46,17:10,1,Economy,12:05,09:45,2019-03-08
1790,United Airlines,2019-03-01,Philadelphia,PHL International Airport,191,True,1,Washington,Dulles International Airport,00:51,20:40,1,Economy,07:15,04:45,2019-03-08
1791,Delta Airlines,2019-03-03,New York,JFK International Airport,61,False,0,Philadelphia,PHL International Airport,17:31,16:40,1,Economy,19:46,18:55,2019-03-12
1792,American Airlines,2019-03-03,Philadelphia,PHL International Airport,66,False,0,New York,JFK International Airport,08:46,07:55,1,Economy,18:26,17:35,2019-03-14
1793,Delta Airlines,2019-03-03,Philadelphia,PHL International Airport,63,False,0,New York,JFK International Airport,16:21,15:30,1,Economy,20:16,19:25,2019-03-14
1794,Southwest Airlines,2019-03-03,Philadelphia,PHL International Airport,63,False,0,New York,JFK International Airport,05:46,04:55,1,Economy,08:36,07:45,2019-03-14
1795,United Airlines,2019-03-03,Philadelphia,PHL International Airport,63,False,0,New York,JFK International Airport,11:36,10:45,1,Economy,21:51,21:00,2019-03-14
1796,United Airlines,2019-03-02,Vancouver,YVR International Airport,270,False,1,Portland,PDX International Airport,20:12,10:35,4,Economy,23:53,18:05,2019-03-09
1797,United Airlines,2019-03-02,Philadelphia,PHL International Airport,190,True,1,Washington,Dulles International Airport,00:51,20:40,1,Economy,07:15,04:45,2019-03-06
1798,Alaska Airlines,2019-03-01,San Francisco,SFO International Airport,110,False,0,San Diego,SAN International Airport,12:50,11:10,1,Economy,07:50,06:10,2019-03-08
1799,American Airlines,2019-03-01,San Francisco,SFO International Airport,140,False,1,San Diego,SAN International Airport,23:00,21:20,1,Economy,16:19,12:15,2019-03-08
1800,Delta Airlines,2019-03-01,San Francisco,SFO International Airport,114,False,0,San Diego,SAN International Airport,21:35,19:55,1,Economy,23:25,21:45,2019-03-08
1801,Southwest Airlines,2019-03-01,San Francisco,SFO International Airport,144,False,1,San Diego,SAN International Airport,08:40,07:00,1,Economy,16:19,12:50,2019-03-08
1802,United Airlines,2019-03-01,San Francisco,SFO International Airport,103,False,0,San Diego,SAN International Airport,09:00,07:20,1,Economy,08:20,06:40,2019-03-08
1803,American Airlines,2019-03-02,Philadelphia,PHL International Airport,61,False,0,New York,JFK International Airport,08:46,07:55,1,Economy,18:26,17:35,2019-03-07
1804,Delta Airlines,2019-03-02,Philadelphia,PHL International Airport,66,False,0,New York,JFK International Airport,12:01,11:10,1,Economy,20:16,19:25,2019-03-07
1805,Southwest Airlines,2019-03-02,Philadelphia,PHL International Airport,67,False,0,New York,JFK International Airport,05:46,04:55,1,Economy,08:36,07:45,2019-03-07
1806,United Airlines,2019-03-02,Philadelphia,PHL International Airport,64,False,0,New York,JFK International Airport,11:36,10:45,1,Economy,21:51,21:00,2019-03-07
1807,Delta Airlines,2019-03-03,Vancouver,YVR International Airport,317,False,1,Seattle,Seattle-Tacoma International Airport,19:49,08:45,1,Economy,12:15,02:50,2019-03-10
1808,United Airlines,2019-03-03,Vancouver,YVR International Airport,280,False,1,Seattle,Seattle-Tacoma International Airport,19:49,12:30,1,Economy,22:56,18:05,2019-03-10
1809,American Airlines,2019-03-06,Philadelphia,PHL International Airport,150,False,1,Washington,Dulles International Airport,19:46,17:10,1,Economy,12:05,09:45,2019-03-13
1810,United Airlines,2019-03-06,Philadelphia,PHL International Airport,196,True,1,Washington,Dulles International Airport,00:51,20:40,1,Economy,07:15,04:45,2019-03-13
1811,American Airlines,2019-03-03,Philadelphia,PHL International Airport,151,False,1,Washington,Dulles International Airport,19:46,17:10,4,Economy,12:05,09:45,2019-03-14
1812,United Airlines,2019-03-03,Philadelphia,PHL International Airport,194,True,1,Washington,Dulles International Airport,00:51,20:40,4,Economy,12:05,09:20,2019-03-14
1813,American Airlines,2019-03-06,New York,JFK International Airport,85,False,0,Washington,Dulles International Airport,07:15,06:05,1,Economy,12:05,10:55,2019-03-13
1814,Southwest Airlines,2019-03-06,New York,JFK International Airport,80,False,0,Washington,Dulles International Airport,10:25,09:15,1,Economy,18:25,17:15,2019-03-13
1815,American Airlines,2019-03-06,San Francisco,SFO International Airport,119,False,0,Las Vegas,McCarran International Airport,07:05,05:30,4,Economy,19:05,17:30,2019-03-09
1816,Delta Airlines,2019-03-06,San Francisco,SFO International Airport,114,True,0,Las Vegas,McCarran International Airport,00:25,22:50,4,Economy,12:25,10:50,2019-03-09
1817,Southwest Airlines,2019-03-06,San Francisco,SFO International Airport,146,False,1,Las Vegas,McCarran International Airport,11:30,09:55,4,Economy,16:15,12:50,2019-03-09
1818,United Airlines,2019-03-06,San Francisco,SFO International Airport,114,False,0,Las Vegas,McCarran International Airport,16:40,15:05,4,Economy,20:50,19:15,2019-03-09
1819,United Airlines,2019-03-05,Portland,PDX International Airport,244,False,1,Vancouver,YVR International Airport,23:53,18:05,1,Economy,20:12,10:35,2019-03-14
1820,American Airlines,2019-03-01,Portland,PDX International Airport,80,False,0,Seattle,Seattle-Tacoma International Airport,09:03,08:05,1,Economy,06:58,06:00,2019-03-13
1821,United Airlines,2019-03-01,Portland,PDX International Airport,77,False,0,Seattle,Seattle-Tacoma International Airport,05:13,04:15,1,Economy,23:43,22:45,2019-03-13
1822,United Airlines,2019-03-05,Portland,PDX International Airport,112,False,0,Seattle,Seattle-Tacoma International Airport,05:13,04:15,4,Premium Economy,23:43,22:45,2019-03-14
1823,United Airlines,2019-03-01,Portland,PDX International Airport,245,False,1,Vancouver,YVR International Airport,23:53,18:05,1,Economy,20:12,10:35,2019-03-14
1824,American Airlines,2019-03-01,Washington,Dulles International Airport,92,False,0,New York,JFK International Airport,12:05,10:55,2,Economy,07:15,06:05,2019-03-13
1825,Southwest Airlines,2019-03-01,Washington,Dulles International Airport,101,False,0,New York,JFK International Airport,18:25,17:15,2,Economy,18:00,16:50,2019-03-13
1826,American Airlines,2019-03-02,Philadelphia,PHL International Airport,63,False,0,New York,JFK International Airport,16:36,15:45,1,Economy,17:36,16:45,2019-03-13
1827,Delta Airlines,2019-03-02,Philadelphia,PHL International Airport,61,False,0,New York,JFK International Airport,12:01,11:10,1,Economy,20:16,19:25,2019-03-13
1828,Southwest Airlines,2019-03-02,Philadelphia,PHL International Airport,63,False,0,New York,JFK International Airport,05:46,04:55,1,Economy,08:36,07:45,2019-03-13
1829,United Airlines,2019-03-02,Philadelphia,PHL International Airport,59,False,0,New York,JFK International Airport,11:36,10:45,1,Economy,21:51,21:00,2019-03-13
1830,United Airlines,2019-03-02,Philadelphia,PHL International Airport,102,False,0,New York,JFK International Airport,10:56,10:05,1,Premium Economy,13:46,12:55,2019-03-13
1831,Delta Airlines,2019-03-02,Vancouver,YVR International Airport,301,False,1,Seattle,Seattle-Tacoma International Airport,19:49,08:45,4,Economy,14:47,03:20,2019-03-14
1832,United Airlines,2019-03-02,Vancouver,YVR International Airport,274,False,1,Seattle,Seattle-Tacoma International Airport,19:49,12:30,4,Economy,22:56,18:05,2019-03-14
1833,United Airlines,2019-03-01,Vancouver,YVR International Airport,272,False,1,Seattle,Seattle-Tacoma International Airport,19:49,12:30,2,Economy,22:56,18:05,2019-03-07
1834,Alaska Airlines,2019-03-01,San Francisco,SFO International Airport,141,False,1,San Diego,SAN International Airport,12:50,11:10,1,Economy,23:04,19:10,2019-03-09
1835,American Airlines,2019-03-01,San Francisco,SFO International Airport,152,False,1,San Diego,SAN International Airport,23:00,21:20,1,Economy,21:04,17:30,2019-03-09
1836,Delta Airlines,2019-03-01,San Francisco,SFO International Airport,113,False,0,San Diego,SAN International Airport,21:35,19:55,1,Economy,23:25,21:45,2019-03-09
1837,United Airlines,2019-03-01,San Francisco,SFO International Airport,140,False,1,San Diego,SAN International Airport,09:00,07:20,1,Economy,12:34,09:15,2019-03-09
1838,United Airlines,2019-03-01,Philadelphia,PHL International Airport,197,True,1,Washington,Dulles International Airport,00:51,20:40,1,Economy,07:15,04:45,2019-03-06
1839,American Airlines,2019-03-01,Washington,Dulles International Airport,148,False,1,Philadelphia,PHL International Airport,12:05,09:45,4,Economy,19:46,17:10,2019-03-10
1840,Southwest Airlines,2019-03-02,New York,JFK International Airport,103,False,0,Philadelphia,PHL International Airport,08:36,07:45,3,Premium Economy,05:46,04:55,2019-03-12
1841,American Airlines,2019-03-01,New York,JFK International Airport,154,False,0,Washington,Dulles International Airport,11:25,10:15,3,Premium Economy,12:05,10:55,2019-03-12
1842,United Airlines,2019-03-01,Seattle,Seattle-Tacoma International Airport,261,False,1,Vancouver,YVR International Airport,22:56,18:05,3,Economy,23:27,17:10,2019-03-14
1843,American Airlines,2019-03-02,Philadelphia,PHL International Airport,105,False,0,New York,JFK International Airport,16:36,15:45,3,Premium Economy,10:36,09:45,2019-03-12
1844,United Airlines,2019-03-02,Philadelphia,PHL International Airport,107,False,0,New York,JFK International Airport,10:56,10:05,3,Premium Economy,05:36,04:45,2019-03-12
1845,American Airlines,2019-03-01,Seattle,Seattle-Tacoma International Airport,72,False,0,Portland,PDX International Airport,06:58,06:00,1,Economy,09:33,08:35,2019-03-13
1846,Delta Airlines,2019-03-01,Seattle,Seattle-Tacoma International Airport,68,False,0,Portland,PDX International Airport,10:33,09:35,1,Economy,08:53,07:55,2019-03-13
1847,United Airlines,2019-03-01,Seattle,Seattle-Tacoma International Airport,76,False,0,Portland,PDX International Airport,23:43,22:45,1,Economy,05:13,04:15,2019-03-13
1848,Delta Airlines,2019-03-01,Seattle,Seattle-Tacoma International Airport,118,False,0,Portland,PDX International Airport,10:33,09:35,1,Premium Economy,08:53,07:55,2019-03-13
1849,American Airlines,2019-03-04,New York,JFK International Airport,65,False,0,Philadelphia,PHL International Airport,17:36,16:45,3,Economy,22:26,21:35,2019-03-12
1850,Delta Airlines,2019-03-04,New York,JFK International Airport,57,False,0,Philadelphia,PHL International Airport,17:31,16:40,3,Economy,19:46,18:55,2019-03-12
1851,Delta Airlines,2019-03-02,Seattle,Seattle-Tacoma International Airport,71,False,0,Portland,PDX International Airport,10:33,09:35,4,Economy,08:53,07:55,2019-03-13
1852,United Airlines,2019-03-02,Seattle,Seattle-Tacoma International Airport,80,False,0,Portland,PDX International Airport,23:43,22:45,4,Economy,05:13,04:15,2019-03-13
1853,American Airlines,2019-03-10,Philadelphia,PHL International Airport,152,False,1,Washington,Dulles International Airport,19:46,17:10,1,Economy,12:05,09:45,2019-03-14
1854,United Airlines,2019-03-10,Philadelphia,PHL International Airport,202,True,1,Washington,Dulles International Airport,00:51,20:40,1,Economy,12:05,09:20,2019-03-14
1855,American Airlines,2019-03-04,Portland,PDX International Airport,78,False,0,Seattle,Seattle-Tacoma International Airport,09:03,08:05,2,Economy,06:58,06:00,2019-03-14
1856,Delta Airlines,2019-03-04,Portland,PDX International Airport,71,False,0,Seattle,Seattle-Tacoma International Airport,08:53,07:55,2,Economy,10:33,09:35,2019-03-14
1857,United Airlines,2019-03-04,Portland,PDX International Airport,77,False,0,Seattle,Seattle-Tacoma International Airport,05:13,04:15,2,Economy,23:43,22:45,2019-03-14
1858,American Airlines,2019-03-01,New York,JFK International Airport,164,False,0,Washington,Dulles International Airport,11:25,10:15,1,Premium Economy,12:05,10:55,2019-03-14
1859,Southwest Airlines,2019-03-01,New York,JFK International Airport,141,False,0,Washington,Dulles International Airport,18:00,16:50,1,Premium Economy,23:00,21:50,2019-03-14
1860,American Airlines,2019-03-03,New York,JFK International Airport,63,False,0,Philadelphia,PHL International Airport,17:36,16:45,2,Economy,16:36,15:45,2019-03-13
1861,Delta Airlines,2019-03-03,New York,JFK International Airport,64,False,0,Philadelphia,PHL International Airport,17:31,16:40,2,Economy,20:31,19:40,2019-03-13
1862,United Airlines,2019-03-03,New York,JFK International Airport,62,False,0,Philadelphia,PHL International Airport,05:36,04:45,2,Economy,10:56,10:05,2019-03-13
1863,United Airlines,2019-03-03,New York,JFK International Airport,62,False,0,Philadelphia,PHL International Airport,05:36,04:45,4,Economy,10:56,10:05,2019-03-13
1864,American Airlines,2019-03-01,Washington,Dulles International Airport,152,False,1,Philadelphia,PHL International Airport,12:05,09:45,3,Economy,19:46,17:10,2019-03-11
1865,American Airlines,2019-03-01,Seattle,Seattle-Tacoma International Airport,72,False,0,Portland,PDX International Airport,06:58,06:00,4,Economy,09:33,08:35,2019-03-13
1866,Delta Airlines,2019-03-01,Seattle,Seattle-Tacoma International Airport,68,False,0,Portland,PDX International Airport,10:33,09:35,4,Economy,08:53,07:55,2019-03-13
1867,United Airlines,2019-03-01,Seattle,Seattle-Tacoma International Airport,76,False,0,Portland,PDX International Airport,23:43,22:45,4,Economy,05:13,04:15,2019-03-13
1868,American Airlines,2019-03-01,Philadelphia,PHL International Airport,152,False,1,Washington,Dulles International Airport,19:46,17:10,1,Economy,12:05,09:45,2019-03-14
1869,United Airlines,2019-03-01,Philadelphia,PHL International Airport,193,True,1,Washington,Dulles International Airport,00:51,20:40,1,Economy,12:05,09:20,2019-03-14
1870,American Airlines,2019-03-02,Portland,PDX International Airport,75,False,0,Seattle,Seattle-Tacoma International Airport,09:03,08:05,1,Economy,06:58,06:00,2019-03-14
1871,Delta Airlines,2019-03-02,Portland,PDX International Airport,74,False,0,Seattle,Seattle-Tacoma International Airport,08:53,07:55,1,Economy,10:33,09:35,2019-03-14
1872,United Airlines,2019-03-02,Portland,PDX International Airport,71,False,0,Seattle,Seattle-Tacoma International Airport,05:13,04:15,1,Economy,23:43,22:45,2019-03-14
1873,Delta Airlines,2019-03-01,Seattle,Seattle-Tacoma International Airport,286,False,1,Vancouver,YVR International Airport,14:47,03:20,1,Economy,19:49,08:45,2019-03-09
1874,American Airlines,2019-03-02,Philadelphia,PHL International Airport,64,False,0,New York,JFK International Airport,08:46,07:55,3,Economy,18:26,17:35,2019-03-12
1875,Delta Airlines,2019-03-02,Philadelphia,PHL International Airport,64,False,0,New York,JFK International Airport,19:46,18:55,3,Economy,17:31,16:40,2019-03-12
1876,Southwest Airlines,2019-03-02,Philadelphia,PHL International Airport,73,False,0,New York,JFK International Airport,05:46,04:55,3,Economy,08:36,07:45,2019-03-12
1877,United Airlines,2019-03-02,Philadelphia,PHL International Airport,62,False,0,New York,JFK International Airport,11:36,10:45,3,Economy,21:51,21:00,2019-03-12
1878,Alaska Airlines,2019-03-04,San Francisco,SFO International Airport,117,False,0,San Diego,SAN International Airport,12:50,11:10,4,Economy,07:50,06:10,2019-03-11
1879,American Airlines,2019-03-04,San Francisco,SFO International Airport,148,False,1,San Diego,SAN International Airport,23:00,21:20,4,Economy,16:19,12:15,2019-03-11
1880,Delta Airlines,2019-03-04,San Francisco,SFO International Airport,108,False,0,San Diego,SAN International Airport,21:35,19:55,4,Economy,23:25,21:45,2019-03-11
1881,Southwest Airlines,2019-03-04,San Francisco,SFO International Airport,135,False,1,San Diego,SAN International Airport,08:40,07:00,4,Economy,16:19,12:50,2019-03-11
1882,United Airlines,2019-03-04,San Francisco,SFO International Airport,143,False,1,San Diego,SAN International Airport,09:00,07:20,4,Economy,12:34,09:15,2019-03-11
1883,American Airlines,2019-03-03,Philadelphia,PHL International Airport,70,False,0,New York,JFK International Airport,16:36,15:45,4,Economy,17:36,16:45,2019-03-13
1884,Delta Airlines,2019-03-03,Philadelphia,PHL International Airport,57,False,0,New York,JFK International Airport,16:21,15:30,4,Economy,20:16,19:25,2019-03-13
1885,Southwest Airlines,2019-03-03,Philadelphia,PHL International Airport,60,False,0,New York,JFK International Airport,05:46,04:55,4,Economy,08:36,07:45,2019-03-13
1886,United Airlines,2019-03-03,Philadelphia,PHL International Airport,63,False,0,New York,JFK International Airport,11:36,10:45,4,Economy,21:51,21:00,2019-03-13
1887,American Airlines,2019-03-01,San Diego,SAN International Airport,92,False,0,Las Vegas,McCarran International Airport,20:29,19:15,2,Economy,17:54,16:40,2019-03-10
1888,Southwest Airlines,2019-03-01,San Diego,SAN International Airport,88,False,0,Las Vegas,McCarran International Airport,16:24,15:10,2,Economy,19:59,18:45,2019-03-10
1889,United Airlines,2019-03-01,San Diego,SAN International Airport,86,False,0,Las Vegas,McCarran International Airport,10:49,09:35,2,Economy,15:34,14:20,2019-03-10
1890,Southwest Airlines,2019-03-02,New York,JFK International Airport,85,False,0,Washington,Dulles International Airport,18:00,16:50,1,Economy,18:25,17:15,2019-03-14
1891,American Airlines,2019-03-01,Washington,Dulles International Airport,84,False,0,New York,JFK International Airport,12:05,10:55,1,Economy,07:15,06:05,2019-03-12
1892,Southwest Airlines,2019-03-01,Washington,Dulles International Airport,84,False,0,New York,JFK International Airport,18:25,17:15,1,Economy,18:00,16:50,2019-03-12
1893,American Airlines,2019-03-01,Philadelphia,PHL International Airport,67,False,0,New York,JFK International Airport,08:46,07:55,4,Economy,18:26,17:35,2019-03-10
1894,Delta Airlines,2019-03-01,Philadelphia,PHL International Airport,63,False,0,New York,JFK International Airport,12:01,11:10,4,Economy,20:16,19:25,2019-03-10
1895,Southwest Airlines,2019-03-01,Philadelphia,PHL International Airport,66,False,0,New York,JFK International Airport,05:46,04:55,4,Economy,08:36,07:45,2019-03-10
1896,United Airlines,2019-03-01,Philadelphia,PHL International Airport,64,False,0,New York,JFK International Airport,10:56,10:05,4,Economy,05:36,04:45,2019-03-10
1897,American Airlines,2019-03-01,Philadelphia,PHL International Airport,148,False,1,Washington,Dulles International Airport,19:46,17:10,4,Economy,12:05,09:45,2019-03-09
1898,United Airlines,2019-03-01,Philadelphia,PHL International Airport,196,True,1,Washington,Dulles International Airport,00:51,20:40,4,Economy,12:05,09:20,2019-03-09
1899,American Airlines,2019-03-03,Philadelphia,PHL International Airport,145,False,1,Washington,Dulles International Airport,19:46,17:10,4,Economy,12:05,09:45,2019-03-13
1900,United Airlines,2019-03-03,Philadelphia,PHL International Airport,198,True,1,Washington,Dulles International Airport,00:51,20:40,4,Economy,07:15,04:45,2019-03-13
1901,American Airlines,2019-03-02,New York,JFK International Airport,68,False,0,Philadelphia,PHL International Airport,17:36,16:45,1,Economy,16:36,15:45,2019-03-13
1902,Delta Airlines,2019-03-02,New York,JFK International Airport,65,False,0,Philadelphia,PHL International Airport,17:31,16:40,1,Economy,20:31,19:40,2019-03-13
1903,United Airlines,2019-03-02,New York,JFK International Airport,60,False,0,Philadelphia,PHL International Airport,05:36,04:45,1,Economy,10:56,10:05,2019-03-13
1904,Southwest Airlines,2019-03-01,New York,JFK International Airport,88,False,0,Washington,Dulles International Airport,18:00,16:50,4,Economy,18:25,17:15,2019-03-10
1905,American Airlines,2019-03-01,New York,JFK International Airport,71,False,0,Philadelphia,PHL International Airport,17:36,16:45,1,Economy,16:36,15:45,2019-03-10
1906,Delta Airlines,2019-03-01,New York,JFK International Airport,63,False,0,Philadelphia,PHL International Airport,17:31,16:40,1,Economy,19:46,18:55,2019-03-10
1907,Southwest Airlines,2019-03-01,New York,JFK International Airport,62,False,0,Philadelphia,PHL International Airport,08:36,07:45,1,Economy,05:46,04:55,2019-03-10
1908,United Airlines,2019-03-01,New York,JFK International Airport,65,False,0,Philadelphia,PHL International Airport,13:46,12:55,1,Economy,10:56,10:05,2019-03-10
1909,American Airlines,2019-03-02,San Diego,SAN International Airport,63,False,0,Los Angeles,LAX International Airport,08:14,07:20,3,Economy,10:44,09:50,2019-03-13
1910,American Airlines,2019-03-01,San Diego,SAN International Airport,68,False,0,Los Angeles,LAX International Airport,08:14,07:20,3,Economy,20:24,19:30,2019-03-07
1911,American Airlines,2019-03-01,Philadelphia,PHL International Airport,67,False,0,New York,JFK International Airport,08:46,07:55,2,Economy,18:26,17:35,2019-03-12
1912,Delta Airlines,2019-03-01,Philadelphia,PHL International Airport,63,False,0,New York,JFK International Airport,19:46,18:55,2,Economy,17:31,16:40,2019-03-12
1913,Southwest Airlines,2019-03-01,Philadelphia,PHL International Airport,75,False,0,New York,JFK International Airport,05:46,04:55,2,Economy,08:36,07:45,2019-03-12
1914,United Airlines,2019-03-01,Philadelphia,PHL International Airport,66,False,0,New York,JFK International Airport,11:36,10:45,2,Economy,21:51,21:00,2019-03-12
1915,United Airlines,2019-03-02,New York,JFK International Airport,104,False,0,Philadelphia,PHL International Airport,21:51,21:00,3,Premium Economy,11:36,10:45,2019-03-14
1916,Delta Airlines,2019-03-02,Seattle,Seattle-Tacoma International Airport,316,False,1,Vancouver,YVR International Airport,12:15,02:50,1,Economy,13:59,07:40,2019-03-12
1917,Delta Airlines,2019-03-02,Seattle,Seattle-Tacoma International Airport,316,False,1,Vancouver,YVR International Airport,12:15,02:50,1,Economy,13:59,07:40,2019-03-14
1918,American Airlines,2019-03-01,New York,JFK International Airport,91,False,0,Washington,Dulles International Airport,07:15,06:05,1,Economy,12:05,10:55,2019-03-13
1919,Southwest Airlines,2019-03-01,New York,JFK International Airport,77,False,0,Washington,Dulles International Airport,18:00,16:50,1,Economy,18:25,17:15,2019-03-13
1920,United Airlines,2019-03-01,Portland,PDX International Airport,231,False,1,Vancouver,YVR International Airport,23:53,18:05,1,Economy,20:12,10:35,2019-03-10
1921,Delta Airlines,2019-03-01,New York,JFK International Airport,59,False,0,Philadelphia,PHL International Airport,17:31,16:40,4,Economy,19:46,18:55,2019-03-12
1922,American Airlines,2019-03-02,New York,JFK International Airport,73,False,0,Philadelphia,PHL International Airport,18:26,17:35,2,Economy,08:46,07:55,2019-03-14
1923,Delta Airlines,2019-03-02,New York,JFK International Airport,69,False,0,Philadelphia,PHL International Airport,17:31,16:40,2,Economy,19:46,18:55,2019-03-14
1924,Southwest Airlines,2019-03-02,New York,JFK International Airport,66,False,0,Philadelphia,PHL International Airport,08:36,07:45,2,Economy,05:46,04:55,2019-03-14
1925,United Airlines,2019-03-02,New York,JFK International Airport,60,False,0,Philadelphia,PHL International Airport,05:36,04:45,2,Economy,10:56,10:05,2019-03-14
