,address,area,has_garage,in_unit_laundry,intent,number_of_baths,number_of_beds,phone_number,price,property_name,visit_date
0,900 Pepper Tree Lane,Santa Clara,True,False,rent,2,3,866-472-2645,3650,Alderwood Apartments,
1,3440 Warburton Avenue,Santa Clara,False,False,rent,2,3,408-248-5766,3850,Briarwood Garden Apartments,
2,3600-3616 Flora Vista Avenue,Santa Clara,False,True,rent,2,3,408-261-2252,3550,Catalina Apartments,
3,1495 Don Avenue,Santa Clara,True,True,rent,2,3,408-713-6428,4000,Civic Plaza Apartments,
4,3131 Homestead Road,Santa Clara,False,False,rent,2,3,408-244-6715,3650,Laguna Clara Apartments,
5,3600 Benton Street # 5,Santa Clara,False,False,rent,2,3,408-241-4073,3550,Laurelwood Apartments,
6,865 Pomeroy Avenue,Santa Clara,False,False,rent,2,3,408-244-0035,3950,Park Terrace Apartments,
7,2150 Tasman Drive,Santa Clara,False,False,rent,2,3,408-492-9944,3700,Riverwood Grove,
8,3449 Agate Drive,Santa Clara,True,True,rent,2,3,408-296-7679,4050,Shayla Apartments,
9,2650 Keystone Avenue,Santa Clara,False,True,rent,2,3,408-244-2244,3850,Vista Del Lago Iii Apartments,
10,900 Pepper Tree Lane,,True,False,,2,3,866-472-2645,3650,Alderwood Apartments,2019-03-10
11,22800 Meridian Drive,Hayward,True,True,buy,3,4,510-455-8869,4250000,City Centre,
12,24955 Cypress Avenue,Hayward,True,True,buy,3,4,510-732-9432,4200000,Cypress House Apartments,
13,27901 Huntwood Avenue # 126,Hayward,True,False,buy,3,4,510-887-1543,4450000,Huntwood Commons,
14,2747 Oliver Drive,Hayward,True,True,buy,3,4,510-782-2311,4200000,Josephine Lum Lodge,
15,655 Tennyson Road,Hayward,True,False,buy,3,4,855-430-2503,4200000,Metro Six55 Apartments,
16,27808 Manon Avenue,Hayward,True,False,buy,3,4,510-782-2555,4350000,Town & Country Apartments,
17,22330 South Garden Avenue,Hayward,True,False,buy,3,4,510-783-8970,4250000,Villa Springs Apartments,
18,1137 Walpert Street,Hayward,True,True,buy,3,4,510-581-8484,4000000,Walnut Hills Apartments,
19,22800 Meridian Drive,,True,True,,3,4,510-455-8869,4250000,City Centre,2019-03-05
20,4230 San Pablo Dam Road # B16,El Sobrante,True,True,buy,2,3,510-223-4061,3650000,Redwood Manor Apartments,
21,4230 San Pablo Dam Road # B16,,True,True,,2,3,510-223-4061,3650000,Redwood Manor Apartments,2019-03-06
22,1550 Valley Glen Drive,Dixon,False,True,rent,3,3,707-693-9310,4200,Bristol Apartment Homes,
23,1395 North Lincoln Street,Dixon,False,True,rent,3,3,888-820-0137,4400,Lincoln Creek Apartments,
24,1395 North Lincoln Street,,False,True,,3,3,888-820-0137,3900000,Lincoln Creek Apartments,2019-03-09
25,40001 Fremont Boulevard,Fremont,True,False,buy,2,2,510-455-8815,2800000,Boulevard,
26,4200 Bay Street,Fremont,False,True,buy,2,2,510-455-8813,2750000,Briarwood At Central Park,
27,36163 Fremont Boulevard,Fremont,True,True,buy,2,2,510-793-1621,3000000,Brookvale Chateau,
28,41277 Roberts Ave # 32,Fremont,False,False,buy,2,2,510-656-2303,3050000,Felson Management Corporation,
29,37811 Fremont Boulevard,Fremont,False,False,buy,2,2,510-797-4520,2650000,Fremont Arms,
30,4262 Central Avenue,Fremont,True,True,buy,2,2,510-793-4336,2650000,Glenhaven Apartments,
31,4444 Central Avenue,Fremont,True,True,buy,2,2,510-792-1161,2750000,Glenmills Apartments,
32,38850 Farwell Drive,Fremont,False,False,buy,2,2,510-793-5100,2650000,Glenmoor Green Apartments,
33,41342 Roberts Avenue,Fremont,False,True,buy,2,2,510-657-9766,2650000,Granada Apartments,
34,40777 High Street,Fremont,False,True,buy,2,2,510-651-9080,2500000,Pebble Creek Communities,
35,40001 Fremont Boulevard,,True,False,,2,2,510-455-8815,2800000,Boulevard,2019-03-02
36,1501 Decoto Road,Union City,False,True,rent,2,3,510-487-2733,4050,Parkside Apartments,
37,3900 Horner Street,Union City,True,True,rent,2,3,510-489-2220,3550,Summerhill Place Apartments,
38,1501 Decoto Road,,False,True,,2,3,510-487-2733,3500000,Parkside Apartments,2019-03-08
39,40001 Fremont Boulevard,,True,False,,2,2,510-455-8815,3050,Boulevard,2019-03-10
40,2290 California Street,Mountain View,True,True,buy,2,3,650-965-8290,3500000,Arbors At Mountain View,
41,1335 Montecito Avenue # 1,Mountain View,True,False,buy,2,3,650-940-1909,3550000,Barkley Square Apartments,
42,200 East Dana Street,Mountain View,False,True,buy,2,3,650-967-3870,3450000,Dana Garden Apartments,
43,210 Easy Street,Mountain View,True,False,buy,2,3,650-961-2975,3150000,Fernmar Apartments,
44,375 Oaktree Drive,Mountain View,True,True,buy,2,3,650-390-9450,3200000,Ginzton Terrace,
45,1571 West El Camino Real,Mountain View,True,False,buy,2,3,650-969-9800,3550000,Hidden Garden Apartments,
46,2650 California Street,Mountain View,True,False,buy,2,3,650-948-7855,3100000,Kentfield Apartments,
47,1970 Latham Street,Mountain View,True,True,buy,2,3,650-961-6135,3300000,Latham Court Apartments,
48,1885 California Street,Mountain View,True,False,buy,2,3,650-964-3882,3350000,Maplewood,
49,1555 West Middlefield Road,Mountain View,True,False,buy,2,3,650-964-8511,3100000,Meadowood Apartments,
50,2290 California Street,,True,True,,2,3,650-965-8290,3500000,Arbors At Mountain View,2019-03-13
51,1300 Kentwood Lane,San Leandro,False,True,buy,1,1,510-481-2565,1900000,Ashland Village Apartments,
52,1511 163rd Avenue,San Leandro,True,True,buy,1,1,510-276-2693,1700000,Quail Run Apartments,
53,235 Haas Avenue,San Leandro,True,True,buy,1,1,510-569-5919,1850000,Woodside Apartments,
54,1511 163rd Avenue,,True,True,,1,1,510-276-2693,1500,Quail Run Apartments,2019-03-06
55,1282 Mattox Road,Hayward,True,True,buy,1,2,510-886-0385,2500000,Alpine Vista Apartments,
56,25100 Cypress Avenue,Hayward,True,True,buy,1,2,510-887-4406,2300000,Cypress Glen,
57,921 Fletcher Lane,Hayward,False,True,buy,1,2,510-538-3658,2700000,Fletcher Gardens Apartments,
58,375 Industrial Parkway # 314,Hayward,False,True,buy,1,2,510-581-0911,2500000,Golf Club Manor Apartments,
59,25355 Cypress Avenue # 101,Hayward,True,True,buy,1,2,510-785-8181,2350000,Pepper Tree Apartments,
60,837 Hancock Street,Hayward,True,True,buy,1,2,510-581-4141,2200000,Pinecrest Apartments,
61,22650 Alice Street,Hayward,True,True,buy,1,2,510-582-1460,2500000,Sycamore Square Housing Corporation,
62,24607 Amador Street,Hayward,False,True,buy,1,2,510-782-6261,2650000,Vita Apartments,
63,630 Tempe Court,Pleasant Hill,True,True,buy,1,2,925-825-1220,2400000,Camelback North Apartments,
64,235 Camelback Road,Pleasant Hill,True,True,buy,1,2,925-671-2460,2350000,Northridge Apartments,
65,637 Stonebridge Way,Pleasant Hill,True,True,buy,1,2,925-691-5220,2200000,Wood Creek Apartments,
66,630 Tempe Court,,True,True,,1,2,925-825-1220,2400000,Camelback North Apartments,2019-03-02
67,999 West Hamilton Avenue,Campbell,False,True,rent,1,1,408-796-4545,1650,The Greenery Apartments Homes,
68,999 West Hamilton Avenue,,False,True,,1,1,408-796-4545,1700,The Greenery Apartments Homes,2019-03-08
69,2355 Fairfield Avenue,Fairfield,False,True,buy,3,3,707-429-1271,3900000,Aspen Village Apartments,
70,2000 Clay Bank Road,Fairfield,True,True,buy,3,3,707-881-7063,3750000,Avery Park Apartments,
71,1890 Dover Avenue,Fairfield,False,True,buy,3,3,707-422-9630,3550000,Birchwood Apartments,
72,2801 Dover Avenue,Fairfield,False,False,buy,3,3,707-429-8966,3550000,Dover Woods,
73,1917 Grande Circle,Fairfield,True,False,buy,3,3,707-434-8983,3800000,Fairfield Heights,
74,201 Pennsylvania Avenue,Fairfield,True,False,buy,3,3,707-421-2155,3750000,Fairfield Vista Apartments,
75,651 East Travis Boulevard,Fairfield,False,True,buy,3,3,707-429-1778,3900000,Orchard Crossing Apartments,
76,100 Hawthorn Drive,Fairfield,False,False,buy,3,3,707-425-1624,3600000,Round Hill Creek Apartments,
77,840 East Travis Boulevard # 600,Fairfield,False,True,buy,3,3,707-422-9188,3800000,Sunset Creek Apartments,
78,2355 Fairfield Avenue,,False,True,,3,3,707-429-1271,3900000,Aspen Village Apartments,2019-03-10
79,1546 Maurice Lane,San Jose,False,False,rent,2,2,408-818-0710,2850,888 Golden Saratoga-Cupertino Apartment Homes,
80,73 North Keeble Avenue,San Jose,True,True,rent,2,2,408-998-7266,2950,Alameda Gardens Apartments,
81,2415 Rinconada Drive,San Jose,True,True,rent,2,2,408-516-4212,3200,Almaden House,
82,1585 Marburg Way # 4,San Jose,True,True,rent,2,2,408-926-3999,2900,Ann Darling Apartments,
83,5822 Charlotte Drive,San Jose,True,True,rent,2,2,408-226-5822,2850,Anton La Moraga Apartments,
84,44 North Jackson Avenue # A5,San Jose,True,False,rent,2,2,408-251-4540,2750,Boxer'S Mayfair Village Senior Apartments,
85,260 North Capitol Avenue # 109,San Jose,False,False,rent,2,2,408-259-1662,3100,Capitol Avenue Apartments,
86,1200 Ranchero Way,San Jose,False,True,rent,2,2,408-241-1146,3100,Charter Court Apartments,
87,3051 Colonial Way,San Jose,True,False,rent,2,2,408-866-8444,3150,Colonial Way Apartments,
88,3555 Judro Way,San Jose,False,False,rent,2,2,408-248-1442,3150,Cypress Gardens,
89,995 Tully Road,San Jose,True,True,rent,2,2,408-294-6200,3200,Greentree Apartments,
90,2550 South King Road,San Jose,False,True,rent,2,2,408-274-7983,3200,Lion Villas Apartment Homes,
91,1780 Oakland Road,San Jose,True,True,rent,2,2,408-437-1444,2800,Los Esteros Apartments,
92,560 Menker Avenue # A,San Jose,False,True,rent,2,2,408-287-8804,2850,Menclair Apartments,
93,2415 Rinconada Drive,,True,True,,2,2,408-516-4212,3200,Almaden House,2019-03-09
94,40001 Fremont Boulevard,Fremont,True,False,rent,2,2,510-455-8815,3050,Boulevard,
95,36163 Fremont Boulevard,Fremont,True,True,rent,2,2,510-793-1621,2750,Brookvale Chateau,
96,4262 Central Avenue,Fremont,True,True,rent,2,2,510-793-4336,3050,Glenhaven Apartments,
97,4444 Central Avenue,Fremont,True,True,rent,2,2,510-792-1161,2800,Glenmills Apartments,
98,37950 Fremont Boulevard,Fremont,True,False,rent,2,2,844-422-5116,3000,Pentagon Apartments,
99,35995 Fremont Boulevard,Fremont,True,True,rent,2,2,510-792-7805,3100,Pinebrook Apartments,
100,4141 Stevenson Boulevard,Fremont,True,False,rent,2,2,510-455-8844,2850,Stevenson Place Apartments,
101,39900 Blacow Road,Fremont,True,False,rent,2,2,510-657-1171,2950,Sundale North & South Apt,
102,"Fremont, California 94538, United States",Fremont,True,False,rent,2,2,510-657-1171,3250,Sundale South Apartments,
103,4243 Laurel Street,Fremont,True,False,rent,2,2,510-651-5320,2750,Victoria Gardens Apartments,
104,40001 Fremont Boulevard,,True,False,,2,2,510-455-8815,3050,Boulevard,2019-03-04
105,3263 Mount Diablo Court,Lafayette,False,False,buy,3,3,925-287-1188,3500000,Lafayette Commons Apartments,
106,1076 Carol Lane,Lafayette,True,False,buy,3,3,925-284-2586,3500000,Lafayette Highlands Apartments,
107,3263 Mount Diablo Court,,False,False,,3,3,925-287-1188,4150,Lafayette Commons Apartments,2019-03-11
108,7015 Fellers Lane,Sebastopol,False,True,buy,2,3,707-823-0730,3550000,Redwood Grove Apartments,
109,7015 Fellers Lane,,False,True,,2,3,707-823-0730,3850,Redwood Grove Apartments,2019-03-03
110,135 Freeway Drive,Napa,False,False,buy,3,3,707-253-8954,3700000,Bristol Apartments,
111,234 Soscol Avenue,Napa,False,True,buy,3,3,707-258-1370,3450000,Cadillac Flats Apartments,
112,3663 Solano Avenue,Napa,False,True,buy,3,3,707-266-6934,3800000,Hawthorn Village,
113,613 Cabot Way,Napa,True,False,buy,3,3,707-265-9373,3450000,Marina Park Townhomes,
114,135 Freeway Drive,,False,False,,3,3,707-253-8954,4200,Bristol Apartments,2019-03-02
115,150 Sierra Drive,Walnut Creek,True,False,rent,1,2,925-945-1701,2800,Affordable Housing Associates,
116,1200 Newell Hill Place,Walnut Creek,True,True,rent,1,2,925-934-1117,2800,Newell Vista Apartments,
117,1755 Trinity Avenue # 1,Walnut Creek,True,True,rent,1,2,925-935-6956,2650,Walnut Hill Apartments,
118,150 Sierra Drive,,True,False,,1,2,925-945-1701,2300000,Affordable Housing Associates,2019-03-07
119,1290 San Tomas Aquino Road,San Jose,False,True,buy,3,4,408-984-8888,4000000,Aegena,
120,73 North Keeble Avenue,San Jose,True,True,buy,3,4,408-998-7266,4050000,Alameda Gardens Apartments,
121,947 Branham Lane # C,San Jose,True,False,buy,3,4,408-265-4808,4550000,Almaden Garden Apartments,
122,1543 Ambergrove Drive,San Jose,True,False,buy,3,4,408-453-8011,4350000,Amberwood Apartments,
123,2760 McKee Road,San Jose,True,False,buy,3,4,408-251-7570,4200000,Arbor Terraces,
124,750 North King Road,San Jose,True,False,buy,3,4,408-844-4803,4550000,Avenel Apartments,
125,4748 West Campbell Avenue,San Jose,True,True,buy,3,4,408-379-8440,4200000,Baker Park Apartments,
126,5480 Lean Avenue,San Jose,True,False,buy,3,4,408-840-2195,4350000,Blossom Hill Apartments,
127,1000 Blossom River Way,San Jose,True,True,buy,3,4,408-979-9442,4200000,Blossom River Apartments,
128,1612 Branham Lane,San Jose,True,False,buy,3,4,408-267-0515,4450000,Branham House Apartments,
129,1290 San Tomas Aquino Road,,False,True,,3,4,408-984-8888,4000000,Aegena,2019-03-07
130,1227 Hampshire Street,San Francisco,True,False,rent,3,4,415-285-5966,4800,Betel Apartments,
131,530 Carter Street,San Francisco,False,True,rent,3,4,415-584-4800,5050,Carter Terrace,
132,420 Berry Street,San Francisco,False,True,rent,3,4,415-371-0012,5250,Crescent Cove,
133,515 John Muir Drive,San Francisco,False,True,rent,3,4,888-536-9891,4700,Lakewood Apartments,
134,440 Valencia Street,San Francisco,False,False,rent,3,4,415-861-6159,4900,Plaza Del Sol Apartments,
135,140 Cashmere Street,San Francisco,False,False,rent,3,4,415-821-7440,5200,Ridgeview Terrace Townhouses,
136,50 Turk Street #37,San Francisco,False,True,rent,3,4,415-685-7045,4700,Winston Arms Apartments,
137,1227 Hampshire Street,,True,False,,3,4,415-285-5966,4250000,Betel Apartments,2019-03-08
138,201 Pennsylvania Avenue,Fairfield,True,False,rent,2,3,707-421-2155,3600,Fairfield Vista Apartments,
139,201 East Alaska Avenue,Fairfield,False,False,rent,2,3,707-425-7037,3800,Laurel Gardens Apartments,
140,2800 Dover Avenue,Fairfield,False,False,rent,2,3,707-426-0265,3900,Paradise Valley Apartments,
141,2215 Peach Tree Drive,Fairfield,True,True,rent,2,3,707-427-3396,4050,Peachwood Apartments,
142,840 East Travis Boulevard # 600,Fairfield,False,True,rent,2,3,707-422-9188,3800,Sunset Creek Apartments,
143,1480 Phoenix Drive,Fairfield,False,True,rent,2,3,707-429-5810,3900,Townhouse Apartments,
144,2999 North Texas Street #22,Fairfield,True,True,rent,2,3,707-426-3135,3750,Woodsong Village Apartments,
145,201 Pennsylvania Avenue,,True,False,,2,3,707-421-2155,3600,Fairfield Vista Apartments,2019-03-10
146,835 Turk Street,San Francisco,True,False,buy,2,2,415-922-0111,3000000,Vantaggio Suites,
147,2238 Hyde Street,San Francisco,False,False,buy,2,2,415-341-3098,2600000,View Tower Suites,
148,530 Carter Street,San Francisco,False,True,buy,1,2,415-584-4800,2700000,Carter Terrace,
149,296A Addison Street,San Francisco,False,True,buy,1,2,415-334-2698,2550000,Diamond View Apartments,
150,1820 Post Street,San Francisco,False,True,buy,1,2,415-921-3469,2350000,Golden Gate Apartments,
151,655 John Muir Drive,San Francisco,False,True,buy,1,2,415-239-4745,2650000,Lakewood Access Line,
152,474 Valencia Street # 280,San Francisco,False,True,buy,1,2,415-864-6432,2300000,Mission Housing Development Corporation,
153,50 Reardon Road # 111,San Francisco,False,True,buy,1,2,415-648-1910,2700000,Reardon Heights,
154,530 Carter Street,,False,True,,1,2,415-584-4800,2700000,Carter Terrace,2019-03-04
155,5255 Clayton Road,Concord,True,False,rent,2,3,855-957-1118,4050,Clayton Creek Apartments,
156,1530 Ellis Street,Concord,False,False,rent,2,3,925-521-8333,3500,Lakeshore Apartments,
157,1411 Monument Boulevard,Concord,False,True,rent,2,3,925-827-1836,3500,Monterrey Club Apartments,
158,1220 Monument Boulevard,Concord,True,False,rent,2,3,925-676-8550,3950,Mountain View Apartments,
159,2055 Fox Way,Concord,False,False,rent,2,3,925-384-1332,3650,Oakview Apartments,
160,2925 Monument Boulevard,Concord,False,True,rent,2,3,925-685-4246,3750,Palm Terrace Concord,
161,1731 Pine Street,Concord,True,True,rent,2,3,925-969-0096,3900,Vasona Management,
162,1530 Ellis Street,,False,False,,2,3,925-521-8333,3250000,Lakeshore Apartments,2019-03-09
163,150 Sierra Drive,Walnut Creek,True,False,rent,2,3,925-945-1701,3900,Affordable Housing Associates,
164,1195 Saranap Avenue # 14,Walnut Creek,True,False,rent,2,3,925-937-1324,3650,Birchwood Apartments,
165,1435 Creekside Drive,Walnut Creek,False,False,rent,2,3,925-935-4614,3600,Creekside Glen Apartments,
166,1011 Ygnacio Valley Road,Walnut Creek,True,False,rent,2,3,844-731-9934,3550,Cypress Creek Apartments,
167,3081 North Main Street # 23,Walnut Creek,False,True,rent,2,3,925-932-0981,4000,Evergreen Apartments,
168,3055 North Main Street,Walnut Creek,True,True,rent,2,3,855-388-5520,3550,Kingston Place Apartments,
169,260 Park Lake Circle B,Walnut Creek,True,False,rent,2,3,925-930-0559,4050,Park Lake At Walnut Creek,
170,1195 Saranap Avenue # 14,,True,False,,2,3,925-937-1324,3650,Birchwood Apartments,2019-03-08
171,3055 North Main Street,Walnut Creek,True,True,rent,3,3,855-388-5520,4400,Kingston Place Apartments,
172,1595 Sunnyvale Avenue #1,Walnut Creek,True,True,rent,3,3,925-937-1595,3950,Walnut Creek Apartments,
173,1755 Trinity Avenue # 1,Walnut Creek,True,True,rent,3,3,925-935-6956,4450,Walnut Hill Apartments,
174,1450 Creekside Drive,Walnut Creek,True,True,buy,3,4,925-930-9625,4350000,Diablo Pointe Apartments,
175,1450 Creekside Drive,,True,True,,3,4,925-930-9625,4350000,Diablo Pointe Apartments,2019-03-11
176,2001 Range Avenue,Santa Rosa,False,False,rent,2,3,707-578-1150,4000,Coddingtown Mall Apartments,
177,2807 Yulupa Avenue,Santa Rosa,False,True,rent,2,3,707-527-0128,3900,Country Club Apartments,
178,3076 Marlow Road,Santa Rosa,True,True,rent,2,3,707-579-5081,3500,Marlow Apartments,
179,310 Butterfly Lane,Santa Rosa,True,True,rent,2,3,707-542-4067,3700,Meadowview Apartments,
180,1814 North Dutton Avenue # 25,Santa Rosa,False,True,rent,2,3,707-542-1310,3500,North Dutton Apartments,
181,2002 Pinercrest Drive,Santa Rosa,False,False,rent,2,3,707-579-3424,4050,Orchard West Senior Apartments,
182,2389 McBride Lane,Santa Rosa,False,False,rent,2,3,707-579-5605,4050,Park Villa Apartments,
183,1024 Prospect Avenue # 122A,Santa Rosa,True,False,rent,2,3,707-537-7834,3550,Prospect Place Apartments,
184,2111 Kawana Springs Road,Santa Rosa,True,False,rent,2,3,707-595-2374,3900,Renaissance Apartment Homes,
185,1 Kashmir Drive,Santa Rosa,False,True,rent,2,3,707-539-1109,3650,Santa Rosa Garden Apartments,
186,2001 Range Avenue,,False,False,,2,3,707-578-1150,3600000,Coddingtown Mall Apartments,2019-03-11
187,18 Clark Avenue,Cloverdale,True,False,rent,1,2,707-894-3557,2400,Cloverdale Garden Apartments,
188,19 Clark Avenue,Cloverdale,True,True,rent,1,2,707-894-5426,2400,Vineyard Manor,
189,1059 Reed Avenue,Sunnyvale,False,True,rent,1,2,408-984-1060,2550,Aster Park Apartments,
190,732 East Evelyn Avenue,Sunnyvale,False,False,rent,1,2,669-267-1020,2800,Bristol Commons,
191,455 Brahms Way,Sunnyvale,False,True,rent,1,2,408-732-1200,2850,Cezanne Apartments,
192,678 Bellflower Avenue,Sunnyvale,False,False,rent,1,2,408-735-9030,2700,Charter Palm Town Homes,
193,250 W El Camino Real,Sunnyvale,False,False,rent,1,2,866-748-9591,2450,Cherry Orchard Apartment Homes,
194,1220 North Fair Oaks Avenue,Sunnyvale,False,True,rent,1,2,866-302-5606,2650,Kensington Place Apartments,
195,107 South Mary Avenue,Sunnyvale,False,False,rent,1,2,408-702-2447,2400,Magnolia Square Apartments,
196,1063 Morse Avenue,Sunnyvale,True,False,rent,1,2,844-482-6009,2300,Mission Pointe By Windsor,
197,1229 Vicente Drive,Sunnyvale,True,True,rent,1,2,650-961-0141,2850,Olive West Apartments,
198,120 East Remington Drive,Sunnyvale,True,True,rent,1,2,408-738-1114,2300,Remington Place Apartments,
199,1059 Reed Avenue,,False,True,,1,2,408-984-1060,2550,Aster Park Apartments,2019-03-03
200,750 North King Road,San Jose,True,False,buy,1,1,408-844-4803,1700000,Avenel Apartments,
201,3801 Blackford Avenue #16,San Jose,True,False,buy,1,1,408-876-3565,1750000,Blackford Apartments,
202,1000 Blossom River Way,San Jose,True,True,buy,1,1,408-979-9442,1900000,Blossom River Apartments,
203,220 North White Road,San Jose,True,False,buy,1,1,408-259-0427,1950000,Casa Las Palmas,
204,1250 Foxdale Loop,San Jose,True,False,buy,1,1,408-251-1142,1850000,Foxdale Village Apartments,
205,380 Northlake Drive #37,San Jose,True,False,buy,1,1,408-246-6936,2100000,Northlake Ambassador Apartments,
206,360 Meridian Avenue,San Jose,True,True,buy,1,1,408-995-0637,1950000,Parkview Family Apartments,
207,2811 McKee Road,San Jose,True,False,buy,1,1,408-272-5205,2100000,Peppertree Apartments,
208,4668 Albany Drive,San Jose,True,True,buy,1,1,408-248-0800,1650000,San Jose Gardens,
209,39 Rio Robles East,San Jose,True,False,buy,1,1,408-570-5000,2150000,The Oaks,
210,750 North King Road,,True,False,,1,1,408-844-4803,1700000,Avenel Apartments,2019-03-02
211,1290 San Tomas Aquino Road,San Jose,False,True,buy,3,3,408-984-8888,3450000,Aegena,
212,2415 Rinconada Drive,San Jose,True,True,buy,3,3,408-516-4212,3950000,Almaden House,
213,978 Almaden Lake Drive,San Jose,False,False,buy,3,3,408-323-8020,3800000,Almaden Lake Apartments,
214,1585 Marburg Way # 4,San Jose,True,True,buy,3,3,408-926-3999,3450000,Ann Darling Apartments,
215,1582 Kooser Road,San Jose,False,False,buy,3,3,408-448-1288,3800000,Arbor Apartments,
216,899 North King Road,San Jose,True,False,buy,3,3,408-272-1588,3850000,Arbor Park,
217,1058 South 5th Street,San Jose,False,True,buy,3,3,877-259-1439,3950000,Art Ark Apartments,
218,4748 West Campbell Avenue,San Jose,True,True,buy,3,3,408-379-8440,3950000,Baker Park Apartments,
219,44 North Jackson Avenue # A5,San Jose,True,False,buy,3,3,408-251-4540,3950000,Boxer'S Mayfair Village Senior Apartments,
220,1612 Branham Lane,San Jose,True,False,buy,3,3,408-267-0515,3600000,Branham House Apartments,
221,1290 San Tomas Aquino Road,,False,True,,3,3,408-984-8888,4350,Aegena,2019-03-04
222,1713 164th Avenue #1,San Leandro,False,False,buy,1,1,510-481-7575,1950000,Hilltop Trio Apartments,
223,"San Leandro, California 94578, United States",San Leandro,False,False,buy,1,1,510-586-6396,2000000,Montair Apartments,
224,900 143rd Avenue,San Leandro,True,False,buy,1,1,510-898-6076,1900000,Parkside Commons Apartments,
225,1300 Kentwood Lane,,False,True,,1,1,510-481-2565,1750,Ashland Village Apartments,2019-03-11
226,1015 Fitzuren Road #7,Antioch,True,True,buy,2,2,925-978-9772,2550000,Magnolia Apartments,
227,2201 Mahogany Way,Antioch,True,True,buy,2,2,925-754-9077,2900000,Oakwood Village Apartments,
228,2201 San Jose Drive,Antioch,True,True,buy,2,2,925-779-9999,2900000,Runaway Bay,
229,1015 Fitzuren Road #7,,True,True,,2,2,925-978-9772,2550000,Magnolia Apartments,2019-03-04
230,1000 Kiely Boulevard,Santa Clara,False,True,rent,2,2,408-247-6228,3150,Family Tree Apartments,
231,3375 Homestead Road,Santa Clara,False,True,rent,2,2,408-984-0244,2900,Hidden Lake,
232,1600 Nantucket Circle,Santa Clara,True,True,rent,2,2,408-565-9960,3050,Nantucket Apartments,
233,3650 Buckley Street Apt#907,Santa Clara,True,True,rent,2,2,408-247-1440,3150,Oakbrook Apartments,
234,1000 Kiely Boulevard,,False,True,,2,2,408-247-6228,3150,Family Tree Apartments,2019-03-01
235,1290 San Tomas Aquino Road,San Jose,False,True,rent,3,3,408-984-8888,4350,Aegena,
236,2415 Rinconada Drive,San Jose,True,True,rent,3,3,408-516-4212,4150,Almaden House,
237,978 Almaden Lake Drive,San Jose,False,False,rent,3,3,408-323-8020,4200,Almaden Lake Apartments,
238,1585 Marburg Way # 4,San Jose,True,True,rent,3,3,408-926-3999,4350,Ann Darling Apartments,
239,1582 Kooser Road,San Jose,False,False,rent,3,3,408-448-1288,4350,Arbor Apartments,
240,899 North King Road,San Jose,True,False,rent,3,3,408-272-1588,4150,Arbor Park,
241,1058 South 5th Street,San Jose,False,True,rent,3,3,877-259-1439,4450,Art Ark Apartments,
242,4748 West Campbell Avenue,San Jose,True,True,rent,3,3,408-379-8440,4150,Baker Park Apartments,
243,44 North Jackson Avenue # A5,San Jose,True,False,rent,3,3,408-251-4540,4350,Boxer'S Mayfair Village Senior Apartments,
244,1612 Branham Lane,San Jose,True,False,rent,3,3,408-267-0515,4400,Branham House Apartments,
245,1290 San Tomas Aquino Road,,False,True,,3,3,408-984-8888,3450000,Aegena,2019-03-13
246,31108 Brae Burn Avenue,Hayward,False,True,buy,3,3,510-471-7075,3500000,Baywood Apartments,
247,25200 Carlos Bee Boulevard,Hayward,True,True,buy,3,3,510-822-2617,3700000,City View,
248,375 Industrial Parkway # 314,Hayward,False,True,buy,3,3,510-581-0911,3850000,Golf Club Manor Apartments,
249,24545 Amador Street,Hayward,True,True,buy,3,3,510-400-7700,3600000,Jackson Arms Apartments,
250,28955 Mission Boulevard,Hayward,True,True,buy,3,3,510-537-5604,3600000,Mission Bay Condos,
251,605 Orchard Avenue,Hayward,False,True,buy,3,3,510-886-1055,3650000,Park Orchard Apartments,
252,837 Hancock Street,Hayward,True,True,buy,3,3,510-581-4141,3800000,Pinecrest Apartments,
253,26030 Gading Road # 41,Hayward,True,True,buy,3,3,510-732-9475,3950000,Ponderosa Apartments,
254,1725 B Street,Hayward,False,True,buy,3,3,510-538-7360,3550000,Silk Oaks Apartments,
255,23976 2nd Street,Hayward,False,True,buy,3,3,510-733-2631,3550000,Terrace Towers,
256,25200 Carlos Bee Boulevard,,True,True,,3,3,510-822-2617,4350,City View,2019-03-09
257,5317 Creely Avenue,Richmond,True,False,rent,3,3,510-236-4935,3950,Arbors Apartments,
258,298 West Chanslor Avenue,Richmond,True,True,rent,3,3,510-232-8908,4150,Liberty Village Apartments,
259,121 West Macdonald Avenue,Richmond,False,True,rent,3,3,510-237-6426,4150,St. John'S Apartments,
260,888 North San Mateo Drive,San Mateo,True,False,rent,3,3,650-340-0098,4300,888 San Mateo,
261,2901 South El Camino Real,San Mateo,True,True,rent,3,3,650-212-0935,4050,Peninsula Station Apartments,
262,3110 Casa De Campo,San Mateo,False,False,rent,3,3,650-572-7180,3950,Villa Serena,
263,888 North San Mateo Drive,,True,False,,3,3,650-340-0098,4300,888 San Mateo,2019-03-01
264,1227 Hampshire Street,,True,False,,3,4,415-285-5966,4800,Betel Apartments,2019-03-10
265,400 Canal Street # 131,San Rafael,True,False,buy,2,3,415-454-6223,3100000,400 Canal Street Apartments,
266,99 Professional Center Parkway,San Rafael,True,True,buy,2,3,415-472-6644,3100000,Deer Park Apartments,
267,124 Merrydale Road,San Rafael,True,True,buy,2,3,415-492-2180,3650000,Marin Garden Apartments,
268,2500 Deer Valley Road,San Rafael,False,False,buy,2,3,415-419-5105,3650000,Worldwide Oakwood,
269,400 Canal Street # 131,,True,False,,2,3,415-454-6223,3100000,400 Canal Street Apartments,2019-03-08
270,3500 Pennsylvania Avenue # 101,Fremont,False,True,buy,1,2,510-943-8264,2300000,Birchwood Apartments,
271,4200 Bay Street,Fremont,False,True,buy,1,2,510-455-8813,2750000,Briarwood At Central Park,
272,36163 Fremont Boulevard,Fremont,True,True,buy,1,2,510-793-1621,2650000,Brookvale Chateau,
273,4101 Eggers Drive # 16,Fremont,False,True,buy,1,2,510-796-4064,2650000,Case Verde Apartment,
274,41299 Paseo Padre Parkway,Fremont,False,False,buy,1,2,510-651-1040,2500000,Century Village Apartments,
275,46703 Crawford Street # 2,Fremont,False,False,buy,1,2,510-651-5292,2700000,Crawford Apartments,
276,4261 Stevenson Boulevard,Fremont,True,True,buy,1,2,510-656-8201,2550000,Fremont Manor,
277,4444 Central Avenue,Fremont,True,True,buy,1,2,510-792-1161,2200000,Glenmills Apartments,
278,36000 Fremont Boulevard,Fremont,False,False,buy,1,2,510-793-4070,2750000,Hacienda Gardens,
279,3355 Pennsylvania Avenue #13,Fremont,False,True,buy,1,2,510-792-4983,2250000,Hastings East Apartments,
280,3500 Pennsylvania Avenue # 101,,False,True,,1,2,510-943-8264,2800,Birchwood Apartments,2019-03-13
281,2355 Fairfield Avenue,Fairfield,False,True,rent,1,2,707-429-1271,2400,Aspen Village Apartments,
282,2780 North Texas Street,Fairfield,True,True,rent,1,2,707-896-4168,2400,Bennington Apartments,
283,2751 Peppertree Drive,Fairfield,True,True,rent,1,2,707-366-0839,2300,Berkshire Laurel Creek,
284,1890 Dover Avenue,Fairfield,False,True,rent,1,2,707-422-9630,2850,Birchwood Apartments,
285,1917 Grande Circle,Fairfield,True,False,rent,1,2,707-434-8983,2800,Fairfield Heights,
286,201 East Alaska Avenue,Fairfield,False,False,rent,1,2,707-425-7037,2750,Laurel Gardens Apartments,
287,651 East Travis Boulevard,Fairfield,False,True,rent,1,2,707-429-1778,2400,Orchard Crossing Apartments,
288,2800 Dover Avenue,Fairfield,False,False,rent,1,2,707-426-0265,2450,Paradise Valley Apartments,
289,2215 Peach Tree Drive,Fairfield,True,True,rent,1,2,707-427-3396,2300,Peachwood Apartments,
290,2376 Fairfield Avenue,Fairfield,True,False,rent,1,2,707-425-1199,2500,Willow Brook Apartments,
291,2355 Fairfield Avenue,,False,True,,1,2,707-429-1271,2400,Aspen Village Apartments,2019-03-09
292,1100 Market Street,Oakland,False,False,buy,1,1,510-832-2249,2000000,Beth Eden Apartments,
293,520 Van Buren Avenue,Oakland,True,False,buy,1,1,510-763-2338,1700000,Grand Lake Terrace Apartments,
294,5321 Telegraph Avenue,Oakland,True,True,buy,1,1,510-652-4043,1650000,Keller Plaza Apartments,
295,1100 Market Street,,False,False,,1,1,510-832-2249,2000000,Beth Eden Apartments,2019-03-06
296,4445 Stevenson Boulevard,Fremont,True,True,rent,3,4,510-657-1133,4750,Americana Apartments,
297,4401 Central Avenue,Fremont,False,True,rent,3,4,510-792-5182,4800,Ladera Woods Apartments,
298,3330 Country Drive,Fremont,False,True,rent,3,4,510-792-7817,4950,Parkview Apartments,
299,37767 Fremont Boulevard,Fremont,True,True,rent,3,4,510-797-5099,5200,Pepper Tree Apartments,
300,3750 Tamayo Street,Fremont,False,True,rent,3,4,510-793-1322,4950,Suburbian Emerald Property,
301,39150 Sundale Drive,Fremont,True,True,rent,3,4,510-651-0722,4950,Sundale Arms,
302,39600 Fremont Boulevard,Fremont,True,True,rent,3,4,510-342-3360,4800,Waterstone Fremont,
303,4445 Stevenson Boulevard,,True,True,,3,4,510-657-1133,4100000,Americana Apartments,2019-03-14
304,3883 Vista Oaks Drive,Martinez,False,True,rent,1,2,833-755-3332,2300,Vista Oaks Apartments,
305,3883 Vista Oaks Drive,,False,True,,1,2,833-755-3332,2600000,Vista Oaks Apartments,2019-03-13
306,4200 Bay Street,,False,True,,2,2,510-455-8813,2750000,Briarwood At Central Park,2019-03-14
307,1546 Maurice Lane,San Jose,False,False,buy,2,3,408-818-0710,3400000,888 Golden Saratoga-Cupertino Apartment Homes,
308,947 Branham Lane # C,San Jose,True,False,buy,2,3,408-265-4808,3200000,Almaden Garden Apartments,
309,1543 Ambergrove Drive,San Jose,True,False,buy,2,3,408-453-8011,3650000,Amberwood Apartments,
310,1582 Kooser Road,San Jose,False,False,buy,2,3,408-448-1288,3550000,Arbor Apartments,
311,899 North King Road,San Jose,True,False,buy,2,3,408-272-1588,3350000,Arbor Park,
312,2760 McKee Road,San Jose,True,False,buy,2,3,408-251-7570,3250000,Arbor Terraces,
313,5480 Lean Avenue,San Jose,True,False,buy,2,3,408-840-2195,3600000,Blossom Hill Apartments,
314,416 Boynton Avenue,San Jose,False,True,buy,2,3,408-246-5509,3100000,Boynton Brooks Apartments,
315,2580 Fontaine Road,San Jose,False,True,buy,2,3,408-238-0841,3350000,Casa Real Apartments,
316,2036 Evans Lane,San Jose,False,True,buy,2,3,408-264-0784,3650000,Catalonia Apartments,
317,1546 Maurice Lane,San Jose,False,False,rent,2,3,408-818-0710,3950,888 Golden Saratoga-Cupertino Apartment Homes,
318,947 Branham Lane # C,San Jose,True,False,rent,2,3,408-265-4808,3550,Almaden Garden Apartments,
319,1543 Ambergrove Drive,San Jose,True,False,rent,2,3,408-453-8011,3750,Amberwood Apartments,
320,1582 Kooser Road,San Jose,False,False,rent,2,3,408-448-1288,3700,Arbor Apartments,
321,899 North King Road,San Jose,True,False,rent,2,3,408-272-1588,3950,Arbor Park,
322,2760 McKee Road,San Jose,True,False,rent,2,3,408-251-7570,3500,Arbor Terraces,
323,5480 Lean Avenue,San Jose,True,False,rent,2,3,408-840-2195,3850,Blossom Hill Apartments,
324,416 Boynton Avenue,San Jose,False,True,rent,2,3,408-246-5509,3800,Boynton Brooks Apartments,
325,2580 Fontaine Road,San Jose,False,True,rent,2,3,408-238-0841,3950,Casa Real Apartments,
326,2036 Evans Lane,San Jose,False,True,rent,2,3,408-264-0784,3700,Catalonia Apartments,
327,1290 San Tomas Aquino Road,,False,True,,3,3,408-984-8888,3450000,Aegena,2019-03-07
328,978 Almaden Lake Drive,San Jose,False,False,rent,1,2,408-323-8020,2750,Almaden Lake Apartments,
329,5822 Charlotte Drive,San Jose,True,True,rent,1,2,408-226-5822,2600,Anton La Moraga Apartments,
330,3801 Blackford Avenue #16,San Jose,True,False,rent,1,2,408-876-3565,2500,Blackford Apartments,
331,416 Boynton Avenue,San Jose,False,True,rent,1,2,408-246-5509,2650,Boynton Brooks Apartments,
332,1405 Phelps Avenue,San Jose,True,True,rent,1,2,408-866-6111,2400,Campbell House Apartments,
333,2020 Southwest Expressway,San Jose,False,False,rent,1,2,408-287-6274,2800,Cherry Creek Apartments,
334,2600 Corde Terra Circle,San Jose,False,False,rent,1,2,408-298-9988,2350,Corde Terra Apartments,
335,320 Crescent Village Circle,San Jose,True,True,rent,1,2,866-794-5531,2500,Crescent Village Apartment Homes,
336,5255 Camden Avenue,San Jose,True,False,rent,1,2,408-265-5605,2550,Del Coronado Apartments,
337,1 Vista Montana,San Jose,False,True,rent,1,2,844-244-9251,2850,Domain Apartments,
338,978 Almaden Lake Drive,,False,False,,1,2,408-323-8020,2350000,Almaden Lake Apartments,2019-03-10
339,3718 Willow Pass Rd,,False,False,,3,3,925-686-2244,4450,Whispering Oaks,2019-03-02
340,185 Estancia Drive,,True,True,,3,3,408-570-5020,3400000,The Laurels,2019-03-04
341,40001 Fremont Boulevard,,True,False,,3,3,510-455-8815,3500000,Boulevard,2019-03-11
342,2807 Yulupa Avenue,,False,True,,2,3,707-527-0128,3900,Country Club Apartments,2019-03-05
343,1495 Don Avenue,,True,True,,2,3,408-713-6428,4000,Civic Plaza Apartments,2019-03-08
344,1359 Worley Road,,False,True,,1,2,707-399-0529,2550000,Breezewood Village,2019-03-09
345,2376 Fairfield Avenue,,True,False,,1,2,707-425-1199,2500,Willow Brook Apartments,2019-03-08
346,355 North Wolfe Road,,False,False,,1,1,408-736-4963,1800,Parkside Apartments,2019-03-06
347,2898 Villa Monterey,,False,False,,1,1,408-365-9200,2050,Villa Monterey,2019-03-01
348,1919 Fruitdale Avenue,,True,False,,3,3,408-295-1155,4050,The Grove Apartments,2019-03-03
349,1300 Rumrill Boulevard,,True,False,,2,2,510-232-6651,3050,Rumrill Garden Apartments,2019-03-12
350,1651 Belleville Way,,True,True,,3,3,669-257-9990,4450,Brookside Oaks,2019-03-02
351,235 Camelback Road,,True,True,,1,2,925-671-2460,2850,Northridge Apartments,2019-03-14
352,1101 Burton Drive,,False,True,,1,1,707-451-7400,1600,Saratoga Senior Apartments,2019-03-11
353,"6 Lyford Drive, Belvedere",,False,False,,1,1,855-553-0652,1750,"Tiburon 6 Lyford, Llc",2019-03-03
354,1227 Hampshire Street,,True,False,,3,4,415-285-5966,4800,Betel Apartments,2019-03-04
355,7015 Fellers Lane,,False,True,,1,1,707-823-0730,1950,Redwood Grove Apartments,2019-03-12
356,4141 Stevenson Boulevard,,True,False,,2,2,510-455-8844,2950000,Stevenson Place Apartments,2019-03-09
357,1999 Beach Park Boulevard,,False,False,,2,2,844-899-9230,3000,Beach Park Apartments,2019-03-12
358,235 South Bernardo Avenue,,True,False,,2,2,866-684-3427,2550000,Shadowbrook Apartments,2019-03-05
359,457 Sierra Vista Avenue,,True,False,,3,3,650-968-2310,3900,Sierra Vista,2019-03-01
360,1160 Portola Meadows Road,,True,True,,3,4,925-449-6167,4550000,Portola Meadows Apartments,2019-03-13
361,330 Canal Street,,False,False,,3,3,415-456-6619,4000,Canal Apartments,2019-03-05
362,575 East Remington Drive # 1G,,True,True,,1,2,408-738-1553,2600,Stephen J Pavlina Investments,2019-03-01
363,455 Brahms Way,,False,True,,1,2,408-732-1200,2600000,Cezanne Apartments,2019-03-11
364,825 East Evelyn Avenue,,True,True,,3,4,408-680-5105,4900,Windsor Ridge,2019-03-14
365,7015 Fellers Lane,,False,True,,1,1,707-823-0730,1950,Redwood Grove Apartments,2019-03-06
366,35750 Bettencourt Street # 86,,False,True,,2,3,510-791-1266,3700,Meadow Apartments,2019-03-10
367,1459 Creekside Drive,,False,True,,1,2,855-250-5961,2850,The Retreat,2019-03-04
368,1275 Central Boulevard,,False,True,,2,3,925-513-1110,3550000,Avery At Towncentre,2019-03-08
369,2777 Marina Boulevard,,False,True,,3,4,510-352-4659,4450000,Marina Plaza Apartments,2019-03-13
370,13949 Doolittle Drive,,False,True,,2,3,510-352-8728,3750,Bermuda-Trinidad Apartments,2019-03-01
371,16201 Hesperian Boulevard,,False,True,,1,1,510-344-6316,1500,Lorenzo Commons Apartments,2019-03-03
372,2811 McKee Road,,True,False,,1,1,408-272-5205,2100000,Peppertree Apartments,2019-03-09
373,1375 Lick Avenue,,False,True,,2,3,408-564-7347,3350000,Skyline At Tamien Station,2019-03-03
374,801 Marine Parkway,,False,True,,2,3,650-593-4300,3500000,Indian Creek,2019-03-02
375,1713 164th Avenue #1,,False,False,,1,1,510-481-7575,1800,Hilltop Trio Apartments,2019-03-12
376,1229 Vicente Drive,,True,True,,1,2,650-961-0141,2350000,Olive West Apartments,2019-03-13
377,2999 North Texas Street #22,,True,True,,2,3,707-426-3135,3450000,Woodsong Village Apartments,2019-03-13
378,660 Gail Avenue,,True,False,,1,1,888-854-9884,1750,Bonnie Terrace Apartments,2019-03-14
379,50 Reardon Road # 111,,False,True,,3,3,415-648-1910,4350,Reardon Heights,2019-03-07
380,1221 Blossom Hill Road,,False,True,,1,1,408-978-9618,1900,Driftwood Arms Apartments,2019-03-07
381,1900 Sestri Lane,,True,True,,1,2,707-317-1020,2600,Capri Creek Apartments,2019-03-02
382,2000 Clay Bank Road,,True,True,,2,2,707-881-7063,2500000,Avery Park Apartments,2019-03-01
383,1546 Maurice Lane,San Jose,False,False,buy,2,2,408-818-0710,2600000,888 Golden Saratoga-Cupertino Apartment Homes,
384,73 North Keeble Avenue,San Jose,True,True,buy,2,2,408-998-7266,2650000,Alameda Gardens Apartments,
385,2415 Rinconada Drive,San Jose,True,True,buy,2,2,408-516-4212,2700000,Almaden House,
386,1585 Marburg Way # 4,San Jose,True,True,buy,2,2,408-926-3999,2500000,Ann Darling Apartments,
387,5822 Charlotte Drive,San Jose,True,True,buy,2,2,408-226-5822,3000000,Anton La Moraga Apartments,
388,44 North Jackson Avenue # A5,San Jose,True,False,buy,2,2,408-251-4540,2650000,Boxer'S Mayfair Village Senior Apartments,
389,260 North Capitol Avenue # 109,San Jose,False,False,buy,2,2,408-259-1662,3050000,Capitol Avenue Apartments,
390,1200 Ranchero Way,San Jose,False,True,buy,2,2,408-241-1146,2800000,Charter Court Apartments,
391,3051 Colonial Way,San Jose,True,False,buy,2,2,408-866-8444,2500000,Colonial Way Apartments,
392,3555 Judro Way,San Jose,False,False,buy,2,2,408-248-1442,2900000,Cypress Gardens,
393,1546 Maurice Lane,,False,False,,2,2,408-818-0710,2600000,888 Golden Saratoga-Cupertino Apartment Homes,2019-03-01
394,2500 Deer Valley Road,San Rafael,False,True,buy,1,1,415-479-4500,1700000,Deer Valley,
395,201 D Street,San Rafael,True,True,buy,1,1,415-720-6977,1850000,Franciscan Manor,
396,124 Merrydale Road,San Rafael,True,True,buy,1,1,415-492-2180,1900000,Marin Garden Apartments,
397,10-90 North Avenue,San Rafael,True,True,buy,1,1,415-491-1125,1700000,Mcinnis Park,
398,201 D Street,,True,True,,1,1,415-720-6977,1850,Franciscan Manor,2019-03-07
399,1288 East Hillsdale Boulevard,Foster City,False,False,rent,1,1,844-334-0618,2000,Miramar Apartments,
400,300 Timberhead Lane,Foster City,False,False,rent,1,1,650-572-0540,2050,Schooner Bay Apartment Homes,
401,1288 East Hillsdale Boulevard,,False,False,,1,1,844-334-0618,2000,Miramar Apartments,2019-03-13
402,1200 Ranchero Way,San Jose,False,True,buy,2,3,408-241-1146,3200000,Charter Court Apartments,
403,632 North Jackson Avenue # 4,San Jose,True,True,buy,2,3,408-251-6850,3650000,Las Casitas Associates,
404,3200 Zanker Road,San Jose,False,True,buy,2,3,408-953-7440,3550000,Mirada,
405,458 Boynton Avenue Apt A4,San Jose,True,True,buy,2,3,844-578-7568,3100000,Pacific Terrace West,
406,810 Hillsdale Avenue,San Jose,True,True,buy,2,3,408-264-8291,3200000,Parkside Glen Apartment Homes,
407,463 Wooster Avenue # K1,San Jose,True,True,buy,2,3,408-998-0500,3450000,Parkside Terrace,
408,760 North 7th Street,San Jose,False,True,buy,2,3,844-343-9547,3400000,Pavona Apartments,
409,416 Boynton Avenue,,False,True,,2,3,408-246-5509,3100000,Boynton Brooks Apartments,2019-03-06
410,2000 Shoreline Loop,San Ramon,True,True,buy,3,3,925-307-7099,3600000,Bel Air,
411,1 Amberstone Lane,San Ramon,True,False,buy,3,3,925-307-7151,3550000,Canyon Oaks,
412,9200 Alcosta Boulevard,San Ramon,True,False,buy,3,3,925-828-3060,3800000,Fairway Village Apartments,
413,1110 Harness Drive,San Ramon,True,False,buy,3,3,925-307-7105,3700000,Foothill - Twin Creeks,
414,125 Cedar Pointe Loop,San Ramon,False,False,buy,3,3,925-833-1813,3400000,The Seasons,
415,1 Amberstone Lane,,True,False,,3,3,925-307-7151,4100,Canyon Oaks,2019-03-05
416,8670 Camino Colegio,Rohnert Park,True,True,buy,2,3,707-795-9200,3250000,Emerald Pointe Apartments,
417,5121 Dowdell Avenue,Rohnert Park,True,False,buy,2,3,707-820-2962,3350000,The Reserve At Rohnert Park,
418,8670 Camino Colegio,,True,True,,2,3,707-795-9200,3500,Emerald Pointe Apartments,2019-03-14
419,1001 Beethoven Common,Fremont,False,True,buy,3,3,510-797-1800,3850000,Alborada Apartments,
420,34050 Westchester Terrace,Fremont,False,True,buy,3,3,510-794-9981,3550000,Amber Court,
421,40001 Fremont Boulevard,Fremont,True,False,buy,3,3,510-455-8815,3500000,Boulevard,
422,46703 Crawford Street # 2,Fremont,False,False,buy,3,3,510-651-5292,3900000,Crawford Apartments,
423,41277 Roberts Ave # 32,Fremont,False,False,buy,3,3,510-656-2303,3500000,Felson Management Corporation,
424,37811 Fremont Boulevard,Fremont,False,False,buy,3,3,510-797-4520,3800000,Fremont Arms,
425,4261 Stevenson Boulevard,Fremont,True,True,buy,3,3,510-656-8201,3800000,Fremont Manor,
426,42010 Blacow Road,Fremont,False,False,buy,3,3,510-657-2020,3700000,Minutetogo,
427,1301 Stevenson Boulevard,Fremont,True,False,buy,3,3,510-794-7718,3550000,Mission Wells Apartments,
428,39548 Fremont Boulevard,Fremont,True,True,buy,3,3,510-657-4244,3750000,Pasatiempo Apartments,
429,1001 Beethoven Common,,False,True,,3,3,510-797-1800,4100,Alborada Apartments,2019-03-09
430,1445 Treat Boulevard,Walnut Creek,False,True,rent,2,2,925-943-7977,2700,Archstone Walnut Creek,
431,2971 North Main Street,Walnut Creek,False,False,rent,2,2,925-939-6667,2950,North Main Apartments,
432,260 Park Lake Circle B,Walnut Creek,True,False,rent,2,2,925-930-0559,2800,Park Lake At Walnut Creek,
433,1459 Creekside Drive,Walnut Creek,False,True,rent,2,2,855-250-5961,3150,The Retreat,
434,1851 Trinity Avenue,Walnut Creek,False,True,rent,2,2,925-256-4086,2800,Trinity Terrace Apartments,
435,1445 Treat Boulevard,,False,True,,2,2,925-943-7977,2700,Archstone Walnut Creek,2019-03-02
436,699 Gravenstein Highway North,Sebastopol,False,False,buy,1,1,707-829-0556,1600000,Burbank Business Management,
437,7777 Bodega Avenue,Sebastopol,True,True,buy,1,1,707-823-1361,1700000,Burbank Heights & Orchard Seni,
438,7015 Fellers Lane,Sebastopol,False,True,buy,1,1,707-823-0730,2150000,Redwood Grove Apartments,
439,699 Gravenstein Highway North,,False,False,,1,1,707-829-0556,1600000,Burbank Business Management,2019-03-13
440,900 Pepper Tree Lane,,True,False,,2,3,866-472-2645,3500000,Alderwood Apartments,2019-03-04
441,5 Hutchins Way,Novato,False,True,buy,3,3,415-382-0801,3550000,Bay Vista,
442,1725 Novato Boulevard,Novato,True,True,buy,3,3,415-898-8380,3500000,Novato Park Apartments,
443,5 Hutchins Way,,False,True,,3,3,415-382-0801,4100,Bay Vista,2019-03-03
444,1290 San Tomas Aquino Road,,False,True,,3,3,408-984-8888,3450000,Aegena,2019-03-12
445,1100 Market Street,Oakland,False,False,rent,1,2,510-832-2249,2550,Beth Eden Apartments,
446,344 13th Street,Oakland,True,False,rent,1,2,510-663-2001,2750,Empyrean Towers,
447,6475 Foothill Boulevard,Oakland,True,False,rent,1,2,510-638-4383,2700,Kenneth Henry Court,
448,1100 Market Street,,False,False,,1,2,510-832-2249,2300000,Beth Eden Apartments,2019-03-09
449,1441 Casa Buena Drive,Corte Madera,True,True,rent,2,2,415-945-9636,3100,Parc Marin Apartments,
450,1441 Casa Buena Drive,,True,True,,2,2,415-945-9636,3100,Parc Marin Apartments,2019-03-14
451,750 North King Road,San Jose,True,False,rent,1,1,408-844-4803,1600,Avenel Apartments,
452,3801 Blackford Avenue #16,San Jose,True,False,rent,1,1,408-876-3565,1950,Blackford Apartments,
453,1000 Blossom River Way,San Jose,True,True,rent,1,1,408-979-9442,1800,Blossom River Apartments,
454,220 North White Road,San Jose,True,False,rent,1,1,408-259-0427,2050,Casa Las Palmas,
455,1250 Foxdale Loop,San Jose,True,False,rent,1,1,408-251-1142,1900,Foxdale Village Apartments,
456,380 Northlake Drive #37,San Jose,True,False,rent,1,1,408-246-6936,1950,Northlake Ambassador Apartments,
457,360 Meridian Avenue,San Jose,True,True,rent,1,1,408-995-0637,1950,Parkview Family Apartments,
458,2811 McKee Road,San Jose,True,False,rent,1,1,408-272-5205,1850,Peppertree Apartments,
459,4668 Albany Drive,San Jose,True,True,rent,1,1,408-248-0800,1700,San Jose Gardens,
460,39 Rio Robles East,San Jose,True,False,rent,1,1,408-570-5000,2050,The Oaks,
461,750 North King Road,,True,False,,1,1,408-844-4803,1700000,Avenel Apartments,2019-03-01
462,201 Harrison Street,San Francisco,False,True,rent,2,3,415-543-1135,3550,Baycrest,
463,1150 Webster Street,San Francisco,False,False,rent,2,3,415-563-1885,3950,Buchanan Park,
464,900 Chestnut Street # 102,San Francisco,False,True,rent,2,3,415-441-5668,4050,Chestnut Place,
465,511 John Muir Drive,San Francisco,False,True,rent,2,3,415-859-9384,3900,Lakewood Apartments,
466,201 Harrison Street,San Francisco,False,True,buy,2,3,415-543-1135,3200000,Baycrest,
467,900 Chestnut Street # 102,San Francisco,False,True,buy,2,3,415-441-5668,3350000,Chestnut Place,
468,511 John Muir Drive,San Francisco,False,True,buy,2,3,415-859-9384,3350000,Lakewood Apartments,
469,900 Chestnut Street # 102,,False,True,,2,3,415-441-5668,3350000,Chestnut Place,2019-03-14
470,4656 Quigg Drive,Santa Rosa,True,True,rent,1,2,707-537-9866,2450,Behringer Harvard,
471,850 Russell Avenue,Santa Rosa,True,False,rent,1,2,707-542-2883,2550,Del Nido Apartments,
472,6401 Montecito Boulevard # 29,Santa Rosa,True,True,rent,1,2,707-539-6148,2500,Garden Court Apartments,
473,1163 Hopper Avenue,Santa Rosa,False,True,rent,1,2,707-526-9675,2850,Hopper Lane Apartments,
474,3076 Marlow Road,Santa Rosa,True,True,rent,1,2,707-579-5081,2750,Marlow Apartments,
475,"Leasing Office, 6600 Montecito Boulevard",Santa Rosa,True,True,rent,1,2,707-538-1516,2450,Montecito Pines Apartments,
476,638 Cordelia Drive # 1,Santa Rosa,True,False,rent,1,2,707-528-7971,2600,Park Manor Apartments,
477,2389 McBride Lane,Santa Rosa,False,False,rent,1,2,707-579-5605,2800,Park Villa Apartments,
478,6899 Montecito Boulevard,Santa Rosa,False,False,rent,1,2,707-537-0731,2450,Parkwood Apartments,
479,193 Airport Boulevard East,Santa Rosa,True,True,rent,1,2,707-579-9560,2400,Spring Club,
480,4656 Quigg Drive,,True,True,,1,2,707-537-9866,2250000,Behringer Harvard,2019-03-11
481,859 University Avenue,Los Gatos,False,True,rent,3,3,408-395-1222,3900,Casa Vasona Garden Apartments,
482,107 Oak Rim Court,Los Gatos,True,True,rent,3,3,408-358-1541,4400,Twelve Oaks Apartments,
483,14225 Lora Drive,Los Gatos,True,False,rent,3,3,408-378-9472,4000,Wedgewood Manor,
484,859 University Avenue,,False,True,,3,3,408-395-1222,3900,Casa Vasona Garden Apartments,2019-03-04
485,400 East Remington Drive,Sunnyvale,False,True,buy,3,4,408-738-4862,4400000,Apricot Pit Apartments,
486,151 South Bernardo Avenue,Sunnyvale,False,False,buy,3,4,650-961-3333,4550000,Balboa Apartments,
487,815 East Fremont Avenue,Sunnyvale,True,False,buy,3,4,408-736-5183,4450000,Cambria Apartments,
488,135 Acalanes Drive,Sunnyvale,True,False,buy,3,4,650-965-1671,4550000,Casa Del Sol Apartments,
489,455 Crescent Avenue,Sunnyvale,False,False,buy,3,4,408-737-1130,4300000,Crescent Manor,
490,130 Crescent Avenue,Sunnyvale,False,False,buy,3,4,408-749-1060,4300000,Crescent Terrace Senior Apartments,
491,1055 East Evelyn Avenue,Sunnyvale,True,False,buy,3,4,408-296-8006,4000000,Evelyn Gardens,
492,1063 Morse Avenue,Sunnyvale,True,False,buy,3,4,844-482-6009,4050000,Mission Pointe By Windsor,
493,825 Morse Avenue,Sunnyvale,False,False,buy,3,4,408-734-9442,4500000,Morse Court Apartments,
494,1229 Vicente Drive,Sunnyvale,True,True,buy,3,4,650-961-0141,4100000,Olive West Apartments,
495,151 South Bernardo Avenue,,False,False,,3,4,650-961-3333,4550000,Balboa Apartments,2019-03-09
496,320 East Tabor Avenue,Fairfield,True,False,buy,1,1,707-422-2850,1850000,Blue Sky Apartments,
497,855 East Tabor Avenue,Fairfield,True,True,buy,1,1,707-439-8195,1750000,Groves At East Tabor,
498,2376 Fairfield Avenue,Fairfield,True,False,buy,1,1,707-425-1199,1600000,Willow Brook Apartments,
499,2999 North Texas Street #22,Fairfield,True,True,buy,1,1,707-426-3135,1750000,Woodsong Village Apartments,
500,320 East Tabor Avenue,,True,False,,1,1,707-422-2850,1900,Blue Sky Apartments,2019-03-06
501,1000 Canyon Village Circle,San Ramon,True,False,rent,2,3,925-820-8385,3600,Canyon Creek Apartments,
502,9200 Alcosta Boulevard,San Ramon,True,False,rent,2,3,925-828-3060,3500,Fairway Village Apartments,
503,1110 Harness Drive,San Ramon,True,False,rent,2,3,925-307-7105,3700,Foothill - Twin Creeks,
504,2100 Waterstone Place,San Ramon,True,True,rent,2,3,925-307-7005,3850,Mill Creek,
505,3300 Promontory Circle,San Ramon,True,False,rent,2,3,925-838-8850,3650,Promontory View,
506,2000 Bellas Artes Circle,San Ramon,False,False,rent,2,3,925-736-9120,3550,Seville Apartments,
507,1000 Canyon Village Circle,,True,False,,2,3,925-820-8385,3600,Canyon Creek Apartments,2019-03-07
508,3263 Mount Diablo Court,Lafayette,False,False,rent,3,3,925-287-1188,4150,Lafayette Commons Apartments,
509,1076 Carol Lane,Lafayette,True,False,rent,3,3,925-284-2586,3950,Lafayette Highlands Apartments,
510,1076 Carol Lane,,True,False,,3,3,925-284-2586,3950,Lafayette Highlands Apartments,2019-03-04
511,150 Sierra Drive,Walnut Creek,True,False,buy,1,2,925-945-1701,2300000,Affordable Housing Associates,
512,1756 Carmel Drive,Walnut Creek,False,True,buy,1,2,925-301-9510,2600000,Carmel House,
513,245 Masters Court,Walnut Creek,False,True,buy,1,2,925-906-9000,2300000,Club Villas,
514,1200 Newell Hill Place,Walnut Creek,True,True,buy,1,2,925-934-1117,2250000,Newell Vista Apartments,
515,2971 North Main Street,Walnut Creek,False,False,buy,1,2,925-939-6667,2450000,North Main Apartments,
516,1459 Creekside Drive,Walnut Creek,False,True,buy,1,2,855-250-5961,2700000,The Retreat,
517,2150 Tice Valley Boulevard,Walnut Creek,False,True,buy,1,2,925-943-1670,2450000,Tice Oaks Apartments,
518,1755 Trinity Avenue # 1,Walnut Creek,True,True,buy,1,2,925-935-6956,2350000,Walnut Hill Apartments,
519,240 Hollis Avenue,Campbell,False,False,buy,1,2,866-573-8123,2550000,La Mancha Apartments,
520,3685 South Bascom Avenue,Campbell,False,False,buy,1,2,408-377-9360,2550000,Pebble Creek,
521,1510 South Bascom Avenue,Campbell,False,True,buy,1,2,408-377-6900,2750000,River Walk Apartments,
522,275 Union Avenue,Campbell,True,True,buy,1,2,408-898-4572,2300000,The Commons,
523,240 Hollis Avenue,,False,False,,1,2,866-573-8123,2550000,La Mancha Apartments,2019-03-07
524,1001 Beethoven Common,Fremont,False,True,rent,3,3,510-797-1800,4100,Alborada Apartments,
525,34050 Westchester Terrace,Fremont,False,True,rent,3,3,510-794-9981,4350,Amber Court,
526,40001 Fremont Boulevard,Fremont,True,False,rent,3,3,510-455-8815,3950,Boulevard,
527,46703 Crawford Street # 2,Fremont,False,False,rent,3,3,510-651-5292,4400,Crawford Apartments,
528,41277 Roberts Ave # 32,Fremont,False,False,rent,3,3,510-656-2303,4100,Felson Management Corporation,
529,37811 Fremont Boulevard,Fremont,False,False,rent,3,3,510-797-4520,4300,Fremont Arms,
530,4261 Stevenson Boulevard,Fremont,True,True,rent,3,3,510-656-8201,4200,Fremont Manor,
531,42010 Blacow Road,Fremont,False,False,rent,3,3,510-657-2020,4350,Minutetogo,
532,1301 Stevenson Boulevard,Fremont,True,False,rent,3,3,510-794-7718,4300,Mission Wells Apartments,
533,39548 Fremont Boulevard,Fremont,True,True,rent,3,3,510-657-4244,4250,Pasatiempo Apartments,
534,2001 Range Avenue,Santa Rosa,False,False,buy,2,3,707-578-1150,3600000,Coddingtown Mall Apartments,
535,2807 Yulupa Avenue,Santa Rosa,False,True,buy,2,3,707-527-0128,3400000,Country Club Apartments,
536,3076 Marlow Road,Santa Rosa,True,True,buy,2,3,707-579-5081,3200000,Marlow Apartments,
537,310 Butterfly Lane,Santa Rosa,True,True,buy,2,3,707-542-4067,3500000,Meadowview Apartments,
538,1814 North Dutton Avenue # 25,Santa Rosa,False,True,buy,2,3,707-542-1310,3650000,North Dutton Apartments,
539,2002 Pinercrest Drive,Santa Rosa,False,False,buy,2,3,707-579-3424,3550000,Orchard West Senior Apartments,
540,2389 McBride Lane,Santa Rosa,False,False,buy,2,3,707-579-5605,3600000,Park Villa Apartments,
541,1024 Prospect Avenue # 122A,Santa Rosa,True,False,buy,2,3,707-537-7834,3250000,Prospect Place Apartments,
542,2111 Kawana Springs Road,Santa Rosa,True,False,buy,2,3,707-595-2374,3200000,Renaissance Apartment Homes,
543,1 Kashmir Drive,Santa Rosa,False,True,buy,2,3,707-539-1109,3550000,Santa Rosa Garden Apartments,
544,2001 Range Avenue,,False,False,,2,3,707-578-1150,4000,Coddingtown Mall Apartments,2019-03-05
545,4261 Stevenson Boulevard,Fremont,True,True,rent,2,3,510-656-8200,3750,Lincoln Glen,
546,37767 Fremont Boulevard,Fremont,True,True,rent,2,3,510-797-5099,3800,Pepper Tree Apartments,
547,38730 Lexington St # Off,Fremont,True,False,rent,2,3,510-488-6357,3500,Redwood Plaza Apartments,
548,"Fremont, California 94538, United States",Fremont,True,False,rent,2,3,510-657-1171,3650,Sundale South Apartments,
549,40914 Ingersoll Terrace,Fremont,True,False,rent,2,3,510-651-5454,3550,Woodcreek,
550,38771 Bell Street,Fremont,True,False,rent,2,3,510-794-5860,4000,Woodland Garden Apartments,
551,4261 Stevenson Boulevard,,True,True,,2,3,510-656-8200,3750,Lincoln Glen,2019-03-04
552,2005 San Jose Drive,Antioch,True,False,buy,3,3,925-757-1250,3600000,Baywoods Apartment Homes,
553,1017 H Street,Antioch,False,False,buy,3,3,925-978-1017,3950000,Casa Bonita,
554,5100 Vista Grande Dr,Antioch,False,False,buy,3,3,925-755-4141,3400000,Cross Pointe,
555,600 Wilbur Avenue,Antioch,True,True,buy,3,3,925-779-0601,3400000,Lakeshore Apartments,
556,1015 Fitzuren Road #7,Antioch,True,True,buy,3,3,925-978-9772,3400000,Magnolia Apartments,
557,2005 San Jose Drive,,True,False,,3,3,925-757-1250,4250,Baywoods Apartment Homes,2019-03-11
558,555 East El Camino Real,Sunnyvale,True,True,buy,2,2,408-738-0935,2650000,Arbor Terrace Apartments,
559,660 Gail Avenue,Sunnyvale,True,False,buy,2,2,888-854-9884,3000000,Bonnie Terrace Apartments,
560,732 East Evelyn Avenue,Sunnyvale,False,False,buy,2,2,669-267-1020,2600000,Bristol Commons,
561,874 East El Camino Real,Sunnyvale,False,False,buy,2,2,866-730-1639,2500000,Cascades Apartments,
562,1234 Sunnyvale Saratoga Road # 9,Sunnyvale,True,False,buy,2,2,408-737-2424,2850000,Chatelaine Apartments,
563,1055 East Evelyn Avenue,Sunnyvale,True,False,buy,2,2,408-296-8006,2650000,Evelyn Gardens,
564,555 East Washington Avenue,Sunnyvale,True,True,buy,2,2,833-630-9835,2950000,Heritage Park Apartments,
565,1220 North Fair Oaks Avenue,Sunnyvale,False,True,buy,2,2,866-302-5606,3000000,Kensington Place Apartments,
566,107 South Mary Avenue,Sunnyvale,False,False,buy,2,2,408-702-2447,2650000,Magnolia Square Apartments,
567,1209 Ayala Drive,Sunnyvale,True,True,buy,2,2,650-961-6696,2700000,Palm Villa Apartments,
568,555 East El Camino Real,,True,True,,2,2,408-738-0935,2650000,Arbor Terrace Apartments,2019-03-10
569,1059 Reed Avenue,Sunnyvale,False,True,buy,1,2,408-984-1060,2750000,Aster Park Apartments,
570,732 East Evelyn Avenue,Sunnyvale,False,False,buy,1,2,669-267-1020,2400000,Bristol Commons,
571,455 Brahms Way,Sunnyvale,False,True,buy,1,2,408-732-1200,2600000,Cezanne Apartments,
572,678 Bellflower Avenue,Sunnyvale,False,False,buy,1,2,408-735-9030,2400000,Charter Palm Town Homes,
573,250 W El Camino Real,Sunnyvale,False,False,buy,1,2,866-748-9591,2250000,Cherry Orchard Apartment Homes,
574,1220 North Fair Oaks Avenue,Sunnyvale,False,True,buy,1,2,866-302-5606,2400000,Kensington Place Apartments,
575,107 South Mary Avenue,Sunnyvale,False,False,buy,1,2,408-702-2447,2700000,Magnolia Square Apartments,
576,1063 Morse Avenue,Sunnyvale,True,False,buy,1,2,844-482-6009,2700000,Mission Pointe By Windsor,
577,1229 Vicente Drive,Sunnyvale,True,True,buy,1,2,650-961-0141,2350000,Olive West Apartments,
578,120 East Remington Drive,Sunnyvale,True,True,buy,1,2,408-738-1114,2300000,Remington Place Apartments,
579,1059 Reed Avenue,,False,True,,1,2,408-984-1060,2750000,Aster Park Apartments,2019-03-14
580,1290 San Tomas Aquino Road,San Jose,False,True,rent,3,4,408-984-8888,5100,Aegena,
581,73 North Keeble Avenue,San Jose,True,True,rent,3,4,408-998-7266,4900,Alameda Gardens Apartments,
582,947 Branham Lane # C,San Jose,True,False,rent,3,4,408-265-4808,5200,Almaden Garden Apartments,
583,1543 Ambergrove Drive,San Jose,True,False,rent,3,4,408-453-8011,4750,Amberwood Apartments,
584,2760 McKee Road,San Jose,True,False,rent,3,4,408-251-7570,4850,Arbor Terraces,
585,750 North King Road,San Jose,True,False,rent,3,4,408-844-4803,4800,Avenel Apartments,
586,4748 West Campbell Avenue,San Jose,True,True,rent,3,4,408-379-8440,4700,Baker Park Apartments,
587,5480 Lean Avenue,San Jose,True,False,rent,3,4,408-840-2195,4750,Blossom Hill Apartments,
588,1000 Blossom River Way,San Jose,True,True,rent,3,4,408-979-9442,5250,Blossom River Apartments,
589,1612 Branham Lane,San Jose,True,False,rent,3,4,408-267-0515,5100,Branham House Apartments,
590,1290 San Tomas Aquino Road,,False,True,,3,4,408-984-8888,5100,Aegena,2019-03-05
591,26100 Gading Road,Hayward,True,True,rent,2,3,510-785-3281,3900,Amberwood Garden Apartments,
592,25100 Cypress Avenue,Hayward,True,True,rent,2,3,510-887-4406,3900,Cypress Glen,
593,25221 Cypress Avenue,Hayward,True,True,rent,2,3,510-781-0217,4000,Cypress Point Villas,
594,29596 Dixon Street # 60,Hayward,False,True,rent,2,3,510-537-4705,3600,Dixon Apartments,
595,24545 Amador Street,Hayward,True,True,rent,2,3,510-400-7700,3950,Jackson Arms Apartments,
596,2747 Oliver Drive,Hayward,True,True,rent,2,3,510-782-2311,4050,Josephine Lum Lodge,
597,1638 E Street # 106,Hayward,False,False,rent,2,3,510-582-3155,3500,Leisure Terrace,
598,959 Torrano Avenue # 34,Hayward,False,False,rent,2,3,510-537-7612,3550,Majestic Apartments,
599,655 Tennyson Road,Hayward,True,False,rent,2,3,855-430-2503,3700,Metro Six55 Apartments,
600,671 West A Street,Hayward,False,True,rent,2,3,510-784-0866,4050,Olive Tree Plaza,
601,26100 Gading Road,Hayward,True,True,buy,2,3,510-785-3281,3650000,Amberwood Garden Apartments,
602,25100 Cypress Avenue,Hayward,True,True,buy,2,3,510-887-4406,3350000,Cypress Glen,
603,25221 Cypress Avenue,Hayward,True,True,buy,2,3,510-781-0217,3550000,Cypress Point Villas,
604,29596 Dixon Street # 60,Hayward,False,True,buy,2,3,510-537-4705,3650000,Dixon Apartments,
605,24545 Amador Street,Hayward,True,True,buy,2,3,510-400-7700,3200000,Jackson Arms Apartments,
606,2747 Oliver Drive,Hayward,True,True,buy,2,3,510-782-2311,3100000,Josephine Lum Lodge,
607,1638 E Street # 106,Hayward,False,False,buy,2,3,510-582-3155,3200000,Leisure Terrace,
608,959 Torrano Avenue # 34,Hayward,False,False,buy,2,3,510-537-7612,3250000,Majestic Apartments,
609,25221 Cypress Avenue,,True,True,,2,3,510-781-0217,3550000,Cypress Point Villas,2019-03-01
610,1290 San Tomas Aquino Road,,False,True,,3,4,408-984-8888,5100,Aegena,2019-03-04
611,400 East Remington Drive,Sunnyvale,False,True,rent,3,4,408-738-4862,4750,Apricot Pit Apartments,
612,151 South Bernardo Avenue,Sunnyvale,False,False,rent,3,4,650-961-3333,4800,Balboa Apartments,
613,815 East Fremont Avenue,Sunnyvale,True,False,rent,3,4,408-736-5183,5200,Cambria Apartments,
614,135 Acalanes Drive,Sunnyvale,True,False,rent,3,4,650-965-1671,4800,Casa Del Sol Apartments,
615,455 Crescent Avenue,Sunnyvale,False,False,rent,3,4,408-737-1130,5000,Crescent Manor,
616,130 Crescent Avenue,Sunnyvale,False,False,rent,3,4,408-749-1060,4950,Crescent Terrace Senior Apartments,
617,1055 East Evelyn Avenue,Sunnyvale,True,False,rent,3,4,408-296-8006,4950,Evelyn Gardens,
618,1063 Morse Avenue,Sunnyvale,True,False,rent,3,4,844-482-6009,5050,Mission Pointe By Windsor,
619,825 Morse Avenue,Sunnyvale,False,False,rent,3,4,408-734-9442,4950,Morse Court Apartments,
620,1229 Vicente Drive,Sunnyvale,True,True,rent,3,4,650-961-0141,5200,Olive West Apartments,
621,400 East Remington Drive,,False,True,,3,4,408-738-4862,4750,Apricot Pit Apartments,2019-03-09
622,900 Pepper Tree Lane,Santa Clara,True,False,buy,2,3,866-472-2645,3500000,Alderwood Apartments,
623,3440 Warburton Avenue,Santa Clara,False,False,buy,2,3,408-248-5766,3200000,Briarwood Garden Apartments,
624,3600-3616 Flora Vista Avenue,Santa Clara,False,True,buy,2,3,408-261-2252,3400000,Catalina Apartments,
625,1495 Don Avenue,Santa Clara,True,True,buy,2,3,408-713-6428,3100000,Civic Plaza Apartments,
626,3131 Homestead Road,Santa Clara,False,False,buy,2,3,408-244-6715,3550000,Laguna Clara Apartments,
627,3600 Benton Street # 5,Santa Clara,False,False,buy,2,3,408-241-4073,3600000,Laurelwood Apartments,
628,865 Pomeroy Avenue,Santa Clara,False,False,buy,2,3,408-244-0035,3400000,Park Terrace Apartments,
629,2150 Tasman Drive,Santa Clara,False,False,buy,2,3,408-492-9944,3600000,Riverwood Grove,
630,3449 Agate Drive,Santa Clara,True,True,buy,2,3,408-296-7679,3650000,Shayla Apartments,
631,2650 Keystone Avenue,Santa Clara,False,True,buy,2,3,408-244-2244,3250000,Vista Del Lago Iii Apartments,
632,2290 California Street,Mountain View,True,True,rent,2,3,650-965-8290,3600,Arbors At Mountain View,
633,1335 Montecito Avenue # 1,Mountain View,True,False,rent,2,3,650-940-1909,3600,Barkley Square Apartments,
634,200 East Dana Street,Mountain View,False,True,rent,2,3,650-967-3870,4000,Dana Garden Apartments,
635,210 Easy Street,Mountain View,True,False,rent,2,3,650-961-2975,3850,Fernmar Apartments,
636,375 Oaktree Drive,Mountain View,True,True,rent,2,3,650-390-9450,3600,Ginzton Terrace,
637,1571 West El Camino Real,Mountain View,True,False,rent,2,3,650-969-9800,3800,Hidden Garden Apartments,
638,2650 California Street,Mountain View,True,False,rent,2,3,650-948-7855,3900,Kentfield Apartments,
639,1970 Latham Street,Mountain View,True,True,rent,2,3,650-961-6135,3600,Latham Court Apartments,
640,1885 California Street,Mountain View,True,False,rent,2,3,650-964-3882,3550,Maplewood,
641,1555 West Middlefield Road,Mountain View,True,False,rent,2,3,650-964-8511,4000,Meadowood Apartments,
642,"132, 150 West Dana Street",Mountain View,True,True,rent,2,3,650-968-5695,3800,Sunshine Gardens Apartments,
643,200 East Dana Street,,False,True,,2,3,650-967-3870,4000,Dana Garden Apartments,2019-03-13
644,4101 Eggers Drive # 16,Fremont,False,True,rent,2,3,510-796-4064,3700,Case Verde Apartment,
645,39438 Stratton Common,Fremont,False,True,rent,2,3,510-490-0371,3550,Crossroads Village Apartments,
646,38850 Farwell Drive,Fremont,False,False,rent,2,3,510-793-5100,3550,Glenmoor Green Apartments,
647,4401 Central Avenue,Fremont,False,True,rent,2,3,510-792-5182,3750,Ladera Woods Apartments,
648,4917 Central Avenue,Fremont,False,False,rent,2,3,510-794-1900,3600,Regency Square Apartments,
649,"5363, 3400 Stevenson Boulevard",Fremont,False,False,rent,2,3,844-498-8557,3550,The Estates At Park Place,
650,4101 Eggers Drive # 16,,False,True,,2,3,510-796-4064,3700,Case Verde Apartment,2019-03-05
651,1405 Phelps Avenue,San Jose,True,True,buy,3,3,408-866-6111,3550000,Campbell House Apartments,
652,1800 Stokes Street,San Jose,False,True,buy,3,3,408-289-8080,3450000,Creekside Apartments,
653,1 Vista Montana,San Jose,False,True,buy,3,3,844-244-9251,3650000,Domain Apartments,
654,600 Epic Way,San Jose,False,True,buy,3,3,669-888-1610,3750000,Epic,
655,2130 Park Avenue,San Jose,False,True,buy,3,3,408-247-1980,3450000,Gum Tree Apartments,
656,3263 Mount Diablo Court,,False,False,,3,3,925-287-1188,4450,Lafayette Commons Apartments,2019-03-10
657,1501 Decoto Road,Union City,False,True,buy,2,3,510-487-2733,3500000,Parkside Apartments,
658,3900 Horner Street,Union City,True,True,buy,2,3,510-489-2220,3150000,Summerhill Place Apartments,
659,3900 Horner Street,,True,True,,2,3,510-489-2220,3150000,Summerhill Place Apartments,2019-03-09
660,275 Hawthorne Avenue,Palo Alto,True,False,buy,1,2,650-966-5319,2750000,275 Hawthorne Apartments,
661,574 Arastradero Road,Palo Alto,True,False,buy,1,2,650-493-4376,2350000,Arastradero Park Apartments,
662,325 Hawthorne Avenue,Palo Alto,True,True,buy,1,2,650-966-5319,2700000,Hawthorne,
663,1600 Sand Hill Road,Palo Alto,True,True,buy,1,2,650-321-1701,2300000,Oak Creek Apartments,
664,2850 Middlefield Road,Palo Alto,False,False,buy,1,2,650-322-1112,2200000,Southwood Apartments,
665,562 Kendall Avenue,Palo Alto,True,False,buy,1,2,650-321-1000,2750000,Vrent - Park West Apartments,
666,574 Arastradero Road,,True,False,,1,2,650-493-4376,2350000,Arastradero Park Apartments,2019-03-07
667,831 Gale Drive,Campbell,False,False,rent,3,4,408-374-3500,5100,Appletree Apartments,
668,150 West Rincon Avenue,Campbell,True,True,rent,3,4,408-871-1333,5150,Rincon Gables Apartments,
669,825 South San Tomas Aquino Road,Campbell,False,True,rent,3,4,408-374-8741,5200,San Tomas Gardens,
670,275 Union Avenue,Campbell,True,True,rent,3,4,408-898-4572,5150,The Commons,
671,831 Gale Drive,,False,False,,3,4,408-374-3500,5100,Appletree Apartments,2019-03-13
672,1001 Beethoven Common,,False,True,,3,3,510-797-1800,3850000,Alborada Apartments,2019-03-01
673,400 East Remington Drive,Sunnyvale,False,True,buy,2,3,408-738-4862,3650000,Apricot Pit Apartments,
674,151 South Bernardo Avenue,Sunnyvale,False,False,buy,2,3,650-961-3333,3350000,Balboa Apartments,
675,815 East Fremont Avenue,Sunnyvale,True,False,buy,2,3,408-736-5183,3550000,Cambria Apartments,
676,678 Bellflower Avenue,Sunnyvale,False,False,buy,2,3,408-735-9030,3650000,Charter Palm Town Homes,
677,955 Escalon Avenue,Sunnyvale,True,True,buy,2,3,408-737-2777,3350000,Macara Gardens Apartments,
678,777 South Mathilda Avenue,Sunnyvale,True,True,buy,2,3,408-774-1501,3200000,Mathilda Garden Apartments,
679,825 Morse Avenue,Sunnyvale,False,False,buy,2,3,408-734-9442,3200000,Morse Court Apartments,
680,330 North Mathilda Avenue,Sunnyvale,True,True,buy,2,3,844-503-6930,3500000,Peartree,
681,1166 Sunnyvale Saratoga Road,Sunnyvale,True,False,buy,2,3,408-736-7063,3400000,Sandlewood Apartments,
682,936 Azure Street # A1,Sunnyvale,False,True,buy,2,3,408-245-7710,3100000,Sara-Vale Apartments,
683,739 East El Camino Real,Sunnyvale,True,False,buy,2,3,408-738-0505,3200000,St Francis Arms,
684,395 Ano Nuevo Avenue,Sunnyvale,True,True,buy,2,3,408-732-2600,3100000,Windemere Apartments,
685,815 East Fremont Avenue,,True,False,,2,3,408-736-5183,3550000,Cambria Apartments,2019-03-09
686,55 Fairfax Street #27,San Rafael,False,False,buy,1,1,415-453-5531,1900000,Casa Vista Apartments,
687,30 Novato Street,San Rafael,False,False,buy,1,1,415-457-5359,1900000,Sommerhill Townhomes,
688,201 D Street,,True,True,,1,1,415-720-6977,1850,Franciscan Manor,2019-03-01
689,99 Professional Center Parkway,San Rafael,True,True,rent,2,2,415-472-6644,3150,Deer Park Apartments,
690,99 Professional Center Parkway,,True,True,,2,2,415-472-6644,2500000,Deer Park Apartments,2019-03-03
691,375 Oaktree Drive,Mountain View,True,True,buy,1,2,650-390-9450,2600000,Ginzton Terrace,
692,1901 Rock Street,Mountain View,True,True,buy,1,2,650-964-6100,2200000,Riverstone Town Homes,
693,460 North Shoreline Boulevard,Mountain View,False,True,buy,1,2,650-966-1328,2600000,Shorebreeze Apartments,
694,"132, 150 West Dana Street",Mountain View,True,True,buy,1,2,650-968-5695,2300000,Sunshine Gardens Apartments,
695,2700 Del Medio Court,Mountain View,False,True,buy,1,2,650-941-2244,2450000,Vrent - Del Medio Park Apartments,
696,375 Oaktree Drive,,True,True,,1,2,650-390-9450,2600000,Ginzton Terrace,2019-03-11
697,5255 Camden Avenue,San Jose,True,False,rent,2,3,408-265-5605,3600,Del Coronado Apartments,
698,1250 Foxdale Loop,San Jose,True,False,rent,2,3,408-251-1142,3800,Foxdale Village Apartments,
699,632 North Jackson Avenue # 4,San Jose,True,True,rent,2,3,408-251-6850,3600,Las Casitas Associates,
700,1324 Santee Drive,San Jose,True,False,rent,2,3,408-286-1903,3700,Monte Alban Apartments,
701,458 Boynton Avenue Apt A4,San Jose,True,True,rent,2,3,844-578-7568,4000,Pacific Terrace West,
702,947 Branham Lane # C,,True,False,,2,3,408-265-4808,3550,Almaden Garden Apartments,2019-03-07
703,1546 Maurice Lane,,False,False,,2,2,408-818-0710,2600000,888 Golden Saratoga-Cupertino Apartment Homes,2019-03-14
704,199 Aegean Way,Vacaville,True,True,buy,2,2,707-448-7056,2700000,Meadowood Apartments,
705,1300 Burton Drive,Vacaville,True,True,buy,2,2,707-447-2500,2900000,The Commons Apartments,
706,199 Aegean Way,,True,True,,2,2,707-448-7056,3000,Meadowood Apartments,2019-03-02
707,200 Greenbriar Circle,Petaluma,True,False,rent,3,4,855-243-4986,5150,Addison Ranch,
708,150 Graylawn Avenue,Petaluma,False,True,rent,3,4,707-762-5126,5250,Oak Creek Apartments,
709,"7011, 109 Magnolia Avenue",Petaluma,False,True,rent,3,4,707-762-6709,5100,Park Lane Apartments,
710,149 Wyndham Way,Petaluma,True,True,rent,3,4,707-763-8434,4750,Petaluma Senior Citizens Apt,
711,745 North McDowell Boulevard,Petaluma,True,False,rent,3,4,707-766-8922,5050,Round Walk Village,
712,909 Martin Circle,Petaluma,True,True,rent,3,4,707-763-9242,5250,Washington Creek Apartments,
713,200 Greenbriar Circle,,True,False,,3,4,855-243-4986,5150,Addison Ranch,2019-03-08
714,135 Acalanes Drive,,True,False,,1,1,650-965-1671,1700,Casa Del Sol Apartments,2019-03-12
715,3815 Susan Drive,,True,False,,2,2,650-359-0771,2600000,Evergreen Ridge Apartments,2019-03-04
716,2020 Southwest Expressway,,False,False,,3,4,408-287-6274,4950,Cherry Creek Apartments,2019-03-13
717,1038 Catalina Drive,,False,False,,3,3,925-447-1144,3500000,Catalina Crest Apartment Homes,2019-03-11
718,888 North San Mateo Drive,,True,False,,2,3,650-340-0098,3200000,888 San Mateo,2019-03-01
719,3707 Poinciana Drive,,False,False,,3,4,408-649-7906,5200,Riley Square,2019-03-05
720,1747 Lincoln Avenue,,False,True,,3,3,415-453-0563,3650000,Park Hill Apartments,2019-03-04
721,25221 Cypress Avenue,,True,True,,2,2,510-781-0217,3250,Cypress Point Villas,2019-03-06
722,1435 163rd Avenue #23,,False,False,,1,2,510-317-5914,2400000,Alderwood Apartments,2019-03-10
723,909 Martin Circle,,True,True,,3,4,707-763-9242,5250,Washington Creek Apartments,2019-03-01
724,10 Milland Drive,,False,True,,3,3,415-383-1189,4000,Chateau Chillon Apartments,2019-03-01
725,375 Industrial Parkway # 314,,False,True,,3,3,510-581-0911,3950,Golf Club Manor Apartments,2019-03-02
726,6410 Schmidt Lane,,False,False,,3,4,510-236-2860,5200,Village At Town Center Apartments,2019-03-06
727,29596 Dixon Street # 60,,False,True,,2,3,510-537-4705,3650000,Dixon Apartments,2019-03-02
728,460 North Shoreline Boulevard,,False,True,,3,3,650-966-1328,4200,Shorebreeze Apartments,2019-03-01
729,1160 Meadow Lane,,False,False,,3,4,855-289-4212,4800,Pine Meadows Apartments,2019-03-01
730,600 Epic Way,,False,True,,3,3,669-888-1610,3750000,Epic,2019-03-09
731,1405 Marshall Street,,True,True,,2,3,650-679-8066,3200000,Marymount Apartments,2019-03-01
732,181 Pierce Street,,False,False,,1,1,408-842-6341,2050,Park View Apartments,2019-03-09
733,3420 Willow Pass Road,,True,True,,2,2,925-825-5958,2950,Palm Court Apartment,2019-03-01
734,1724 Sunnyhills Court,,False,False,,3,3,408-263-2626,4300,Sunnyhills Apartments,2019-03-01
735,25173 Cypress Avenue,,True,False,,1,2,510-782-8753,2750,Amador Royal,2019-03-11
736,135 Acalanes Drive,,True,False,,3,4,650-965-1671,4550000,Casa Del Sol Apartments,2019-03-01
737,777 West Middlefield Road,,True,True,,2,3,650-961-0948,3900,Village Lake Apartments,2019-03-12
738,500 Loveridge Circle,,False,False,,3,4,925-427-2202,4300000,Portofino Apartments,2019-03-12
739,200 East Dana Street,,False,True,,3,3,650-967-3870,3700000,Dana Garden Apartments,2019-03-11
740,707 Continental Circle,,True,False,,3,3,833-278-0054,3500000,Americana,2019-03-01
741,1885 California Street,,True,False,,2,3,650-964-3882,3550,Maplewood,2019-03-10
742,101 Saratoga Avenue,,True,True,,1,1,866-913-4881,1700,Orchard Glen Apartments,2019-03-01
743,1445 Treat Boulevard,,False,True,,3,3,925-943-7977,3650000,Archstone Walnut Creek,2019-03-10
744,4984 Severance Drive,,True,True,,1,2,408-448-2946,2350000,Santa Familia Apartments,2019-03-01
745,19500 Pruneridge Avenue,,False,False,,1,1,866-628-5690,1700,The Hamptons Apartment Homes,2019-03-11
746,22160 Center Street,,True,True,,2,3,510-581-4280,3650,Creekside Terrace Apartments,2019-03-08
747,1110 Harness Drive,,True,False,,3,3,925-307-7105,3700000,Foothill - Twin Creeks,2019-03-11
748,1624 Pueblo Avenue,,True,True,,3,4,707-251-5687,4800,Rutherford Townhomes,2019-03-11
749,180 Sycamore Avenue,,False,False,,2,3,925-634-8374,3300000,Brentwood Parks Apartments,2019-03-04
750,160 Wilford Lane,,False,True,,3,3,707-793-8454,4050,Wilford Lane Apartments,2019-03-01
751,26525 Gading Road,,True,False,,1,2,510-783-9858,2450000,Westwood Townhouse Apartments,2019-03-09
752,293 Shasta Drive,,False,True,,2,2,707-447-3651,2650000,Shasta Terrace,2019-03-11
753,4200 Appian Way,,True,False,,1,1,510-669-1325,1850000,Courtyard Terrace,2019-03-02
754,1900 Sestri Lane,,True,True,,1,1,707-317-1020,2000000,Capri Creek Apartments,2019-03-07
755,17055 Creekside Cir,,False,False,,3,4,408-778-1482,4750,Creekside Village,2019-03-02
756,1651 Belleville Way,,True,True,,1,1,669-257-9990,1700,Brookside Oaks,2019-03-09
757,1890 Dover Avenue,,False,True,,3,3,707-422-9630,3550000,Birchwood Apartments,2019-03-03
758,638 Cordelia Drive # 1,,True,False,,2,2,707-528-7971,2950000,Park Manor Apartments,2019-03-11
759,2601 Hilltop Drive,,True,True,,2,3,510-455-8847,3700,San Marcos,2019-03-01
760,601 River Glen Drive,,True,False,,2,2,707-253-0288,2500000,Glen View Apartments,2019-03-14
761,99 Oak Avenue # 201,,True,True,,3,4,650-952-3727,4700,Grand Oak Apartments,2019-03-07
762,837 Hancock Street,,True,True,,3,3,510-581-4141,3800000,Pinecrest Apartments,2019-03-05
763,955 Escalon Avenue,,True,True,,2,3,408-737-2777,3500,Macara Gardens Apartments,2019-03-12
764,1234 Sunnyvale Saratoga Road # 9,,True,False,,1,1,408-737-2424,1500,Chatelaine Apartments,2019-03-09
765,3707 Poinciana Drive,,False,False,,3,3,408-649-7906,4000,Riley Square,2019-03-06
766,2225 Sharon Road,Menlo Park,True,True,rent,3,3,650-854-8661,4050,Country Sharon Apartments,
767,2225 Sharon Road,,True,True,,3,3,650-854-8661,4350,Country Sharon Apartments,2019-03-01
768,978 Almaden Lake Drive,,False,False,,1,2,408-323-8020,2750,Almaden Lake Apartments,2019-03-13
769,1475 167th Avenue,San Leandro,True,False,buy,2,3,510-962-8120,3200000,Bermuda Garden Apartments,
770,13949 Doolittle Drive,San Leandro,False,True,buy,2,3,510-352-8728,3350000,Bermuda-Trinidad Apartments,
771,2011 Doolittle Drive # A1,San Leandro,True,False,buy,2,3,510-357-6086,3650000,Doolittle Apartments,
772,888 Davis Street,San Leandro,True,True,buy,2,3,510-562-5121,3500000,Gateway Apartments,
773,1275 Pacific Avenue # 8,San Leandro,True,False,buy,2,3,510-636-9727,3250000,Pacific Apartments,
774,2600 San Leandro Boulevard,San Leandro,False,False,buy,2,3,510-357-7131,3100000,San Leandro Racquet Club,
775,1475 167th Avenue,,True,False,,2,3,510-962-8120,3200000,Bermuda Garden Apartments,2019-03-08
776,22281 Center Street #57,Castro Valley,False,True,rent,2,3,510-538-0995,3850,Continental Apartments,
777,22160 Center Street,Castro Valley,True,True,rent,2,3,510-581-4280,3650,Creekside Terrace Apartments,
778,22281 Center Street,Castro Valley,False,True,rent,2,3,510-889-8771,3850,Redwood Valley Apartment Homes,
779,1200 Ranchero Way,San Jose,False,True,rent,2,3,408-241-1146,3550,Charter Court Apartments,
780,3200 Zanker Road,San Jose,False,True,rent,2,3,408-953-7440,3950,Mirada,
781,810 Hillsdale Avenue,San Jose,True,True,rent,2,3,408-264-8291,3600,Parkside Glen Apartment Homes,
782,463 Wooster Avenue # K1,San Jose,True,True,rent,2,3,408-998-0500,3750,Parkside Terrace,
783,760 North 7th Street,San Jose,False,True,rent,2,3,844-343-9547,4050,Pavona Apartments,
784,416 Boynton Avenue,,False,True,,2,3,408-246-5509,3100000,Boynton Brooks Apartments,2019-03-14
785,10944 San Pablo Avenue # 800,El Cerrito,True,True,buy,2,2,510-232-5798,2650000,Civic Plaza Apartments,
786,10944 San Pablo Avenue # 800,,True,True,,2,2,510-232-5798,2650000,Civic Plaza Apartments,2019-03-14
787,1901 Shore Line Drive,Alameda,False,False,rent,3,4,510-863-1139,4850,1901 Shoreline Apartments,
788,459 Neptune Gardens Avenue,Alameda,False,False,rent,3,4,510-769-1496,4700,Breakers At Bayport,
789,559 Buena Vista Avenue,Alameda,False,True,rent,3,4,510-521-2697,4950,Garden Court Apartments,
790,564 Central Avenue,Alameda,False,False,rent,3,4,510-865-1139,5050,Marine View Apartments,
791,1901 Shore Line Drive,,False,False,,3,4,510-863-1139,4850,1901 Shoreline Apartments,2019-03-02
792,3051 Colonial Way,San Jose,True,False,rent,3,4,408-866-8444,4750,Colonial Way Apartments,
793,73 North Keeble Avenue,,True,True,,3,4,408-998-7266,4900,Alameda Gardens Apartments,2019-03-01
794,199 Aegean Way,Vacaville,True,True,rent,2,2,707-448-7056,3000,Meadowood Apartments,
795,209 Aegean Way,Vacaville,True,False,rent,2,2,707-447-3577,2900,Quail Run Apartment Community,
796,1300 Burton Drive,Vacaville,True,True,rent,2,2,707-447-2500,3000,The Commons Apartments,
797,199 Aegean Way,,True,True,,2,2,707-448-7056,2950,Meadowood Apartments,2019-03-10
798,4900 Canada Valley Road,Antioch,False,True,buy,2,2,925-754-2900,2850000,Bella Rose Apartments,
799,1600 Buchanan Road,Antioch,True,False,buy,2,2,925-750-8811,3000000,Buchanan Gardens,
800,1000 Claudia Court,Antioch,False,True,buy,2,2,925-754-7671,2900000,Casa Blanca Apartments,
801,1600 Aster Drive,Antioch,False,True,buy,2,2,925-705-4248,2650000,Crestview Pines,
802,3001 Kodiak Street,Antioch,True,False,buy,2,2,925-754-3733,3000000,Hillcrest View Apartments,
803,2201 San Jose Drive,Antioch,False,True,buy,2,2,925-779-9999,2700000,Mira Vista Hills,
804,2200 Sycamore Drive,Antioch,True,False,buy,2,2,925-754-4488,2800000,Riverstone Apartments,
805,1600 Buchanan Road,,True,False,,2,2,925-750-8811,3200,Buchanan Gardens,2019-03-01
806,5425 Snyder Lane,Rohnert Park,True,False,rent,1,2,707-664-8808,2600,Camino Creek Apartments,
807,1350 Oak View Circle,Rohnert Park,False,False,rent,1,2,888-321-0662,2700,Oak View Of Sonoma Hills Apartments,
808,7425 Camino Colegio # 61,Rohnert Park,True,True,rent,1,2,707-792-0669,2400,Park Meadows Apartments,
809,611 Enterprise Drive,Rohnert Park,False,True,rent,1,2,707-584-3520,2450,Willow Creek Apartments,
810,7425 Camino Colegio # 61,Rohnert Park,True,True,buy,1,2,707-792-0669,2700000,Park Meadows Apartments,
811,611 Enterprise Drive,Rohnert Park,False,True,buy,1,2,707-584-3520,2500000,Willow Creek Apartments,
812,611 Enterprise Drive,,False,True,,1,2,707-584-3520,2450,Willow Creek Apartments,2019-03-11
813,1550 Valley Glen Drive,Dixon,False,True,buy,3,3,707-693-9310,3750000,Bristol Apartment Homes,
814,1395 North Lincoln Street,Dixon,False,True,buy,3,3,888-820-0137,3900000,Lincoln Creek Apartments,
815,1550 Valley Glen Drive,,False,True,,3,3,707-693-9310,4200,Bristol Apartment Homes,2019-03-11
816,655 Tennyson Road,Hayward,True,False,buy,2,3,855-430-2503,3300000,Metro Six55 Apartments,
817,671 West A Street,Hayward,False,True,buy,2,3,510-784-0866,3500000,Olive Tree Plaza,
818,25100 Cypress Avenue,,True,True,,2,3,510-887-4406,3900,Cypress Glen,2019-03-13
819,978 Almaden Lake Drive,,False,False,,1,2,408-323-8020,2350000,Almaden Lake Apartments,2019-03-14
820,2355 Fairfield Avenue,Fairfield,False,True,buy,1,2,707-429-1271,2300000,Aspen Village Apartments,
821,2780 North Texas Street,Fairfield,True,True,buy,1,2,707-896-4168,2500000,Bennington Apartments,
822,2751 Peppertree Drive,Fairfield,True,True,buy,1,2,707-366-0839,2600000,Berkshire Laurel Creek,
823,1890 Dover Avenue,Fairfield,False,True,buy,1,2,707-422-9630,2400000,Birchwood Apartments,
824,1917 Grande Circle,Fairfield,True,False,buy,1,2,707-434-8983,2450000,Fairfield Heights,
825,201 East Alaska Avenue,Fairfield,False,False,buy,1,2,707-425-7037,2300000,Laurel Gardens Apartments,
826,651 East Travis Boulevard,Fairfield,False,True,buy,1,2,707-429-1778,2600000,Orchard Crossing Apartments,
827,2800 Dover Avenue,Fairfield,False,False,buy,1,2,707-426-0265,2350000,Paradise Valley Apartments,
828,2215 Peach Tree Drive,Fairfield,True,True,buy,1,2,707-427-3396,2650000,Peachwood Apartments,
829,2376 Fairfield Avenue,Fairfield,True,False,buy,1,2,707-425-1199,2700000,Willow Brook Apartments,
830,2355 Fairfield Avenue,,False,True,,1,2,707-429-1271,2300000,Aspen Village Apartments,2019-03-07
831,1546 Maurice Lane,,False,False,,2,3,408-818-0710,3400000,888 Golden Saratoga-Cupertino Apartment Homes,2019-03-03
832,1275 Central Boulevard,Brentwood,False,True,buy,2,3,925-513-1110,3600000,Avery At Towncentre,
833,180 Sycamore Avenue,Brentwood,False,False,buy,2,3,925-634-8374,3300000,Brentwood Parks Apartments,
834,1275 Central Boulevard,,False,True,,2,3,925-513-1110,3550000,Avery At Towncentre,2019-03-11
835,5643 Charlotte Way,Livermore,False,False,buy,3,4,925-371-0905,4250000,Acacia Capital Cor-Ironwood Ap,
836,1038 Catalina Drive,Livermore,False,False,buy,3,4,925-447-1144,4150000,Catalina Crest Apartment Homes,
837,2991 College Avenue,Livermore,False,True,buy,3,4,925-373-8490,4250000,Chardonnay Garden Apts,
838,5720 East Avenue,Livermore,False,True,buy,3,4,925-271-7358,4450000,Livermore Gardens Apartments,
839,1160 Portola Meadows Road,Livermore,True,True,buy,3,4,925-449-6167,4550000,Portola Meadows Apartments,
840,5643 Charlotte Way,,False,False,,3,4,925-371-0905,4800,Acacia Capital Cor-Ironwood Ap,2019-03-07
841,1059 Reed Avenue,,False,True,,1,2,408-984-1060,2750000,Aster Park Apartments,2019-03-07
842,17055 Creekside Cir,Morgan Hill,False,False,buy,3,4,408-778-1482,4550000,Creekside Village,
843,16530 Monterey Road,Morgan Hill,True,True,buy,3,4,408-779-1004,4000000,Jasmine Square Apartments,
844,782 San Pedro Lane,Morgan Hill,False,True,buy,3,4,408-779-4465,4150000,Las Casas De San Pedro Apartments,
845,16945 Del Monte Avenue,Morgan Hill,False,True,buy,3,4,408-779-8986,4300000,Monte Vista At Morgan Hill,
846,18300 Carriage Drive,Morgan Hill,True,False,buy,3,4,408-779-9325,4000000,Quail Ridge Apartments,
847,260 Berry Court # 14,Morgan Hill,True,False,buy,3,4,408-776-9877,4550000,Villa Teresa Apartments,
848,16530 Monterey Road,,True,True,,3,4,408-779-1004,5100,Jasmine Square Apartments,2019-03-12
849,660 Gail Avenue,Sunnyvale,True,False,rent,1,1,888-854-9884,1750,Bonnie Terrace Apartments,
850,1651 Belleville Way,Sunnyvale,True,True,rent,1,1,669-257-9990,1700,Brookside Oaks,
851,135 Acalanes Drive,Sunnyvale,True,False,rent,1,1,650-965-1671,1700,Casa Del Sol Apartments,
852,874 East El Camino Real,Sunnyvale,False,False,rent,1,1,866-730-1639,2000,Cascades Apartments,
853,455 Brahms Way,Sunnyvale,False,True,rent,1,1,408-732-1200,1950,Cezanne Apartments,
854,1234 Sunnyvale Saratoga Road # 9,Sunnyvale,True,False,rent,1,1,408-737-2424,1500,Chatelaine Apartments,
855,130 Crescent Avenue,Sunnyvale,False,False,rent,1,1,408-749-1060,1950,Crescent Terrace Senior Apartments,
856,555 East Washington Avenue,Sunnyvale,True,True,rent,1,1,833-630-9835,1900,Heritage Park Apartments,
857,1180 Lochinvar Avenue,Sunnyvale,True,False,rent,1,1,408-244-8385,1550,Lemontree Square Apartments,
858,955 Escalon Avenue,Sunnyvale,True,True,rent,1,1,408-737-2777,1800,Macara Gardens Apartments,
859,660 Gail Avenue,,True,False,,1,1,888-854-9884,1750,Bonnie Terrace Apartments,2019-03-08
860,135 Freeway Drive,Napa,False,False,rent,3,3,707-253-8954,4200,Bristol Apartments,
861,234 Soscol Avenue,Napa,False,True,rent,3,3,707-258-1370,4150,Cadillac Flats Apartments,
862,3663 Solano Avenue,Napa,False,True,rent,3,3,707-266-6934,4350,Hawthorn Village,
863,613 Cabot Way,Napa,True,False,rent,3,3,707-265-9373,4250,Marina Park Townhomes,
864,613 Cabot Way,,True,False,,3,3,707-265-9373,4250,Marina Park Townhomes,2019-03-14
865,301 Country View Lane # A,Pleasant Hill,True,False,buy,3,3,925-676-6964,3550000,Country View Apartments,
866,235 Camelback Road,Pleasant Hill,True,True,buy,3,3,925-671-2460,3900000,Northridge Apartments,
867,91 Santa Barbara Road,Pleasant Hill,True,False,buy,3,3,925-943-1580,3650000,Santa Barbara Manor,
868,301 Country View Lane # A,,True,False,,3,3,925-676-6964,3550000,Country View Apartments,2019-03-06
869,850 Russell Avenue,Santa Rosa,True,False,rent,2,2,707-542-2883,3050,Del Nido Apartments,
870,"Leasing Office, 6600 Montecito Boulevard",Santa Rosa,True,True,rent,2,2,707-538-1516,2700,Montecito Pines Apartments,
871,638 Cordelia Drive # 1,Santa Rosa,True,False,rent,2,2,707-528-7971,3200,Park Manor Apartments,
872,2111 Kawana Springs Road,Santa Rosa,True,False,rent,2,2,707-595-2374,3050,Renaissance Apartment Homes,
873,1050 3rd Street,Santa Rosa,True,True,rent,2,2,707-544-6766,3150,Silvercrest Housing For Snrs,
874,2605 Range Avenue,Santa Rosa,True,True,rent,2,2,707-575-9600,3100,Village Square Apartments,
875,2120 Jennings Avenue,Santa Rosa,True,False,rent,2,2,707-523-2120,2800,Walnut Creek Apartments,
876,2578 Guerneville Road,Santa Rosa,True,True,rent,2,2,707-578-1899,2700,West Oaks Apartments,
877,"Leasing Office, 6600 Montecito Boulevard",,True,True,,2,2,707-538-1516,2700,Montecito Pines Apartments,2019-03-09
878,555 East El Camino Real,Sunnyvale,True,True,rent,3,3,408-738-0935,4450,Arbor Terrace Apartments,
879,1059 Reed Avenue,Sunnyvale,False,True,rent,3,3,408-984-1060,4150,Aster Park Apartments,
880,1651 Belleville Way,Sunnyvale,True,True,rent,3,3,669-257-9990,4450,Brookside Oaks,
881,250 W El Camino Real,Sunnyvale,False,False,rent,3,3,866-748-9591,4450,Cherry Orchard Apartment Homes,
882,1180 Lochinvar Avenue,Sunnyvale,True,False,rent,3,3,408-244-8385,4300,Lemontree Square Apartments,
883,777 South Mathilda Avenue,Sunnyvale,True,True,rent,3,3,408-774-1501,4050,Mathilda Garden Apartments,
884,110 E Remington Dr # 18,Sunnyvale,False,False,rent,3,3,408-733-9430,4350,One Ten Remington Apartments,
885,355 North Wolfe Road,Sunnyvale,False,False,rent,3,3,408-736-4963,4000,Parkside Apartments,
886,330 North Mathilda Avenue,Sunnyvale,True,True,rent,3,3,844-503-6930,4100,Peartree,
887,1180 Reed Avenue,Sunnyvale,True,False,rent,3,3,408-244-5636,4450,Riverdeck Apartments,
888,555 East El Camino Real,,True,True,,3,3,408-738-0935,3850000,Arbor Terrace Apartments,2019-03-09
889,859 University Avenue,Los Gatos,False,True,buy,1,2,408-395-1222,2250000,Casa Vasona Garden Apartments,
890,105 Forrest Avenue,Los Gatos,False,False,buy,1,2,408-354-7514,2450000,Three Oaks Apartments,
891,107 Oak Rim Court,Los Gatos,True,True,buy,1,2,408-358-1541,2500000,Twelve Oaks Apartments,
892,100 Oak Rim Way # 24,Los Gatos,False,True,buy,1,2,408-358-3066,2550000,Valley Oaks Apartments,
893,859 University Avenue,,False,True,,1,2,408-395-1222,2800,Casa Vasona Garden Apartments,2019-03-02
894,6801 Leisure Town Road,Vacaville,False,False,rent,2,2,833-215-3663,2750,North Pointe,
895,293 Shasta Drive,Vacaville,False,True,rent,2,2,707-447-3651,3200,Shasta Terrace,
896,199 Aegean Way,,True,True,,2,2,707-448-7056,2700000,Meadowood Apartments,2019-03-09
897,1032 Mohr Lane,Concord,False,True,rent,1,1,925-687-8460,1800,Hidden Creek Town Homes,
898,3066 Willow Pass Road,Concord,False,True,rent,1,1,925-691-5974,1700,Kona Kai Village Apartments,
899,1650 Pine Street,Concord,False,True,rent,1,1,855-273-4847,1800,Park Haven Apartments,
900,1530 Adelaide Street,Concord,True,True,rent,1,1,925-682-2386,1900,Woodhaven Apartments,
901,1688 Clayton Road,Concord,False,True,rent,1,2,925-671-3845,2800,City Walk Apartment Homes,
902,1711 Detroit Avenue,Concord,False,True,rent,1,2,925-686-6868,2850,Courtyard Apartments,
903,1032 Mohr Lane,Concord,False,True,rent,1,2,925-687-8460,2750,Hidden Creek Town Homes,
904,3066 Willow Pass Road,Concord,False,True,rent,1,2,925-691-5974,2850,Kona Kai Village Apartments,
905,3420 Willow Pass Road,Concord,True,True,rent,1,2,925-825-5958,2350,Palm Court Apartment,
906,1500 Pine Street # 78,Concord,False,True,rent,1,2,925-827-1700,2750,Pine Terrace Apartments,
907,1599 Denkinger Court,Concord,False,True,rent,1,2,925-384-1256,2450,Villa Diablo Apartments,
908,1688 Clayton Road,,False,True,,1,2,925-671-3845,2800,City Walk Apartment Homes,2019-03-03
909,4200 Bay Street,Fremont,False,True,rent,2,2,510-455-8813,3000,Briarwood At Central Park,
910,41277 Roberts Ave # 32,Fremont,False,False,rent,2,2,510-656-2303,3250,Felson Management Corporation,
911,37811 Fremont Boulevard,Fremont,False,False,rent,2,2,510-797-4520,2800,Fremont Arms,
912,38850 Farwell Drive,Fremont,False,False,rent,2,2,510-793-5100,3150,Glenmoor Green Apartments,
913,41342 Roberts Avenue,Fremont,False,True,rent,2,2,510-657-9766,2750,Granada Apartments,
914,40777 High Street,Fremont,False,True,rent,2,2,510-651-9080,3250,Pebble Creek Communities,
915,3500 Pennsylvania Avenue # 101,Fremont,False,True,rent,1,2,510-943-8264,2800,Birchwood Apartments,
916,4200 Bay Street,Fremont,False,True,rent,1,2,510-455-8813,2700,Briarwood At Central Park,
917,36163 Fremont Boulevard,Fremont,True,True,rent,1,2,510-793-1621,2300,Brookvale Chateau,
918,4101 Eggers Drive # 16,Fremont,False,True,rent,1,2,510-796-4064,2850,Case Verde Apartment,
919,41299 Paseo Padre Parkway,Fremont,False,False,rent,1,2,510-651-1040,2600,Century Village Apartments,
920,46703 Crawford Street # 2,Fremont,False,False,rent,1,2,510-651-5292,2500,Crawford Apartments,
921,4261 Stevenson Boulevard,Fremont,True,True,rent,1,2,510-656-8201,2500,Fremont Manor,
922,4444 Central Avenue,Fremont,True,True,rent,1,2,510-792-1161,2400,Glenmills Apartments,
923,36000 Fremont Boulevard,Fremont,False,False,rent,1,2,510-793-4070,2400,Hacienda Gardens,
924,3355 Pennsylvania Avenue #13,Fremont,False,True,rent,1,2,510-792-4983,2300,Hastings East Apartments,
925,3500 Pennsylvania Avenue # 101,,False,True,,1,2,510-943-8264,2250000,Birchwood Apartments,2019-03-10
926,1059 Reed Avenue,,False,True,,1,2,408-984-1060,2750000,Aster Park Apartments,2019-03-04
927,5000 Hartnett Avenue,Richmond,True,True,rent,2,3,510-237-5377,3600,Crescent Park,
928,680 South 37th Street,Richmond,False,True,rent,2,3,510-215-1926,3600,Monterey Pines,
929,5005 Montoya Avenue,Richmond,False,False,rent,2,3,510-235-6341,3900,Montoya Garden Apartments,
930,2601 Hilltop Drive,Richmond,True,True,rent,2,3,510-455-8847,3700,San Marcos,
931,5005 Montoya Avenue,,False,False,,2,3,510-235-6341,3900,Montoya Garden Apartments,2019-03-03
932,3820 Park Boulevard,Palo Alto,True,False,buy,1,1,650-493-2424,1600000,Casa Carolina Apartments,
933,325 Hawthorne Avenue,Palo Alto,True,True,buy,1,1,650-966-5319,2150000,Hawthorne,
934,1600 Sand Hill Road,Palo Alto,True,True,buy,1,1,650-321-1701,2150000,Oak Creek Apartments,
935,3820 Park Boulevard,,True,False,,1,1,650-493-2424,1600000,Casa Carolina Apartments,2019-03-03
936,100 Devon Avenue,Pleasant Hill,True,False,rent,3,4,925-930-9630,5200,Devon Apartments,
937,91 Santa Barbara Road,Pleasant Hill,True,False,rent,3,4,925-943-1580,5000,Santa Barbara Manor,
938,637 Stonebridge Way,Pleasant Hill,True,True,rent,3,4,925-691-5220,4750,Wood Creek Apartments,
939,100 Devon Avenue,,True,False,,3,4,925-930-9630,5200,Devon Apartments,2019-03-13
940,1282 Mattox Road,Hayward,True,True,rent,1,2,510-886-0385,2800,Alpine Vista Apartments,
941,25173 Cypress Avenue,Hayward,True,False,rent,1,2,510-782-8753,2750,Amador Royal,
942,25100 Cypress Avenue,Hayward,True,True,rent,1,2,510-887-4406,2700,Cypress Glen,
943,25355 Cypress Avenue # 101,Hayward,True,True,rent,1,2,510-785-8181,2850,Pepper Tree Apartments,
944,837 Hancock Street,Hayward,True,True,rent,1,2,510-581-4141,2800,Pinecrest Apartments,
945,1782 D Street,Hayward,True,False,rent,1,2,510-247-9073,2700,Ridgecrest Apartments,
946,22650 Alice Street,Hayward,True,True,rent,1,2,510-582-1460,2800,Sycamore Square Housing Corporation,
947,26525 Gading Road,Hayward,True,False,rent,1,2,510-783-9858,2850,Westwood Townhouse Apartments,
948,1282 Mattox Road,,True,True,,1,2,510-886-0385,2800,Alpine Vista Apartments,2019-03-12
949,3979 Alhambra Avenue,Martinez,True,True,buy,3,3,925-228-7047,3750000,Lotus Apartments,
950,3883 Vista Oaks Drive,Martinez,False,True,buy,3,3,833-755-3332,3650000,Vista Oaks Apartments,
951,1241 Arnold Drive,Martinez,True,False,buy,3,4,925-372-8078,4250000,Muir Park Condominiums,
952,1241 Arnold Drive,,True,False,,3,4,925-372-8078,4250000,Muir Park Condominiums,2019-03-09
953,240 Kottinger Drive,Pleasanton,False,True,buy,3,4,925-846-0133,4550000,Kottinger Place Apartments-Seniors,
954,5300 Case Avenue,Pleasanton,True,True,buy,3,4,925-461-1948,4450000,Promenade Apartments,
955,4031 Stanley Boulevard # 112,Pleasanton,False,False,buy,3,4,925-462-6180,4150000,Stanley Junction Senior Apartments,
956,1552 East Gate Way,Pleasanton,False,False,buy,3,4,844-839-6441,4100000,The Kensington,
957,240 Kottinger Drive,,False,True,,3,4,925-846-0133,4500000,Kottinger Place Apartments-Seniors,2019-03-05
958,1633 Marina Court,San Mateo,True,True,buy,1,2,866-571-7179,2400000,Chesapeake Point Apartments,
959,1510 Marina Vista,San Mateo,True,True,buy,1,2,650-341-3367,2250000,Edgewater Isle Senior Apartments,
960,25 McAker Court,San Mateo,False,True,buy,1,2,650-286-9800,2250000,Pacific Gardens Townhouse,
961,651 North El Camino Real,San Mateo,True,True,buy,1,2,650-343-9038,2750000,Park Royal Apartments,
962,2901 South El Camino Real,San Mateo,True,True,buy,1,2,650-212-0935,2600000,Peninsula Station Apartments,
963,1633 Marina Court,,True,True,,1,2,866-571-7179,2650,Chesapeake Point Apartments,2019-03-08
964,3500 Pennsylvania Avenue # 101,,False,True,,1,2,510-943-8264,2300000,Birchwood Apartments,2019-03-07
965,24660 Amador Street,Hayward,False,False,rent,3,3,510-849-6628,4300,Amador Apartments,
966,25173 Cypress Avenue,Hayward,True,False,rent,3,3,510-782-8753,3900,Amador Royal,
967,31108 Brae Burn Avenue,Hayward,False,True,rent,3,3,510-471-7075,3950,Baywood Apartments,
968,25200 Carlos Bee Boulevard,Hayward,True,True,rent,3,3,510-822-2617,4350,City View,
969,375 Industrial Parkway # 314,Hayward,False,True,rent,3,3,510-581-0911,3950,Golf Club Manor Apartments,
970,29200 Huntwood Avenue,Hayward,True,False,rent,3,3,510-786-9375,4100,Huntwood Terrace Apartment,
971,24545 Amador Street,Hayward,True,True,rent,3,3,510-400-7700,4400,Jackson Arms Apartments,
972,959 Torrano Avenue # 34,Hayward,False,False,rent,3,3,510-537-7612,3900,Majestic Apartments,
973,28955 Mission Boulevard,Hayward,True,True,rent,3,3,510-537-5604,4000,Mission Bay Condos,
974,605 Orchard Avenue,Hayward,False,True,rent,3,3,510-886-1055,4050,Park Orchard Apartments,
975,25173 Cypress Avenue,,True,False,,3,3,510-782-8753,3900,Amador Royal,2019-03-10
976,4656 Quigg Drive,Santa Rosa,True,True,buy,1,2,707-537-9866,2250000,Behringer Harvard,
977,850 Russell Avenue,Santa Rosa,True,False,buy,1,2,707-542-2883,2600000,Del Nido Apartments,
978,6401 Montecito Boulevard # 29,Santa Rosa,True,True,buy,1,2,707-539-6148,2450000,Garden Court Apartments,
979,1163 Hopper Avenue,Santa Rosa,False,True,buy,1,2,707-526-9675,2600000,Hopper Lane Apartments,
980,3076 Marlow Road,Santa Rosa,True,True,buy,1,2,707-579-5081,2650000,Marlow Apartments,
981,"Leasing Office, 6600 Montecito Boulevard",Santa Rosa,True,True,buy,1,2,707-538-1516,2300000,Montecito Pines Apartments,
982,638 Cordelia Drive # 1,Santa Rosa,True,False,buy,1,2,707-528-7971,2700000,Park Manor Apartments,
983,2389 McBride Lane,Santa Rosa,False,False,buy,1,2,707-579-5605,2650000,Park Villa Apartments,
984,6899 Montecito Boulevard,Santa Rosa,False,False,buy,1,2,707-537-0731,2400000,Parkwood Apartments,
985,193 Airport Boulevard East,Santa Rosa,True,True,buy,1,2,707-579-9560,2500000,Spring Club,
986,4656 Quigg Drive,,True,True,,1,2,707-537-9866,2250000,Behringer Harvard,2019-03-07
987,20667 Forge Way,Cupertino,True,True,buy,2,3,408-739-0870,3400000,Forge Homestead Apartments,
988,175 Calvert Drive,Cupertino,False,True,buy,2,3,408-627-8259,3500000,Sage At Cupertino,
989,20667 Forge Way,,True,True,,2,3,408-739-0870,3900,Forge Homestead Apartments,2019-03-12
990,26100 Gading Road,,True,True,,2,3,510-785-3281,3900,Amberwood Garden Apartments,2019-03-03
991,6221 Montecito Boulevard,Santa Rosa,True,False,buy,3,3,707-888-5505,3950000,Brush Creek Apartments,
992,1130 4th Street,Santa Rosa,True,True,buy,3,3,707-544-1400,3700000,Creekside Park Apartments,
993,1305 Yulupa Avenue,Santa Rosa,True,True,buy,3,3,707-575-3254,3450000,Greentree Apartments,
994,1163 Hopper Avenue,Santa Rosa,False,True,buy,3,3,707-526-9675,3850000,Hopper Lane Apartments,
995,1421 Range Avenue,Santa Rosa,False,True,buy,3,3,707-569-7488,3800000,Monte Vista Apartments,
996,1265 Pacific Avenue # 3,Santa Rosa,False,True,buy,3,3,707-579-0787,3500000,Pacific Garden Apartments,
997,2055 Range Avenue,Santa Rosa,True,False,buy,3,3,707-600-3342,3550000,Parc Station Apartments,
998,6899 Montecito Boulevard,Santa Rosa,False,False,buy,3,3,707-537-0731,3550000,Parkwood Apartments,
999,193 Airport Boulevard East,Santa Rosa,True,True,buy,3,3,707-579-9560,3600000,Spring Club,
1000,1405 Townview Avenue,Santa Rosa,True,True,buy,3,3,707-576-7772,3600000,Vintage At Bennett Valley,
1001,6221 Montecito Boulevard,,True,False,,3,3,707-888-5505,4250,Brush Creek Apartments,2019-03-03
1002,111 Seminary Drive,Mill Valley,True,True,buy,3,3,415-383-6688,3400000,Strawberry Shores Apartments,
1003,111 Seminary Drive,,True,True,,3,3,415-383-6688,3400000,Strawberry Shores Apartments,2019-03-05
1004,2580 Fontaine Road,San Jose,False,True,rent,3,4,408-238-0841,5250,Casa Real Apartments,
1005,320 Crescent Village Circle,San Jose,True,True,rent,3,4,866-794-5531,5050,Crescent Village Apartment Homes,
1006,3031 Tisch Way,San Jose,True,True,rent,3,4,408-241-4342,4800,Cyberbranch Corporation,
1007,"2290, 303 Checkers Drive",San Jose,True,True,rent,3,4,408-272-0356,4900,El Rancho Verde Apartments,
1008,6184 Cottle Road,San Jose,True,True,rent,3,4,408-225-8648,5000,Foothill Apartments,
1009,4748 West Campbell Avenue,,True,True,,3,4,408-379-8440,4700,Baker Park Apartments,2019-03-12
1010,900 Cambridge Drive,Benicia,False,True,rent,1,2,707-745-6178,2750,Benicia Highlands,
1011,118 Warwick Drive,Benicia,True,True,rent,1,2,707-745-4544,2700,Crestview Apartments,
1012,900 Cambridge Drive,,False,True,,1,2,707-745-6178,2500000,Benicia Highlands,2019-03-13
1013,2000 Shoreline Loop,,True,True,,3,3,925-307-7099,4400,Bel Air,2019-03-14
1014,275 Hawthorne Avenue,,True,False,,1,2,650-966-5319,2800,275 Hawthorne Apartments,2019-03-05
1015,400 East Remington Drive,,False,True,,2,3,408-738-4862,3650000,Apricot Pit Apartments,2019-03-06
1016,1010 Power Avenue,Pittsburg,False,True,buy,1,2,925-439-5655,2650000,Belmont Apartment Homes,
1017,3225 Harbor Street,Pittsburg,False,False,buy,1,2,925-432-0333,2350000,Fox Creek Apartments,
1018,2201 Oak Hills Circle,Pittsburg,False,True,buy,1,2,800-992-6908,2650000,Oak Hills Apartments,
1019,256 Peppertree Way,Pittsburg,True,True,buy,1,2,925-432-1202,2350000,Peppertree Apartments,
1020,1010 Power Avenue,,False,True,,1,2,925-439-5655,2650,Belmont Apartment Homes,2019-03-11
1021,1400 A Street,Antioch,False,False,buy,1,1,925-706-0874,1900000,Antioch Rivertown Senior Housing,
1022,1000 Claudia Court,Antioch,False,True,buy,1,1,925-754-7671,1600000,Casa Blanca Apartments,
1023,1600 Aster Drive,Antioch,False,True,buy,1,1,925-705-4248,1950000,Crestview Pines,
1024,2301 Sycamore Drive,Antioch,True,False,buy,1,1,925-776-5379,1900000,Delta Pines Apartments,
1025,3001 Kodiak Street,Antioch,True,False,buy,1,1,925-754-3733,1850000,Hillcrest View Apartments,
1026,600 Wilbur Avenue,Antioch,True,True,buy,1,1,925-779-0601,1650000,Lakeshore Apartments,
1027,2201 Mahogany Way,Antioch,True,True,buy,1,1,925-754-9077,1850000,Oakwood Village Apartments,
1028,2800 Gentrytown Drive,Antioch,True,False,buy,1,1,925-754-1910,2000000,Parkview Village Apartments,
1029,3101 Buchanan Road,Antioch,False,True,buy,1,1,925-754-5455,2000000,Summerwood Apartments,
1030,1400 A Street,,False,False,,1,1,925-706-0874,1900000,Antioch Rivertown Senior Housing,2019-03-09
1031,947 Branham Lane # C,,True,False,,2,3,408-265-4808,3550,Almaden Garden Apartments,2019-03-04
1032,555 East El Camino Real,Sunnyvale,True,True,buy,3,3,408-738-0935,3850000,Arbor Terrace Apartments,
1033,1059 Reed Avenue,Sunnyvale,False,True,buy,3,3,408-984-1060,3900000,Aster Park Apartments,
1034,1651 Belleville Way,Sunnyvale,True,True,buy,3,3,669-257-9990,3450000,Brookside Oaks,
1035,250 W El Camino Real,Sunnyvale,False,False,buy,3,3,866-748-9591,3950000,Cherry Orchard Apartment Homes,
1036,1180 Lochinvar Avenue,Sunnyvale,True,False,buy,3,3,408-244-8385,3450000,Lemontree Square Apartments,
1037,777 South Mathilda Avenue,Sunnyvale,True,True,buy,3,3,408-774-1501,3750000,Mathilda Garden Apartments,
1038,110 E Remington Dr # 18,Sunnyvale,False,False,buy,3,3,408-733-9430,3750000,One Ten Remington Apartments,
1039,355 North Wolfe Road,Sunnyvale,False,False,buy,3,3,408-736-4963,3850000,Parkside Apartments,
1040,330 North Mathilda Avenue,Sunnyvale,True,True,buy,3,3,844-503-6930,3500000,Peartree,
1041,1180 Reed Avenue,Sunnyvale,True,False,buy,3,3,408-244-5636,3700000,Riverdeck Apartments,
