,address,area,furnished,number_of_baths,number_of_beds,pets_allowed,phone_number,property_name,rent,visit_date
0,1001 Beethoven Common,Fremont,False,2,3,True,510-797-1800,Alborada Apartments,3900,
1,34050 Westchester Terrace,Fremont,False,2,3,True,510-794-9981,Amber Court,3500,
2,4200 Bay Street,Fremont,False,2,3,False,510-455-8813,Briarwood At Central Park,3500,
3,38900 Blacow Road,Fremont,True,2,3,True,510-797-5980,Carrington Apartments,4050,
4,41299 Paseo Padre Parkway,Fremont,False,2,3,True,510-651-1040,Century Village Apartments,3600,
5,37811 Fremont Boulevard,Fremont,False,2,3,True,510-797-4520,Fremont Arms,3500,
6,38850 Farwell Drive,Fremont,False,2,3,False,510-793-5100,Glenmoor Green Apartments,3500,
7,41342 Roberts Avenue,Fremont,True,2,3,True,510-657-9766,Granada Apartments,3700,
8,3355 Pennsylvania Avenue #13,Fremont,False,2,3,True,510-792-4983,Hastings East Apartments,4050,
9,4261 Stevenson Boulevard,Fremont,False,2,3,False,510-656-8200,Lincoln Glen,3500,
10,34050 Westchester Terrace,,False,2,3,True,510-794-9981,Amber Court,3500,2019-03-04
11,1546 Maurice Lane,San Jose,False,3,3,False,408-818-0710,888 Golden Saratoga-Cupertino Apartment Homes,4450,
12,1290 San Tomas Aquino Road,San Jose,True,3,3,False,408-984-8888,Aegena,4900,
13,73 North Keeble Avenue,San Jose,False,2,3,False,408-998-7266,Alameda Gardens Apartments,3600,
14,2415 Rinconada Drive,San Jose,False,3,3,False,408-516-4212,Almaden House,4850,
15,978 Almaden Lake Drive,San Jose,False,2,3,False,408-323-8020,Almaden Lake Apartments,3950,
16,1543 Ambergrove Drive,San Jose,False,2,3,False,408-453-8011,Amberwood Apartments,3550,
17,1585 Marburg Way # 4,San Jose,False,3,3,True,408-926-3999,Ann Darling Apartments,3950,
18,5822 Charlotte Drive,San Jose,True,3,3,True,408-226-5822,Anton La Moraga Apartments,4850,
19,1582 Kooser Road,San Jose,False,3,3,False,408-448-1288,Arbor Apartments,4250,
20,2760 McKee Road,San Jose,False,3,3,True,408-251-7570,Arbor Terraces,4900,
21,3801 Blackford Avenue #16,San Jose,True,3,3,False,408-876-3565,Blackford Apartments,4700,
22,260 North Capitol Avenue # 109,San Jose,True,3,3,True,408-259-1662,Capitol Avenue Apartments,4850,
23,2036 Evans Lane,San Jose,True,3,3,False,408-264-0784,Catalonia Apartments,3900,
24,5255 Camden Avenue,San Jose,True,3,3,False,408-265-5605,Del Coronado Apartments,5200,
25,6184 Cottle Road,San Jose,True,3,3,False,408-225-8648,Foothill Apartments,5250,
26,360 Meridian Avenue,San Jose,True,2,3,False,408-995-0637,Parkview Family Apartments,4050,
27,1315 Eden Avenue,San Jose,True,3,3,True,408-378-1970,Regency Square,5150,
28,5822 Charlotte Drive,,True,3,3,True,408-226-5822,Anton La Moraga Apartments,4850,2019-03-06
29,2300 Lancaster Drive,Richmond,False,2,2,True,510-222-2705,Baycliff Apartments,4000,
30,3400 Richmond Parkway,Richmond,False,2,2,True,510-662-6726,Bella Vista At Hilltop,3950,
31,680 South 37th Street,Richmond,False,2,2,True,510-215-1926,Monterey Pines,2700,
32,5005 Montoya Avenue,Richmond,False,2,2,True,510-235-6341,Montoya Garden Apartments,4200,
33,3400 Richmond Parkway,,False,2,2,True,510-662-6726,Bella Vista At Hilltop,3950,2019-03-06
34,1546 Maurice Lane,San Jose,False,1,1,True,408-818-0710,888 Golden Saratoga-Cupertino Apartment Homes,1600,
35,947 Branham Lane # C,San Jose,False,1,1,True,408-265-4808,Almaden Garden Apartments,1850,
36,2415 Rinconada Drive,San Jose,False,1,1,False,408-516-4212,Almaden House,1750,
37,1543 Ambergrove Drive,San Jose,False,1,1,True,408-453-8011,Amberwood Apartments,1800,
38,2760 McKee Road,San Jose,False,1,1,False,408-251-7570,Arbor Terraces,1550,
39,5480 Lean Avenue,San Jose,True,1,1,True,408-840-2195,Blossom Hill Apartments,2000,
40,44 North Jackson Avenue # A5,San Jose,False,1,1,True,408-251-4540,Boxer'S Mayfair Village Senior Apartments,1650,
41,1612 Branham Lane,San Jose,False,1,1,True,408-267-0515,Branham House Apartments,2050,
42,2020 Southwest Expressway,San Jose,False,1,1,False,408-287-6274,Cherry Creek Apartments,2050,
43,2600 Corde Terra Circle,San Jose,False,1,1,True,408-298-9988,Corde Terra Apartments,1800,
44,947 Branham Lane # C,,False,1,1,True,408-265-4808,Almaden Garden Apartments,1850,2019-03-08
45,750 North King Road,San Jose,True,2,3,False,408-844-4803,Avenel Apartments,3550,
46,1000 Blossom River Way,San Jose,True,2,3,False,408-979-9442,Blossom River Apartments,3550,
47,220 North White Road,San Jose,True,2,3,True,408-259-0427,Casa Las Palmas,3750,
48,3246 Cortese Circle,San Jose,True,2,3,True,408-729-5173,Country Club Villa Apartments,3550,
49,"2290, 303 Checkers Drive",San Jose,True,2,3,False,408-272-0356,El Rancho Verde Apartments,3700,
50,6184 Cottle Road,San Jose,True,2,3,True,408-225-8648,Foothill Apartments,3550,
51,550 Kiely Boulevard,San Jose,True,2,3,False,408-241-3934,Mediterranean Apartments,3850,
52,560 Menker Avenue # A,San Jose,True,2,3,True,408-287-8804,Menclair Apartments,3600,
53,5635 Blossom Gardens Circle,San Jose,True,2,3,False,877-526-3611,Orchard Park Apartments,3600,
54,760 North 7th Street,San Jose,True,2,3,False,844-343-9547,Pavona Apartments,3650,
55,73 North Keeble Avenue,San Jose,True,3,3,False,408-998-7266,Alameda Gardens Apartments,4100,
56,750 North King Road,San Jose,True,3,3,False,408-844-4803,Avenel Apartments,4100,
57,600 Epic Way,San Jose,True,3,3,False,669-888-1610,Epic,4300,
58,632 North Jackson Avenue # 4,San Jose,True,3,3,True,408-251-6850,Las Casitas Associates,4250,
59,1800 Evans Lane,San Jose,True,3,3,False,408-265-9300,Las Ventanas Apartments,3950,
60,550 Kiely Boulevard,San Jose,True,3,3,False,408-241-3934,Mediterranean Apartments,4050,
61,458 Boynton Avenue Apt A4,San Jose,True,3,3,False,844-578-7568,Pacific Terrace West,4300,
62,4668 Albany Drive,San Jose,True,3,3,True,408-248-0800,San Jose Gardens,4400,
63,1375 Lick Avenue,San Jose,True,3,3,False,408-564-7347,Skyline At Tamien Station,4250,
64,73 North Keeble Avenue,,True,3,3,False,408-998-7266,Alameda Gardens Apartments,4100,2019-03-13
65,2400 Shady Willow Lane,Brentwood,False,1,1,True,925-240-8448,Arbor Ridge Apartments,2800,
66,1275 Central Boulevard,Brentwood,False,1,1,False,925-513-1110,Avery At Towncentre,4700,
67,180 Sycamore Avenue,Brentwood,True,1,1,False,925-634-8374,Brentwood Parks Apartments,4000,
68,161 Sycamore Avenue,Brentwood,False,1,1,False,925-634-1390,Sycamore Place 2,2700,
69,1100 Sycamore Court,Brentwood,False,1,1,False,925-634-6200,Sycamore Place Senior Housing,2050,
70,2101 Sand Creek Road,Brentwood,False,1,1,False,925-516-0260,Villa Amador Apartments,4750,
71,100 Village Drive,Brentwood,True,1,1,True,925-634-4561,Village Parks Apartments,2850,
72,1275 Central Boulevard,,False,1,1,False,925-513-1110,Avery At Towncentre,4700,2019-03-08
73,22281 Center Street #57,Castro Valley,False,3,4,False,510-538-0995,Continental Apartments,4850,
74,19972 Stanton Avenue,Castro Valley,False,3,4,False,510-538-2000,Mosaic Apartments,4800,
75,20800 Lake Chabot Road,Castro Valley,False,3,4,True,844-423-2122,Quail Hill Apartments,5150,
76,22120 Center Street,Castro Valley,False,3,4,True,510-886-3431,Shadow Creek Apartments,5250,
77,1688 Clayton Road,Concord,False,3,4,False,925-671-3845,City Walk Apartment Homes,5150,
78,3420 Willow Pass Road,Concord,True,3,4,True,925-825-5958,Palm Court Apartment,5250,
79,1160 Meadow Lane,Concord,False,3,4,True,855-289-4212,Pine Meadows Apartments,5000,
80,1441 Detroit Avenue,Concord,False,3,4,False,925-682-1655,Sterling Cove Apartments,4950,
81,1265 Monument Boulevard,Concord,False,3,4,False,925-825-0631,Sun Ridge Apartments,5100,
82,1731 Pine Street,Concord,False,3,4,False,925-969-0096,Vasona Management,4850,
83,3718 Willow Pass Rd,Concord,False,3,4,True,925-686-2244,Whispering Oaks,5050,
84,1530 Adelaide Street,Concord,True,3,4,True,925-682-2386,Woodhaven Apartments,5100,
85,1688 Clayton Road,,False,3,4,False,925-671-3845,City Walk Apartment Homes,5150,2019-03-14
86,2200 Rivers Street,San Pablo,False,3,3,False,510-234-8844,Willow Branch Apartments,4300,
87,2200 Rivers Street,,False,3,3,False,510-234-8844,Willow Branch Apartments,4300,2019-03-10
88,400 East Remington Drive,Sunnyvale,False,3,3,True,408-738-4862,Apricot Pit Apartments,4150,
89,555 East El Camino Real,Sunnyvale,False,3,3,False,408-738-0935,Arbor Terrace Apartments,4300,
90,660 Gail Avenue,Sunnyvale,False,3,3,True,888-854-9884,Bonnie Terrace Apartments,4450,
91,1651 Belleville Way,Sunnyvale,False,2,3,True,669-257-9990,Brookside Oaks,4000,
92,874 East El Camino Real,Sunnyvale,False,3,3,False,866-730-1639,Cascades Apartments,4150,
93,678 Bellflower Avenue,Sunnyvale,False,3,3,True,408-735-9030,Charter Palm Town Homes,3900,
94,250 W El Camino Real,Sunnyvale,False,2,3,True,866-748-9591,Cherry Orchard Apartment Homes,3800,
95,130 Crescent Avenue,Sunnyvale,False,3,3,True,408-749-1060,Crescent Terrace Senior Apartments,4250,
96,1055 East Evelyn Avenue,Sunnyvale,True,3,3,True,408-296-8006,Evelyn Gardens,4100,
97,555 East Washington Avenue,Sunnyvale,True,3,3,False,833-630-9835,Heritage Park Apartments,3950,
98,250 W El Camino Real,Sunnyvale,False,3,3,True,866-748-9591,Cherry Orchard Apartment Homes,4400,
99,555 East El Camino Real,,False,3,3,False,408-738-0935,Arbor Terrace Apartments,4300,2019-03-12
100,42 Charles Street,Cotati,False,3,4,True,707-795-3722,Charles Street Village,4800,
101,160 Wilford Lane,Cotati,False,3,4,True,707-793-8454,Wilford Lane Apartments,4700,
102,42 Charles Street,,False,3,4,True,707-795-3722,Charles Street Village,4800,2019-03-01
103,4757 Snyder Lane,Rohnert Park,True,1,2,True,707-584-3522,Americana Apartment Homes,4000,
104,1450 East Cotati Avenue,Rohnert Park,False,1,2,True,707-793-0123,Cambridge Square Apartments,2700,
105,5425 Snyder Lane,Rohnert Park,False,1,2,False,707-664-8808,Camino Creek Apartments,3000,
106,6351 Country Club Drive,Rohnert Park,False,1,2,False,707-739-4189,Country Club Village,4050,
107,8670 Camino Colegio,Rohnert Park,False,1,2,False,707-795-9200,Emerald Pointe Apartments,4850,
108,5102 Dowdell Avenue,Rohnert Park,False,1,2,False,833-244-8741,Fiori Estates Apartments,4950,
109,1350 Oak View Circle,Rohnert Park,False,1,2,True,888-321-0662,Oak View Of Sonoma Hills Apartments,3200,
110,1326 East Cotati Avenue #124,Rohnert Park,False,1,2,True,707-615-1187,Park Club Apartments,2850,
111,7425 Camino Colegio # 61,Rohnert Park,False,1,2,False,707-792-0669,Park Meadows Apartments,2550,
112,5121 Dowdell Avenue,Rohnert Park,False,1,2,False,707-820-2962,The Reserve At Rohnert Park,3050,
113,4757 Snyder Lane,,True,1,2,True,707-584-3522,Americana Apartment Homes,4000,2019-03-03
114,1001 Beethoven Common,Fremont,False,3,4,False,510-797-1800,Alborada Apartments,5100,
115,3500 Pennsylvania Avenue # 101,Fremont,True,3,4,False,510-943-8264,Birchwood Apartments,4700,
116,38900 Blacow Road,Fremont,False,3,4,True,510-797-5980,Carrington Apartments,5050,
117,37811 Fremont Boulevard,Fremont,False,3,4,True,510-797-4520,Fremont Arms,5200,
118,4261 Stevenson Boulevard,Fremont,False,3,4,False,510-656-8201,Fremont Manor,5050,
119,36707 San Pedro Drive,Fremont,False,3,4,False,510-792-6340,Garden Village Apartments,5150,
120,4262 Central Avenue,Fremont,False,3,4,False,510-793-4336,Glenhaven Apartments,5100,
121,4444 Central Avenue,Fremont,False,3,4,False,510-792-1161,Glenmills Apartments,5200,
122,3355 Pennsylvania Avenue #13,Fremont,False,3,4,False,510-792-4983,Hastings East Apartments,5000,
123,4261 Stevenson Boulevard,Fremont,False,3,4,True,510-656-8200,Lincoln Glen,5100,
124,40001 Fremont Boulevard,Fremont,True,3,3,True,510-455-8815,Boulevard,4250,
125,38900 Blacow Road,Fremont,False,3,3,True,510-797-5980,Carrington Apartments,5050,
126,37811 Fremont Boulevard,Fremont,False,3,3,True,510-797-4520,Fremont Arms,5200,
127,41342 Roberts Avenue,Fremont,False,3,3,True,510-657-9766,Granada Apartments,3900,
128,4261 Stevenson Boulevard,Fremont,False,3,3,True,510-656-8200,Lincoln Glen,5100,
129,42010 Blacow Road,Fremont,False,3,3,True,510-657-2020,Minutetogo,4350,
130,1401 Red Hawk Circle,Fremont,False,3,3,True,510-494-9500,Mission Peaks,4150,
131,1301 Stevenson Boulevard,Fremont,False,2,3,True,510-713-1808,Park Vista Apartments,3550,
132,3330 Country Drive,Fremont,True,3,3,True,510-792-7817,Parkview Apartments,4750,
133,39548 Fremont Boulevard,Fremont,False,3,3,True,510-657-4244,Pasatiempo Apartments,4750,
134,40001 Fremont Boulevard,,True,3,3,True,510-455-8815,Boulevard,4250,2019-03-11
135,859 University Avenue,Los Gatos,False,3,2,True,408-395-1222,Casa Vasona Garden Apartments,4850,
136,20 East Main Street,Los Gatos,False,3,2,True,408-831-7797,El Gato Penthouse,4050,
137,226 Edelen Avenue,Los Gatos,False,2,2,False,408-313-1017,Los Gatos Heights Llc,3950,
138,517 Blossom Hill Road,Los Gatos,False,1,2,True,408-358-2900,Los Gatos Oaks Apartments,2350,
139,570 University Avenue # 1,Los Gatos,False,2,2,False,408-395-6244,Tamarack Apartments,3850,
140,105 Forrest Avenue,Los Gatos,False,2,2,False,408-354-7514,Three Oaks Apartments,3650,
141,107 Oak Rim Court,Los Gatos,False,2,2,False,408-358-1541,Twelve Oaks Apartments,2850,
142,100 Oak Rim Way # 24,Los Gatos,False,1,2,True,408-358-3066,Valley Oaks Apartments,2500,
143,626 West Parr Avenue,Los Gatos,False,1,2,False,408-370-9410,Villa Vasona Apartments,2700,
144,14225 Lora Drive,Los Gatos,False,2,2,False,408-378-9472,Wedgewood Manor,3050,
145,859 University Avenue,Los Gatos,False,2,2,True,408-395-1222,Casa Vasona Garden Apartments,4850,
146,20 East Main Street,Los Gatos,False,2,2,True,408-831-7797,El Gato Penthouse,4050,
147,100 Oak Rim Way # 24,Los Gatos,False,2,2,True,408-358-3066,Valley Oaks Apartments,2850,
148,20 East Main Street,,False,2,2,True,408-831-7797,El Gato Penthouse,4050,2019-03-07
149,1546 Maurice Lane,San Jose,False,1,2,False,408-818-0710,888 Golden Saratoga-Cupertino Apartment Homes,2300,
150,1290 San Tomas Aquino Road,San Jose,True,3,2,False,408-984-8888,Aegena,4900,
151,73 North Keeble Avenue,San Jose,False,2,2,False,408-998-7266,Alameda Gardens Apartments,3600,
152,947 Branham Lane # C,San Jose,True,2,2,False,408-265-4808,Almaden Garden Apartments,3100,
153,2415 Rinconada Drive,San Jose,False,3,2,False,408-516-4212,Almaden House,4850,
154,978 Almaden Lake Drive,San Jose,False,2,2,False,408-323-8020,Almaden Lake Apartments,3250,
155,1543 Ambergrove Drive,San Jose,False,2,2,False,408-453-8011,Amberwood Apartments,3550,
156,1585 Marburg Way # 4,San Jose,False,3,2,True,408-926-3999,Ann Darling Apartments,3950,
157,5822 Charlotte Drive,San Jose,True,3,2,True,408-226-5822,Anton La Moraga Apartments,4850,
158,1582 Kooser Road,San Jose,False,3,2,False,408-448-1288,Arbor Apartments,4250,
159,1546 Maurice Lane,,False,3,2,False,408-818-0710,888 Golden Saratoga-Cupertino Apartment Homes,4450,2019-03-01
160,2290 California Street,Mountain View,True,1,1,True,650-965-8290,Arbors At Mountain View,5100,
161,1335 Montecito Avenue # 1,Mountain View,False,1,1,True,650-940-1909,Barkley Square Apartments,5200,
162,302 Easy Street,Mountain View,True,1,1,True,650-968-3830,Chateau Apartments,1500,
163,210 Easy Street,Mountain View,False,1,1,True,650-961-2975,Fernmar Apartments,2350,
164,375 Oaktree Drive,Mountain View,False,1,1,True,650-390-9450,Ginzton Terrace,3500,
165,1970 Latham Street,Mountain View,False,1,1,True,650-961-6135,Latham Court Apartments,1950,
166,870 East El Camino Real,Mountain View,True,1,1,True,650-967-1424,Reserve At Mountain View Apartments,5000,
167,1901 Rock Street,Mountain View,False,1,1,True,650-964-6100,Riverstone Town Homes,2700,
168,460 North Shoreline Boulevard,Mountain View,False,1,1,True,650-966-1328,Shorebreeze Apartments,3850,
169,505 Central Avenue,Mountain View,False,1,1,True,650-968-8384,Shoreline Village Apartments,3550,
170,2290 California Street,,True,1,1,True,650-965-8290,Arbors At Mountain View,5100,2019-03-02
171,831 Gale Drive,Campbell,False,1,1,True,408-374-3500,Appletree Apartments,4050,
172,240 Hollis Avenue,Campbell,True,1,1,True,866-573-8123,La Mancha Apartments,2850,
173,3685 South Bascom Avenue,Campbell,True,1,1,True,408-377-9360,Pebble Creek,4000,
174,35 Union Avenue # 10,Campbell,True,1,1,True,408-377-6707,Pruneyard Garden Apartments,1950,
175,150 West Rincon Avenue,Campbell,False,1,1,True,408-871-1333,Rincon Gables Apartments,5150,
176,1510 South Bascom Avenue,Campbell,False,1,1,True,408-377-6900,River Walk Apartments,1800,
177,275 Union Avenue,Campbell,False,1,1,True,408-898-4572,The Commons,1950,
178,999 West Hamilton Avenue,Campbell,True,1,1,True,408-796-4545,The Greenery Apartments Homes,5250,
179,377 Union Avenue,Campbell,False,1,1,True,408-559-7422,Union Manor Apartments,4950,
180,831 Gale Drive,,False,1,1,True,408-374-3500,Appletree Apartments,4050,2019-03-07
181,766 1st Street,Gilroy,False,1,1,False,408-847-3818,Mission Park,2000,
182,181 Pierce Street,Gilroy,False,3,1,True,408-842-6341,Park View Apartments,5050,
183,500 Ioof Avenue,Gilroy,True,2,1,False,408-842-4457,Plaza Vasquez,3950,
184,9355 Monterey Road,Gilroy,False,1,1,False,408-848-6400,Sobrato Transitional Apartments,1900,
185,181 Pierce Street,Gilroy,False,1,1,True,408-842-6341,Park View Apartments,5050,
186,500 Ioof Avenue,Gilroy,True,1,1,False,408-842-4457,Plaza Vasquez,3950,
187,181 Pierce Street,,False,1,1,True,408-842-6341,Park View Apartments,5050,2019-03-14
188,1282 Mattox Road,Hayward,False,3,1,False,510-886-0385,Alpine Vista Apartments,4850,
189,24660 Amador Street,Hayward,False,1,1,False,510-849-6628,Amador Apartments,1900,
190,25173 Cypress Avenue,Hayward,False,1,1,True,510-782-8753,Amador Royal,1900,
191,26100 Gading Road,Hayward,False,3,1,True,510-785-3281,Amberwood Garden Apartments,5150,
192,31108 Brae Burn Avenue,Hayward,True,3,1,False,510-471-7075,Baywood Apartments,4700,
193,22800 Meridian Drive,Hayward,True,3,1,False,510-455-8869,City Centre,4900,
194,25200 Carlos Bee Boulevard,Hayward,False,1,1,False,510-822-2617,City View,2650,
195,25100 Cypress Avenue,Hayward,True,1,1,False,510-887-4406,Cypress Glen,2750,
196,24955 Cypress Avenue,Hayward,False,3,1,False,510-732-9432,Cypress House Apartments,4950,
197,25221 Cypress Avenue,Hayward,False,2,1,True,510-781-0217,Cypress Point Villas,2950,
198,1282 Mattox Road,Hayward,False,3,3,False,510-886-0385,Alpine Vista Apartments,4850,
199,24660 Amador Street,Hayward,False,3,3,False,510-849-6628,Amador Apartments,4250,
200,26100 Gading Road,Hayward,False,3,3,True,510-785-3281,Amberwood Garden Apartments,5150,
201,31108 Brae Burn Avenue,Hayward,True,3,3,False,510-471-7075,Baywood Apartments,4700,
202,22800 Meridian Drive,Hayward,True,3,3,False,510-455-8869,City Centre,4900,
203,25200 Carlos Bee Boulevard,Hayward,False,2,3,False,510-822-2617,City View,3600,
204,25100 Cypress Avenue,Hayward,True,3,3,False,510-887-4406,Cypress Glen,3900,
205,24955 Cypress Avenue,Hayward,False,3,3,False,510-732-9432,Cypress House Apartments,4950,
206,29596 Dixon Street # 60,Hayward,False,3,3,False,510-537-4705,Dixon Apartments,4800,
207,26100 Gading Road,,False,3,3,True,510-785-3281,Amberwood Garden Apartments,5000,2019-03-05
208,624 Avalon Avenue,Santa Rosa,False,2,1,True,707-620-5076,Avalon Apartments,3550,
209,825 Russell Avenue,Santa Rosa,False,2,1,True,707-577-0262,Bicentennial Apartments,2800,
210,3329 Claremont Court,Santa Rosa,True,2,1,True,707-578-1313,Brookside East Apartments,2950,
211,2807 Yulupa Avenue,Santa Rosa,False,1,1,True,707-527-0128,Country Club Apartments,1950,
212,1130 4th Street,Santa Rosa,False,1,1,True,707-544-1400,Creekside Park Apartments,1750,
213,850 Russell Avenue,Santa Rosa,False,3,1,True,707-542-2883,Del Nido Apartments,3950,
214,2322 Maher Drive #5,Santa Rosa,False,2,1,True,707-542-2004,Fairway Arms Apartments,2750,
215,6401 Montecito Boulevard # 29,Santa Rosa,False,1,1,True,707-539-6148,Garden Court Apartments,2350,
216,3076 Marlow Road,Santa Rosa,True,1,1,True,707-579-5081,Marlow Apartments,2300,
217,"Leasing Office, 6600 Montecito Boulevard",Santa Rosa,False,2,1,True,707-538-1516,Montecito Pines Apartments,3150,
218,825 Russell Avenue,,False,1,1,True,707-577-0262,Bicentennial Apartments,2350,2019-03-01
219,73 North Keeble Avenue,,False,2,2,False,408-998-7266,Alameda Gardens Apartments,3600,2019-03-14
220,1400 A Street,Antioch,False,1,1,True,925-706-0874,Antioch Rivertown Senior Housing,2850,
221,4900 Canada Valley Road,Antioch,False,3,1,True,925-754-2900,Bella Rose Apartments,4050,
222,1600 Buchanan Road,Antioch,False,3,1,True,925-750-8811,Buchanan Gardens,4250,
223,5100 Vista Grande Dr,Antioch,False,1,1,True,925-755-4141,Cross Pointe,1950,
224,3001 Kodiak Street,Antioch,False,3,1,True,925-754-3733,Hillcrest View Apartments,5250,
225,1015 Fitzuren Road #7,Antioch,False,2,1,True,925-978-9772,Magnolia Apartments,3500,
226,2200 Sycamore Drive,Antioch,False,2,1,True,925-754-4488,Riverstone Apartments,3000,
227,2201 San Jose Drive,Antioch,True,3,1,True,925-779-9999,Runaway Bay,4450,
228,4900 Canada Valley Road,,False,3,1,True,925-754-2900,Bella Rose Apartments,4050,2019-03-01
229,1300 Rumrill Boulevard,San Pablo,False,2,3,True,510-232-6651,Rumrill Garden Apartments,3800,
230,1300 Rumrill Boulevard,,False,2,3,True,510-232-6651,Rumrill Garden Apartments,3800,2019-03-09
231,1001 Beethoven Common,Fremont,False,3,2,False,510-797-1800,Alborada Apartments,5100,
232,34050 Westchester Terrace,Fremont,False,1,2,False,510-794-9981,Amber Court,2550,
233,4445 Stevenson Boulevard,Fremont,True,2,2,False,510-657-1133,Americana Apartments,3100,
234,3500 Pennsylvania Avenue # 101,Fremont,True,3,2,False,510-943-8264,Birchwood Apartments,4700,
235,40001 Fremont Boulevard,Fremont,True,1,2,True,510-455-8815,Boulevard,2600,
236,4200 Bay Street,Fremont,True,2,2,False,510-455-8813,Briarwood At Central Park,2950,
237,36163 Fremont Boulevard,Fremont,False,2,2,False,510-793-1621,Brookvale Chateau,3600,
238,38900 Blacow Road,Fremont,False,1,2,True,510-797-5980,Carrington Apartments,2750,
239,4101 Eggers Drive # 16,Fremont,False,2,2,True,510-796-4064,Case Verde Apartment,3200,
240,41299 Paseo Padre Parkway,Fremont,True,3,2,False,510-651-1040,Century Village Apartments,4100,
241,1001 Beethoven Common,Fremont,False,2,2,False,510-797-1800,Alborada Apartments,5100,
242,34050 Westchester Terrace,Fremont,False,2,2,False,510-794-9981,Amber Court,4300,
243,3500 Pennsylvania Avenue # 101,Fremont,True,2,2,False,510-943-8264,Birchwood Apartments,4700,
244,40001 Fremont Boulevard,Fremont,True,2,2,True,510-455-8815,Boulevard,4250,
245,38900 Blacow Road,Fremont,False,2,2,True,510-797-5980,Carrington Apartments,5050,
246,41299 Paseo Padre Parkway,Fremont,True,2,2,False,510-651-1040,Century Village Apartments,4100,
247,4445 Stevenson Boulevard,,True,2,2,False,510-657-1133,Americana Apartments,2700,2019-03-10
248,1580 Clayton Road # 1,Concord,False,1,2,False,925-827-3700,Casa Pino Condos,2800,
249,1688 Clayton Road,Concord,False,3,2,False,925-671-3845,City Walk Apartment Homes,5150,
250,5255 Clayton Road,Concord,False,3,2,True,855-957-1118,Clayton Creek Apartments,3950,
251,1711 Detroit Avenue,Concord,False,2,2,False,925-686-6868,Courtyard Apartments,3900,
252,4902 Clayton Road,Concord,False,2,2,True,925-405-6881,Diablo Terrace Apartments,3150,
253,3620 Clayton Road # 101,Concord,False,1,2,True,925-682-9661,Greentree Terrace Apartments,2450,
254,1032 Mohr Lane,Concord,False,2,2,True,925-687-8460,Hidden Creek Town Homes,3200,
255,3066 Willow Pass Road,Concord,True,3,2,True,925-691-5974,Kona Kai Village Apartments,4350,
256,1500 Ellis Street,Concord,False,2,2,True,925-680-5250,Lakeshore Apartment Homes,4000,
257,1530 Ellis Street,Concord,False,3,2,True,925-521-8333,Lakeshore Apartments,4350,
258,5255 Clayton Road,,False,3,2,True,855-957-1118,Clayton Creek Apartments,3950,2019-03-14
259,1260 Hopkins Street,Berkeley,False,3,3,False,510-526-3267,Hopkins Park Apartments,4750,
260,1425 Oregon Street,Berkeley,False,3,3,False,510-848-8554,Oregon Park Senior Apartments,3950,
261,1615 Russell Street # 101A,Berkeley,False,2,3,True,510-540-0382,Rosewood Manor Apartments,3550,
262,2017 Stuart Street,Berkeley,False,3,3,False,510-841-4595,Savo Island Cooperative Homes,4950,
263,2017 Stuart Street,,False,3,3,False,510-841-4595,Savo Island Cooperative Homes,4000,2019-03-02
264,3543 Brook Street,Lafayette,False,3,3,True,925-283-8332,Bookstreet Park Apartments,5150,
265,3263 Mount Diablo Court,Lafayette,False,2,3,True,925-287-1188,Lafayette Commons Apartments,3800,
266,3543 Brook Street,,False,3,3,True,925-283-8332,Bookstreet Park Apartments,5150,2019-03-05
267,790 2nd Street West,Sonoma,False,1,1,True,707-939-8152,Plaza Del Sol Apartments,1950,
268,61 Agua Caliente Road West,Sonoma,True,2,1,True,530-745-6170,Sonoma Village Apartments,2700,
269,61 Agua Caliente Road West,,True,2,1,True,530-745-6170,Sonoma Village Apartments,2700,2019-03-11
270,400 East Remington Drive,Sunnyvale,False,2,3,True,408-738-4862,Apricot Pit Apartments,4800,
271,555 East El Camino Real,Sunnyvale,True,2,3,False,408-738-0935,Arbor Terrace Apartments,3750,
272,1059 Reed Avenue,Sunnyvale,False,2,3,False,408-984-1060,Aster Park Apartments,3900,
273,151 South Bernardo Avenue,Sunnyvale,False,2,3,True,650-961-3333,Balboa Apartments,4050,
274,660 Gail Avenue,Sunnyvale,False,2,3,True,888-854-9884,Bonnie Terrace Apartments,4750,
275,732 East Evelyn Avenue,Sunnyvale,False,2,3,False,669-267-1020,Bristol Commons,3850,
276,1651 Belleville Way,Sunnyvale,False,2,3,False,669-257-9990,Brookside Oaks,5000,
277,815 East Fremont Avenue,Sunnyvale,False,2,3,True,408-736-5183,Cambria Apartments,3850,
278,874 East El Camino Real,Sunnyvale,False,2,3,False,866-730-1639,Cascades Apartments,4050,
279,678 Bellflower Avenue,Sunnyvale,False,2,3,True,408-735-9030,Charter Palm Town Homes,4700,
280,130 Crescent Avenue,Sunnyvale,True,2,3,False,408-749-1060,Crescent Terrace Senior Apartments,4300,
281,107 South Mary Avenue,Sunnyvale,True,2,3,False,408-702-2447,Magnolia Square Apartments,4450,
282,120 East Remington Drive,Sunnyvale,True,2,3,True,408-738-1114,Remington Place Apartments,3600,
283,718 Old San Francisco Road,Sunnyvale,True,2,3,True,408-736-1600,Renaissance Apartment Homes,3950,
284,874 Borregas Avenue,Sunnyvale,True,2,3,False,408-734-3166,Sands Studio Apartments,4350,
285,959 Stewart Drive,Sunnyvale,True,2,3,True,866-492-4478,Stewart Village Apartment Homes,5200,
286,1674 Hollenbeck Avenue,Sunnyvale,True,2,3,False,408-739-7190,Village Square Apartments,3550,
287,130 Crescent Avenue,,True,2,3,False,408-749-1060,Crescent Terrace Senior Apartments,4300,2019-03-14
288,4656 Quigg Drive,Santa Rosa,False,3,4,False,707-537-9866,Behringer Harvard,5200,
289,6401 Montecito Boulevard # 29,Santa Rosa,False,3,4,True,707-539-6148,Garden Court Apartments,5100,
290,2315 Lomitas Avenue # 103,Santa Rosa,False,3,4,False,707-528-9077,Marketplace Apartments,5000,
291,1421 Range Avenue,Santa Rosa,False,3,4,False,707-569-7488,Monte Vista Apartments,4950,
292,"Leasing Office, 6600 Montecito Boulevard",Santa Rosa,False,3,4,True,707-538-1516,Montecito Pines Apartments,4900,
293,1521 Range Avenue # 5,Santa Rosa,True,3,4,True,833-336-3062,Oaks Apartments,5150,
294,638 Cordelia Drive # 1,Santa Rosa,False,3,4,True,707-528-7971,Park Manor Apartments,4850,
295,2389 McBride Lane,Santa Rosa,True,3,4,False,707-579-5605,Park Villa Apartments,5050,
296,2111 Kawana Springs Road,Santa Rosa,False,3,4,False,707-595-2374,Renaissance Apartment Homes,4850,
297,1 Kashmir Drive,Santa Rosa,False,3,4,True,707-539-1109,Santa Rosa Garden Apartments,5200,
298,4656 Quigg Drive,,False,3,4,False,707-537-9866,Behringer Harvard,5200,2019-03-10
299,3329 Claremont Court,Santa Rosa,True,1,3,True,707-578-1313,Brookside East Apartments,4100,
300,3076 Marlow Road,Santa Rosa,True,1,3,True,707-579-5081,Marlow Apartments,4300,
301,1521 Range Avenue # 5,Santa Rosa,True,1,3,True,833-336-3062,Oaks Apartments,5150,
302,2002 Pinercrest Drive,Santa Rosa,True,1,3,True,707-579-3424,Orchard West Senior Apartments,4100,
303,2389 McBride Lane,Santa Rosa,True,1,3,False,707-579-5605,Park Villa Apartments,5050,
304,1024 Prospect Avenue # 122A,Santa Rosa,True,1,3,False,707-537-7834,Prospect Place Apartments,4400,
305,3589 Round Barn Boulevard,Santa Rosa,True,1,3,False,707-542-3258,The Meadows At Fountaingrove,4200,
306,3076 Marlow Road,,True,1,3,True,707-579-5081,Marlow Apartments,4300,2019-03-14
307,1290 San Tomas Aquino Road,San Jose,True,3,4,False,408-984-8888,Aegena,4900,
308,73 North Keeble Avenue,San Jose,False,3,4,False,408-998-7266,Alameda Gardens Apartments,4850,
309,2415 Rinconada Drive,San Jose,False,3,4,False,408-516-4212,Almaden House,4850,
310,5822 Charlotte Drive,San Jose,True,3,4,True,408-226-5822,Anton La Moraga Apartments,4850,
311,2760 McKee Road,San Jose,False,3,4,True,408-251-7570,Arbor Terraces,4900,
312,1058 South 5th Street,San Jose,False,3,4,True,877-259-1439,Art Ark Apartments,5250,
313,3801 Blackford Avenue #16,San Jose,True,3,4,False,408-876-3565,Blackford Apartments,4700,
314,260 North Capitol Avenue # 109,San Jose,True,3,4,True,408-259-1662,Capitol Avenue Apartments,4850,
315,220 North White Road,San Jose,False,3,4,True,408-259-0427,Casa Las Palmas,5100,
316,2036 Evans Lane,San Jose,True,3,4,False,408-264-0784,Catalonia Apartments,4800,
317,2415 Rinconada Drive,,False,3,4,False,408-516-4212,Almaden House,4800,2019-03-01
318,40001 Fremont Boulevard,Fremont,True,1,1,True,510-455-8815,Boulevard,2600,
319,38900 Blacow Road,Fremont,False,1,1,True,510-797-5980,Carrington Apartments,2750,
320,4101 Eggers Drive # 16,Fremont,False,2,1,True,510-796-4064,Case Verde Apartment,3200,
321,46703 Crawford Street # 2,Fremont,False,1,1,True,510-651-5292,Crawford Apartments,1600,
322,41277 Roberts Ave # 32,Fremont,False,1,1,True,510-656-2303,Felson Management Corporation,1700,
323,37811 Fremont Boulevard,Fremont,False,3,1,True,510-797-4520,Fremont Arms,5200,
324,41342 Roberts Avenue,Fremont,False,1,1,True,510-657-9766,Granada Apartments,1950,
325,4261 Stevenson Boulevard,Fremont,False,1,1,True,510-656-8200,Lincoln Glen,2650,
326,42010 Blacow Road,Fremont,False,3,1,True,510-657-2020,Minutetogo,4350,
327,1401 Red Hawk Circle,Fremont,False,1,1,True,510-494-9500,Mission Peaks,2300,
328,4101 Eggers Drive # 16,Fremont,False,1,1,True,510-796-4064,Case Verde Apartment,3200,
329,37811 Fremont Boulevard,Fremont,False,1,1,True,510-797-4520,Fremont Arms,5200,
330,4101 Eggers Drive # 16,,False,1,1,True,510-796-4064,Case Verde Apartment,3150,2019-03-08
331,1546 Maurice Lane,San Jose,False,1,1,False,408-818-0710,888 Golden Saratoga-Cupertino Apartment Homes,2300,
332,1290 San Tomas Aquino Road,San Jose,True,3,1,False,408-984-8888,Aegena,4900,
333,73 North Keeble Avenue,San Jose,False,2,1,False,408-998-7266,Alameda Gardens Apartments,3600,
334,947 Branham Lane # C,San Jose,True,1,1,False,408-265-4808,Almaden Garden Apartments,1650,
335,2415 Rinconada Drive,San Jose,False,3,1,False,408-516-4212,Almaden House,4850,
336,978 Almaden Lake Drive,San Jose,False,2,1,False,408-323-8020,Almaden Lake Apartments,3250,
337,1543 Ambergrove Drive,San Jose,False,2,1,False,408-453-8011,Amberwood Apartments,3550,
338,1585 Marburg Way # 4,San Jose,False,3,1,True,408-926-3999,Ann Darling Apartments,3950,
339,5822 Charlotte Drive,San Jose,True,3,1,True,408-226-5822,Anton La Moraga Apartments,4850,
340,1582 Kooser Road,San Jose,False,3,1,False,408-448-1288,Arbor Apartments,4250,
341,3801 Blackford Avenue #16,San Jose,True,1,1,False,408-876-3565,Blackford Apartments,2300,
342,260 North Capitol Avenue # 109,San Jose,True,2,1,True,408-259-1662,Capitol Avenue Apartments,3100,
343,2036 Evans Lane,San Jose,True,3,1,False,408-264-0784,Catalonia Apartments,3900,
344,5255 Camden Avenue,San Jose,True,3,1,False,408-265-5605,Del Coronado Apartments,5200,
345,6184 Cottle Road,San Jose,True,1,1,False,408-225-8648,Foothill Apartments,1550,
346,1250 Foxdale Loop,San Jose,True,2,1,False,408-251-1142,Foxdale Village Apartments,3100,
347,360 Meridian Avenue,San Jose,True,2,1,False,408-995-0637,Parkview Family Apartments,4050,
348,947 Branham Lane # C,,True,1,1,False,408-265-4808,Almaden Garden Apartments,1650,2019-03-11
349,31755 Alvarado Boulevard,Union City,False,1,1,True,510-471-1272,Adrienne Village Apartments,2850,
350,33300 Mission Boulevard,Union City,False,3,1,True,510-489-0546,Dry Creek Apartments,4450,
351,1501 Decoto Road,Union City,False,2,1,True,510-487-2733,Parkside Apartments,2900,
352,34655 Skylark Drive,Union City,False,3,1,False,510-489-7431,Skylark Apartments,4000,
353,3900 Horner Street,Union City,False,3,1,False,510-489-2220,Summerhill Place Apartments,4450,
354,33 Union Square,Union City,False,1,1,True,510-475-7575,Verandas,1750,
355,31755 Alvarado Boulevard,,False,1,1,True,510-471-1272,Adrienne Village Apartments,2850,2019-03-08
356,1282 Mattox Road,Hayward,False,3,4,False,510-886-0385,Alpine Vista Apartments,4850,
357,26100 Gading Road,Hayward,False,3,4,True,510-785-3281,Amberwood Garden Apartments,5150,
358,31108 Brae Burn Avenue,Hayward,True,3,4,False,510-471-7075,Baywood Apartments,4700,
359,22800 Meridian Drive,Hayward,True,3,4,False,510-455-8869,City Centre,4900,
360,24955 Cypress Avenue,Hayward,False,3,4,False,510-732-9432,Cypress House Apartments,4950,
361,29596 Dixon Street # 60,Hayward,False,3,4,False,510-537-4705,Dixon Apartments,4800,
362,29200 Huntwood Avenue,Hayward,False,3,4,True,510-786-9375,Huntwood Terrace Apartment,4850,
363,1638 E Street # 106,Hayward,False,3,4,False,510-582-3155,Leisure Terrace,4750,
364,28500 Mission Boulevard,Hayward,True,3,4,True,877-794-9878,Mission Heights Apartments,4850,
365,25997 Gading Road,Hayward,False,3,4,False,510-782-8236,Morpark Apartments,5050,
366,1160 Meadow Lane,,False,3,4,True,855-289-4212,Pine Meadows Apartments,5000,2019-03-08
367,888 North San Mateo Drive,San Mateo,True,2,2,True,650-340-0098,888 San Mateo,2900,
368,1633 Marina Court,San Mateo,False,1,2,True,866-571-7179,Chesapeake Point Apartments,2550,
369,420 North Bayshore Boulevard # 1,San Mateo,False,2,2,False,650-342-5708,Country Club Apartments,4000,
370,1510 Marina Vista,San Mateo,False,1,2,False,650-341-3367,Edgewater Isle Senior Apartments,2350,
371,2717 South Norfolk Street,San Mateo,False,3,2,True,650-729-1461,Lakeshore Landing,4150,
372,25 McAker Court,San Mateo,False,2,2,False,650-286-9800,Pacific Gardens Townhouse,2750,
373,651 North El Camino Real,San Mateo,False,3,2,True,650-343-9038,Park Royal Apartments,4950,
374,2901 South El Camino Real,San Mateo,False,3,2,False,650-212-0935,Peninsula Station Apartments,3950,
375,24 East Santa Inez Avenue,San Mateo,False,3,2,True,650-347-2008,Santa Inez Apartments,4850,
376,3110 Casa De Campo,San Mateo,False,3,2,False,650-572-7180,Sares-Regis Group,5150,
377,1510 Marina Vista,San Mateo,False,2,2,False,650-341-3367,Edgewater Isle Senior Apartments,5250,
378,2717 South Norfolk Street,San Mateo,False,2,2,True,650-729-1461,Lakeshore Landing,4150,
379,651 North El Camino Real,San Mateo,False,2,2,True,650-343-9038,Park Royal Apartments,4950,
380,2901 South El Camino Real,San Mateo,False,2,2,False,650-212-0935,Peninsula Station Apartments,3950,
381,24 East Santa Inez Avenue,San Mateo,False,2,2,True,650-347-2008,Santa Inez Apartments,4850,
382,420 North Bayshore Boulevard # 1,,False,2,2,False,650-342-5708,Country Club Apartments,4000,2019-03-09
383,400 East Remington Drive,Sunnyvale,False,3,3,True,408-738-4862,Apricot Pit Apartments,4800,
384,555 East El Camino Real,Sunnyvale,True,3,3,False,408-738-0935,Arbor Terrace Apartments,4850,
385,1059 Reed Avenue,Sunnyvale,False,3,3,False,408-984-1060,Aster Park Apartments,4150,
386,151 South Bernardo Avenue,Sunnyvale,False,3,3,True,650-961-3333,Balboa Apartments,4050,
387,660 Gail Avenue,Sunnyvale,False,3,3,True,888-854-9884,Bonnie Terrace Apartments,4750,
388,1651 Belleville Way,Sunnyvale,False,3,3,False,669-257-9990,Brookside Oaks,5000,
389,874 East El Camino Real,Sunnyvale,False,3,3,False,866-730-1639,Cascades Apartments,5200,
390,678 Bellflower Avenue,Sunnyvale,False,3,3,True,408-735-9030,Charter Palm Town Homes,4700,
391,1234 Sunnyvale Saratoga Road # 9,Sunnyvale,False,3,3,False,408-737-2424,Chatelaine Apartments,5200,
392,130 Crescent Avenue,Sunnyvale,True,3,3,False,408-749-1060,Crescent Terrace Senior Apartments,4300,
393,955 Escalon Avenue,Sunnyvale,False,3,3,True,408-737-2777,Macara Gardens Apartments,5050,
394,825 Morse Avenue,Sunnyvale,False,3,3,True,408-734-9442,Morse Court Apartments,4400,
395,1229 Vicente Drive,Sunnyvale,False,3,3,True,650-961-0141,Olive West Apartments,4700,
396,1209 Ayala Drive,Sunnyvale,False,3,3,True,650-961-6696,Palm Villa Apartments,5150,
397,1070 Reed Avenue,Sunnyvale,False,3,3,True,408-457-8104,Reed Square,4300,
398,151 South Bernardo Avenue,,False,3,3,True,650-961-3333,Balboa Apartments,4050,2019-03-14
399,5643 Charlotte Way,Livermore,False,2,3,False,925-371-0905,Acacia Capital Cor-Ironwood Ap,3750,
400,3998 East Avenue,Livermore,False,2,3,False,925-606-6246,Arbol Verde Apartments,3600,
401,3819 East Avenue,Livermore,False,2,3,True,844-412-5121,Briarwood Apartments,3900,
402,2991 College Avenue,Livermore,True,2,3,False,925-373-8490,Chardonnay Garden Apts,5050,
403,5107 Norma Way # 23,Livermore,True,2,3,False,925-447-9140,Vineyard Apartments,4000,
404,5643 Charlotte Way,,False,2,3,False,925-371-0905,Acacia Capital Cor-Ironwood Ap,3750,2019-03-03
405,37057 Magnolia Street,Newark,False,3,4,False,510-791-8566,Alderwood Park,4850,
406,37171 Sycamore Street,Newark,False,3,4,False,800-441-0766,Sycamore Bay,5000,
407,37057 Magnolia Street,,False,3,4,False,510-791-8566,Alderwood Park,4850,2019-03-02
408,921 Fletcher Lane,Hayward,False,3,3,True,510-538-3658,Fletcher Gardens Apartments,4400,
409,27901 Huntwood Avenue # 126,Hayward,True,3,3,True,510-887-1543,Huntwood Commons,4300,
410,26100 Gading Road,,False,3,3,True,510-785-3281,Amberwood Garden Apartments,5150,2019-03-03
411,4656 Quigg Drive,Santa Rosa,False,3,1,False,707-537-9866,Behringer Harvard,5200,
412,6221 Montecito Boulevard,Santa Rosa,False,3,1,False,707-888-5505,Brush Creek Apartments,4150,
413,2001 Range Avenue,Santa Rosa,False,1,1,False,707-578-1150,Coddingtown Mall Apartments,2600,
414,825 Russell Avenue,,False,2,1,True,707-577-0262,Bicentennial Apartments,2800,2019-03-06
415,1546 Maurice Lane,San Jose,False,3,3,True,408-818-0710,888 Golden Saratoga-Cupertino Apartment Homes,4450,
416,1290 San Tomas Aquino Road,San Jose,False,2,3,True,408-984-8888,Aegena,3500,
417,947 Branham Lane # C,San Jose,False,3,3,True,408-265-4808,Almaden Garden Apartments,5150,
418,978 Almaden Lake Drive,San Jose,False,3,3,True,408-323-8020,Almaden Lake Apartments,4050,
419,1585 Marburg Way # 4,San Jose,False,2,3,True,408-926-3999,Ann Darling Apartments,3550,
420,5822 Charlotte Drive,San Jose,False,2,3,True,408-226-5822,Anton La Moraga Apartments,3700,
421,1582 Kooser Road,San Jose,False,3,3,True,408-448-1288,Arbor Apartments,5000,
422,899 North King Road,San Jose,False,3,3,False,408-272-1588,Arbor Park,5250,
423,2760 McKee Road,San Jose,False,3,3,False,408-251-7570,Arbor Terraces,4950,
424,73 North Keeble Avenue,San Jose,True,1,3,False,408-998-7266,Alameda Gardens Apartments,4100,
425,750 North King Road,San Jose,True,1,3,False,408-844-4803,Avenel Apartments,4100,
426,1000 Blossom River Way,San Jose,True,1,3,False,408-979-9442,Blossom River Apartments,3550,
427,220 North White Road,San Jose,True,1,3,True,408-259-0427,Casa Las Palmas,3750,
428,3246 Cortese Circle,San Jose,True,1,3,True,408-729-5173,Country Club Villa Apartments,3550,
429,"2290, 303 Checkers Drive",San Jose,True,1,3,False,408-272-0356,El Rancho Verde Apartments,3700,
430,600 Epic Way,San Jose,True,1,3,False,669-888-1610,Epic,5150,
431,6184 Cottle Road,San Jose,True,1,3,True,408-225-8648,Foothill Apartments,3550,
432,632 North Jackson Avenue # 4,San Jose,True,1,3,True,408-251-6850,Las Casitas Associates,4250,
433,1800 Evans Lane,San Jose,True,1,3,False,408-265-9300,Las Ventanas Apartments,3950,
434,73 North Keeble Avenue,,True,1,3,False,408-998-7266,Alameda Gardens Apartments,4100,2019-03-11
435,201 Harrison Street,San Francisco,False,2,2,True,415-543-1135,Baycrest,2850,
436,1227 Hampshire Street,San Francisco,False,3,2,True,415-285-5966,Betel Apartments,3900,
437,1150 Webster Street,San Francisco,True,2,2,True,415-563-1885,Buchanan Park,4000,
438,530 Carter Street,San Francisco,False,1,2,True,415-584-4800,Carter Terrace,2350,
439,655 John Muir Drive,San Francisco,False,2,2,True,415-239-4745,Lakewood Access Line,3600,
440,835 Turk Street,San Francisco,False,3,2,True,415-922-0111,Vantaggio Suites,4800,
441,49 Gold Mine Drive,San Francisco,False,3,2,True,415-282-1634,Vista Del Monte Apartments,5250,
442,50 Turk Street #37,San Francisco,False,3,2,True,415-685-7045,Winston Arms Apartments,4050,
443,2760 McKee Road,San Jose,False,3,2,True,408-251-7570,Arbor Terraces,4900,
444,1058 South 5th Street,San Jose,False,3,2,True,877-259-1439,Art Ark Apartments,4250,
445,5480 Lean Avenue,San Jose,False,2,2,True,408-840-2195,Blossom Hill Apartments,2750,
446,1000 Blossom River Way,San Jose,False,3,2,True,408-979-9442,Blossom River Apartments,4400,
447,44 North Jackson Avenue # A5,San Jose,False,3,2,True,408-251-4540,Boxer'S Mayfair Village Senior Apartments,3900,
448,416 Boynton Avenue,San Jose,False,2,2,True,408-246-5509,Boynton Brooks Apartments,4000,
449,1405 Phelps Avenue,San Jose,False,2,2,True,408-866-6111,Campbell House Apartments,2800,
450,260 North Capitol Avenue # 109,San Jose,True,2,2,True,408-259-1662,Capitol Avenue Apartments,3100,
451,1585 Marburg Way # 4,San Jose,False,1,2,True,408-926-3999,Ann Darling Apartments,3950,
452,5822 Charlotte Drive,San Jose,True,1,2,True,408-226-5822,Anton La Moraga Apartments,4850,
453,2760 McKee Road,San Jose,False,1,2,True,408-251-7570,Arbor Terraces,4900,
454,1058 South 5th Street,San Jose,False,1,2,True,877-259-1439,Art Ark Apartments,4250,
455,5480 Lean Avenue,San Jose,False,1,2,True,408-840-2195,Blossom Hill Apartments,2750,
456,1000 Blossom River Way,San Jose,False,1,2,True,408-979-9442,Blossom River Apartments,4400,
457,44 North Jackson Avenue # A5,San Jose,False,1,2,True,408-251-4540,Boxer'S Mayfair Village Senior Apartments,3900,
458,416 Boynton Avenue,San Jose,False,1,2,True,408-246-5509,Boynton Brooks Apartments,4000,
459,1405 Phelps Avenue,San Jose,False,1,2,True,408-866-6111,Campbell House Apartments,2800,
460,260 North Capitol Avenue # 109,San Jose,True,1,2,True,408-259-1662,Capitol Avenue Apartments,3100,
461,5822 Charlotte Drive,,True,1,2,True,408-226-5822,Anton La Moraga Apartments,4150,2019-03-02
462,2605 Haste Street,Berkeley,True,1,2,False,510-996-4167,Casa Bonita,2650,
463,1260 Hopkins Street,Berkeley,False,3,2,True,510-526-3267,Hopkins Park Apartments,4950,
464,1425 Oregon Street,Berkeley,True,2,2,True,510-848-8554,Oregon Park Senior Apartments,3850,
465,1615 Russell Street # 101A,Berkeley,False,2,2,True,510-540-0382,Rosewood Manor Apartments,2850,
466,2017 Stuart Street,Berkeley,False,3,2,True,510-841-4595,Savo Island Cooperative Homes,4000,
467,1260 Hopkins Street,,False,3,2,True,510-526-3267,Hopkins Park Apartments,4950,2019-03-11
468,1901 Shore Line Drive,Alameda,False,3,1,False,510-863-1139,1901 Shoreline Apartments,4900,
469,547-549 Buena Vista Avenue,Alameda,True,3,1,True,510-814-1040,Alameda Park Apartments,4300,
470,459 Neptune Gardens Avenue,Alameda,False,3,1,True,510-769-1496,Breakers At Bayport,4850,
471,544 Central Avenue,Alameda,False,1,1,False,510-521-3927,Del Coronado,1800,
472,333 Willow Street # 100,Alameda,False,1,1,True,510-522-5300,Franciscan Apartments,2800,
473,559 Buena Vista Avenue,Alameda,False,1,1,True,510-521-2697,Garden Court Apartments,2550,
474,564 Central Avenue,Alameda,False,1,1,True,510-865-1139,Marine View Apartments,2400,
475,2149 Otis Drive,Alameda,False,1,1,False,510-522-1615,Otis Terrace Apartments,1900,
476,1901 Shore Line Drive,,False,3,1,False,510-863-1139,1901 Shoreline Apartments,4050,2019-03-03
477,135 Freeway Drive,Napa,True,2,1,False,707-253-8954,Bristol Apartments,3950,
478,234 Soscol Avenue,Napa,False,3,1,True,707-258-1370,Cadillac Flats Apartments,5200,
479,3025 Browns Valley Road,Napa,False,3,1,False,707-257-2051,Charter Oaks Apartments,4700,
480,601 River Glen Drive,Napa,False,2,1,True,707-253-0288,Glen View Apartments,3500,
481,3663 Solano Avenue,Napa,False,2,1,False,707-266-6934,Hawthorn Village,4000,
482,613 Cabot Way,Napa,True,3,1,False,707-265-9373,Marina Park Townhomes,5100,
483,790 Lincoln Avenue,Napa,True,1,1,True,707-255-3119,Napa Park Homes,1600,
484,2020 Kathleen Drive,Napa,False,3,1,False,707-255-0507,Olive Tree Apartments,4000,
485,2052 Wilkins Avenue,Napa,False,1,1,True,707-224-4877,Park Sienna Apartments,2500,
486,2211 Marin Street,Napa,False,2,1,False,707-927-5105,Rose Garden Apartments,3150,
487,135 Freeway Drive,,True,2,1,False,707-253-8954,Bristol Apartments,3950,2019-03-06
488,5 Hutchins Way,Novato,False,2,1,True,415-382-0801,Bay Vista,2950,
489,1518 Hill Road,Novato,False,3,1,True,415-897-0311,Hill Valley Apartments,4950,
490,450 Entrada Drive,Novato,False,2,1,True,415-883-9600,La Casa Novato Apartments,2850,
491,1515 Novato Boulevard # 29,Novato,False,1,1,True,415-897-0323,Otavon Apartments,1600,
492,707 Continental Circle,Mountain View,False,2,1,True,833-278-0054,Americana,3950,
493,2290 California Street,Mountain View,False,2,1,True,650-965-8290,Arbors At Mountain View,4100,
494,1335 Montecito Avenue # 1,Mountain View,False,2,1,True,650-940-1909,Barkley Square Apartments,4950,
495,302 Easy Street,Mountain View,False,2,1,True,650-968-3830,Chateau Apartments,4000,
496,210 Easy Street,Mountain View,False,2,1,True,650-961-2975,Fernmar Apartments,4950,
497,1571 West El Camino Real,Mountain View,False,2,1,True,650-969-9800,Hidden Garden Apartments,4700,
498,234 Escuela Avenue,Mountain View,False,2,1,True,844-828-9650,Highland Gardens Apartments,4900,
499,1970 Latham Street,Mountain View,True,2,1,True,650-961-6135,Latham Court Apartments,3650,
500,1140 Castro Street # 25,Mountain View,False,2,1,True,650-961-6663,Miramonte Gardens,4200,
501,870 East El Camino Real,Mountain View,True,2,1,True,650-967-1424,Reserve At Mountain View Apartments,4700,
502,707 Continental Circle,,False,2,1,True,833-278-0054,Americana,3950,2019-03-13
503,1001 Beethoven Common,Fremont,False,3,3,False,510-797-1800,Alborada Apartments,5100,
504,34050 Westchester Terrace,Fremont,False,3,3,False,510-794-9981,Amber Court,4300,
505,3500 Pennsylvania Avenue # 101,Fremont,True,3,3,False,510-943-8264,Birchwood Apartments,4700,
506,36163 Fremont Boulevard,Fremont,False,2,3,False,510-793-1621,Brookvale Chateau,3600,
507,41299 Paseo Padre Parkway,Fremont,True,3,3,False,510-651-1040,Century Village Apartments,4100,
508,39438 Stratton Common,Fremont,False,3,3,False,510-490-0371,Crossroads Village Apartments,4400,
509,4261 Stevenson Boulevard,Fremont,False,3,3,False,510-656-8201,Fremont Manor,5050,
510,3500 Pennsylvania Avenue # 101,,True,3,3,False,510-943-8264,Birchwood Apartments,4700,2019-03-12
511,220 North White Road,San Jose,True,1,1,True,408-259-0427,Casa Las Palmas,2850,
512,3246 Cortese Circle,San Jose,True,2,1,True,408-729-5173,Country Club Villa Apartments,3550,
513,6184 Cottle Road,San Jose,True,2,1,True,408-225-8648,Foothill Apartments,3550,
514,632 North Jackson Avenue # 4,San Jose,True,3,1,True,408-251-6850,Las Casitas Associates,4250,
515,560 Menker Avenue # A,San Jose,True,2,1,True,408-287-8804,Menclair Apartments,3600,
516,4668 Albany Drive,San Jose,True,3,1,True,408-248-0800,San Jose Gardens,4800,
517,385 River Oaks Parkway,San Jose,True,2,1,True,408-325-7100,Verona At Crescent Village,4050,
518,7250 Blue Hill Drive,San Jose,True,1,1,True,408-899-6790,Villa Collina Apartments,2300,
519,5404 Drysdale Drive,San Jose,True,2,1,True,408-816-2279,Village Green Apartments,3500,
520,5480 Lean Avenue,,True,2,1,True,408-840-2195,Blossom Hill Apartments,2700,2019-03-02
521,4200 Appian Way,El Sobrante,False,1,2,True,510-669-1325,Courtyard Terrace,4100,
522,4350 San Pablo Dam Road #8,El Sobrante,False,1,2,True,510-222-2390,Courtyard Villa Apartments,4150,
523,4230 San Pablo Dam Road # B16,El Sobrante,False,1,2,True,510-223-4061,Redwood Manor Apartments,2700,
524,3535 El Portal Drive,El Sobrante,False,1,2,True,510-222-8623,Solace Apartment Homes,2300,
525,4200 Appian Way,,False,1,2,True,510-669-1325,Courtyard Terrace,4100,2019-03-13
526,2225 Sharon Road,Menlo Park,False,3,1,False,650-854-8661,Country Sharon Apartments,5250,
527,1028 Middle Avenue,Menlo Park,True,3,1,False,650-325-2411,Middle Park Apartments,4800,
528,3455 Alameda de las Pulgas apt2,Menlo Park,False,2,1,False,650-321-2701,Pines Apartments,3250,
529,600 Sharon Park Drive,Menlo Park,False,1,1,False,650-854-2651,Seven Oaks Apartments,2300,
530,350 Sharon Park Drive,Menlo Park,False,1,1,True,650-203-2697,Sharon Green Apartments,1800,
531,565 Willow Road # 24,Menlo Park,False,1,1,True,650-325-9389,Willow Manor,2750,
532,2225 Sharon Road,,False,1,1,False,650-854-8661,Country Sharon Apartments,1700,2019-03-03
533,1435 163rd Avenue #23,San Leandro,False,2,3,True,510-317-5914,Alderwood Apartments,3700,
534,13949 Doolittle Drive,San Leandro,True,2,3,True,510-352-8728,Bermuda-Trinidad Apartments,4000,
535,14665 Washington Avenue,San Leandro,True,2,3,True,510-483-3707,Eden Roc Apartments,3600,
536,888 Davis Street,San Leandro,False,3,3,True,510-562-5121,Gateway Apartments,5000,
537,4170 Springlake Drive,San Leandro,False,3,3,True,510-352-5900,Lakeside,5250,
538,153 Haas Avenue # A,San Leandro,False,2,3,True,510-638-4476,Linvale Townhomes,3800,
539,2777 Marina Boulevard,San Leandro,True,3,3,True,510-352-4659,Marina Plaza Apartments,4900,
540,1275 Pacific Avenue # 8,San Leandro,False,3,3,True,510-636-9727,Pacific Apartments,5150,
541,900 143rd Avenue,San Leandro,False,2,3,True,510-898-6076,Parkside Commons Apartments,3500,
542,235 Haas Avenue,San Leandro,False,2,3,True,510-569-5919,Woodside Apartments,3900,
543,13949 Doolittle Drive,,True,2,3,True,510-352-8728,Bermuda-Trinidad Apartments,4000,2019-03-03
544,2290 California Street,Mountain View,False,1,1,True,650-965-8290,Arbors At Mountain View,1900,
545,1335 Montecito Avenue # 1,Mountain View,False,3,1,True,650-940-1909,Barkley Square Apartments,4950,
546,1265 Montecito Avenue,Mountain View,False,3,1,False,650-940-9349,Brookside Gardens,3900,
547,200 East Dana Street,Mountain View,False,1,1,False,650-967-3870,Dana Garden Apartments,1600,
548,1240 Dale Avenue #6,Mountain View,False,3,1,False,650-961-6811,Delmonico Apartments,4900,
549,305 Easy Street,Mountain View,False,1,1,False,650-218-6577,Eldorado Apartments,2450,
550,210 Easy Street,Mountain View,False,3,1,True,650-961-2975,Fernmar Apartments,4950,
551,439 Del Medio Avenue,Mountain View,False,2,1,False,650-948-6826,Franciscan Apartments,4050,
552,2290 California Street,,False,3,1,True,650-965-8290,Arbors At Mountain View,4100,2019-03-10
553,1001 Beethoven Common,,False,3,3,False,510-797-1800,Alborada Apartments,5100,2019-03-08
554,624 Avalon Avenue,Santa Rosa,False,2,3,True,707-620-5076,Avalon Apartments,3550,
555,4656 Quigg Drive,Santa Rosa,False,3,3,False,707-537-9866,Behringer Harvard,5200,
556,3329 Claremont Court,Santa Rosa,True,3,3,True,707-578-1313,Brookside East Apartments,4100,
557,6221 Montecito Boulevard,Santa Rosa,False,3,3,False,707-888-5505,Brush Creek Apartments,4150,
558,850 Russell Avenue,Santa Rosa,False,3,3,True,707-542-2883,Del Nido Apartments,3950,
559,2322 Maher Drive #5,Santa Rosa,False,2,3,True,707-542-2004,Fairway Arms Apartments,3800,
560,6401 Montecito Boulevard # 29,Santa Rosa,False,3,3,True,707-539-6148,Garden Court Apartments,5100,
561,1163 Hopper Avenue,Santa Rosa,False,3,3,False,707-526-9675,Hopper Lane Apartments,4050,
562,2315 Lomitas Avenue # 103,Santa Rosa,False,3,3,False,707-528-9077,Marketplace Apartments,5000,
563,3076 Marlow Road,Santa Rosa,True,3,3,True,707-579-5081,Marlow Apartments,4300,
564,624 Avalon Avenue,,False,2,3,True,707-620-5076,Avalon Apartments,3550,2019-03-03
565,1275 Central Boulevard,Brentwood,False,3,3,False,925-513-1110,Avery At Towncentre,4700,
566,180 Sycamore Avenue,Brentwood,True,3,3,False,925-634-8374,Brentwood Parks Apartments,4000,
567,161 Sycamore Avenue,Brentwood,False,2,3,False,925-634-1390,Sycamore Place 2,4050,
568,2101 Sand Creek Road,Brentwood,False,3,3,False,925-516-0260,Villa Amador Apartments,4750,
569,100 Village Drive,Brentwood,True,3,3,True,925-634-4561,Village Parks Apartments,4350,
570,180 Sycamore Avenue,,True,3,3,False,925-634-8374,Brentwood Parks Apartments,4000,2019-03-07
571,1290 San Tomas Aquino Road,,True,3,3,False,408-984-8888,Aegena,4100,2019-03-14
572,17055 Creekside Cir,Morgan Hill,False,3,1,False,408-778-1482,Creekside Village,4100,
573,16530 Monterey Road,Morgan Hill,False,3,1,False,408-779-1004,Jasmine Square Apartments,4100,
574,15927 Village Way,Morgan Hill,False,2,1,False,316-200-5126,La Crosse Village Apartments,3900,
575,782 San Pedro Lane,Morgan Hill,False,2,1,False,408-779-4465,Las Casas De San Pedro Apartments,2800,
576,16945 Del Monte Avenue,Morgan Hill,True,3,1,True,408-779-8986,Monte Vista At Morgan Hill,4900,
577,18300 Carriage Drive,Morgan Hill,False,1,1,False,408-779-9325,Quail Ridge Apartments,2750,
578,260 Berry Court # 14,Morgan Hill,False,3,1,False,408-776-9877,Villa Teresa Apartments,4250,
579,16480 Del Monte Avenue,Morgan Hill,False,1,1,True,408-779-4361,Village Avante,1950,
580,17055 Creekside Cir,,False,3,1,False,408-778-1482,Creekside Village,4100,2019-03-06
581,1001 Beethoven Common,Fremont,False,1,2,False,510-797-1800,Alborada Apartments,5100,
582,4445 Stevenson Boulevard,Fremont,True,1,2,False,510-657-1133,Americana Apartments,3100,
583,3500 Pennsylvania Avenue # 101,Fremont,True,1,2,False,510-943-8264,Birchwood Apartments,4700,
584,4200 Bay Street,Fremont,True,1,2,False,510-455-8813,Briarwood At Central Park,2950,
585,36163 Fremont Boulevard,Fremont,False,1,2,False,510-793-1621,Brookvale Chateau,3600,
586,4101 Eggers Drive # 16,Fremont,False,1,2,True,510-796-4064,Case Verde Apartment,3200,
587,41299 Paseo Padre Parkway,Fremont,True,1,2,False,510-651-1040,Century Village Apartments,4100,
588,1001 Beethoven Common,,False,1,2,False,510-797-1800,Alborada Apartments,5100,2019-03-08
589,20667 Forge Way,Cupertino,False,3,4,False,408-739-0870,Forge Homestead Apartments,4800,
590,10200 Miller Avenue,Cupertino,False,3,4,False,408-446-9898,Gardens Of Fontainbleu Apartments,4950,
591,19920 Olivewood Street,Cupertino,False,3,4,True,408-457-8106,Pointe At Cupertino,5000,
592,19500 Pruneridge Avenue,Cupertino,False,3,4,True,866-628-5690,The Hamptons Apartment Homes,4800,
593,20800 Homestead Road,Cupertino,False,3,4,True,866-495-1855,The Markham Apartments,4850,
594,19920 Olivewood Street,,False,3,4,True,408-457-8106,Pointe At Cupertino,5000,2019-03-08
595,2000 Clay Bank Road,Fairfield,False,2,3,True,707-881-7063,Avery Park Apartments,3700,
596,2780 North Texas Street,Fairfield,False,3,3,False,707-896-4168,Bennington Apartments,5050,
597,2751 Peppertree Drive,Fairfield,False,3,3,False,707-366-0839,Berkshire Laurel Creek,4900,
598,1890 Dover Avenue,Fairfield,False,3,3,False,707-422-9630,Birchwood Apartments,4700,
599,320 East Tabor Avenue,Fairfield,True,3,3,True,707-422-2850,Blue Sky Apartments,5000,
600,1700 East Tabor Avenue # A3,Fairfield,True,3,3,True,707-429-5426,Country Club Apartments,5200,
601,1917 Grande Circle,Fairfield,False,3,3,False,707-434-8983,Fairfield Heights,4400,
602,201 Pennsylvania Avenue,Fairfield,False,3,3,True,707-421-2155,Fairfield Vista Apartments,4050,
603,201 East Alaska Avenue,Fairfield,False,3,3,False,707-425-7037,Laurel Gardens Apartments,4450,
604,2800 Dover Avenue,Fairfield,False,2,3,False,707-426-0265,Paradise Valley Apartments,3750,
605,2780 North Texas Street,,False,3,3,False,707-896-4168,Bennington Apartments,5050,2019-03-12
606,19608 Pruneridge Avenue,Cupertino,False,2,1,True,408-873-9090,Arioso Apartments,2950,
607,20667 Forge Way,Cupertino,False,2,1,True,408-739-0870,Forge Homestead Apartments,3150,
608,10200 Miller Avenue,Cupertino,True,2,1,True,408-446-9898,Gardens Of Fontainbleu Apartments,3250,
609,19920 Olivewood Street,Cupertino,False,1,1,False,408-457-8106,Pointe At Cupertino,1500,
610,175 Calvert Drive,Cupertino,False,3,1,False,408-627-8259,Sage At Cupertino,4350,
611,19500 Pruneridge Avenue,Cupertino,False,1,1,True,866-628-5690,The Hamptons Apartment Homes,1500,
612,20800 Homestead Road,Cupertino,False,2,1,True,866-495-1855,The Markham Apartments,3950,
613,19608 Pruneridge Avenue,,False,2,1,True,408-873-9090,Arioso Apartments,3600,2019-03-08
614,624 Avalon Avenue,Santa Rosa,False,2,2,True,707-620-5076,Avalon Apartments,3550,
615,825 Russell Avenue,Santa Rosa,False,2,2,True,707-577-0262,Bicentennial Apartments,2800,
616,3329 Claremont Court,Santa Rosa,True,2,2,True,707-578-1313,Brookside East Apartments,2950,
617,2807 Yulupa Avenue,Santa Rosa,False,2,2,True,707-527-0128,Country Club Apartments,3250,
618,850 Russell Avenue,Santa Rosa,False,2,2,True,707-542-2883,Del Nido Apartments,3950,
619,2322 Maher Drive #5,Santa Rosa,False,2,2,True,707-542-2004,Fairway Arms Apartments,2750,
620,6401 Montecito Boulevard # 29,Santa Rosa,False,2,2,True,707-539-6148,Garden Court Apartments,5100,
621,3076 Marlow Road,Santa Rosa,True,2,2,True,707-579-5081,Marlow Apartments,4300,
622,"Leasing Office, 6600 Montecito Boulevard",Santa Rosa,False,2,2,True,707-538-1516,Montecito Pines Apartments,3150,
623,1521 Range Avenue # 5,Santa Rosa,True,2,2,True,833-336-3062,Oaks Apartments,2750,
624,624 Avalon Avenue,,False,2,2,True,707-620-5076,Avalon Apartments,3550,2019-03-03
625,1400 A Street,Antioch,False,2,3,True,925-706-0874,Antioch Rivertown Senior Housing,4050,
626,4900 Canada Valley Road,Antioch,False,3,3,True,925-754-2900,Bella Rose Apartments,4050,
627,1600 Buchanan Road,Antioch,False,3,3,True,925-750-8811,Buchanan Gardens,4250,
628,5100 Vista Grande Dr,Antioch,False,2,3,True,925-755-4141,Cross Pointe,3650,
629,3001 Kodiak Street,Antioch,False,3,3,True,925-754-3733,Hillcrest View Apartments,5250,
630,1015 Fitzuren Road #7,Antioch,False,2,3,True,925-978-9772,Magnolia Apartments,3500,
631,2201 San Jose Drive,Antioch,True,3,3,True,925-779-9999,Runaway Bay,4450,
632,4900 Canada Valley Road,Antioch,False,2,3,True,925-754-2900,Bella Rose Apartments,4050,
633,1600 Buchanan Road,Antioch,False,2,3,True,925-750-8811,Buchanan Gardens,4250,
634,3001 Kodiak Street,Antioch,False,2,3,True,925-754-3733,Hillcrest View Apartments,5250,
635,2201 San Jose Drive,Antioch,True,2,3,True,925-779-9999,Runaway Bay,4450,
636,1600 Buchanan Road,,False,2,3,True,925-750-8811,Buchanan Gardens,4000,2019-03-02
637,1688 Clayton Road,Concord,False,3,3,False,925-671-3845,City Walk Apartment Homes,5150,
638,5255 Clayton Road,Concord,False,3,3,True,855-957-1118,Clayton Creek Apartments,3950,
639,3066 Willow Pass Road,Concord,True,3,3,True,925-691-5974,Kona Kai Village Apartments,4350,
640,1530 Ellis Street,Concord,False,3,3,True,925-521-8333,Lakeshore Apartments,4350,
641,1411 Monument Boulevard,Concord,False,3,3,True,925-827-1836,Monterrey Club Apartments,3900,
642,3420 Willow Pass Road,Concord,True,3,3,True,925-825-5958,Palm Court Apartment,4200,
643,2925 Monument Boulevard,Concord,False,3,3,True,925-685-4246,Palm Terrace Concord,4050,
644,1650 Pine Street,Concord,True,3,3,True,855-273-4847,Park Haven Apartments,3950,
645,1160 Meadow Lane,Concord,False,3,3,True,855-289-4212,Pine Meadows Apartments,5000,
646,1500 Pine Street # 78,Concord,False,3,3,True,925-827-1700,Pine Terrace Apartments,4400,
647,1688 Clayton Road,,False,3,3,False,925-671-3845,City Walk Apartment Homes,5150,2019-03-10
648,707 Continental Circle,Mountain View,False,2,1,False,833-278-0054,Americana,2700,
649,2290 California Street,Mountain View,True,3,1,True,650-965-8290,Arbors At Mountain View,5100,
650,1335 Montecito Avenue # 1,Mountain View,False,3,1,True,650-940-1909,Barkley Square Apartments,5200,
651,1265 Montecito Avenue,Mountain View,True,3,1,False,650-940-9349,Brookside Gardens,4250,
652,200 East Dana Street,Mountain View,True,2,1,False,650-967-3870,Dana Garden Apartments,2800,
653,1240 Dale Avenue #6,Mountain View,False,3,1,False,650-961-6811,Delmonico Apartments,5250,
654,305 Easy Street,Mountain View,False,1,1,False,650-218-6577,Eldorado Apartments,2050,
655,439 Del Medio Avenue,Mountain View,False,2,1,False,650-948-6826,Franciscan Apartments,3250,
656,1335 Montecito Avenue # 1,,False,3,1,True,650-940-1909,Barkley Square Apartments,5200,2019-03-14
657,31755 Alvarado Boulevard,Union City,True,3,2,False,510-471-1272,Adrienne Village Apartments,4950,
658,33300 Mission Boulevard,Union City,True,2,2,False,510-489-0546,Dry Creek Apartments,3200,
659,1501 Decoto Road,Union City,False,2,2,False,510-487-2733,Parkside Apartments,3550,
660,34655 Skylark Drive,Union City,False,2,2,True,510-489-7431,Skylark Apartments,3050,
661,3900 Horner Street,Union City,False,2,2,True,510-489-2220,Summerhill Place Apartments,2950,
662,33 Union Square,Union City,False,1,2,False,510-475-7575,Verandas,2750,
663,31755 Alvarado Boulevard,,True,1,2,False,510-471-1272,Adrienne Village Apartments,2350,2019-03-14
664,849 West Orange Avenue,South San Francisco,False,1,1,False,650-583-7538,Club View Apartments,2300,
665,208 Holly Avenue # 1,South San Francisco,False,1,1,True,650-583-9275,Fernmar Apartments North,2600,
666,99 Oak Avenue # 201,South San Francisco,False,2,1,True,650-952-3727,Grand Oak Apartments,3500,
667,1565 El Camino Real,South San Francisco,True,2,1,True,650-616-4570,Greenridge Apartments,3250,
668,800 Memorial Drive,South San Francisco,False,1,1,False,650-588-1009,Park Lane Apartments,1950,
669,3880 Callan Boulevard,South San Francisco,True,1,1,True,650-278-4660,Skyline View Apartments,2300,
670,358 Alida Way # 9,South San Francisco,False,3,1,True,650-589-6721,South Country Club Apartments,5150,
671,99 Oak Avenue # 201,South San Francisco,False,1,1,True,650-952-3727,Grand Oak Apartments,3500,
672,1565 El Camino Real,South San Francisco,True,1,1,True,650-616-4570,Greenridge Apartments,3250,
673,358 Alida Way # 9,South San Francisco,False,1,1,True,650-589-6721,South Country Club Apartments,5150,
674,99 Oak Avenue # 201,,False,1,1,True,650-952-3727,Grand Oak Apartments,2700,2019-03-12
675,1441 Casa Buena Drive,Corte Madera,False,3,2,False,415-945-9636,Parc Marin Apartments,4400,
676,1441 Casa Buena Drive,,False,2,2,False,415-945-9636,Parc Marin Apartments,2900,2019-03-03
677,5255 Clayton Road,Concord,False,1,2,True,855-957-1118,Clayton Creek Apartments,3950,
678,4902 Clayton Road,Concord,False,1,2,True,925-405-6881,Diablo Terrace Apartments,3150,
679,1032 Mohr Lane,Concord,False,1,2,True,925-687-8460,Hidden Creek Town Homes,3200,
680,3066 Willow Pass Road,Concord,True,1,2,True,925-691-5974,Kona Kai Village Apartments,4350,
681,1500 Ellis Street,Concord,False,1,2,True,925-680-5250,Lakeshore Apartment Homes,4000,
682,1530 Ellis Street,Concord,False,1,2,True,925-521-8333,Lakeshore Apartments,4350,
683,1411 Monument Boulevard,Concord,False,1,2,True,925-827-1836,Monterrey Club Apartments,3900,
684,1220 Monument Boulevard,Concord,False,1,2,True,925-676-8550,Mountain View Apartments,3050,
685,3420 Willow Pass Road,Concord,True,1,2,True,925-825-5958,Palm Court Apartment,4200,
686,3620 Clayton Road # 101,,False,1,2,True,925-682-9661,Greentree Terrace Apartments,4050,2019-03-09
687,1058 South 5th Street,San Jose,False,3,3,False,877-259-1439,Art Ark Apartments,4100,
688,4748 West Campbell Avenue,San Jose,False,3,3,True,408-379-8440,Baker Park Apartments,4950,
689,947 Branham Lane # C,,False,3,3,True,408-265-4808,Almaden Garden Apartments,5150,2019-03-07
690,1000 Kiely Boulevard,Santa Clara,True,2,1,False,669-206-0300,1000 Kiely,4850,
691,900 Pepper Tree Lane,Santa Clara,True,2,1,False,866-472-2645,Alderwood Apartments,3900,
692,1500 Vista Club Circle,Santa Clara,False,2,1,False,408-827-1770,Bella Vista Apartments,2750,
693,3770 Flora Vista Avenue,Santa Clara,False,2,1,False,888-743-1851,Boardwalk Apartments,3600,
694,3440 Warburton Avenue,Santa Clara,False,2,1,False,408-248-5766,Briarwood Garden Apartments,4000,
695,1655 Pomeroy Avenue,Santa Clara,False,2,1,False,408-241-6308,Carriage House Apartments,4700,
696,3600-3616 Flora Vista Avenue,Santa Clara,False,2,1,False,408-261-2252,Catalina Apartments,3900,
697,1495 Don Avenue,Santa Clara,True,2,1,True,408-713-6428,Civic Plaza Apartments,4250,
698,1000 Kiely Boulevard,Santa Clara,False,2,1,False,408-247-6228,Family Tree Apartments,4750,
699,3375 Homestead Road,Santa Clara,False,2,1,False,408-984-0244,Hidden Lake,3500,
700,1000 Kiely Boulevard,,True,2,1,False,669-206-0300,1000 Kiely,4250,2019-03-12
701,1501 Alamo Drive,Vacaville,False,1,1,False,707-448-3848,Alamo Garden Apartments,2550,
702,199 Aegean Way,Vacaville,False,1,1,False,707-448-7056,Meadowood Apartments,2300,
703,6801 Leisure Town Road,Vacaville,False,3,1,True,833-215-3663,North Pointe,5100,
704,209 Aegean Way,Vacaville,False,2,1,False,707-447-3577,Quail Run Apartment Community,3100,
705,1101 Farmington Drive,Vacaville,False,1,1,False,707-446-3152,River Run Apartments,2400,
706,1717 California Drive,Vacaville,True,3,1,False,707-448-7036,Rose Garden Senior Apartments,4750,
707,1101 Burton Drive,Vacaville,True,3,1,False,707-451-7400,Saratoga Senior Apartments,5200,
708,293 Shasta Drive,Vacaville,False,1,1,True,707-447-3651,Shasta Terrace,2000,
709,100 Summerfield Drive,Vacaville,False,1,1,True,707-447-0514,Summerfield Apartments,2650,
710,1300 Burton Drive,Vacaville,False,1,1,False,707-447-2500,The Commons Apartments,1850,
711,1501 Alamo Drive,Vacaville,False,2,1,False,707-448-3848,Alamo Garden Apartments,3850,
712,199 Aegean Way,Vacaville,False,2,1,False,707-448-7056,Meadowood Apartments,5100,
713,6801 Leisure Town Road,Vacaville,False,2,1,True,833-215-3663,North Pointe,5100,
714,1717 California Drive,Vacaville,True,2,1,False,707-448-7036,Rose Garden Senior Apartments,4750,
715,1101 Burton Drive,Vacaville,True,2,1,False,707-451-7400,Saratoga Senior Apartments,5200,
716,293 Shasta Drive,Vacaville,False,2,1,True,707-447-3651,Shasta Terrace,4000,
717,1300 Burton Drive,Vacaville,False,2,1,False,707-447-2500,The Commons Apartments,4950,
718,555 Elmira Road,Vacaville,False,2,1,True,707-271-0084,The Parc,4300,
719,199 Aegean Way,,False,2,1,False,707-448-7056,Meadowood Apartments,5100,2019-03-11
720,42 Charles Street,Cotati,False,2,3,True,707-795-3722,Charles Street Village,4400,
721,539 West Sierra Avenue # 1,Cotati,False,2,3,True,707-664-0811,Vineyard Meadows Apartments,4150,
722,160 Wilford Lane,Cotati,False,2,3,True,707-793-8454,Wilford Lane Apartments,4700,
723,42 Charles Street,Cotati,False,2,4,True,707-795-3722,Charles Street Village,4800,
724,160 Wilford Lane,,False,2,4,True,707-793-8454,Wilford Lane Apartments,4700,2019-03-12
725,37057 Magnolia Street,Newark,False,1,2,True,510-791-8566,Alderwood Park,2650,
726,35750 Bettencourt Street # 86,Newark,False,3,2,True,510-791-1266,Meadow Apartments,3950,
727,37171 Sycamore Street,Newark,False,3,2,True,800-441-0766,Sycamore Bay,3950,
728,37155 Magnolia Street,Newark,False,2,2,True,855-223-7366,Valencia Townhomes,2950,
729,37057 Magnolia Street,,False,1,2,True,510-791-8566,Alderwood Park,2650,2019-03-01
730,755 East Capitol Avenue,Milpitas,False,1,1,False,408-586-9001,Crossing At Montague Apartments,2900,
731,231 Dixon Landing Road,Milpitas,True,1,1,False,408-262-3223,Spinnaker Pointe Apartments,4450,
732,133 North Temple Drive,Milpitas,True,1,1,False,408-262-2245,Spring Valley Apartments,2300,
733,1724 Sunnyhills Court,Milpitas,False,1,1,True,408-263-2626,Sunnyhills Apartments,2800,
734,186 Beresford Court,Milpitas,True,1,1,True,408-946-9034,Terrace Gardens,5050,
735,755 East Capitol Avenue,,False,1,1,False,408-586-9001,Crossing At Montague Apartments,2900,2019-03-05
736,1290 San Tomas Aquino Road,,True,3,1,False,408-984-8888,Aegena,4900,2019-03-01
737,201 Harrison Street,San Francisco,False,2,1,True,415-543-1135,Baycrest,2850,
738,1227 Hampshire Street,San Francisco,False,3,1,True,415-285-5966,Betel Apartments,3900,
739,1150 Webster Street,San Francisco,True,2,1,True,415-563-1885,Buchanan Park,4000,
740,530 Carter Street,San Francisco,False,1,1,True,415-584-4800,Carter Terrace,2350,
741,900 Chestnut Street # 102,San Francisco,False,2,1,False,415-441-5668,Chestnut Place,3700,
742,420 Berry Street,San Francisco,False,1,1,False,415-371-0012,Crescent Cove,2600,
743,296A Addison Street,San Francisco,False,1,1,False,415-334-2698,Diamond View Apartments,2400,
744,1820 Post Street,San Francisco,False,1,1,False,415-921-3469,Golden Gate Apartments,2450,
745,655 John Muir Drive,San Francisco,False,2,1,True,415-239-4745,Lakewood Access Line,3600,
746,511 John Muir Drive,San Francisco,False,3,1,False,415-859-9384,Lakewood Apartments,5150,
747,835 Turk Street,San Francisco,False,3,1,True,415-922-0111,Vantaggio Suites,4800,
748,49 Gold Mine Drive,San Francisco,False,3,1,True,415-282-1634,Vista Del Monte Apartments,5250,
749,1227 Hampshire Street,,False,1,1,True,415-285-5966,Betel Apartments,2650,2019-03-10
750,1000 Kiely Boulevard,Santa Clara,True,3,2,False,669-206-0300,1000 Kiely,4850,
751,900 Pepper Tree Lane,Santa Clara,True,3,2,False,866-472-2645,Alderwood Apartments,3900,
752,1495 Don Avenue,Santa Clara,True,3,2,True,408-713-6428,Civic Plaza Apartments,4250,
753,3131 Homestead Road,Santa Clara,True,3,2,True,408-244-6715,Laguna Clara Apartments,5050,
754,3600 Benton Street # 5,Santa Clara,True,2,2,False,408-241-4073,Laurelwood Apartments,3600,
755,440 North Winchester Boulevard,Santa Clara,True,3,2,True,408-498-5769,Le Parc Apartments,5150,
756,1600 Nantucket Circle,Santa Clara,True,2,2,False,408-565-9960,Nantucket Apartments,2950,
757,101 Saratoga Avenue,Santa Clara,True,1,2,False,866-913-4881,Orchard Glen Apartments,2600,
758,2150 Tasman Drive,Santa Clara,True,3,2,True,408-492-9944,Riverwood Grove,5100,
759,2147 Newhall Street,Santa Clara,True,2,2,True,866-766-7495,Timberleaf Apartments,3800,
760,1000 Kiely Boulevard,Santa Clara,True,3,1,False,669-206-0300,1000 Kiely,4850,
761,900 Pepper Tree Lane,Santa Clara,True,3,1,False,866-472-2645,Alderwood Apartments,3900,
762,1495 Don Avenue,Santa Clara,True,3,1,True,408-713-6428,Civic Plaza Apartments,4250,
763,3131 Homestead Road,Santa Clara,True,1,1,True,408-244-6715,Laguna Clara Apartments,1900,
764,3600 Benton Street # 5,Santa Clara,True,2,1,False,408-241-4073,Laurelwood Apartments,3600,
765,440 North Winchester Boulevard,Santa Clara,True,3,1,True,408-498-5769,Le Parc Apartments,5150,
766,1600 Nantucket Circle,Santa Clara,True,1,1,False,408-565-9960,Nantucket Apartments,1600,
767,101 Saratoga Avenue,Santa Clara,True,1,1,False,866-913-4881,Orchard Glen Apartments,2600,
768,2150 Tasman Drive,Santa Clara,True,3,1,True,408-492-9944,Riverwood Grove,5100,
769,900 Pepper Tree Lane,,True,3,1,False,866-472-2645,Alderwood Apartments,3900,2019-03-07
770,718 Old San Francisco Road,Sunnyvale,True,3,2,True,408-736-1600,Renaissance Apartment Homes,3950,
771,959 Stewart Drive,Sunnyvale,True,3,2,True,866-492-4478,Stewart Village Apartment Homes,5200,
772,718 Old San Francisco Road,,True,3,2,True,408-736-1600,Renaissance Apartment Homes,3900,2019-03-07
773,1445 Treat Boulevard,Walnut Creek,False,1,2,True,925-943-7977,Archstone Walnut Creek,4700,
774,1195 Saranap Avenue # 14,Walnut Creek,False,1,2,True,925-937-1324,Birchwood Apartments,3000,
775,1357 Creekside Drive,Walnut Creek,False,1,2,True,925-947-0844,Four Seasons Apartments,3500,
776,3055 North Main Street,Walnut Creek,False,1,2,True,855-388-5520,Kingston Place Apartments,2600,
777,1200 Newell Hill Place,Walnut Creek,False,1,2,True,925-934-1117,Newell Vista Apartments,4350,
778,1595 Sunnyvale Avenue #1,Walnut Creek,True,1,2,True,925-937-1595,Walnut Creek Apartments,2400,
779,1755 Trinity Avenue # 1,Walnut Creek,False,1,2,True,925-935-6956,Walnut Hill Apartments,4400,
780,1195 Saranap Avenue # 14,,False,1,2,True,925-937-1324,Birchwood Apartments,3950,2019-03-10
781,2000 Shoreline Loop,San Ramon,False,3,2,False,925-307-7099,Bel Air,5150,
782,4000 Bollinger Crest Common,San Ramon,True,3,2,True,925-820-2828,Bollinger Crest Apartments,4350,
783,1000 Canyon Village Circle,San Ramon,False,3,2,True,925-820-8385,Canyon Creek Apartments,3950,
784,1 Amberstone Lane,San Ramon,False,1,2,False,925-307-7151,Canyon Oaks,2750,
785,1700 Promontory Lane,San Ramon,False,3,2,True,925-307-7143,Crow Canyon,4900,
786,9200 Alcosta Boulevard,San Ramon,False,1,2,False,925-828-3060,Fairway Village Apartments,2700,
787,500 Copperset Road,San Ramon,True,3,2,True,925-968-1175,Falcon Bridge,4000,
788,1110 Harness Drive,San Ramon,False,2,2,True,925-307-7105,Foothill - Twin Creeks,3100,
789,2100 Waterstone Place,San Ramon,False,3,2,True,925-307-7005,Mill Creek,4050,
790,1108 Crestfield Drive,San Ramon,False,3,2,True,925-314-8034,Muirlands At Windemere Apartments,4700,
791,2000 Shoreline Loop,,False,3,2,False,925-307-7099,Bel Air,5150,2019-03-03
792,296A Addison Street,San Francisco,False,3,4,False,415-334-2698,Diamond View Apartments,5000,
793,511 John Muir Drive,San Francisco,False,3,4,False,415-859-9384,Lakewood Apartments,5150,
794,474 Valencia Street # 280,San Francisco,False,3,4,False,415-864-6432,Mission Housing Development Corporation,5200,
795,140 Cashmere Street,San Francisco,True,3,4,False,415-821-7440,Ridgeview Terrace Townhouses,4900,
796,835 Turk Street,San Francisco,False,3,4,True,415-922-0111,Vantaggio Suites,4800,
797,2238 Hyde Street,San Francisco,True,3,4,False,415-341-3098,View Tower Suites,4850,
798,49 Gold Mine Drive,San Francisco,False,3,4,True,415-282-1634,Vista Del Monte Apartments,5250,
799,900 Chestnut Street # 102,San Francisco,False,3,2,False,415-441-5668,Chestnut Place,4000,
800,296A Addison Street,San Francisco,False,3,2,False,415-334-2698,Diamond View Apartments,5000,
801,511 John Muir Drive,San Francisco,False,3,2,False,415-859-9384,Lakewood Apartments,5150,
802,474 Valencia Street # 280,San Francisco,False,3,2,False,415-864-6432,Mission Housing Development Corporation,5200,
803,140 Cashmere Street,San Francisco,True,3,2,False,415-821-7440,Ridgeview Terrace Townhouses,4900,
804,2238 Hyde Street,San Francisco,True,3,2,False,415-341-3098,View Tower Suites,4850,
805,1227 Hampshire Street,San Francisco,False,2,2,True,415-285-5966,Betel Apartments,3900,
806,900 Chestnut Street # 102,San Francisco,False,2,2,False,415-441-5668,Chestnut Place,3700,
807,296A Addison Street,San Francisco,False,2,2,False,415-334-2698,Diamond View Apartments,5000,
808,1820 Post Street,San Francisco,False,2,2,False,415-921-3469,Golden Gate Apartments,3850,
809,511 John Muir Drive,San Francisco,False,2,2,False,415-859-9384,Lakewood Apartments,5150,
810,474 Valencia Street # 280,San Francisco,False,2,2,False,415-864-6432,Mission Housing Development Corporation,5200,
811,440 Valencia Street,San Francisco,True,2,2,False,415-861-6159,Plaza Del Sol Apartments,3100,
812,201 Harrison Street,,False,2,2,True,415-543-1135,Baycrest,2850,2019-03-08
813,100 Chilpancingo Parkway,Pleasant Hill,True,1,2,True,925-686-4000,Bridge Grayson Creek Associates,2650,
814,630 Tempe Court,Pleasant Hill,True,3,2,True,925-825-1220,Camelback North Apartments,4300,
815,91 Santa Barbara Road,Pleasant Hill,True,2,2,False,925-943-1580,Santa Barbara Manor,3100,
816,637 Stonebridge Way,Pleasant Hill,True,3,2,False,925-691-5220,Wood Creek Apartments,5200,
817,100 Chilpancingo Parkway,,True,3,2,True,925-686-4000,Bridge Grayson Creek Associates,4150,2019-03-09
818,1435 163rd Avenue #23,San Leandro,False,2,1,True,510-317-5914,Alderwood Apartments,3700,
819,1300 Kentwood Lane,San Leandro,False,1,1,False,510-481-2565,Ashland Village Apartments,2550,
820,1475 167th Avenue,San Leandro,False,1,1,False,510-962-8120,Bermuda Garden Apartments,1750,
821,13949 Doolittle Drive,San Leandro,True,2,1,True,510-352-8728,Bermuda-Trinidad Apartments,2900,
822,2011 Doolittle Drive # A1,San Leandro,False,3,1,False,510-357-6086,Doolittle Apartments,5200,
823,14665 Washington Avenue,San Leandro,True,1,1,True,510-483-3707,Eden Roc Apartments,2700,
824,888 Davis Street,San Leandro,False,3,1,True,510-562-5121,Gateway Apartments,5000,
825,566 Estudillo Avenue,San Leandro,False,1,1,False,510-352-3224,Hale Apartments,1500,
826,1713 164th Avenue #1,San Leandro,True,1,1,False,510-481-7575,Hilltop Trio Apartments,2500,
827,4170 Springlake Drive,San Leandro,False,3,1,True,510-352-5900,Lakeside,5250,
828,1300 Kentwood Lane,,False,3,1,False,510-481-2565,Ashland Village Apartments,4050,2019-03-11
829,3330 Country Drive,Fremont,True,3,4,True,510-792-7817,Parkview Apartments,4750,
830,39548 Fremont Boulevard,Fremont,False,3,4,True,510-657-4244,Pasatiempo Apartments,4750,
831,37950 Fremont Boulevard,Fremont,False,3,4,True,844-422-5116,Pentagon Apartments,5250,
832,38900 Blacow Road,,False,3,4,True,510-797-5980,Carrington Apartments,5050,2019-03-06
833,3110 Casa De Campo,San Mateo,False,2,2,False,650-572-7180,Sares-Regis Group,5150,
834,1510 Marina Vista,,False,2,2,False,650-341-3367,Edgewater Isle Senior Apartments,5250,2019-03-01
835,240 Hollis Avenue,Campbell,True,3,3,True,866-573-8123,La Mancha Apartments,3950,
836,3685 South Bascom Avenue,Campbell,True,3,3,True,408-377-9360,Pebble Creek,4000,
837,999 West Hamilton Avenue,Campbell,True,3,3,True,408-796-4545,The Greenery Apartments Homes,5250,
838,999 West Hamilton Avenue,,True,3,3,True,408-796-4545,The Greenery Apartments Homes,5250,2019-03-06
839,1580 Clayton Road # 1,Concord,True,3,1,True,925-827-3700,Casa Pino Condos,4800,
840,1688 Clayton Road,Concord,False,3,1,False,925-671-3845,City Walk Apartment Homes,5200,
841,5255 Clayton Road,Concord,False,3,1,False,855-957-1118,Clayton Creek Apartments,4450,
842,1711 Detroit Avenue,Concord,False,2,1,True,925-686-6868,Courtyard Apartments,2900,
843,4902 Clayton Road,Concord,False,2,1,False,925-405-6881,Diablo Terrace Apartments,3550,
844,3620 Clayton Road # 101,Concord,False,3,1,True,925-682-9661,Greentree Terrace Apartments,4300,
845,1032 Mohr Lane,Concord,False,3,1,True,925-687-8460,Hidden Creek Town Homes,4100,
846,3066 Willow Pass Road,Concord,False,2,1,False,925-691-5974,Kona Kai Village Apartments,3250,
847,1500 Ellis Street,Concord,False,1,1,False,925-680-5250,Lakeshore Apartment Homes,2750,
848,1530 Ellis Street,Concord,False,3,1,True,925-521-8333,Lakeshore Apartments,4750,
849,1580 Clayton Road # 1,,True,3,1,True,925-827-3700,Casa Pino Condos,4800,2019-03-01
850,200 Greenbriar Circle,Petaluma,False,1,1,False,855-243-4986,Addison Ranch,4950,
851,1400 Technology Lane,Petaluma,False,1,1,False,707-775-3161,Azure At Lakeville Square Apartments,2400,
852,1900 Sestri Lane,Petaluma,False,1,1,False,707-317-1020,Capri Creek Apartments,4000,
853,1200 D Street #27,Petaluma,False,1,1,False,707-762-6698,Hillview Apartments,3100,
854,210 Douglas Street # 100,Petaluma,False,1,1,True,707-773-0510,Leib Senior Apartments,3150,
855,150 Graylawn Avenue,Petaluma,False,1,1,True,707-762-5126,Oak Creek Apartments,3900,
856,"7011, 109 Magnolia Avenue",Petaluma,False,1,1,False,707-762-6709,Park Lane Apartments,4350,
857,149 Wyndham Way,Petaluma,False,1,1,True,707-763-8434,Petaluma Senior Citizens Apt,3550,
858,745 North McDowell Boulevard,Petaluma,False,1,1,True,707-766-8922,Round Walk Village,5200,
859,909 Martin Circle,Petaluma,False,1,1,False,707-763-9242,Washington Creek Apartments,1750,
860,210 Douglas Street # 100,,False,1,1,True,707-773-0510,Leib Senior Apartments,1500,2019-03-08
861,2760 McKee Road,,False,3,2,True,408-251-7570,Arbor Terraces,4900,2019-03-06
862,600 Marathon Drive,Campbell,False,2,3,True,408-379-6655,Coffeetree Apartments,3650,
863,240 Hollis Avenue,Campbell,False,3,3,True,866-573-8123,La Mancha Apartments,4800,
864,3685 South Bascom Avenue,Campbell,False,3,3,False,408-377-9360,Pebble Creek,4350,
865,150 West Rincon Avenue,Campbell,False,3,3,True,408-871-1333,Rincon Gables Apartments,4050,
866,1510 South Bascom Avenue,Campbell,False,3,3,True,408-377-6900,River Walk Apartments,4850,
867,825 South San Tomas Aquino Road,Campbell,False,2,3,True,408-374-8741,San Tomas Gardens,3750,
868,275 Union Avenue,Campbell,False,2,3,True,408-898-4572,The Commons,3900,
869,999 West Hamilton Avenue,Campbell,True,3,3,True,408-796-4545,The Greenery Apartments Homes,4400,
870,600 Marathon Drive,Campbell,False,1,3,True,408-379-6655,Coffeetree Apartments,3650,
871,240 Hollis Avenue,Campbell,False,1,3,True,866-573-8123,La Mancha Apartments,4800,
872,150 West Rincon Avenue,Campbell,False,1,3,True,408-871-1333,Rincon Gables Apartments,4050,
873,1510 South Bascom Avenue,Campbell,False,1,3,True,408-377-6900,River Walk Apartments,4850,
874,825 South San Tomas Aquino Road,Campbell,False,1,3,True,408-374-8741,San Tomas Gardens,3750,
875,275 Union Avenue,Campbell,False,1,3,True,408-898-4572,The Commons,3900,
876,999 West Hamilton Avenue,Campbell,True,1,3,True,408-796-4545,The Greenery Apartments Homes,4400,
877,150 West Rincon Avenue,,False,1,3,True,408-871-1333,Rincon Gables Apartments,4050,2019-03-04
878,600 Marathon Drive,Campbell,False,1,1,False,408-379-6655,Coffeetree Apartments,4450,
879,825 South San Tomas Aquino Road,Campbell,False,1,1,False,408-374-8741,San Tomas Gardens,4850,
880,240 Hollis Avenue,Campbell,True,3,1,True,866-573-8123,La Mancha Apartments,3950,
881,3685 South Bascom Avenue,Campbell,True,3,1,True,408-377-9360,Pebble Creek,4000,
882,150 West Rincon Avenue,Campbell,False,3,1,True,408-871-1333,Rincon Gables Apartments,5150,
883,999 West Hamilton Avenue,Campbell,True,3,1,True,408-796-4545,The Greenery Apartments Homes,5250,
884,377 Union Avenue,Campbell,False,3,1,True,408-559-7422,Union Manor Apartments,4950,
885,240 Hollis Avenue,,True,3,1,True,866-573-8123,La Mancha Apartments,3950,2019-03-10
886,100 Chilpancingo Parkway,Pleasant Hill,False,1,1,True,925-686-4000,Bridge Grayson Creek Associates,4800,
887,630 Tempe Court,Pleasant Hill,False,1,1,True,925-825-1220,Camelback North Apartments,2850,
888,301 Country View Lane # A,Pleasant Hill,False,1,1,True,925-676-6964,Country View Apartments,3900,
889,100 Devon Avenue,Pleasant Hill,False,1,1,True,925-930-9630,Devon Apartments,4200,
890,150 Cleaveland Road,Pleasant Hill,False,1,1,True,925-937-1222,Spring Meadow Apartments,1500,
891,111 Cleaveland Road,Pleasant Hill,False,1,1,True,925-939-7111,Terrace Apartments,2650,
892,630 Tempe Court,,False,1,1,True,925-825-1220,Camelback North Apartments,2850,2019-03-09
893,1546 Maurice Lane,San Jose,False,3,1,True,408-818-0710,888 Golden Saratoga-Cupertino Apartment Homes,4450,
894,1290 San Tomas Aquino Road,San Jose,False,2,1,True,408-984-8888,Aegena,3500,
895,73 North Keeble Avenue,San Jose,True,3,1,False,408-998-7266,Alameda Gardens Apartments,4100,
896,978 Almaden Lake Drive,San Jose,False,3,1,True,408-323-8020,Almaden Lake Apartments,4050,
897,1543 Ambergrove Drive,San Jose,False,1,1,True,408-453-8011,Amberwood Apartments,2500,
898,1585 Marburg Way # 4,San Jose,False,2,1,True,408-926-3999,Ann Darling Apartments,3100,
899,5822 Charlotte Drive,San Jose,False,2,1,True,408-226-5822,Anton La Moraga Apartments,3000,
900,1582 Kooser Road,San Jose,False,3,1,True,408-448-1288,Arbor Apartments,5000,
901,947 Branham Lane # C,San Jose,False,3,1,True,408-265-4808,Almaden Garden Apartments,5150,
902,899 North King Road,San Jose,False,3,1,False,408-272-1588,Arbor Park,5250,
903,2760 McKee Road,San Jose,False,3,1,False,408-251-7570,Arbor Terraces,4950,
904,1058 South 5th Street,San Jose,False,3,1,False,877-259-1439,Art Ark Apartments,4100,
905,750 North King Road,San Jose,True,3,1,False,408-844-4803,Avenel Apartments,4100,
906,73 North Keeble Avenue,,True,3,1,False,408-998-7266,Alameda Gardens Apartments,4100,2019-03-11
907,1475 167th Avenue,,False,1,1,False,510-962-8120,Bermuda Garden Apartments,1750,2019-03-04
908,215 Bayview Street,San Rafael,True,3,4,False,415-485-1140,215 Bayview Apartments,5000,
909,1747 Lincoln Avenue,San Rafael,True,3,4,True,415-453-0563,Park Hill Apartments,4950,
910,30 Novato Street,San Rafael,True,3,4,False,415-457-5359,Sommerhill Townhomes,5000,
911,2500 Deer Valley Road,San Rafael,False,3,4,False,415-419-5105,Worldwide Oakwood,5150,
912,215 Bayview Street,,True,3,4,False,415-485-1140,215 Bayview Apartments,5000,2019-03-10
913,275 Hawthorne Avenue,Palo Alto,False,1,1,False,650-966-5319,275 Hawthorne Apartments,3850,
914,3051 Alma Street,Palo Alto,False,1,1,True,650-813-1369,Alma Apartments,3100,
915,574 Arastradero Road,Palo Alto,False,1,1,True,650-493-4376,Arastradero Park Apartments,4250,
916,3820 Park Boulevard,Palo Alto,False,1,1,True,650-493-2424,Casa Carolina Apartments,5000,
917,325 Hawthorne Avenue,Palo Alto,False,1,1,True,650-966-5319,Hawthorne,2500,
918,1600 Sand Hill Road,Palo Alto,False,1,1,True,650-321-1701,Oak Creek Apartments,4300,
919,650 San Antonio Road,Palo Alto,False,1,1,False,650-213-9700,Palo Alto Gardens,3000,
920,630 Los Robles Avenue,Palo Alto,False,1,1,True,650-858-2199,Palo Alto Housing Corporation,2600,
921,1094 Tanland Drive,Palo Alto,False,1,1,True,888-743-1697,Parker Palo Alto Apartments,5100,
922,2850 Middlefield Road,Palo Alto,True,1,1,True,650-322-1112,Southwood Apartments,1900,
923,275 Hawthorne Avenue,,False,1,1,False,650-966-5319,275 Hawthorne Apartments,2350,2019-03-07
924,250 Saint Joseph Street,Rio Vista,False,1,2,True,707-374-6969,Casitas Del Rio,2600,
925,101 South Front Street # 1,Rio Vista,False,1,2,True,707-374-6812,Raintree Condominiums,2850,
926,101 South Front Street # 1,,False,1,2,True,707-374-6812,Raintree Condominiums,2850,2019-03-05
927,2000 Shoreline Loop,San Ramon,False,2,2,True,925-307-7099,Bel Air,3050,
928,4000 Bollinger Crest Common,San Ramon,False,2,2,True,925-820-2828,Bollinger Crest Apartments,3200,
929,1000 Canyon Village Circle,San Ramon,True,3,2,False,925-820-8385,Canyon Creek Apartments,4900,
930,1 Amberstone Lane,San Ramon,False,3,2,True,925-307-7151,Canyon Oaks,3900,
931,1700 Promontory Lane,San Ramon,False,3,2,True,925-307-7143,Crow Canyon,4450,
932,9200 Alcosta Boulevard,San Ramon,True,2,2,True,925-828-3060,Fairway Village Apartments,3950,
933,500 Copperset Road,San Ramon,False,2,2,True,925-968-1175,Falcon Bridge,2800,
934,2100 Waterstone Place,San Ramon,False,3,2,False,925-307-7005,Mill Creek,5250,
935,1108 Crestfield Drive,San Ramon,False,2,2,True,925-314-8034,Muirlands At Windemere Apartments,3850,
936,3300 Promontory Circle,San Ramon,False,2,2,True,925-838-8850,Promontory View,3650,
937,2000 Shoreline Loop,,False,2,2,True,925-307-7099,Bel Air,3050,2019-03-03
938,1411 Monument Boulevard,Concord,False,3,2,True,925-827-1836,Monterrey Club Apartments,3900,
939,3420 Willow Pass Road,Concord,True,3,2,True,925-825-5958,Palm Court Apartment,4200,
940,2925 Monument Boulevard,Concord,False,3,2,True,925-685-4246,Palm Terrace Concord,4050,
941,1650 Pine Street,Concord,True,3,2,True,855-273-4847,Park Haven Apartments,3950,
942,1160 Meadow Lane,Concord,False,3,2,True,855-289-4212,Pine Meadows Apartments,5000,
943,1500 Pine Street # 78,Concord,False,3,2,True,925-827-1700,Pine Terrace Apartments,4400,
944,3718 Willow Pass Rd,Concord,False,3,2,True,925-686-2244,Whispering Oaks,5050,
945,5255 Clayton Road,Concord,False,3,1,True,855-957-1118,Clayton Creek Apartments,3950,
946,3066 Willow Pass Road,Concord,True,3,1,True,925-691-5974,Kona Kai Village Apartments,4350,
947,1530 Ellis Street,Concord,False,3,1,True,925-521-8333,Lakeshore Apartments,4350,
948,1411 Monument Boulevard,Concord,False,3,1,True,925-827-1836,Monterrey Club Apartments,3900,
949,3420 Willow Pass Road,Concord,True,3,1,True,925-825-5958,Palm Court Apartment,4200,
950,2925 Monument Boulevard,Concord,False,3,1,True,925-685-4246,Palm Terrace Concord,4050,
951,1650 Pine Street,Concord,True,3,1,True,855-273-4847,Park Haven Apartments,3950,
952,1160 Meadow Lane,Concord,False,3,1,True,855-289-4212,Pine Meadows Apartments,5000,
953,1500 Pine Street # 78,Concord,False,3,1,True,925-827-1700,Pine Terrace Apartments,4400,
954,3718 Willow Pass Rd,Concord,False,3,1,True,925-686-2244,Whispering Oaks,5050,
955,3066 Willow Pass Road,,True,3,1,True,925-691-5974,Kona Kai Village Apartments,4350,2019-03-06
956,1501 Alamo Drive,Vacaville,False,3,3,True,707-448-3848,Alamo Garden Apartments,5050,
957,1101 Burton Drive,Vacaville,True,3,3,True,707-451-7400,Saratoga Senior Apartments,4400,
958,1300 Burton Drive,Vacaville,False,3,3,True,707-447-2500,The Commons Apartments,4250,
959,555 Elmira Road,Vacaville,False,2,3,True,707-271-0084,The Parc,3950,
960,1510 Alamo Drive,Vacaville,True,3,3,True,707-702-1307,Woodcrest,5100,
961,1101 Burton Drive,,True,3,3,True,707-451-7400,Saratoga Senior Apartments,4400,2019-03-13
962,275 Hawthorne Avenue,Palo Alto,False,1,2,False,650-966-5319,275 Hawthorne Apartments,3850,
963,3051 Alma Street,Palo Alto,False,1,2,True,650-813-1369,Alma Apartments,3100,
964,574 Arastradero Road,Palo Alto,False,1,2,True,650-493-4376,Arastradero Park Apartments,4250,
965,3820 Park Boulevard,Palo Alto,False,1,2,True,650-493-2424,Casa Carolina Apartments,5000,
966,325 Hawthorne Avenue,Palo Alto,False,1,2,True,650-966-5319,Hawthorne,2500,
967,1600 Sand Hill Road,Palo Alto,False,1,2,True,650-321-1701,Oak Creek Apartments,4300,
968,650 San Antonio Road,Palo Alto,False,1,2,False,650-213-9700,Palo Alto Gardens,3000,
969,630 Los Robles Avenue,Palo Alto,False,1,2,True,650-858-2199,Palo Alto Housing Corporation,2600,
970,1094 Tanland Drive,Palo Alto,False,1,2,True,888-743-1697,Parker Palo Alto Apartments,5100,
971,2850 Middlefield Road,Palo Alto,True,1,2,True,650-322-1112,Southwood Apartments,2800,
972,574 Arastradero Road,,False,1,2,True,650-493-4376,Arastradero Park Apartments,4250,2019-03-07
973,1400 Humphrey Drive,Suisun City,False,3,3,True,707-429-3151,Autumn Oaks Apartments,4350,
974,1359 Worley Road,Suisun City,False,3,3,False,707-399-0529,Breezewood Village,4100,
975,766 Sunset Avenue,Suisun City,False,3,3,True,707-702-1238,Village Green,5200,
976,1400 Humphrey Drive,,False,3,3,True,707-429-3151,Autumn Oaks Apartments,4350,2019-03-14
977,1580 Clayton Road # 1,Concord,False,2,3,False,925-827-3700,Casa Pino Condos,3550,
978,1711 Detroit Avenue,Concord,False,2,3,False,925-686-6868,Courtyard Apartments,3900,
979,4902 Clayton Road,Concord,False,2,3,True,925-405-6881,Diablo Terrace Apartments,3950,
980,3620 Clayton Road # 101,Concord,False,2,3,True,925-682-9661,Greentree Terrace Apartments,4050,
981,1500 Ellis Street,Concord,False,2,3,True,925-680-5250,Lakeshore Apartment Homes,4000,
982,3205 Northwood Drive,Concord,False,2,3,False,925-685-5090,Meadowwood Apartments,3500,
983,1688 Clayton Road,Concord,False,1,2,False,925-671-3845,City Walk Apartment Homes,5150,
984,1711 Detroit Avenue,Concord,False,1,2,False,925-686-6868,Courtyard Apartments,3900,
985,5255 Clayton Road,,False,1,2,True,855-957-1118,Clayton Creek Apartments,3950,2019-03-13
986,1546 Maurice Lane,,False,1,1,False,408-818-0710,888 Golden Saratoga-Cupertino Apartment Homes,2300,2019-03-10
987,707 Continental Circle,Mountain View,False,2,3,True,833-278-0054,Americana,3950,
988,2290 California Street,Mountain View,False,3,3,True,650-965-8290,Arbors At Mountain View,4100,
989,1335 Montecito Avenue # 1,Mountain View,False,3,3,True,650-940-1909,Barkley Square Apartments,4950,
990,1265 Montecito Avenue,Mountain View,False,3,3,False,650-940-9349,Brookside Gardens,3900,
991,302 Easy Street,Mountain View,False,2,3,True,650-968-3830,Chateau Apartments,4000,
992,200 East Dana Street,Mountain View,False,2,3,False,650-967-3870,Dana Garden Apartments,3500,
993,1240 Dale Avenue #6,Mountain View,False,3,3,False,650-961-6811,Delmonico Apartments,4900,
994,210 Easy Street,Mountain View,False,3,3,True,650-961-2975,Fernmar Apartments,4950,
995,439 Del Medio Avenue,Mountain View,False,2,3,False,650-948-6826,Franciscan Apartments,4050,
996,1571 West El Camino Real,Mountain View,False,3,3,True,650-969-9800,Hidden Garden Apartments,4700,
997,2290 California Street,,False,3,3,True,650-965-8290,Arbors At Mountain View,4100,2019-03-10
998,1300 South Livermore Avenue,Livermore,False,1,2,True,800-545-1833,Arbor Vista Senior Apartments,3000,
999,3819 East Avenue,Livermore,False,1,2,True,844-412-5121,Briarwood Apartments,3900,
1000,1163 Concannon Boulevard # 99,Livermore,False,1,2,True,925-443-1271,Sunset Gardens Apartments,3100,
1001,403 Junction Avenue,Livermore,False,1,2,True,925-454-0425,Tradewinds Apartments,2700,
1002,1300 South Livermore Avenue,,False,1,2,True,800-545-1833,Arbor Vista Senior Apartments,3000,2019-03-06
1003,37171 Sycamore Street,Newark,False,3,4,True,800-441-0766,Sycamore Bay,4700,
1004,37171 Sycamore Street,,False,3,4,True,800-441-0766,Sycamore Bay,4700,2019-03-03
1005,150 Sierra Drive,Walnut Creek,False,2,1,False,925-945-1701,Affordable Housing Associates,4850,
1006,1445 Treat Boulevard,Walnut Creek,False,2,1,True,925-943-7977,Archstone Walnut Creek,4700,
1007,1195 Saranap Avenue # 14,Walnut Creek,False,2,1,True,925-937-1324,Birchwood Apartments,3000,
1008,245 Masters Court,Walnut Creek,False,2,1,False,925-906-9000,Club Villas,3950,
1009,1435 Creekside Drive,Walnut Creek,True,2,1,False,925-935-4614,Creekside Glen Apartments,4350,
1010,1450 Creekside Drive,Walnut Creek,False,2,1,False,925-930-9625,Diablo Pointe Apartments,5250,
1011,3081 North Main Street # 23,Walnut Creek,False,2,1,False,925-932-0981,Evergreen Apartments,5200,
1012,1357 Creekside Drive,Walnut Creek,False,2,1,True,925-947-0844,Four Seasons Apartments,3500,
1013,3055 North Main Street,Walnut Creek,False,2,1,True,855-388-5520,Kingston Place Apartments,4050,
1014,1200 Newell Hill Place,Walnut Creek,False,2,1,True,925-934-1117,Newell Vista Apartments,4350,
1015,150 Sierra Drive,,False,2,1,False,925-945-1701,Affordable Housing Associates,4850,2019-03-12
1016,208 Holly Avenue # 1,South San Francisco,True,1,1,True,650-583-9275,Fernmar Apartments North,2950,
1017,99 Oak Avenue # 201,South San Francisco,True,1,1,True,650-952-3727,Grand Oak Apartments,2350,
1018,1565 El Camino Real,South San Francisco,False,1,1,True,650-616-4570,Greenridge Apartments,2700,
1019,800 Memorial Drive,South San Francisco,False,1,1,True,650-588-1009,Park Lane Apartments,3950,
1020,3880 Callan Boulevard,South San Francisco,False,1,1,True,650-278-4660,Skyline View Apartments,4350,
1021,358 Alida Way # 9,South San Francisco,False,1,1,True,650-589-6721,South Country Club Apartments,1750,
1022,240 Hollis Avenue,Campbell,False,1,4,True,866-573-8123,La Mancha Apartments,4800,
1023,1510 South Bascom Avenue,Campbell,False,1,4,True,408-377-6900,River Walk Apartments,4850,
1024,240 Hollis Avenue,,False,1,4,True,866-573-8123,La Mancha Apartments,4800,2019-03-02
1025,1435 163rd Avenue #23,San Leandro,False,2,2,True,510-317-5914,Alderwood Apartments,3700,
1026,1300 Kentwood Lane,San Leandro,False,1,2,False,510-481-2565,Ashland Village Apartments,2550,
1027,1475 167th Avenue,San Leandro,False,1,2,False,510-962-8120,Bermuda Garden Apartments,2550,
1028,13949 Doolittle Drive,San Leandro,True,2,2,True,510-352-8728,Bermuda-Trinidad Apartments,2900,
1029,2011 Doolittle Drive # A1,San Leandro,False,3,2,False,510-357-6086,Doolittle Apartments,5200,
1030,14665 Washington Avenue,San Leandro,True,1,2,True,510-483-3707,Eden Roc Apartments,2700,
1031,888 Davis Street,San Leandro,False,3,2,True,510-562-5121,Gateway Apartments,5000,
1032,566 Estudillo Avenue,San Leandro,False,1,2,False,510-352-3224,Hale Apartments,2400,
1033,1713 164th Avenue #1,San Leandro,True,1,2,False,510-481-7575,Hilltop Trio Apartments,2500,
1034,4170 Springlake Drive,San Leandro,False,3,2,True,510-352-5900,Lakeside,5250,
1035,1475 167th Avenue,,False,1,2,False,510-962-8120,Bermuda Garden Apartments,2550,2019-03-02
1036,1001 Beethoven Common,Fremont,False,3,1,True,510-797-1800,Alborada Apartments,4700,
1037,34050 Westchester Terrace,Fremont,False,2,1,True,510-794-9981,Amber Court,3500,
1038,4445 Stevenson Boulevard,Fremont,False,2,1,True,510-657-1133,Americana Apartments,2800,
1039,3500 Pennsylvania Avenue # 101,Fremont,False,3,1,False,510-943-8264,Birchwood Apartments,4700,
1040,40001 Fremont Boulevard,Fremont,False,1,1,True,510-455-8815,Boulevard,1850,
1041,4200 Bay Street,Fremont,False,2,1,False,510-455-8813,Briarwood At Central Park,3500,
1042,36163 Fremont Boulevard,Fremont,False,3,1,False,510-793-1621,Brookvale Chateau,4850,
1043,38900 Blacow Road,Fremont,True,2,1,True,510-797-5980,Carrington Apartments,4050,
1044,4101 Eggers Drive # 16,Fremont,False,1,1,False,510-796-4064,Case Verde Apartment,2700,
1045,41299 Paseo Padre Parkway,Fremont,False,2,1,True,510-651-1040,Century Village Apartments,2700,
1046,1001 Beethoven Common,,False,3,1,True,510-797-1800,Alborada Apartments,4700,2019-03-14
1047,6410 Schmidt Lane,El Cerrito,False,3,4,False,510-236-2860,Village At Town Center Apartments,5100,
1048,6410 Schmidt Lane,,False,3,4,False,510-236-2860,Village At Town Center Apartments,5100,2019-03-14
1049,1580 Clayton Road # 1,,False,2,3,False,925-827-3700,Casa Pino Condos,3550,2019-03-06
1050,200 Greenbriar Circle,Petaluma,False,1,1,False,855-243-4986,Addison Ranch,1500,
1051,1400 Technology Lane,Petaluma,True,3,1,True,707-775-3161,Azure At Lakeville Square Apartments,4850,
1052,1900 Sestri Lane,Petaluma,False,1,1,True,707-317-1020,Capri Creek Apartments,1900,
1053,1200 D Street #27,Petaluma,False,1,1,True,707-762-6698,Hillview Apartments,2700,
1054,210 Douglas Street # 100,Petaluma,False,3,1,False,707-773-0510,Leib Senior Apartments,4100,
1055,150 Graylawn Avenue,Petaluma,True,2,1,True,707-762-5126,Oak Creek Apartments,3000,
1056,"7011, 109 Magnolia Avenue",Petaluma,False,3,1,False,707-762-6709,Park Lane Apartments,3950,
1057,149 Wyndham Way,Petaluma,False,2,1,False,707-763-8434,Petaluma Senior Citizens Apt,3550,
1058,745 North McDowell Boulevard,Petaluma,True,2,1,False,707-766-8922,Round Walk Village,3000,
1059,909 Martin Circle,Petaluma,False,1,1,False,707-763-9242,Washington Creek Apartments,1650,
1060,1001 Beethoven Common,Fremont,False,2,1,True,510-797-1800,Alborada Apartments,4700,
1061,3500 Pennsylvania Avenue # 101,Fremont,False,2,1,False,510-943-8264,Birchwood Apartments,4700,
1062,40001 Fremont Boulevard,Fremont,False,2,1,True,510-455-8815,Boulevard,2750,
1063,36163 Fremont Boulevard,Fremont,False,2,1,False,510-793-1621,Brookvale Chateau,4850,
1064,46703 Crawford Street # 2,Fremont,False,2,1,False,510-651-5292,Crawford Apartments,4750,
1065,37811 Fremont Boulevard,Fremont,False,2,1,True,510-797-4520,Fremont Arms,3500,
1066,4261 Stevenson Boulevard,Fremont,False,2,1,True,510-656-8201,Fremont Manor,4700,
1067,36707 San Pedro Drive,Fremont,False,2,1,True,510-792-6340,Garden Village Apartments,4250,
1068,34050 Westchester Terrace,,False,2,1,True,510-794-9981,Amber Court,3500,2019-03-04
1069,3263 Mount Diablo Court,Lafayette,True,1,2,True,925-287-1188,Lafayette Commons Apartments,2700,
1070,320 East Tabor Avenue,Fairfield,True,1,2,True,707-422-2850,Blue Sky Apartments,5000,
1071,1700 East Tabor Avenue # A3,Fairfield,True,1,2,True,707-429-5426,Country Club Apartments,5200,
1072,2801 Dover Avenue,Fairfield,True,1,2,True,707-429-8966,Dover Woods,3050,
1073,1111 Alaska Avenue,Fairfield,True,1,2,True,707-388-8461,Park Viva,3750,
1074,320 East Tabor Avenue,,True,1,2,True,707-422-2850,Blue Sky Apartments,5000,2019-03-03
1075,1977 Heimgartner Lane,San Jose,True,3,3,True,408-377-2400,Union Park Apartments,5000,
1076,5822 Charlotte Drive,San Jose,True,2,3,True,408-226-5822,Anton La Moraga Apartments,4850,
1077,260 North Capitol Avenue # 109,San Jose,True,2,3,True,408-259-1662,Capitol Avenue Apartments,4850,
1078,1315 Eden Avenue,San Jose,True,2,3,True,408-378-1970,Regency Square,5150,
1079,5822 Charlotte Drive,San Jose,True,2,1,True,408-226-5822,Anton La Moraga Apartments,4850,
1080,1315 Eden Avenue,San Jose,True,2,1,True,408-378-1970,Regency Square,5150,
1081,2055 Summerside Drive,San Jose,True,2,1,True,408-279-2300,Summerwind Apartments,3050,
1082,1315 Eden Avenue,,True,2,1,True,408-378-1970,Regency Square,4100,2019-03-03
1083,1546 Maurice Lane,San Jose,False,2,2,False,408-818-0710,888 Golden Saratoga-Cupertino Apartment Homes,4450,
1084,1290 San Tomas Aquino Road,San Jose,True,2,2,False,408-984-8888,Aegena,4900,
1085,2415 Rinconada Drive,San Jose,False,2,2,False,408-516-4212,Almaden House,4850,
1086,1585 Marburg Way # 4,San Jose,False,2,2,True,408-926-3999,Ann Darling Apartments,3950,
1087,5822 Charlotte Drive,San Jose,True,2,2,True,408-226-5822,Anton La Moraga Apartments,4850,
1088,1582 Kooser Road,San Jose,False,2,2,False,408-448-1288,Arbor Apartments,4250,
1089,73 North Keeble Avenue,,False,2,2,False,408-998-7266,Alameda Gardens Apartments,4850,2019-03-10
1090,831 Gale Drive,Campbell,True,2,1,True,408-374-3500,Appletree Apartments,3150,
1091,999 West Hamilton Avenue,Campbell,True,1,1,True,408-796-4545,The Greenery Apartments Homes,1800,
1092,831 Gale Drive,,True,2,1,True,408-374-3500,Appletree Apartments,3150,2019-03-04
1093,1290 San Tomas Aquino Road,,True,3,4,False,408-984-8888,Aegena,4900,2019-03-01
1094,1999 Beach Park Boulevard,Foster City,True,2,3,True,844-899-9230,Beach Park Apartments,3900,
1095,1288 East Hillsdale Boulevard,Foster City,True,2,3,True,844-334-0618,Miramar Apartments,3700,
1096,611 Bounty Drive #3101,Foster City,False,2,3,False,855-979-8476,The Lagoons Apartments,3800,
1097,1999 Beach Park Boulevard,,True,2,3,True,844-899-9230,Beach Park Apartments,3900,2019-03-10
1098,1000 Kiely Boulevard,Santa Clara,False,3,2,True,669-206-0300,1000 Kiely,4300,
1099,900 Pepper Tree Lane,Santa Clara,False,1,2,True,866-472-2645,Alderwood Apartments,2500,
1100,1500 Vista Club Circle,Santa Clara,False,3,2,False,408-827-1770,Bella Vista Apartments,5100,
1101,3770 Flora Vista Avenue,Santa Clara,False,1,2,True,888-743-1851,Boardwalk Apartments,2350,
1102,3440 Warburton Avenue,Santa Clara,True,3,2,True,408-248-5766,Briarwood Garden Apartments,5250,
1103,1655 Pomeroy Avenue,Santa Clara,False,2,2,False,408-241-6308,Carriage House Apartments,3900,
1104,3600-3616 Flora Vista Avenue,Santa Clara,False,1,2,True,408-261-2252,Catalina Apartments,2850,
1105,1495 Don Avenue,Santa Clara,False,3,2,True,408-713-6428,Civic Plaza Apartments,4700,
1106,1000 Kiely Boulevard,Santa Clara,True,1,2,True,408-247-6228,Family Tree Apartments,2450,
1107,3375 Homestead Road,Santa Clara,False,3,2,False,408-984-0244,Hidden Lake,4300,
1108,1000 Kiely Boulevard,Santa Clara,False,1,2,True,669-206-0300,1000 Kiely,4300,
1109,3440 Warburton Avenue,Santa Clara,True,1,2,True,408-248-5766,Briarwood Garden Apartments,5250,
1110,1495 Don Avenue,Santa Clara,False,1,2,True,408-713-6428,Civic Plaza Apartments,4700,
1111,2555 Homestead Road,Santa Clara,False,1,2,True,669-444-1717,La Palma Apartments,4200,
1112,3600 Benton Street # 5,Santa Clara,False,1,2,True,408-241-4073,Laurelwood Apartments,2350,
1113,3480 Granada Avenue,Santa Clara,True,1,2,True,408-598-2635,Marina Cove,5050,
1114,3770 Flora Vista Avenue,,False,1,2,True,888-743-1851,Boardwalk Apartments,2750,2019-03-04
1115,831 Gale Drive,Campbell,False,2,2,True,408-374-3500,Appletree Apartments,4050,
1116,240 Hollis Avenue,Campbell,True,2,2,True,866-573-8123,La Mancha Apartments,2850,
1117,3685 South Bascom Avenue,Campbell,True,2,2,True,408-377-9360,Pebble Creek,4000,
1118,35 Union Avenue # 10,Campbell,True,2,2,True,408-377-6707,Pruneyard Garden Apartments,3050,
1119,150 West Rincon Avenue,Campbell,False,2,2,True,408-871-1333,Rincon Gables Apartments,5150,
1120,999 West Hamilton Avenue,Campbell,True,2,2,True,408-796-4545,The Greenery Apartments Homes,5250,
1121,377 Union Avenue,Campbell,False,2,2,True,408-559-7422,Union Manor Apartments,4950,
1122,240 Hollis Avenue,,True,2,2,True,866-573-8123,La Mancha Apartments,3950,2019-03-08
1123,1000 Kiely Boulevard,Santa Clara,True,3,3,False,669-206-0300,1000 Kiely,4850,
1124,900 Pepper Tree Lane,Santa Clara,True,3,3,False,866-472-2645,Alderwood Apartments,3900,
1125,3770 Flora Vista Avenue,Santa Clara,False,2,3,False,888-743-1851,Boardwalk Apartments,3600,
1126,3440 Warburton Avenue,Santa Clara,False,2,3,False,408-248-5766,Briarwood Garden Apartments,4000,
1127,1655 Pomeroy Avenue,Santa Clara,False,3,3,False,408-241-6308,Carriage House Apartments,4700,
1128,3600-3616 Flora Vista Avenue,Santa Clara,False,2,3,False,408-261-2252,Catalina Apartments,3900,
1129,1495 Don Avenue,Santa Clara,True,3,3,True,408-713-6428,Civic Plaza Apartments,4250,
1130,1000 Kiely Boulevard,Santa Clara,False,3,3,False,408-247-6228,Family Tree Apartments,4750,
1131,3375 Homestead Road,Santa Clara,False,2,3,False,408-984-0244,Hidden Lake,3500,
1132,2555 Homestead Road,Santa Clara,False,3,3,False,669-444-1717,La Palma Apartments,4400,
1133,1000 Kiely Boulevard,,True,3,3,False,669-206-0300,1000 Kiely,4850,2019-03-02
1134,2225 Sharon Road,Menlo Park,False,3,3,False,650-854-8661,Country Sharon Apartments,4200,
1135,1028 Middle Avenue,Menlo Park,False,2,3,True,650-325-2411,Middle Park Apartments,3600,
1136,600 Sharon Park Drive,Menlo Park,False,3,3,False,650-854-2651,Seven Oaks Apartments,4800,
1137,350 Sharon Park Drive,Menlo Park,False,2,3,False,650-203-2697,Sharon Green Apartments,3550,
1138,565 Willow Road # 24,Menlo Park,False,2,3,False,650-325-9389,Willow Manor,3700,
1139,2225 Sharon Road,Menlo Park,False,1,3,False,650-854-8661,Country Sharon Apartments,4200,
1140,1028 Middle Avenue,Menlo Park,False,1,3,True,650-325-2411,Middle Park Apartments,3600,
1141,600 Sharon Park Drive,Menlo Park,False,1,3,False,650-854-2651,Seven Oaks Apartments,4800,
1142,350 Sharon Park Drive,Menlo Park,False,1,3,False,650-203-2697,Sharon Green Apartments,3550,
1143,565 Willow Road # 24,Menlo Park,False,1,3,False,650-325-9389,Willow Manor,3700,
1144,600 Sharon Park Drive,,False,1,3,False,650-854-2651,Seven Oaks Apartments,4800,2019-03-10
1145,624 Avalon Avenue,Santa Rosa,True,3,2,True,707-620-5076,Avalon Apartments,5150,
1146,4656 Quigg Drive,Santa Rosa,False,3,2,True,707-537-9866,Behringer Harvard,4050,
1147,825 Russell Avenue,Santa Rosa,True,2,2,False,707-577-0262,Bicentennial Apartments,3700,
1148,3329 Claremont Court,Santa Rosa,False,3,2,True,707-578-1313,Brookside East Apartments,4750,
1149,6221 Montecito Boulevard,Santa Rosa,True,2,2,True,707-888-5505,Brush Creek Apartments,3950,
1150,2001 Range Avenue,Santa Rosa,True,3,2,False,707-578-1150,Coddingtown Mall Apartments,5100,
1151,2807 Yulupa Avenue,Santa Rosa,False,3,2,True,707-527-0128,Country Club Apartments,4150,
1152,1130 4th Street,Santa Rosa,False,1,2,True,707-544-1400,Creekside Park Apartments,2500,
1153,850 Russell Avenue,Santa Rosa,False,1,2,True,707-542-2883,Del Nido Apartments,2800,
1154,2322 Maher Drive #5,Santa Rosa,False,2,2,False,707-542-2004,Fairway Arms Apartments,2950,
1155,624 Avalon Avenue,,True,3,2,True,707-620-5076,Avalon Apartments,5150,2019-03-10
1156,2005 San Jose Drive,Antioch,False,2,3,False,925-757-1250,Baywoods Apartment Homes,5250,
1157,1000 Claudia Court,Antioch,False,2,3,False,925-754-7671,Casa Blanca Apartments,3950,
1158,1017 H Street,Antioch,False,2,3,False,925-978-1017,Casa Bonita,4850,
1159,1600 Aster Drive,Antioch,False,2,3,False,925-705-4248,Crestview Pines,4400,
1160,2301 Sycamore Drive,Antioch,True,2,3,False,925-776-5379,Delta Pines Apartments,5250,
1161,1400 A Street,,False,2,3,True,925-706-0874,Antioch Rivertown Senior Housing,4050,2019-03-08
1162,1435 163rd Avenue #23,San Leandro,False,1,1,True,510-317-5914,Alderwood Apartments,3550,
1163,1300 Kentwood Lane,San Leandro,False,1,1,False,510-481-2565,Ashland Village Apartments,2900,
1164,1475 167th Avenue,San Leandro,False,1,1,False,510-962-8120,Bermuda Garden Apartments,4100,
1165,13949 Doolittle Drive,San Leandro,False,1,1,False,510-352-8728,Bermuda-Trinidad Apartments,1500,
1166,2011 Doolittle Drive # A1,San Leandro,False,1,1,False,510-357-6086,Doolittle Apartments,5000,
1167,14665 Washington Avenue,San Leandro,False,1,1,True,510-483-3707,Eden Roc Apartments,4350,
1168,888 Davis Street,San Leandro,False,1,1,True,510-562-5121,Gateway Apartments,1550,
1169,566 Estudillo Avenue,San Leandro,False,1,1,False,510-352-3224,Hale Apartments,2650,
1170,1713 164th Avenue #1,San Leandro,False,1,1,True,510-481-7575,Hilltop Trio Apartments,2500,
1171,4170 Springlake Drive,San Leandro,False,1,1,False,510-352-5900,Lakeside,5100,
1172,2777 Marina Boulevard,San Leandro,True,1,1,True,510-352-4659,Marina Plaza Apartments,2550,
1173,None,San Leandro,False,1,1,True,510-586-6396,Montair Apartments,3900,
1174,1275 Pacific Avenue # 8,San Leandro,False,1,1,True,510-636-9727,Pacific Apartments,4400,
1175,900 143rd Avenue,San Leandro,True,1,1,True,510-898-6076,Parkside Commons Apartments,2700,
1176,1444 164th Avenue,San Leandro,False,1,1,True,510-481-0945,Snooty Fox Apartments,1800,
1177,2276 Miramar Avenue,San Leandro,False,1,1,True,510-278-2726,The Heights Apartments,1900,
1178,888 Davis Street,,False,1,1,True,510-562-5121,Gateway Apartments,1550,2019-03-11
1179,1501 Alamo Drive,Vacaville,False,3,4,True,707-448-3848,Alamo Garden Apartments,5050,
1180,555 Elmira Road,Vacaville,False,3,4,True,707-271-0084,The Parc,5000,
1181,1510 Alamo Drive,Vacaville,True,3,4,True,707-702-1307,Woodcrest,5100,
1182,555 Elmira Road,,False,3,4,True,707-271-0084,The Parc,5000,2019-03-11
1183,1061 Rose Drive,Benicia,False,2,1,False,707-745-5200,Bay Ridge Apartment,3850,
1184,900 Cambridge Drive,Benicia,False,2,1,True,707-745-6178,Benicia Highlands,3850,
1185,91 Riverview Terrace,Benicia,False,1,1,False,707-745-6522,Burgess Point Apartments,2450,
1186,118 Warwick Drive,Benicia,True,2,1,False,707-745-4544,Crestview Apartments,3200,
1187,50 Chelsea Hills Dr # 23,Benicia,False,1,1,False,707-745-3052,Southampton Apartments,1750,
1188,1061 Rose Drive,,False,2,1,False,707-745-5200,Bay Ridge Apartment,3850,2019-03-12
1189,200 Greenbriar Circle,Petaluma,False,3,2,False,855-243-4986,Addison Ranch,4950,
1190,1400 Technology Lane,Petaluma,False,1,2,False,707-775-3161,Azure At Lakeville Square Apartments,2400,
1191,1900 Sestri Lane,Petaluma,False,2,2,False,707-317-1020,Capri Creek Apartments,4000,
1192,1200 D Street #27,Petaluma,False,2,2,False,707-762-6698,Hillview Apartments,3100,
1193,210 Douglas Street # 100,Petaluma,False,2,2,True,707-773-0510,Leib Senior Apartments,3150,
1194,150 Graylawn Avenue,Petaluma,False,2,2,True,707-762-5126,Oak Creek Apartments,3900,
1195,"7011, 109 Magnolia Avenue",Petaluma,False,3,2,False,707-762-6709,Park Lane Apartments,4350,
1196,149 Wyndham Way,Petaluma,False,2,2,True,707-763-8434,Petaluma Senior Citizens Apt,3550,
1197,745 North McDowell Boulevard,Petaluma,False,3,2,True,707-766-8922,Round Walk Village,5200,
1198,909 Martin Circle,Petaluma,False,1,2,False,707-763-9242,Washington Creek Apartments,2600,
1199,200 Greenbriar Circle,,False,1,2,False,855-243-4986,Addison Ranch,2800,2019-03-07
1200,1260 Hopkins Street,,False,3,3,False,510-526-3267,Hopkins Park Apartments,4750,2019-03-08
1201,1747 Lincoln Avenue,,True,3,4,True,415-453-0563,Park Hill Apartments,4950,2019-03-08
1202,1400 Humphrey Drive,Suisun City,False,2,2,False,707-429-3151,Autumn Oaks Apartments,2900,
1203,1359 Worley Road,Suisun City,False,3,2,True,707-399-0529,Breezewood Village,5200,
1204,766 Sunset Avenue,Suisun City,True,3,2,False,707-702-1238,Village Green,5050,
1205,1400 Humphrey Drive,,False,1,2,False,707-429-3151,Autumn Oaks Apartments,2450,2019-03-04
1206,46703 Crawford Street # 2,Fremont,False,1,2,True,510-651-5292,Crawford Apartments,2400,
1207,37811 Fremont Boulevard,Fremont,False,3,2,True,510-797-4520,Fremont Arms,5200,
1208,41342 Roberts Avenue,Fremont,False,3,2,True,510-657-9766,Granada Apartments,3900,
1209,4261 Stevenson Boulevard,Fremont,False,1,2,True,510-656-8200,Lincoln Glen,2650,
1210,42010 Blacow Road,Fremont,False,3,2,True,510-657-2020,Minutetogo,4350,
1211,1401 Red Hawk Circle,Fremont,False,1,2,True,510-494-9500,Mission Peaks,2300,
1212,1301 Stevenson Boulevard,Fremont,False,2,2,True,510-713-1808,Park Vista Apartments,3550,
1213,40001 Fremont Boulevard,,True,1,2,True,510-455-8815,Boulevard,2600,2019-03-11
1214,555 East Washington Avenue,Sunnyvale,False,2,3,True,833-630-9835,Heritage Park Apartments,4050,
1215,825 Morse Avenue,Sunnyvale,False,2,3,True,408-734-9442,Morse Court Apartments,3550,
1216,400 East Remington Drive,Sunnyvale,False,3,4,True,408-738-4862,Apricot Pit Apartments,4800,
1217,660 Gail Avenue,Sunnyvale,False,3,4,True,888-854-9884,Bonnie Terrace Apartments,4750,
1218,678 Bellflower Avenue,Sunnyvale,False,3,4,True,408-735-9030,Charter Palm Town Homes,4700,
1219,955 Escalon Avenue,Sunnyvale,False,3,4,True,408-737-2777,Macara Gardens Apartments,5050,
1220,1229 Vicente Drive,Sunnyvale,False,3,4,True,650-961-0141,Olive West Apartments,4700,
1221,1209 Ayala Drive,Sunnyvale,False,3,4,True,650-961-6696,Palm Villa Apartments,5150,
1222,1166 Sunnyvale Saratoga Road,Sunnyvale,False,3,4,True,408-736-7063,Sandlewood Apartments,5150,
1223,235 South Bernardo Avenue,Sunnyvale,False,3,4,True,866-684-3427,Shadowbrook Apartments,5000,
1224,575 East Remington Drive # 1G,Sunnyvale,False,3,4,True,408-738-1553,Stephen J Pavlina Investments,4800,
1225,959 Stewart Drive,Sunnyvale,True,3,4,True,866-492-4478,Stewart Village Apartment Homes,5200,
1226,660 Gail Avenue,,False,3,4,True,888-854-9884,Bonnie Terrace Apartments,4750,2019-03-04
1227,1107 Porter Street,Vallejo,True,1,2,True,855-890-5508,Bay Village Apartments,2400,
1228,961 Porter Street,Vallejo,False,1,2,True,833-420-7531,Harbor Park Apartment Homes,2700,
1229,2700 Tuolumne Street,Vallejo,False,1,2,True,707-644-3670,Mission Terracina Apartments,4950,
1230,100 Larissa Lane,Vallejo,False,1,2,True,707-643-1100,Seabreeze,3750,
1231,1 Spyglass Parkway,Vallejo,False,1,2,True,707-557-4400,Seabridge At Glen Cove Apartments,2950,
1232,453 Fleming Avenue East,Vallejo,True,1,2,True,707-553-9743,Shari'S Apartments,2550,
1233,154 Richardson Drive,Vallejo,False,1,2,True,707-643-6667,Strawberry Hill Apartments,2600,
1234,1101 North Camino Alto,Vallejo,False,1,2,True,707-549-6029,The Valencia Apartments,2650,
1235,2851 Redwood Pkwy,Vallejo,False,1,2,True,707-643-9466,Village View Apartments,4850,
1236,1107 Porter Street,Vallejo,True,1,3,True,855-890-5508,Bay Village Apartments,4050,
1237,961 Porter Street,Vallejo,False,1,3,True,833-420-7531,Harbor Park Apartment Homes,3650,
1238,2700 Tuolumne Street,Vallejo,False,1,3,True,707-644-3670,Mission Terracina Apartments,4950,
1239,100 Larissa Lane,Vallejo,False,1,3,True,707-643-1100,Seabreeze,3750,
1240,1 Spyglass Parkway,Vallejo,False,1,3,True,707-557-4400,Seabridge At Glen Cove Apartments,4000,
1241,154 Richardson Drive,Vallejo,False,1,3,True,707-643-6667,Strawberry Hill Apartments,4050,
1242,961 Porter Street,,False,1,3,True,833-420-7531,Harbor Park Apartment Homes,3650,2019-03-03
1243,1500 Vista Club Circle,Santa Clara,False,1,2,False,408-827-1770,Bella Vista Apartments,2700,
1244,3770 Flora Vista Avenue,Santa Clara,False,2,2,False,888-743-1851,Boardwalk Apartments,3600,
1245,3440 Warburton Avenue,Santa Clara,False,2,2,False,408-248-5766,Briarwood Garden Apartments,4000,
1246,1655 Pomeroy Avenue,Santa Clara,False,3,2,False,408-241-6308,Carriage House Apartments,4700,
1247,3600-3616 Flora Vista Avenue,Santa Clara,False,2,2,False,408-261-2252,Catalina Apartments,3900,
1248,1000 Kiely Boulevard,Santa Clara,False,3,2,False,408-247-6228,Family Tree Apartments,4750,
1249,3375 Homestead Road,Santa Clara,False,1,2,False,408-984-0244,Hidden Lake,2400,
1250,1000 Kiely Boulevard,Santa Clara,True,2,2,False,669-206-0300,1000 Kiely,4850,
1251,900 Pepper Tree Lane,Santa Clara,True,2,2,False,866-472-2645,Alderwood Apartments,3900,
1252,1500 Vista Club Circle,Santa Clara,False,2,2,False,408-827-1770,Bella Vista Apartments,2750,
1253,1655 Pomeroy Avenue,Santa Clara,False,2,2,False,408-241-6308,Carriage House Apartments,4700,
1254,1495 Don Avenue,Santa Clara,True,2,2,True,408-713-6428,Civic Plaza Apartments,4250,
1255,1000 Kiely Boulevard,Santa Clara,False,2,2,False,408-247-6228,Family Tree Apartments,4750,
1256,3375 Homestead Road,Santa Clara,False,2,2,False,408-984-0244,Hidden Lake,3500,
1257,1500 Vista Club Circle,,False,2,2,False,408-827-1770,Bella Vista Apartments,2750,2019-03-12
1258,215 Bayview Street,San Rafael,False,2,3,False,415-485-1140,215 Bayview Apartments,5200,
1259,400 Canal Street # 131,San Rafael,False,2,3,False,415-454-6223,400 Canal Street Apartments,3950,
1260,330 Canal Street,San Rafael,False,2,3,False,415-456-6619,Canal Apartments,4050,
1261,55 Fairfax Street #27,San Rafael,False,2,3,True,415-453-5531,Casa Vista Apartments,3500,
1262,2500 Deer Valley Road,San Rafael,False,2,3,True,415-479-4500,Deer Valley,3900,
1263,124 Merrydale Road,San Rafael,False,2,3,True,415-492-2180,Marin Garden Apartments,5000,
1264,1747 Lincoln Avenue,San Rafael,False,2,3,True,415-453-0563,Park Hill Apartments,4250,
1265,30 Novato Street,San Rafael,False,2,3,True,415-457-5359,Sommerhill Townhomes,4050,
1266,2500 Deer Valley Road,San Rafael,False,2,3,False,415-419-5105,Worldwide Oakwood,3800,
1267,215 Bayview Street,,False,2,3,False,415-485-1140,215 Bayview Apartments,5200,2019-03-06
1268,486 Morello Avenue,Martinez,False,3,4,True,925-228-0760,Muir Creek Apartments,5100,
1269,1241 Arnold Drive,Martinez,False,3,4,False,925-372-8078,Muir Park Condominiums,5050,
1270,3883 Vista Oaks Drive,Martinez,False,3,4,False,833-755-3332,Vista Oaks Apartments,4700,
1271,3979 Alhambra Avenue,Martinez,False,1,2,True,925-228-7047,Lotus Apartments,2700,
1272,3600 Pine Street,Martinez,False,2,2,True,833-255-0983,Mission Pines Apartments,4050,
1273,486 Morello Avenue,Martinez,False,3,2,True,925-228-0760,Muir Creek Apartments,5100,
1274,1241 Arnold Drive,Martinez,False,3,2,False,925-372-8078,Muir Park Condominiums,5050,
1275,3883 Vista Oaks Drive,Martinez,False,3,2,False,833-755-3332,Vista Oaks Apartments,4700,
1276,3600 Pine Street,,False,2,2,True,833-255-0983,Mission Pines Apartments,4050,2019-03-05
1277,25173 Cypress Avenue,Hayward,False,2,2,True,510-782-8753,Amador Royal,2850,
1278,26100 Gading Road,Hayward,False,3,2,True,510-785-3281,Amberwood Garden Apartments,5150,
1279,25221 Cypress Avenue,Hayward,False,2,2,True,510-781-0217,Cypress Point Villas,2950,
1280,921 Fletcher Lane,Hayward,False,3,2,True,510-538-3658,Fletcher Gardens Apartments,4400,
1281,27901 Huntwood Avenue # 126,Hayward,True,3,2,True,510-887-1543,Huntwood Commons,4300,
1282,29200 Huntwood Avenue,Hayward,False,3,2,True,510-786-9375,Huntwood Terrace Apartment,4850,
1283,2537 Kelly Street,Hayward,False,2,2,True,510-866-2123,Kelly Green Apartments,3550,
1284,28955 Mission Boulevard,Hayward,False,3,2,True,510-537-5604,Mission Bay Condos,4200,
1285,28500 Mission Boulevard,Hayward,True,2,2,True,877-794-9878,Mission Heights Apartments,3050,
1286,328 Sunset Boulevard # 1,Hayward,False,1,2,True,510-733-9720,Peppertree Village,2550,
1287,26100 Gading Road,Hayward,False,2,2,True,510-785-3281,Amberwood Garden Apartments,5150,
1288,921 Fletcher Lane,Hayward,False,2,2,True,510-538-3658,Fletcher Gardens Apartments,4400,
1289,27901 Huntwood Avenue # 126,Hayward,True,2,2,True,510-887-1543,Huntwood Commons,4300,
1290,29200 Huntwood Avenue,Hayward,False,2,2,True,510-786-9375,Huntwood Terrace Apartment,4850,
1291,28955 Mission Boulevard,Hayward,False,2,2,True,510-537-5604,Mission Bay Condos,4200,
1292,26030 Gading Road # 41,Hayward,False,2,2,True,510-732-9475,Ponderosa Apartments,2850,
1293,28500 Mission Boulevard,Hayward,True,3,2,True,877-794-9878,Mission Heights Apartments,4850,
1294,1725 B Street,Hayward,True,3,2,True,510-538-7360,Silk Oaks Apartments,4450,
1295,27901 Huntwood Avenue # 126,,True,3,2,True,510-887-1543,Huntwood Commons,4300,2019-03-02
1296,215 Bayview Street,San Rafael,True,3,3,False,415-485-1140,215 Bayview Apartments,5000,
1297,400 Canal Street # 131,San Rafael,False,2,3,False,415-454-6223,400 Canal Street Apartments,3650,
1298,330 Canal Street,San Rafael,False,3,3,True,415-456-6619,Canal Apartments,4300,
1299,99 Professional Center Parkway,San Rafael,True,3,3,True,415-472-6644,Deer Park Apartments,4400,
1300,124 Merrydale Road,San Rafael,False,2,3,False,415-492-2180,Marin Garden Apartments,3900,
1301,10-90 North Avenue,San Rafael,False,3,3,True,415-491-1125,Mcinnis Park,4400,
1302,1747 Lincoln Avenue,San Rafael,True,3,3,True,415-453-0563,Park Hill Apartments,4950,
1303,30 Novato Street,San Rafael,True,3,3,False,415-457-5359,Sommerhill Townhomes,5000,
1304,2500 Deer Valley Road,San Rafael,False,3,3,False,415-419-5105,Worldwide Oakwood,5150,
1305,215 Bayview Street,San Rafael,True,1,3,False,415-485-1140,215 Bayview Apartments,5000,
1306,400 Canal Street # 131,San Rafael,False,1,3,False,415-454-6223,400 Canal Street Apartments,3650,
1307,330 Canal Street,San Rafael,False,1,3,True,415-456-6619,Canal Apartments,4300,
1308,99 Professional Center Parkway,San Rafael,True,1,3,True,415-472-6644,Deer Park Apartments,4400,
1309,124 Merrydale Road,San Rafael,False,1,3,False,415-492-2180,Marin Garden Apartments,3900,
1310,10-90 North Avenue,San Rafael,False,1,3,True,415-491-1125,Mcinnis Park,4400,
1311,1747 Lincoln Avenue,San Rafael,True,1,3,True,415-453-0563,Park Hill Apartments,4950,
1312,30 Novato Street,San Rafael,True,1,3,False,415-457-5359,Sommerhill Townhomes,5000,
1313,2500 Deer Valley Road,San Rafael,False,1,3,False,415-419-5105,Worldwide Oakwood,5150,
1314,330 Canal Street,,False,1,3,True,415-456-6619,Canal Apartments,4300,2019-03-14
1315,31755 Alvarado Boulevard,Union City,True,2,2,False,510-471-1272,Adrienne Village Apartments,4950,
1316,33 Union Square,Union City,False,2,2,False,510-475-7575,Verandas,3150,
1317,31755 Alvarado Boulevard,,True,2,2,False,510-471-1272,Adrienne Village Apartments,4950,2019-03-08
1318,330 Canal Street,,False,3,3,True,415-456-6619,Canal Apartments,4300,2019-03-14
1319,2780 North Texas Street,,False,3,3,False,707-896-4168,Bennington Apartments,5050,2019-03-14
1320,73 North Keeble Avenue,,False,2,1,False,408-998-7266,Alameda Gardens Apartments,3600,2019-03-14
1321,801 Marine Parkway,Redwood City,False,3,4,True,650-593-4300,Indian Creek,4950,
1322,1405 Marshall Street,Redwood City,False,3,4,True,650-679-8066,Marymount Apartments,5200,
1323,700 Bair Island Road,Redwood City,False,3,4,False,866-952-1614,Villas At Bair Island Apartment Homes,5250,
1324,700 Bair Island Road,,False,3,4,False,866-952-1614,Villas At Bair Island Apartment Homes,5250,2019-03-10
1325,150 Sierra Drive,Walnut Creek,False,2,1,False,925-945-1701,Affordable Housing Associates,2700,
1326,1445 Treat Boulevard,Walnut Creek,False,3,1,False,925-943-7977,Archstone Walnut Creek,4150,
1327,1195 Saranap Avenue # 14,Walnut Creek,True,1,1,True,925-937-1324,Birchwood Apartments,1750,
1328,1756 Carmel Drive,Walnut Creek,False,1,1,True,925-301-9510,Carmel House,2800,
1329,245 Masters Court,Walnut Creek,False,3,1,True,925-906-9000,Club Villas,4800,
1330,1435 Creekside Drive,Walnut Creek,False,2,1,True,925-935-4614,Creekside Glen Apartments,2700,
1331,1011 Ygnacio Valley Road,Walnut Creek,False,3,1,False,844-731-9934,Cypress Creek Apartments,4000,
1332,1450 Creekside Drive,Walnut Creek,False,3,1,True,925-930-9625,Diablo Pointe Apartments,4150,
1333,3081 North Main Street # 23,Walnut Creek,False,3,1,False,925-932-0981,Evergreen Apartments,3900,
1334,1357 Creekside Drive,Walnut Creek,True,2,1,False,925-947-0844,Four Seasons Apartments,3500,
1335,1445 Treat Boulevard,,False,3,1,False,925-943-7977,Archstone Walnut Creek,4150,2019-03-08
1336,831 Gale Drive,Campbell,True,2,2,True,408-374-3500,Appletree Apartments,3150,
1337,600 Marathon Drive,Campbell,False,2,2,True,408-379-6655,Coffeetree Apartments,3650,
1338,240 Hollis Avenue,Campbell,False,3,2,True,866-573-8123,La Mancha Apartments,4800,
1339,35 Union Avenue # 10,Campbell,False,1,2,True,408-377-6707,Pruneyard Garden Apartments,2850,
1340,150 West Rincon Avenue,Campbell,False,3,2,True,408-871-1333,Rincon Gables Apartments,4050,
1341,1510 South Bascom Avenue,Campbell,False,3,2,True,408-377-6900,River Walk Apartments,4850,
1342,825 South San Tomas Aquino Road,Campbell,False,2,2,True,408-374-8741,San Tomas Gardens,3250,
1343,275 Union Avenue,Campbell,False,2,2,True,408-898-4572,The Commons,2850,
1344,999 West Hamilton Avenue,Campbell,True,3,2,True,408-796-4545,The Greenery Apartments Homes,4400,
1345,377 Union Avenue,Campbell,False,1,2,True,408-559-7422,Union Manor Apartments,2800,
1346,2000 Clay Bank Road,Fairfield,False,1,2,True,707-881-7063,Avery Park Apartments,3750,
1347,2801 Dover Avenue,Fairfield,True,1,2,True,707-429-8966,Dover Woods,2850,
1348,201 Pennsylvania Avenue,Fairfield,False,1,2,True,707-421-2155,Fairfield Vista Apartments,3900,
1349,651 East Travis Boulevard,Fairfield,False,1,2,True,707-429-1778,Orchard Crossing Apartments,2750,
1350,2800 Dover Avenue,Fairfield,False,1,2,True,707-426-0265,Paradise Valley Apartments,3650,
1351,2323 Fairfield Avenue,Fairfield,False,1,2,True,707-410-6301,Park Haven Apartments,3250,
1352,2450 Peach Tree Drive,Fairfield,False,1,2,True,707-426-1750,Parkwood Apartments,2700,
1353,100 Hawthorn Drive,Fairfield,False,1,2,True,707-425-1624,Round Hill Creek Apartments,2650,
1354,2376 Fairfield Avenue,Fairfield,False,1,2,True,707-425-1199,Willow Brook Apartments,3050,
1355,2000 Clay Bank Road,,False,1,2,True,707-881-7063,Avery Park Apartments,3750,2019-03-11
1356,1546 Maurice Lane,,False,2,2,False,408-818-0710,888 Golden Saratoga-Cupertino Apartment Homes,4450,2019-03-01
1357,1400 A Street,Antioch,False,1,2,True,925-706-0874,Antioch Rivertown Senior Housing,2850,
1358,2005 San Jose Drive,Antioch,False,3,2,False,925-757-1250,Baywoods Apartment Homes,5250,
1359,4900 Canada Valley Road,Antioch,False,3,2,True,925-754-2900,Bella Rose Apartments,4050,
1360,1600 Buchanan Road,Antioch,False,3,2,True,925-750-8811,Buchanan Gardens,4250,
1361,1000 Claudia Court,Antioch,False,3,2,False,925-754-7671,Casa Blanca Apartments,3950,
1362,1017 H Street,Antioch,False,1,2,False,925-978-1017,Casa Bonita,2650,
1363,1600 Aster Drive,Antioch,False,3,2,False,925-705-4248,Crestview Pines,4400,
1364,5100 Vista Grande Dr,Antioch,False,2,2,True,925-755-4141,Cross Pointe,3650,
1365,2301 Sycamore Drive,Antioch,True,3,2,False,925-776-5379,Delta Pines Apartments,5250,
1366,3001 Kodiak Street,Antioch,False,3,2,True,925-754-3733,Hillcrest View Apartments,5250,
1367,1400 A Street,,False,2,2,True,925-706-0874,Antioch Rivertown Senior Housing,4050,2019-03-08
1368,8105 North Lake Drive,Dublin,False,1,2,True,844-329-6888,Amador Lakes Apartment Homes,2550,
1369,5050 Hacienda Drive,Dublin,False,2,2,True,925-875-0006,Jefferson At Emerald Park,3050,
1370,6450 Dougherty Road,Dublin,False,3,2,False,866-748-9429,Park Sierra At Iron Horse Trail Apartments,4050,
1371,7100 San Ramon Road,Dublin,False,1,2,False,925-852-6807,Sofi Dublin,2350,
1372,5050 Hacienda Drive,Dublin,False,1,2,True,925-875-0006,Jefferson At Emerald Park,3050,
1373,6450 Dougherty Road,Dublin,False,1,2,False,866-748-9429,Park Sierra At Iron Horse Trail Apartments,4050,
1374,5050 Hacienda Drive,,False,1,2,True,925-875-0006,Jefferson At Emerald Park,2750,2019-03-03
1375,141 Golf Club Road,Pleasant Hill,True,3,3,False,925-798-4830,Briarwood Apartments,4250,
1376,100 Chilpancingo Parkway,Pleasant Hill,False,3,3,True,925-686-4000,Bridge Grayson Creek Associates,4800,
1377,630 Tempe Court,Pleasant Hill,False,2,3,True,925-825-1220,Camelback North Apartments,4050,
1378,102 Chilpancingo Parkway,Pleasant Hill,False,3,3,False,925-685-2385,Chilpancingo Vista Apartments,5100,
1379,301 Country View Lane # A,Pleasant Hill,False,2,3,True,925-676-6964,Country View Apartments,3900,
1380,100 Devon Avenue,Pleasant Hill,False,3,3,True,925-930-9630,Devon Apartments,4200,
1381,235 Camelback Road,Pleasant Hill,True,3,3,False,925-671-2460,Northridge Apartments,4150,
1382,150 Cleaveland Road,Pleasant Hill,False,3,3,True,925-937-1222,Spring Meadow Apartments,4800,
1383,141 Golf Club Road,,True,3,3,False,925-798-4830,Briarwood Apartments,4250,2019-03-09
1384,4748 West Campbell Avenue,San Jose,False,3,1,True,408-379-8440,Baker Park Apartments,4950,
1385,3801 Blackford Avenue #16,San Jose,False,1,1,True,408-876-3565,Blackford Apartments,2850,
1386,947 Branham Lane # C,,False,1,1,True,408-265-4808,Almaden Garden Apartments,1850,2019-03-09
1387,1585 Marburg Way # 4,,False,1,2,True,408-926-3999,Ann Darling Apartments,2950,2019-03-01
1388,400 East Remington Drive,Sunnyvale,False,1,3,True,408-738-4862,Apricot Pit Apartments,4800,
1389,555 East El Camino Real,Sunnyvale,True,1,3,False,408-738-0935,Arbor Terrace Apartments,3750,
1390,1059 Reed Avenue,Sunnyvale,False,1,3,False,408-984-1060,Aster Park Apartments,3900,
1391,151 South Bernardo Avenue,Sunnyvale,False,1,3,True,650-961-3333,Balboa Apartments,4050,
1392,660 Gail Avenue,Sunnyvale,False,1,3,True,888-854-9884,Bonnie Terrace Apartments,4750,
1393,732 East Evelyn Avenue,Sunnyvale,False,1,3,False,669-267-1020,Bristol Commons,3850,
1394,1651 Belleville Way,Sunnyvale,False,1,3,False,669-257-9990,Brookside Oaks,5000,
1395,815 East Fremont Avenue,Sunnyvale,False,1,3,True,408-736-5183,Cambria Apartments,3850,
1396,874 East El Camino Real,Sunnyvale,False,1,3,False,866-730-1639,Cascades Apartments,4050,
1397,678 Bellflower Avenue,Sunnyvale,False,1,3,True,408-735-9030,Charter Palm Town Homes,4700,
1398,555 East El Camino Real,,True,1,3,False,408-738-0935,Arbor Terrace Apartments,3750,2019-03-08
1399,4656 Quigg Drive,Santa Rosa,False,3,2,False,707-537-9866,Behringer Harvard,5200,
1400,6221 Montecito Boulevard,Santa Rosa,False,3,2,False,707-888-5505,Brush Creek Apartments,4150,
1401,2001 Range Avenue,Santa Rosa,False,1,2,False,707-578-1150,Coddingtown Mall Apartments,2600,
1402,1130 4th Street,Santa Rosa,False,1,2,True,707-544-1400,Creekside Park Apartments,2650,
1403,850 Russell Avenue,Santa Rosa,False,3,2,True,707-542-2883,Del Nido Apartments,3950,
1404,624 Avalon Avenue,,False,2,2,True,707-620-5076,Avalon Apartments,3550,2019-03-02
1405,2780 North Texas Street,Fairfield,False,3,4,False,707-896-4168,Bennington Apartments,5050,
1406,2751 Peppertree Drive,Fairfield,False,3,4,False,707-366-0839,Berkshire Laurel Creek,4900,
1407,1890 Dover Avenue,Fairfield,False,3,4,False,707-422-9630,Birchwood Apartments,4700,
1408,320 East Tabor Avenue,Fairfield,True,3,4,True,707-422-2850,Blue Sky Apartments,5000,
1409,1700 East Tabor Avenue # A3,Fairfield,True,3,4,True,707-429-5426,Country Club Apartments,5200,
1410,2323 Fairfield Avenue,Fairfield,False,3,4,False,707-410-6301,Park Haven Apartments,4750,
1411,10944 San Pablo Avenue # 800,El Cerrito,False,3,3,False,510-232-5798,Civic Plaza Apartments,4200,
1412,6410 Schmidt Lane,El Cerrito,False,3,3,False,510-236-2860,Village At Town Center Apartments,5100,
1413,10944 San Pablo Avenue # 800,,False,3,3,False,510-232-5798,Civic Plaza Apartments,4000,2019-03-14
1414,6801 Leisure Town Road,Vacaville,False,1,1,True,833-215-3663,North Pointe,5100,
1415,209 Aegean Way,Vacaville,False,1,1,False,707-447-3577,Quail Run Apartment Community,3100,
1416,1717 California Drive,Vacaville,True,1,1,False,707-448-7036,Rose Garden Senior Apartments,4750,
1417,1101 Burton Drive,Vacaville,True,1,1,False,707-451-7400,Saratoga Senior Apartments,5200,
1418,199 Aegean Way,,False,1,1,False,707-448-7056,Meadowood Apartments,2300,2019-03-13
1419,1260 Hopkins Street,Berkeley,False,3,4,False,510-526-3267,Hopkins Park Apartments,4750,
1420,2017 Stuart Street,Berkeley,False,3,4,False,510-841-4595,Savo Island Cooperative Homes,4950,
1421,2017 Stuart Street,,False,3,4,False,510-841-4595,Savo Island Cooperative Homes,4950,2019-03-01
1422,1546 Maurice Lane,San Jose,False,3,1,False,408-818-0710,888 Golden Saratoga-Cupertino Apartment Homes,4450,
1423,73 North Keeble Avenue,San Jose,False,3,1,False,408-998-7266,Alameda Gardens Apartments,4850,
1424,2760 McKee Road,San Jose,False,3,1,True,408-251-7570,Arbor Terraces,4900,
1425,1058 South 5th Street,San Jose,False,3,1,True,877-259-1439,Art Ark Apartments,4250,
1426,3801 Blackford Avenue #16,San Jose,True,3,1,False,408-876-3565,Blackford Apartments,4700,
1427,1546 Maurice Lane,,False,3,1,False,408-818-0710,888 Golden Saratoga-Cupertino Apartment Homes,4450,2019-03-01
1428,707 Continental Circle,Mountain View,False,2,2,True,833-278-0054,Americana,3950,
1429,2290 California Street,Mountain View,False,2,2,True,650-965-8290,Arbors At Mountain View,4100,
1430,1335 Montecito Avenue # 1,Mountain View,False,2,2,True,650-940-1909,Barkley Square Apartments,4950,
1431,1265 Montecito Avenue,Mountain View,False,2,2,False,650-940-9349,Brookside Gardens,3900,
1432,302 Easy Street,Mountain View,False,2,2,True,650-968-3830,Chateau Apartments,4000,
1433,200 East Dana Street,Mountain View,False,2,2,False,650-967-3870,Dana Garden Apartments,3500,
1434,1240 Dale Avenue #6,Mountain View,False,2,2,False,650-961-6811,Delmonico Apartments,4900,
1435,210 Easy Street,Mountain View,False,2,2,True,650-961-2975,Fernmar Apartments,4950,
1436,439 Del Medio Avenue,Mountain View,False,2,2,False,650-948-6826,Franciscan Apartments,4050,
1437,1571 West El Camino Real,Mountain View,False,2,2,True,650-969-9800,Hidden Garden Apartments,4700,
1438,707 Continental Circle,,False,2,2,True,833-278-0054,Americana,3950,2019-03-08
1439,1282 Mattox Road,Hayward,False,1,1,True,510-886-0385,Alpine Vista Apartments,1700,
1440,24660 Amador Street,Hayward,False,3,1,True,510-849-6628,Amador Apartments,4950,
1441,26100 Gading Road,Hayward,False,3,1,False,510-785-3281,Amberwood Garden Apartments,4250,
1442,31108 Brae Burn Avenue,Hayward,False,3,1,False,510-471-7075,Baywood Apartments,4950,
1443,22800 Meridian Drive,Hayward,True,1,1,True,510-455-8869,City Centre,1550,
1444,25200 Carlos Bee Boulevard,Hayward,False,1,1,False,510-822-2617,City View,1650,
1445,25100 Cypress Avenue,Hayward,False,1,1,True,510-887-4406,Cypress Glen,2500,
1446,24955 Cypress Avenue,Hayward,True,2,1,True,510-732-9432,Cypress House Apartments,3200,
1447,25221 Cypress Avenue,Hayward,True,3,1,True,510-781-0217,Cypress Point Villas,4900,
1448,24660 Amador Street,,False,2,1,True,510-849-6628,Amador Apartments,3100,2019-03-12
1449,3801 Blackford Avenue #16,San Jose,True,2,2,False,408-876-3565,Blackford Apartments,4700,
1450,2036 Evans Lane,San Jose,True,2,2,False,408-264-0784,Catalonia Apartments,3900,
1451,5255 Camden Avenue,San Jose,True,2,2,False,408-265-5605,Del Coronado Apartments,5200,
1452,6184 Cottle Road,San Jose,True,2,2,False,408-225-8648,Foothill Apartments,5250,
1453,1250 Foxdale Loop,San Jose,True,2,2,False,408-251-1142,Foxdale Village Apartments,3100,
1454,360 Meridian Avenue,San Jose,True,2,2,False,408-995-0637,Parkview Family Apartments,4050,
1455,1290 San Tomas Aquino Road,,True,2,2,False,408-984-8888,Aegena,4900,2019-03-01
1456,38900 Blacow Road,,False,3,4,True,510-797-5980,Carrington Apartments,5050,2019-03-11
1457,4200 Appian Way,,False,1,2,True,510-669-1325,Courtyard Terrace,5200,2019-03-09
1458,1001 Beethoven Common,Fremont,False,3,3,True,510-797-1800,Alborada Apartments,4700,
1459,3500 Pennsylvania Avenue # 101,Fremont,False,3,3,False,510-943-8264,Birchwood Apartments,4700,
1460,36163 Fremont Boulevard,Fremont,False,3,3,False,510-793-1621,Brookvale Chateau,4850,
1461,46703 Crawford Street # 2,Fremont,False,3,3,False,510-651-5292,Crawford Apartments,4750,
1462,41277 Roberts Ave # 32,Fremont,True,3,3,False,510-656-2303,Felson Management Corporation,4300,
1463,34050 Westchester Terrace,,False,3,3,True,510-794-9981,Amber Court,4400,2019-03-13
1464,25221 Cypress Avenue,Hayward,True,3,4,True,510-781-0217,Cypress Point Villas,4900,
1465,27285 Manon Avenue,Hayward,True,3,4,False,510-783-2899,Orange Tree Apartments,4850,
1466,27808 Manon Avenue,Hayward,True,3,4,False,510-782-2555,Town & Country Apartments,5050,
1467,3076 Marlow Road,Santa Rosa,True,1,2,True,707-579-5081,Marlow Apartments,2300,
1468,2002 Pinercrest Drive,Santa Rosa,True,3,2,True,707-579-3424,Orchard West Senior Apartments,4100,
1469,2389 McBride Lane,Santa Rosa,True,3,2,False,707-579-5605,Park Villa Apartments,5050,
1470,1024 Prospect Avenue # 122A,Santa Rosa,True,3,2,False,707-537-7834,Prospect Place Apartments,4400,
1471,3589 Round Barn Boulevard,Santa Rosa,True,3,2,False,707-542-3258,The Meadows At Fountaingrove,4200,
1472,2578 Guerneville Road,Santa Rosa,True,2,2,True,707-578-1899,West Oaks Apartments,2950,
1473,2290 California Street,Mountain View,True,1,2,True,650-965-8290,Arbors At Mountain View,5100,
1474,1265 Montecito Avenue,Mountain View,True,1,2,False,650-940-9349,Brookside Gardens,4250,
1475,302 Easy Street,Mountain View,True,1,2,True,650-968-3830,Chateau Apartments,2800,
1476,200 East Dana Street,Mountain View,True,1,2,False,650-967-3870,Dana Garden Apartments,2800,
1477,111 North Rengstorff Avenue,Mountain View,True,1,2,False,866-654-1645,Madrone Apartments,3900,
1478,1555 West Middlefield Road,Mountain View,True,1,2,False,650-964-8511,Meadowood Apartments,4300,
1479,870 East El Camino Real,Mountain View,True,1,2,True,650-967-1424,Reserve At Mountain View Apartments,5000,
1480,"132, 150 West Dana Street",Mountain View,True,1,2,True,650-968-5695,Sunshine Gardens Apartments,2450,
1481,750 Sylvan Avenue,Mountain View,True,1,2,True,650-961-4697,Sylvan Square Apartments,2300,
1482,2326 California Street,Mountain View,True,1,2,True,650-968-3379,The Californian Apartments,3600,
1483,2290 California Street,Mountain View,True,3,2,True,650-965-8290,Arbors At Mountain View,5100,
1484,1265 Montecito Avenue,Mountain View,True,3,2,False,650-940-9349,Brookside Gardens,4250,
1485,1555 West Middlefield Road,Mountain View,True,3,2,False,650-964-8511,Meadowood Apartments,4300,
1486,870 East El Camino Real,Mountain View,True,3,2,True,650-967-1424,Reserve At Mountain View Apartments,5000,
1487,2225 Sharon Road,Menlo Park,False,3,1,False,650-854-8661,Country Sharon Apartments,4200,
1488,1028 Middle Avenue,Menlo Park,False,2,1,True,650-325-2411,Middle Park Apartments,3600,
1489,3455 Alameda de las Pulgas apt2,Menlo Park,False,2,1,True,650-321-2701,Pines Apartments,3150,
1490,600 Sharon Park Drive,Menlo Park,False,2,1,False,650-854-2651,Seven Oaks Apartments,3050,
1491,350 Sharon Park Drive,Menlo Park,False,2,1,False,650-203-2697,Sharon Green Apartments,3550,
1492,565 Willow Road # 24,Menlo Park,False,2,1,False,650-325-9389,Willow Manor,3700,
1493,2225 Sharon Road,Menlo Park,False,3,2,False,650-854-8661,Country Sharon Apartments,5250,
1494,1028 Middle Avenue,Menlo Park,True,3,2,False,650-325-2411,Middle Park Apartments,4800,
1495,3455 Alameda de las Pulgas apt2,Menlo Park,False,2,2,False,650-321-2701,Pines Apartments,3250,
1496,600 Sharon Park Drive,Menlo Park,False,1,2,False,650-854-2651,Seven Oaks Apartments,2300,
1497,350 Sharon Park Drive,Menlo Park,False,1,2,True,650-203-2697,Sharon Green Apartments,2800,
1498,565 Willow Road # 24,Menlo Park,False,1,2,True,650-325-9389,Willow Manor,2750,
1499,2225 Sharon Road,Menlo Park,False,2,2,False,650-854-8661,Country Sharon Apartments,5250,
1500,1028 Middle Avenue,Menlo Park,True,2,2,False,650-325-2411,Middle Park Apartments,4800,
1501,565 Willow Road # 24,Menlo Park,False,2,2,True,650-325-9389,Willow Manor,4850,
1502,5643 Charlotte Way,Livermore,False,1,1,True,925-371-0905,Acacia Capital Cor-Ironwood Ap,4050,
1503,3998 East Avenue,Livermore,False,1,1,True,925-606-6246,Arbol Verde Apartments,2650,
1504,1300 South Livermore Avenue,Livermore,False,1,1,True,800-545-1833,Arbor Vista Senior Apartments,4100,
1505,1038 Catalina Drive,Livermore,False,1,1,True,925-447-1144,Catalina Crest Apartment Homes,3500,
1506,2991 College Avenue,Livermore,True,1,1,True,925-373-8490,Chardonnay Garden Apts,2650,
1507,5720 East Avenue,Livermore,False,1,1,True,925-271-7358,Livermore Gardens Apartments,2700,
1508,1163 Concannon Boulevard # 99,Livermore,False,1,1,True,925-443-1271,Sunset Gardens Apartments,5250,
1509,3600 Pine Street,Martinez,False,3,4,True,833-255-0983,Mission Pines Apartments,5100,
1510,1580 Clayton Road # 1,Concord,True,3,4,True,925-827-3700,Casa Pino Condos,4800,
1511,1688 Clayton Road,Concord,False,3,4,False,925-671-3845,City Walk Apartment Homes,5200,
1512,1711 Detroit Avenue,Concord,False,3,4,True,925-686-6868,Courtyard Apartments,4700,
1513,4902 Clayton Road,Concord,False,3,4,False,925-405-6881,Diablo Terrace Apartments,4800,
1514,3066 Willow Pass Road,Concord,False,3,4,False,925-691-5974,Kona Kai Village Apartments,4700,
1515,1500 Ellis Street,Concord,False,3,4,False,925-680-5250,Lakeshore Apartment Homes,5000,
1516,1530 Ellis Street,Concord,False,3,4,True,925-521-8333,Lakeshore Apartments,4750,
1517,1897 Oakmead Drive,Concord,True,3,4,False,925-827-2805,Lakeside Apartments,4900,
1518,1741 Detroit Avenue,Concord,False,3,4,True,925-691-4809,Sequoyah Apartments,5250,
1519,4875 Clayton Road,Concord,False,3,4,True,925-691-4776,Sierra Apartments,5250,
1520,141 Donahue Street,Sausalito,False,3,3,True,415-331-0700,Ridgeway Apartments,3900,
1521,150 Sierra Drive,Walnut Creek,False,3,3,False,925-945-1701,Affordable Housing Associates,4150,
1522,1445 Treat Boulevard,Walnut Creek,False,3,3,False,925-943-7977,Archstone Walnut Creek,4150,
1523,1756 Carmel Drive,Walnut Creek,False,3,3,True,925-301-9510,Carmel House,3950,
1524,1435 Creekside Drive,Walnut Creek,False,3,3,True,925-935-4614,Creekside Glen Apartments,3950,
1525,1011 Ygnacio Valley Road,Walnut Creek,False,3,3,False,844-731-9934,Cypress Creek Apartments,4000,
1526,1450 Creekside Drive,Walnut Creek,False,3,3,True,925-930-9625,Diablo Pointe Apartments,4150,
1527,3081 North Main Street # 23,Walnut Creek,False,3,3,False,925-932-0981,Evergreen Apartments,3900,
1528,1357 Creekside Drive,Walnut Creek,True,2,3,False,925-947-0844,Four Seasons Apartments,3500,
1529,3055 North Main Street,Walnut Creek,False,3,3,False,855-388-5520,Kingston Place Apartments,4150,
1530,1200 Newell Hill Place,Walnut Creek,False,2,3,False,925-934-1117,Newell Vista Apartments,3700,
1531,150 Sierra Drive,Walnut Creek,False,3,2,False,925-945-1701,Affordable Housing Associates,4850,
1532,1445 Treat Boulevard,Walnut Creek,False,3,2,True,925-943-7977,Archstone Walnut Creek,4700,
1533,1435 Creekside Drive,Walnut Creek,True,3,2,False,925-935-4614,Creekside Glen Apartments,4350,
1534,1450 Creekside Drive,Walnut Creek,False,3,2,False,925-930-9625,Diablo Pointe Apartments,5250,
1535,3081 North Main Street # 23,Walnut Creek,False,3,2,False,925-932-0981,Evergreen Apartments,5200,
1536,1200 Newell Hill Place,Walnut Creek,False,3,2,True,925-934-1117,Newell Vista Apartments,4350,
1537,2971 North Main Street,Walnut Creek,True,3,2,False,925-939-6667,North Main Apartments,5200,
1538,260 Park Lake Circle B,Walnut Creek,False,3,2,False,925-930-0559,Park Lake At Walnut Creek,5150,
1539,3073 North Main Street,Walnut Creek,False,3,2,False,925-930-8862,The Oaks Apartments,4450,
1540,2150 Tice Valley Boulevard,Walnut Creek,False,3,2,False,925-943-1670,Tice Oaks Apartments,5200,
1541,400 East Remington Drive,Sunnyvale,False,1,2,True,408-738-4862,Apricot Pit Apartments,4150,
1542,555 East El Camino Real,Sunnyvale,False,1,2,False,408-738-0935,Arbor Terrace Apartments,4750,
1543,1059 Reed Avenue,Sunnyvale,False,1,2,True,408-984-1060,Aster Park Apartments,4950,
1544,151 South Bernardo Avenue,Sunnyvale,False,1,2,False,650-961-3333,Balboa Apartments,4900,
1545,660 Gail Avenue,Sunnyvale,False,1,2,True,888-854-9884,Bonnie Terrace Apartments,4450,
1546,732 East Evelyn Avenue,Sunnyvale,False,1,2,False,669-267-1020,Bristol Commons,2900,
1547,1651 Belleville Way,Sunnyvale,False,1,2,True,669-257-9990,Brookside Oaks,4000,
1548,815 East Fremont Avenue,Sunnyvale,False,1,2,True,408-736-5183,Cambria Apartments,3100,
1549,135 Acalanes Drive,Sunnyvale,False,1,2,False,650-965-1671,Casa Del Sol Apartments,2950,
1550,874 East El Camino Real,Sunnyvale,False,1,2,False,866-730-1639,Cascades Apartments,5250,
1551,455 Brahms Way,Sunnyvale,False,1,2,True,408-732-1200,Cezanne Apartments,2800,
1552,678 Bellflower Avenue,Sunnyvale,False,1,2,True,408-735-9030,Charter Palm Town Homes,3900,
1553,250 W El Camino Real,Sunnyvale,False,1,2,True,866-748-9591,Cherry Orchard Apartment Homes,3800,
1554,130 Crescent Avenue,Sunnyvale,False,1,2,True,408-749-1060,Crescent Terrace Senior Apartments,4250,
1555,1055 East Evelyn Avenue,Sunnyvale,True,1,2,True,408-296-8006,Evelyn Gardens,4100,
1556,950 Podva Road,Danville,False,1,2,True,925-314-3003,Sequoia Grove Of Danville,2350,
1557,5317 Creely Avenue,Richmond,False,2,3,False,510-236-4935,Arbors Apartments,3650,
1558,2300 Lancaster Drive,Richmond,False,3,3,True,510-222-2705,Baycliff Apartments,4000,
1559,3400 Richmond Parkway,Richmond,False,2,3,True,510-662-6726,Bella Vista At Hilltop,3950,
1560,298 West Chanslor Avenue,Richmond,False,3,3,False,510-232-8908,Liberty Village Apartments,4050,
1561,680 South 37th Street,Richmond,False,2,3,True,510-215-1926,Monterey Pines,3950,
1562,5005 Montoya Avenue,Richmond,False,3,3,True,510-235-6341,Montoya Garden Apartments,4200,
1563,2801 Pullman Ave,Richmond,False,2,3,False,510-232-3519,Pullman Point Apartments,4050,
1564,121 West Macdonald Avenue,Richmond,False,3,3,False,510-237-6426,St. John'S Apartments,4800,
1565,624 Avalon Avenue,Santa Rosa,True,2,2,True,707-620-5076,Avalon Apartments,3150,
1566,4656 Quigg Drive,Santa Rosa,False,2,2,True,707-537-9866,Behringer Harvard,3050,
1567,6401 Montecito Boulevard # 29,Santa Rosa,True,2,2,True,707-539-6148,Garden Court Apartments,2950,
1568,2315 Lomitas Avenue # 103,Santa Rosa,False,2,2,False,707-528-9077,Marketplace Apartments,3200,
1569,3076 Marlow Road,Santa Rosa,False,2,2,False,707-579-5081,Marlow Apartments,3100,
1570,1421 Range Avenue,Santa Rosa,False,1,2,True,707-569-7488,Monte Vista Apartments,2650,
1571,1814 North Dutton Avenue # 25,Santa Rosa,False,2,2,True,707-542-1310,North Dutton Apartments,2850,
1572,18 Clark Avenue,Cloverdale,True,3,3,True,707-894-3557,Cloverdale Garden Apartments,4050,
1573,100 Kings Circle,Cloverdale,False,3,3,True,707-894-2961,King'S Valley,4100,
1574,19 Clark Avenue,Cloverdale,False,3,3,True,707-894-5426,Vineyard Manor,4100,
1575,22185 Center Street # 59,Castro Valley,True,1,1,True,510-538-3222,Banff Apartments,2700,
1576,22281 Center Street #57,Castro Valley,False,1,1,False,510-538-0995,Continental Apartments,4850,
1577,22160 Center Street,Castro Valley,True,1,1,True,510-581-4280,Creekside Terrace Apartments,2450,
1578,19972 Stanton Avenue,Castro Valley,False,1,1,False,510-538-2000,Mosaic Apartments,1850,
1579,20353 Park Way,Castro Valley,False,1,1,False,510-582-3866,Park Tower Apartments,3950,
1580,20800 Lake Chabot Road,Castro Valley,False,1,1,True,844-423-2122,Quail Hill Apartments,2700,
1581,22281 Center Street,Castro Valley,True,1,1,False,510-889-8771,Redwood Valley Apartment Homes,3650,
1582,22120 Center Street,Castro Valley,False,1,1,True,510-886-3431,Shadow Creek Apartments,4300,
1583,22185 Center Street # 59,Castro Valley,True,2,1,True,510-538-3222,Banff Apartments,4150,
1584,22281 Center Street #57,Castro Valley,False,2,1,False,510-538-0995,Continental Apartments,4850,
1585,19972 Stanton Avenue,Castro Valley,False,2,1,False,510-538-2000,Mosaic Apartments,4800,
1586,20353 Park Way,Castro Valley,False,2,1,False,510-582-3866,Park Tower Apartments,3950,
1587,20800 Lake Chabot Road,Castro Valley,False,2,1,True,844-423-2122,Quail Hill Apartments,2700,
1588,22281 Center Street,Castro Valley,True,2,1,False,510-889-8771,Redwood Valley Apartment Homes,3650,
1589,22120 Center Street,Castro Valley,False,2,1,True,510-886-3431,Shadow Creek Apartments,4300,
1590,4950 Empire Avenue # D2,Oakley,False,3,3,True,925-625-1704,Summer Creek Place,4200,
1591,624 Avalon Avenue,Santa Rosa,False,1,2,True,707-620-5076,Avalon Apartments,3550,
1592,4656 Quigg Drive,Santa Rosa,False,1,2,False,707-537-9866,Behringer Harvard,5200,
1593,825 Russell Avenue,Santa Rosa,False,1,2,True,707-577-0262,Bicentennial Apartments,2800,
1594,3329 Claremont Court,Santa Rosa,True,1,2,True,707-578-1313,Brookside East Apartments,2950,
1595,6221 Montecito Boulevard,Santa Rosa,False,1,2,False,707-888-5505,Brush Creek Apartments,4150,
1596,2807 Yulupa Avenue,Santa Rosa,False,1,2,True,707-527-0128,Country Club Apartments,3250,
1597,850 Russell Avenue,Santa Rosa,False,1,2,True,707-542-2883,Del Nido Apartments,3950,
1598,2322 Maher Drive #5,Santa Rosa,False,1,2,True,707-542-2004,Fairway Arms Apartments,2750,
1599,36163 Fremont Boulevard,Fremont,False,1,1,False,510-793-1621,Brookvale Chateau,1700,
1600,46703 Crawford Street # 2,Fremont,False,1,1,False,510-651-5292,Crawford Apartments,1900,
1601,39438 Stratton Common,Fremont,False,1,1,False,510-490-0371,Crossroads Village Apartments,1900,
1602,41277 Roberts Ave # 32,Fremont,True,1,1,False,510-656-2303,Felson Management Corporation,1800,
1603,37811 Fremont Boulevard,Fremont,False,1,1,True,510-797-4520,Fremont Arms,2000,
1604,4261 Stevenson Boulevard,Fremont,False,1,1,True,510-656-8201,Fremont Manor,1700,
1605,38850 Farwell Drive,Fremont,False,1,1,False,510-793-5100,Glenmoor Green Apartments,1500,
1606,36000 Fremont Boulevard,Fremont,False,1,1,False,510-793-4070,Hacienda Gardens,1650,
1607,4401 Central Avenue,Fremont,False,1,1,True,510-792-5182,Ladera Woods Apartments,1850,
1608,22185 Center Street # 59,Castro Valley,True,3,3,True,510-538-3222,Banff Apartments,4150,
1609,22281 Center Street #57,Castro Valley,False,3,3,False,510-538-0995,Continental Apartments,4850,
1610,19972 Stanton Avenue,Castro Valley,False,3,3,False,510-538-2000,Mosaic Apartments,4800,
1611,20353 Park Way,Castro Valley,False,2,3,False,510-582-3866,Park Tower Apartments,3950,
1612,20800 Lake Chabot Road,Castro Valley,False,3,3,True,844-423-2122,Quail Hill Apartments,5150,
1613,22281 Center Street,Castro Valley,True,2,3,False,510-889-8771,Redwood Valley Apartment Homes,3650,
1614,22120 Center Street,Castro Valley,False,3,3,True,510-886-3431,Shadow Creek Apartments,4300,
1615,1227 Hampshire Street,San Francisco,False,1,2,False,415-285-5966,Betel Apartments,2400,
1616,655 John Muir Drive,San Francisco,False,1,2,True,415-239-4745,Lakewood Access Line,2700,
1617,474 Valencia Street # 280,San Francisco,False,2,2,True,415-864-6432,Mission Housing Development Corporation,2700,
1618,440 Valencia Street,San Francisco,False,1,2,False,415-861-6159,Plaza Del Sol Apartments,2550,
1619,835 Turk Street,San Francisco,False,1,2,False,415-922-0111,Vantaggio Suites,2450,
1620,1150 Webster Street,San Francisco,False,2,3,False,415-563-1885,Buchanan Park,3750,
1621,900 Chestnut Street # 102,San Francisco,False,2,3,True,415-441-5668,Chestnut Place,4000,
1622,420 Berry Street,San Francisco,False,2,3,False,415-371-0012,Crescent Cove,3500,
1623,1820 Post Street,San Francisco,False,2,3,True,415-921-3469,Golden Gate Apartments,3900,
1624,515 John Muir Drive,San Francisco,False,2,3,True,888-536-9891,Lakewood Apartments,3750,
1625,50 Reardon Road # 111,San Francisco,False,2,3,True,415-648-1910,Reardon Heights,3750,
1626,135 Freeway Drive,Napa,True,2,3,False,707-253-8954,Bristol Apartments,3950,
1627,234 Soscol Avenue,Napa,False,3,3,True,707-258-1370,Cadillac Flats Apartments,5200,
1628,3025 Browns Valley Road,Napa,False,3,3,False,707-257-2051,Charter Oaks Apartments,4700,
1629,601 River Glen Drive,Napa,False,2,3,True,707-253-0288,Glen View Apartments,3500,
1630,3663 Solano Avenue,Napa,False,2,3,False,707-266-6934,Hawthorn Village,4000,
1631,613 Cabot Way,Napa,True,3,3,False,707-265-9373,Marina Park Townhomes,5100,
1632,790 Lincoln Avenue,Napa,True,2,3,True,707-255-3119,Napa Park Homes,3900,
1633,2020 Kathleen Drive,Napa,False,3,3,False,707-255-0507,Olive Tree Apartments,4000,
1634,2052 Wilkins Avenue,Napa,False,3,3,True,707-224-4877,Park Sienna Apartments,5150,
1635,1624 Pueblo Avenue,Napa,False,3,3,True,707-251-5687,Rutherford Townhomes,4700,
1636,400 East Remington Drive,Sunnyvale,False,1,1,True,408-738-4862,Apricot Pit Apartments,1600,
1637,555 East El Camino Real,Sunnyvale,True,1,1,False,408-738-0935,Arbor Terrace Apartments,3750,
1638,1059 Reed Avenue,Sunnyvale,False,1,1,False,408-984-1060,Aster Park Apartments,3900,
1639,151 South Bernardo Avenue,Sunnyvale,False,1,1,True,650-961-3333,Balboa Apartments,4050,
1640,660 Gail Avenue,Sunnyvale,False,1,1,True,888-854-9884,Bonnie Terrace Apartments,4750,
1641,732 East Evelyn Avenue,Sunnyvale,False,1,1,False,669-267-1020,Bristol Commons,3250,
1642,1651 Belleville Way,Sunnyvale,False,1,1,False,669-257-9990,Brookside Oaks,5000,
1643,815 East Fremont Avenue,Sunnyvale,False,1,1,True,408-736-5183,Cambria Apartments,2850,
1644,135 Acalanes Drive,Sunnyvale,False,1,1,True,650-965-1671,Casa Del Sol Apartments,1900,
1645,874 East El Camino Real,Sunnyvale,False,1,1,False,866-730-1639,Cascades Apartments,4050,
1646,111 Cleaveland Road,Pleasant Hill,False,1,2,True,925-939-7111,Terrace Apartments,2450,
1647,1450 East Cotati Avenue,Rohnert Park,False,1,2,False,707-793-0123,Cambridge Square Apartments,2500,
1648,6351 Country Club Drive,Rohnert Park,False,1,2,False,707-739-4189,Country Club Village,2400,
1649,5102 Dowdell Avenue,Rohnert Park,False,2,2,True,833-244-8741,Fiori Estates Apartments,3150,
1650,7425 Camino Colegio # 61,Rohnert Park,False,2,2,True,707-792-0669,Park Meadows Apartments,2850,
1651,611 Enterprise Drive,Rohnert Park,False,1,2,False,707-584-3520,Willow Creek Apartments,2300,
1652,1290 San Tomas Aquino Road,San Jose,False,1,2,True,408-984-8888,Aegena,2650,
1653,2415 Rinconada Drive,San Jose,False,1,2,False,408-516-4212,Almaden House,2450,
1654,1543 Ambergrove Drive,San Jose,False,1,2,True,408-453-8011,Amberwood Apartments,2500,
1655,1582 Kooser Road,San Jose,False,1,2,True,408-448-1288,Arbor Apartments,2800,
1656,3801 Blackford Avenue #16,San Jose,False,1,2,True,408-876-3565,Blackford Apartments,2850,
1657,1405 Phelps Avenue,San Jose,False,1,2,False,408-866-6111,Campbell House Apartments,2500,
1658,260 North Capitol Avenue # 109,San Jose,False,1,2,False,408-259-1662,Capitol Avenue Apartments,2700,
1659,220 North White Road,San Jose,True,1,2,True,408-259-0427,Casa Las Palmas,2850,
1660,2580 Fontaine Road,San Jose,False,1,2,False,408-238-0841,Casa Real Apartments,2800,
1661,1 Vista Montana,San Jose,False,1,2,True,844-244-9251,Domain Apartments,2800,
1662,555 East El Camino Real,Sunnyvale,True,2,1,False,408-738-0935,Arbor Terrace Apartments,3750,
1663,1059 Reed Avenue,Sunnyvale,False,2,1,False,408-984-1060,Aster Park Apartments,3900,
1664,151 South Bernardo Avenue,Sunnyvale,False,3,1,True,650-961-3333,Balboa Apartments,4050,
1665,660 Gail Avenue,Sunnyvale,False,3,1,True,888-854-9884,Bonnie Terrace Apartments,4750,
1666,732 East Evelyn Avenue,Sunnyvale,False,2,1,False,669-267-1020,Bristol Commons,3250,
1667,1651 Belleville Way,Sunnyvale,False,3,1,False,669-257-9990,Brookside Oaks,5000,
1668,815 East Fremont Avenue,Sunnyvale,False,2,1,True,408-736-5183,Cambria Apartments,2850,
1669,874 East El Camino Real,Sunnyvale,False,2,1,False,866-730-1639,Cascades Apartments,4050,
1670,1580 Clayton Road # 1,Concord,True,3,3,True,925-827-3700,Casa Pino Condos,4800,
1671,1688 Clayton Road,Concord,False,3,3,False,925-671-3845,City Walk Apartment Homes,5200,
1672,5255 Clayton Road,Concord,False,3,3,False,855-957-1118,Clayton Creek Apartments,4450,
1673,1711 Detroit Avenue,Concord,False,3,3,True,925-686-6868,Courtyard Apartments,4700,
1674,4902 Clayton Road,Concord,False,2,3,False,925-405-6881,Diablo Terrace Apartments,3550,
1675,3620 Clayton Road # 101,Concord,False,3,3,True,925-682-9661,Greentree Terrace Apartments,4300,
1676,1032 Mohr Lane,Concord,False,3,3,True,925-687-8460,Hidden Creek Town Homes,4100,
1677,3066 Willow Pass Road,Concord,False,3,3,False,925-691-5974,Kona Kai Village Apartments,4700,
1678,1500 Ellis Street,Concord,False,3,3,False,925-680-5250,Lakeshore Apartment Homes,5000,
1679,1530 Ellis Street,Concord,False,3,3,True,925-521-8333,Lakeshore Apartments,4750,
1680,1335 Montecito Avenue # 1,Mountain View,False,1,1,True,650-940-1909,Barkley Square Apartments,1600,
1681,1240 Dale Avenue #6,Mountain View,False,1,1,False,650-961-6811,Delmonico Apartments,1800,
1682,375 Oaktree Drive,Mountain View,False,1,1,True,650-390-9450,Ginzton Terrace,1650,
1683,1571 West El Camino Real,Mountain View,False,1,1,False,650-969-9800,Hidden Garden Apartments,1750,
1684,234 Escuela Avenue,Mountain View,False,1,1,False,844-828-9650,Highland Gardens Apartments,1750,
1685,1885 California Street,Mountain View,False,1,1,False,650-964-3882,Maplewood,1550,
1686,1555 West Middlefield Road,Mountain View,True,1,1,False,650-964-8511,Meadowood Apartments,1900,
1687,19608 Pruneridge Avenue,Cupertino,False,1,2,True,408-873-9090,Arioso Apartments,2800,
1688,20667 Forge Way,Cupertino,False,1,2,False,408-739-0870,Forge Homestead Apartments,2800,
1689,10200 Miller Avenue,Cupertino,False,2,2,False,408-446-9898,Gardens Of Fontainbleu Apartments,3200,
1690,19920 Olivewood Street,Cupertino,False,3,2,True,408-457-8106,Pointe At Cupertino,5000,
1691,175 Calvert Drive,Cupertino,False,3,2,True,408-627-8259,Sage At Cupertino,4450,
1692,19500 Pruneridge Avenue,Cupertino,False,3,2,True,866-628-5690,The Hamptons Apartment Homes,4800,
1693,20800 Homestead Road,Cupertino,False,1,2,True,866-495-1855,The Markham Apartments,2550,
1694,19608 Pruneridge Avenue,Cupertino,False,1,1,True,408-873-9090,Arioso Apartments,2800,
1695,20667 Forge Way,Cupertino,False,1,1,False,408-739-0870,Forge Homestead Apartments,2800,
1696,10200 Miller Avenue,Cupertino,False,2,1,False,408-446-9898,Gardens Of Fontainbleu Apartments,3200,
1697,19920 Olivewood Street,Cupertino,False,1,1,True,408-457-8106,Pointe At Cupertino,2050,
1698,175 Calvert Drive,Cupertino,False,3,1,True,408-627-8259,Sage At Cupertino,4450,
1699,20800 Homestead Road,Cupertino,False,1,1,True,866-495-1855,The Markham Apartments,2550,
1700,1546 Maurice Lane,San Jose,False,3,2,False,408-818-0710,888 Golden Saratoga-Cupertino Apartment Homes,4450,
1701,73 North Keeble Avenue,San Jose,False,3,2,False,408-998-7266,Alameda Gardens Apartments,4850,
1702,3801 Blackford Avenue #16,San Jose,True,3,2,False,408-876-3565,Blackford Apartments,4700,
1703,231 Dixon Landing Road,Milpitas,True,3,4,True,408-262-3223,Spinnaker Pointe Apartments,5000,
1704,1500 Vista Club Circle,Santa Clara,False,3,4,False,408-827-1770,Bella Vista Apartments,5100,
1705,3440 Warburton Avenue,Santa Clara,True,3,4,True,408-248-5766,Briarwood Garden Apartments,5250,
1706,1495 Don Avenue,Santa Clara,False,3,4,True,408-713-6428,Civic Plaza Apartments,4700,
1707,2555 Homestead Road,Santa Clara,False,3,4,True,669-444-1717,La Palma Apartments,5100,
1708,3131 Homestead Road,Santa Clara,True,3,4,False,408-244-6715,Laguna Clara Apartments,5250,
1709,440 North Winchester Boulevard,Santa Clara,False,3,4,False,408-498-5769,Le Parc Apartments,4750,
1710,1601 Santa Clara Street,Santa Clara,False,3,4,False,408-615-1016,Lincoln Park Apartments,4750,
1711,3480 Granada Avenue,Santa Clara,True,3,4,True,408-598-2635,Marina Cove,5050,
1712,1050 Benton Street,Santa Clara,False,3,4,True,866-259-2994,Park Central Apartments,4800,
1713,865 Pomeroy Avenue,Santa Clara,True,3,4,False,408-244-0035,Park Terrace Apartments,4800,
1714,330 Canal Street,San Rafael,False,1,2,True,415-456-6619,Canal Apartments,2350,
1715,55 Fairfax Street #27,San Rafael,False,1,2,True,415-453-5531,Casa Vista Apartments,2300,
1716,99 Professional Center Parkway,San Rafael,True,3,2,True,415-472-6644,Deer Park Apartments,4400,
1717,10-90 North Avenue,San Rafael,False,3,2,True,415-491-1125,Mcinnis Park,4400,
1718,1747 Lincoln Avenue,San Rafael,True,3,2,True,415-453-0563,Park Hill Apartments,4950,
1719,99 Professional Center Parkway,San Rafael,True,1,2,True,415-472-6644,Deer Park Apartments,4400,
1720,10-90 North Avenue,San Rafael,False,1,2,True,415-491-1125,Mcinnis Park,4400,
1721,1747 Lincoln Avenue,San Rafael,True,1,2,True,415-453-0563,Park Hill Apartments,4950,
1722,5643 Charlotte Way,Livermore,False,2,3,True,925-371-0905,Acacia Capital Cor-Ironwood Ap,4050,
1723,3998 East Avenue,Livermore,False,2,3,True,925-606-6246,Arbol Verde Apartments,4900,
1724,1300 South Livermore Avenue,Livermore,False,2,3,True,800-545-1833,Arbor Vista Senior Apartments,4100,
1725,3819 East Avenue,Livermore,False,2,3,False,844-412-5121,Briarwood Apartments,4100,
1726,1038 Catalina Drive,Livermore,False,2,3,True,925-447-1144,Catalina Crest Apartment Homes,3500,
1727,2991 College Avenue,Livermore,True,2,3,True,925-373-8490,Chardonnay Garden Apts,4100,
1728,156 North Murrieta Boulevard,Livermore,False,2,3,False,925-455-9025,Meadowbrook Apartments,4250,
1729,1160 Portola Meadows Road,Livermore,False,2,3,False,925-449-6167,Portola Meadows Apartments,4900,
1730,1163 Concannon Boulevard # 99,Livermore,False,2,3,True,925-443-1271,Sunset Gardens Apartments,5250,
1731,403 Junction Avenue,Livermore,False,2,3,False,925-454-0425,Tradewinds Apartments,4950,
1732,624 Avalon Avenue,Santa Rosa,True,3,4,True,707-620-5076,Avalon Apartments,5150,
1733,3329 Claremont Court,Santa Rosa,False,3,4,True,707-578-1313,Brookside East Apartments,4750,
1734,2001 Range Avenue,Santa Rosa,True,3,4,False,707-578-1150,Coddingtown Mall Apartments,5100,
1735,1305 Yulupa Avenue,Santa Rosa,False,3,4,False,707-575-3254,Greentree Apartments,4750,
1736,1421 Range Avenue,Santa Rosa,False,3,4,True,707-569-7488,Monte Vista Apartments,4950,
1737,2002 Pinercrest Drive,Santa Rosa,False,3,4,False,707-579-3424,Orchard West Senior Apartments,5250,
1738,2055 Range Avenue,Santa Rosa,False,3,4,True,707-600-3342,Parc Station Apartments,5050,
1739,638 Cordelia Drive # 1,Santa Rosa,False,3,4,False,707-528-7971,Park Manor Apartments,5200,
1740,1 Kashmir Drive,Santa Rosa,False,3,4,True,707-539-1109,Santa Rosa Garden Apartments,5000,
1741,1050 3rd Street,Santa Rosa,False,3,4,True,707-544-6766,Silvercrest Housing For Snrs,4900,
1742,135 Freeway Drive,Napa,True,2,3,False,707-253-8954,Bristol Apartments,3700,
1743,234 Soscol Avenue,Napa,False,2,3,False,707-258-1370,Cadillac Flats Apartments,3550,
1744,3663 Solano Avenue,Napa,False,2,3,True,707-266-6934,Hawthorn Village,3600,
1745,2020 Kathleen Drive,Napa,False,2,3,True,707-255-0507,Olive Tree Apartments,3550,
1746,1624 Pueblo Avenue,Napa,False,2,3,True,707-251-5687,Rutherford Townhomes,4000,
1747,825 Russell Avenue,Santa Rosa,True,1,1,False,707-577-0262,Bicentennial Apartments,1500,
1748,3329 Claremont Court,Santa Rosa,False,1,1,True,707-578-1313,Brookside East Apartments,1850,
1749,2807 Yulupa Avenue,Santa Rosa,False,1,1,True,707-527-0128,Country Club Apartments,1550,
1750,2322 Maher Drive #5,Santa Rosa,False,1,1,False,707-542-2004,Fairway Arms Apartments,1950,
1751,1305 Yulupa Avenue,Santa Rosa,False,1,1,False,707-575-3254,Greentree Apartments,1750,
1752,1163 Hopper Avenue,Santa Rosa,False,1,1,False,707-526-9675,Hopper Lane Apartments,2000,
1753,3076 Marlow Road,Santa Rosa,False,1,1,False,707-579-5081,Marlow Apartments,1550,
1754,638 Cordelia Drive # 1,Santa Rosa,False,1,1,False,707-528-7971,Park Manor Apartments,1750,
1755,2389 McBride Lane,Santa Rosa,False,1,1,True,707-579-5605,Park Villa Apartments,1600,
1756,6899 Montecito Boulevard,Santa Rosa,False,1,1,False,707-537-0731,Parkwood Apartments,1900,
1757,1435 163rd Avenue #23,San Leandro,False,2,2,True,510-317-5914,Alderwood Apartments,3550,
1758,1300 Kentwood Lane,San Leandro,False,2,2,False,510-481-2565,Ashland Village Apartments,2900,
1759,1475 167th Avenue,San Leandro,False,3,2,False,510-962-8120,Bermuda Garden Apartments,4100,
1760,13949 Doolittle Drive,San Leandro,False,2,2,False,510-352-8728,Bermuda-Trinidad Apartments,4000,
1761,2011 Doolittle Drive # A1,San Leandro,False,3,2,False,510-357-6086,Doolittle Apartments,5000,
1762,14665 Washington Avenue,San Leandro,False,3,2,True,510-483-3707,Eden Roc Apartments,4350,
1763,888 Davis Street,San Leandro,False,3,2,True,510-562-5121,Gateway Apartments,4450,
1764,566 Estudillo Avenue,San Leandro,False,1,2,False,510-352-3224,Hale Apartments,2650,
1765,1713 164th Avenue #1,San Leandro,False,1,2,True,510-481-7575,Hilltop Trio Apartments,2500,
1766,4170 Springlake Drive,San Leandro,False,3,2,False,510-352-5900,Lakeside,5100,
1767,1475 167th Avenue,San Leandro,False,2,2,False,510-962-8120,Bermuda Garden Apartments,4100,
1768,2011 Doolittle Drive # A1,San Leandro,False,2,2,False,510-357-6086,Doolittle Apartments,5000,
1769,14665 Washington Avenue,San Leandro,False,2,2,True,510-483-3707,Eden Roc Apartments,4350,
1770,888 Davis Street,San Leandro,False,2,2,True,510-562-5121,Gateway Apartments,4450,
1771,566 Estudillo Avenue,San Leandro,False,2,2,False,510-352-3224,Hale Apartments,4050,
1772,1713 164th Avenue #1,San Leandro,False,2,2,True,510-481-7575,Hilltop Trio Apartments,4200,
1773,4170 Springlake Drive,San Leandro,False,2,2,False,510-352-5900,Lakeside,5100,
1774,1009 Green Oak Drive,Novato,False,3,3,False,415-883-3544,Hamilton Woods Apartments,5250,
1775,1518 Hill Road,Novato,False,3,3,True,415-897-0311,Hill Valley Apartments,4950,
1776,450 Entrada Drive,Novato,False,3,3,True,415-883-9600,La Casa Novato Apartments,4200,
1777,1725 Novato Boulevard,Novato,False,2,3,False,415-898-8380,Novato Park Apartments,3950,
1778,1515 Novato Boulevard # 29,Novato,False,2,3,True,415-897-0323,Otavon Apartments,3650,
1779,1811 Novato Blvd,Novato,False,2,3,False,415-898-1677,Walnut Grove Apartments,3500,
1780,400 East Remington Drive,Sunnyvale,False,3,2,True,408-738-4862,Apricot Pit Apartments,4800,
1781,555 East El Camino Real,Sunnyvale,True,2,2,False,408-738-0935,Arbor Terrace Apartments,3750,
1782,1059 Reed Avenue,Sunnyvale,False,2,2,False,408-984-1060,Aster Park Apartments,3900,
1783,151 South Bernardo Avenue,Sunnyvale,False,3,2,True,650-961-3333,Balboa Apartments,4050,
1784,660 Gail Avenue,Sunnyvale,False,3,2,True,888-854-9884,Bonnie Terrace Apartments,4750,
1785,732 East Evelyn Avenue,Sunnyvale,False,2,2,False,669-267-1020,Bristol Commons,3250,
1786,1651 Belleville Way,Sunnyvale,False,3,2,False,669-257-9990,Brookside Oaks,5000,
1787,815 East Fremont Avenue,Sunnyvale,False,2,2,True,408-736-5183,Cambria Apartments,2850,
1788,874 East El Camino Real,Sunnyvale,False,2,2,False,866-730-1639,Cascades Apartments,4050,
1789,455 Brahms Way,Sunnyvale,False,1,2,False,408-732-1200,Cezanne Apartments,2750,
1790,947 Branham Lane # C,San Jose,False,3,4,True,408-265-4808,Almaden Garden Apartments,5150,
1791,1582 Kooser Road,San Jose,False,3,4,True,408-448-1288,Arbor Apartments,5000,
1792,4748 West Campbell Avenue,San Jose,False,3,4,True,408-379-8440,Baker Park Apartments,4950,
1793,3801 Blackford Avenue #16,San Jose,False,3,4,True,408-876-3565,Blackford Apartments,5050,
1794,3555 Judro Way,San Jose,False,3,4,True,408-248-1442,Cypress Gardens,4850,
1795,5255 Camden Avenue,San Jose,False,3,4,True,408-265-5605,Del Coronado Apartments,5250,
1796,1780 Oakland Road,San Jose,False,3,4,True,408-437-1444,Los Esteros Apartments,4800,
1797,560 Menker Avenue # A,San Jose,True,3,4,True,408-287-8804,Menclair Apartments,5200,
1798,950 Meridian Avenue,San Jose,False,3,4,True,408-998-2012,Meridian Apartments,4700,
1799,5055 Dent Avenue,San Jose,False,3,4,True,408-556-9202,Oak Park Apartments,4750,
1800,1290 San Tomas Aquino Road,San Jose,True,1,1,False,408-984-8888,Aegena,4900,
1801,73 North Keeble Avenue,San Jose,False,1,1,False,408-998-7266,Alameda Gardens Apartments,3600,
1802,2415 Rinconada Drive,San Jose,False,1,1,False,408-516-4212,Almaden House,4850,
1803,978 Almaden Lake Drive,San Jose,False,1,1,False,408-323-8020,Almaden Lake Apartments,3250,
1804,1543 Ambergrove Drive,San Jose,False,1,1,False,408-453-8011,Amberwood Apartments,3550,
1805,1585 Marburg Way # 4,San Jose,False,1,1,True,408-926-3999,Ann Darling Apartments,3950,
1806,5822 Charlotte Drive,San Jose,True,1,1,True,408-226-5822,Anton La Moraga Apartments,4850,
1807,1582 Kooser Road,San Jose,False,1,1,False,408-448-1288,Arbor Apartments,4250,
1808,2605 Range Avenue,Santa Rosa,True,3,4,True,707-575-9600,Village Square Apartments,4950,
1809,1688 Clayton Road,Concord,False,2,3,False,925-671-3845,City Walk Apartment Homes,3550,
1810,3205 Northwood Drive,Concord,False,2,3,False,925-685-5090,Meadowwood Apartments,3650,
1811,1411 Monument Boulevard,Concord,False,2,3,False,925-827-1836,Monterrey Club Apartments,4050,
1812,1220 Monument Boulevard,Concord,False,2,3,False,925-676-8550,Mountain View Apartments,4000,
1813,3420 Willow Pass Road,Concord,False,3,3,False,925-825-5958,Palm Court Apartment,4200,
1814,1650 Pine Street,Concord,False,2,3,True,855-273-4847,Park Haven Apartments,4000,
1815,1160 Meadow Lane,Concord,False,3,3,True,855-289-4212,Pine Meadows Apartments,3950,
1816,1500 Pine Street # 78,Concord,True,3,3,True,925-827-1700,Pine Terrace Apartments,4050,
1817,4875 Clayton Road,Concord,False,3,3,True,925-691-4776,Sierra Apartments,4000,
1818,1265 Monument Boulevard,Concord,False,3,3,True,925-825-0631,Sun Ridge Apartments,4100,
1819,4757 Snyder Lane,Rohnert Park,False,3,3,False,707-584-3522,Americana Apartment Homes,4350,
1820,1450 East Cotati Avenue,Rohnert Park,False,3,3,False,707-793-0123,Cambridge Square Apartments,4150,
1821,5425 Snyder Lane,Rohnert Park,False,3,3,True,707-664-8808,Camino Creek Apartments,4250,
1822,6351 Country Club Drive,Rohnert Park,False,3,3,False,707-739-4189,Country Club Village,4050,
1823,8670 Camino Colegio,Rohnert Park,False,3,3,True,707-795-9200,Emerald Pointe Apartments,4150,
1824,5102 Dowdell Avenue,Rohnert Park,False,2,3,True,833-244-8741,Fiori Estates Apartments,3900,
1825,8288 Lancaster Drive,Rohnert Park,False,2,3,False,707-795-1445,Lancaster Arms Apartments,4050,
1826,1350 Oak View Circle,Rohnert Park,False,3,3,False,888-321-0662,Oak View Of Sonoma Hills Apartments,4050,
1827,705 Rohnert Park Expressway,Rohnert Park,False,3,3,False,707-584-3755,Vida Nueva,3950,
1828,7272 Camino Colegio,Rohnert Park,False,3,3,True,707-664-8028,Vintage Pointe Apartment,3950,
1829,1000 Kiely Boulevard,Santa Clara,True,2,3,False,669-206-0300,1000 Kiely,4850,
1830,900 Pepper Tree Lane,Santa Clara,True,2,3,False,866-472-2645,Alderwood Apartments,3900,
1831,1655 Pomeroy Avenue,Santa Clara,False,2,3,False,408-241-6308,Carriage House Apartments,4700,
1832,1495 Don Avenue,Santa Clara,True,2,3,True,408-713-6428,Civic Plaza Apartments,4250,
1833,1000 Kiely Boulevard,Santa Clara,False,2,3,False,408-247-6228,Family Tree Apartments,4750,
1834,2555 Homestead Road,Santa Clara,False,2,3,False,669-444-1717,La Palma Apartments,4400,
1835,3600-3616 Flora Vista Avenue,Santa Clara,False,3,3,False,408-261-2252,Catalina Apartments,4750,
1836,3131 Homestead Road,Santa Clara,True,3,3,True,408-244-6715,Laguna Clara Apartments,5050,
1837,440 North Winchester Boulevard,Santa Clara,True,3,3,True,408-498-5769,Le Parc Apartments,5150,
1838,1601 Santa Clara Street,Santa Clara,False,3,3,False,408-615-1016,Lincoln Park Apartments,5250,
1839,135 Freeway Drive,Napa,True,1,1,False,707-253-8954,Bristol Apartments,3950,
1840,234 Soscol Avenue,Napa,False,1,1,True,707-258-1370,Cadillac Flats Apartments,5200,
1841,3025 Browns Valley Road,Napa,False,1,1,False,707-257-2051,Charter Oaks Apartments,4700,
1842,601 River Glen Drive,Napa,False,1,1,True,707-253-0288,Glen View Apartments,3500,
1843,3663 Solano Avenue,Napa,False,1,1,False,707-266-6934,Hawthorn Village,4000,
1844,613 Cabot Way,Napa,True,1,1,False,707-265-9373,Marina Park Townhomes,5100,
1845,2020 Kathleen Drive,Napa,False,1,1,False,707-255-0507,Olive Tree Apartments,4000,
1846,2211 Marin Street,Napa,False,1,1,False,707-927-5105,Rose Garden Apartments,3150,
1847,899 North King Road,San Jose,False,3,3,False,408-272-1588,Arbor Park,4300,
1848,416 Boynton Avenue,San Jose,False,3,3,True,408-246-5509,Boynton Brooks Apartments,4300,
1849,1612 Branham Lane,San Jose,False,3,3,True,408-267-0515,Branham House Apartments,4450,
1850,2036 Evans Lane,San Jose,False,3,3,False,408-264-0784,Catalonia Apartments,4050,
1851,2020 Southwest Expressway,San Jose,False,3,3,False,408-287-6274,Cherry Creek Apartments,4200,
1852,7100 San Ramon Road,Dublin,False,3,4,True,925-852-6807,Sofi Dublin,5000,
1853,210 Easy Street,Mountain View,False,3,3,True,650-961-2975,Fernmar Apartments,4300,
1854,2700 Del Medio Court,Mountain View,True,3,3,True,650-941-2244,Vrent - Del Medio Park Apartments,3900,
1855,1059 Reed Avenue,Sunnyvale,False,1,1,True,408-984-1060,Aster Park Apartments,1950,
1856,455 Crescent Avenue,Sunnyvale,False,1,1,True,408-737-1130,Crescent Manor,2050,
1857,1055 East Evelyn Avenue,Sunnyvale,True,1,1,True,408-296-8006,Evelyn Gardens,1650,
1858,777 South Mathilda Avenue,Sunnyvale,False,1,1,True,408-774-1501,Mathilda Garden Apartments,1750,
1859,1229 Vicente Drive,Sunnyvale,False,1,1,True,650-961-0141,Olive West Apartments,1700,
1860,1209 Ayala Drive,Sunnyvale,False,1,1,True,650-961-6696,Palm Villa Apartments,1950,
1861,355 North Wolfe Road,Sunnyvale,True,1,1,True,408-736-4963,Parkside Apartments,1500,
1862,330 North Mathilda Avenue,Sunnyvale,False,1,1,True,844-503-6930,Peartree,1700,
1863,836 Alturas Avenue # 7,Sunnyvale,True,1,1,True,408-734-3808,Sunridge Apartments,2000,
1864,1235 Wildwood Avenue,Sunnyvale,False,1,1,True,408-735-1300,The Arches Apartments,1800,
1865,1220 North Fair Oaks Avenue,Sunnyvale,False,2,3,True,866-302-5606,Kensington Place Apartments,3650,
1866,777 South Mathilda Avenue,Sunnyvale,False,2,3,True,408-774-1501,Mathilda Garden Apartments,4000,
1867,1063 Morse Avenue,Sunnyvale,False,2,3,True,844-482-6009,Mission Pointe By Windsor,3600,
1868,825 Morse Avenue,Sunnyvale,False,2,3,True,408-734-9442,Morse Court Apartments,3650,
1869,201 West California Avenue,Sunnyvale,False,2,3,True,408-733-4733,Sunnyvale Town Center Apartments,3850,
1870,836 Alturas Avenue # 7,Sunnyvale,True,2,3,True,408-734-3808,Sunridge Apartments,3850,
1871,925 South Wolfe Road,Sunnyvale,False,2,3,True,408-426-5878,The Landmark Apartment Homes,3650,
1872,750 Brahms Way,Sunnyvale,True,2,3,True,408-738-3781,Tiffany Place Apartments,3800,
1873,107 South Mary Avenue,Sunnyvale,False,3,3,True,408-702-2447,Magnolia Square Apartments,4150,
1874,1063 Morse Avenue,Sunnyvale,False,3,3,True,844-482-6009,Mission Pointe By Windsor,4350,
1875,825 Morse Avenue,Sunnyvale,False,3,3,True,408-734-9442,Morse Court Apartments,3950,
1876,1290 San Tomas Aquino Road,San Jose,True,1,2,False,408-984-8888,Aegena,4900,
1877,73 North Keeble Avenue,San Jose,False,1,2,False,408-998-7266,Alameda Gardens Apartments,3600,
1878,947 Branham Lane # C,San Jose,True,1,2,False,408-265-4808,Almaden Garden Apartments,3100,
1879,2415 Rinconada Drive,San Jose,False,1,2,False,408-516-4212,Almaden House,4850,
1880,978 Almaden Lake Drive,San Jose,False,1,2,False,408-323-8020,Almaden Lake Apartments,3250,
1881,1543 Ambergrove Drive,San Jose,False,1,2,False,408-453-8011,Amberwood Apartments,3550,
1882,1582 Kooser Road,San Jose,False,1,2,False,408-448-1288,Arbor Apartments,4250,
1883,1000 Blossom River Way,San Jose,True,3,4,False,408-979-9442,Blossom River Apartments,4700,
1884,600 Epic Way,San Jose,True,3,4,False,669-888-1610,Epic,5150,
1885,4668 Albany Drive,San Jose,True,3,4,True,408-248-0800,San Jose Gardens,4800,
1886,1375 Lick Avenue,San Jose,True,3,4,False,408-564-7347,Skyline At Tamien Station,5200,
1887,755 East Capitol Avenue,Milpitas,False,1,1,False,408-586-9001,Crossing At Montague Apartments,1900,
1888,133 North Temple Drive,Milpitas,False,1,1,False,408-262-2245,Spring Valley Apartments,1750,
1889,1724 Sunnyhills Court,Milpitas,False,1,1,True,408-263-2626,Sunnyhills Apartments,2050,
1890,260 North Capitol Avenue # 109,San Jose,True,3,2,True,408-259-1662,Capitol Avenue Apartments,4850,
1891,2036 Evans Lane,San Jose,True,3,2,False,408-264-0784,Catalonia Apartments,3900,
1892,5255 Camden Avenue,San Jose,True,3,2,False,408-265-5605,Del Coronado Apartments,5200,
1893,6184 Cottle Road,San Jose,True,3,2,False,408-225-8648,Foothill Apartments,5250,
1894,1315 Eden Avenue,San Jose,True,3,2,True,408-378-1970,Regency Square,5150,
1895,"# 11, 3435, 1085 Saratoga Avenue",San Jose,True,3,2,False,408-253-9181,Saratoga Plaza Apartments,4400,
1896,4300 The Woods Drive,San Jose,True,3,2,False,408-227-3700,The Woods Apartments,4300,
1897,3225 Harbor Street,Pittsburg,True,3,2,True,925-432-0333,Fox Creek Apartments,4200,
1898,36707 San Pedro Drive,Fremont,False,3,3,True,510-792-6340,Garden Village Apartments,4250,
1899,4262 Central Avenue,Fremont,False,3,3,True,510-793-4336,Glenhaven Apartments,4300,
1900,2005 San Jose Drive,Antioch,False,3,4,False,925-757-1250,Baywoods Apartment Homes,5250,
1901,1017 H Street,Antioch,False,3,4,False,925-978-1017,Casa Bonita,4850,
1902,2301 Sycamore Drive,Antioch,True,3,4,False,925-776-5379,Delta Pines Apartments,5250,
1903,3001 Kodiak Street,Antioch,False,3,4,True,925-754-3733,Hillcrest View Apartments,5250,
1904,1015 Fitzuren Road #7,Antioch,False,3,4,True,925-978-9772,Magnolia Apartments,4700,
1905,2800 Gentrytown Drive,Antioch,False,3,4,False,925-754-1910,Parkview Village Apartments,5100,
1906,3101 Buchanan Road,Antioch,True,3,4,False,925-754-5455,Summerwood Apartments,5100,
1907,2300 Sycamore Drive # 14,Antioch,False,3,4,False,925-778-5838,Windsor Court Apartments,4700,
1908,624 Avalon Avenue,Santa Rosa,False,1,3,True,707-620-5076,Avalon Apartments,3550,
1909,850 Russell Avenue,Santa Rosa,False,1,3,True,707-542-2883,Del Nido Apartments,3950,
1910,2322 Maher Drive #5,Santa Rosa,False,1,3,True,707-542-2004,Fairway Arms Apartments,3800,
1911,6401 Montecito Boulevard # 29,Santa Rosa,False,1,3,True,707-539-6148,Garden Court Apartments,5100,
1912,"Leasing Office, 6600 Montecito Boulevard",Santa Rosa,False,1,3,True,707-538-1516,Montecito Pines Apartments,4900,
1913,1265 Pacific Avenue # 3,Santa Rosa,False,1,3,True,707-579-0787,Pacific Garden Apartments,4000,
1914,73 North Keeble Avenue,San Jose,True,2,2,False,408-998-7266,Alameda Gardens Apartments,3150,
1915,978 Almaden Lake Drive,San Jose,False,2,2,True,408-323-8020,Almaden Lake Apartments,3100,
1916,1585 Marburg Way # 4,San Jose,False,2,2,True,408-926-3999,Ann Darling Apartments,3100,
1917,5822 Charlotte Drive,San Jose,False,2,2,True,408-226-5822,Anton La Moraga Apartments,3000,
1918,1058 South 5th Street,San Jose,False,2,2,False,877-259-1439,Art Ark Apartments,2900,
1919,4748 West Campbell Avenue,San Jose,False,2,2,True,408-379-8440,Baker Park Apartments,3150,
1920,1510 Marina Vista,San Mateo,False,3,4,False,650-341-3367,Edgewater Isle Senior Apartments,5250,
1921,2717 South Norfolk Street,San Mateo,False,3,4,True,650-729-1461,Lakeshore Landing,5150,
1922,651 North El Camino Real,San Mateo,False,3,4,True,650-343-9038,Park Royal Apartments,4950,
1923,2901 South El Camino Real,San Mateo,False,3,4,False,650-212-0935,Peninsula Station Apartments,4900,
1924,24 East Santa Inez Avenue,San Mateo,False,3,4,True,650-347-2008,Santa Inez Apartments,4850,
1925,3110 Casa De Campo,San Mateo,False,3,4,False,650-572-7180,Sares-Regis Group,5150,
1926,2400 Shady Willow Lane,Brentwood,False,3,4,True,925-240-8448,Arbor Ridge Apartments,4800,
1927,180 Sycamore Avenue,Brentwood,False,3,4,False,925-634-8374,Brentwood Parks Apartments,4900,
1928,1100 Sycamore Court,Brentwood,False,3,4,False,925-634-6200,Sycamore Place Senior Housing,5050,
1929,2101 Sand Creek Road,Brentwood,False,3,4,False,925-516-0260,Villa Amador Apartments,5000,
1930,5317 Creely Avenue,Richmond,False,1,2,False,510-236-4935,Arbors Apartments,2850,
1931,2300 Lancaster Drive,Richmond,False,3,2,True,510-222-2705,Baycliff Apartments,4000,
1932,5000 Hartnett Avenue,Richmond,False,1,2,True,510-237-5377,Crescent Park,2300,
1933,298 West Chanslor Avenue,Richmond,False,3,2,False,510-232-8908,Liberty Village Apartments,4050,
1934,5005 Montoya Avenue,Richmond,False,3,2,True,510-235-6341,Montoya Garden Apartments,4200,
1935,2801 Pullman Ave,Richmond,False,2,2,False,510-232-3519,Pullman Point Apartments,4050,
1936,2601 Hilltop Drive,Richmond,False,1,2,True,510-455-8847,San Marcos,2700,
1937,121 West Macdonald Avenue,Richmond,False,3,2,False,510-237-6426,St. John'S Apartments,4800,
1938,33300 Mission Boulevard,Union City,False,3,4,True,510-489-0546,Dry Creek Apartments,5200,
1939,1501 Decoto Road,Union City,False,3,4,True,510-487-2733,Parkside Apartments,5250,
1940,375 Oaktree Drive,Mountain View,True,1,1,True,650-390-9450,Ginzton Terrace,2400,
1941,1571 West El Camino Real,Mountain View,False,3,1,True,650-969-9800,Hidden Garden Apartments,4700,
1942,234 Escuela Avenue,Mountain View,False,3,1,True,844-828-9650,Highland Gardens Apartments,4900,
1943,1970 Latham Street,Mountain View,True,1,1,True,650-961-6135,Latham Court Apartments,1800,
1944,111 North Rengstorff Avenue,Mountain View,False,1,1,True,866-654-1645,Madrone Apartments,1800,
1945,135 Freeway Drive,Napa,True,2,2,False,707-253-8954,Bristol Apartments,3950,
1946,234 Soscol Avenue,Napa,False,3,2,True,707-258-1370,Cadillac Flats Apartments,5200,
1947,3025 Browns Valley Road,Napa,False,3,2,False,707-257-2051,Charter Oaks Apartments,4700,
1948,601 River Glen Drive,Napa,False,2,2,True,707-253-0288,Glen View Apartments,3500,
1949,3663 Solano Avenue,Napa,False,2,2,False,707-266-6934,Hawthorn Village,4000,
1950,613 Cabot Way,Napa,True,3,2,False,707-265-9373,Marina Park Townhomes,5100,
1951,790 Lincoln Avenue,Napa,True,2,2,True,707-255-3119,Napa Park Homes,3900,
1952,2020 Kathleen Drive,Napa,False,3,2,False,707-255-0507,Olive Tree Apartments,4000,
1953,2052 Wilkins Avenue,Napa,False,1,2,True,707-224-4877,Park Sienna Apartments,2500,
1954,2211 Marin Street,Napa,False,2,2,False,707-927-5105,Rose Garden Apartments,3150,
1955,26100 Gading Road,Hayward,False,3,3,False,510-785-3281,Amberwood Garden Apartments,4250,
1956,22800 Meridian Drive,Hayward,True,2,3,True,510-455-8869,City Centre,3700,
1957,25100 Cypress Avenue,Hayward,False,2,3,True,510-887-4406,Cypress Glen,3700,
1958,375 Industrial Parkway # 314,Hayward,True,2,3,False,510-581-0911,Golf Club Manor Apartments,3750,
1959,27901 Huntwood Avenue # 126,Hayward,True,3,3,False,510-887-1543,Huntwood Commons,4300,
1960,29200 Huntwood Avenue,Hayward,True,3,3,False,510-786-9375,Huntwood Terrace Apartment,4350,
1961,1638 E Street # 106,Hayward,True,2,3,False,510-582-3155,Leisure Terrace,3750,
1962,959 Torrano Avenue # 34,Hayward,False,3,3,False,510-537-7612,Majestic Apartments,4450,
1963,655 Tennyson Road,Hayward,False,2,3,False,855-430-2503,Metro Six55 Apartments,3950,
1964,25997 Gading Road,Hayward,False,3,3,False,510-782-8236,Morpark Apartments,4450,
1965,4445 Stevenson Boulevard,Fremont,False,2,2,True,510-657-1133,Americana Apartments,2800,
1966,40001 Fremont Boulevard,Fremont,False,2,2,True,510-455-8815,Boulevard,2750,
1967,4200 Bay Street,Fremont,False,2,2,False,510-455-8813,Briarwood At Central Park,3250,
1968,4101 Eggers Drive # 16,Fremont,False,1,2,False,510-796-4064,Case Verde Apartment,2700,
1969,41299 Paseo Padre Parkway,Fremont,False,2,2,True,510-651-1040,Century Village Apartments,2700,
1970,39438 Stratton Common,Fremont,False,1,2,False,510-490-0371,Crossroads Village Apartments,2400,
1971,4262 Central Avenue,Fremont,False,1,2,True,510-793-4336,Glenhaven Apartments,2300,
1972,41342 Roberts Avenue,Fremont,True,1,2,True,510-657-9766,Granada Apartments,2750,
1973,36000 Fremont Boulevard,Fremont,False,2,2,False,510-793-4070,Hacienda Gardens,2700,
1974,3355 Pennsylvania Avenue #13,Fremont,False,1,2,True,510-792-4983,Hastings East Apartments,2350,
1975,39548 Fremont Boulevard,Fremont,True,2,2,True,510-657-4244,Pasatiempo Apartments,3100,
1976,37767 Fremont Boulevard,Fremont,True,2,2,False,510-797-5099,Pepper Tree Apartments,3200,
1977,35995 Fremont Boulevard,Fremont,False,2,2,True,510-792-7805,Pinebrook Apartments,3200,
1978,38730 Lexington St # Off,Fremont,False,2,2,False,510-488-6357,Redwood Plaza Apartments,2800,
1979,5000 Owens Drive,Pleasanton,False,1,2,False,925-847-8844,Hacienda Commons Apartments,4150,
1980,240 Kottinger Drive,Pleasanton,False,1,2,False,925-846-0133,Kottinger Place Apartments-Seniors,3050,
1981,5300 Case Avenue,Pleasanton,False,1,2,False,925-461-1948,Promenade Apartments,3600,
1982,5200 Case Avenue,Pleasanton,True,1,2,False,925-484-5131,Ridgeview Commons,4450,
1983,2323 Santa Rita Road,Pleasanton,False,1,2,False,925-462-5850,Santa Maria Apartments,4950,
1984,4031 Stanley Boulevard # 112,Pleasanton,False,1,2,True,925-462-6180,Stanley Junction Senior Apartments,3600,
1985,1552 East Gate Way,Pleasanton,True,1,2,True,844-839-6441,The Kensington,3800,
1986,2000 Clay Bank Road,Fairfield,False,1,2,True,707-881-7063,Avery Park Apartments,3700,
1987,201 Pennsylvania Avenue,Fairfield,False,1,2,True,707-421-2155,Fairfield Vista Apartments,4050,
1988,3700 Lyon Road,Fairfield,False,1,2,True,707-207-4557,Rolling Oaks Apartment Homes,3200,
1989,1480 Phoenix Drive,Fairfield,False,1,2,True,707-429-5810,Townhouse Apartments,3200,
1990,4656 Quigg Drive,Santa Rosa,False,3,3,True,707-537-9866,Behringer Harvard,4050,
1991,825 Russell Avenue,Santa Rosa,True,2,3,False,707-577-0262,Bicentennial Apartments,3700,
1992,6221 Montecito Boulevard,Santa Rosa,True,2,3,True,707-888-5505,Brush Creek Apartments,3950,
1993,2001 Range Avenue,Santa Rosa,True,2,3,False,707-578-1150,Coddingtown Mall Apartments,4050,
1994,2807 Yulupa Avenue,Santa Rosa,False,3,3,True,707-527-0128,Country Club Apartments,4150,
1995,1130 4th Street,Santa Rosa,False,3,3,True,707-544-1400,Creekside Park Apartments,3950,
1996,850 Russell Avenue,Santa Rosa,False,3,3,True,707-542-2883,Del Nido Apartments,4450,
1997,6401 Montecito Boulevard # 29,Santa Rosa,True,3,3,True,707-539-6148,Garden Court Apartments,4200,
1998,1163 Hopper Avenue,Santa Rosa,False,3,3,False,707-526-9675,Hopper Lane Apartments,4350,
1999,310 Butterfly Lane,Santa Rosa,True,2,3,True,707-542-4067,Meadowview Apartments,3750,
2000,1688 Clayton Road,Concord,False,3,1,False,925-671-3845,City Walk Apartment Homes,5150,
2001,400 East Remington Drive,Sunnyvale,False,2,2,True,408-738-4862,Apricot Pit Apartments,4800,
2002,151 South Bernardo Avenue,Sunnyvale,False,2,2,True,650-961-3333,Balboa Apartments,4050,
2003,660 Gail Avenue,Sunnyvale,False,2,2,True,888-854-9884,Bonnie Terrace Apartments,4750,
2004,1651 Belleville Way,Sunnyvale,False,2,2,False,669-257-9990,Brookside Oaks,5000,
2005,455 Brahms Way,Sunnyvale,False,2,2,False,408-732-1200,Cezanne Apartments,2900,
2006,555 East El Camino Real,Sunnyvale,True,3,2,False,408-738-0935,Arbor Terrace Apartments,4850,
2007,130 Crescent Avenue,Sunnyvale,True,3,2,False,408-749-1060,Crescent Terrace Senior Apartments,4300,
2008,107 South Mary Avenue,Sunnyvale,True,3,2,False,408-702-2447,Magnolia Square Apartments,4450,
2009,874 Borregas Avenue,Sunnyvale,True,3,2,False,408-734-3166,Sands Studio Apartments,4350,
2010,1101 Burton Drive,Vacaville,True,3,3,False,707-451-7400,Saratoga Senior Apartments,4450,
2011,1901 Shore Line Drive,Alameda,False,1,2,False,510-863-1139,1901 Shoreline Apartments,4900,
2012,547-549 Buena Vista Avenue,Alameda,True,1,2,True,510-814-1040,Alameda Park Apartments,4300,
2013,459 Neptune Gardens Avenue,Alameda,False,1,2,True,510-769-1496,Breakers At Bayport,4850,
2014,544 Central Avenue,Alameda,False,1,2,False,510-521-3927,Del Coronado,5100,
2015,333 Willow Street # 100,Alameda,False,1,2,True,510-522-5300,Franciscan Apartments,2800,
2016,559 Buena Vista Avenue,Alameda,False,1,2,True,510-521-2697,Garden Court Apartments,2550,
2017,564 Central Avenue,Alameda,False,1,2,True,510-865-1139,Marine View Apartments,2400,
2018,2149 Otis Drive,Alameda,False,1,2,False,510-522-1615,Otis Terrace Apartments,4900,
2019,350 Gunter Lane,Redwood City,True,2,3,True,800-735-2922,Heron Court,3700,
2020,801 Marine Parkway,Redwood City,False,2,3,True,650-593-4300,Indian Creek,3550,
2021,1405 Marshall Street,Redwood City,False,3,3,True,650-679-8066,Marymount Apartments,5200,
2022,950 Redwood Shores Parkway,Redwood City,False,3,3,True,650-591-6666,Pescadero,4150,
2023,700 Bair Island Road,Redwood City,False,3,3,False,866-952-1614,Villas At Bair Island Apartment Homes,4050,
2024,4757 Snyder Lane,Rohnert Park,True,2,3,True,707-584-3522,Americana Apartment Homes,4000,
2025,8670 Camino Colegio,Rohnert Park,False,3,3,False,707-795-9200,Emerald Pointe Apartments,4850,
2026,5102 Dowdell Avenue,Rohnert Park,False,3,3,False,833-244-8741,Fiori Estates Apartments,4950,
2027,1350 Oak View Circle,Rohnert Park,False,3,3,True,888-321-0662,Oak View Of Sonoma Hills Apartments,4800,
2028,1326 East Cotati Avenue #124,Rohnert Park,False,2,3,True,707-615-1187,Park Club Apartments,3950,
2029,7425 Camino Colegio # 61,Rohnert Park,False,3,3,False,707-792-0669,Park Meadows Apartments,4950,
2030,5121 Dowdell Avenue,Rohnert Park,False,3,3,False,707-820-2962,The Reserve At Rohnert Park,3900,
2031,705 Rohnert Park Expressway,Rohnert Park,False,3,3,False,707-584-3755,Vida Nueva,5050,
2032,7272 Camino Colegio,Rohnert Park,True,3,3,False,707-664-8028,Vintage Pointe Apartment,5000,
2033,8105 North Lake Drive,Dublin,True,1,1,False,844-329-6888,Amador Lakes Apartment Homes,3750,
2034,5050 Hacienda Drive,Dublin,False,1,1,True,925-875-0006,Jefferson At Emerald Park,2350,
2035,6450 Dougherty Road,Dublin,True,1,1,False,866-748-9429,Park Sierra At Iron Horse Trail Apartments,3750,
2036,7100 San Ramon Road,Dublin,False,1,1,True,925-852-6807,Sofi Dublin,2750,
2037,2000 Clay Bank Road,Fairfield,False,1,3,True,707-881-7063,Avery Park Apartments,3700,
2038,2780 North Texas Street,Fairfield,False,1,3,False,707-896-4168,Bennington Apartments,5050,
2039,2751 Peppertree Drive,Fairfield,False,1,3,False,707-366-0839,Berkshire Laurel Creek,4900,
2040,1890 Dover Avenue,Fairfield,False,1,3,False,707-422-9630,Birchwood Apartments,4700,
2041,320 East Tabor Avenue,Fairfield,True,1,3,True,707-422-2850,Blue Sky Apartments,5000,
2042,1700 East Tabor Avenue # A3,Fairfield,True,1,3,True,707-429-5426,Country Club Apartments,5200,
2043,1917 Grande Circle,Fairfield,False,1,3,False,707-434-8983,Fairfield Heights,4400,
2044,201 Pennsylvania Avenue,Fairfield,False,1,3,True,707-421-2155,Fairfield Vista Apartments,4050,
2045,201 East Alaska Avenue,Fairfield,False,1,3,False,707-425-7037,Laurel Gardens Apartments,4450,
2046,2800 Dover Avenue,Fairfield,False,1,3,False,707-426-0265,Paradise Valley Apartments,3750,
2047,2355 Fairfield Avenue,Fairfield,True,1,2,False,707-429-1271,Aspen Village Apartments,3250,
2048,2780 North Texas Street,Fairfield,False,1,2,False,707-896-4168,Bennington Apartments,2550,
2049,2751 Peppertree Drive,Fairfield,False,1,2,False,707-366-0839,Berkshire Laurel Creek,4900,
2050,1890 Dover Avenue,Fairfield,False,1,2,False,707-422-9630,Birchwood Apartments,4700,
2051,1917 Grande Circle,Fairfield,False,1,2,False,707-434-8983,Fairfield Heights,4400,
2052,2211 Hastings Drive,Belmont,False,1,1,True,650-592-5533,Carlmont Heights Apartments,2700,
2053,200 Irene Court,Belmont,False,2,1,True,650-592-1271,Catania Regency Apartments,3750,
2054,200 Davey Glen Road,Belmont,False,2,1,False,650-264-9696,Sofi Belmont Glen,2900,
2055,1000 Continentals Way,Belmont,False,2,1,False,650-592-8428,Timberlane Apartments,3100,
2056,150 Sierra Drive,Walnut Creek,False,3,4,False,925-945-1701,Affordable Housing Associates,4850,
2057,1445 Treat Boulevard,Walnut Creek,False,3,4,True,925-943-7977,Archstone Walnut Creek,4700,
2058,1450 Creekside Drive,Walnut Creek,False,3,4,False,925-930-9625,Diablo Pointe Apartments,5250,
2059,3081 North Main Street # 23,Walnut Creek,False,3,4,False,925-932-0981,Evergreen Apartments,5200,
2060,1200 Newell Hill Place,Walnut Creek,False,3,4,True,925-934-1117,Newell Vista Apartments,5050,
2061,2971 North Main Street,Walnut Creek,True,3,4,False,925-939-6667,North Main Apartments,5200,
2062,260 Park Lake Circle B,Walnut Creek,False,3,4,False,925-930-0559,Park Lake At Walnut Creek,5150,
2063,2150 Tice Valley Boulevard,Walnut Creek,False,3,4,False,925-943-1670,Tice Oaks Apartments,5200,
2064,1595 Sunnyvale Avenue #1,Walnut Creek,True,3,4,True,925-937-1595,Walnut Creek Apartments,5050,
2065,1546 Maurice Lane,,False,3,3,True,408-818-0710,888 Golden Saratoga-Cupertino Apartment Homes,4450,2019-03-11
2066,400 East Remington Drive,,False,3,3,True,408-738-4862,Apricot Pit Apartments,4150,2019-03-08
2067,900 Pepper Tree Lane,Santa Clara,False,2,3,True,866-472-2645,Alderwood Apartments,3650,
2068,3650 Buckley Street Apt#907,Santa Clara,False,2,3,True,408-247-1440,Oakbrook Apartments,3800,
2069,101 Saratoga Avenue,Santa Clara,False,2,3,True,866-913-4881,Orchard Glen Apartments,3950,
2070,1050 Benton Street,Santa Clara,False,2,3,True,866-259-2994,Park Central Apartments,3600,
2071,3320 Montgomery Drive,Santa Clara,True,2,3,True,949-299-5089,Santa Clara Square Apartment Homes,3950,
2072,3442 El Camino Real,Santa Clara,False,2,3,True,408-246-4349,Warburton Apartments,3900,
2073,3707 Poinciana Drive,Santa Clara,False,2,3,True,408-246-5600,Waterstone Santa Clara,3900,
2074,900 Pepper Tree Lane,,False,2,3,True,866-472-2645,Alderwood Apartments,3650,2019-03-05
2075,1515 Novato Boulevard # 29,Novato,False,2,3,False,415-897-0323,Otavon Apartments,4000,
2076,1811 Novato Blvd,Novato,False,3,3,False,415-898-1677,Walnut Grove Apartments,4050,
2077,1811 Novato Blvd,Novato,False,2,3,False,415-898-1677,Walnut Grove Apartments,3550,
2078,1811 Novato Blvd,,False,2,3,False,415-898-1677,Walnut Grove Apartments,3550,2019-03-04
2079,400 East Remington Drive,Sunnyvale,False,3,4,True,408-738-4862,Apricot Pit Apartments,4900,
2080,555 East El Camino Real,Sunnyvale,False,3,4,False,408-738-0935,Arbor Terrace Apartments,4750,
2081,1059 Reed Avenue,Sunnyvale,False,3,4,True,408-984-1060,Aster Park Apartments,4950,
2082,151 South Bernardo Avenue,Sunnyvale,False,3,4,False,650-961-3333,Balboa Apartments,4900,
2083,660 Gail Avenue,Sunnyvale,False,3,4,True,888-854-9884,Bonnie Terrace Apartments,5250,
2084,874 East El Camino Real,Sunnyvale,False,3,4,False,866-730-1639,Cascades Apartments,5250,
2085,455 Brahms Way,Sunnyvale,False,3,4,True,408-732-1200,Cezanne Apartments,5250,
2086,1234 Sunnyvale Saratoga Road # 9,Sunnyvale,False,3,4,False,408-737-2424,Chatelaine Apartments,5200,
2087,555 East Washington Avenue,Sunnyvale,True,3,4,False,833-630-9835,Heritage Park Apartments,4850,
2088,110 E Remington Dr # 18,Sunnyvale,True,3,4,True,408-733-9430,One Ten Remington Apartments,5150,
2089,400 East Remington Drive,,False,3,4,True,408-738-4862,Apricot Pit Apartments,4900,2019-03-05
2090,5255 Clayton Road,,False,3,3,False,855-957-1118,Clayton Creek Apartments,4450,2019-03-14
2091,4757 Snyder Lane,,False,3,3,False,707-584-3522,Americana Apartment Homes,4350,2019-03-03
2092,899 North King Road,San Jose,False,3,4,False,408-272-1588,Arbor Park,5250,
2093,2760 McKee Road,San Jose,False,3,4,False,408-251-7570,Arbor Terraces,4950,
2094,320 Crescent Village Circle,San Jose,False,3,4,False,866-794-5531,Crescent Village Apartment Homes,4800,
2095,947 Branham Lane # C,,False,3,4,True,408-265-4808,Almaden Garden Apartments,5150,2019-03-14
2096,1500 Vista Club Circle,,False,3,4,False,408-827-1770,Bella Vista Apartments,5100,2019-03-03
2097,133 North Temple Drive,,False,1,1,False,408-262-2245,Spring Valley Apartments,1750,2019-03-07
2098,1282 Mattox Road,Hayward,False,3,4,True,510-886-0385,Alpine Vista Apartments,5150,
2099,24660 Amador Street,Hayward,False,3,4,True,510-849-6628,Amador Apartments,4950,
2100,24545 Amador Street,Hayward,False,3,4,True,510-400-7700,Jackson Arms Apartments,4950,
2101,2537 Kelly Street,Hayward,False,3,4,True,510-866-2123,Kelly Green Apartments,4750,
2102,671 West A Street,Hayward,False,3,4,True,510-784-0866,Olive Tree Plaza,5200,
2103,605 Orchard Avenue,Hayward,False,3,4,True,510-886-1055,Park Orchard Apartments,4750,
2104,328 Sunset Boulevard # 1,Hayward,False,3,4,True,510-733-9720,Peppertree Village,4700,
2105,1137 Walpert Street,Hayward,False,3,4,True,510-581-8484,Walnut Hills Apartments,4850,
2106,44 Harder Road,Hayward,False,3,4,True,510-582-1567,Woodlark Apartments,4900,
2107,24660 Amador Street,,False,3,4,True,510-849-6628,Amador Apartments,4950,2019-03-11
2108,22160 Center Street,Castro Valley,False,1,1,True,510-581-4280,Creekside Terrace Apartments,1950,
2109,20353 Park Way,Castro Valley,False,1,1,False,510-582-3866,Park Tower Apartments,2050,
2110,20800 Lake Chabot Road,Castro Valley,False,1,1,False,844-423-2122,Quail Hill Apartments,1700,
2111,22281 Center Street,Castro Valley,True,1,1,False,510-889-8771,Redwood Valley Apartment Homes,1900,
2112,22120 Center Street,Castro Valley,False,1,1,False,510-886-3431,Shadow Creek Apartments,1700,
2113,20353 Park Way,,False,1,1,False,510-582-3866,Park Tower Apartments,2050,2019-03-14
2114,24660 Amador Street,Hayward,False,2,2,True,510-849-6628,Amador Apartments,3100,
2115,25200 Carlos Bee Boulevard,Hayward,False,1,2,False,510-822-2617,City View,2550,
2116,25100 Cypress Avenue,Hayward,False,1,2,True,510-887-4406,Cypress Glen,2500,
2117,24955 Cypress Avenue,Hayward,True,2,2,True,510-732-9432,Cypress House Apartments,3200,
2118,29596 Dixon Street # 60,Hayward,False,2,2,False,510-537-4705,Dixon Apartments,3150,
2119,921 Fletcher Lane,Hayward,True,1,2,True,510-538-3658,Fletcher Gardens Apartments,2600,
2120,2747 Oliver Drive,Hayward,False,1,2,True,510-782-2311,Josephine Lum Lodge,2800,
2121,2537 Kelly Street,Hayward,False,2,2,True,510-866-2123,Kelly Green Apartments,3250,
2122,959 Torrano Avenue # 34,Hayward,False,2,2,False,510-537-7612,Majestic Apartments,3200,
2123,655 Tennyson Road,Hayward,False,2,2,False,855-430-2503,Metro Six55 Apartments,2900,
2124,25100 Cypress Avenue,,False,1,2,True,510-887-4406,Cypress Glen,2500,2019-03-13
2125,707 Continental Circle,Mountain View,False,2,2,False,833-278-0054,Americana,2700,
2126,2290 California Street,Mountain View,True,1,2,True,650-965-8290,Arbors At Mountain View,2700,
2127,302 Easy Street,Mountain View,True,2,2,True,650-968-3830,Chateau Apartments,2800,
2128,200 East Dana Street,Mountain View,True,2,2,False,650-967-3870,Dana Garden Apartments,2800,
2129,305 Easy Street,Mountain View,False,1,2,False,650-218-6577,Eldorado Apartments,2550,
2130,210 Easy Street,Mountain View,False,1,2,True,650-961-2975,Fernmar Apartments,2350,
2131,439 Del Medio Avenue,Mountain View,False,2,2,False,650-948-6826,Franciscan Apartments,3250,
2132,234 Escuela Avenue,Mountain View,False,2,2,False,844-828-9650,Highland Gardens Apartments,3000,
2133,2650 California Street,Mountain View,False,1,2,False,650-948-7855,Kentfield Apartments,2600,
2134,1970 Latham Street,Mountain View,False,1,2,True,650-961-6135,Latham Court Apartments,2500,
2135,2290 California Street,,True,1,2,True,650-965-8290,Arbors At Mountain View,2700,2019-03-02
2136,350 Sharon Park Drive,,False,1,1,True,650-203-2697,Sharon Green Apartments,1800,2019-03-10
2137,1288 East Hillsdale Boulevard,Foster City,False,2,2,True,844-334-0618,Miramar Apartments,3200,
2138,300 Timberhead Lane,Foster City,False,2,2,False,650-572-0540,Schooner Bay Apartment Homes,3250,
2139,300 Timberhead Lane,,False,2,2,False,650-572-0540,Schooner Bay Apartment Homes,3250,2019-03-01
2140,2052 Wilkins Avenue,Napa,False,3,3,False,707-224-4877,Park Sienna Apartments,4000,
2141,135 Freeway Drive,,True,2,3,False,707-253-8954,Bristol Apartments,3700,2019-03-14
2142,150 Sierra Drive,,False,3,3,False,925-945-1701,Affordable Housing Associates,4150,2019-03-11
2143,1270 Linford Lane,Dixon,False,3,4,False,707-678-6394,Dixon Manor Apartments,5050,
2144,1270 Linford Lane,,False,3,4,False,707-678-6394,Dixon Manor Apartments,5050,2019-03-02
2145,1260 Hopkins Street,Berkeley,False,2,2,True,510-526-3267,Hopkins Park Apartments,2700,
2146,1425 Oregon Street,Berkeley,True,2,2,True,510-848-8554,Oregon Park Senior Apartments,3250,
2147,2017 Stuart Street,Berkeley,False,2,2,True,510-841-4595,Savo Island Cooperative Homes,2900,
2148,2605 Haste Street,,True,1,2,False,510-996-4167,Casa Bonita,2650,2019-03-11
2149,2000 Shoreline Loop,San Ramon,False,1,1,False,925-307-7099,Bel Air,1900,
2150,4000 Bollinger Crest Common,San Ramon,True,1,1,True,925-820-2828,Bollinger Crest Apartments,1900,
2151,1700 Promontory Lane,San Ramon,False,1,1,True,925-307-7143,Crow Canyon,1650,
2152,1110 Harness Drive,San Ramon,False,1,1,True,925-307-7105,Foothill - Twin Creeks,1800,
2153,2100 Waterstone Place,San Ramon,False,1,1,True,925-307-7005,Mill Creek,1500,
2154,3300 Promontory Circle,San Ramon,False,1,1,True,925-838-8850,Promontory View,2000,
2155,2000 Bellas Artes Circle,San Ramon,False,1,1,True,925-736-9120,Seville Apartments,1650,
2156,2000 Shoreline Loop,,False,1,1,False,925-307-7099,Bel Air,1900,2019-03-14
2157,1688 Clayton Road,,False,3,4,False,925-671-3845,City Walk Apartment Homes,5200,2019-03-10
2158,1651 Belleville Way,Sunnyvale,False,1,2,True,669-257-9990,Brookside Oaks,2700,
2159,135 Acalanes Drive,Sunnyvale,False,1,2,False,650-965-1671,Casa Del Sol Apartments,2400,
2160,107 South Mary Avenue,Sunnyvale,False,1,2,True,408-702-2447,Magnolia Square Apartments,2450,
2161,330 North Mathilda Avenue,Sunnyvale,False,1,2,True,844-503-6930,Peartree,2750,
2162,575 East Remington Drive,Sunnyvale,False,1,2,False,408-245-6710,Remington Grove Apartments,2350,
2163,1180 Reed Avenue,Sunnyvale,False,1,2,False,408-244-5636,Riverdeck Apartments,2700,
2164,936 Azure Street # A1,Sunnyvale,False,1,2,False,408-245-7710,Sara-Vale Apartments,2700,
2165,655 South Fair Oaks Avenue,Sunnyvale,True,1,2,False,866-829-7835,Spruce Apartments,2850,
2166,739 East El Camino Real,Sunnyvale,False,1,2,False,408-738-0505,St Francis Arms,2300,
2167,135 Acalanes Drive,,False,1,2,False,650-965-1671,Casa Del Sol Apartments,2400,2019-03-12
2168,275 Hawthorne Avenue,Palo Alto,False,2,3,True,650-966-5319,275 Hawthorne Apartments,4050,
2169,3820 Park Boulevard,Palo Alto,False,2,3,False,650-493-2424,Casa Carolina Apartments,3500,
2170,325 Hawthorne Avenue,Palo Alto,False,3,3,True,650-966-5319,Hawthorne,4300,
2171,1600 Sand Hill Road,Palo Alto,False,3,3,True,650-321-1701,Oak Creek Apartments,4250,
2172,650 San Antonio Road,Palo Alto,False,2,3,True,650-213-9700,Palo Alto Gardens,4050,
2173,630 Los Robles Avenue,Palo Alto,False,3,3,True,650-858-2199,Palo Alto Housing Corporation,4350,
2174,1094 Tanland Drive,Palo Alto,False,2,3,True,888-743-1697,Parker Palo Alto Apartments,3650,
2175,2850 Middlefield Road,Palo Alto,False,3,3,False,650-322-1112,Southwood Apartments,4050,
2176,700 Clark Way,Palo Alto,False,2,3,True,888-440-1758,Stanford West Apartments,3600,
2177,562 Kendall Avenue,Palo Alto,False,2,3,False,650-321-1000,Vrent - Park West Apartments,3850,
2178,275 Hawthorne Avenue,,False,2,3,True,650-966-5319,275 Hawthorne Apartments,4050,2019-03-02
2179,24660 Amador Street,,False,2,2,True,510-849-6628,Amador Apartments,3100,2019-03-14
2180,1400 A Street,Antioch,False,2,3,True,925-706-0874,Antioch Rivertown Senior Housing,3800,
2181,2005 San Jose Drive,Antioch,False,3,3,True,925-757-1250,Baywoods Apartment Homes,4050,
2182,1600 Buchanan Road,Antioch,True,3,3,True,925-750-8811,Buchanan Gardens,4050,
2183,1000 Claudia Court,Antioch,False,2,3,True,925-754-7671,Casa Blanca Apartments,3550,
2184,1600 Aster Drive,Antioch,False,3,3,False,925-705-4248,Crestview Pines,4350,
2185,5100 Vista Grande Dr,Antioch,True,2,3,True,925-755-4141,Cross Pointe,3900,
2186,2301 Sycamore Drive,Antioch,False,2,3,False,925-776-5379,Delta Pines Apartments,3900,
2187,3001 Kodiak Street,Antioch,True,2,3,True,925-754-3733,Hillcrest View Apartments,3900,
2188,600 Wilbur Avenue,Antioch,False,2,3,False,925-779-0601,Lakeshore Apartments,4000,
2189,1015 Fitzuren Road #7,Antioch,False,2,3,False,925-978-9772,Magnolia Apartments,3800,
2190,1400 A Street,,False,2,3,True,925-706-0874,Antioch Rivertown Senior Housing,3800,2019-03-04
2191,449 Tyrella Avenue,Mountain View,False,1,2,True,650-964-2874,Tyrella Garden Apartments,2700,
2192,2290 California Street,,True,1,2,True,650-965-8290,Arbors At Mountain View,2700,2019-03-14
2193,215 Bayview Street,San Rafael,False,2,2,False,415-485-1140,215 Bayview Apartments,2800,
2194,400 Canal Street # 131,San Rafael,False,1,2,False,415-454-6223,400 Canal Street Apartments,2550,
2195,330 Canal Street,San Rafael,False,1,2,False,415-456-6619,Canal Apartments,2750,
2196,99 Professional Center Parkway,San Rafael,False,1,2,False,415-472-6644,Deer Park Apartments,2300,
2197,201 D Street,San Rafael,False,2,2,False,415-720-6977,Franciscan Manor,2950,
2198,10-90 North Avenue,San Rafael,False,2,2,False,415-491-1125,Mcinnis Park,3250,
2199,215 Bayview Street,,False,2,2,False,415-485-1140,215 Bayview Apartments,2800,2019-03-11
2200,1107 Porter Street,Vallejo,False,1,2,False,855-890-5508,Bay Village Apartments,2700,
2201,19 Panorama Drive,Vallejo,True,1,2,True,707-642-6400,Holiday Gardens Apartments,2650,
2202,2700 Tuolumne Street,Vallejo,False,1,2,True,707-644-3670,Mission Terracina Apartments,2300,
2203,2900 Redwood Parkway,Vallejo,True,2,2,True,707-557-0411,Parkway Place Apartments,3250,
2204,100 Larissa Lane,Vallejo,False,2,2,False,707-643-1100,Seabreeze,3000,
2205,1 Spyglass Parkway,Vallejo,False,2,2,False,707-557-4400,Seabridge At Glen Cove Apartments,2800,
2206,40 Valle Vista Avenue,Vallejo,True,1,2,True,707-642-7231,Solano Vista Senior Apartments,2400,
2207,1101 North Camino Alto,Vallejo,False,1,2,False,707-549-6029,The Valencia Apartments,2650,
2208,2851 Redwood Pkwy,Vallejo,False,1,2,False,707-643-9466,Village View Apartments,2750,
2209,1107 Porter Street,,False,1,2,False,855-890-5508,Bay Village Apartments,2700,2019-03-13
2210,420 North Bayshore Boulevard # 1,San Mateo,False,3,4,False,650-342-5708,Country Club Apartments,4950,
2211,1510 Marina Vista,San Mateo,False,3,4,True,650-341-3367,Edgewater Isle Senior Apartments,5200,
2212,2901 South El Camino Real,San Mateo,False,3,4,True,650-212-0935,Peninsula Station Apartments,4700,
2213,1195 Saranap Avenue # 14,Walnut Creek,True,3,4,True,925-937-1324,Birchwood Apartments,4750,
2214,245 Masters Court,Walnut Creek,False,3,4,True,925-906-9000,Club Villas,4800,
2215,1011 Ygnacio Valley Road,Walnut Creek,False,3,4,False,844-731-9934,Cypress Creek Apartments,4700,
2216,1450 Creekside Drive,Walnut Creek,False,3,4,True,925-930-9625,Diablo Pointe Apartments,4800,
2217,3055 North Main Street,Walnut Creek,False,3,4,False,855-388-5520,Kingston Place Apartments,5150,
2218,2971 North Main Street,Walnut Creek,True,3,4,False,925-939-6667,North Main Apartments,4850,
2219,1459 Creekside Drive,Walnut Creek,False,3,4,False,855-250-5961,The Retreat,5250,
2220,1595 Sunnyvale Avenue #1,Walnut Creek,False,3,4,False,925-937-1595,Walnut Creek Apartments,5200,
2221,1195 Saranap Avenue # 14,,True,3,4,True,925-937-1324,Birchwood Apartments,4750,2019-03-08
2222,947 Branham Lane # C,,False,3,4,True,408-265-4808,Almaden Garden Apartments,5150,2019-03-11
2223,459 Neptune Gardens Avenue,Alameda,False,2,3,True,510-769-1496,Breakers At Bayport,3600,
2224,544 Central Avenue,Alameda,False,2,3,True,510-521-3927,Del Coronado,4000,
2225,544 Central Avenue,,False,2,3,True,510-521-3927,Del Coronado,4000,2019-03-05
2226,1580 Clayton Road # 1,Concord,True,2,2,True,925-827-3700,Casa Pino Condos,3200,
2227,1711 Detroit Avenue,Concord,False,2,2,True,925-686-6868,Courtyard Apartments,2900,
2228,3066 Willow Pass Road,Concord,False,2,2,False,925-691-5974,Kona Kai Village Apartments,3250,
2229,1500 Ellis Street,Concord,False,1,2,False,925-680-5250,Lakeshore Apartment Homes,2750,
2230,1897 Oakmead Drive,Concord,True,2,2,False,925-827-2805,Lakeside Apartments,3250,
2231,3205 Northwood Drive,Concord,False,2,2,False,925-685-5090,Meadowwood Apartments,2800,
2232,1411 Monument Boulevard,Concord,False,2,2,False,925-827-1836,Monterrey Club Apartments,3250,
2233,2055 Fox Way,Concord,False,2,2,False,925-384-1332,Oakview Apartments,2950,
2234,3420 Willow Pass Road,Concord,False,1,2,False,925-825-5958,Palm Court Apartment,2650,
2235,2925 Monument Boulevard,Concord,False,2,2,False,925-685-4246,Palm Terrace Concord,2700,
2236,1711 Detroit Avenue,,False,2,2,True,925-686-6868,Courtyard Apartments,2900,2019-03-05
2237,4656 Quigg Drive,,False,3,3,True,707-537-9866,Behringer Harvard,4050,2019-03-09
2238,275 Hawthorne Avenue,Palo Alto,False,2,2,True,650-966-5319,275 Hawthorne Apartments,3250,
2239,574 Arastradero Road,Palo Alto,False,2,2,True,650-493-4376,Arastradero Park Apartments,2900,
2240,630 Los Robles Avenue,Palo Alto,False,2,2,True,650-858-2199,Palo Alto Housing Corporation,3150,
2241,1094 Tanland Drive,Palo Alto,False,2,2,True,888-743-1697,Parker Palo Alto Apartments,2900,
2242,700 Clark Way,Palo Alto,False,2,2,True,888-440-1758,Stanford West Apartments,2750,
2243,275 Hawthorne Avenue,,False,2,2,True,650-966-5319,275 Hawthorne Apartments,3250,2019-03-06
2244,1546 Maurice Lane,,False,1,1,True,408-818-0710,888 Golden Saratoga-Cupertino Apartment Homes,1600,2019-03-08
2245,790 Lincoln Avenue,Napa,True,1,2,False,707-255-3119,Napa Park Homes,2750,
2246,2211 Marin Street,Napa,True,1,2,True,707-927-5105,Rose Garden Apartments,2400,
2247,790 Lincoln Avenue,,True,1,2,False,707-255-3119,Napa Park Homes,2750,2019-03-08
2248,199 Aegean Way,Vacaville,False,3,4,False,707-448-7056,Meadowood Apartments,5100,
2249,6801 Leisure Town Road,Vacaville,False,3,4,True,833-215-3663,North Pointe,5100,
2250,1717 California Drive,Vacaville,True,3,4,False,707-448-7036,Rose Garden Senior Apartments,4750,
2251,1101 Burton Drive,Vacaville,True,3,4,False,707-451-7400,Saratoga Senior Apartments,5200,
2252,1300 Burton Drive,Vacaville,False,3,4,False,707-447-2500,The Commons Apartments,4950,
2253,901 Sara Court,Vacaville,False,3,4,True,707-446-3219,The Sycamores Apartments,5150,
2254,199 Aegean Way,,False,3,4,False,707-448-7056,Meadowood Apartments,5100,2019-03-03
2255,400 East Remington Drive,,False,3,3,True,408-738-4862,Apricot Pit Apartments,4150,2019-03-05
2256,2000 Shoreline Loop,San Ramon,False,3,4,False,925-307-7099,Bel Air,5150,
2257,1700 Promontory Lane,San Ramon,False,3,4,True,925-307-7143,Crow Canyon,4900,
2258,9200 Alcosta Boulevard,San Ramon,False,3,4,False,925-828-3060,Fairway Village Apartments,5050,
2259,1108 Crestfield Drive,San Ramon,False,3,4,True,925-314-8034,Muirlands At Windemere Apartments,4700,
2260,125 Cedar Pointe Loop,San Ramon,False,3,4,False,925-833-1813,The Seasons,4700,
2261,2000 Shoreline Loop,,False,3,4,False,925-307-7099,Bel Air,5150,2019-03-12
2262,961 Porter Street,Vallejo,False,3,4,True,833-420-7531,Harbor Park Apartment Homes,4800,
2263,19 Panorama Drive,,True,1,2,True,707-642-6400,Holiday Gardens Apartments,2650,2019-03-05
2264,2290 California Street,,True,1,2,True,650-965-8290,Arbors At Mountain View,2700,2019-03-08
2265,1475 167th Avenue,San Leandro,False,1,1,False,510-962-8120,Bermuda Garden Apartments,1650,
2266,2011 Doolittle Drive # A1,San Leandro,False,1,1,False,510-357-6086,Doolittle Apartments,1900,
2267,2777 Marina Boulevard,San Leandro,True,1,1,True,510-352-4659,Marina Plaza Apartments,1500,
2268,None,San Leandro,False,1,1,True,510-586-6396,Montair Apartments,1950,
2269,1511 163rd Avenue,San Leandro,False,1,1,False,510-276-2693,Quail Run Apartments,1850,
2270,15267 Hesperian Boulevard,San Leandro,False,1,1,False,510-276-4805,Summerhill Terrace Apartments,1550,
2271,1475 167th Avenue,,False,1,1,False,510-962-8120,Bermuda Garden Apartments,1650,2019-03-06
2272,31755 Alvarado Boulevard,Union City,False,2,3,True,510-471-1272,Adrienne Village Apartments,3700,
2273,3900 Horner Street,Union City,False,2,3,False,510-489-2220,Summerhill Place Apartments,4000,
2274,33 Union Square,Union City,False,2,3,True,510-475-7575,Verandas,3750,
2275,31755 Alvarado Boulevard,,False,2,3,True,510-471-1272,Adrienne Village Apartments,3700,2019-03-01
2276,4350 San Pablo Dam Road #8,El Sobrante,False,1,1,False,510-222-2390,Courtyard Villa Apartments,1600,
2277,3535 El Portal Drive,El Sobrante,False,1,1,True,510-222-8623,Solace Apartment Homes,1600,
2278,4350 San Pablo Dam Road #8,,False,1,1,False,510-222-2390,Courtyard Villa Apartments,1600,2019-03-11
2279,4757 Snyder Lane,,False,3,3,False,707-584-3522,Americana Apartment Homes,4350,2019-03-13
2280,1550 Valley Glen Drive,Dixon,False,2,2,False,707-693-9310,Bristol Apartment Homes,2950,
2281,1270 Linford Lane,Dixon,False,2,2,False,707-678-6394,Dixon Manor Apartments,2800,
2282,1270 Linford Lane,,False,2,2,False,707-678-6394,Dixon Manor Apartments,2800,2019-03-03
2283,2400 Shady Willow Lane,,False,3,4,True,925-240-8448,Arbor Ridge Apartments,4800,2019-03-12
2284,2211 Hastings Drive,Belmont,False,2,2,False,650-592-5533,Carlmont Heights Apartments,3000,
2285,1000 Continentals Way,Belmont,True,2,2,False,650-592-8428,Timberlane Apartments,3000,
2286,2211 Hastings Drive,,False,2,2,False,650-592-5533,Carlmont Heights Apartments,3000,2019-03-13
2287,31108 Brae Burn Avenue,Hayward,False,3,4,False,510-471-7075,Baywood Apartments,4950,
2288,28500 Mission Boulevard,Hayward,False,3,4,False,877-794-9878,Mission Heights Apartments,4700,
2289,25997 Gading Road,Hayward,False,3,4,False,510-782-8236,Morpark Apartments,5150,
2290,1282 Mattox Road,,False,3,4,True,510-886-0385,Alpine Vista Apartments,5150,2019-03-12
2291,160 Wilford Lane,Cotati,False,3,4,False,707-793-8454,Wilford Lane Apartments,5250,
2292,160 Wilford Lane,,False,3,4,False,707-793-8454,Wilford Lane Apartments,5250,2019-03-09
2293,500 Ioof Avenue,Gilroy,False,3,3,True,408-842-4457,Plaza Vasquez,4200,
2294,9355 Monterey Road,Gilroy,True,3,3,False,408-848-6400,Sobrato Transitional Apartments,4150,
2295,500 Ioof Avenue,,False,3,3,True,408-842-4457,Plaza Vasquez,4200,2019-03-14
2296,1290 San Tomas Aquino Road,,False,1,2,True,408-984-8888,Aegena,2650,2019-03-06
2297,5 Hutchins Way,Novato,False,2,2,False,415-382-0801,Bay Vista,2750,
2298,1518 Hill Road,Novato,False,1,2,True,415-897-0311,Hill Valley Apartments,2750,
2299,1725 Novato Boulevard,Novato,False,2,2,True,415-898-8380,Novato Park Apartments,3250,
2300,5 Hutchins Way,,False,2,2,False,415-382-0801,Bay Vista,2750,2019-03-10
2301,3051 Alma Street,Palo Alto,False,1,2,True,650-813-1369,Alma Apartments,2750,
2302,650 San Antonio Road,Palo Alto,False,1,2,True,650-213-9700,Palo Alto Gardens,2800,
2303,2850 Middlefield Road,Palo Alto,False,1,2,False,650-322-1112,Southwood Apartments,2500,
2304,562 Kendall Avenue,Palo Alto,False,2,2,False,650-321-1000,Vrent - Park West Apartments,3250,
2305,4757 Snyder Lane,,False,3,3,False,707-584-3522,Americana Apartment Homes,4350,2019-03-02
2306,150 Sierra Drive,,False,3,3,False,925-945-1701,Affordable Housing Associates,4150,2019-03-03
2307,300 Hilary Way,Vallejo,False,2,3,True,707-552-2745,Fountain Plaza Apartments,3850,
2308,19 Panorama Drive,Vallejo,True,3,3,True,707-642-6400,Holiday Gardens Apartments,4350,
2309,2700 Tuolumne Street,Vallejo,False,3,3,True,707-644-3670,Mission Terracina Apartments,4300,
2310,1 Spyglass Parkway,Vallejo,False,3,3,False,707-557-4400,Seabridge At Glen Cove Apartments,3950,
2311,453 Fleming Avenue East,Vallejo,False,3,3,False,707-553-9743,Shari'S Apartments,3950,
2312,154 Richardson Drive,Vallejo,False,2,3,False,707-643-6667,Strawberry Hill Apartments,4050,
2313,19 Panorama Drive,,True,3,3,True,707-642-6400,Holiday Gardens Apartments,4350,2019-03-06
2314,1155 San Pablo Avenue,Albany,False,2,3,True,510-525-4425,Creekside Apartments,3850,
2315,1155 San Pablo Avenue,,False,2,3,True,510-525-4425,Creekside Apartments,3850,2019-03-05
2316,24955 Cypress Avenue,Hayward,True,1,1,True,510-732-9432,Cypress House Apartments,1850,
2317,921 Fletcher Lane,Hayward,True,1,1,True,510-538-3658,Fletcher Gardens Apartments,1950,
2318,375 Industrial Parkway # 314,Hayward,True,1,1,False,510-581-0911,Golf Club Manor Apartments,1650,
2319,1725 B Street,Hayward,True,1,1,True,510-538-7360,Silk Oaks Apartments,1700,
2320,24955 Cypress Avenue,,True,1,1,True,510-732-9432,Cypress House Apartments,1850,2019-03-07
2321,699 Gravenstein Highway North,Sebastopol,False,3,3,False,707-829-0556,Burbank Business Management,4300,
2322,7777 Bodega Avenue,Sebastopol,False,3,3,True,707-823-1361,Burbank Heights & Orchard Seni,4000,
2323,699 Gravenstein Highway North,,False,3,3,False,707-829-0556,Burbank Business Management,4300,2019-03-07
2324,1400 A Street,Antioch,False,2,2,True,925-706-0874,Antioch Rivertown Senior Housing,3150,
2325,1017 H Street,Antioch,True,2,2,True,925-978-1017,Casa Bonita,3250,
2326,1015 Fitzuren Road #7,Antioch,False,2,2,False,925-978-9772,Magnolia Apartments,3250,
2327,2300 Sycamore Drive # 14,Antioch,True,2,2,False,925-778-5838,Windsor Court Apartments,2850,
2328,1400 A Street,,False,2,2,True,925-706-0874,Antioch Rivertown Senior Housing,3150,2019-03-13
2329,400 East Remington Drive,,False,3,3,True,408-738-4862,Apricot Pit Apartments,4150,2019-03-07
2330,400 East Remington Drive,,False,3,4,True,408-738-4862,Apricot Pit Apartments,4900,2019-03-14
2331,24660 Amador Street,,False,2,2,True,510-849-6628,Amador Apartments,3100,2019-03-05
2332,1100 Market Street,Oakland,True,2,3,False,510-832-2249,Beth Eden Apartments,4050,
2333,520 Van Buren Avenue,Oakland,False,3,3,True,510-763-2338,Grand Lake Terrace Apartments,4300,
2334,5321 Telegraph Avenue,Oakland,False,2,3,True,510-652-4043,Keller Plaza Apartments,3700,
2335,6475 Foothill Boulevard,Oakland,False,3,3,False,510-638-4383,Kenneth Henry Court,3950,
2336,801 14th Street,Oakland,False,3,3,False,510-835-4846,Oak Village Apartments,4400,
2337,1100 Market Street,,True,2,3,False,510-832-2249,Beth Eden Apartments,4050,2019-03-13
2338,1546 Maurice Lane,,False,3,3,True,408-818-0710,888 Golden Saratoga-Cupertino Apartment Homes,4450,2019-03-04
2339,34050 Westchester Terrace,Fremont,False,3,3,True,510-794-9981,Amber Court,4400,
2340,38900 Blacow Road,Fremont,True,3,3,True,510-797-5980,Carrington Apartments,4350,
2341,4401 Central Avenue,Fremont,False,3,3,True,510-792-5182,Ladera Woods Apartments,4050,
2342,3330 Country Drive,Fremont,False,3,3,False,510-792-7817,Parkview Apartments,4350,
2343,20 Pickering Avenue,Fremont,True,3,3,False,510-739-0931,Pickering Place,4400,
2344,38730 Lexington St # Off,Fremont,False,3,3,False,510-488-6357,Redwood Plaza Apartments,4200,
2345,4917 Central Avenue,Fremont,True,3,3,False,510-794-1900,Regency Square Apartments,4400,
2346,34050 Westchester Terrace,,False,3,3,True,510-794-9981,Amber Court,4400,2019-03-11
2347,1501 Alamo Drive,Vacaville,False,1,2,False,707-448-3848,Alamo Garden Apartments,2550,
2348,199 Aegean Way,Vacaville,False,1,2,False,707-448-7056,Meadowood Apartments,2300,
2349,6801 Leisure Town Road,Vacaville,False,1,2,True,833-215-3663,North Pointe,2800,
2350,209 Aegean Way,Vacaville,False,2,2,False,707-447-3577,Quail Run Apartment Community,3100,
2351,1101 Farmington Drive,Vacaville,False,1,2,False,707-446-3152,River Run Apartments,2400,
2352,100 Summerfield Drive,Vacaville,False,1,2,True,707-447-0514,Summerfield Apartments,2650,
2353,555 Elmira Road,Vacaville,False,1,2,True,707-271-0084,The Parc,2650,
2354,1510 Alamo Drive,Vacaville,True,1,2,False,707-702-1307,Woodcrest,2400,
2355,209 Aegean Way,Vacaville,False,3,3,False,707-447-3577,Quail Run Apartment Community,4100,
2356,293 Shasta Drive,Vacaville,False,3,3,True,707-447-3651,Shasta Terrace,4000,
2357,555 Elmira Road,Vacaville,False,3,3,True,707-271-0084,The Parc,4300,
2358,293 Shasta Drive,,False,3,3,True,707-447-3651,Shasta Terrace,4000,2019-03-06
2359,200 Greenbriar Circle,Petaluma,False,3,3,False,855-243-4986,Addison Ranch,4300,
2360,1400 Technology Lane,Petaluma,True,3,3,True,707-775-3161,Azure At Lakeville Square Apartments,3950,
2361,210 Douglas Street # 100,Petaluma,False,3,3,False,707-773-0510,Leib Senior Apartments,4100,
2362,150 Graylawn Avenue,Petaluma,True,2,3,True,707-762-5126,Oak Creek Apartments,3900,
2363,"7011, 109 Magnolia Avenue",Petaluma,False,3,3,False,707-762-6709,Park Lane Apartments,3950,
2364,149 Wyndham Way,Petaluma,False,2,3,False,707-763-8434,Petaluma Senior Citizens Apt,3550,
2365,909 Martin Circle,Petaluma,False,2,3,False,707-763-9242,Washington Creek Apartments,3950,
2366,210 Douglas Street # 100,Petaluma,False,2,3,False,707-773-0510,Leib Senior Apartments,3800,
2367,210 Douglas Street # 100,,False,2,3,False,707-773-0510,Leib Senior Apartments,3800,2019-03-05
2368,947 Branham Lane # C,,False,3,4,True,408-265-4808,Almaden Garden Apartments,5150,2019-03-02
2369,400 East Remington Drive,,False,3,3,True,408-738-4862,Apricot Pit Apartments,4150,2019-03-03
2370,200 Greenbriar Circle,,False,3,3,False,855-243-4986,Addison Ranch,4300,2019-03-14
2371,1100 Market Street,Oakland,True,1,1,False,510-832-2249,Beth Eden Apartments,1800,
2372,344 13th Street,Oakland,False,1,1,True,510-663-2001,Empyrean Towers,1750,
2373,1100 Market Street,,True,1,1,False,510-832-2249,Beth Eden Apartments,1800,2019-03-07
2374,20 East Main Street,Los Gatos,True,3,4,True,408-831-7797,El Gato Penthouse,4750,
2375,570 University Avenue # 1,Los Gatos,False,3,4,True,408-395-6244,Tamarack Apartments,5150,
2376,14225 Lora Drive,Los Gatos,False,3,4,False,408-378-9472,Wedgewood Manor,5100,
2377,20 East Main Street,,True,3,4,True,408-831-7797,El Gato Penthouse,4750,2019-03-11
2378,825 Russell Avenue,,True,2,3,False,707-577-0262,Bicentennial Apartments,3700,2019-03-09
2379,2355 Fairfield Avenue,Fairfield,True,3,3,False,707-429-1271,Aspen Village Apartments,4350,
2380,2000 Clay Bank Road,Fairfield,False,2,3,True,707-881-7063,Avery Park Apartments,3750,
2381,1890 Dover Avenue,Fairfield,False,3,3,False,707-422-9630,Birchwood Apartments,4150,
2382,1700 East Tabor Avenue # A3,Fairfield,True,3,3,False,707-429-5426,Country Club Apartments,4250,
2383,201 Pennsylvania Avenue,Fairfield,False,2,3,True,707-421-2155,Fairfield Vista Apartments,3900,
2384,855 East Tabor Avenue,Fairfield,True,3,3,False,707-439-8195,Groves At East Tabor,4250,
2385,2800 Dover Avenue,Fairfield,False,2,3,True,707-426-0265,Paradise Valley Apartments,3650,
2386,2450 Peach Tree Drive,Fairfield,False,2,3,True,707-426-1750,Parkwood Apartments,3900,
2387,2215 Peach Tree Drive,Fairfield,False,3,3,False,707-427-3396,Peachwood Apartments,4100,
2388,3700 Lyon Road,Fairfield,True,2,3,False,707-207-4557,Rolling Oaks Apartment Homes,3600,
2389,2355 Fairfield Avenue,,True,3,3,False,707-429-1271,Aspen Village Apartments,4350,2019-03-07
2390,707 Continental Circle,,False,1,2,False,833-278-0054,Americana,2750,2019-03-13
2391,1000 Kiely Boulevard,Santa Clara,False,3,3,True,669-206-0300,1000 Kiely,4300,
2392,1655 Pomeroy Avenue,Santa Clara,False,2,3,False,408-241-6308,Carriage House Apartments,3900,
2393,3375 Homestead Road,Santa Clara,False,3,3,False,408-984-0244,Hidden Lake,4300,
2394,2555 Homestead Road,Santa Clara,False,3,3,True,669-444-1717,La Palma Apartments,4200,
2395,3600 Benton Street # 5,Santa Clara,False,3,3,True,408-241-4073,Laurelwood Apartments,4150,
2396,3480 Granada Avenue,Santa Clara,True,3,3,True,408-598-2635,Marina Cove,4400,
2397,1000 Kiely Boulevard,,False,3,3,True,669-206-0300,1000 Kiely,4300,2019-03-01
2398,1059 Reed Avenue,,False,1,1,True,408-984-1060,Aster Park Apartments,1950,2019-03-04
2399,160 Wilford Lane,,False,3,4,False,707-793-8454,Wilford Lane Apartments,5250,2019-03-14
2400,1290 San Tomas Aquino Road,,False,2,3,True,408-984-8888,Aegena,3500,2019-03-07
2401,4000 Bollinger Crest Common,San Ramon,True,3,3,True,925-820-2828,Bollinger Crest Apartments,4350,
2402,1000 Canyon Village Circle,San Ramon,False,3,3,True,925-820-8385,Canyon Creek Apartments,3950,
2403,500 Copperset Road,San Ramon,True,3,3,True,925-968-1175,Falcon Bridge,4000,
2404,2100 Waterstone Place,San Ramon,False,3,3,True,925-307-7005,Mill Creek,4050,
2405,3300 Promontory Circle,San Ramon,False,3,3,True,925-838-8850,Promontory View,4000,
2406,1000 Canyon Village Circle,,False,3,3,True,925-820-8385,Canyon Creek Apartments,3950,2019-03-08
2407,3770 Flora Vista Avenue,Santa Clara,False,2,2,True,888-743-1851,Boardwalk Apartments,2750,
2408,3375 Homestead Road,Santa Clara,False,2,2,False,408-984-0244,Hidden Lake,3050,
2409,440 North Winchester Boulevard,Santa Clara,False,2,2,False,408-498-5769,Le Parc Apartments,2700,
2410,3650 Buckley Street Apt#907,Santa Clara,False,2,2,True,408-247-1440,Oakbrook Apartments,2750,
2411,865 Pomeroy Avenue,Santa Clara,True,2,2,False,408-244-0035,Park Terrace Apartments,2750,
2412,3455 Homestead Road,Santa Clara,False,2,2,True,408-243-3898,Vista Point Apartments,2850,
2413,1700 Promontory Lane,,False,3,4,True,925-307-7143,Crow Canyon,4900,2019-03-03
2414,3440 Warburton Avenue,Santa Clara,True,1,2,True,408-248-5766,Briarwood Garden Apartments,2800,
2415,1495 Don Avenue,Santa Clara,False,1,2,True,408-713-6428,Civic Plaza Apartments,2450,
2416,3131 Homestead Road,Santa Clara,True,1,2,False,408-244-6715,Laguna Clara Apartments,2850,
2417,3770 Flora Vista Avenue,,False,2,2,True,888-743-1851,Boardwalk Apartments,2750,2019-03-04
2418,2355 Fairfield Avenue,Fairfield,True,3,4,False,707-429-1271,Aspen Village Apartments,4900,
2419,2780 North Texas Street,Fairfield,True,3,4,False,707-896-4168,Bennington Apartments,4750,
2420,320 East Tabor Avenue,Fairfield,False,3,4,False,707-422-2850,Blue Sky Apartments,4750,
2421,1700 East Tabor Avenue # A3,Fairfield,True,3,4,False,707-429-5426,Country Club Apartments,4800,
2422,1917 Grande Circle,Fairfield,False,3,4,False,707-434-8983,Fairfield Heights,5250,
2423,2323 Fairfield Avenue,Fairfield,False,3,4,True,707-410-6301,Park Haven Apartments,4750,
2424,693 East Tabor Avenue,Fairfield,False,3,4,False,707-426-4034,Rockwell Manor Apartments,4700,
2425,840 East Travis Boulevard # 600,Fairfield,False,3,4,False,707-422-9188,Sunset Creek Apartments,4900,
2426,2355 Fairfield Avenue,,True,3,4,False,707-429-1271,Aspen Village Apartments,4900,2019-03-11
2427,5643 Charlotte Way,Livermore,False,3,4,True,925-371-0905,Acacia Capital Cor-Ironwood Ap,4750,
2428,3998 East Avenue,Livermore,False,3,4,True,925-606-6246,Arbol Verde Apartments,4900,
2429,1160 Portola Meadows Road,Livermore,False,3,4,False,925-449-6167,Portola Meadows Apartments,4900,
2430,1163 Concannon Boulevard # 99,Livermore,False,3,4,True,925-443-1271,Sunset Gardens Apartments,5250,
2431,403 Junction Avenue,Livermore,False,3,4,False,925-454-0425,Tradewinds Apartments,4950,
2432,5643 Charlotte Way,,False,3,4,True,925-371-0905,Acacia Capital Cor-Ironwood Ap,4750,2019-03-09
2433,1275 Central Boulevard,Brentwood,False,1,1,False,925-513-1110,Avery At Towncentre,1900,
2434,2101 Sand Creek Road,Brentwood,False,1,1,False,925-516-0260,Villa Amador Apartments,1800,
2435,1275 Central Boulevard,,False,1,1,False,925-513-1110,Avery At Towncentre,1900,2019-03-04
2436,19972 Stanton Avenue,Castro Valley,True,3,4,True,510-538-2000,Mosaic Apartments,5050,
2437,19972 Stanton Avenue,,True,3,4,True,510-538-2000,Mosaic Apartments,5050,2019-03-07
2438,1107 Porter Street,Vallejo,False,1,1,False,855-890-5508,Bay Village Apartments,1650,
2439,300 Hilary Way,Vallejo,False,1,1,True,707-552-2745,Fountain Plaza Apartments,1500,
2440,100 Larissa Lane,Vallejo,False,1,1,False,707-643-1100,Seabreeze,1850,
2441,40 Valle Vista Avenue,Vallejo,True,1,1,True,707-642-7231,Solano Vista Senior Apartments,1900,
2442,1101 North Camino Alto,Vallejo,False,1,1,False,707-549-6029,The Valencia Apartments,1950,
2443,2851 Redwood Pkwy,Vallejo,False,1,1,False,707-643-9466,Village View Apartments,1550,
2444,1107 Porter Street,,False,1,1,False,855-890-5508,Bay Village Apartments,1650,2019-03-04
2445,947 Branham Lane # C,,False,3,4,True,408-265-4808,Almaden Garden Apartments,5150,2019-03-07
2446,1001 Beethoven Common,Fremont,False,3,4,True,510-797-1800,Alborada Apartments,4700,
2447,4261 Stevenson Boulevard,Fremont,False,3,4,True,510-656-8201,Fremont Manor,4700,
2448,4444 Central Avenue,Fremont,False,3,4,True,510-792-1161,Glenmills Apartments,5050,
2449,42010 Blacow Road,Fremont,False,3,4,True,510-657-2020,Minutetogo,4850,
2450,1301 Stevenson Boulevard,Fremont,False,3,4,True,510-713-1808,Park Vista Apartments,4750,
2451,3600 Pennsylvania Avenue,Fremont,False,3,4,True,510-792-2328,Pennsylvania Apartments,5150,
2452,None,Fremont,False,3,4,True,510-657-1171,Sundale South Apartments,5250,
2453,2000 Walnut Avenue,Fremont,False,3,4,True,510-744-1200,The Presidio,4850,
2454,38771 Bell Street,Fremont,False,3,4,True,510-794-5860,Woodland Garden Apartments,4750,
2455,4261 Stevenson Boulevard,,False,3,4,True,510-656-8201,Fremont Manor,4700,2019-03-09
2456,707 Continental Circle,,False,2,2,False,833-278-0054,Americana,2700,2019-03-05
2457,4950 Empire Avenue # D2,,False,3,3,True,925-625-1704,Summer Creek Place,4200,2019-03-13
2458,4757 Snyder Lane,Rohnert Park,False,1,1,False,707-584-3522,Americana Apartment Homes,1700,
2459,8670 Camino Colegio,Rohnert Park,False,1,1,True,707-795-9200,Emerald Pointe Apartments,1950,
2460,1326 East Cotati Avenue #124,Rohnert Park,True,1,1,False,707-615-1187,Park Club Apartments,1600,
2461,5121 Dowdell Avenue,Rohnert Park,False,1,1,True,707-820-2962,The Reserve At Rohnert Park,1850,
2462,7272 Camino Colegio,Rohnert Park,False,1,1,True,707-664-8028,Vintage Pointe Apartment,1850,
2463,4757 Snyder Lane,,False,1,1,False,707-584-3522,Americana Apartment Homes,1700,2019-03-13
2464,1180 Lochinvar Avenue,Sunnyvale,False,3,3,False,408-244-8385,Lemontree Square Apartments,4350,
2465,1711 Detroit Avenue,,False,2,2,True,925-686-6868,Courtyard Apartments,2900,2019-03-10
2466,36163 Fremont Boulevard,,False,1,1,False,510-793-1621,Brookvale Chateau,1700,2019-03-05
2467,1000 Kiely Boulevard,,False,3,3,True,669-206-0300,1000 Kiely,4300,2019-03-13
2468,5643 Charlotte Way,Livermore,False,3,3,True,925-371-0905,Acacia Capital Cor-Ironwood Ap,4050,
2469,1300 South Livermore Avenue,Livermore,False,3,3,True,800-545-1833,Arbor Vista Senior Apartments,4100,
2470,3819 East Avenue,Livermore,False,3,3,False,844-412-5121,Briarwood Apartments,4100,
2471,2991 College Avenue,Livermore,True,3,3,True,925-373-8490,Chardonnay Garden Apts,4100,
2472,156 North Murrieta Boulevard,Livermore,False,3,3,False,925-455-9025,Meadowbrook Apartments,4250,
2473,5107 Norma Way # 23,Livermore,True,3,3,False,925-447-9140,Vineyard Apartments,4400,
2474,5643 Charlotte Way,,False,3,3,True,925-371-0905,Acacia Capital Cor-Ironwood Ap,4050,2019-03-12
2475,350 Gunter Lane,Redwood City,False,1,2,True,800-735-2922,Heron Court,2500,
2476,801 Marine Parkway,Redwood City,False,2,2,True,650-593-4300,Indian Creek,3000,
2477,1405 Marshall Street,Redwood City,False,2,2,False,650-679-8066,Marymount Apartments,3050,
2478,950 Redwood Shores Parkway,Redwood City,False,2,2,True,650-591-6666,Pescadero,3250,
2479,770 9th Avenue,Redwood City,False,1,2,True,650-366-6083,Polly Ana Apartments,2750,
2480,700 Bair Island Road,Redwood City,False,2,2,True,866-952-1614,Villas At Bair Island Apartment Homes,3250,
2481,350 Gunter Lane,,False,1,2,True,800-735-2922,Heron Court,2300,2019-03-11
2482,1890 Dover Avenue,,False,3,3,False,707-422-9630,Birchwood Apartments,4150,2019-03-04
2483,1546 Maurice Lane,,False,3,3,True,408-818-0710,888 Golden Saratoga-Cupertino Apartment Homes,4450,2019-03-12
2484,5317 Creely Avenue,Richmond,False,1,2,False,510-236-4935,Arbors Apartments,2550,
2485,2300 Lancaster Drive,Richmond,True,1,2,True,510-222-2705,Baycliff Apartments,2300,
2486,3400 Richmond Parkway,Richmond,True,1,2,False,510-662-6726,Bella Vista At Hilltop,2750,
2487,5005 Montoya Avenue,Richmond,True,2,2,True,510-235-6341,Montoya Garden Apartments,2900,
2488,2801 Pullman Ave,Richmond,False,2,2,True,510-232-3519,Pullman Point Apartments,3050,
2489,2601 Hilltop Drive,Richmond,False,2,2,False,510-455-8847,San Marcos,3000,
2490,5317 Creely Avenue,,False,2,2,False,510-236-4935,Arbors Apartments,2950,2019-03-11
2491,955 Escalon Avenue,Sunnyvale,True,3,3,False,408-737-2777,Macara Gardens Apartments,4100,
2492,1070 Reed Avenue,Sunnyvale,True,2,3,False,408-457-8104,Reed Square,3850,
2493,235 South Bernardo Avenue,Sunnyvale,True,2,3,False,866-684-3427,Shadowbrook Apartments,3900,
2494,655 South Fair Oaks Avenue,Sunnyvale,True,2,3,False,866-829-7835,Spruce Apartments,3800,
2495,140 Locksunart Way,Sunnyvale,True,3,3,False,408-739-8593,Villa Camino Apartments,4100,
2496,355 East Evelyn Avenue,Sunnyvale,True,3,3,False,408-540-6545,Villa Del Sol,4050,
2497,1055 East Evelyn Avenue,,True,3,3,True,408-296-8006,Evelyn Gardens,4100,2019-03-11
2498,5480 Lean Avenue,San Jose,True,2,2,True,408-840-2195,Blossom Hill Apartments,2700,
2499,2011 Doolittle Drive # A1,San Leandro,False,3,4,False,510-357-6086,Doolittle Apartments,5000,
2500,4170 Springlake Drive,San Leandro,False,3,4,False,510-352-5900,Lakeside,5100,
2501,153 Haas Avenue # A,San Leandro,False,3,4,False,510-638-4476,Linvale Townhomes,5100,
2502,4170 Springlake Drive,,False,3,4,False,510-352-5900,Lakeside,5100,2019-03-13
2503,2000 Shoreline Loop,,False,1,1,False,925-307-7099,Bel Air,1900,2019-03-06
2504,22185 Center Street # 59,Castro Valley,False,1,2,False,510-538-3222,Banff Apartments,2500,
2505,22160 Center Street,Castro Valley,False,2,2,True,510-581-4280,Creekside Terrace Apartments,3200,
2506,20353 Park Way,Castro Valley,False,1,2,False,510-582-3866,Park Tower Apartments,2650,
2507,22185 Center Street # 59,,False,1,2,False,510-538-3222,Banff Apartments,2500,2019-03-08
2508,1800 Stokes Street,San Jose,False,1,1,True,408-289-8080,Creekside Apartments,1950,
2509,995 Tully Road,San Jose,False,1,1,True,408-294-6200,Greentree Apartments,1500,
2510,950 Meridian Avenue,San Jose,False,1,1,True,408-998-2012,Meridian Apartments,1850,
2511,1546 Maurice Lane,,False,1,1,True,408-818-0710,888 Golden Saratoga-Cupertino Apartment Homes,1600,2019-03-04
2512,2400 Shady Willow Lane,,False,3,4,True,925-240-8448,Arbor Ridge Apartments,4800,2019-03-05
2513,1510 Marina Vista,,False,3,4,True,650-341-3367,Edgewater Isle Senior Apartments,5200,2019-03-03
2514,27285 Manon Avenue,Hayward,True,2,3,False,510-783-2899,Orange Tree Apartments,4000,
2515,1725 B Street,Hayward,True,2,3,True,510-538-7360,Silk Oaks Apartments,3850,
2516,22800 Meridian Drive,,True,2,3,True,510-455-8869,City Centre,3700,2019-03-09
2517,5000 Owens Drive,Pleasanton,False,2,3,True,925-847-8844,Hacienda Commons Apartments,3950,
2518,240 Kottinger Drive,Pleasanton,False,3,3,True,925-846-0133,Kottinger Place Apartments-Seniors,4000,
2519,2323 Santa Rita Road,Pleasanton,False,2,3,False,925-462-5850,Santa Maria Apartments,3900,
2520,4031 Stanley Boulevard # 112,Pleasanton,False,2,3,True,925-462-6180,Stanley Junction Senior Apartments,3750,
2521,1552 East Gate Way,Pleasanton,False,3,3,False,844-839-6441,The Kensington,4100,
2522,1435 163rd Avenue #23,San Leandro,False,2,3,True,510-317-5914,Alderwood Apartments,3550,
2523,1475 167th Avenue,San Leandro,False,3,3,False,510-962-8120,Bermuda Garden Apartments,4100,
2524,13949 Doolittle Drive,San Leandro,False,2,3,False,510-352-8728,Bermuda-Trinidad Apartments,4000,
2525,14665 Washington Avenue,San Leandro,False,3,3,True,510-483-3707,Eden Roc Apartments,4350,
2526,888 Davis Street,San Leandro,False,3,3,True,510-562-5121,Gateway Apartments,4450,
2527,566 Estudillo Avenue,San Leandro,False,2,3,False,510-352-3224,Hale Apartments,4050,
2528,1713 164th Avenue #1,San Leandro,False,3,3,True,510-481-7575,Hilltop Trio Apartments,4200,
2529,4170 Springlake Drive,San Leandro,False,2,3,False,510-352-5900,Lakeside,3950,
2530,153 Haas Avenue # A,San Leandro,False,2,3,False,510-638-4476,Linvale Townhomes,3700,
2531,None,San Leandro,False,3,3,True,510-586-6396,Montair Apartments,3900,
2532,3329 Claremont Court,,False,1,1,True,707-578-1313,Brookside East Apartments,1850,2019-03-10
2533,732 East Evelyn Avenue,Sunnyvale,False,1,1,False,669-267-1020,Bristol Commons,1800,
2534,181 West Weddell Drive,Sunnyvale,False,1,1,False,408-734-0680,Plaza Studio Apartments,1850,
2535,6221 Montecito Boulevard,Santa Rosa,True,3,3,True,707-888-5505,Brush Creek Apartments,4000,
2536,1814 North Dutton Avenue # 25,Santa Rosa,False,3,3,True,707-542-1310,North Dutton Apartments,4150,
2537,2055 Range Avenue,Santa Rosa,False,3,3,True,707-600-3342,Parc Station Apartments,4250,
2538,1050 3rd Street,Santa Rosa,False,3,3,True,707-544-6766,Silvercrest Housing For Snrs,4400,
2539,6221 Montecito Boulevard,,True,3,3,True,707-888-5505,Brush Creek Apartments,4000,2019-03-08
2540,555 East El Camino Real,,False,3,3,False,408-738-0935,Arbor Terrace Apartments,4300,2019-03-07
2541,1056 Weldon Lane,Bay Point,False,1,2,True,925-458-6166,Mission Bay Apartments,2350,
2542,110 Bailey Road,Bay Point,False,1,2,False,925-458-6107,Willowbrook Apartments,2650,
2543,201 Harrison Street,San Francisco,False,3,3,False,415-543-1135,Baycrest,4400,
2544,530 Carter Street,San Francisco,False,3,3,True,415-584-4800,Carter Terrace,4000,
2545,296A Addison Street,San Francisco,False,3,3,True,415-334-2698,Diamond View Apartments,4350,
2546,655 John Muir Drive,San Francisco,False,3,3,True,415-239-4745,Lakewood Access Line,4450,
2547,511 John Muir Drive,San Francisco,False,3,3,False,415-859-9384,Lakewood Apartments,4450,
2548,5000 Hartnett Avenue,Richmond,False,2,3,True,510-237-5377,Crescent Park,3550,
2549,298 West Chanslor Avenue,Richmond,False,2,3,False,510-232-8908,Liberty Village Apartments,3600,
2550,680 South 37th Street,Richmond,False,2,3,True,510-215-1926,Monterey Pines,3850,
2551,5005 Montoya Avenue,Richmond,True,2,3,True,510-235-6341,Montoya Garden Apartments,3650,
2552,3449 Agate Drive,Santa Clara,False,2,3,False,408-296-7679,Shayla Apartments,4050,
2553,1435 163rd Avenue #23,,False,2,3,True,510-317-5914,Alderwood Apartments,3550,2019-03-07
2554,18 Clark Avenue,,True,3,3,True,707-894-3557,Cloverdale Garden Apartments,4050,2019-03-08
2555,1435 163rd Avenue #23,,False,2,3,True,510-317-5914,Alderwood Apartments,3550,2019-03-09
2556,888 North San Mateo Drive,San Mateo,False,1,1,True,650-340-0098,888 San Mateo,1500,
2557,25 McAker Court,San Mateo,False,1,1,True,650-286-9800,Pacific Gardens Townhouse,1800,
2558,651 North El Camino Real,San Mateo,False,1,1,True,650-343-9038,Park Royal Apartments,1900,
2559,2901 South El Camino Real,San Mateo,False,1,1,True,650-212-0935,Peninsula Station Apartments,1700,
2560,24 East Santa Inez Avenue,San Mateo,False,1,1,False,650-347-2008,Santa Inez Apartments,1700,
2561,3110 Casa De Campo,San Mateo,False,1,1,True,650-572-7180,Villa Serena,1650,
2562,5000 Hartnett Avenue,Richmond,False,1,1,True,510-237-5377,Crescent Park,1950,
2563,298 West Chanslor Avenue,Richmond,False,1,1,False,510-232-8908,Liberty Village Apartments,2050,
2564,680 South 37th Street,Richmond,False,1,1,True,510-215-1926,Monterey Pines,1850,
2565,2801 Pullman Ave,Richmond,False,1,1,True,510-232-3519,Pullman Point Apartments,1500,
2566,2601 Hilltop Drive,Richmond,False,1,1,False,510-455-8847,San Marcos,1950,
2567,121 West Macdonald Avenue,Richmond,False,1,1,False,510-237-6426,St. John'S Apartments,2050,
2568,2500 Deer Valley Road,San Rafael,False,2,3,True,415-479-4500,Deer Valley,3750,
2569,124 Merrydale Road,San Rafael,False,2,3,True,415-492-2180,Marin Garden Apartments,3550,
2570,55 Fairfax Street #27,,False,2,3,True,415-453-5531,Casa Vista Apartments,3500,2019-03-12
2571,7425 Camino Colegio # 61,Rohnert Park,False,3,4,True,707-792-0669,Park Meadows Apartments,4900,
2572,5121 Dowdell Avenue,Rohnert Park,False,3,4,True,707-820-2962,The Reserve At Rohnert Park,5200,
2573,600 Rohnert Park Expy West,Rohnert Park,False,3,4,True,844-853-8982,Windsor At Redwood Creek,4850,
2574,1290 San Tomas Aquino Road,,False,1,2,True,408-984-8888,Aegena,2650,2019-03-14
2575,14225 Lora Drive,,False,3,4,False,408-378-9472,Wedgewood Manor,5100,2019-03-12
2576,1756 Carmel Drive,Walnut Creek,False,1,2,True,925-301-9510,Carmel House,2800,
2577,1435 Creekside Drive,Walnut Creek,False,2,2,True,925-935-4614,Creekside Glen Apartments,2700,
2578,2150 Tice Valley Boulevard,Walnut Creek,False,1,2,True,925-943-1670,Tice Oaks Apartments,2700,
2579,1851 Trinity Avenue,Walnut Creek,False,1,2,True,925-256-4086,Trinity Terrace Apartments,2650,
2580,1755 Trinity Avenue # 1,Walnut Creek,False,2,2,True,925-935-6956,Walnut Hill Apartments,2950,
2581,2150 Tice Valley Boulevard,,False,1,2,True,925-943-1670,Tice Oaks Apartments,2500,2019-03-13
2582,401 Sherwood Drive,Sausalito,False,3,4,True,415-332-1208,Summit At Sausalito Apartments,5250,
2583,1395 North Lincoln Street,Dixon,True,1,2,True,888-820-0137,Lincoln Creek Apartments,2550,
2584,5 Hutchins Way,Novato,False,3,4,False,415-382-0801,Bay Vista,5100,
2585,1009 Green Oak Drive,Novato,False,3,4,False,415-883-3544,Hamilton Woods Apartments,4850,
2586,5 Hutchins Way,,False,3,4,False,415-382-0801,Bay Vista,5100,2019-03-06
2587,2415 Rinconada Drive,,False,1,1,False,408-516-4212,Almaden House,1750,2019-03-11
2588,20667 Forge Way,Cupertino,False,1,2,True,408-739-0870,Forge Homestead Apartments,2300,
2589,175 Calvert Drive,Cupertino,False,1,2,False,408-627-8259,Sage At Cupertino,2600,
2590,20800 Homestead Road,Cupertino,False,1,2,True,866-495-1855,The Markham Apartments,2450,
2591,20667 Forge Way,,False,1,2,True,408-739-0870,Forge Homestead Apartments,2300,2019-03-01
2592,1633 Marina Court,San Mateo,True,1,2,False,866-571-7179,Chesapeake Point Apartments,2700,
2593,420 North Bayshore Boulevard # 1,San Mateo,False,2,2,False,650-342-5708,Country Club Apartments,2800,
2594,2717 South Norfolk Street,San Mateo,False,1,2,False,650-729-1461,Lakeshore Landing,2800,
2595,651 North El Camino Real,San Mateo,False,1,2,True,650-343-9038,Park Royal Apartments,2500,
2596,24 East Santa Inez Avenue,San Mateo,False,2,2,False,650-347-2008,Santa Inez Apartments,3100,
2597,3110 Casa De Campo,San Mateo,True,2,2,True,650-572-7180,Sares-Regis Group,3250,
2598,1395 North Lincoln Street,Dixon,True,3,3,True,888-820-0137,Lincoln Creek Apartments,4150,
2599,430 Ellesmere Drive,Dixon,False,2,3,True,707-678-5080,Meadowood Village,3900,
2600,2290 California Street,,True,1,2,True,650-965-8290,Arbors At Mountain View,2700,2019-03-07
2601,150 Sierra Drive,Walnut Creek,False,2,2,False,925-945-1701,Affordable Housing Associates,2700,
2602,1200 Newell Hill Place,Walnut Creek,False,2,2,False,925-934-1117,Newell Vista Apartments,3250,
2603,1459 Creekside Drive,Walnut Creek,False,1,2,False,855-250-5961,The Retreat,2750,
2604,555 East El Camino Real,,False,3,4,False,408-738-0935,Arbor Terrace Apartments,4750,2019-03-01
2605,1001 Beethoven Common,,False,2,3,True,510-797-1800,Alborada Apartments,3900,2019-03-09
2606,4200 Bay Street,,False,2,2,False,510-455-8813,Briarwood At Central Park,3250,2019-03-02
2607,859 University Avenue,Los Gatos,True,3,3,False,408-395-1222,Casa Vasona Garden Apartments,4100,
2608,570 University Avenue # 1,Los Gatos,False,3,3,True,408-395-6244,Tamarack Apartments,4200,
2609,105 Forrest Avenue,Los Gatos,False,3,3,True,408-354-7514,Three Oaks Apartments,3950,
2610,14225 Lora Drive,Los Gatos,False,3,3,False,408-378-9472,Wedgewood Manor,3950,
2611,1501 Alamo Drive,Vacaville,False,2,3,False,707-448-3848,Alamo Garden Apartments,3850,
2612,1717 California Drive,Vacaville,True,2,3,False,707-448-7036,Rose Garden Senior Apartments,4000,
2613,624 Avalon Avenue,,True,2,2,True,707-620-5076,Avalon Apartments,3150,2019-03-09
2614,234 Soscol Avenue,,False,2,3,False,707-258-1370,Cadillac Flats Apartments,3550,2019-03-03
2615,1282 Mattox Road,,False,3,4,True,510-886-0385,Alpine Vista Apartments,5150,2019-03-08
2616,815 East Fremont Avenue,Sunnyvale,False,2,2,True,408-736-5183,Cambria Apartments,3100,
2617,678 Bellflower Avenue,Sunnyvale,False,2,2,True,408-735-9030,Charter Palm Town Homes,2800,
2618,130 Crescent Avenue,Sunnyvale,False,2,2,True,408-749-1060,Crescent Terrace Senior Apartments,3000,
2619,1220 North Fair Oaks Avenue,Sunnyvale,False,2,2,True,866-302-5606,Kensington Place Apartments,3250,
2620,1166 Sunnyvale Saratoga Road,Sunnyvale,False,2,2,True,408-736-7063,Sandlewood Apartments,3150,
2621,201 West California Avenue,Sunnyvale,False,1,2,True,408-733-4733,Sunnyvale Town Center Apartments,2750,
2622,1600 Buchanan Road,Antioch,True,2,3,True,925-750-8811,Buchanan Gardens,3550,
2623,2200 Sycamore Drive,Antioch,False,2,3,False,925-754-4488,Riverstone Apartments,3750,
2624,3101 Buchanan Road,Antioch,False,2,3,False,925-754-5455,Summerwood Apartments,3750,
2625,1200 East Hillsdale Boulevard,Foster City,False,3,3,True,650-532-9425,Water'S Edge,4250,
2626,2011 Doolittle Drive # A1,,False,3,4,False,510-357-6086,Doolittle Apartments,5000,2019-03-11
2627,2200 Monroe Street,Santa Clara,True,1,2,True,408-244-0900,Old Orchard,2350,
2628,900 Pepper Tree Lane,,False,2,3,True,866-472-2645,Alderwood Apartments,3650,2019-03-11
2629,215 Bayview Street,San Rafael,False,3,4,False,415-485-1140,215 Bayview Apartments,5200,
2630,124 Merrydale Road,San Rafael,False,3,4,True,415-492-2180,Marin Garden Apartments,5000,
2631,1747 Lincoln Avenue,San Rafael,False,3,4,True,415-453-0563,Park Hill Apartments,5100,
2632,99 Kendall Way,Windsor,False,2,2,False,707-578-8840,Esposti Park Apartments,2750,
2633,6697 Old Redwood Highway,Windsor,False,2,2,False,707-838-3131,Forest Winds Apartments,2800,
2634,1400 Technology Lane,Petaluma,True,3,4,True,707-775-3161,Azure At Lakeville Square Apartments,4850,
2635,1900 Sestri Lane,Petaluma,False,3,4,True,707-317-1020,Capri Creek Apartments,4850,
2636,5100 Vista Grande Dr,Antioch,True,1,1,True,925-755-4141,Cross Pointe,1500,
2637,3001 Kodiak Street,Antioch,True,1,1,True,925-754-3733,Hillcrest View Apartments,1950,
2638,4200 Appian Way,El Sobrante,False,1,2,True,510-669-1325,Courtyard Terrace,2700,
2639,5038 San Pablo Dam Road,El Sobrante,False,2,2,True,510-223-8373,Creekside Terrace Apartments,2850,
2640,4230 San Pablo Dam Road # B16,El Sobrante,False,1,2,False,510-223-4061,Redwood Manor Apartments,2700,
2641,1401 Red Hawk Circle,Fremont,True,1,1,True,510-494-9500,Mission Peaks,1950,
2642,40777 High Street,Fremont,True,1,1,False,510-651-9080,Pebble Creek Communities,1550,
2643,37950 Fremont Boulevard,Fremont,True,1,1,False,844-422-5116,Pentagon Apartments,1650,
2644,1265 Montecito Avenue,Mountain View,True,3,3,False,650-940-9349,Brookside Gardens,4250,
2645,439 Del Medio Avenue,Mountain View,False,2,3,False,650-948-6826,Franciscan Apartments,3800,
2646,375 Oaktree Drive,Mountain View,False,2,3,True,650-390-9450,Ginzton Terrace,3500,
2647,111 North Rengstorff Avenue,Mountain View,True,2,3,False,866-654-1645,Madrone Apartments,3900,
2648,1555 West Middlefield Road,Mountain View,True,3,3,False,650-964-8511,Meadowood Apartments,4300,
2649,1140 Castro Street # 25,Mountain View,False,3,3,False,650-961-6663,Miramonte Gardens,4050,
2650,460 North Shoreline Boulevard,Mountain View,False,2,3,True,650-966-1328,Shorebreeze Apartments,3850,
2651,505 Central Avenue,Mountain View,False,2,3,True,650-968-8384,Shoreline Village Apartments,3550,
2652,1909 Hackett Avenue #9,Mountain View,False,2,3,True,650-965-9222,Sierra Vista,3550,
2653,20 East Main Street,Los Gatos,True,2,3,True,408-831-7797,El Gato Penthouse,3800,
2654,226 Edelen Avenue,Los Gatos,False,2,3,True,408-313-1017,Los Gatos Heights Llc,4050,
2655,107 Oak Rim Court,Los Gatos,False,2,3,True,408-358-1541,Twelve Oaks Apartments,3700,
2656,2801 Summit Street,Oakland,False,2,2,True,510-452-2471,Summit Crest Apartments,3250,
2657,2801 Summit Street,,False,2,2,True,510-452-2471,Summit Crest Apartments,3250,2019-03-13
2658,486 Morello Avenue,Martinez,False,1,1,False,925-228-0760,Muir Creek Apartments,1500,
2659,1241 Arnold Drive,Martinez,False,1,1,True,925-372-8078,Muir Park Condominiums,2000,
2660,3883 Vista Oaks Drive,Martinez,False,1,1,False,833-755-3332,Vista Oaks Apartments,1950,
2661,3880 Callan Boulevard,South San Francisco,False,1,1,True,650-278-4660,Skyline View Apartments,1850,
2662,671 West A Street,Hayward,False,3,3,True,510-784-0866,Olive Tree Plaza,4450,
2663,605 Orchard Avenue,Hayward,False,3,3,True,510-886-1055,Park Orchard Apartments,4200,
2664,26030 Gading Road # 41,Hayward,False,2,3,True,510-732-9475,Ponderosa Apartments,3950,
2665,23976 2nd Street,Hayward,False,2,3,True,510-733-2631,Terrace Towers,3700,
2666,22815 Vermont Street,Hayward,False,3,3,True,510-538-6730,Vermont Hills,4200,
2667,44 Harder Road,Hayward,False,2,3,True,510-582-1567,Woodlark Apartments,3700,
2668,3770 Flora Vista Avenue,,False,2,2,True,888-743-1851,Boardwalk Apartments,2750,2019-03-06
2669,2751 Peppertree Drive,Fairfield,False,1,2,False,707-366-0839,Berkshire Laurel Creek,2400,
2670,320 East Tabor Avenue,Fairfield,False,1,2,False,707-422-2850,Blue Sky Apartments,2400,
2671,1917 Grande Circle,Fairfield,False,1,2,False,707-434-8983,Fairfield Heights,2650,
2672,855 East Tabor Avenue,Fairfield,True,1,2,False,707-439-8195,Groves At East Tabor,2600,
2673,201 East Alaska Avenue,Fairfield,True,1,2,False,707-425-7037,Laurel Gardens Apartments,2700,
2674,2800 Dover Avenue,Fairfield,False,1,2,True,707-426-0265,Paradise Valley Apartments,2750,
2675,1111 Alaska Avenue,Fairfield,False,1,2,False,707-388-8461,Park Viva,2400,
2676,2215 Peach Tree Drive,Fairfield,False,1,2,False,707-427-3396,Peachwood Apartments,2850,
2677,416 Boynton Avenue,San Jose,False,2,3,True,408-246-5509,Boynton Brooks Apartments,3700,
2678,1405 Phelps Avenue,San Jose,False,2,3,False,408-866-6111,Campbell House Apartments,3700,
2679,2036 Evans Lane,San Jose,False,2,3,False,408-264-0784,Catalonia Apartments,3900,
2680,3052 Colonial Way # 9,San Jose,False,2,3,False,408-866-6610,Colonial House Apartments,4000,
2681,1585 Marburg Way # 4,,False,2,3,True,408-926-3999,Ann Darling Apartments,3550,2019-03-13
2682,732 East Evelyn Avenue,Sunnyvale,False,2,2,False,669-267-1020,Bristol Commons,2900,
2683,135 Acalanes Drive,Sunnyvale,False,2,2,False,650-965-1671,Casa Del Sol Apartments,2950,
2684,1234 Sunnyvale Saratoga Road # 9,Sunnyvale,False,2,2,False,408-737-2424,Chatelaine Apartments,2900,
2685,555 East Washington Avenue,,True,3,3,False,833-630-9835,Heritage Park Apartments,3950,2019-03-13
2686,2000 Clay Bank Road,Fairfield,False,2,2,True,707-881-7063,Avery Park Apartments,2800,
2687,201 Pennsylvania Avenue,Fairfield,False,2,2,True,707-421-2155,Fairfield Vista Apartments,3250,
2688,651 East Travis Boulevard,Fairfield,False,2,2,True,707-429-1778,Orchard Crossing Apartments,2750,
2689,2323 Fairfield Avenue,Fairfield,False,2,2,True,707-410-6301,Park Haven Apartments,3250,
2690,2376 Fairfield Avenue,Fairfield,False,2,2,True,707-425-1199,Willow Brook Apartments,3050,
2691,2000 Clay Bank Road,,False,2,2,True,707-881-7063,Avery Park Apartments,2800,2019-03-13
2692,2300 Lancaster Drive,Richmond,True,3,4,True,510-222-2705,Baycliff Apartments,4850,
2693,750 Sylvan Avenue,Mountain View,True,2,3,True,650-961-4697,Sylvan Square Apartments,3700,
2694,2326 California Street,Mountain View,True,2,3,True,650-968-3379,The Californian Apartments,3600,
2695,1265 Montecito Avenue,,True,2,3,False,650-940-9349,Brookside Gardens,4050,2019-03-10
2696,500 Copperset Road,San Ramon,True,1,2,True,925-968-1175,Falcon Bridge,2800,
2697,2000 Bellas Artes Circle,San Ramon,False,1,2,True,925-736-9120,Seville Apartments,2450,
2698,125 Cedar Pointe Loop,San Ramon,False,1,2,False,925-833-1813,The Seasons,2650,
2699,234 Soscol Avenue,Napa,False,3,3,False,707-258-1370,Cadillac Flats Apartments,4350,
2700,234 Soscol Avenue,,False,3,3,False,707-258-1370,Cadillac Flats Apartments,4350,2019-03-02
2701,24545 Amador Street,Hayward,False,1,1,True,510-400-7700,Jackson Arms Apartments,1800,
2702,28955 Mission Boulevard,Hayward,False,1,1,True,510-537-5604,Mission Bay Condos,1900,
2703,1546 Maurice Lane,,False,3,3,True,408-818-0710,888 Golden Saratoga-Cupertino Apartment Homes,4450,2019-03-07
2704,201 East Alaska Avenue,Fairfield,True,2,2,False,707-425-7037,Laurel Gardens Apartments,2700,
2705,2751 Peppertree Drive,,False,1,2,False,707-366-0839,Berkshire Laurel Creek,2400,2019-03-11
2706,1425 Oregon Street,Berkeley,True,2,3,True,510-848-8554,Oregon Park Senior Apartments,3850,
2707,2017 Stuart Street,Berkeley,False,3,3,True,510-841-4595,Savo Island Cooperative Homes,4000,
2708,1425 Oregon Street,,True,2,3,True,510-848-8554,Oregon Park Senior Apartments,3850,2019-03-06
2709,2580 Fontaine Road,San Jose,False,2,2,False,408-238-0841,Casa Real Apartments,3200,
2710,1200 Ranchero Way,San Jose,False,2,2,False,408-241-1146,Charter Court Apartments,3050,
2711,3052 Colonial Way # 9,San Jose,False,2,2,False,408-866-6610,Colonial House Apartments,3000,
2712,4900 Canada Valley Road,Antioch,False,1,2,True,925-754-2900,Bella Rose Apartments,2750,
2713,2800 Gentrytown Drive,Antioch,False,1,2,True,925-754-1910,Parkview Village Apartments,2600,
2714,1400 A Street,,False,2,2,True,925-706-0874,Antioch Rivertown Senior Housing,3150,2019-03-10
2715,1290 San Tomas Aquino Road,,False,2,3,True,408-984-8888,Aegena,3500,2019-03-14
2716,755 East Capitol Avenue,Milpitas,False,3,3,False,408-586-9001,Crossing At Montague Apartments,4200,
2717,231 Dixon Landing Road,Milpitas,True,2,3,True,408-262-3223,Spinnaker Pointe Apartments,3750,
2718,186 Beresford Court,Milpitas,False,3,3,False,408-946-9034,Terrace Gardens,3900,
2719,231 Dixon Landing Road,,True,2,3,True,408-262-3223,Spinnaker Pointe Apartments,3750,2019-03-08
2720,16077 Ashland Avenue,San Lorenzo,False,1,1,True,510-278-4411,Bayfair Apartments,2050,
2721,"w, 16450 Kent Avenue",San Lorenzo,True,1,1,True,510-317-9150,Kent Gardens,1700,
2722,16201 Hesperian Boulevard,San Lorenzo,False,1,1,True,510-344-6316,Lorenzo Commons Apartments,1850,
2723,16215 Via Arriba,San Lorenzo,False,1,1,True,510-276-1711,Sovereign Square Apartments,1850,
2724,16201 Hesperian Boulevard,,False,1,1,True,510-344-6316,Lorenzo Commons Apartments,1850,2019-03-02
2725,707 Continental Circle,,False,1,2,False,833-278-0054,Americana,2750,2019-03-11
2726,3051 Colonial Way,San Jose,False,2,3,True,408-866-8444,Colonial Way Apartments,3700,
2727,2600 Corde Terra Circle,San Jose,False,3,3,True,408-298-9988,Corde Terra Apartments,4050,
2728,978 Almaden Lake Drive,,False,3,3,True,408-323-8020,Almaden Lake Apartments,4050,2019-03-08
2729,100 Kings Circle,,False,3,3,True,707-894-2961,King'S Valley,4100,2019-03-07
2730,40 Valle Vista Avenue,,True,1,1,True,707-642-7231,Solano Vista Senior Apartments,1900,2019-03-09
2731,16530 Monterey Road,Morgan Hill,False,1,2,False,408-779-1004,Jasmine Square Apartments,2450,
2732,782 San Pedro Lane,Morgan Hill,False,2,2,False,408-779-4465,Las Casas De San Pedro Apartments,2800,
2733,16945 Del Monte Avenue,Morgan Hill,True,2,2,True,408-779-8986,Monte Vista At Morgan Hill,2750,
2734,18300 Carriage Drive,Morgan Hill,False,1,2,False,408-779-9325,Quail Ridge Apartments,2750,
2735,16480 Del Monte Avenue,Morgan Hill,False,2,2,True,408-779-4361,Village Avante,2800,
2736,16530 Monterey Road,,False,1,2,False,408-779-1004,Jasmine Square Apartments,2450,2019-03-07
2737,3051 Colonial Way,San Jose,False,2,2,True,408-866-8444,Colonial Way Apartments,2700,
2738,1800 Stokes Street,San Jose,False,2,2,True,408-289-8080,Creekside Apartments,3200,
2739,1221 Blossom Hill Road,San Jose,False,2,2,True,408-978-9618,Driftwood Arms Apartments,2700,
2740,6184 Cottle Road,San Jose,True,2,2,True,408-225-8648,Foothill Apartments,2950,
2741,1250 Foxdale Loop,San Jose,False,2,2,True,408-251-1142,Foxdale Village Apartments,3200,
2742,1585 Marburg Way # 4,,False,2,2,True,408-926-3999,Ann Darling Apartments,3100,2019-03-05
2743,3819 East Avenue,,False,3,3,False,844-412-5121,Briarwood Apartments,4100,2019-03-11
2744,1518 Hill Road,Novato,False,2,2,True,415-897-0311,Hill Valley Apartments,2850,
2745,1518 Hill Road,,False,2,2,True,415-897-0311,Hill Valley Apartments,2850,2019-03-08
2746,1100 Market Street,,True,1,1,False,510-832-2249,Beth Eden Apartments,1800,2019-03-13
2747,265 N Rengstorff Ave,Mountain View,False,2,3,True,650-321-1000,Vrent - Oak View Apartments,3800,
2748,375 Oaktree Drive,,False,2,3,True,650-390-9450,Ginzton Terrace,3500,2019-03-03
2749,40001 Fremont Boulevard,,False,1,1,True,510-455-8815,Boulevard,1850,2019-03-08
2750,732 East Evelyn Avenue,,False,2,2,False,669-267-1020,Bristol Commons,2900,2019-03-12
2751,950 Podva Road,,False,1,2,True,925-314-3003,Sequoia Grove Of Danville,2350,2019-03-07
2752,2000 Clay Bank Road,,False,2,3,True,707-881-7063,Avery Park Apartments,3750,2019-03-11
2753,1010 Power Avenue,Pittsburg,False,2,3,True,925-439-5655,Belmont Apartment Homes,3850,
2754,771 Black Diamond Street,Pittsburg,False,2,3,True,925-427-6600,Siena Court Apartments,3500,
2755,101 Leland Lane,Pittsburg,False,2,3,True,925-427-5397,Villa Serena Apartments,4050,
2756,3225 Harbor Street,Pittsburg,False,3,3,True,925-432-0333,Fox Creek Apartments,4100,
2757,500 Loveridge Circle,Pittsburg,False,3,3,True,925-427-2202,Portofino Apartments,4200,
2758,200 Presidio Lane,Pittsburg,True,3,3,True,925-432-9922,Presidio Village Senior Housing,4450,
2759,241 West Buchanan Road,Pittsburg,False,3,3,True,925-427-1225,Woodland Hills Apartments,4100,
2760,3225 Harbor Street,,False,3,3,True,925-432-0333,Fox Creek Apartments,4100,2019-03-02
2761,3500 Pennsylvania Avenue # 101,Fremont,False,3,4,False,510-943-8264,Birchwood Apartments,4700,
2762,36163 Fremont Boulevard,Fremont,False,3,4,False,510-793-1621,Brookvale Chateau,4850,
2763,46703 Crawford Street # 2,Fremont,False,3,4,False,510-651-5292,Crawford Apartments,4750,
2764,"Leasing Office, 6600 Montecito Boulevard",Santa Rosa,False,2,3,True,707-538-1516,Montecito Pines Apartments,4050,
2765,1521 Range Avenue # 5,Santa Rosa,False,2,3,False,833-336-3062,Oaks Apartments,3750,
2766,2002 Pinercrest Drive,Santa Rosa,False,2,3,False,707-579-3424,Orchard West Senior Apartments,3850,
2767,1265 Pacific Avenue # 3,Santa Rosa,False,2,3,True,707-579-0787,Pacific Garden Apartments,4050,
2768,2389 McBride Lane,Santa Rosa,False,2,3,True,707-579-5605,Park Villa Apartments,3900,
2769,2001 Range Avenue,Santa Rosa,False,2,3,False,707-578-1150,Pine Creek Properties,3600,
2770,6221 Montecito Boulevard,,True,2,3,True,707-888-5505,Brush Creek Apartments,3950,2019-03-08
2771,1107 Porter Street,,False,1,2,False,855-890-5508,Bay Village Apartments,2700,2019-03-12
2772,6221 Montecito Boulevard,,True,2,3,True,707-888-5505,Brush Creek Apartments,3950,2019-03-06
2773,2225 Sharon Road,Menlo Park,False,3,4,False,650-854-8661,Country Sharon Apartments,5250,
2774,1028 Middle Avenue,Menlo Park,True,3,4,False,650-325-2411,Middle Park Apartments,4800,
2775,565 Willow Road # 24,Menlo Park,False,3,4,True,650-325-9389,Willow Manor,4850,
2776,2225 Sharon Road,,False,3,4,False,650-854-8661,Country Sharon Apartments,5250,2019-03-11
2777,1435 163rd Avenue #23,San Leandro,False,2,2,True,510-317-5914,Alderwood Apartments,2950,
2778,2777 Marina Boulevard,San Leandro,True,1,2,True,510-352-4659,Marina Plaza Apartments,2550,
2779,1275 Pacific Avenue # 8,San Leandro,False,1,2,True,510-636-9727,Pacific Apartments,2650,
2780,900 143rd Avenue,San Leandro,True,2,2,True,510-898-6076,Parkside Commons Apartments,2700,
2781,1511 163rd Avenue,San Leandro,False,1,2,False,510-276-2693,Quail Run Apartments,2350,
2782,2600 San Leandro Boulevard,San Leandro,False,2,2,False,510-357-7131,San Leandro Racquet Club,3000,
2783,1444 164th Avenue,San Leandro,False,1,2,True,510-481-0945,Snooty Fox Apartments,2500,
2784,235 Haas Avenue,San Leandro,False,2,2,False,510-569-5919,Woodside Apartments,3050,
2785,1300 Kentwood Lane,,False,2,2,False,510-481-2565,Ashland Village Apartments,2900,2019-03-06
2786,4656 Quigg Drive,,False,3,3,True,707-537-9866,Behringer Harvard,4050,2019-03-14
2787,1731 Pine Street,Concord,False,3,4,True,925-969-0096,Vasona Management,4800,
2788,1530 Adelaide Street,Concord,False,3,4,True,925-682-2386,Woodhaven Apartments,5100,
2789,1711 Detroit Avenue,,False,3,4,True,925-686-6868,Courtyard Apartments,4700,2019-03-01
2790,1265 Pacific Avenue # 3,Santa Rosa,False,2,2,True,707-579-0787,Pacific Garden Apartments,2800,
2791,1 Kashmir Drive,Santa Rosa,False,1,2,True,707-539-1109,Santa Rosa Garden Apartments,2850,
2792,2601 McBride Lane,Santa Rosa,False,2,2,True,707-525-8145,Villa Creek Apartments,2950,
2793,4656 Quigg Drive,,False,2,2,True,707-537-9866,Behringer Harvard,3050,2019-03-12
2794,300 Hilary Way,,False,2,3,True,707-552-2745,Fountain Plaza Apartments,3850,2019-03-02
2795,55 Fairfax Street #27,San Rafael,False,1,1,True,415-453-5531,Casa Vista Apartments,1550,
2796,201 D Street,San Rafael,False,1,1,False,415-720-6977,Franciscan Manor,1700,
2797,30 Novato Street,San Rafael,False,1,1,True,415-457-5359,Sommerhill Townhomes,1650,
2798,55 Fairfax Street #27,,False,1,1,True,415-453-5531,Casa Vista Apartments,1550,2019-03-06
2799,34050 Westchester Terrace,,False,2,3,True,510-794-9981,Amber Court,3500,2019-03-14
2800,1000 Claudia Court,,False,2,3,True,925-754-7671,Casa Blanca Apartments,3550,2019-03-08
2801,5000 Owens Drive,Pleasanton,False,1,1,True,925-847-8844,Hacienda Commons Apartments,2000,
2802,4031 Stanley Boulevard # 112,Pleasanton,False,1,1,True,925-462-6180,Stanley Junction Senior Apartments,1800,
2803,5000 Owens Drive,,False,1,1,True,925-847-8844,Hacienda Commons Apartments,2000,2019-03-12
2804,17055 Creekside Cir,Morgan Hill,False,3,3,False,408-778-1482,Creekside Village,4100,
2805,16530 Monterey Road,Morgan Hill,False,3,3,False,408-779-1004,Jasmine Square Apartments,4100,
2806,15927 Village Way,Morgan Hill,False,2,3,False,316-200-5126,La Crosse Village Apartments,3900,
2807,260 Berry Court # 14,Morgan Hill,False,3,3,False,408-776-9877,Villa Teresa Apartments,4250,
2808,16530 Monterey Road,,False,3,3,False,408-779-1004,Jasmine Square Apartments,4100,2019-03-09
2809,3400 Richmond Parkway,,True,1,2,False,510-662-6726,Bella Vista At Hilltop,2750,2019-03-09
2810,302 Easy Street,,True,2,2,True,650-968-3830,Chateau Apartments,2800,2019-03-04
2811,1000 Blossom River Way,,True,3,4,False,408-979-9442,Blossom River Apartments,4700,2019-03-07
2812,31755 Alvarado Boulevard,Union City,False,1,2,True,510-471-1272,Adrienne Village Apartments,2850,
2813,1501 Decoto Road,Union City,False,2,2,True,510-487-2733,Parkside Apartments,2900,
2814,31755 Alvarado Boulevard,,False,1,2,True,510-471-1272,Adrienne Village Apartments,2850,2019-03-10
2815,530 Carter Street,San Francisco,False,1,1,True,415-584-4800,Carter Terrace,1750,
2816,296A Addison Street,San Francisco,False,1,1,True,415-334-2698,Diamond View Apartments,1700,
2817,140 Cashmere Street,San Francisco,False,1,1,True,415-821-7440,Ridgeview Terrace Townhouses,2000,
2818,2238 Hyde Street,San Francisco,False,1,1,True,415-341-3098,View Tower Suites,1750,
2819,296A Addison Street,,False,1,1,True,415-334-2698,Diamond View Apartments,1700,2019-03-05
2820,978 Almaden Lake Drive,,False,2,2,True,408-323-8020,Almaden Lake Apartments,3100,2019-03-11
2821,601 River Glen Drive,,False,2,3,True,707-253-0288,Glen View Apartments,3500,2019-03-14
2822,2005 San Jose Drive,Antioch,False,1,1,True,925-757-1250,Baywoods Apartment Homes,1500,
2823,4900 Canada Valley Road,Antioch,False,1,1,True,925-754-2900,Bella Rose Apartments,1900,
2824,1000 Claudia Court,Antioch,False,1,1,True,925-754-7671,Casa Blanca Apartments,1700,
2825,600 Wilbur Avenue,Antioch,False,1,1,False,925-779-0601,Lakeshore Apartments,1800,
2826,2800 Gentrytown Drive,Antioch,False,1,1,True,925-754-1910,Parkview Village Apartments,2000,
2827,2201 San Jose Drive,Antioch,False,1,1,True,925-779-9999,Runaway Bay,1850,
2828,3101 Buchanan Road,Antioch,False,1,1,False,925-754-5455,Summerwood Apartments,1800,
2829,2005 San Jose Drive,,False,1,1,True,925-757-1250,Baywoods Apartment Homes,1500,2019-03-04
2830,42 Charles Street,Cotati,False,2,3,False,707-795-3722,Charles Street Village,3700,
2831,539 West Sierra Avenue # 1,Cotati,False,2,3,False,707-664-0811,Vineyard Meadows Apartments,3550,
2832,160 Wilford Lane,Cotati,False,3,3,False,707-793-8454,Wilford Lane Apartments,4250,
2833,42 Charles Street,,False,2,3,False,707-795-3722,Charles Street Village,3700,2019-03-06
2834,1717 California Drive,,True,2,3,False,707-448-7036,Rose Garden Senior Apartments,4000,2019-03-12
2835,1288 East Hillsdale Boulevard,Foster City,False,1,1,True,844-334-0618,Miramar Apartments,2000,
2836,300 Timberhead Lane,Foster City,False,1,1,False,650-572-0540,Schooner Bay Apartment Homes,1600,
2837,1200 East Hillsdale Boulevard,Foster City,False,1,1,True,650-532-9425,Water'S Edge,1650,
2838,1200 East Hillsdale Boulevard,,False,1,1,True,650-532-9425,Water'S Edge,1650,2019-03-07
2839,1435 Creekside Drive,,False,2,2,True,925-935-4614,Creekside Glen Apartments,2700,2019-03-08
2840,801 Marine Parkway,,False,2,2,True,650-593-4300,Indian Creek,3000,2019-03-04
2841,825 Russell Avenue,,True,2,3,False,707-577-0262,Bicentennial Apartments,3700,2019-03-04
2842,718 Old San Francisco Road,Sunnyvale,True,1,1,False,408-736-1600,Renaissance Apartment Homes,1700,
2843,235 South Bernardo Avenue,Sunnyvale,True,1,1,False,866-684-3427,Shadowbrook Apartments,1500,
2844,1055 East Evelyn Avenue,,True,1,1,True,408-296-8006,Evelyn Gardens,1650,2019-03-14
2845,24660 Amador Street,,False,2,2,True,510-849-6628,Amador Apartments,3100,2019-03-12
2846,91 Riverview Terrace,Benicia,False,3,4,False,707-745-6522,Burgess Point Apartments,5000,
2847,91 Riverview Terrace,,False,3,4,False,707-745-6522,Burgess Point Apartments,5000,2019-03-01
2848,1001 Beethoven Common,,False,3,4,True,510-797-1800,Alborada Apartments,4700,2019-03-11
2849,100 Chilpancingo Parkway,Pleasant Hill,True,3,3,True,925-686-4000,Bridge Grayson Creek Associates,4150,
2850,630 Tempe Court,Pleasant Hill,True,3,3,True,925-825-1220,Camelback North Apartments,4300,
2851,630 Tempe Court,,True,3,3,True,925-825-1220,Camelback North Apartments,4300,2019-03-13
2852,1475 167th Avenue,,False,3,3,False,510-962-8120,Bermuda Garden Apartments,4100,2019-03-09
2853,5643 Charlotte Way,,False,3,3,True,925-371-0905,Acacia Capital Cor-Ironwood Ap,4050,2019-03-13
2854,1580 Clayton Road # 1,,True,2,2,True,925-827-3700,Casa Pino Condos,3200,2019-03-07
2855,959 Stewart Drive,Sunnyvale,True,1,2,False,866-492-4478,Stewart Village Apartment Homes,2750,
2856,140 Locksunart Way,Sunnyvale,True,1,2,False,408-739-8593,Villa Camino Apartments,2850,
2857,655 South Fair Oaks Avenue,,True,1,2,False,866-829-7835,Spruce Apartments,2850,2019-03-10
2858,1209 Ayala Drive,Sunnyvale,False,3,4,True,650-961-6696,Palm Villa Apartments,4850,
2859,355 North Wolfe Road,Sunnyvale,True,3,4,True,408-736-4963,Parkside Apartments,5000,
2860,1166 Sunnyvale Saratoga Road,Sunnyvale,False,3,4,True,408-736-7063,Sandlewood Apartments,4750,
2861,1235 Wildwood Avenue,Sunnyvale,False,3,4,True,408-735-1300,The Arches Apartments,4900,
2862,925 South Wolfe Road,Sunnyvale,False,3,4,True,408-426-5878,The Landmark Apartment Homes,5000,
2863,1059 Reed Avenue,,False,3,4,True,408-984-1060,Aster Park Apartments,4950,2019-03-07
2864,1521 Range Avenue # 5,Santa Rosa,False,2,2,False,833-336-3062,Oaks Apartments,2700,
2865,6899 Montecito Boulevard,Santa Rosa,False,2,2,False,707-537-0731,Parkwood Apartments,3000,
2866,624 Avalon Avenue,,True,2,2,True,707-620-5076,Avalon Apartments,3150,2019-03-08
2867,1546 Maurice Lane,,False,3,3,True,408-818-0710,888 Golden Saratoga-Cupertino Apartment Homes,4450,2019-03-03
2868,26100 Gading Road,,False,3,3,False,510-785-3281,Amberwood Garden Apartments,4250,2019-03-13
2869,611 Bounty Drive #3101,Foster City,True,1,2,True,855-979-8476,The Lagoons Apartments,2350,
2870,1288 East Hillsdale Boulevard,,False,2,2,True,844-334-0618,Miramar Apartments,3200,2019-03-07
2871,899 North King Road,,False,3,4,False,408-272-1588,Arbor Park,5250,2019-03-01
2872,1107 Porter Street,,False,1,2,False,855-890-5508,Bay Village Apartments,2700,2019-03-09
2873,1290 San Tomas Aquino Road,,False,1,2,True,408-984-8888,Aegena,2650,2019-03-12
2874,732 East Evelyn Avenue,,False,2,2,False,669-267-1020,Bristol Commons,2900,2019-03-11
2875,1282 Mattox Road,,False,3,4,True,510-886-0385,Alpine Vista Apartments,5150,2019-03-01
2876,141 Golf Club Road,Pleasant Hill,False,1,1,True,925-798-4830,Briarwood Apartments,1550,
2877,100 Devon Avenue,Pleasant Hill,False,1,1,True,925-930-9630,Devon Apartments,1750,
2878,141 Golf Club Road,,False,1,1,True,925-798-4830,Briarwood Apartments,1550,2019-03-06
2879,1282 Mattox Road,,False,1,1,True,510-886-0385,Alpine Vista Apartments,1700,2019-03-04
2880,1901 Shore Line Drive,Alameda,False,3,3,True,510-863-1139,1901 Shoreline Apartments,4450,
2881,459 Neptune Gardens Avenue,Alameda,False,3,3,True,510-769-1496,Breakers At Bayport,4450,
2882,1901 Shore Line Drive,,False,3,3,True,510-863-1139,1901 Shoreline Apartments,4450,2019-03-06
2883,1200 D Street #27,Petaluma,False,1,2,True,707-762-6698,Hillview Apartments,2700,
2884,150 Graylawn Avenue,Petaluma,True,2,2,True,707-762-5126,Oak Creek Apartments,3000,
2885,149 Wyndham Way,Petaluma,False,1,2,False,707-763-8434,Petaluma Senior Citizens Apt,2750,
2886,745 North McDowell Boulevard,Petaluma,True,2,2,False,707-766-8922,Round Walk Village,3000,
2887,150 Graylawn Avenue,,True,2,2,True,707-762-5126,Oak Creek Apartments,3000,2019-03-03
2888,240 Hollis Avenue,Campbell,False,3,4,True,866-573-8123,La Mancha Apartments,4800,
2889,1510 South Bascom Avenue,Campbell,False,3,4,True,408-377-6900,River Walk Apartments,4850,
2890,240 Hollis Avenue,,False,3,4,True,866-573-8123,La Mancha Apartments,4800,2019-03-07
2891,1100 Market Street,,True,2,3,False,510-832-2249,Beth Eden Apartments,4050,2019-03-04
2892,825 Russell Avenue,,True,2,3,False,707-577-0262,Bicentennial Apartments,3700,2019-03-02
2893,766 1st Street,Gilroy,False,2,2,True,408-847-3818,Mission Park,2750,
2894,181 Pierce Street,Gilroy,False,1,2,True,408-842-6341,Park View Apartments,2800,
2895,500 Ioof Avenue,Gilroy,False,1,2,True,408-842-4457,Plaza Vasquez,2350,
2896,766 1st Street,,False,2,2,True,408-847-3818,Mission Park,2750,2019-03-10
2897,1688 Clayton Road,,False,2,3,False,925-671-3845,City Walk Apartment Homes,3550,2019-03-01
2898,1290 San Tomas Aquino Road,,False,2,3,True,408-984-8888,Aegena,3500,2019-03-12
2899,1275 Central Boulevard,Brentwood,False,3,3,False,925-513-1110,Avery At Towncentre,4400,
2900,180 Sycamore Avenue,Brentwood,False,3,3,False,925-634-8374,Brentwood Parks Apartments,4200,
2901,161 Sycamore Avenue,Brentwood,True,2,3,False,925-634-1390,Sycamore Place 2,3750,
2902,100 Village Drive,Brentwood,True,2,3,False,925-634-4561,Village Parks Apartments,3850,
2903,180 Sycamore Avenue,,False,3,3,False,925-634-8374,Brentwood Parks Apartments,4200,2019-03-08
2904,16077 Ashland Avenue,San Lorenzo,False,2,3,True,510-278-4411,Bayfair Apartments,4050,
2905,801 Galway Drive # 13,San Lorenzo,False,2,3,True,510-481-1966,Galway Terrace Apartments,3950,
2906,16077 Ashland Avenue,,False,2,3,True,510-278-4411,Bayfair Apartments,4050,2019-03-13
2907,1450 East Cotati Avenue,,False,3,3,False,707-793-0123,Cambridge Square Apartments,4150,2019-03-14
2908,624 Avalon Avenue,,True,2,2,True,707-620-5076,Avalon Apartments,3150,2019-03-04
2909,1017 H Street,Antioch,True,3,4,True,925-978-1017,Casa Bonita,4750,
2910,1600 Aster Drive,Antioch,False,3,4,False,925-705-4248,Crestview Pines,4750,
2911,2301 Sycamore Drive,Antioch,False,3,4,False,925-776-5379,Delta Pines Apartments,5250,
2912,2201 Mahogany Way,Antioch,False,3,4,False,925-754-9077,Oakwood Village Apartments,4950,
2913,2300 Sycamore Drive # 14,Antioch,True,3,4,False,925-778-5838,Windsor Court Apartments,4700,
2914,699 Gravenstein Highway North,Sebastopol,False,2,2,False,707-829-0556,Burbank Business Management,2800,
2915,7777 Bodega Avenue,Sebastopol,False,1,2,True,707-823-1361,Burbank Heights & Orchard Seni,2650,
2916,7015 Fellers Lane,Sebastopol,True,2,2,False,707-823-0730,Redwood Grove Apartments,2950,
2917,699 Gravenstein Highway North,,False,2,2,False,707-829-0556,Burbank Business Management,2800,2019-03-09
2918,899 North King Road,,False,3,4,False,408-272-1588,Arbor Park,5250,2019-03-12
2919,5100 Vista Grande Dr,,True,2,3,True,925-755-4141,Cross Pointe,3900,2019-03-08
2920,3620 Clayton Road # 101,Concord,False,2,3,True,925-682-9661,Greentree Terrace Apartments,3750,
2921,1160 Meadow Lane,Concord,False,2,3,True,855-289-4212,Pine Meadows Apartments,3550,
2922,1441 Detroit Avenue,Concord,False,2,3,False,925-682-1655,Sterling Cove Apartments,4000,
2923,1265 Monument Boulevard,Concord,False,2,3,True,925-825-0631,Sun Ridge Apartments,3550,
2924,4902 Clayton Road,,False,2,3,False,925-405-6881,Diablo Terrace Apartments,3550,2019-03-07
2925,3600 Pine Street,Martinez,False,1,2,True,833-255-0983,Mission Pines Apartments,2350,
2926,3883 Vista Oaks Drive,Martinez,False,2,2,False,833-755-3332,Vista Oaks Apartments,2700,
2927,3883 Vista Oaks Drive,,False,2,2,False,833-755-3332,Vista Oaks Apartments,2700,2019-03-06
2928,1335 Montecito Avenue # 1,,False,1,1,True,650-940-1909,Barkley Square Apartments,1600,2019-03-04
2929,4230 San Pablo Dam Road # B16,El Sobrante,False,3,4,False,510-223-4061,Redwood Manor Apartments,5250,
2930,4230 San Pablo Dam Road # B16,,False,3,4,False,510-223-4061,Redwood Manor Apartments,5250,2019-03-11
2931,2238 Hyde Street,San Francisco,False,3,3,True,415-341-3098,View Tower Suites,4300,
2932,49 Gold Mine Drive,San Francisco,False,3,3,False,415-282-1634,Vista Del Monte Apartments,4100,
2933,50 Turk Street #37,San Francisco,False,3,3,True,415-685-7045,Winston Arms Apartments,3950,
2934,530 Carter Street,,False,3,3,True,415-584-4800,Carter Terrace,4000,2019-03-02
2935,3133 Frontera Way,Burlingame,False,2,2,False,650-692-2766,Skyline Terrace Apartments,2800,
2936,3133 Frontera Way,,False,2,2,False,650-692-2766,Skyline Terrace Apartments,2800,2019-03-04
2937,24660 Amador Street,,False,3,4,True,510-849-6628,Amador Apartments,4950,2019-03-09
2938,3051 Alma Street,Palo Alto,False,1,1,True,650-813-1369,Alma Apartments,1900,
2939,574 Arastradero Road,Palo Alto,False,1,1,True,650-493-4376,Arastradero Park Apartments,1750,
2940,3051 Alma Street,,False,1,1,True,650-813-1369,Alma Apartments,1900,2019-03-04
2941,29 West Julian Street,San Jose,True,3,3,False,844-326-6850,Villa Torino,4400,
2942,955 Escalon Avenue,Sunnyvale,True,2,3,False,408-737-2777,Macara Gardens Apartments,3700,
2943,955 Escalon Avenue,,True,2,3,False,408-737-2777,Macara Gardens Apartments,3700,2019-03-01
2944,3998 East Avenue,Livermore,False,1,2,True,925-606-6246,Arbol Verde Apartments,2650,
2945,3819 East Avenue,Livermore,False,1,2,False,844-412-5121,Briarwood Apartments,2750,
2946,2991 College Avenue,Livermore,True,1,2,True,925-373-8490,Chardonnay Garden Apts,2650,
2947,5720 East Avenue,Livermore,False,2,2,True,925-271-7358,Livermore Gardens Apartments,2700,
2948,5896 East Avenue,Livermore,False,2,2,False,925-447-6962,Stoney Creek Apartments,2750,
2949,403 Junction Avenue,Livermore,False,2,2,False,925-454-0425,Tradewinds Apartments,3200,
2950,2900 Redwood Parkway,,True,2,2,True,707-557-0411,Parkway Place Apartments,3250,2019-03-07
2951,1335 Montecito Avenue # 1,,False,1,1,True,650-940-1909,Barkley Square Apartments,1600,2019-03-08
2952,5255 Clayton Road,Concord,False,1,1,False,855-957-1118,Clayton Creek Apartments,1900,
2953,2055 Fox Way,Concord,False,1,1,False,925-384-1332,Oakview Apartments,1900,
2954,2925 Monument Boulevard,Concord,False,1,1,False,925-685-4246,Palm Terrace Concord,1500,
2955,1650 Pine Street,Concord,False,1,1,True,855-273-4847,Park Haven Apartments,1950,
2956,5255 Clayton Road,,False,1,1,False,855-957-1118,Clayton Creek Apartments,1900,2019-03-01
2957,947 Branham Lane # C,,False,1,1,True,408-265-4808,Almaden Garden Apartments,1850,2019-03-04
2958,18 Clark Avenue,,True,3,3,True,707-894-3557,Cloverdale Garden Apartments,4050,2019-03-14
2959,2000 Clay Bank Road,,False,2,2,True,707-881-7063,Avery Park Apartments,2800,2019-03-11
2960,135 Freeway Drive,,True,2,3,False,707-253-8954,Bristol Apartments,3700,2019-03-03
2961,624 Avalon Avenue,,True,2,2,True,707-620-5076,Avalon Apartments,3150,2019-03-13
2962,2000 Clay Bank Road,,False,2,3,True,707-881-7063,Avery Park Apartments,3750,2019-03-01
2963,900 Cambridge Drive,Benicia,False,1,2,True,707-745-6178,Benicia Highlands,2750,
2964,91 Riverview Terrace,Benicia,False,1,2,False,707-745-6522,Burgess Point Apartments,2450,
2965,118 Warwick Drive,Benicia,True,2,2,False,707-745-4544,Crestview Apartments,3200,
2966,50 Chelsea Hills Dr # 23,Benicia,False,2,2,False,707-745-3052,Southampton Apartments,3000,
2967,900 Cambridge Drive,,False,1,2,True,707-745-6178,Benicia Highlands,2750,2019-03-05
2968,29596 Dixon Street # 60,Hayward,False,1,2,False,510-537-4705,Dixon Apartments,2300,
2969,16929 Meekland Avenue,Hayward,False,1,2,True,510-671-8054,Paseo Gardens Apartments,2700,
2970,25355 Cypress Avenue # 101,Hayward,True,1,2,True,510-785-8181,Pepper Tree Apartments,2500,
2971,837 Hancock Street,Hayward,False,1,2,True,510-581-4141,Pinecrest Apartments,2350,
2972,26030 Gading Road # 41,Hayward,False,1,2,True,510-732-9475,Ponderosa Apartments,2600,
2973,1782 D Street,Hayward,False,1,2,False,510-247-9073,Ridgecrest Apartments,2800,
2974,25200 Carlos Bee Boulevard,,False,1,2,False,510-822-2617,City View,2550,2019-03-08
2975,547-549 Buena Vista Avenue,Alameda,False,1,1,False,510-814-1040,Alameda Park Apartments,1850,
2976,2149 Otis Drive,Alameda,True,1,1,True,510-522-1615,Otis Terrace Apartments,1750,
2977,2149 Otis Drive,,True,1,1,True,510-522-1615,Otis Terrace Apartments,1750,2019-03-04
2978,1688 Clayton Road,,False,2,3,False,925-671-3845,City Walk Apartment Homes,3550,2019-03-06
2979,133 North Temple Drive,,False,1,1,False,408-262-2245,Spring Valley Apartments,1750,2019-03-10
2980,5425 Snyder Lane,,False,3,3,True,707-664-8808,Camino Creek Apartments,4150,2019-03-05
2981,5000 Hartnett Avenue,,False,1,1,True,510-237-5377,Crescent Park,1950,2019-03-03
2982,150 Sierra Drive,,False,2,2,False,925-945-1701,Affordable Housing Associates,2700,2019-03-13
2983,1615 Russell Street # 101A,Berkeley,False,1,1,True,510-540-0382,Rosewood Manor Apartments,2050,
2984,1615 Russell Street # 101A,,False,1,1,True,510-540-0382,Rosewood Manor Apartments,2050,2019-03-02
2985,35750 Bettencourt Street # 86,Newark,False,1,1,True,510-791-1266,Meadow Apartments,1800,
2986,37155 Magnolia Street,Newark,False,1,1,False,855-223-7366,Valencia Townhomes,1800,
2987,35750 Bettencourt Street # 86,,False,1,1,True,510-791-1266,Meadow Apartments,1800,2019-03-13
2988,2000 Walnut Avenue,Fremont,False,1,1,True,510-744-1200,The Presidio,1800,
2989,40640 High Street,Fremont,False,1,1,True,510-455-8827,The Woods,1500,
2990,38771 Bell Street,Fremont,False,1,1,True,510-794-5860,Woodland Garden Apartments,1550,
2991,4261 Stevenson Boulevard,,False,1,1,True,510-656-8201,Fremont Manor,1700,2019-03-05
2992,2130 Ascot Drive,Moraga,False,2,2,False,925-376-1313,Vanguard Apartments,3050,
2993,2130 Ascot Drive,,False,2,2,False,925-376-1313,Vanguard Apartments,3050,2019-03-12
2994,3225 Harbor Street,Pittsburg,False,2,2,True,925-432-0333,Fox Creek Apartments,2900,
2995,1000 Pheasant Drive,Pittsburg,False,2,2,True,925-900-5285,Kirker Creek Apartments,3050,
2996,2201 Oak Hills Circle,Pittsburg,False,1,2,False,800-992-6908,Oak Hills Apartments,2450,
2997,200 Presidio Lane,Pittsburg,True,1,2,True,925-432-9922,Presidio Village Senior Housing,2400,
2998,771 Black Diamond Street,Pittsburg,False,2,2,True,925-427-6600,Siena Court Apartments,2800,
2999,101 Leland Lane,Pittsburg,False,1,2,True,925-427-5397,Villa Serena Apartments,2600,
3000,200 Presidio Lane,,True,3,3,True,925-432-9922,Presidio Village Senior Housing,4450,2019-03-02
3001,1633 Marina Court,,True,1,2,False,866-571-7179,Chesapeake Point Apartments,2700,2019-03-08
3002,240 Hollis Avenue,Campbell,False,3,3,True,866-573-8123,La Mancha Apartments,4250,
3003,1510 South Bascom Avenue,Campbell,False,2,3,True,408-377-6900,River Walk Apartments,3900,
3004,240 Hollis Avenue,,False,3,3,True,866-573-8123,La Mancha Apartments,4250,2019-03-07
3005,995 Tully Road,San Jose,False,1,2,True,408-294-6200,Greentree Apartments,2400,
3006,1780 Oakland Road,San Jose,False,1,2,True,408-437-1444,Los Esteros Apartments,2750,
3007,810 Hillsdale Avenue,San Jose,False,1,2,True,408-264-8291,Parkside Glen Apartment Homes,2800,
3008,1543 Ambergrove Drive,,False,1,2,True,408-453-8011,Amberwood Apartments,2500,2019-03-06
3009,1580 Clayton Road # 1,,True,2,2,True,925-827-3700,Casa Pino Condos,3200,2019-03-02
3010,2575 Sir Francis Drake Boulevard # 20,Fairfax,False,3,4,True,415-459-2900,Creekside Apartments,4850,
3011,2575 Sir Francis Drake Boulevard # 20,,False,3,4,True,415-459-2900,Creekside Apartments,4850,2019-03-09
3012,1326 East Cotati Avenue #124,Rohnert Park,True,3,4,False,707-615-1187,Park Club Apartments,5000,
3013,705 Rohnert Park Expressway,Rohnert Park,False,3,4,False,707-584-3755,Vida Nueva,4700,
3014,5121 Dowdell Avenue,,False,3,4,True,707-820-2962,The Reserve At Rohnert Park,5200,2019-03-04
3015,1030 El Monte Avenue,Mountain View,True,1,2,False,650-968-8873,Villa Monte,2550,
3016,1282 Mattox Road,,False,3,4,True,510-886-0385,Alpine Vista Apartments,5150,2019-03-09
3017,141 Golf Club Road,Pleasant Hill,False,3,4,True,925-798-4830,Briarwood Apartments,5150,
3018,630 Tempe Court,Pleasant Hill,True,3,4,True,925-825-1220,Camelback North Apartments,4950,
3019,102 Chilpancingo Parkway,Pleasant Hill,False,3,4,True,925-685-2385,Chilpancingo Vista Apartments,4750,
3020,100 Ellinwood Drive,Pleasant Hill,False,3,4,True,925-676-4085,Gate Apartments,4750,
3021,150 Cleaveland Road,Pleasant Hill,False,3,4,True,925-937-1222,Spring Meadow Apartments,4950,
3022,637 Stonebridge Way,Pleasant Hill,True,3,4,False,925-691-5220,Wood Creek Apartments,5200,
3023,630 Tempe Court,,True,3,4,True,925-825-1220,Camelback North Apartments,4950,2019-03-03
3024,750 North King Road,,True,2,3,False,408-844-4803,Avenel Apartments,3550,2019-03-03
3025,210 Easy Street,,False,3,3,True,650-961-2975,Fernmar Apartments,4300,2019-03-14
3026,7425 Camino Colegio # 61,,False,2,2,True,707-792-0669,Park Meadows Apartments,2850,2019-03-08
3027,301 Country View Lane # A,Pleasant Hill,False,2,2,False,925-676-6964,Country View Apartments,2900,
3028,235 Camelback Road,Pleasant Hill,False,1,2,False,925-671-2460,Northridge Apartments,2550,
3029,235 Camelback Road,,False,1,2,False,925-671-2460,Northridge Apartments,2550,2019-03-01
3030,1400 A Street,,False,2,3,True,925-706-0874,Antioch Rivertown Senior Housing,3800,2019-03-09
3031,201 Harrison Street,San Francisco,False,3,4,False,415-543-1135,Baycrest,4800,
3032,1150 Webster Street,San Francisco,False,3,4,False,415-563-1885,Buchanan Park,4850,
3033,900 Chestnut Street # 102,San Francisco,False,3,4,True,415-441-5668,Chestnut Place,4850,
3034,1820 Post Street,San Francisco,False,3,4,True,415-921-3469,Golden Gate Apartments,5000,
3035,515 John Muir Drive,San Francisco,False,3,4,True,888-536-9891,Lakewood Apartments,4750,
3036,474 Valencia Street # 280,San Francisco,False,3,4,True,415-864-6432,Mission Housing Development Corporation,4750,
3037,440 Valencia Street,San Francisco,False,3,4,False,415-861-6159,Plaza Del Sol Apartments,5100,
3038,50 Reardon Road # 111,San Francisco,False,3,4,True,415-648-1910,Reardon Heights,5000,
3039,140 Cashmere Street,San Francisco,False,3,4,True,415-821-7440,Ridgeview Terrace Townhouses,4900,
3040,49 Gold Mine Drive,San Francisco,False,3,4,False,415-282-1634,Vista Del Monte Apartments,4700,
3041,201 Harrison Street,,False,3,4,False,415-543-1135,Baycrest,4800,2019-03-13
3042,450 Entrada Drive,Novato,False,1,1,True,415-883-9600,La Casa Novato Apartments,2000,
3043,1725 Novato Boulevard,Novato,False,1,1,True,415-898-8380,Novato Park Apartments,1950,
3044,1515 Novato Boulevard # 29,Novato,False,1,1,False,415-897-0323,Otavon Apartments,2050,
3045,1515 Novato Boulevard # 29,,False,2,3,False,415-897-0323,Otavon Apartments,4000,2019-03-10
3046,1615 Russell Street # 101A,,False,2,2,True,510-540-0382,Rosewood Manor Apartments,2850,2019-03-07
3047,73 North Keeble Avenue,,True,2,2,False,408-998-7266,Alameda Gardens Apartments,3150,2019-03-03
3048,1580 Clayton Road # 1,,True,3,4,True,925-827-3700,Casa Pino Condos,4800,2019-03-13
3049,1441 Casa Buena Drive,Corte Madera,True,3,4,False,415-945-9636,Parc Marin Apartments,5000,
3050,1441 Casa Buena Drive,,True,3,4,False,415-945-9636,Parc Marin Apartments,5000,2019-03-04
3051,40001 Fremont Boulevard,,False,2,2,True,510-455-8815,Boulevard,2750,2019-03-09
3052,1282 Mattox Road,,False,3,4,True,510-886-0385,Alpine Vista Apartments,5150,2019-03-14
3053,1688 Clayton Road,,False,2,3,False,925-671-3845,City Walk Apartment Homes,3550,2019-03-14
3054,680 South 37th Street,,False,1,1,True,510-215-1926,Monterey Pines,1850,2019-03-07
3055,707 Continental Circle,,False,1,2,False,833-278-0054,Americana,2750,2019-03-07
3056,900 143rd Avenue,,True,2,2,True,510-898-6076,Parkside Commons Apartments,2700,2019-03-09
3057,1001 Beethoven Common,,False,2,3,True,510-797-1800,Alborada Apartments,3900,2019-03-05
3058,19 Panorama Drive,,True,1,2,True,707-642-6400,Holiday Gardens Apartments,2650,2019-03-01
3059,1059 Reed Avenue,,False,1,1,True,408-984-1060,Aster Park Apartments,1950,2019-03-12
3060,899 North King Road,,False,3,4,False,408-272-1588,Arbor Park,5250,2019-03-07
3061,1546 Maurice Lane,,False,1,1,True,408-818-0710,888 Golden Saratoga-Cupertino Apartment Homes,1600,2019-03-10
3062,1501 Decoto Road,,False,3,4,True,510-487-2733,Parkside Apartments,5250,2019-03-05
3063,3329 Claremont Court,,False,1,1,True,707-578-1313,Brookside East Apartments,1850,2019-03-08
3064,1130 4th Street,,False,1,2,True,707-544-1400,Creekside Park Apartments,2500,2019-03-08
3065,1220 Monument Boulevard,Concord,False,3,3,False,925-676-8550,Mountain View Apartments,4400,
3066,1500 Pine Street # 78,Concord,True,1,2,True,925-827-1700,Pine Terrace Apartments,2650,
3067,3718 Willow Pass Rd,Concord,False,1,2,True,925-686-2244,Whispering Oaks,2450,
3068,1530 Adelaide Street,Concord,False,1,2,True,925-682-2386,Woodhaven Apartments,2650,
3069,39150 Sundale Drive,Fremont,False,3,3,True,510-651-0722,Sundale Arms,4350,
3070,39900 Blacow Road,Fremont,True,3,3,True,510-657-1171,Sundale North & South Apt,4100,
3071,4022 Papillon Terrace,Fremont,False,3,3,True,510-490-7833,Villas Papillon,4350,
3072,40914 Ingersoll Terrace,Fremont,False,3,3,True,510-651-5454,Woodcreek,4200,
3073,1731 Pine Street,Concord,False,2,3,True,925-969-0096,Vasona Management,3800,
3074,3750 Tamayo Street,Fremont,False,2,2,True,510-793-1322,Suburbian Emerald Property,2900,
3075,50 Turk Street #37,San Francisco,False,3,4,True,415-685-7045,Winston Arms Apartments,5150,
3076,245 Masters Court,Walnut Creek,False,1,1,True,925-906-9000,Club Villas,1950,
3077,3081 North Main Street # 23,Walnut Creek,False,1,1,False,925-932-0981,Evergreen Apartments,1900,
3078,42010 Blacow Road,Fremont,False,1,2,True,510-657-2020,Minutetogo,2500,
3079,1401 Red Hawk Circle,Fremont,True,1,2,True,510-494-9500,Mission Peaks,2850,
3080,3600 Pennsylvania Avenue,Fremont,False,1,2,True,510-792-2328,Pennsylvania Apartments,2600,
3081,40777 High Street,Fremont,True,1,2,False,510-651-9080,Pebble Creek Communities,2350,
3082,37767 Fremont Boulevard,Fremont,True,1,2,False,510-797-5099,Pepper Tree Apartments,2350,
3083,385 River Oaks Parkway,San Jose,True,2,3,True,408-325-7100,Verona At Crescent Village,4050,
3084,5404 Drysdale Drive,San Jose,True,2,3,True,408-816-2279,Village Green Apartments,3500,
3085,1301 Stevenson Boulevard,Fremont,False,1,2,False,510-794-7718,Mission Wells Apartments,2300,
3086,3330 Country Drive,Fremont,False,1,2,False,510-792-7817,Parkview Apartments,2600,
3087,None,Fremont,False,2,2,True,510-657-1171,Sundale South Apartments,3050,
3088,40640 High Street,Fremont,False,2,2,True,510-455-8827,The Woods,3250,
3089,1035 Aster Avenue,Sunnyvale,False,1,2,True,888-278-4612,Willowbend Apartments,2400,
3090,395 Ano Nuevo Avenue,Sunnyvale,False,1,2,True,408-732-2600,Windemere Apartments,2400,
3091,1301 Stevenson Boulevard,Fremont,False,2,3,True,510-713-1808,Park Vista Apartments,4050,
3092,39548 Fremont Boulevard,Fremont,True,2,3,True,510-657-4244,Pasatiempo Apartments,3550,
3093,2780 North Texas Street,Fairfield,True,1,1,False,707-896-4168,Bennington Apartments,1750,
3094,1890 Dover Avenue,Fairfield,False,1,1,False,707-422-9630,Birchwood Apartments,1950,
3095,1111 Alaska Avenue,Fairfield,False,1,1,False,707-388-8461,Park Viva,1950,
3096,100 Hawthorn Drive,Fairfield,False,1,1,True,707-425-1624,Round Hill Creek Apartments,1900,
3097,1480 Phoenix Drive,Fairfield,False,1,1,False,707-429-5810,Townhouse Apartments,1600,
3098,22281 Center Street #57,Castro Valley,False,3,3,False,510-538-0995,Continental Apartments,4200,
3099,19972 Stanton Avenue,Castro Valley,True,3,3,True,510-538-2000,Mosaic Apartments,4300,
3100,20800 Lake Chabot Road,Castro Valley,False,3,3,False,844-423-2122,Quail Hill Apartments,4050,
3101,22281 Center Street,Castro Valley,True,3,3,False,510-889-8771,Redwood Valley Apartment Homes,4450,
3102,613 Cabot Way,Napa,False,1,2,False,707-265-9373,Marina Park Townhomes,2450,
3103,1265 Montecito Avenue,Mountain View,True,2,3,False,650-940-9349,Brookside Gardens,4050,
3104,1999 Beach Park Boulevard,Foster City,False,3,4,True,844-899-9230,Beach Park Apartments,5150,
3105,3025 Browns Valley Road,Napa,False,2,2,True,707-257-2051,Charter Oaks Apartments,2700,
3106,601 River Glen Drive,Napa,False,2,2,True,707-253-0288,Glen View Apartments,3150,
3107,1225 Walnut Street,Napa,False,2,2,False,707-255-8588,Walnut Woods Apartments,2900,
3108,2290 California Street,Mountain View,True,3,4,True,650-965-8290,Arbors At Mountain View,5100,
3109,1335 Montecito Avenue # 1,Mountain View,False,3,4,True,650-940-1909,Barkley Square Apartments,5200,
3110,1240 Dale Avenue #6,Mountain View,False,3,4,False,650-961-6811,Delmonico Apartments,5250,
3111,1571 West El Camino Real,Mountain View,False,3,4,False,650-969-9800,Hidden Garden Apartments,5150,
3112,1140 Castro Street # 25,Mountain View,False,3,4,False,650-961-6663,Miramonte Gardens,4800,
3113,570 Rengstorff Avenue,Mountain View,False,3,4,False,650-964-1852,Mountain View Gardens Apartments,5100,
3114,870 East El Camino Real,Mountain View,True,3,4,True,650-967-1424,Reserve At Mountain View Apartments,5000,
3115,2326 California Street,Mountain View,True,3,4,True,650-968-3379,The Californian Apartments,4850,
3116,111 Cleaveland Road,Pleasant Hill,False,2,2,True,925-939-7111,Terrace Apartments,3200,
3117,37057 Magnolia Street,Newark,False,1,2,False,510-791-8566,Alderwood Park,2700,
3118,35750 Bettencourt Street # 86,Newark,False,2,2,True,510-791-1266,Meadow Apartments,2950,
3119,755 East Capitol Avenue,,False,3,3,False,408-586-9001,Crossing At Montague Apartments,4200,2019-03-06
3120,1108 Crestfield Drive,,False,3,4,True,925-314-8034,Muirlands At Windemere Apartments,4700,2019-03-12
3121,1901 Rock Street,Mountain View,False,2,2,True,650-964-6100,Riverstone Town Homes,2700,
3122,449 Tyrella Avenue,Mountain View,False,2,2,True,650-964-2874,Tyrella Garden Apartments,2700,
3123,210 Easy Street,,False,1,2,True,650-961-2975,Fernmar Apartments,2350,2019-03-12
3124,1335 Montecito Avenue # 1,,False,1,1,True,650-940-1909,Barkley Square Apartments,1600,2019-03-05
3125,600 Marathon Drive,,False,2,3,True,408-379-6655,Coffeetree Apartments,3650,2019-03-02
3126,73 North Keeble Avenue,,True,2,2,False,408-998-7266,Alameda Gardens Apartments,3150,2019-03-07
3127,25200 Carlos Bee Boulevard,,False,1,2,False,510-822-2617,City View,2550,2019-03-13
3128,660 Gail Avenue,,False,3,3,True,888-854-9884,Bonnie Terrace Apartments,4450,2019-03-07
3129,978 Almaden Lake Drive,,False,2,2,True,408-323-8020,Almaden Lake Apartments,3100,2019-03-06
3130,2605 Range Avenue,Santa Rosa,True,1,1,True,707-575-9600,Village Square Apartments,1500,
3131,1405 Townview Avenue,Santa Rosa,False,1,1,True,707-576-7772,Vintage At Bennett Valley,1850,
3132,25100 Cypress Avenue,,False,2,3,True,510-887-4406,Cypress Glen,3700,2019-03-14
3133,135 Freeway Drive,,True,2,3,False,707-253-8954,Bristol Apartments,3700,2019-03-02
3134,1655 Pomeroy Avenue,,False,2,3,False,408-241-6308,Carriage House Apartments,3900,2019-03-07
3135,200 Greenbriar Circle,,False,3,3,False,855-243-4986,Addison Ranch,4300,2019-03-07
3136,3051 Alma Street,,False,1,1,True,650-813-1369,Alma Apartments,1900,2019-03-12
3137,1290 San Tomas Aquino Road,,False,2,3,True,408-984-8888,Aegena,3500,2019-03-03
3138,1546 Maurice Lane,,False,1,1,True,408-818-0710,888 Golden Saratoga-Cupertino Apartment Homes,1600,2019-03-12
3139,22800 Meridian Drive,,True,1,1,True,510-455-8869,City Centre,1550,2019-03-04
3140,3620 Clayton Road # 101,,False,2,3,True,925-682-9661,Greentree Terrace Apartments,3750,2019-03-05
3141,1288 East Hillsdale Boulevard,,False,2,2,True,844-334-0618,Miramar Apartments,3200,2019-03-13
3142,2005 San Jose Drive,,False,3,3,True,925-757-1250,Baywoods Apartment Homes,4050,2019-03-14
3143,400 Canal Street # 131,,False,1,2,False,415-454-6223,400 Canal Street Apartments,2550,2019-03-05
3144,5425 Snyder Lane,,False,3,3,True,707-664-8808,Camino Creek Apartments,4250,2019-03-14
3145,34050 Westchester Terrace,,False,2,3,True,510-794-9981,Amber Court,3500,2019-03-05
3146,199 Aegean Way,,False,1,2,False,707-448-7056,Meadowood Apartments,2300,2019-03-13
3147,1633 Marina Court,San Mateo,True,2,3,False,866-571-7179,Chesapeake Point Apartments,3500,
3148,1633 Marina Court,,True,2,3,False,866-571-7179,Chesapeake Point Apartments,3500,2019-03-04
3149,46703 Crawford Street # 2,,False,1,1,False,510-651-5292,Crawford Apartments,1900,2019-03-04
3150,100 Ellinwood Drive,Pleasant Hill,False,3,3,True,925-676-4085,Gate Apartments,4100,
3151,235 Camelback Road,Pleasant Hill,False,2,3,False,925-671-2460,Northridge Apartments,4050,
3152,150 Cleaveland Road,Pleasant Hill,False,3,3,True,925-937-1222,Spring Meadow Apartments,4400,
3153,100 Chilpancingo Parkway,,True,3,3,True,925-686-4000,Bridge Grayson Creek Associates,4150,2019-03-12
3154,6221 Montecito Boulevard,,True,2,3,True,707-888-5505,Brush Creek Apartments,3950,2019-03-04
3155,18 Clark Avenue,,True,3,3,True,707-894-3557,Cloverdale Garden Apartments,4050,2019-03-07
3156,1290 San Tomas Aquino Road,,False,1,2,True,408-984-8888,Aegena,2650,2019-03-04
3157,41277 Roberts Ave # 32,,True,1,1,False,510-656-2303,Felson Management Corporation,1800,2019-03-03
3158,1001 Beethoven Common,,False,3,4,True,510-797-1800,Alborada Apartments,4700,2019-03-09
3159,1580 Clayton Road # 1,,True,3,4,True,925-827-3700,Casa Pino Condos,4800,2019-03-05
3160,40001 Fremont Boulevard,,False,1,1,True,510-455-8815,Boulevard,1850,2019-03-12
3161,1500 Pine Street # 78,,True,3,3,True,925-827-1700,Pine Terrace Apartments,4050,2019-03-05
3162,4445 Stevenson Boulevard,,False,2,2,True,510-657-1133,Americana Apartments,2800,2019-03-11
3163,40001 Fremont Boulevard,,False,1,1,True,510-455-8815,Boulevard,1850,2019-03-06
3164,732 East Evelyn Avenue,,False,2,2,False,669-267-1020,Bristol Commons,2900,2019-03-13
3165,1688 Clayton Road,,False,2,3,False,925-671-3845,City Walk Apartment Homes,3550,2019-03-04
3166,35995 Fremont Boulevard,Fremont,False,1,2,True,510-792-7805,Pinebrook Apartments,2300,
3167,3750 Tamayo Street,Fremont,False,1,2,True,510-793-1322,Suburbian Emerald Property,2600,
3168,39150 Sundale Drive,Fremont,False,1,2,True,510-651-0722,Sundale Arms,2800,
3169,4022 Papillon Terrace,Fremont,False,1,2,True,510-490-7833,Villas Papillon,2550,
3170,41342 Roberts Avenue,,True,1,2,True,510-657-9766,Granada Apartments,2750,2019-03-09
3171,4445 Stevenson Boulevard,,False,2,2,True,510-657-1133,Americana Apartments,2750,2019-03-07
3172,40001 Fremont Boulevard,,False,2,2,True,510-455-8815,Boulevard,2750,2019-03-08
3173,38900 Blacow Road,,True,3,3,True,510-797-5980,Carrington Apartments,4350,2019-03-03
3174,1711 Detroit Avenue,,False,2,2,True,925-686-6868,Courtyard Apartments,2900,2019-03-12
3175,1150 Webster Street,,False,2,3,False,415-563-1885,Buchanan Park,3750,2019-03-03
3176,2971 North Main Street,Walnut Creek,True,3,3,False,925-939-6667,North Main Apartments,4150,
3177,260 Park Lake Circle B,Walnut Creek,False,3,3,False,925-930-0559,Park Lake At Walnut Creek,3900,
3178,1445 Treat Boulevard,,False,3,3,False,925-943-7977,Archstone Walnut Creek,4150,2019-03-09
3179,4101 Eggers Drive # 16,,False,1,2,False,510-796-4064,Case Verde Apartment,2700,2019-03-01
3180,1580 Clayton Road # 1,,True,2,2,True,925-827-3700,Casa Pino Condos,3200,2019-03-12
3181,41342 Roberts Avenue,,True,1,2,True,510-657-9766,Granada Apartments,2750,2019-03-05
3182,201 Harrison Street,,False,3,3,False,415-543-1135,Baycrest,4400,2019-03-11
3183,4445 Stevenson Boulevard,,False,2,2,True,510-657-1133,Americana Apartments,2750,2019-03-09
3184,1227 Hampshire Street,,False,1,2,False,415-285-5966,Betel Apartments,2400,2019-03-11
3185,1580 Clayton Road # 1,,True,3,4,True,925-827-3700,Casa Pino Condos,4800,2019-03-03
3186,1150 Webster Street,,False,3,4,False,415-563-1885,Buchanan Park,4850,2019-03-01
3187,1580 Clayton Road # 1,,True,3,4,True,925-827-3700,Casa Pino Condos,4800,2019-03-01
3188,1290 San Tomas Aquino Road,,False,2,3,True,408-984-8888,Aegena,3500,2019-03-08
3189,1001 Beethoven Common,,False,3,4,True,510-797-1800,Alborada Apartments,4700,2019-03-03
3190,900 Chestnut Street # 102,,False,3,4,True,415-441-5668,Chestnut Place,4850,2019-03-04
3191,1032 Mohr Lane,,False,3,3,True,925-687-8460,Hidden Creek Town Homes,4100,2019-03-05
3192,220 North White Road,,True,2,3,True,408-259-0427,Casa Las Palmas,3750,2019-03-01
3193,3979 Alhambra Avenue,Martinez,False,3,3,True,925-228-7047,Lotus Apartments,4050,
3194,486 Morello Avenue,Martinez,False,2,3,False,925-228-0760,Muir Creek Apartments,3650,
3195,1241 Arnold Drive,Martinez,False,2,3,True,925-372-8078,Muir Park Condominiums,3750,
3196,3979 Alhambra Avenue,,False,3,3,True,925-228-7047,Lotus Apartments,4350,2019-03-12
3197,2225 Sharon Road,Menlo Park,False,1,1,False,650-854-8661,Country Sharon Apartments,1700,
3198,3455 Alameda de las Pulgas apt2,Menlo Park,False,1,1,False,650-321-2701,Pines Apartments,2050,
3199,201 Harrison Street,,False,3,3,False,415-543-1135,Baycrest,4400,2019-03-07
3200,718 Old San Francisco Road,Sunnyvale,True,2,2,False,408-736-1600,Renaissance Apartment Homes,3250,
3201,959 Stewart Drive,Sunnyvale,True,2,2,False,866-492-4478,Stewart Village Apartment Homes,3100,
3202,750 Brahms Way,Sunnyvale,True,2,2,True,408-738-3781,Tiffany Place Apartments,3050,
3203,355 East Evelyn Avenue,Sunnyvale,True,2,2,False,408-540-6545,Villa Del Sol,3250,
3204,718 Old San Francisco Road,,True,2,2,False,408-736-1600,Renaissance Apartment Homes,3250,2019-03-07
3205,200 Davey Glen Road,Belmont,True,3,4,True,650-264-9696,Sofi Belmont Glen,5150,
3206,200 Davey Glen Road,,True,3,4,True,650-264-9696,Sofi Belmont Glen,5150,2019-03-08
3207,1000 Kiely Boulevard,Santa Clara,False,1,1,True,669-206-0300,1000 Kiely,2050,
3208,1500 Vista Club Circle,Santa Clara,False,1,1,False,408-827-1770,Bella Vista Apartments,1750,
3209,1000 Kiely Boulevard,Santa Clara,True,1,1,True,408-247-6228,Family Tree Apartments,1550,
3210,3665 Benton Street,Santa Clara,True,1,1,True,408-243-7449,Lake Terrace Apartments,1750,
3211,1600 Nantucket Circle,Santa Clara,True,1,1,True,408-565-9960,Nantucket Apartments,1600,
3212,2200 Monroe Street,Santa Clara,True,1,1,True,408-244-0900,Old Orchard,1750,
3213,101 Saratoga Avenue,Santa Clara,False,1,1,True,866-913-4881,Orchard Glen Apartments,1800,
3214,3707 Poinciana Drive,Santa Clara,False,1,1,False,408-649-7906,Riley Square,2000,
3215,3449 Agate Drive,Santa Clara,False,1,1,False,408-296-7679,Shayla Apartments,1850,
3216,2147 Newhall Street,Santa Clara,False,1,1,False,866-766-7495,Timberleaf Apartments,1750,
3217,1000 Kiely Boulevard,,False,1,1,True,669-206-0300,1000 Kiely,2050,2019-03-06
3218,121 West Macdonald Avenue,Richmond,False,3,3,False,510-237-6426,St. John'S Apartments,4000,
3219,5000 Hartnett Avenue,,False,2,3,True,510-237-5377,Crescent Park,3550,2019-03-01
3220,1655 Pomeroy Avenue,,False,2,3,False,408-241-6308,Carriage House Apartments,3900,2019-03-11
3221,234 Soscol Avenue,,False,2,3,False,707-258-1370,Cadillac Flats Apartments,3550,2019-03-04
3222,2000 Clay Bank Road,,False,2,2,True,707-881-7063,Avery Park Apartments,2800,2019-03-14
3223,707 Continental Circle,,False,2,2,False,833-278-0054,Americana,2700,2019-03-01
3224,19608 Pruneridge Avenue,Cupertino,False,2,2,True,408-873-9090,Arioso Apartments,2950,
3225,20667 Forge Way,Cupertino,False,2,2,True,408-739-0870,Forge Homestead Apartments,3150,
3226,10200 Miller Avenue,Cupertino,True,2,2,True,408-446-9898,Gardens Of Fontainbleu Apartments,3250,
3227,19608 Pruneridge Avenue,,False,2,2,True,408-873-9090,Arioso Apartments,2950,2019-03-02
3228,1550 Valley Glen Drive,Dixon,False,1,1,False,707-693-9310,Bristol Apartment Homes,1500,
3229,1550 Valley Glen Drive,,False,1,1,False,707-693-9310,Bristol Apartment Homes,1500,2019-03-08
3230,28955 Mission Boulevard,Hayward,False,2,2,True,510-537-5604,Mission Bay Condos,3100,
3231,25355 Cypress Avenue # 101,Hayward,True,2,2,True,510-785-8181,Pepper Tree Apartments,3150,
3232,1782 D Street,Hayward,False,2,2,False,510-247-9073,Ridgecrest Apartments,3050,
3233,22815 Vermont Street,Hayward,False,2,2,True,510-538-6730,Vermont Hills,3200,
3234,199 Aegean Way,,False,3,4,False,707-448-7056,Meadowood Apartments,5100,2019-03-04
3235,457 Sierra Vista Avenue,Mountain View,False,3,3,False,650-968-2310,Sierra Vista,4400,
3236,777 West Middlefield Road,Mountain View,False,3,3,False,650-961-0948,Village Lake Apartments,4100,
3237,3225 Harbor Street,,False,2,2,True,925-432-0333,Fox Creek Apartments,2900,2019-03-01
3238,1688 Clayton Road,,False,2,3,False,925-671-3845,City Walk Apartment Homes,3550,2019-03-08
3239,825 Russell Avenue,,True,1,1,False,707-577-0262,Bicentennial Apartments,1500,2019-03-05
3240,215 Bayview Street,,False,2,2,False,415-485-1140,215 Bayview Apartments,2800,2019-03-12
3241,2500 Deer Valley Road,San Rafael,False,3,3,True,415-479-4500,Deer Valley,3900,
3242,1747 Lincoln Avenue,San Rafael,False,3,3,True,415-453-0563,Park Hill Apartments,4250,
3243,30 Novato Street,San Rafael,False,3,3,True,415-457-5359,Sommerhill Townhomes,4050,
3244,400 Canal Street # 131,,False,2,3,False,415-454-6223,400 Canal Street Apartments,3950,2019-03-04
3245,3620 Clayton Road # 101,,False,2,3,True,925-682-9661,Greentree Terrace Apartments,3750,2019-03-01
3246,1150 Webster Street,,False,2,3,False,415-563-1885,Buchanan Park,3750,2019-03-05
3247,1756 Carmel Drive,,False,3,3,True,925-301-9510,Carmel House,3950,2019-03-09
3248,1001 Beethoven Common,,False,2,3,True,510-797-1800,Alborada Apartments,3900,2019-03-08
3249,1546 Maurice Lane,,False,1,1,True,408-818-0710,888 Golden Saratoga-Cupertino Apartment Homes,1600,2019-03-09
3250,2011 Doolittle Drive # A1,,False,1,1,False,510-357-6086,Doolittle Apartments,1900,2019-03-08
3251,1582 Kooser Road,,False,3,4,True,408-448-1288,Arbor Apartments,5000,2019-03-10
3252,1010 Power Avenue,,False,2,3,True,925-439-5655,Belmont Apartment Homes,3850,2019-03-04
3253,100 Oak Rim Way # 24,Los Gatos,True,2,2,True,408-358-3066,Valley Oaks Apartments,2850,
3254,626 West Parr Avenue,Los Gatos,False,2,2,True,408-370-9410,Villa Vasona Apartments,3050,
3255,100 Oak Rim Way # 24,,True,2,2,True,408-358-3066,Valley Oaks Apartments,2850,2019-03-05
3256,200 Bolinas Road # 62,Fairfax,False,2,2,False,415-456-8696,Sherwood Oaks Apartments,3050,
3257,200 Bolinas Road # 62,,False,2,2,False,415-456-8696,Sherwood Oaks Apartments,3050,2019-03-14
