,check_in_date,destination,has_wifi,hotel_name,number_of_days,number_of_rooms,phone_number,price_per_night,star_rating,street_address
0,2019-03-04,London,False,Comfort Inn Kings Cross,3,1,+44 20 7837 1940,198,3,2-5 Saint Chad's Street
1,2019-03-02,New York,True,Sanctuary Hotel New York,3,1,+1 212-234-7000,468,4,132 West 47th Street
2,2019-03-02,London,False,The Chamberlain Hotel,2,1,+44 20 7680 1500,200,4,132-135 Minories
3,2019-03-05,Delhi,False,Ibis New Delhi Aerocity,3,2,+91 11 4302 0202,138,3,Asset no 9 Indira Gandhi International Airport Aerocity Hospitality District
4,2019-03-05,London,False,Hanover Hotel Victoria,3,1,+44 20 7834 0367,75,3,30-32 Saint George's Drive
5,2019-03-01,London,False,Hanover Hotel Victoria,3,2,+44 20 7834 0367,162,3,30-32 Saint George's Drive
6,2019-03-01,London,False,Doubletree By Hilton Hotel London - Westminster,3,2,+44 20 7630 1000,252,4,30 John Islip Street
7,2019-03-07,Toronto,False,Super 8 By Wyndham Downtown Toronto,3,1,+1 800-536-0519,88,2,222 Spadina Avenue
8,2019-03-06,San Diego,True,Towneplace Suites By Marriott San Diego Downtown,3,1,+1 619-782-6400,99,3,1445 Sixth Avenue
9,2019-03-01,San Francisco,True,Kensington Park Hotel,3,1,+1 800-553-1900,105,3,450 Post Street
10,2019-03-07,London,False,The Ampersand Hotel,4,1,+44 20 7589 5895,220,5,10 Harrington Road
11,2019-03-02,San Francisco,True,"The Cartwright Hotel - Union Square, Bw Premier Collection",2,1,+1 415-421-2865,117,3,524 Sutter Street
12,2019-03-07,New York,True,Soho Garden Hotel,4,2,+1 212-941-6106,234,3,276 Canal Street
13,2019-03-03,Los Angeles,True,Best Western Plus Dragon Gate Inn,3,1,+1 213-617-3077,138,2,818 North Hill Street
14,2019-03-01,Paris,False,Yooma Urban Lodge,4,3,+33 1 44 09 00 13,333,3,"Paris-15E-Arrondissement, 51 Quai de Grenelle, 75015"
15,2019-03-04,New York,True,Aka Central Park,4,1,+1 646-744-3100,312,4,42 West 58th Street
16,2019-03-05,London,False,London Marriott Hotel Regents Park,1,2,+44 20 7722 7711,248,4,128 King Henry's Road
17,2019-03-08,Los Angeles,True,Kimpton Hotel Palomar Los Angeles Beverly Hills,2,1,+1 310-475-8711,92,4,10740 Wilshire Boulevard
18,2019-03-09,Philadelphia,True,Homewood Suites By Hilton Philadelphia-City Avenue,3,1,+1 215-966-3000,114,3,4200 City Avenue
19,2019-03-02,San Francisco,True,Hotel Griffon,1,1,+1 415-495-2100,288,3,"1206, 155 Steuart Street"
20,2019-03-02,Delhi,False,Haveli Dharampura,3,2,+91 11 2326 1000,232,4,"Haveli Dharampura, 2293, Gali Gulian, Chandni Chowk, New Delhi"
21,2019-03-01,New York,True,Hotel De Point,4,1,+1 718-358-8700,210,3,"20-07 127th Street, Flushing"
22,2019-03-01,London,False,The Queen'S Gate Hotel,2,2,+44 20 7584 7222,200,4,31-34 Queen's Gate
23,2019-03-01,Toronto,False,Best Western Plus Toronto North York Hotel & Suites,3,1,+1 416-663-9500,126,3,50 Norfinch Drive
24,2019-03-04,San Diego,True,Catamaran Resort Hotel And Spa,3,1,+1 858-488-1081,432,4,3999 Mission Boulevard
25,2019-03-02,San Francisco,True,Hotel G,3,1,+1 877-828-4478,108,3,386 Geary Street
26,2019-03-02,New York,True,Radisson Hotel Jfk Airport,4,1,+1 718-322-2300,168,3,"135-30 140th Street, Jamaica"
27,2019-03-05,New York,True,Z Nyc Hotel,2,1,+1 212-319-7000,184,4,"11-01 43rd Avenue, Long Island City"
28,2019-03-04,New York,True,Courtyard By Marriott New York Downtown Manhattan/World Trade Center Area,4,1,+1 212-346-0088,252,3,133 Greenwich Street
29,2019-03-04,San Diego,True,Capri By The Sea By All Seasons Resort Lodging,2,1,+1 858-483-6110,75,3,4767 Ocean Boulevard
30,2019-03-09,Anaheim,True,Residence Inn Anaheim Resort/Convention Center,1,2,+1 714-782-7500,156,3,640 West Katella Avenue
31,2019-03-05,New York,True,Doubletree By Hilton Hotel Metropolitan - New York City,2,1,+1 212-752-7000,216,4,569 Lexington Avenue
32,2019-03-02,London,False,The Darlington Hyde Park,3,1,+44 20 7460 8800,162,3,111-117 Sussex Gardens
33,2019-03-01,Kuala Lumpur,False,Pacific Express Hotel Central Market,1,2,+60 3-2022 6888,168,4,"Jalan Hang Kasturi, City Centre, 50000"
34,2019-03-03,Kuala Lumpur,False,W Kuala Lumpur,2,1,+60 3-2786 8888,140,5,"121, Jalan Ampang, Kuala Lumpur, 50450"
35,,San Diego,True,Bahia Resort Hotel,,3,+1 858-539-8666,270,3,998 West Mission Bay Drive
36,,San Diego,True,Best Western Mission Bay,,1,+1 619-275-5700,64,2,2575 Clairemont Drive
37,,San Diego,True,Best Western Plus Bayside Inn,,1,+1 619-233-7500,69,3,555 West Ash Street
38,,San Diego,True,Best Western Plus Hacienda Hotel Old Town,,1,+1 619-298-4707,105,3,4041 Harney Street
39,,San Diego,True,Best Western Plus Island Palms Hotel & Marina,,2,+1 619-222-0561,150,3,2051 Shelter Island Drive
40,,San Diego,True,Best Western San Diego/Miramar Hotel,,2,+1 858-578-6600,120,2,9310 Kearny Mesa Road
41,,San Diego,True,Best Western Seven Seas,,3,+1 619-291-1300,315,3,411 Hotel Circle South
42,,San Diego,True,Best Western Yacht Harbor Hotel,,3,+1 619-224-3254,156,2,5005 North Harbor Drive
43,,San Diego,True,Blue Sea Beach Hotel,,3,+1 858-488-4700,270,3,707 Pacific Beach Drive
44,,San Diego,True,Capri By The Sea By All Seasons Resort Lodging,,1,+1 858-483-6110,108,3,4767 Ocean Boulevard
45,2019-03-02,San Diego,True,Best Western Mission Bay,2,1,+1 619-275-5700,64,2,2575 Clairemont Drive
46,,San Francisco,True,Amsterdam Hostel San Francisco,,1,+1 415-673-3277,46,1,749 Taylor Street
47,,San Francisco,True,Argonaut Hotel,,1,+1 415-563-0800,88,4,495 Jefferson Street
48,,San Francisco,True,Beck'S Motor Lodge,,1,+1 415-621-8212,50,2,2222 Market Street
49,,San Francisco,True,Bei Hotel San Francisco,,1,+1 415-626-6103,261,3,50 8th Street
50,,San Francisco,True,Beresford Arms Hotel,,1,+1 415-673-2600,306,3,701 Post Street
51,,San Francisco,True,Casa Loma Hotel,,1,+1 415-552-7100,62,2,610 Fillmore Street
52,,San Francisco,True,Chancellor Hotel On Union Square,,1,+1 415-362-2004,105,3,433 Powell Street
53,,San Francisco,True,Chelsea,,1,+1 415-563-5600,100,2,2095 Lombard Street
54,,San Francisco,True,Comfort Inn By The Bay,,1,+1 415-928-5000,48,2,2775 Van Ness Avenue
55,,San Francisco,True,Cornell Hotel De France,,1,+1 415-421-3154,270,3,715 Bush Street
56,2019-03-01,San Francisco,True,Amsterdam Hostel San Francisco,1,1,+1 415-673-3277,72,1,749 Taylor Street
57,,London,False,45 Park Lane,,1,+44 20 7493 4545,190,5,45 Park Lane
58,,London,False,Abc Hyde Park Hotel,,3,+44 20 7706 4660,270,3,121 Sussex Gardens
59,,London,False,Abercorn House,,2,+44 20 8563 8692,58,1,28-30 Bute Gardens
60,,London,False,Accommodation London Bridge,,3,+44 20 7403 4299,351,3,58 Great Dover Street
61,,London,False,Ace Hotel London,,3,+44 20 7613 9800,408,4,100 Shoreditch High Street
62,,London,False,Airways Hotel London Victoria,,2,+44 20 7834 0205,222,3,29-31 Saint George's Drive
63,,London,False,Amba Hotel Charing Cross,,2,+44 871 376 9012,168,4,Strand
64,,London,False,Amba Hotel Marble Arch,,2,+44 800 330 8523,200,4,Bryanston Street
65,,London,False,Ambassadors Bloomsbury Hotel,,1,+44 20 7388 9930,140,4,12 Upper Woburn Place
66,,London,False,Ambassadors Hotel,,3,+44 20 7373 1075,189,3,16 Collingham Road
67,,London,False,Abc Hyde Park Hotel,,1,+44 20 7706 4660,270,3,121 Sussex Gardens
68,,London,False,Abercorn House,,1,+44 20 8563 8692,58,1,28-30 Bute Gardens
69,,London,False,Accommodation London Bridge,,1,+44 20 7403 4299,351,3,58 Great Dover Street
70,,London,False,Ace Hotel London,,1,+44 20 7613 9800,408,4,100 Shoreditch High Street
71,,London,False,Airways Hotel London Victoria,,1,+44 20 7834 0205,222,3,29-31 Saint George's Drive
72,,London,False,Amba Hotel Charing Cross,,1,+44 871 376 9012,168,4,Strand
73,,London,False,Amba Hotel Marble Arch,,1,+44 800 330 8523,200,4,Bryanston Street
74,2019-03-02,London,False,Abc Hyde Park Hotel,2,1,+44 20 7706 4660,81,3,121 Sussex Gardens
75,,Paris,False,Ac Hotel By Marriott Paris Porte Maillot,,2,+33 1 84 82 49 09,184,1,"6 Rue Gustave Charpentier, 75017"
76,,Paris,False,Amastan Paris,,1,+33 1 49 52 99 70,124,1,"34 Rue Jean Mermoz, 75008"
77,,Paris,False,Aparthotel Adagio Access Paris La Villette,,2,+33 1 44 72 42 00,156,1,"28bis Avenue Corentin Cariou, 75019"
78,,Paris,False,Aparthotel Adagio Paris Montmartre,,2,+33 1 42 57 14 55,174,1,"10 Place Charles Dullin, 75018"
79,,Paris,False,Austin'S Saint Lazare HoTel,,1,+33 1 48 74 48 71,111,1,"26 Rue d'Amsterdam, 75009"
80,,Paris,False,Avalon Hotel Paris Gare Du Nord,,3,+33 1 42 85 50 00,180,1,"131 Boulevard de Magenta, 75010"
81,,Paris,False,Best Western Bretagne Montparnasse,,3,+33 1 45 38 52 59,348,1,"33 Rue Raymond Losserand, 75014"
82,,Paris,False,Bob Hotel By Elegancia,,1,+33 1 40 43 02 33,80,1,"30 Rue Pernety, 75014"
83,,Paris,False,Brach Paris,,2,+33 1 44 30 10 00,260,1,"1-7 Rue Jean Richepin, 75016"
84,,Paris,False,Buddha-Bar Hotel Paris,,1,+33 1 83 96 88 88,170,1,"4 Rue d'Anjou, 75008"
85,,Paris,False,Ac Hotel By Marriott Paris Porte Maillot,,1,+33 1 84 82 49 09,184,1,"6 Rue Gustave Charpentier, 75017"
86,,Paris,False,Aparthotel Adagio Access Paris La Villette,,1,+33 1 44 72 42 00,156,1,"28bis Avenue Corentin Cariou, 75019"
87,,Paris,False,Aparthotel Adagio Paris Montmartre,,1,+33 1 42 57 14 55,174,1,"10 Place Charles Dullin, 75018"
88,,Paris,False,Avalon Hotel Paris Gare Du Nord,,1,+33 1 42 85 50 00,180,1,"131 Boulevard de Magenta, 75010"
89,,Paris,False,Best Western Bretagne Montparnasse,,1,+33 1 45 38 52 59,348,1,"33 Rue Raymond Losserand, 75014"
90,,Paris,False,Brach Paris,,1,+33 1 44 30 10 00,260,1,"1-7 Rue Jean Richepin, 75016"
91,2019-03-06,Paris,False,Aparthotel Adagio Access Paris La Villette,4,1,+33 1 44 72 42 00,156,1,"28bis Avenue Corentin Cariou, 75019"
92,,London,False,45 Park Lane,,1,+44 20 7493 4545,190,3,45 Park Lane
93,,London,False,Ace Hotel London,,3,+44 20 7613 9800,408,3,100 Shoreditch High Street
94,,London,False,Amba Hotel Charing Cross,,2,+44 871 376 9012,168,3,Strand
95,,London,False,Amba Hotel Marble Arch,,2,+44 800 330 8523,200,3,Bryanston Street
96,,London,False,Ambassadors Bloomsbury Hotel,,1,+44 20 7388 9930,140,3,12 Upper Woburn Place
97,,London,False,Apex City Of London Hotel,,2,+44 20 7702 2020,192,3,1 Seething Lane
98,2019-03-03,London,False,45 Park Lane,2,1,+44 20 7493 4545,525,3,45 Park Lane
99,,New York,True,1 Hotel Brooklyn Bridge,,1,+1 833-625-6111,80,4,"60 Furman Street, Brooklyn"
100,,New York,True,1 Hotel Central Park,,1,+1 212-703-2001,150,5,1414 6th Avenue
101,,New York,True,11 Howard,,2,+1 212-235-1111,168,3,11 Howard Street
102,,New York,True,6 Columbus Hotel,,2,+1 212-204-3000,208,4,308 West 58th Street
103,,New York,True,Ac Hotel New York Times Square,,2,+1 212-398-2700,272,4,260 West 40th Street
104,,New York,True,Ace Hotel,,3,+1 212-991-0551,468,4,20 West 29th Street
105,,New York,True,Adria Hotel & Conference Center,,2,+1 718-631-5900,156,3,"221-17 Northern Boulevard, Bayside"
106,,New York,True,Aka Central Park,,1,+1 646-744-3100,152,4,42 West 58th Street
107,,New York,True,Aka Times Square,,1,+1 212-764-5700,80,4,123 West 44th Street
108,,New York,True,Aka Wall Street,,3,+1 212-252-9090,312,4,84 William Street
109,2019-03-01,New York,True,1 Hotel Brooklyn Bridge,1,1,+1 833-625-6111,80,4,"60 Furman Street, Brooklyn"
110,2019-03-04,London,False,45 Park Lane,3,1,+44 20 7493 4545,190,5,45 Park Lane
111,2019-03-04,London,False,45 Park Lane,1,1,+44 20 7493 4545,190,5,45 Park Lane
112,,Los Angeles,True,Ac Hotel By Marriott Beverly Hills,,3,+1 323-852-7000,138,2,6399 Wilshire Boulevard
113,,Los Angeles,True,Best Western Plus Dragon Gate Inn,,2,+1 213-617-3077,136,2,818 North Hill Street
114,,Los Angeles,True,Beverly Hills Marriott,,1,+1 310-553-6561,140,4,1150 South Beverly Drive
115,,Los Angeles,True,Beverly Laurel Motor Hotel,,2,+1 800-947-7666,80,2,8018 Beverly Boulevard
116,,Los Angeles,True,Courtyard By Marriott Los Angeles Century City/Beverly Hills,,2,+1 310-556-2777,126,3,10320 West Olympic Boulevard
117,,Los Angeles,True,Courtyard By Marriott Los Angeles L.A. Live,,2,+1 213-443-9222,144,3,901 West Olympic Boulevard
118,,Los Angeles,True,Courtyard By Marriott Los Angeles Lax/Century Boulevard,,2,+1 310-649-1400,234,3,6161 West Century Boulevard
119,,Los Angeles,True,Crowne Plaza Los Angeles Airport,,2,+1 310-642-7500,288,4,5985 West Century Boulevard
120,,Los Angeles,True,Dunes Inn - Wilshire,,3,+1 323-938-3617,186,2,4300 Wilshire Boulevard
121,,Los Angeles,True,Embassy Suites By Hilton Los Angeles International Airport North,,2,+1 310-215-1000,228,3,9801 Airport Boulevard
122,2019-03-03,Los Angeles,True,Ac Hotel By Marriott Beverly Hills,2,1,+1 323-852-7000,138,2,6399 Wilshire Boulevard
123,,Kuala Lumpur,False,Alila Bangsar,,3,+60 3-2268 3888,465,5,"East Side, 58, Jalan Ang Seng, Brickfields, 50470"
124,,Kuala Lumpur,False,Aloft Kuala Lumpur Sentral,,2,+60 3-2723 1188,256,4,"No. 5, Jalan Stesen Sentral, 50470 Kuala Lumpur, Wilayah Persekutuan"
125,,Kuala Lumpur,False,Ancasa Hotel & Spa Kuala Lumpur,,3,+60 3-2026 6060,279,3,"Jalan Tun Tan Cheng Lock, City Centre, 50500 Kuala Lumpur, Wilayah Persekutuan"
126,,Kuala Lumpur,False,Arenaa Star Hotel,,1,+60 3-2078 0988,114,3,"49-51, Jalan Hang Lekiu, 50100"
127,,Kuala Lumpur,False,Banyan Tree Kuala Lumpur,,1,+60 3-2113 1888,135,5,"2, Jalan Conlay, 50450 Kuala Lumpur, Wilayah Persekutuan"
128,,Kuala Lumpur,False,Citin Hotel Masjid Jamek,,3,+60 3-2693 2999,288,3,"33, Jalan Melayu, City Centre, 50100 Kuala Lumpur, Wilayah Persekutuan"
129,,Kuala Lumpur,False,Cititel Mid Valley,,3,+60 3-2296 1188,243,3,"Lingkaran Syed Putra, Mid Valley City, 59200 Kuala Lumpur, Wilayah Persekutuan"
130,,Kuala Lumpur,False,Concorde Hotel Kuala Lumpur,,1,+60 3-2144 2200,132,4,"2, Jalan Sultan Ismail, Kuala Lumpur, 50250 Kuala Lumpur, Wilayah Persekutuan"
131,,Kuala Lumpur,False,Container Hotel,,2,+60 12-702 2851,148,2,"Jalan Delima, Imbi, 55100 Kuala Lumpur, Wilayah Persekutuan"
132,,Kuala Lumpur,False,Corus Hotel Kuala Lumpur,,1,+60 3-2161 8888,124,4,"Jalan Ampang, Hampshire Park, 50450 Kuala Lumpur, Wilayah Persekutuan"
133,2019-03-08,New York,True,1 Hotel Central Park,4,2,+1 212-703-2001,420,5,1414 6th Avenue
134,,Delhi,False,Aloft New Delhi Aerocity,,1,+91 11 4565 0000,152,4,"5B Igi T3 Road, Delhi - Ajmer Expressway, Aerocity, New Delhi"
135,,Delhi,False,Andaz Delhi - A Concept By Hyatt,,1,+91 11 4903 1234,135,5,"Asset, Street Number 1, New Delhi"
136,,Delhi,False,Bloomrooms @ New Delhi Railway Station,,2,+91 11 4122 5666,192,3,"8591, Arakashan Road, Opp New Delhi Railway Station, New Delhi"
137,,Delhi,False,Calista Resort,,3,+91 11 4103 4591,342,3,"37/2-4 Old, National Highway 48, Kapas Hera, New Delhi"
138,,Delhi,False,Crowne Plaza New Delhi Mayur Vihar Noida,,2,+91 11 4110 2222,240,4,"13 B, District Centre, Mayur Vihar, New Delhi"
139,,Delhi,False,Crowne Plaza New Delhi Okhla,,1,+91 11 4646 2000,175,5,"Plot No 1, Community Center, Okhla Phase I, New Delhi"
140,,Delhi,False,Deemarks Hotel & Resorts Conference Venues Corporate Event In Mahipalpur Near Airport In South Delhi,,3,+91 11 2506 0721,225,3,"Shiv Murti, Nh-8, Delhi - Jaipur Expressway, Rangpuri, New Delhi"
141,,Delhi,False,"Four Points By Sheraton New Delhi, Airport Highway",,1,+91 11 6604 0000,80,4,"Plot no 9, National Highway - 8, Samalka, New Delhi"
142,,Delhi,False,Haveli Dharampura,,2,+91 11 2326 1000,200,4,"Haveli Dharampura, 2293, Gali Gulian, Chandni Chowk, New Delhi"
143,,Delhi,False,Hilton Garden Inn New Delhi/Saket,,3,+91 11 3919 1919,384,4,"A4, DLF Place, Saket District Centre, New Delhi"
144,,Delhi,False,Aloft New Delhi Aerocity,,1,+91 11 4565 0000,152,1,"5B Igi T3 Road, Delhi - Ajmer Expressway, Aerocity, New Delhi"
145,,Delhi,False,Andaz Delhi - A Concept By Hyatt,,1,+91 11 4903 1234,135,1,"Asset, Street Number 1, New Delhi"
146,,Delhi,False,Bloomrooms @ New Delhi Railway Station,,2,+91 11 4122 5666,192,1,"8591, Arakashan Road, Opp New Delhi Railway Station, New Delhi"
147,,Delhi,False,Calista Resort,,3,+91 11 4103 4591,342,1,"37/2-4 Old, National Highway 48, Kapas Hera, New Delhi"
148,,Delhi,False,Crowne Plaza New Delhi Mayur Vihar Noida,,2,+91 11 4110 2222,240,1,"13 B, District Centre, Mayur Vihar, New Delhi"
149,,Delhi,False,Crowne Plaza New Delhi Okhla,,1,+91 11 4646 2000,175,1,"Plot No 1, Community Center, Okhla Phase I, New Delhi"
150,,Delhi,False,Deemarks Hotel & Resorts Conference Venues Corporate Event In Mahipalpur Near Airport In South Delhi,,3,+91 11 2506 0721,225,1,"Shiv Murti, Nh-8, Delhi - Jaipur Expressway, Rangpuri, New Delhi"
151,,Delhi,False,"Four Points By Sheraton New Delhi, Airport Highway",,1,+91 11 6604 0000,80,1,"Plot no 9, National Highway - 8, Samalka, New Delhi"
152,,Delhi,False,Haveli Dharampura,,2,+91 11 2326 1000,200,1,"Haveli Dharampura, 2293, Gali Gulian, Chandni Chowk, New Delhi"
153,,Delhi,False,Hilton Garden Inn New Delhi/Saket,,3,+91 11 3919 1919,384,1,"A4, DLF Place, Saket District Centre, New Delhi"
154,2019-03-08,Delhi,False,Andaz Delhi - A Concept By Hyatt,4,1,+91 11 4903 1234,135,1,"Asset, Street Number 1, New Delhi"
155,2019-03-06,New York,True,11 Howard,2,1,+1 212-235-1111,168,3,11 Howard Street
156,,San Francisco,True,Amsterdam Hostel San Francisco,,2,+1 415-673-3277,46,1,749 Taylor Street
157,,San Francisco,True,Bei Hotel San Francisco,,3,+1 415-626-6103,261,3,50 8th Street
158,,San Francisco,True,Beresford Arms Hotel,,3,+1 415-673-2600,306,3,701 Post Street
159,,San Francisco,True,Chelsea,,2,+1 415-563-5600,100,2,2095 Lombard Street
160,,San Francisco,True,Cornell Hotel De France,,3,+1 415-421-3154,270,3,715 Bush Street
161,,San Francisco,True,Argonaut Hotel,,2,+1 415-563-0800,248,1,495 Jefferson Street
162,,San Francisco,True,Beck'S Motor Lodge,,2,+1 415-621-8212,132,1,2222 Market Street
163,,San Francisco,True,Bei Hotel San Francisco,,2,+1 415-626-6103,261,1,50 8th Street
164,,San Francisco,True,Beresford Arms Hotel,,2,+1 415-673-2600,306,1,701 Post Street
165,,San Francisco,True,Casa Loma Hotel,,2,+1 415-552-7100,210,1,610 Fillmore Street
166,,San Francisco,True,Chancellor Hotel On Union Square,,2,+1 415-362-2004,174,1,433 Powell Street
167,,San Francisco,True,Chelsea,,2,+1 415-563-5600,100,1,2095 Lombard Street
168,,San Francisco,True,Comfort Inn By The Bay,,2,+1 415-928-5000,204,1,2775 Van Ness Avenue
169,,San Francisco,True,Argonaut Hotel,,1,+1 415-563-0800,88,1,495 Jefferson Street
170,,San Francisco,True,Beck'S Motor Lodge,,1,+1 415-621-8212,50,1,2222 Market Street
171,,San Francisco,True,Bei Hotel San Francisco,,1,+1 415-626-6103,261,1,50 8th Street
172,,San Francisco,True,Beresford Arms Hotel,,1,+1 415-673-2600,306,1,701 Post Street
173,,San Francisco,True,Casa Loma Hotel,,1,+1 415-552-7100,62,1,610 Fillmore Street
174,,San Francisco,True,Chancellor Hotel On Union Square,,1,+1 415-362-2004,105,1,433 Powell Street
175,,San Francisco,True,Chelsea,,1,+1 415-563-5600,100,1,2095 Lombard Street
176,2019-03-11,San Francisco,True,Beck'S Motor Lodge,2,1,+1 415-621-8212,50,1,2222 Market Street
177,2019-03-04,London,False,45 Park Lane,4,1,+44 20 7493 4545,190,5,45 Park Lane
178,,Chicago,True,Ac Hotel By Marriott Chicago Downtown,,3,+1 312-981-6600,216,3,630 North Rush Street
179,,Chicago,True,Ace Hotel Chicago,,1,+1 312-764-1919,112,3,311 North Morgan Street
180,,Chicago,True,Acme Hotel Company Chicago,,2,+1 312-894-0800,150,3,15 East Ohio Street
181,,Chicago,True,Aloft Chicago Downtown River North,,3,+1 312-661-1000,315,3,515 North Clark Street
182,,Chicago,True,Aloft Chicago Mag Mile,,1,+1 312-429-6600,78,3,243 East Ontario Street
183,,Chicago,True,Ambassador Chicago,,2,+1 888-506-3471,296,3,1301 North State Parkway
184,,Chicago,True,Best Western River North Hotel,,3,+1 312-467-0800,180,3,125 West Ohio Street
185,,Chicago,True,Cambria Hotel Chicago Magnificent Mile,,3,+1 312-787-6000,360,3,166 East Superior Street
186,,Chicago,True,Chicago Athletic Association,,1,+1 312-940-3552,92,3,12 South Michigan Avenue
187,,Chicago,True,Chicago Lake Shore Hotel,,3,+1 773-288-5800,288,3,"3250, 4900B South Lake Shore Drive"
188,,Chicago,True,Ace Hotel Chicago,,3,+1 312-764-1919,300,3,311 North Morgan Street
189,,Chicago,True,Acme Hotel Company Chicago,,3,+1 312-894-0800,207,3,15 East Ohio Street
190,,Chicago,True,Aloft Chicago Mag Mile,,3,+1 312-429-6600,252,3,243 East Ontario Street
191,,Chicago,True,Ambassador Chicago,,3,+1 888-506-3471,420,3,1301 North State Parkway
192,,Chicago,True,Chicago Athletic Association,,3,+1 312-940-3552,252,3,12 South Michigan Avenue
193,2019-03-06,Chicago,True,Ace Hotel Chicago,2,3,+1 312-764-1919,300,3,311 North Morgan Street
194,,New York,True,1 Hotel Brooklyn Bridge,,2,+1 833-625-6111,232,4,"60 Furman Street, Brooklyn"
195,,New York,True,1 Hotel Central Park,,2,+1 212-703-2001,495,5,1414 6th Avenue
196,,New York,True,Ace Hotel,,2,+1 212-991-0551,468,4,20 West 29th Street
197,,New York,True,Aka Central Park,,2,+1 646-744-3100,168,4,42 West 58th Street
198,,New York,True,Aka Times Square,,2,+1 212-764-5700,216,4,123 West 44th Street
199,,New York,True,Aka Wall Street,,2,+1 212-252-9090,312,4,84 William Street
200,2019-03-02,New York,True,1 Hotel Central Park,1,2,+1 212-703-2001,495,5,1414 6th Avenue
201,,Phoenix,True,Aloft Phoenix-Airport,,3,+1 602-275-6300,180,3,4450 East Washington Street
202,,Phoenix,True,Arizona Grand Resort & Spa,,2,+1 602-426-2638,208,4,8000 Arizona Grand Parkway
203,,Phoenix,True,Cambria Hotel North Scottsdale Desert Ridge,,2,+1 480-585-6644,204,3,4425 E Irma Ln&nbsp
204,,Phoenix,True,Comfort Suites Phoenix North,,2,+1 602-861-3900,116,2,10210 North 26th Drive
205,,Phoenix,True,Courtyard By Marriott Phoenix Downtown,,3,+1 602-603-2001,324,3,132 South Central Avenue
206,,Phoenix,True,Crowne Plaza Phoenix Airport,,3,+1 602-273-7778,207,3,4300 East Washington Street
207,,Phoenix,True,Days Inn By Wyndham Airport - Phoenix,,1,+1 800-615-3107,58,2,2900 East Van Buren Street
208,,Phoenix,True,Doubletree Suites By Hilton Hotel Phoenix,,3,+1 602-225-0500,261,3,320 North 44th Street
209,,Phoenix,True,Drury Inn & Suites Phoenix Airport,,1,+1 602-437-8400,72,3,3333 East University Drive
210,,Phoenix,True,Drury Inn & Suites Phoenix Happy Valley,,1,+1 623-879-8800,117,3,2335 West Pinnacle Peak Road
211,,Phoenix,True,Aloft Phoenix-Airport,,3,+1 602-275-6300,180,2,4450 East Washington Street
212,,Phoenix,True,Arizona Grand Resort & Spa,,2,+1 602-426-2638,208,2,8000 Arizona Grand Parkway
213,,Phoenix,True,Cambria Hotel North Scottsdale Desert Ridge,,2,+1 480-585-6644,204,2,4425 E Irma Ln&nbsp
214,,Phoenix,True,Courtyard By Marriott Phoenix Downtown,,3,+1 602-603-2001,324,2,132 South Central Avenue
215,,Phoenix,True,Crowne Plaza Phoenix Airport,,3,+1 602-273-7778,207,2,4300 East Washington Street
216,,Phoenix,True,Doubletree Suites By Hilton Hotel Phoenix,,3,+1 602-225-0500,261,2,320 North 44th Street
217,,Phoenix,True,Drury Inn & Suites Phoenix Airport,,1,+1 602-437-8400,72,2,3333 East University Drive
218,,Phoenix,True,Drury Inn & Suites Phoenix Happy Valley,,1,+1 623-879-8800,117,2,2335 West Pinnacle Peak Road
219,2019-03-09,Phoenix,True,Cambria Hotel North Scottsdale Desert Ridge,4,1,+1 480-585-6644,204,2,4425 E Irma Ln&nbsp
220,,Delhi,False,Bloomrooms @ New Delhi Railway Station,,1,+91 11 4122 5666,192,3,"8591, Arakashan Road, Opp New Delhi Railway Station, New Delhi"
221,,Delhi,False,Calista Resort,,1,+91 11 4103 4591,342,3,"37/2-4 Old, National Highway 48, Kapas Hera, New Delhi"
222,,Delhi,False,Crowne Plaza New Delhi Mayur Vihar Noida,,1,+91 11 4110 2222,240,4,"13 B, District Centre, Mayur Vihar, New Delhi"
223,,Delhi,False,Deemarks Hotel & Resorts Conference Venues Corporate Event In Mahipalpur Near Airport In South Delhi,,1,+91 11 2506 0721,225,3,"Shiv Murti, Nh-8, Delhi - Jaipur Expressway, Rangpuri, New Delhi"
224,,Delhi,False,Haveli Dharampura,,1,+91 11 2326 1000,200,4,"Haveli Dharampura, 2293, Gali Gulian, Chandni Chowk, New Delhi"
225,,Delhi,False,Hilton Garden Inn New Delhi/Saket,,1,+91 11 3919 1919,384,4,"A4, DLF Place, Saket District Centre, New Delhi"
226,2019-03-03,Delhi,False,Aloft New Delhi Aerocity,4,1,+91 11 4565 0000,124,4,"5B Igi T3 Road, Delhi - Ajmer Expressway, Aerocity, New Delhi"
227,2019-03-01,New York,True,1 Hotel Brooklyn Bridge,4,2,+1 833-625-6111,232,4,"60 Furman Street, Brooklyn"
228,2019-03-12,Paris,False,Ac Hotel By Marriott Paris Porte Maillot,1,1,+33 1 84 82 49 09,96,1,"6 Rue Gustave Charpentier, 75017"
229,,London,False,Ambassadors Hotel,,1,+44 20 7373 1075,189,3,16 Collingham Road
230,,London,False,45 Park Lane,,1,+44 20 7493 4545,190,2,45 Park Lane
231,,London,False,Abc Hyde Park Hotel,,1,+44 20 7706 4660,270,2,121 Sussex Gardens
232,,London,False,Accommodation London Bridge,,1,+44 20 7403 4299,351,2,58 Great Dover Street
233,,London,False,Ace Hotel London,,1,+44 20 7613 9800,408,2,100 Shoreditch High Street
234,,London,False,Airways Hotel London Victoria,,1,+44 20 7834 0205,222,2,29-31 Saint George's Drive
235,,London,False,Amba Hotel Charing Cross,,1,+44 871 376 9012,168,2,Strand
236,,London,False,Amba Hotel Marble Arch,,1,+44 800 330 8523,200,2,Bryanston Street
237,,London,False,Ambassadors Bloomsbury Hotel,,1,+44 20 7388 9930,140,2,12 Upper Woburn Place
238,,London,False,Ambassadors Hotel,,1,+44 20 7373 1075,189,2,16 Collingham Road
239,,London,False,Apex City Of London Hotel,,1,+44 20 7702 2020,192,2,1 Seething Lane
240,2019-03-05,London,False,Abc Hyde Park Hotel,4,1,+44 20 7706 4660,270,2,121 Sussex Gardens
241,,Paris,False,Ac Hotel By Marriott Paris Porte Maillot,,2,+33 1 84 82 49 09,184,4,"6 Rue Gustave Charpentier, 75017"
242,,Paris,False,Amastan Paris,,1,+33 1 49 52 99 70,124,4,"34 Rue Jean Mermoz, 75008"
243,,Paris,False,Best Western Bretagne Montparnasse,,3,+33 1 45 38 52 59,348,4,"33 Rue Raymond Losserand, 75014"
244,,Paris,False,Bob Hotel By Elegancia,,1,+33 1 40 43 02 33,80,4,"30 Rue Pernety, 75014"
245,,Paris,False,Brach Paris,,2,+33 1 44 30 10 00,260,4,"1-7 Rue Jean Richepin, 75016"
246,,Paris,False,Buddha-Bar Hotel Paris,,1,+33 1 83 96 88 88,170,4,"4 Rue d'Anjou, 75008"
247,,Paris,False,C.O.Q Hotel Paris,,3,+33 1 45 86 35 99,384,4,"15 Rue Edouard Manet, 75013"
248,,Paris,False,Declic Hotel Paris,,1,+33 1 46 06 17 66,96,4,"17 Rue Duhesme, 75018"
249,,Paris,False,First Hotel,,1,+33 1 43 06 93 26,132,4,"2 Boulevard Garibaldi, 75015"
250,,Paris,False,Grand Hotel Saint Michel,,1,+33 1 46 33 33 02,148,4,"19 Rue Cujas, 75005"
251,,Paris,False,Ac Hotel By Marriott Paris Porte Maillot,,1,+33 1 84 82 49 09,184,4,"6 Rue Gustave Charpentier, 75017"
252,,Paris,False,Best Western Bretagne Montparnasse,,1,+33 1 45 38 52 59,348,4,"33 Rue Raymond Losserand, 75014"
253,,Paris,False,Brach Paris,,1,+33 1 44 30 10 00,260,4,"1-7 Rue Jean Richepin, 75016"
254,,Paris,False,C.O.Q Hotel Paris,,1,+33 1 45 86 35 99,384,4,"15 Rue Edouard Manet, 75013"
255,2019-03-01,Paris,False,Best Western Bretagne Montparnasse,2,1,+33 1 45 38 52 59,348,4,"33 Rue Raymond Losserand, 75014"
256,,London,False,45 Park Lane,,2,+44 20 7493 4545,525,2,45 Park Lane
257,,London,False,Abc Hyde Park Hotel,,2,+44 20 7706 4660,270,2,121 Sussex Gardens
258,,London,False,Accommodation London Bridge,,2,+44 20 7403 4299,351,2,58 Great Dover Street
259,,London,False,Ace Hotel London,,2,+44 20 7613 9800,408,2,100 Shoreditch High Street
260,,London,False,Airways Hotel London Victoria,,2,+44 20 7834 0205,222,2,29-31 Saint George's Drive
261,,London,False,Amba Hotel Charing Cross,,2,+44 871 376 9012,168,2,Strand
262,,London,False,Amba Hotel Marble Arch,,2,+44 800 330 8523,200,2,Bryanston Street
263,,London,False,Ambassadors Bloomsbury Hotel,,2,+44 20 7388 9930,264,2,12 Upper Woburn Place
264,2019-03-02,London,False,Accommodation London Bridge,2,2,+44 20 7403 4299,252,2,58 Great Dover Street
265,,Las Vegas,True,Best Western Plus Las Vegas West,,1,+1 702-256-3766,105,3,8669 West Sahara Avenue
266,,Las Vegas,True,Budget Suites Of America,,1,+1 702-638-1800,23,1,2219 North Rancho Drive
267,,Las Vegas,True,Hampton Inn Las Vegas/Summerlin,,3,+1 702-360-5700,252,3,7100 Cascade Valley Court
268,,Las Vegas,True,La Quinta Inn & Suites By Wyndham Las Vegas Summerlin Tech,,2,+1 702-360-1200,92,2,7101 Cascade Valley Court
269,,Las Vegas,True,Oasis At Gold Spike,,1,+1 702-768-9823,108,3,217 Las Vegas Boulevard North
270,,Las Vegas,True,Thunderbird Boutique Hotel,,1,+1 702-489-7500,40,2,1215 South Las Vegas Boulevard
271,2019-03-04,Las Vegas,True,Best Western Plus Las Vegas West,1,2,+1 702-256-3766,138,3,8669 West Sahara Avenue
272,,New York,True,1 Hotel Brooklyn Bridge,,1,+1 833-625-6111,80,2,"60 Furman Street, Brooklyn"
273,,New York,True,1 Hotel Central Park,,1,+1 212-703-2001,150,2,1414 6th Avenue
274,,New York,True,11 Howard,,2,+1 212-235-1111,168,2,11 Howard Street
275,,New York,True,6 Columbus Hotel,,2,+1 212-204-3000,208,2,308 West 58th Street
276,,New York,True,Ac Hotel New York Times Square,,2,+1 212-398-2700,272,2,260 West 40th Street
277,,New York,True,Ace Hotel,,3,+1 212-991-0551,468,2,20 West 29th Street
278,,New York,True,Adria Hotel & Conference Center,,2,+1 718-631-5900,156,2,"221-17 Northern Boulevard, Bayside"
279,,New York,True,Aka Central Park,,1,+1 646-744-3100,152,2,42 West 58th Street
280,,New York,True,Aka Times Square,,1,+1 212-764-5700,80,2,123 West 44th Street
281,,New York,True,Aka Wall Street,,3,+1 212-252-9090,312,2,84 William Street
282,2019-03-04,New York,True,11 Howard,2,1,+1 212-235-1111,198,2,11 Howard Street
283,,Paris,False,Aparthotel Adagio Access Paris La Villette,,2,+33 1 44 72 42 00,156,3,"28bis Avenue Corentin Cariou, 75019"
284,,Paris,False,Aparthotel Adagio Paris Montmartre,,2,+33 1 42 57 14 55,174,3,"10 Place Charles Dullin, 75018"
285,,Paris,False,Austin'S Saint Lazare HoTel,,1,+33 1 48 74 48 71,111,3,"26 Rue d'Amsterdam, 75009"
286,,Paris,False,Avalon Hotel Paris Gare Du Nord,,3,+33 1 42 85 50 00,180,3,"131 Boulevard de Magenta, 75010"
287,,Paris,False,Brach Paris,,2,+33 1 44 30 10 00,260,5,"1-7 Rue Jean Richepin, 75016"
288,,Paris,False,Buddha-Bar Hotel Paris,,1,+33 1 83 96 88 88,170,5,"4 Rue d'Anjou, 75008"
289,,Paris,False,Ac Hotel By Marriott Paris Porte Maillot,,3,+33 1 84 82 49 09,276,2,"6 Rue Gustave Charpentier, 75017"
290,,Paris,False,Amastan Paris,,3,+33 1 49 52 99 70,432,2,"34 Rue Jean Mermoz, 75008"
291,,Paris,False,Aparthotel Adagio Access Paris La Villette,,3,+33 1 44 72 42 00,306,2,"28bis Avenue Corentin Cariou, 75019"
292,,Paris,False,Aparthotel Adagio Paris Montmartre,,3,+33 1 42 57 14 55,198,2,"10 Place Charles Dullin, 75018"
293,,Paris,False,Austin'S Saint Lazare HoTel,,3,+33 1 48 74 48 71,234,2,"26 Rue d'Amsterdam, 75009"
294,,Paris,False,Avalon Hotel Paris Gare Du Nord,,3,+33 1 42 85 50 00,180,2,"131 Boulevard de Magenta, 75010"
295,,Paris,False,Best Western Bretagne Montparnasse,,3,+33 1 45 38 52 59,348,2,"33 Rue Raymond Losserand, 75014"
296,,Paris,False,Bob Hotel By Elegancia,,3,+33 1 40 43 02 33,420,2,"30 Rue Pernety, 75014"
297,,Paris,False,Brach Paris,,3,+33 1 44 30 10 00,390,2,"1-7 Rue Jean Richepin, 75016"
298,,Paris,False,Buddha-Bar Hotel Paris,,3,+33 1 83 96 88 88,585,2,"4 Rue d'Anjou, 75008"
299,2019-03-03,Paris,False,Aparthotel Adagio Access Paris La Villette,1,3,+33 1 44 72 42 00,306,2,"28bis Avenue Corentin Cariou, 75019"
300,,London,False,45 Park Lane,,2,+44 20 7493 4545,525,5,45 Park Lane
301,,London,False,Abc Hyde Park Hotel,,2,+44 20 7706 4660,270,3,121 Sussex Gardens
302,,London,False,Accommodation London Bridge,,2,+44 20 7403 4299,351,3,58 Great Dover Street
303,,London,False,Ace Hotel London,,2,+44 20 7613 9800,408,4,100 Shoreditch High Street
304,,London,False,Ambassadors Bloomsbury Hotel,,2,+44 20 7388 9930,264,4,12 Upper Woburn Place
305,,London,False,Ambassadors Hotel,,2,+44 20 7373 1075,189,3,16 Collingham Road
306,2019-03-03,London,False,45 Park Lane,4,2,+44 20 7493 4545,525,5,45 Park Lane
307,,London,False,45 Park Lane,,1,+44 20 7493 4545,190,1,45 Park Lane
308,,London,False,Abc Hyde Park Hotel,,1,+44 20 7706 4660,270,1,121 Sussex Gardens
309,,London,False,Accommodation London Bridge,,1,+44 20 7403 4299,351,1,58 Great Dover Street
310,,London,False,Ace Hotel London,,1,+44 20 7613 9800,408,1,100 Shoreditch High Street
311,,London,False,Airways Hotel London Victoria,,1,+44 20 7834 0205,222,1,29-31 Saint George's Drive
312,,London,False,Amba Hotel Charing Cross,,1,+44 871 376 9012,168,1,Strand
313,,London,False,Amba Hotel Marble Arch,,1,+44 800 330 8523,200,1,Bryanston Street
314,2019-03-02,London,False,Abercorn House,1,1,+44 20 8563 8692,30,1,28-30 Bute Gardens
315,,Kuala Lumpur,False,Alila Bangsar,,1,+60 3-2268 3888,465,5,"East Side, 58, Jalan Ang Seng, Brickfields, 50470"
316,,Kuala Lumpur,False,Aloft Kuala Lumpur Sentral,,1,+60 3-2723 1188,256,4,"No. 5, Jalan Stesen Sentral, 50470 Kuala Lumpur, Wilayah Persekutuan"
317,,Kuala Lumpur,False,Ancasa Hotel & Spa Kuala Lumpur,,1,+60 3-2026 6060,279,3,"Jalan Tun Tan Cheng Lock, City Centre, 50500 Kuala Lumpur, Wilayah Persekutuan"
318,,Kuala Lumpur,False,Citin Hotel Masjid Jamek,,1,+60 3-2693 2999,288,3,"33, Jalan Melayu, City Centre, 50100 Kuala Lumpur, Wilayah Persekutuan"
319,,Kuala Lumpur,False,Cititel Mid Valley,,1,+60 3-2296 1188,243,3,"Lingkaran Syed Putra, Mid Valley City, 59200 Kuala Lumpur, Wilayah Persekutuan"
320,,Kuala Lumpur,False,Container Hotel,,1,+60 12-702 2851,148,2,"Jalan Delima, Imbi, 55100 Kuala Lumpur, Wilayah Persekutuan"
321,2019-03-01,Kuala Lumpur,False,Aloft Kuala Lumpur Sentral,1,1,+60 3-2723 1188,336,4,"No. 5, Jalan Stesen Sentral, 50470 Kuala Lumpur, Wilayah Persekutuan"
322,,London,False,Abc Hyde Park Hotel,,3,+44 20 7706 4660,270,2,121 Sussex Gardens
323,,London,False,Accommodation London Bridge,,3,+44 20 7403 4299,351,2,58 Great Dover Street
324,,London,False,Ace Hotel London,,3,+44 20 7613 9800,408,2,100 Shoreditch High Street
325,,London,False,Ambassadors Hotel,,3,+44 20 7373 1075,189,2,16 Collingham Road
326,,London,False,Apex City Of London Hotel,,2,+44 20 7702 2020,192,2,1 Seething Lane
327,2019-03-06,London,False,Accommodation London Bridge,1,1,+44 20 7403 4299,351,2,58 Great Dover Street
328,2019-03-01,San Diego,True,Bahia Resort Hotel,4,1,+1 858-539-8666,270,3,998 West Mission Bay Drive
329,,Toronto,False,Best Western Plus Toronto North York Hotel & Suites,,3,+1 416-663-9500,198,3,50 Norfinch Drive
330,,Toronto,False,Best Western Primrose Hotel Downtown-Toronto,,3,+1 800-780-7234,189,3,111 Carlton Street
331,,Toronto,False,Bisha Hotel Toronto,,1,+1 416-551-2800,92,4,80 Blue Jays Way
332,,Toronto,False,Bond Place Hotel Toronto,,1,+1 800-268-9390,111,3,65 Dundas Street East
333,,Toronto,False,Cambridge Suites Toronto,,2,+1 800-463-1990,264,4,15 Richmond Street East
334,,Toronto,False,Courtyard By Marriott Toronto Downtown,,1,+1 416-924-0611,87,3,475 Yonge Street
335,,Toronto,False,Days Inn By Wyndham Toronto East Beaches,,1,+1 647-693-6842,68,2,1684 Queen Street East
336,,Toronto,False,Doubletree By Hilton Hotel Toronto Downtown,,3,+1 416-977-5000,384,4,108 Chestnut Street
337,,Toronto,False,Embassy Suites By Hilton Toronto Airport,,1,+1 416-674-8442,114,3,262 Carlingview Drive
338,,Toronto,False,Executive Hotel Cosmopolitan Toronto,,2,+1 855-958-3488,272,4,8 Colborne Street
339,2019-03-02,Toronto,False,Best Western Primrose Hotel Downtown-Toronto,2,1,+1 800-780-7234,186,3,111 Carlton Street
340,,Los Angeles,True,Beverly Hills Marriott,,1,+1 310-553-6561,140,2,1150 South Beverly Drive
341,,Los Angeles,True,Courtyard By Marriott Los Angeles Century City/Beverly Hills,,2,+1 310-556-2777,126,2,10320 West Olympic Boulevard
342,,Los Angeles,True,Courtyard By Marriott Los Angeles L.A. Live,,2,+1 213-443-9222,144,2,901 West Olympic Boulevard
343,,Los Angeles,True,Courtyard By Marriott Los Angeles Lax/Century Boulevard,,2,+1 310-649-1400,234,2,6161 West Century Boulevard
344,,Los Angeles,True,Crowne Plaza Los Angeles Airport,,2,+1 310-642-7500,288,2,5985 West Century Boulevard
345,,Los Angeles,True,Embassy Suites By Hilton Los Angeles International Airport North,,2,+1 310-215-1000,228,2,9801 Airport Boulevard
346,2019-03-01,Los Angeles,True,Beverly Hills Marriott,4,1,+1 310-553-6561,140,2,1150 South Beverly Drive
347,,Chicago,True,Ac Hotel By Marriott Chicago Downtown,,1,+1 312-981-6600,216,1,630 North Rush Street
348,,Chicago,True,Ace Hotel Chicago,,1,+1 312-764-1919,112,1,311 North Morgan Street
349,,Chicago,True,Acme Hotel Company Chicago,,1,+1 312-894-0800,150,1,15 East Ohio Street
350,,Chicago,True,Aloft Chicago Downtown River North,,1,+1 312-661-1000,315,1,515 North Clark Street
351,,Chicago,True,Aloft Chicago Mag Mile,,1,+1 312-429-6600,78,1,243 East Ontario Street
352,,Chicago,True,Ambassador Chicago,,1,+1 888-506-3471,296,1,1301 North State Parkway
353,,Chicago,True,Best Western Grant Park Hotel,,1,+1 312-922-2900,138,1,1100 South Michigan Avenue
354,,Chicago,True,Best Western Plus Hawthorne Terrace Hotel,,1,+1 773-244-3434,234,1,3434 N Broadway Ave
355,,Chicago,True,Best Western River North Hotel,,1,+1 312-467-0800,180,1,125 West Ohio Street
356,,Chicago,True,Cambria Hotel Chicago Magnificent Mile,,1,+1 312-787-6000,360,1,166 East Superior Street
357,,Chicago,True,Ac Hotel By Marriott Chicago Downtown,,3,+1 312-981-6600,216,1,630 North Rush Street
358,,Chicago,True,Ace Hotel Chicago,,3,+1 312-764-1919,300,1,311 North Morgan Street
359,,Chicago,True,Acme Hotel Company Chicago,,3,+1 312-894-0800,207,1,15 East Ohio Street
360,,Chicago,True,Aloft Chicago Downtown River North,,3,+1 312-661-1000,315,1,515 North Clark Street
361,,Chicago,True,Aloft Chicago Mag Mile,,3,+1 312-429-6600,252,1,243 East Ontario Street
362,,Chicago,True,Ambassador Chicago,,3,+1 888-506-3471,420,1,1301 North State Parkway
363,,Chicago,True,Best Western Grant Park Hotel,,3,+1 312-922-2900,138,1,1100 South Michigan Avenue
364,,Chicago,True,Best Western Plus Hawthorne Terrace Hotel,,3,+1 773-244-3434,234,1,3434 N Broadway Ave
365,,Chicago,True,Best Western River North Hotel,,3,+1 312-467-0800,180,1,125 West Ohio Street
366,,Chicago,True,Cambria Hotel Chicago Magnificent Mile,,3,+1 312-787-6000,360,1,166 East Superior Street
367,2019-03-03,Chicago,True,Ace Hotel Chicago,2,3,+1 312-764-1919,348,1,311 North Morgan Street
368,,London,False,Ace Hotel London,,1,+44 20 7613 9800,408,3,100 Shoreditch High Street
369,,London,False,Amba Hotel Charing Cross,,1,+44 871 376 9012,168,3,Strand
370,,London,False,Amba Hotel Marble Arch,,1,+44 800 330 8523,200,3,Bryanston Street
371,,London,False,Apex City Of London Hotel,,1,+44 20 7702 2020,192,3,1 Seething Lane
372,2019-03-05,London,False,Accommodation London Bridge,3,1,+44 20 7403 4299,270,3,58 Great Dover Street
373,2019-03-03,Los Angeles,True,Ac Hotel By Marriott Beverly Hills,1,1,+1 323-852-7000,138,2,6399 Wilshire Boulevard
374,2019-03-03,Phoenix,True,Arizona Grand Resort & Spa,4,1,+1 602-426-2638,208,4,8000 Arizona Grand Parkway
375,,Delhi,False,Aloft New Delhi Aerocity,,3,+91 11 4565 0000,420,4,"5B Igi T3 Road, Delhi - Ajmer Expressway, Aerocity, New Delhi"
376,,Delhi,False,Andaz Delhi - A Concept By Hyatt,,3,+91 11 4903 1234,390,5,"Asset, Street Number 1, New Delhi"
377,,Delhi,False,Bloomrooms @ New Delhi Railway Station,,3,+91 11 4122 5666,279,3,"8591, Arakashan Road, Opp New Delhi Railway Station, New Delhi"
378,,Delhi,False,Crowne Plaza New Delhi Mayur Vihar Noida,,3,+91 11 4110 2222,408,4,"13 B, District Centre, Mayur Vihar, New Delhi"
379,,Delhi,False,Crowne Plaza New Delhi Okhla,,3,+91 11 4646 2000,330,5,"Plot No 1, Community Center, Okhla Phase I, New Delhi"
380,,Delhi,False,"Four Points By Sheraton New Delhi, Airport Highway",,3,+91 11 6604 0000,372,4,"Plot no 9, National Highway - 8, Samalka, New Delhi"
381,,Delhi,False,Haveli Dharampura,,3,+91 11 2326 1000,420,4,"Haveli Dharampura, 2293, Gali Gulian, Chandni Chowk, New Delhi"
382,2019-03-01,Delhi,False,Andaz Delhi - A Concept By Hyatt,4,3,+91 11 4903 1234,390,5,"Asset, Street Number 1, New Delhi"
383,2019-03-01,London,False,Abercorn House,4,1,+44 20 8563 8692,58,1,28-30 Bute Gardens
384,,New York,True,1 Hotel Brooklyn Bridge,,1,+1 833-625-6111,80,1,"60 Furman Street, Brooklyn"
385,,New York,True,1 Hotel Central Park,,1,+1 212-703-2001,150,1,1414 6th Avenue
386,,New York,True,11 Howard,,2,+1 212-235-1111,168,1,11 Howard Street
387,,New York,True,6 Columbus Hotel,,2,+1 212-204-3000,208,1,308 West 58th Street
388,,New York,True,Ac Hotel New York Times Square,,2,+1 212-398-2700,272,1,260 West 40th Street
389,,New York,True,Ace Hotel,,3,+1 212-991-0551,468,1,20 West 29th Street
390,,New York,True,Adria Hotel & Conference Center,,2,+1 718-631-5900,156,1,"221-17 Northern Boulevard, Bayside"
391,,New York,True,Aka Central Park,,1,+1 646-744-3100,152,1,42 West 58th Street
392,,New York,True,Aka Times Square,,1,+1 212-764-5700,80,1,123 West 44th Street
393,,New York,True,Aka Wall Street,,3,+1 212-252-9090,312,1,84 William Street
394,,New York,True,11 Howard,,1,+1 212-235-1111,168,1,11 Howard Street
395,,New York,True,6 Columbus Hotel,,1,+1 212-204-3000,208,1,308 West 58th Street
396,,New York,True,Ac Hotel New York Times Square,,1,+1 212-398-2700,272,1,260 West 40th Street
397,,New York,True,Ace Hotel,,1,+1 212-991-0551,468,1,20 West 29th Street
398,,New York,True,Adria Hotel & Conference Center,,1,+1 718-631-5900,156,1,"221-17 Northern Boulevard, Bayside"
399,2019-03-04,New York,True,11 Howard,2,1,+1 212-235-1111,198,1,11 Howard Street
400,2019-03-03,Los Angeles,True,Ac Hotel By Marriott Beverly Hills,1,2,+1 323-852-7000,138,2,6399 Wilshire Boulevard
401,,Anaheim,True,Anaheim Desert Inn And Suites,,3,+1 714-772-5050,144,2,1600 South Harbor Boulevard
402,,Anaheim,True,Anaheim Majestic Garden Hotel,,2,+1 714-778-1700,180,3,900 South Disneyland Drive
403,,Anaheim,True,Anaheim Portofino Inn & Suites,,3,+1 800-341-6301,180,3,1831 South Harbor Boulevard
404,,Anaheim,False,Anaheim Rv Park,,3,+1 714-774-3860,144,2,200 West Midway Drive
405,,Anaheim,True,Ayres Hotel Anaheim,,1,+1 714-634-2106,78,3,2550 East Katella Avenue
406,,Anaheim,True,Best Western Plus Anaheim Inn,,3,+1 714-774-1050,324,3,1630 South Harbor Boulevard
407,,Anaheim,True,Best Western Plus Park Place Inn - Mini Suites,,3,+1 714-776-4800,324,3,1544 South Harbor Boulevard
408,,Anaheim,True,Best Western Plus Pavilions,,2,+1 714-776-0140,52,1,1176 West Katella Avenue
409,,Anaheim,True,Best Western Plus Raffles Inn & Suites,,2,+1 714-750-6100,128,2,2040 South Harbor Boulevard
410,,Anaheim,True,Best Western Plus Stovall'S Inn,,2,+1 714-778-1880,216,3,1110 West Katella Avenue
411,2019-03-04,London,False,45 Park Lane,2,3,+44 20 7493 4545,525,5,45 Park Lane
412,,San Diego,True,Bahia Resort Hotel,,1,+1 858-539-8666,270,2,998 West Mission Bay Drive
413,,San Diego,True,Best Western Plus Bayside Inn,,1,+1 619-233-7500,69,2,555 West Ash Street
414,,San Diego,True,Best Western Plus Hacienda Hotel Old Town,,1,+1 619-298-4707,105,2,4041 Harney Street
415,,San Diego,True,Best Western Plus Island Palms Hotel & Marina,,1,+1 619-222-0561,150,2,2051 Shelter Island Drive
416,,San Diego,True,Best Western San Diego/Miramar Hotel,,1,+1 858-578-6600,120,2,9310 Kearny Mesa Road
417,,San Diego,True,Best Western Seven Seas,,1,+1 619-291-1300,315,2,411 Hotel Circle South
418,,San Diego,True,Best Western Yacht Harbor Hotel,,1,+1 619-224-3254,156,2,5005 North Harbor Drive
419,,San Diego,True,Blue Sea Beach Hotel,,1,+1 858-488-4700,270,2,707 Pacific Beach Drive
420,,San Diego,True,Bahia Resort Hotel,,1,+1 858-539-8666,270,1,998 West Mission Bay Drive
421,,San Diego,True,Best Western Mission Bay,,1,+1 619-275-5700,64,1,2575 Clairemont Drive
422,,San Diego,True,Best Western Plus Bayside Inn,,1,+1 619-233-7500,69,1,555 West Ash Street
423,,San Diego,True,Best Western Plus Hacienda Hotel Old Town,,1,+1 619-298-4707,105,1,4041 Harney Street
424,,San Diego,True,Best Western Plus Island Palms Hotel & Marina,,1,+1 619-222-0561,150,1,2051 Shelter Island Drive
425,,San Diego,True,Best Western San Diego/Miramar Hotel,,1,+1 858-578-6600,120,1,9310 Kearny Mesa Road
426,,San Diego,True,Best Western Seven Seas,,1,+1 619-291-1300,315,1,411 Hotel Circle South
427,,San Diego,True,Best Western Yacht Harbor Hotel,,1,+1 619-224-3254,156,1,5005 North Harbor Drive
428,2019-03-02,San Diego,True,Best Western Plus Bayside Inn,1,1,+1 619-233-7500,69,1,555 West Ash Street
429,2019-03-11,San Francisco,True,Beck'S Motor Lodge,2,1,+1 415-621-8212,50,2,2222 Market Street
430,2019-03-01,London,False,Abercorn House,2,1,+44 20 8563 8692,58,1,28-30 Bute Gardens
431,,Seattle,True,Ace Hotel Seattle,,2,+1 206-448-4721,88,2,2423 1st Avenue
432,,Seattle,True,Belltown Inn,,2,+1 866-525-4704,132,2,2301 3rd Avenue
433,,Seattle,True,Best Western Plus Pioneer Square Hotel Downtown,,2,+1 206-340-1234,132,3,77 Yesler Way
434,,Seattle,True,Courtyard By Marriott Seattle Downtown/Lake Union,,3,+1 206-213-0100,216,3,925 Westlake Avenue North
435,,Seattle,True,Crowne Plaza Seattle Downtown,,1,+1 206-464-1980,80,4,1113 6th Avenue
436,,Seattle,True,Days Inn By Wyndham Seattle North Of Downtown,,2,+1 800-615-3107,112,2,9100 Aurora Avenue North
437,,Seattle,True,Embassy Suites By Hilton Seattle Downtown Pioneer Square,,1,+1 206-859-4400,84,3,255 South King Street
438,,Seattle,True,Even Hotel Seattle Downtown - Lake Union,,3,+1 206-596-2302,243,3,527 Fairview Avenue North
439,,Seattle,True,Extended Stay America - Seattle - Northgate,,3,+1 206-365-8100,204,2,13300 Stone Avenue North
440,,Seattle,True,Four Points By Sheraton Downtown Seattle Center,,3,+1 206-282-2600,243,3,601 Roy Street
441,,Seattle,True,Ace Hotel Seattle,,2,+1 206-448-4721,88,1,2423 1st Avenue
442,,Seattle,True,Belltown Inn,,2,+1 866-525-4704,132,1,2301 3rd Avenue
443,,Seattle,True,Best Western Plus Pioneer Square Hotel Downtown,,2,+1 206-340-1234,132,1,77 Yesler Way
444,,Seattle,True,Courtyard By Marriott Seattle Downtown/Lake Union,,3,+1 206-213-0100,216,1,925 Westlake Avenue North
445,,Seattle,True,Crowne Plaza Seattle Downtown,,1,+1 206-464-1980,80,1,1113 6th Avenue
446,,Seattle,True,Days Inn By Wyndham Seattle North Of Downtown,,2,+1 800-615-3107,112,1,9100 Aurora Avenue North
447,,Seattle,True,Embassy Suites By Hilton Seattle Downtown Pioneer Square,,1,+1 206-859-4400,84,1,255 South King Street
448,,Seattle,True,Even Hotel Seattle Downtown - Lake Union,,3,+1 206-596-2302,243,1,527 Fairview Avenue North
449,,Seattle,True,Extended Stay America - Seattle - Northgate,,3,+1 206-365-8100,204,1,13300 Stone Avenue North
450,2019-03-05,Seattle,True,Best Western Plus Pioneer Square Hotel Downtown,1,1,+1 206-340-1234,234,1,77 Yesler Way
451,,Kuala Lumpur,False,Alila Bangsar,,3,+60 3-2268 3888,465,1,"East Side, 58, Jalan Ang Seng, Brickfields, 50470"
452,,Kuala Lumpur,False,Aloft Kuala Lumpur Sentral,,2,+60 3-2723 1188,256,1,"No. 5, Jalan Stesen Sentral, 50470 Kuala Lumpur, Wilayah Persekutuan"
453,,Kuala Lumpur,False,Ancasa Hotel & Spa Kuala Lumpur,,3,+60 3-2026 6060,279,1,"Jalan Tun Tan Cheng Lock, City Centre, 50500 Kuala Lumpur, Wilayah Persekutuan"
454,,Kuala Lumpur,False,Arenaa Star Hotel,,1,+60 3-2078 0988,114,1,"49-51, Jalan Hang Lekiu, 50100"
455,,Kuala Lumpur,False,Banyan Tree Kuala Lumpur,,1,+60 3-2113 1888,135,1,"2, Jalan Conlay, 50450 Kuala Lumpur, Wilayah Persekutuan"
456,,Kuala Lumpur,False,Citin Hotel Masjid Jamek,,3,+60 3-2693 2999,288,1,"33, Jalan Melayu, City Centre, 50100 Kuala Lumpur, Wilayah Persekutuan"
457,,Kuala Lumpur,False,Cititel Mid Valley,,3,+60 3-2296 1188,243,1,"Lingkaran Syed Putra, Mid Valley City, 59200 Kuala Lumpur, Wilayah Persekutuan"
458,,Kuala Lumpur,False,Concorde Hotel Kuala Lumpur,,1,+60 3-2144 2200,132,1,"2, Jalan Sultan Ismail, Kuala Lumpur, 50250 Kuala Lumpur, Wilayah Persekutuan"
459,,Kuala Lumpur,False,Container Hotel,,2,+60 12-702 2851,148,1,"Jalan Delima, Imbi, 55100 Kuala Lumpur, Wilayah Persekutuan"
460,,Kuala Lumpur,False,Corus Hotel Kuala Lumpur,,1,+60 3-2161 8888,124,1,"Jalan Ampang, Hampshire Park, 50450 Kuala Lumpur, Wilayah Persekutuan"
461,2019-03-03,Kuala Lumpur,False,Alila Bangsar,3,1,+60 3-2268 3888,465,1,"East Side, 58, Jalan Ang Seng, Brickfields, 50470"
462,2019-03-04,London,False,45 Park Lane,2,1,+44 20 7493 4545,190,5,45 Park Lane
463,,Philadelphia,True,Aka University City,,1,+1 215-372-9000,81,3,"Cira Centre South, 2929 Walnut Street"
464,,Philadelphia,True,Aloft Philadelphia Airport,,3,+1 267-298-1700,252,3,4301 Island Avenue
465,,Philadelphia,True,Aloft Philadelphia Downtown,,2,+1 215-607-2020,120,3,101 North Broad Street
466,,Philadelphia,True,Best Western Plus Philadelphia Convention Center Hotel,,2,+1 215-398-3080,192,3,1225 Vine Street
467,,Philadelphia,True,"Club Quarters Hotel, Philadelphia",,1,+1 215-282-5000,69,3,1628 Chestnut Street
468,,Philadelphia,True,Courtyard By Marriott Philadelphia City Avenue,,1,+1 215-477-0200,81,3,4100 Presidential Boulevard
469,,Philadelphia,True,Courtyard By Marriott Philadelphia South At The Navy Yard,,3,+1 215-644-9200,279,3,1001 Intrepid Avenue
470,,Philadelphia,True,Doubletree By Hilton Hotel Philadelphia Airport,,2,+1 215-365-4150,156,3,4509 Island Avenue
471,,Philadelphia,True,Embassy Suites By Hilton Philadelphia Airport,,2,+1 215-365-4500,132,3,9000 Bartram Avenue
472,,Philadelphia,True,Fairfield Inn & Suites By Marriott Philadelphia Downtown/Center City,,2,+1 800-228-2800,88,2,261 South 13th Street
473,,Philadelphia,True,Aloft Philadelphia Airport,,1,+1 267-298-1700,252,3,4301 Island Avenue
474,,Philadelphia,True,Aloft Philadelphia Downtown,,1,+1 215-607-2020,120,3,101 North Broad Street
475,,Philadelphia,True,Best Western Plus Philadelphia Convention Center Hotel,,1,+1 215-398-3080,192,3,1225 Vine Street
476,,Philadelphia,True,Courtyard By Marriott Philadelphia South At The Navy Yard,,1,+1 215-644-9200,279,3,1001 Intrepid Avenue
477,,Philadelphia,True,Doubletree By Hilton Hotel Philadelphia Airport,,1,+1 215-365-4150,156,3,4509 Island Avenue
478,,Philadelphia,True,Embassy Suites By Hilton Philadelphia Airport,,1,+1 215-365-4500,132,3,9000 Bartram Avenue
479,,Philadelphia,True,Fairfield Inn & Suites By Marriott Philadelphia Downtown/Center City,,1,+1 800-228-2800,88,2,261 South 13th Street
480,2019-03-10,Philadelphia,True,Aloft Philadelphia Downtown,3,1,+1 215-607-2020,120,3,101 North Broad Street
481,2019-03-05,London,False,Abc Hyde Park Hotel,3,1,+44 20 7706 4660,270,3,121 Sussex Gardens
482,,London,False,45 Park Lane,,3,+44 20 7493 4545,525,5,45 Park Lane
483,,London,False,Abercorn House,,3,+44 20 8563 8692,93,1,28-30 Bute Gardens
484,,London,False,Airways Hotel London Victoria,,3,+44 20 7834 0205,288,3,29-31 Saint George's Drive
485,,London,False,Amba Hotel Charing Cross,,3,+44 871 376 9012,360,4,Strand
486,,London,False,Amba Hotel Marble Arch,,3,+44 800 330 8523,252,4,Bryanston Street
487,,London,False,Ambassadors Bloomsbury Hotel,,3,+44 20 7388 9930,468,4,12 Upper Woburn Place
488,2019-03-02,London,False,45 Park Lane,1,3,+44 20 7493 4545,420,5,45 Park Lane
489,2019-03-02,Las Vegas,True,Budget Suites Of America,4,1,+1 702-638-1800,23,1,2219 North Rancho Drive
490,2019-03-02,London,False,Abc Hyde Park Hotel,4,1,+44 20 7706 4660,81,3,121 Sussex Gardens
491,,Paris,False,Aparthotel Adagio Access Paris La Villette,,1,+33 1 44 72 42 00,156,3,"28bis Avenue Corentin Cariou, 75019"
492,,Paris,False,Aparthotel Adagio Paris Montmartre,,1,+33 1 42 57 14 55,174,3,"10 Place Charles Dullin, 75018"
493,,Paris,False,Avalon Hotel Paris Gare Du Nord,,1,+33 1 42 85 50 00,180,3,"131 Boulevard de Magenta, 75010"
494,,Paris,False,Brach Paris,,1,+33 1 44 30 10 00,260,5,"1-7 Rue Jean Richepin, 75016"
495,2019-03-01,Paris,False,Best Western Bretagne Montparnasse,4,1,+33 1 45 38 52 59,348,4,"33 Rue Raymond Losserand, 75014"
496,,New York,True,11 Howard,,1,+1 212-235-1111,168,3,11 Howard Street
497,,New York,True,6 Columbus Hotel,,1,+1 212-204-3000,208,4,308 West 58th Street
498,,New York,True,Ac Hotel New York Times Square,,1,+1 212-398-2700,272,4,260 West 40th Street
499,,New York,True,Ace Hotel,,1,+1 212-991-0551,468,4,20 West 29th Street
500,,New York,True,Adria Hotel & Conference Center,,1,+1 718-631-5900,156,3,"221-17 Northern Boulevard, Bayside"
501,,New York,True,Aka Wall Street,,1,+1 212-252-9090,312,4,84 William Street
502,2019-03-06,New York,True,11 Howard,3,1,+1 212-235-1111,168,3,11 Howard Street
503,,Chicago,True,Ac Hotel By Marriott Chicago Downtown,,2,+1 312-981-6600,216,2,630 North Rush Street
504,,Chicago,True,Ace Hotel Chicago,,2,+1 312-764-1919,240,2,311 North Morgan Street
505,,Chicago,True,Acme Hotel Company Chicago,,2,+1 312-894-0800,150,2,15 East Ohio Street
506,,Chicago,True,Aloft Chicago Downtown River North,,2,+1 312-661-1000,315,2,515 North Clark Street
507,,Chicago,True,Aloft Chicago Mag Mile,,2,+1 312-429-6600,198,2,243 East Ontario Street
508,,Chicago,True,Ambassador Chicago,,2,+1 888-506-3471,296,2,1301 North State Parkway
509,,Chicago,True,Best Western Grant Park Hotel,,2,+1 312-922-2900,138,2,1100 South Michigan Avenue
510,,Chicago,True,Best Western Plus Hawthorne Terrace Hotel,,2,+1 773-244-3434,234,2,3434 N Broadway Ave
511,,Chicago,True,Best Western River North Hotel,,2,+1 312-467-0800,180,2,125 West Ohio Street
512,,Chicago,True,Cambria Hotel Chicago Magnificent Mile,,2,+1 312-787-6000,360,2,166 East Superior Street
513,2019-03-04,Chicago,True,Acme Hotel Company Chicago,2,2,+1 312-894-0800,207,2,15 East Ohio Street
514,,Paris,False,Ac Hotel By Marriott Paris Porte Maillot,,2,+33 1 84 82 49 09,184,2,"6 Rue Gustave Charpentier, 75017"
515,,Paris,False,Amastan Paris,,1,+33 1 49 52 99 70,124,2,"34 Rue Jean Mermoz, 75008"
516,,Paris,False,Aparthotel Adagio Access Paris La Villette,,2,+33 1 44 72 42 00,156,2,"28bis Avenue Corentin Cariou, 75019"
517,,Paris,False,Aparthotel Adagio Paris Montmartre,,2,+33 1 42 57 14 55,174,2,"10 Place Charles Dullin, 75018"
518,,Paris,False,Austin'S Saint Lazare HoTel,,1,+33 1 48 74 48 71,111,2,"26 Rue d'Amsterdam, 75009"
519,,Paris,False,Bob Hotel By Elegancia,,1,+33 1 40 43 02 33,80,2,"30 Rue Pernety, 75014"
520,,Paris,False,Brach Paris,,2,+33 1 44 30 10 00,260,2,"1-7 Rue Jean Richepin, 75016"
521,,Paris,False,Buddha-Bar Hotel Paris,,1,+33 1 83 96 88 88,170,2,"4 Rue d'Anjou, 75008"
522,,Paris,False,Ac Hotel By Marriott Paris Porte Maillot,,1,+33 1 84 82 49 09,184,2,"6 Rue Gustave Charpentier, 75017"
523,,Paris,False,Aparthotel Adagio Access Paris La Villette,,1,+33 1 44 72 42 00,156,2,"28bis Avenue Corentin Cariou, 75019"
524,,Paris,False,Aparthotel Adagio Paris Montmartre,,1,+33 1 42 57 14 55,174,2,"10 Place Charles Dullin, 75018"
525,,Paris,False,Avalon Hotel Paris Gare Du Nord,,1,+33 1 42 85 50 00,180,2,"131 Boulevard de Magenta, 75010"
526,,Paris,False,Best Western Bretagne Montparnasse,,1,+33 1 45 38 52 59,348,2,"33 Rue Raymond Losserand, 75014"
527,,Paris,False,Brach Paris,,1,+33 1 44 30 10 00,260,2,"1-7 Rue Jean Richepin, 75016"
528,2019-03-06,Paris,False,Aparthotel Adagio Access Paris La Villette,3,1,+33 1 44 72 42 00,156,2,"28bis Avenue Corentin Cariou, 75019"
529,2019-03-06,New York,True,11 Howard,3,3,+1 212-235-1111,261,3,11 Howard Street
530,2019-03-03,London,False,45 Park Lane,4,1,+44 20 7493 4545,525,5,45 Park Lane
531,2019-03-02,London,False,45 Park Lane,1,2,+44 20 7493 4545,420,5,45 Park Lane
532,2019-03-03,London,False,45 Park Lane,2,1,+44 20 7493 4545,525,5,45 Park Lane
533,,Seattle,True,Courtyard By Marriott Seattle Downtown/Lake Union,,2,+1 206-213-0100,216,3,925 Westlake Avenue North
534,,Seattle,True,Crowne Plaza Seattle Downtown,,2,+1 206-464-1980,432,4,1113 6th Avenue
535,,Seattle,True,Embassy Suites By Hilton Seattle Downtown Pioneer Square,,2,+1 206-859-4400,144,3,255 South King Street
536,,Seattle,True,Even Hotel Seattle Downtown - Lake Union,,2,+1 206-596-2302,243,3,527 Fairview Avenue North
537,,Seattle,True,Extended Stay America - Seattle - Northgate,,2,+1 206-365-8100,204,2,13300 Stone Avenue North
538,2019-03-07,Seattle,True,Belltown Inn,1,2,+1 866-525-4704,132,2,2301 3rd Avenue
539,,Anaheim,True,Camelot Inn & Suites,,2,+1 714-635-7275,228,3,1520 South Harbor Boulevard
540,,Anaheim,True,Candlewood Suites Anaheim - Resort Area,,2,+1 714-635-5555,192,3,1733 South Anaheim Boulevard
541,,Anaheim,True,Clarion Hotel Anaheim Resort,,1,+1 714-750-3131,117,3,616 Convention Way
542,,Anaheim,True,Clementine Hotel & Suites Anaheim,,2,+1 714-533-3555,210,3,1700 South Clementine Street
543,2019-03-01,Anaheim,True,Ayres Hotel Anaheim,4,1,+1 714-634-2106,78,3,2550 East Katella Avenue
544,2019-03-01,London,False,Abercorn House,2,3,+44 20 8563 8692,75,1,28-30 Bute Gardens
545,2019-03-02,Sydney,False,Meriton Suites North Sydney,12,3,+61 2 8319 9888,495,5,"80 Arthur Street, North"
546,2019-03-06,Kuala Lumpur,False,W Kuala Lumpur,5,1,+60 3-2786 8888,280,5,"121, Jalan Ampang, Kuala Lumpur, 50450"
547,2019-03-10,New York,True,The Parc Hotel,2,1,+1 718-358-8897,216,3,"3916 College Point Boulevard, Flushing"
548,2019-03-03,Chicago,True,The River Hotel,10,2,+1 312-777-0990,198,3,75 East Wacker Drive
549,2019-03-02,New York,True,The Marmara Park Avenue,8,1,+1 212-603-9000,100,5,114 East 32nd Street
550,2019-03-03,Phoenix,True,Embassy Suites By Hilton Phoenix Biltmore,8,2,+1 602-955-3992,333,3,2630 East Camelback Road
551,2019-03-05,London,False,Abc Hyde Park Hotel,4,1,+44 20 7706 4660,270,3,121 Sussex Gardens
552,,New York,True,1 Hotel Brooklyn Bridge,,2,+1 833-625-6111,240,3,"60 Furman Street, Brooklyn"
553,,New York,True,1 Hotel Central Park,,2,+1 212-703-2001,340,3,1414 6th Avenue
554,,New York,True,11 Howard,,2,+1 212-235-1111,342,3,11 Howard Street
555,,New York,True,6 Columbus Hotel,,2,+1 212-204-3000,252,3,308 West 58th Street
556,,New York,True,Ac Hotel New York Times Square,,2,+1 212-398-2700,264,3,260 West 40th Street
557,,New York,True,Ace Hotel,,2,+1 212-991-0551,348,3,20 West 29th Street
558,,New York,True,Aka Central Park,,2,+1 646-744-3100,168,3,42 West 58th Street
559,,New York,True,Aka Times Square,,2,+1 212-764-5700,276,3,123 West 44th Street
560,,New York,True,Aka Wall Street,,2,+1 212-252-9090,176,3,84 William Street
561,,New York,True,1 Hotel Brooklyn Bridge,,2,+1 833-625-6111,240,1,"60 Furman Street, Brooklyn"
562,,New York,True,1 Hotel Central Park,,2,+1 212-703-2001,340,1,1414 6th Avenue
563,,New York,True,11 Howard,,2,+1 212-235-1111,342,1,11 Howard Street
564,,New York,True,6 Columbus Hotel,,2,+1 212-204-3000,252,1,308 West 58th Street
565,,New York,True,Ac Hotel New York Times Square,,2,+1 212-398-2700,264,1,260 West 40th Street
566,,New York,True,Ace Hotel,,2,+1 212-991-0551,348,1,20 West 29th Street
567,,New York,True,Aka Central Park,,2,+1 646-744-3100,168,1,42 West 58th Street
568,,New York,True,Aka Times Square,,2,+1 212-764-5700,276,1,123 West 44th Street
569,,New York,True,Aka Wall Street,,2,+1 212-252-9090,176,1,84 William Street
570,2019-03-01,New York,True,11 Howard,4,2,+1 212-235-1111,288,1,11 Howard Street
571,,Long Beach,True,Best Western Of Long Beach,,1,+1 562-599-5555,68,2,1725 Long Beach Boulevard
572,,Long Beach,True,Courtyard By Marriott Long Beach Airport,,2,+1 562-429-5803,198,3,3841 North Lakewood Boulevard
573,,Long Beach,True,Courtyard By Marriott Long Beach Downtown,,1,+1 562-435-8511,111,3,500 East First Street
574,,Long Beach,True,Hampton Inn Long Beach Airport,,2,+1 562-425-0012,120,2,3771 North Lakewood Boulevard
575,,Long Beach,True,Holiday Inn Long Beach Downtown Area,,3,+1 562-590-8858,189,3,1133 Atlantic Avenue
576,,Long Beach,True,Homewood Suites By Hilton Long Beach Airport,,2,+1 562-425-0010,222,3,3771 North Lakewood Boulevard
577,,Long Beach,True,Hotel Current Long Beach,,3,+1 562-597-5171,342,3,5325 Pacific Coast Highway
578,,Long Beach,True,Hyatt Centric The Pike Long Beach,,3,+1 562-432-1234,468,4,285 Bay Street
579,,Long Beach,True,Hyatt Regency Long Beach,,1,+1 562-491-1234,112,4,200 South Pine Avenue
580,,Long Beach,True,Long Beach Marriott,,2,+1 800-228-9290,210,3,4700 Airport Plaza Drive
581,,Long Beach,True,Best Western Of Long Beach,,3,+1 562-599-5555,144,2,1725 Long Beach Boulevard
582,,Long Beach,True,Courtyard By Marriott Long Beach Airport,,3,+1 562-429-5803,189,3,3841 North Lakewood Boulevard
583,,Long Beach,True,Courtyard By Marriott Long Beach Downtown,,3,+1 562-435-8511,297,3,500 East First Street
584,,Long Beach,True,Hampton Inn Long Beach Airport,,3,+1 562-425-0012,126,2,3771 North Lakewood Boulevard
585,,Long Beach,True,Homewood Suites By Hilton Long Beach Airport,,3,+1 562-425-0010,279,3,3771 North Lakewood Boulevard
586,,Long Beach,True,Hyatt Regency Long Beach,,3,+1 562-491-1234,324,4,200 South Pine Avenue
587,,Long Beach,True,Long Beach Marriott,,3,+1 800-228-9290,216,3,4700 Airport Plaza Drive
588,2019-03-06,Long Beach,True,Courtyard By Marriott Long Beach Airport,1,3,+1 562-429-5803,324,3,3841 North Lakewood Boulevard
589,,Long Beach,True,Courtyard By Marriott Long Beach Airport,,1,+1 562-429-5803,198,3,3841 North Lakewood Boulevard
590,,Long Beach,True,Hampton Inn Long Beach Airport,,1,+1 562-425-0012,120,2,3771 North Lakewood Boulevard
591,,Long Beach,True,Holiday Inn Long Beach Downtown Area,,1,+1 562-590-8858,189,3,1133 Atlantic Avenue
592,,Long Beach,True,Homewood Suites By Hilton Long Beach Airport,,1,+1 562-425-0010,222,3,3771 North Lakewood Boulevard
593,,Long Beach,True,Hotel Current Long Beach,,1,+1 562-597-5171,342,3,5325 Pacific Coast Highway
594,,Long Beach,True,Hyatt Centric The Pike Long Beach,,1,+1 562-432-1234,468,4,285 Bay Street
595,,Long Beach,True,Long Beach Marriott,,1,+1 800-228-9290,210,3,4700 Airport Plaza Drive
596,2019-03-01,Long Beach,True,Courtyard By Marriott Long Beach Airport,3,1,+1 562-429-5803,66,3,3841 North Lakewood Boulevard
597,2019-03-02,Long Beach,True,Best Western Of Long Beach,1,1,+1 562-599-5555,144,2,1725 Long Beach Boulevard
598,,San Francisco,True,Amsterdam Hostel San Francisco,,1,+1 415-673-3277,24,1,749 Taylor Street
599,,San Francisco,True,Argonaut Hotel,,1,+1 415-563-0800,264,1,495 Jefferson Street
600,,San Francisco,True,Beck'S Motor Lodge,,1,+1 415-621-8212,52,1,2222 Market Street
601,,San Francisco,True,Bei Hotel San Francisco,,1,+1 415-626-6103,156,1,50 8th Street
602,,San Francisco,True,Beresford Arms Hotel,,1,+1 415-673-2600,78,1,701 Post Street
603,,San Francisco,True,Casa Loma Hotel,,1,+1 415-552-7100,132,1,610 Fillmore Street
604,,San Francisco,True,Chancellor Hotel On Union Square,,1,+1 415-362-2004,315,1,433 Powell Street
605,,San Francisco,True,Chelsea,,1,+1 415-563-5600,132,1,2095 Lombard Street
606,,San Francisco,True,Comfort Inn By The Bay,,1,+1 415-928-5000,58,1,2775 Van Ness Avenue
607,,San Francisco,True,Cornell Hotel De France,,1,+1 415-421-3154,324,1,715 Bush Street
608,2019-03-01,San Francisco,True,Amsterdam Hostel San Francisco,3,1,+1 415-673-3277,90,1,749 Taylor Street
609,,Seattle,True,Ace Hotel Seattle,,1,+1 206-448-4721,44,2,2423 1st Avenue
610,,Seattle,True,Belltown Inn,,1,+1 866-525-4704,180,2,2301 3rd Avenue
611,,Seattle,True,Best Western Plus Pioneer Square Hotel Downtown,,1,+1 206-340-1234,234,3,77 Yesler Way
612,,Seattle,True,Courtyard By Marriott Seattle Downtown/Lake Union,,1,+1 206-213-0100,324,3,925 Westlake Avenue North
613,,Seattle,True,Crowne Plaza Seattle Downtown,,1,+1 206-464-1980,192,4,1113 6th Avenue
614,,Seattle,True,Days Inn By Wyndham Seattle North Of Downtown,,1,+1 800-615-3107,76,2,9100 Aurora Avenue North
615,,Seattle,True,Embassy Suites By Hilton Seattle Downtown Pioneer Square,,1,+1 206-859-4400,150,3,255 South King Street
616,,Seattle,True,Even Hotel Seattle Downtown - Lake Union,,1,+1 206-596-2302,72,3,527 Fairview Avenue North
617,,Seattle,True,Extended Stay America - Seattle - Northgate,,1,+1 206-365-8100,120,2,13300 Stone Avenue North
618,,Seattle,True,Four Points By Sheraton Downtown Seattle Center,,1,+1 206-282-2600,351,3,601 Roy Street
619,2019-03-01,Seattle,True,Best Western Plus Pioneer Square Hotel Downtown,1,1,+1 206-340-1234,111,3,77 Yesler Way
620,,New York,True,1 Hotel Brooklyn Bridge,,3,+1 833-625-6111,240,4,"60 Furman Street, Brooklyn"
621,,New York,True,1 Hotel Central Park,,2,+1 212-703-2001,340,5,1414 6th Avenue
622,,New York,True,11 Howard,,3,+1 212-235-1111,342,3,11 Howard Street
623,,New York,True,6 Columbus Hotel,,3,+1 212-204-3000,252,4,308 West 58th Street
624,,New York,True,Ac Hotel New York Times Square,,1,+1 212-398-2700,148,4,260 West 40th Street
625,,New York,True,Ace Hotel,,1,+1 212-991-0551,100,4,20 West 29th Street
626,,New York,True,Aka Times Square,,3,+1 212-764-5700,276,4,123 West 44th Street
627,,New York,True,Aka Wall Street,,2,+1 212-252-9090,176,4,84 William Street
628,2019-03-02,New York,True,1 Hotel Brooklyn Bridge,4,1,+1 833-625-6111,120,4,"60 Furman Street, Brooklyn"
629,,London,False,45 Park Lane,,2,+44 20 7493 4545,230,5,45 Park Lane
630,,London,False,Abc Hyde Park Hotel,,2,+44 20 7706 4660,186,3,121 Sussex Gardens
631,,London,False,Abercorn House,,3,+44 20 8563 8692,84,1,28-30 Bute Gardens
632,,London,False,Accommodation London Bridge,,3,+44 20 7403 4299,207,3,58 Great Dover Street
633,,London,False,Ace Hotel London,,3,+44 20 7613 9800,264,4,100 Shoreditch High Street
634,,London,False,Airways Hotel London Victoria,,3,+44 20 7834 0205,297,3,29-31 Saint George's Drive
635,,London,False,Amba Hotel Charing Cross,,3,+44 871 376 9012,276,4,Strand
636,,London,False,Amba Hotel Marble Arch,,3,+44 800 330 8523,288,4,Bryanston Street
637,,London,False,Ambassadors Bloomsbury Hotel,,3,+44 20 7388 9930,396,4,12 Upper Woburn Place
638,,London,False,Ambassadors Hotel,,1,+44 20 7373 1075,69,3,16 Collingham Road
639,,London,False,45 Park Lane,,1,+44 20 7493 4545,230,5,45 Park Lane
640,,London,False,Abc Hyde Park Hotel,,1,+44 20 7706 4660,186,3,121 Sussex Gardens
641,,London,False,Abercorn House,,1,+44 20 8563 8692,84,1,28-30 Bute Gardens
642,,London,False,Accommodation London Bridge,,1,+44 20 7403 4299,207,3,58 Great Dover Street
643,,London,False,Ace Hotel London,,1,+44 20 7613 9800,264,4,100 Shoreditch High Street
644,,London,False,Airways Hotel London Victoria,,1,+44 20 7834 0205,297,3,29-31 Saint George's Drive
645,,London,False,Amba Hotel Charing Cross,,1,+44 871 376 9012,276,4,Strand
646,,London,False,Amba Hotel Marble Arch,,1,+44 800 330 8523,288,4,Bryanston Street
647,,London,False,Ambassadors Bloomsbury Hotel,,1,+44 20 7388 9930,396,4,12 Upper Woburn Place
648,2019-03-02,London,False,Abercorn House,1,1,+44 20 8563 8692,29,1,28-30 Bute Gardens
649,,Atlanta,True,Ac Hotel By Marriott Atlanta Buckhead At Phipps Plaza,,1,+1 470-231-3030,108,4,3600 Wieuca Road Northeast
650,,Atlanta,True,Ac Hotel By Marriott Atlanta Downtown,,2,+1 404-524-5555,192,3,101 Andrew Young International Boulevard Northwest
651,,Atlanta,True,Aloft Atlanta Downtown,,1,+1 678-515-0300,87,3,300 Ted Turner Drive Northwest
652,,Atlanta,True,Atlanta Marriott Suites Midtown,,2,+1 404-876-8888,210,3,35 14th Street Northeast
653,,Atlanta,True,Barclay Hotel Atlanta Downtown,,3,+1 404-524-7991,126,2,89 Luckie Street Northwest
654,,Atlanta,True,Canopy By Hilton Atlanta Midtown,,2,+1 404-685-1677,280,4,1414 West Peachtree Street Northwest
655,,Atlanta,True,Clarion Inn & Suites Atlanta Downtown,,2,+1 404-893-4663,112,2,186 Northside Drive Southwest
656,,Atlanta,True,"Country Inn & Suites By Radisson, Atlanta Downtown South At Turner Field, Ga",,3,+1 404-658-1961,261,3,759 Pollard Boulevard Southwest
657,,Atlanta,True,Courtyard By Marriott Atlanta Buckhead,,3,+1 404-869-0818,225,3,3332 Peachtree Road Northeast
658,,Atlanta,True,Crowne Plaza Atlanta - Midtown,,2,+1 404-877-9000,150,3,590 West Peachtree Street Northwest
659,2019-03-05,Atlanta,True,Ac Hotel By Marriott Atlanta Buckhead At Phipps Plaza,3,1,+1 470-231-3030,176,4,3600 Wieuca Road Northeast
660,,Anaheim,True,Anaheim Desert Inn And Suites,,2,+1 714-772-5050,128,2,1600 South Harbor Boulevard
661,,Anaheim,True,Anaheim Majestic Garden Hotel,,1,+1 714-778-1700,96,3,900 South Disneyland Drive
662,,Anaheim,True,Anaheim Portofino Inn & Suites,,1,+1 800-341-6301,96,3,1831 South Harbor Boulevard
663,,Anaheim,False,Anaheim Rv Park,,1,+1 714-774-3860,50,2,200 West Midway Drive
664,,Anaheim,True,Ayres Hotel Anaheim,,3,+1 714-634-2106,342,3,2550 East Katella Avenue
665,,Anaheim,True,Best Western Plus Anaheim Inn,,2,+1 714-774-1050,138,3,1630 South Harbor Boulevard
666,,Anaheim,True,Best Western Plus Park Place Inn - Mini Suites,,3,+1 714-776-4800,333,3,1544 South Harbor Boulevard
667,,Anaheim,True,Best Western Plus Pavilions,,1,+1 714-776-0140,30,1,1176 West Katella Avenue
668,,Anaheim,True,Best Western Plus Raffles Inn & Suites,,1,+1 714-750-6100,64,2,2040 South Harbor Boulevard
669,,Anaheim,True,Best Western Plus Stovall'S Inn,,1,+1 714-778-1880,66,3,1110 West Katella Avenue
670,2019-03-01,Anaheim,True,Anaheim Majestic Garden Hotel,3,1,+1 714-778-1700,111,3,900 South Disneyland Drive
671,,Philadelphia,True,Aka University City,,3,+1 215-372-9000,261,3,"Cira Centre South, 2929 Walnut Street"
672,,Philadelphia,True,Aloft Philadelphia Airport,,3,+1 267-298-1700,270,3,4301 Island Avenue
673,,Philadelphia,True,Aloft Philadelphia Downtown,,3,+1 215-607-2020,333,3,101 North Broad Street
674,,Philadelphia,True,"Club Quarters Hotel, Philadelphia",,1,+1 215-282-5000,105,3,1628 Chestnut Street
675,,Philadelphia,True,Courtyard By Marriott Philadelphia City Avenue,,2,+1 215-477-0200,150,3,4100 Presidential Boulevard
676,,Philadelphia,True,Courtyard By Marriott Philadelphia South At The Navy Yard,,2,+1 215-644-9200,168,3,1001 Intrepid Avenue
677,,Philadelphia,True,Doubletree By Hilton Hotel Philadelphia Airport,,3,+1 215-365-4150,252,3,4509 Island Avenue
678,,Philadelphia,True,Embassy Suites By Hilton Philadelphia Airport,,1,+1 215-365-4500,111,3,9000 Bartram Avenue
679,,Philadelphia,True,Fairfield Inn & Suites By Marriott Philadelphia Downtown/Center City,,1,+1 800-228-2800,52,2,261 South 13th Street
680,2019-03-06,Philadelphia,True,Aka University City,4,2,+1 215-372-9000,144,3,"Cira Centre South, 2929 Walnut Street"
681,,Toronto,False,Best Western Plus Toronto North York Hotel & Suites,,2,+1 416-663-9500,216,3,50 Norfinch Drive
682,,Toronto,False,Best Western Premier Toronto Airport Carlingview Hotel,,2,+1 416-637-7000,150,3,"135 Carlingview Drive, Etobicoke, Ontario M9W 5E7, Canada"
683,,Toronto,False,Best Western Primrose Hotel Downtown-Toronto,,1,+1 800-780-7234,78,3,111 Carlton Street
684,,Toronto,False,Bisha Hotel Toronto,,2,+1 416-551-2800,232,3,80 Blue Jays Way
685,,Toronto,False,Bond Place Hotel Toronto,,2,+1 800-268-9390,156,3,65 Dundas Street East
686,,Toronto,False,Cambridge Suites Toronto,,1,+1 800-463-1990,136,3,15 Richmond Street East
687,,Toronto,False,Courtyard By Marriott Toronto Airport,,1,+1 416-675-0411,96,3,"231 Carlingview Drive, Etobicoke, Ontario M9W 5E8, Canada"
688,,Toronto,False,Courtyard By Marriott Toronto Downtown,,3,+1 416-924-0611,180,3,475 Yonge Street
689,,Toronto,False,Crowne Plaza Toronto Airport,,1,+1 416-675-1234,90,3,"33 Carlson Court, Etobicoke, Ontario M9W 6H5, Canada"
690,,Toronto,False,Delta Hotels By Marriott Toronto Airport & Conference Centre,,1,+1 416-244-1711,105,3,"655 Dixon Road, Etobicoke, Ontario M9W 1J3, Canada"
691,,Toronto,False,Best Western Primrose Hotel Downtown-Toronto,,2,+1 800-780-7234,270,3,111 Carlton Street
692,,Toronto,False,Cambridge Suites Toronto,,2,+1 800-463-1990,288,3,15 Richmond Street East
693,,Toronto,False,Courtyard By Marriott Toronto Airport,,2,+1 416-675-0411,222,3,"231 Carlingview Drive, Etobicoke, Ontario M9W 5E8, Canada"
694,,Toronto,False,Courtyard By Marriott Toronto Downtown,,2,+1 416-924-0611,180,3,475 Yonge Street
695,,Toronto,False,Crowne Plaza Toronto Airport,,2,+1 416-675-1234,234,3,"33 Carlson Court, Etobicoke, Ontario M9W 6H5, Canada"
696,2019-03-01,Toronto,False,Best Western Premier Toronto Airport Carlingview Hotel,1,2,+1 416-637-7000,234,3,"135 Carlingview Drive, Etobicoke, Ontario M9W 5E7, Canada"
697,,Seattle,True,Belltown Inn,,3,+1 866-525-4704,180,2,2301 3rd Avenue
698,,Seattle,True,Best Western Plus Pioneer Square Hotel Downtown,,3,+1 206-340-1234,234,3,77 Yesler Way
699,,Seattle,True,Courtyard By Marriott Seattle Downtown/Lake Union,,3,+1 206-213-0100,324,3,925 Westlake Avenue North
700,,Seattle,True,Crowne Plaza Seattle Downtown,,2,+1 206-464-1980,192,4,1113 6th Avenue
701,,Seattle,True,Embassy Suites By Hilton Seattle Downtown Pioneer Square,,2,+1 206-859-4400,150,3,255 South King Street
702,,Seattle,True,Extended Stay America - Seattle - Northgate,,2,+1 206-365-8100,120,2,13300 Stone Avenue North
703,,Seattle,True,Four Points By Sheraton Downtown Seattle Center,,3,+1 206-282-2600,351,3,601 Roy Street
704,2019-03-09,Seattle,True,Ace Hotel Seattle,4,1,+1 206-448-4721,56,2,2423 1st Avenue
705,,Delhi,False,Aloft New Delhi Aerocity,,2,+91 11 4565 0000,176,4,"5B Igi T3 Road, Delhi - Ajmer Expressway, Aerocity, New Delhi"
706,,Delhi,False,Andaz Delhi - A Concept By Hyatt,,2,+91 11 4903 1234,320,5,"Asset, Street Number 1, New Delhi"
707,,Delhi,False,Bloomrooms @ New Delhi Railway Station,,1,+91 11 4122 5666,99,3,"8591, Arakashan Road, Opp New Delhi Railway Station, New Delhi"
708,,Delhi,False,Calista Resort,,2,+91 11 4103 4591,228,3,"37/2-4 Old, National Highway 48, Kapas Hera, New Delhi"
709,,Delhi,False,Crowne Plaza New Delhi Mayur Vihar Noida,,2,+91 11 4110 2222,216,4,"13 B, District Centre, Mayur Vihar, New Delhi"
710,,Delhi,False,Crowne Plaza New Delhi Okhla,,1,+91 11 4646 2000,170,5,"Plot No 1, Community Center, Okhla Phase I, New Delhi"
711,,Delhi,False,Deemarks Hotel & Resorts Conference Venues Corporate Event In Mahipalpur Near Airport In South Delhi,,3,+91 11 2506 0721,252,3,"Shiv Murti, Nh-8, Delhi - Jaipur Expressway, Rangpuri, New Delhi"
712,,Delhi,False,Fortune Select Global - Hotel In Gurgaon,,1,+91 124 419 6666,92,4,"Global Arcade, Mehrauli-Gurgaon Road, Gurugram, Haryana 122002, India"
713,,Delhi,False,"Four Points By Sheraton New Delhi, Airport Highway",,3,+91 11 6604 0000,348,4,"Plot no 9, National Highway - 8, Samalka, New Delhi"
714,,Delhi,False,Haveli Dharampura,,2,+91 11 2326 1000,232,4,"Haveli Dharampura, 2293, Gali Gulian, Chandni Chowk, New Delhi"
715,2019-03-03,Delhi,False,Aloft New Delhi Aerocity,2,1,+91 11 4565 0000,296,4,"5B Igi T3 Road, Delhi - Ajmer Expressway, Aerocity, New Delhi"
716,,Sydney,False,28 Hotel Sydney,,2,+61 2 9102 2828,312,4,"28 Regent Street, Chippendale New South Wales 2008, Australia"
717,,Sydney,False,57 Hotel,,2,+61 2 9011 5756,296,4,"57 Foveaux Street, Surry Hills New South Wales 2010, Australia"
718,,Sydney,False,Adina Apartment Hotel Bondi Beach Sydney,,2,+61 2 9300 4800,288,4,"69/73 Hall Street, Bondi Beach New South Wales 2026, Australia"
719,,Sydney,False,Adina Apartment Hotel Coogee Sydney,,2,+61 2 9578 6000,256,4,"183 Coogee Bay Road, Coogee New South Wales 2034, Australia"
720,,Sydney,False,Adina Apartment Hotel Sydney Airport,,2,+61 2 9381 2000,288,4,"17 Bourke Road, Mascot New South Wales 2020, Australia"
721,,Sydney,False,Adina Apartment Hotel Sydney Central,,2,+61 2 8396 9800,336,4,"2 Lee Street, Haymarket New South Wales 2000, Australia"
722,,Sydney,False,Adina Apartment Hotel Sydney Darling Harbour,,2,+61 2 9249 7000,240,4,55 Shelley Street
723,,Sydney,False,Adina Apartment Hotel Sydney Surry Hills,,2,+61 2 8302 1000,408,4,"359 Crown Street, Surry Hills New South Wales 2010, Australia"
724,,Sydney,False,Adina Apartment Hotel Sydney Town Hall,,2,+61 2 9274 0000,456,4,511 Kent Street
725,,Sydney,False,Adina Serviced Apartments Sydney Martin Place (Formerly Medina),,2,+61 1300 633 462,276,4,1 Hosking Place
726,2019-03-01,Sydney,False,28 Hotel Sydney,1,2,+61 2 9102 2828,256,4,"28 Regent Street, Chippendale New South Wales 2008, Australia"
727,,Washington D.C.,True,Arc The.Hotel,,2,+1 202-337-6620,210,3,"824 New Hampshire Avenue Northwest, Washington, District of Columbia 20037, United States"
728,,Washington D.C.,True,"Cambria Hotel Washington, D.C. Convention Center",,3,+1 202-299-1188,261,3,"899 O Street Northwest, Washington, District of Columbia 20001, United States"
729,,Washington D.C.,True,Capitol Hill Hotel,,2,+1 202-543-6000,222,3,"200 C Street Southeast, Washington, DC 20003, USA"
730,,Washington D.C.,True,"Club Quarters Hotel In Washington, D.C.",,1,+1 202-463-6400,78,3,"839 17th Street Northwest, Washington, District of Columbia 20006, United States"
731,,Washington D.C.,True,Comfort Inn Downtown Dc/Convention Center,,3,+1 202-682-5300,204,2,"1201 13th Street Northwest, Washington, District of Columbia 20005, United States"
732,,Washington D.C.,True,Courtyard By Marriott Washington Capitol Hill/Navy Yard,,2,+1 202-479-0027,180,3,"140 L Street Southeast, Washington, DC 20003, USA"
733,,Washington D.C.,True,Courtyard By Marriott Washington Downtown/Convention Center,,2,+1 202-589-1800,216,3,"901 L Street Northwest, Washington, DC 20001, USA"
734,,Washington D.C.,True,"Courtyard By Marriott Washington, Dc/Dupont Circle",,2,+1 202-332-9300,234,3,"1900 Connecticut Avenue Northwest, Washington, DC 20009, USA"
735,,Washington D.C.,True,"Courtyard By Marriott Washington, Dc/Foggy Bottom",,1,+1 202-296-5700,111,3,"515 20th Street Northwest, Washington, DC 20006, USA"
736,,Washington D.C.,True,Days Inn By Wyndham Washington Dc/Connecticut Avenue,,1,+1 800-615-3107,78,2,"4400 Connecticut Avenue Northwest, Washington, District of Columbia 20008, United States"
737,2019-03-01,Washington D.C.,True,"Cambria Hotel Washington, D.C. Convention Center",1,2,+1 202-299-1188,168,3,"899 O Street Northwest, Washington, District of Columbia 20001, United States"
738,,Nairobi,False,Azure Hotel Nairobi Westlands,,1,+254 709 716000,135,5,Lantana Road
739,,Nairobi,False,Crowne Plaza Nairobi,,1,+254 719 096000,116,4,"Kenya Road, Upper Hill"
740,,Nairobi,False,Crowne Plaza Nairobi Airport,,3,+254 709 222444,396,4,First Freight Lane Jomo Kenyatta International Airport
741,,Nairobi,False,Doubletree By Hilton Nairobi Hurlingham,,3,+254 709 090000,300,4,Ngong Lane Ngong Road
742,,Nairobi,False,Dusitd2 Nairobi,,3,+254 787 657000,300,5,14 Riverside Westlands
743,,Nairobi,False,Eka Hotel Nairobi,,2,+254 719 045000,240,4,"Eka Hotel, Along Mombasa Road"
744,,Nairobi,False,Four Points By Sheraton Nairobi Airport,,1,+254 709 760000,112,4,9042/1044 Tower Avenue Jomo Kenyatta Intl Airport
745,,Nairobi,False,Hemingways Nairobi,,2,+254 711 032000,200,5,Mbagathi Ridge
746,,Nairobi,False,Hilton Garden Inn Nairobi Airport,,1,+254 20 4075000,124,4,Jomo Kenyatta International Airport Mombasa Road
747,,Nairobi,False,Ibis Styles Hotel Westlands Nairobi,,3,+254 20 7757000,189,3,"Ibis Styles Hotel Westlands, Kenya"
748,2019-03-03,Nairobi,False,Azure Hotel Nairobi Westlands,1,1,+254 709 716000,160,5,Lantana Road
749,,Paris,False,Ac Hotel By Marriott Paris Porte Maillot,,1,+33 1 84 82 49 09,80,4,"6 Rue Gustave Charpentier, 75017"
750,,Paris,False,Amastan Paris,,1,+33 1 49 52 99 70,96,4,"34 Rue Jean Mermoz, 75008"
751,,Paris,False,Aparthotel Adagio Access Paris La Villette,,3,+33 1 44 72 42 00,315,3,"28bis Avenue Corentin Cariou, 75019"
752,,Paris,False,Aparthotel Adagio Paris Montmartre,,1,+33 1 42 57 14 55,69,3,"10 Place Charles Dullin, 75018"
753,,Paris,False,Austin'S Saint Lazare HoTel,,3,+33 1 48 74 48 71,297,3,"26 Rue d'Amsterdam, 75009"
754,,Paris,False,Avalon Hotel Paris Gare Du Nord,,2,+33 1 42 85 50 00,216,3,"131 Boulevard de Magenta, 75010"
755,,Paris,False,Best Western Bretagne Montparnasse,,3,+33 1 45 38 52 59,360,4,"33 Rue Raymond Losserand, 75014"
756,,Paris,False,Bob Hotel By Elegancia,,3,+33 1 40 43 02 33,264,4,"30 Rue Pernety, 75014"
757,,Paris,False,Brach Paris,,3,+33 1 44 30 10 00,465,5,"1-7 Rue Jean Richepin, 75016"
758,2019-03-04,Paris,False,Amastan Paris,2,3,+33 1 49 52 99 70,336,4,"34 Rue Jean Mermoz, 75008"
759,,Sacramento,True,Best Western Plus Sutter House,,2,+1 916-441-1314,64,1,1100 H Street
760,,Sacramento,True,Courtyard By Marriott Sacramento Midtown,,2,+1 916-455-6800,156,3,4422 Y Street
761,,Sacramento,True,Doubletree By Hilton Hotel Sacramento,,1,+1 916-929-8855,114,3,2001 Point West Way
762,,Sacramento,True,Embassy Suites By Hilton Sacramento Riverfront Promenade,,3,+1 916-326-5000,306,3,100 Capitol Mall
763,,Sacramento,True,Fairfield Inn By Marriott Sacramento Cal Expo,,3,+1 916-920-5300,192,2,1780 Tribute Road
764,,Sacramento,True,Four Points By Sheraton Sacramento International Airport,,1,+1 916-263-9000,102,3,4900 Duckhorn Drive
765,,Sacramento,True,Hilton Garden Inn Sacramento/South Natomas,,2,+1 916-568-5400,180,3,2540 Venture Oaks Way
766,,Sacramento,True,Hilton Sacramento Arden West,,1,+1 916-922-4700,60,3,2200 Harvard Street
767,,Sacramento,True,Holiday Inn Express Sacramento Convention Center,,3,+1 916-444-4436,279,3,728 16th Street
768,,Sacramento,True,Holiday Inn Sacramento Downtown - Arena,,3,+1 916-446-0100,180,3,300 J Street
769,2019-03-02,Sacramento,True,Best Western Plus Sutter House,4,1,+1 916-441-1314,72,1,1100 H Street
770,,Toronto,False,Best Western Plus Toronto North York Hotel & Suites,,1,+1 416-663-9500,216,3,50 Norfinch Drive
771,,Toronto,False,Best Western Premier Toronto Airport Carlingview Hotel,,1,+1 416-637-7000,150,3,"135 Carlingview Drive, Etobicoke, Ontario M9W 5E7, Canada"
772,,Toronto,False,Bisha Hotel Toronto,,1,+1 416-551-2800,232,4,80 Blue Jays Way
773,,Toronto,False,Bond Place Hotel Toronto,,1,+1 800-268-9390,156,3,65 Dundas Street East
774,,Toronto,False,Cambridge Suites Toronto,,1,+1 800-463-1990,136,4,15 Richmond Street East
775,,Toronto,False,Comfort Inn Toronto North,,1,+1 416-736-4700,136,2,"66 Norfinch Drive, North York, Ontario M3N 1X1, Canada"
776,,Toronto,False,Courtyard By Marriott Toronto Downtown,,1,+1 416-924-0611,180,3,475 Yonge Street
777,2019-03-01,Toronto,False,Best Western Plus Toronto North York Hotel & Suites,1,1,+1 416-663-9500,180,3,50 Norfinch Drive
778,,Nairobi,False,Azure Hotel Nairobi Westlands,,2,+254 709 716000,200,3,Lantana Road
779,,Nairobi,False,Crowne Plaza Nairobi,,2,+254 719 096000,408,3,"Kenya Road, Upper Hill"
780,,Nairobi,False,Crowne Plaza Nairobi Airport,,2,+254 709 222444,396,3,First Freight Lane Jomo Kenyatta International Airport
781,,Nairobi,False,Doubletree By Hilton Nairobi Hurlingham,,2,+254 709 090000,300,3,Ngong Lane Ngong Road
782,,Nairobi,False,Dusitd2 Nairobi,,2,+254 787 657000,300,3,14 Riverside Westlands
783,,Nairobi,False,Eka Hotel Nairobi,,2,+254 719 045000,240,3,"Eka Hotel, Along Mombasa Road"
784,,Nairobi,False,Four Points By Sheraton Nairobi Airport,,2,+254 709 760000,324,3,9042/1044 Tower Avenue Jomo Kenyatta Intl Airport
785,,Nairobi,False,Hemingways Nairobi,,2,+254 711 032000,200,3,Mbagathi Ridge
786,,Nairobi,False,Hilton Garden Inn Nairobi Airport,,2,+254 20 4075000,224,3,Jomo Kenyatta International Airport Mombasa Road
787,,Nairobi,False,Ibis Styles Hotel Westlands Nairobi,,2,+254 20 7757000,189,3,"Ibis Styles Hotel Westlands, Kenya"
788,2019-03-07,Nairobi,False,Crowne Plaza Nairobi Airport,4,2,+254 709 222444,396,3,First Freight Lane Jomo Kenyatta International Airport
789,2019-03-04,Philadelphia,True,Aka University City,4,1,+1 215-372-9000,342,3,"Cira Centre South, 2929 Walnut Street"
790,,Portland,True,Aloft Portland Airport At Cascade Station,,1,+1 503-200-5678,114,3,9920 Northeast Cascades Parkway
791,,Portland,True,Best Western Plus Portland Airport Hotel & Suites,,2,+1 503-251-9991,88,2,11938 Northeast Airport Way
792,,Portland,True,Canopy By Hilton Portland Pearl District,,1,+1 971-351-0230,84,4,425 Northwest 9th Avenue
793,,Portland,True,Comfort Inn & Suites Portland Airport,,3,+1 503-252-6397,216,2,5019 Northeast 102nd Avenue
794,,Portland,True,"Country Inn & Suites By Radisson, Portland International Airport, Or",,1,+1 503-255-2700,78,3,7025 Northeast Alderwood Road
795,,Portland,True,Courtyard By Marriott Portland Airport,,3,+1 503-252-3200,243,3,11550 Northeast Airport Way
796,,Portland,True,Courtyard By Marriott Portland City Center,,3,+1 503-505-5000,216,3,550 Southwest Oak Street
797,,Portland,True,Courtyard By Marriott Portland Downtown/Convention Center,,2,+1 503-234-3200,126,3,435 Northeast Wasco Street
798,,Portland,True,Crowne Plaza Portland-Downtown Conv Ctr,,3,+1 503-233-2401,342,3,1441 Northeast 2nd Avenue
799,,Portland,True,Dossier,,3,+1 877-628-4408,276,4,750 Southwest Alder Street
800,,Portland,True,Canopy By Hilton Portland Pearl District,,1,+1 971-351-0230,84,3,425 Northwest 9th Avenue
801,,Portland,True,Courtyard By Marriott Portland Airport,,1,+1 503-252-3200,243,3,11550 Northeast Airport Way
802,,Portland,True,Courtyard By Marriott Portland City Center,,1,+1 503-505-5000,216,3,550 Southwest Oak Street
803,,Portland,True,Courtyard By Marriott Portland Downtown/Convention Center,,1,+1 503-234-3200,126,3,435 Northeast Wasco Street
804,,Portland,True,Crowne Plaza Portland-Downtown Conv Ctr,,1,+1 503-233-2401,342,3,1441 Northeast 2nd Avenue
805,,Portland,True,Dossier,,1,+1 877-628-4408,276,3,750 Southwest Alder Street
806,,Portland,True,Doubletree By Hilton Hotel Portland,,1,+1 503-281-6111,120,3,1000 Northeast Multnomah Street
807,,Portland,True,Embassy Suites By Hilton Portland Downtown,,1,+1 503-279-9000,104,3,319 Southwest Pine Street
808,2019-03-01,Portland,True,Canopy By Hilton Portland Pearl District,1,1,+1 971-351-0230,84,3,425 Northwest 9th Avenue
809,2019-03-07,Seattle,True,Ace Hotel Seattle,4,1,+1 206-448-4721,180,2,2423 1st Avenue
810,,Sydney,False,28 Hotel Sydney,,3,+61 2 9102 2828,312,4,"28 Regent Street, Chippendale New South Wales 2008, Australia"
811,,Sydney,False,57 Hotel,,1,+61 2 9011 5756,140,4,"57 Foveaux Street, Surry Hills New South Wales 2010, Australia"
812,,Sydney,False,Adina Apartment Hotel Sydney Airport,,3,+61 2 9381 2000,288,4,"17 Bourke Road, Mascot New South Wales 2020, Australia"
813,,Sydney,False,Adina Apartment Hotel Sydney Central,,1,+61 2 8396 9800,92,4,"2 Lee Street, Haymarket New South Wales 2000, Australia"
814,,Sydney,False,Adina Apartment Hotel Sydney Surry Hills,,3,+61 2 8302 1000,408,4,"359 Crown Street, Surry Hills New South Wales 2010, Australia"
815,,Sydney,False,Adina Apartment Hotel Sydney Town Hall,,3,+61 2 9274 0000,456,4,511 Kent Street
816,,Sydney,False,Adina Serviced Apartments Sydney Martin Place (Formerly Medina),,3,+61 1300 633 462,276,4,1 Hosking Place
817,,Sydney,False,28 Hotel Sydney,,1,+61 2 9102 2828,312,4,"28 Regent Street, Chippendale New South Wales 2008, Australia"
818,,Sydney,False,Adina Apartment Hotel Bondi Beach Sydney,,1,+61 2 9300 4800,288,4,"69/73 Hall Street, Bondi Beach New South Wales 2026, Australia"
819,,Sydney,False,Adina Apartment Hotel Coogee Sydney,,1,+61 2 9578 6000,256,4,"183 Coogee Bay Road, Coogee New South Wales 2034, Australia"
820,,Sydney,False,Adina Apartment Hotel Sydney Airport,,1,+61 2 9381 2000,288,4,"17 Bourke Road, Mascot New South Wales 2020, Australia"
821,,Sydney,False,Adina Apartment Hotel Sydney Darling Harbour,,1,+61 2 9249 7000,240,4,55 Shelley Street
822,,Sydney,False,Adina Apartment Hotel Sydney Surry Hills,,1,+61 2 8302 1000,408,4,"359 Crown Street, Surry Hills New South Wales 2010, Australia"
823,,Sydney,False,Adina Apartment Hotel Sydney Town Hall,,1,+61 2 9274 0000,456,4,511 Kent Street
824,,Sydney,False,28 Hotel Sydney,,1,+61 2 9102 2828,312,1,"28 Regent Street, Chippendale New South Wales 2008, Australia"
825,,Sydney,False,57 Hotel,,1,+61 2 9011 5756,140,1,"57 Foveaux Street, Surry Hills New South Wales 2010, Australia"
826,,Sydney,False,Adina Apartment Hotel Bondi Beach Sydney,,1,+61 2 9300 4800,288,1,"69/73 Hall Street, Bondi Beach New South Wales 2026, Australia"
827,,Sydney,False,Adina Apartment Hotel Coogee Sydney,,1,+61 2 9578 6000,256,1,"183 Coogee Bay Road, Coogee New South Wales 2034, Australia"
828,,Sydney,False,Adina Apartment Hotel Sydney Airport,,1,+61 2 9381 2000,288,1,"17 Bourke Road, Mascot New South Wales 2020, Australia"
829,,Sydney,False,Adina Apartment Hotel Sydney Central,,1,+61 2 8396 9800,92,1,"2 Lee Street, Haymarket New South Wales 2000, Australia"
830,,Sydney,False,Adina Apartment Hotel Sydney Darling Harbour,,1,+61 2 9249 7000,240,1,55 Shelley Street
831,,Sydney,False,Adina Apartment Hotel Sydney Surry Hills,,1,+61 2 8302 1000,408,1,"359 Crown Street, Surry Hills New South Wales 2010, Australia"
832,,Sydney,False,Adina Apartment Hotel Sydney Town Hall,,1,+61 2 9274 0000,456,1,511 Kent Street
833,,Sydney,False,Adina Serviced Apartments Sydney Martin Place (Formerly Medina),,1,+61 1300 633 462,276,1,1 Hosking Place
834,2019-03-08,Sydney,False,Adina Apartment Hotel Bondi Beach Sydney,2,1,+61 2 9300 4800,456,1,"69/73 Hall Street, Bondi Beach New South Wales 2026, Australia"
835,2019-03-01,Anaheim,True,Anaheim Desert Inn And Suites,2,1,+1 714-772-5050,54,2,1600 South Harbor Boulevard
836,,San Diego,True,Bahia Resort Hotel,,1,+1 858-539-8666,96,3,998 West Mission Bay Drive
837,,San Diego,True,Best Western Mission Bay,,2,+1 619-275-5700,100,2,2575 Clairemont Drive
838,,San Diego,True,Best Western Plus Bayside Inn,,3,+1 619-233-7500,270,3,555 West Ash Street
839,,San Diego,True,Best Western Plus Hacienda Hotel Old Town,,2,+1 619-298-4707,162,3,4041 Harney Street
840,,San Diego,True,Best Western Plus Island Palms Hotel & Marina,,2,+1 619-222-0561,174,3,2051 Shelter Island Drive
841,,San Diego,True,Best Western San Diego/Miramar Hotel,,1,+1 858-578-6600,66,2,9310 Kearny Mesa Road
842,,San Diego,True,Best Western Seven Seas,,2,+1 619-291-1300,168,3,411 Hotel Circle South
843,,San Diego,True,Best Western Yacht Harbor Hotel,,3,+1 619-224-3254,180,2,5005 North Harbor Drive
844,,San Diego,True,Blue Sea Beach Hotel,,3,+1 858-488-4700,180,3,707 Pacific Beach Drive
845,,San Diego,True,Capri By The Sea By All Seasons Resort Lodging,,3,+1 858-483-6110,315,3,4767 Ocean Boulevard
846,2019-03-06,San Diego,True,Bahia Resort Hotel,3,1,+1 858-539-8666,252,3,998 West Mission Bay Drive
847,2019-03-01,Sacramento,True,Best Western Plus Sutter House,1,2,+1 916-441-1314,54,1,1100 H Street
848,,Las Vegas,True,Best Western Plus Las Vegas West,,3,+1 702-256-3766,261,1,8669 West Sahara Avenue
849,,Las Vegas,True,Budget Suites Of America,,3,+1 702-638-1800,105,1,2219 North Rancho Drive
850,,Las Vegas,True,Hampton Inn Las Vegas/Summerlin,,3,+1 702-360-5700,351,1,7100 Cascade Valley Court
851,,Las Vegas,True,La Quinta Inn & Suites By Wyndham Las Vegas Summerlin Tech,,3,+1 702-360-1200,138,1,7101 Cascade Valley Court
852,,Las Vegas,True,Oasis At Gold Spike,,3,+1 702-768-9823,297,1,217 Las Vegas Boulevard North
853,,Las Vegas,True,Thunderbird Boutique Hotel,,3,+1 702-489-7500,168,1,1215 South Las Vegas Boulevard
854,2019-03-01,Las Vegas,True,Budget Suites Of America,4,3,+1 702-638-1800,69,1,2219 North Rancho Drive
855,2019-03-07,Delhi,False,Aloft New Delhi Aerocity,1,1,+91 11 4565 0000,432,4,"5B Igi T3 Road, Delhi - Ajmer Expressway, Aerocity, New Delhi"
856,,Delhi,False,Aloft New Delhi Aerocity,,2,+91 11 4565 0000,176,1,"5B Igi T3 Road, Delhi - Ajmer Expressway, Aerocity, New Delhi"
857,,Delhi,False,Andaz Delhi - A Concept By Hyatt,,2,+91 11 4903 1234,320,1,"Asset, Street Number 1, New Delhi"
858,,Delhi,False,Bloomrooms @ New Delhi Railway Station,,1,+91 11 4122 5666,99,1,"8591, Arakashan Road, Opp New Delhi Railway Station, New Delhi"
859,,Delhi,False,Calista Resort,,2,+91 11 4103 4591,228,1,"37/2-4 Old, National Highway 48, Kapas Hera, New Delhi"
860,,Delhi,False,Crowne Plaza New Delhi Mayur Vihar Noida,,2,+91 11 4110 2222,216,1,"13 B, District Centre, Mayur Vihar, New Delhi"
861,,Delhi,False,Crowne Plaza New Delhi Okhla,,1,+91 11 4646 2000,170,1,"Plot No 1, Community Center, Okhla Phase I, New Delhi"
862,,Delhi,False,Deemarks Hotel & Resorts Conference Venues Corporate Event In Mahipalpur Near Airport In South Delhi,,3,+91 11 2506 0721,252,1,"Shiv Murti, Nh-8, Delhi - Jaipur Expressway, Rangpuri, New Delhi"
863,,Delhi,False,Fortune Select Global - Hotel In Gurgaon,,1,+91 124 419 6666,92,1,"Global Arcade, Mehrauli-Gurgaon Road, Gurugram, Haryana 122002, India"
864,,Delhi,False,"Four Points By Sheraton New Delhi, Airport Highway",,3,+91 11 6604 0000,348,1,"Plot no 9, National Highway - 8, Samalka, New Delhi"
865,,Delhi,False,Haveli Dharampura,,2,+91 11 2326 1000,232,1,"Haveli Dharampura, 2293, Gali Gulian, Chandni Chowk, New Delhi"
866,2019-03-01,Delhi,False,Bloomrooms @ New Delhi Railway Station,3,3,+91 11 4122 5666,252,1,"8591, Arakashan Road, Opp New Delhi Railway Station, New Delhi"
867,2019-03-03,Atlanta,True,Ac Hotel By Marriott Atlanta Buckhead At Phipps Plaza,2,1,+1 470-231-3030,176,4,3600 Wieuca Road Northeast
868,,Nairobi,False,Crowne Plaza Nairobi Airport,,1,+254 709 222444,396,4,First Freight Lane Jomo Kenyatta International Airport
869,,Nairobi,False,Doubletree By Hilton Nairobi Hurlingham,,1,+254 709 090000,300,4,Ngong Lane Ngong Road
870,,Nairobi,False,Dusitd2 Nairobi,,1,+254 787 657000,300,5,14 Riverside Westlands
871,,Nairobi,False,Eka Hotel Nairobi,,1,+254 719 045000,240,4,"Eka Hotel, Along Mombasa Road"
872,,Nairobi,False,Hemingways Nairobi,,1,+254 711 032000,200,5,Mbagathi Ridge
873,,Nairobi,False,Ibis Styles Hotel Westlands Nairobi,,1,+254 20 7757000,189,3,"Ibis Styles Hotel Westlands, Kenya"
874,2019-03-04,Nairobi,False,Crowne Plaza Nairobi Airport,1,1,+254 709 222444,396,4,First Freight Lane Jomo Kenyatta International Airport
875,2019-03-01,Seattle,True,Best Western Plus Pioneer Square Hotel Downtown,4,2,+1 206-340-1234,216,3,77 Yesler Way
876,,Chicago,True,Ac Hotel By Marriott Chicago Downtown,,2,+1 312-981-6600,192,3,630 North Rush Street
877,,Chicago,True,Ace Hotel Chicago,,2,+1 312-764-1919,216,4,311 North Morgan Street
878,,Chicago,True,Aloft Chicago Downtown River North,,1,+1 312-661-1000,87,3,515 North Clark Street
879,,Chicago,True,Aloft Chicago Mag Mile,,1,+1 312-429-6600,102,3,243 East Ontario Street
880,,Chicago,True,Ambassador Chicago,,3,+1 888-506-3471,372,4,1301 North State Parkway
881,,Chicago,True,Best Western Grant Park Hotel,,2,+1 312-922-2900,156,2,1100 South Michigan Avenue
882,,Chicago,True,Best Western Plus Hawthorne Terrace Hotel,,3,+1 773-244-3434,162,2,3434 N Broadway Ave
883,,Chicago,True,Best Western River North Hotel,,2,+1 312-467-0800,210,3,125 West Ohio Street
884,,Chicago,True,Cambria Hotel Chicago Magnificent Mile,,2,+1 312-787-6000,160,4,166 East Superior Street
885,,Chicago,True,Ac Hotel By Marriott Chicago Downtown,,2,+1 312-981-6600,192,1,630 North Rush Street
886,,Chicago,True,Ace Hotel Chicago,,2,+1 312-764-1919,216,1,311 North Morgan Street
887,,Chicago,True,Aloft Chicago Downtown River North,,1,+1 312-661-1000,87,1,515 North Clark Street
888,,Chicago,True,Aloft Chicago Mag Mile,,1,+1 312-429-6600,102,1,243 East Ontario Street
889,,Chicago,True,Ambassador Chicago,,3,+1 888-506-3471,372,1,1301 North State Parkway
890,,Chicago,True,Best Western Grant Park Hotel,,2,+1 312-922-2900,156,1,1100 South Michigan Avenue
891,,Chicago,True,Best Western Plus Hawthorne Terrace Hotel,,3,+1 773-244-3434,162,1,3434 N Broadway Ave
892,,Chicago,True,Best Western River North Hotel,,2,+1 312-467-0800,210,1,125 West Ohio Street
893,,Chicago,True,Cambria Hotel Chicago Magnificent Mile,,2,+1 312-787-6000,160,1,166 East Superior Street
894,2019-03-01,Chicago,True,Ace Hotel Chicago,4,2,+1 312-764-1919,216,1,311 North Morgan Street
895,,Kuala Lumpur,False,Alila Bangsar,,1,+60 3-2268 3888,180,5,"East Side, 58, Jalan Ang Seng, Brickfields, 50470"
896,,Kuala Lumpur,False,Aloft Kuala Lumpur Sentral,,1,+60 3-2723 1188,240,4,"No. 5, Jalan Stesen Sentral, 50470 Kuala Lumpur, Wilayah Persekutuan"
897,,Kuala Lumpur,False,Ancasa Hotel & Spa Kuala Lumpur,,1,+60 3-2026 6060,114,3,"Jalan Tun Tan Cheng Lock, City Centre, 50500 Kuala Lumpur, Wilayah Persekutuan"
898,,Kuala Lumpur,False,Arenaa Star Hotel,,1,+60 3-2078 0988,156,3,"49-51, Jalan Hang Lekiu, 50100"
899,,Kuala Lumpur,False,Banyan Tree Kuala Lumpur,,1,+60 3-2113 1888,555,5,"2, Jalan Conlay, 50450 Kuala Lumpur, Wilayah Persekutuan"
900,,Kuala Lumpur,False,Citin Hotel Masjid Jamek,,1,+60 3-2693 2999,63,3,"33, Jalan Melayu, City Centre, 50100 Kuala Lumpur, Wilayah Persekutuan"
901,,Kuala Lumpur,False,Cititel Mid Valley,,1,+60 3-2296 1188,162,3,"Lingkaran Syed Putra, Mid Valley City, 59200 Kuala Lumpur, Wilayah Persekutuan"
902,,Kuala Lumpur,False,Concorde Hotel Kuala Lumpur,,1,+60 3-2144 2200,124,4,"2, Jalan Sultan Ismail, Kuala Lumpur, 50250 Kuala Lumpur, Wilayah Persekutuan"
903,,Kuala Lumpur,False,Container Hotel,,1,+60 12-702 2851,104,2,"Jalan Delima, Imbi, 55100 Kuala Lumpur, Wilayah Persekutuan"
904,,Kuala Lumpur,False,Corus Hotel Kuala Lumpur,,1,+60 3-2161 8888,288,4,"Jalan Ampang, Hampshire Park, 50450 Kuala Lumpur, Wilayah Persekutuan"
905,2019-03-04,Kuala Lumpur,False,Aloft Kuala Lumpur Sentral,2,1,+60 3-2723 1188,156,4,"No. 5, Jalan Stesen Sentral, 50470 Kuala Lumpur, Wilayah Persekutuan"
906,2019-03-10,New York,True,1 Hotel Brooklyn Bridge,1,1,+1 833-625-6111,112,4,"60 Furman Street, Brooklyn"
907,,Anaheim,True,Anaheim Desert Inn And Suites,,2,+1 714-772-5050,128,1,1600 South Harbor Boulevard
908,,Anaheim,True,Anaheim Majestic Garden Hotel,,1,+1 714-778-1700,96,1,900 South Disneyland Drive
909,,Anaheim,True,Anaheim Portofino Inn & Suites,,1,+1 800-341-6301,96,1,1831 South Harbor Boulevard
910,,Anaheim,False,Anaheim Rv Park,,1,+1 714-774-3860,50,1,200 West Midway Drive
911,,Anaheim,True,Ayres Hotel Anaheim,,3,+1 714-634-2106,342,1,2550 East Katella Avenue
912,,Anaheim,True,Best Western Plus Anaheim Inn,,2,+1 714-774-1050,138,1,1630 South Harbor Boulevard
913,,Anaheim,True,Best Western Plus Park Place Inn - Mini Suites,,3,+1 714-776-4800,333,1,1544 South Harbor Boulevard
914,,Anaheim,True,Best Western Plus Raffles Inn & Suites,,1,+1 714-750-6100,64,1,2040 South Harbor Boulevard
915,,Anaheim,True,Best Western Plus Stovall'S Inn,,1,+1 714-778-1880,66,1,1110 West Katella Avenue
916,2019-03-01,Anaheim,True,Anaheim Desert Inn And Suites,4,1,+1 714-772-5050,54,1,1600 South Harbor Boulevard
917,,Sacramento,True,Homewood Suites By Hilton Sacramento Airport-Natomas,,2,+1 916-263-9510,216,3,3001 Advantage Way
918,,Sacramento,True,Hyatt Regency Sacramento,,2,+1 916-443-1234,160,3,1209 L Street
919,2019-03-03,Sacramento,True,Courtyard By Marriott Sacramento Midtown,1,1,+1 916-455-6800,297,3,4422 Y Street
920,,Washington D.C.,True,Arc The.Hotel,,3,+1 202-337-6620,333,1,"824 New Hampshire Avenue Northwest, Washington, District of Columbia 20037, United States"
921,,Washington D.C.,True,"Cambria Hotel Washington, D.C. Convention Center",,3,+1 202-299-1188,261,1,"899 O Street Northwest, Washington, District of Columbia 20001, United States"
922,,Washington D.C.,True,Capitol Hill Hotel,,3,+1 202-543-6000,342,1,"200 C Street Southeast, Washington, DC 20003, USA"
923,,Washington D.C.,True,"Club Quarters Hotel In Washington, D.C.",,3,+1 202-463-6400,342,1,"839 17th Street Northwest, Washington, District of Columbia 20006, United States"
924,,Washington D.C.,True,Comfort Inn Downtown Dc/Convention Center,,3,+1 202-682-5300,204,1,"1201 13th Street Northwest, Washington, District of Columbia 20005, United States"
925,,Washington D.C.,True,Courtyard By Marriott Washington Capitol Hill/Navy Yard,,3,+1 202-479-0027,324,1,"140 L Street Southeast, Washington, DC 20003, USA"
926,,Washington D.C.,True,Courtyard By Marriott Washington Downtown/Convention Center,,3,+1 202-589-1800,252,1,"901 L Street Northwest, Washington, DC 20001, USA"
927,,Washington D.C.,True,"Courtyard By Marriott Washington, Dc/Dupont Circle",,3,+1 202-332-9300,225,1,"1900 Connecticut Avenue Northwest, Washington, DC 20009, USA"
928,,Washington D.C.,True,"Courtyard By Marriott Washington, Dc/Foggy Bottom",,3,+1 202-296-5700,216,1,"515 20th Street Northwest, Washington, DC 20006, USA"
929,2019-03-02,Washington D.C.,True,Capitol Hill Hotel,1,3,+1 202-543-6000,306,1,"200 C Street Southeast, Washington, DC 20003, USA"
930,,Los Angeles,True,Ac Hotel By Marriott Beverly Hills,,2,+1 323-852-7000,156,2,6399 Wilshire Boulevard
931,,Los Angeles,True,Airtel Plaza Hotel,,1,+1 800-224-7835,75,3,"7277 Valjean Avenue, Van Nuys, California 91406, United States"
932,,Los Angeles,True,Banana Bungalow - Hollywood Hostel,,2,+1 323-469-2500,40,1,"5920 Hollywood Boulevard, Hollywood, CA 90028, USA"
933,,Los Angeles,True,Best Western Burbank Airport Inn,,3,+1 818-765-2900,261,3,"7615 Lankershim Boulevard, North Hollywood, California 91605, United States"
934,,Los Angeles,True,Best Western Hollywood Plaza Inn,,3,+1 323-851-1800,168,2,"2011 North Highland Avenue, Hollywood, California 90068, United States"
935,,Los Angeles,True,Best Western Los Angeles Worldport Hotel,,1,+1 310-834-3400,76,2,"1402 West Pacific Coast Highway, Wilmington, California 90744, United States"
936,,Los Angeles,True,Best Western Plus Dragon Gate Inn,,1,+1 213-617-3077,54,2,818 North Hill Street
937,,Los Angeles,True,Best Western Plus Hollywood Hills Hotel,,3,+1 323-464-5181,156,2,"6141 Franklin Avenue, Hollywood, California 90028, United States"
938,,Los Angeles,True,Best Western Plus San Pedro Hotel & Suites,,2,+1 310-514-1414,198,3,"111 South Gaffey Street, San Pedro, California 90731, United States"
939,,Los Angeles,True,Beverly Hills Marriott,,3,+1 310-553-6561,384,4,1150 South Beverly Drive
940,2019-03-05,Los Angeles,True,Ac Hotel By Marriott Beverly Hills,3,1,+1 323-852-7000,234,2,6399 Wilshire Boulevard
941,,Toronto,False,Delta Hotels By Marriott Toronto East,,1,+1 416-299-1500,96,4,"2035 Kennedy Road, Scarborough, Ontario M1T 3G2, Canada"
942,,Toronto,False,Doubletree By Hilton Hotel Toronto Downtown,,1,+1 416-977-5000,276,4,108 Chestnut Street
943,,Toronto,False,Executive Hotel Cosmopolitan Toronto,,1,+1 855-958-3488,360,4,8 Colborne Street
944,,Toronto,False,Intercontinental Toronto Yorkville,,1,+1 416-960-5200,276,4,220 Bloor Street West
945,,Toronto,False,Le Germain Hotel Toronto Maple Leaf Square,,1,+1 888-940-7575,120,4,75 Bremner Boulevard
946,,Toronto,False,Le Germain Hotel Toronto Mercer,,1,+1 866-345-9501,132,4,30 Mercer Street
947,,Toronto,False,Marriott Downtown At Cf Toronto Eaton Centre,,1,+1 416-597-9200,92,4,525 Bay Street
948,,Toronto,False,Radisson Admiral Hotel Toronto-Harbourfront,,1,+1 416-203-3333,372,4,249 Queens Quay West
949,2019-03-03,Toronto,False,Cambridge Suites Toronto,1,1,+1 800-463-1990,252,4,15 Richmond Street East
950,2019-03-07,Sacramento,True,Best Western Plus Sutter House,1,1,+1 916-441-1314,44,1,1100 H Street
951,,Los Angeles,True,Beverly Hills Marriott,,1,+1 310-553-6561,384,4,1150 South Beverly Drive
952,,Los Angeles,True,Crowne Plaza Los Angeles Airport,,1,+1 310-642-7500,104,4,5985 West Century Boulevard
953,,Los Angeles,True,Four Seasons Hotel Los Angeles At Beverly Hills,,1,+1 310-273-2222,390,4,300 Doheny Drive
954,,Los Angeles,True,Hilton Checkers Los Angeles,,1,+1 213-624-0000,336,4,535 South Grand Avenue
955,,Los Angeles,True,Hilton Los Angeles Airport,,1,+1 310-410-4000,100,4,5711 West Century Boulevard
956,,Los Angeles,True,Hilton Woodland Hills/Los Angeles,,1,+1 818-595-1000,88,4,"6360 Canoga Avenue, Woodland Hills, California 91367, United States"
957,,Los Angeles,True,Intercontinental Los Angeles Century City,,1,+1 310-284-6500,248,4,2151 Avenue of the Stars
958,,Los Angeles,True,Intercontinental Los Angeles Downtown,,1,+1 213-688-7777,456,4,900 Wilshire Boulevard
959,,Los Angeles,True,Kimpton Everly Hotel,,1,+1 213-279-3532,288,4,1800 Argyle Avenue
960,,Los Angeles,True,Kimpton Hotel Palomar Los Angeles Beverly Hills,,1,+1 310-475-8711,372,4,10740 Wilshire Boulevard
961,2019-03-01,Los Angeles,True,Crowne Plaza Los Angeles Airport,2,1,+1 310-642-7500,192,4,5985 West Century Boulevard
962,,Fresno,True,Doubletree By Hilton Hotel Fresno Convention Center,,2,+1 559-268-1000,222,3,2233 Ventura Street
963,,Fresno,True,La Quinta Inn By Wyndham Fresno Yosemite,,2,+1 559-442-1110,104,2,2926 Tulare Street
964,,Fresno,True,Piccadilly Inn Airport,,3,+1 559-375-7760,297,3,5115 East McKinley Avenue
965,,Fresno,True,Radisson Hotel Fresno Conference Center,,2,+1 559-233-6650,120,3,1055 Van Ness Avenue
966,,Fresno,True,Springhill Suites By Marriott Fresno,,3,+1 888-287-9400,207,3,6844 North Fresno Street
967,2019-03-06,Fresno,True,Doubletree By Hilton Hotel Fresno Convention Center,1,3,+1 559-268-1000,252,3,2233 Ventura Street
968,2019-03-01,Paris,False,Ac Hotel By Marriott Paris Porte Maillot,3,1,+33 1 84 82 49 09,432,4,"6 Rue Gustave Charpentier, 75017"
969,,London,False,45 Park Lane,,1,+44 20 7493 4545,230,2,45 Park Lane
970,,London,False,Abc Hyde Park Hotel,,1,+44 20 7706 4660,186,2,121 Sussex Gardens
971,,London,False,Accommodation London Bridge,,1,+44 20 7403 4299,207,2,58 Great Dover Street
972,,London,False,Ace Hotel London,,1,+44 20 7613 9800,264,2,100 Shoreditch High Street
973,,London,False,Airways Hotel London Victoria,,1,+44 20 7834 0205,297,2,29-31 Saint George's Drive
974,,London,False,Amba Hotel Charing Cross,,1,+44 871 376 9012,276,2,Strand
975,,London,False,Amba Hotel Marble Arch,,1,+44 800 330 8523,288,2,Bryanston Street
976,,London,False,Ambassadors Bloomsbury Hotel,,1,+44 20 7388 9930,396,2,12 Upper Woburn Place
977,,London,False,Ambassadors Hotel,,1,+44 20 7373 1075,69,2,16 Collingham Road
978,,London,False,Antoinette Hotel Wimbledon,,1,+44 20 8543 4222,192,2,"The Broadway SW19 1SD, United Kingdom"
979,2019-03-09,London,False,45 Park Lane,2,1,+44 20 7493 4545,290,2,45 Park Lane
980,,Las Vegas,True,Best Western Plus Las Vegas West,,2,+1 702-256-3766,174,2,8669 West Sahara Avenue
981,,Las Vegas,True,Hampton Inn Las Vegas/Summerlin,,2,+1 702-360-5700,192,2,7100 Cascade Valley Court
982,,Las Vegas,True,La Quinta Inn & Suites By Wyndham Las Vegas Summerlin Tech,,3,+1 702-360-1200,138,2,7101 Cascade Valley Court
983,,Las Vegas,True,Oasis At Gold Spike,,1,+1 702-768-9823,108,2,217 Las Vegas Boulevard North
984,,Las Vegas,True,Thunderbird Boutique Hotel,,1,+1 702-489-7500,68,2,1215 South Las Vegas Boulevard
985,2019-03-01,Las Vegas,True,Best Western Plus Las Vegas West,3,1,+1 702-256-3766,306,2,8669 West Sahara Avenue
986,,Chicago,True,Acme Hotel Company Chicago,,2,+1 312-894-0800,207,3,15 East Ohio Street
987,,Chicago,True,Aloft Chicago Downtown River North,,2,+1 312-661-1000,186,3,515 North Clark Street
988,,Chicago,True,Aloft Chicago Mag Mile,,2,+1 312-429-6600,180,3,243 East Ontario Street
989,,Chicago,True,Ambassador Chicago,,2,+1 888-506-3471,372,4,1301 North State Parkway
990,,Chicago,True,Best Western Plus Hawthorne Terrace Hotel,,2,+1 773-244-3434,162,2,3434 N Broadway Ave
991,,Chicago,True,Chicago Athletic Association,,2,+1 312-940-3552,372,4,12 South Michigan Avenue
992,,Chicago,True,Chicago Marriott Downtown Magnificent Mile,,2,+1 312-836-0100,272,4,540 North Michigan Avenue
993,,Chicago,True,Crowne Plaza Chicago West Loop,,2,+1 312-829-5000,276,4,25 South Halsted Street
994,,Chicago,True,Hilton Chicago O'Hare Airport,,2,+1 773-686-8000,240,4,10000 West O'Hare Avenue
995,,Chicago,True,Hilton Chicago/Magnificent Mile Suites,,2,+1 312-664-1100,408,4,198 East Delaware Place
996,,Chicago,True,"Hotel Emc2, Autograph Collection",,2,+1 312-915-0000,264,4,228 East Ontario Street
997,,Chicago,True,Hotel Felix,,2,+1 877-848-4040,324,4,111 West Huron Street
998,2019-03-05,Chicago,True,Ambassador Chicago,1,2,+1 888-506-3471,348,4,1301 North State Parkway
999,,Los Angeles,True,Ac Hotel By Marriott Beverly Hills,,2,+1 323-852-7000,156,1,6399 Wilshire Boulevard
1000,,Los Angeles,True,Airtel Plaza Hotel,,1,+1 800-224-7835,75,1,"7277 Valjean Avenue, Van Nuys, California 91406, United States"
1001,,Los Angeles,True,Best Western Burbank Airport Inn,,3,+1 818-765-2900,261,1,"7615 Lankershim Boulevard, North Hollywood, California 91605, United States"
1002,,Los Angeles,True,Best Western Hollywood Plaza Inn,,3,+1 323-851-1800,168,1,"2011 North Highland Avenue, Hollywood, California 90068, United States"
1003,,Los Angeles,True,Best Western Los Angeles Worldport Hotel,,1,+1 310-834-3400,76,1,"1402 West Pacific Coast Highway, Wilmington, California 90744, United States"
1004,,Los Angeles,True,Best Western Plus Dragon Gate Inn,,1,+1 213-617-3077,54,1,818 North Hill Street
1005,,Los Angeles,True,Best Western Plus Hollywood Hills Hotel,,3,+1 323-464-5181,156,1,"6141 Franklin Avenue, Hollywood, California 90028, United States"
1006,,Los Angeles,True,Best Western Plus San Pedro Hotel & Suites,,2,+1 310-514-1414,198,1,"111 South Gaffey Street, San Pedro, California 90731, United States"
1007,,Los Angeles,True,Beverly Hills Marriott,,3,+1 310-553-6561,384,1,1150 South Beverly Drive
1008,2019-03-03,Los Angeles,True,Ac Hotel By Marriott Beverly Hills,1,1,+1 323-852-7000,156,1,6399 Wilshire Boulevard
1009,,Nairobi,False,Azure Hotel Nairobi Westlands,,1,+254 709 716000,135,1,Lantana Road
1010,,Nairobi,False,Crowne Plaza Nairobi,,1,+254 719 096000,116,1,"Kenya Road, Upper Hill"
1011,,Nairobi,False,Crowne Plaza Nairobi Airport,,1,+254 709 222444,396,1,First Freight Lane Jomo Kenyatta International Airport
1012,,Nairobi,False,Doubletree By Hilton Nairobi Hurlingham,,1,+254 709 090000,300,1,Ngong Lane Ngong Road
1013,,Nairobi,False,Dusitd2 Nairobi,,1,+254 787 657000,300,1,14 Riverside Westlands
1014,,Nairobi,False,Eka Hotel Nairobi,,1,+254 719 045000,240,1,"Eka Hotel, Along Mombasa Road"
1015,,Nairobi,False,Four Points By Sheraton Nairobi Airport,,1,+254 709 760000,112,1,9042/1044 Tower Avenue Jomo Kenyatta Intl Airport
1016,,Nairobi,False,Hemingways Nairobi,,1,+254 711 032000,200,1,Mbagathi Ridge
1017,,Nairobi,False,Hilton Garden Inn Nairobi Airport,,1,+254 20 4075000,124,1,Jomo Kenyatta International Airport Mombasa Road
1018,,Nairobi,False,Ibis Styles Hotel Westlands Nairobi,,1,+254 20 7757000,189,1,"Ibis Styles Hotel Westlands, Kenya"
1019,,Nairobi,False,Azure Hotel Nairobi Westlands,,1,+254 709 716000,135,4,Lantana Road
1020,,Nairobi,False,Dusitd2 Nairobi,,1,+254 787 657000,300,4,14 Riverside Westlands
1021,,Nairobi,False,Hemingways Nairobi,,1,+254 711 032000,200,4,Mbagathi Ridge
1022,2019-03-01,Nairobi,False,Crowne Plaza Nairobi Airport,1,1,+254 709 222444,468,4,First Freight Lane Jomo Kenyatta International Airport
1023,,Toronto,False,Bisha Hotel Toronto,,2,+1 416-551-2800,232,4,80 Blue Jays Way
1024,,Toronto,False,Comfort Inn Toronto North,,2,+1 416-736-4700,136,2,"66 Norfinch Drive, North York, Ontario M3N 1X1, Canada"
1025,2019-03-03,Toronto,False,Best Western Plus Toronto North York Hotel & Suites,1,2,+1 416-663-9500,198,3,50 Norfinch Drive
1026,2019-03-01,Delhi,False,Aloft New Delhi Aerocity,4,3,+91 11 4565 0000,444,4,"5B Igi T3 Road, Delhi - Ajmer Expressway, Aerocity, New Delhi"
1027,2019-03-02,New York,True,1 Hotel Brooklyn Bridge,3,3,+1 833-625-6111,252,4,"60 Furman Street, Brooklyn"
1028,,Paris,False,Ac Hotel By Marriott Paris Porte Maillot,,2,+33 1 84 82 49 09,432,2,"6 Rue Gustave Charpentier, 75017"
1029,,Paris,False,Amastan Paris,,2,+33 1 49 52 99 70,232,2,"34 Rue Jean Mermoz, 75008"
1030,,Paris,False,Aparthotel Adagio Access Paris La Villette,,2,+33 1 44 72 42 00,315,2,"28bis Avenue Corentin Cariou, 75019"
1031,,Paris,False,Aparthotel Adagio Paris Montmartre,,2,+33 1 42 57 14 55,156,2,"10 Place Charles Dullin, 75018"
1032,,Paris,False,Austin'S Saint Lazare HoTel,,2,+33 1 48 74 48 71,297,2,"26 Rue d'Amsterdam, 75009"
1033,,Paris,False,Avalon Hotel Paris Gare Du Nord,,2,+33 1 42 85 50 00,216,2,"131 Boulevard de Magenta, 75010"
1034,,Paris,False,Best Western Bretagne Montparnasse,,2,+33 1 45 38 52 59,360,2,"33 Rue Raymond Losserand, 75014"
1035,,Paris,False,Bob Hotel By Elegancia,,2,+33 1 40 43 02 33,264,2,"30 Rue Pernety, 75014"
1036,,Paris,False,Brach Paris,,2,+33 1 44 30 10 00,465,2,"1-7 Rue Jean Richepin, 75016"
1037,,Paris,False,Buddha-Bar Hotel Paris,,2,+33 1 83 96 88 88,220,2,"4 Rue d'Anjou, 75008"
1038,,Paris,False,Ac Hotel By Marriott Paris Porte Maillot,,2,+33 1 84 82 49 09,432,3,"6 Rue Gustave Charpentier, 75017"
1039,,Paris,False,Amastan Paris,,2,+33 1 49 52 99 70,232,3,"34 Rue Jean Mermoz, 75008"
1040,,Paris,False,Aparthotel Adagio Access Paris La Villette,,2,+33 1 44 72 42 00,315,3,"28bis Avenue Corentin Cariou, 75019"
1041,,Paris,False,Aparthotel Adagio Paris Montmartre,,2,+33 1 42 57 14 55,156,3,"10 Place Charles Dullin, 75018"
1042,,Paris,False,Austin'S Saint Lazare HoTel,,2,+33 1 48 74 48 71,297,3,"26 Rue d'Amsterdam, 75009"
1043,,Paris,False,Best Western Bretagne Montparnasse,,2,+33 1 45 38 52 59,360,3,"33 Rue Raymond Losserand, 75014"
1044,,Paris,False,Bob Hotel By Elegancia,,2,+33 1 40 43 02 33,264,3,"30 Rue Pernety, 75014"
1045,,Paris,False,Brach Paris,,2,+33 1 44 30 10 00,465,3,"1-7 Rue Jean Richepin, 75016"
1046,2019-03-11,Paris,False,Amastan Paris,3,2,+33 1 49 52 99 70,408,3,"34 Rue Jean Mermoz, 75008"
1047,,San Francisco,True,Argonaut Hotel,,2,+1 415-563-0800,264,4,495 Jefferson Street
1048,,San Francisco,True,Beck'S Motor Lodge,,1,+1 415-621-8212,52,2,2222 Market Street
1049,,San Francisco,True,Bei Hotel San Francisco,,2,+1 415-626-6103,156,3,50 8th Street
1050,,San Francisco,True,Beresford Arms Hotel,,1,+1 415-673-2600,78,3,701 Post Street
1051,,San Francisco,True,Casa Loma Hotel,,3,+1 415-552-7100,132,2,610 Fillmore Street
1052,,San Francisco,True,Chancellor Hotel On Union Square,,3,+1 415-362-2004,315,3,433 Powell Street
1053,,San Francisco,True,Chelsea,,2,+1 415-563-5600,132,2,2095 Lombard Street
1054,,San Francisco,True,Comfort Inn By The Bay,,1,+1 415-928-5000,58,2,2775 Van Ness Avenue
1055,,San Francisco,True,Cornell Hotel De France,,3,+1 415-421-3154,324,3,715 Bush Street
1056,2019-03-04,San Francisco,True,Beck'S Motor Lodge,3,1,+1 415-621-8212,70,2,2222 Market Street
1057,,Atlanta,True,Ac Hotel By Marriott Atlanta Buckhead At Phipps Plaza,,3,+1 470-231-3030,420,4,3600 Wieuca Road Northeast
1058,,Atlanta,True,Canopy By Hilton Atlanta Midtown,,3,+1 404-685-1677,408,4,1414 West Peachtree Street Northwest
1059,,Atlanta,True,Hotel Clermont,,3,+1 470-485-0485,444,4,789 Ponce De Leon Avenue Northeast
1060,,Atlanta,True,Hyatt Centric Midtown Atlanta,,3,+1 404-443-1234,240,4,125 10th Street Northeast
1061,,Atlanta,True,Loews Atlanta Hotel,,3,+1 404-745-5000,456,4,1065 Peachtree Street Northeast
1062,,Atlanta,True,Renaissance Atlanta Midtown Hotel,,3,+1 678-412-2400,360,4,866 W. Peachtree Street NW
1063,,Atlanta,True,Sheraton Atlanta Hotel,,3,+1 404-659-6500,264,4,165 Courtland Street Northeast
1064,,Atlanta,True,The St. Regis Atlanta,,3,+1 404-563-7900,330,4,"Eighty, Eight, West Paces Ferry Road Northwest"
1065,,Atlanta,True,The Westin Buckhead Atlanta,,3,+1 404-365-0065,372,4,"3391 Peachtree Road, N.E"
1066,,Atlanta,True,"The Whitley, A Luxury Collection Hotel, Atlanta Buckhead",,3,+1 404-237-2700,450,4,3434 Peachtree Road Northeast
1067,2019-03-02,Atlanta,True,Ac Hotel By Marriott Atlanta Buckhead At Phipps Plaza,1,3,+1 470-231-3030,468,4,3600 Wieuca Road Northeast
1068,,Las Vegas,True,Best Western Plus Las Vegas West,,2,+1 702-256-3766,174,3,8669 West Sahara Avenue
1069,,Las Vegas,True,Hampton Inn Las Vegas/Summerlin,,2,+1 702-360-5700,192,3,7100 Cascade Valley Court
1070,2019-03-08,Las Vegas,True,Hampton Inn Las Vegas/Summerlin,1,1,+1 702-360-5700,87,3,7100 Cascade Valley Court
1071,2019-03-04,Fresno,True,La Quinta Inn By Wyndham Fresno Yosemite,1,2,+1 559-442-1110,216,2,2926 Tulare Street
1072,,Long Beach,True,Best Western Of Long Beach,,1,+1 562-599-5555,68,1,1725 Long Beach Boulevard
1073,,Long Beach,True,Courtyard By Marriott Long Beach Airport,,1,+1 562-429-5803,198,1,3841 North Lakewood Boulevard
1074,,Long Beach,True,Courtyard By Marriott Long Beach Downtown,,1,+1 562-435-8511,111,1,500 East First Street
1075,,Long Beach,True,Hampton Inn Long Beach Airport,,1,+1 562-425-0012,120,1,3771 North Lakewood Boulevard
1076,,Long Beach,True,Holiday Inn Long Beach Downtown Area,,1,+1 562-590-8858,189,1,1133 Atlantic Avenue
1077,,Long Beach,True,Homewood Suites By Hilton Long Beach Airport,,1,+1 562-425-0010,222,1,3771 North Lakewood Boulevard
1078,,Long Beach,True,Hotel Current Long Beach,,1,+1 562-597-5171,342,1,5325 Pacific Coast Highway
1079,,Long Beach,True,Hyatt Centric The Pike Long Beach,,1,+1 562-432-1234,468,1,285 Bay Street
1080,,Long Beach,True,Hyatt Regency Long Beach,,1,+1 562-491-1234,112,1,200 South Pine Avenue
1081,,Long Beach,True,Long Beach Marriott,,1,+1 800-228-9290,210,1,4700 Airport Plaza Drive
1082,2019-03-01,Long Beach,True,Best Western Of Long Beach,1,1,+1 562-599-5555,80,1,1725 Long Beach Boulevard
1083,2019-03-01,Sydney,False,28 Hotel Sydney,1,1,+61 2 9102 2828,256,4,"28 Regent Street, Chippendale New South Wales 2008, Australia"
1084,2019-03-01,Nairobi,False,Crowne Plaza Nairobi,4,1,+254 719 096000,288,4,"Kenya Road, Upper Hill"
1085,2019-03-01,Portland,True,Best Western Plus Portland Airport Hotel & Suites,2,1,+1 503-251-9991,88,2,11938 Northeast Airport Way
1086,,Kuala Lumpur,False,Aloft Kuala Lumpur Sentral,,2,+60 3-2723 1188,240,4,"No. 5, Jalan Stesen Sentral, 50470 Kuala Lumpur, Wilayah Persekutuan"
1087,,Kuala Lumpur,False,Arenaa Star Hotel,,2,+60 3-2078 0988,156,3,"49-51, Jalan Hang Lekiu, 50100"
1088,,Kuala Lumpur,False,Banyan Tree Kuala Lumpur,,3,+60 3-2113 1888,555,5,"2, Jalan Conlay, 50450 Kuala Lumpur, Wilayah Persekutuan"
1089,,Kuala Lumpur,False,Cititel Mid Valley,,2,+60 3-2296 1188,162,3,"Lingkaran Syed Putra, Mid Valley City, 59200 Kuala Lumpur, Wilayah Persekutuan"
1090,,Kuala Lumpur,False,Container Hotel,,2,+60 12-702 2851,104,2,"Jalan Delima, Imbi, 55100 Kuala Lumpur, Wilayah Persekutuan"
1091,,Kuala Lumpur,False,Corus Hotel Kuala Lumpur,,2,+60 3-2161 8888,288,4,"Jalan Ampang, Hampshire Park, 50450 Kuala Lumpur, Wilayah Persekutuan"
1092,2019-03-11,Kuala Lumpur,False,Alila Bangsar,1,1,+60 3-2268 3888,370,5,"East Side, 58, Jalan Ang Seng, Brickfields, 50470"
1093,,Philadelphia,True,Hilton Philadelphia At Penn'S Landing,,1,+1 215-521-6500,184,4,201 South Christopher Columbus Boulevard
1094,,Philadelphia,True,Kimpton Hotel Monaco Philadelphia,,1,+1 855-295-2355,156,4,433 Chestnut Street
1095,,Philadelphia,True,Le MeRidien Philadelphia,,1,+1 215-422-8200,280,4,1421 Arch Street
1096,,Philadelphia,True,Philadelphia Airport Marriott,,1,+1 215-492-9000,336,4,One Arrivals Road Terminal B
1097,,Philadelphia,True,Renaissance Philadelphia Downtown Hotel,,1,+1 800-468-3571,336,4,401 Chestnut Street
1098,,Philadelphia,True,Sheraton Philadelphia Society Hill Hotel,,1,+1 215-238-6000,144,4,One Dock Street
1099,,Philadelphia,True,Sofitel Philadelphia At Rittenhouse Square,,1,+1 215-569-8300,112,4,120 South 17th Street
1100,,Philadelphia,True,"The Inn At Penn, A Hilton Hotel",,1,+1 215-222-0200,444,4,3600 Sansom Street
1101,,Philadelphia,True,"The Logan Philadelphia, Curio Collection By Hilton",,1,+1 215-963-1500,330,4,1 Logan Square
1102,,Philadelphia,True,The Westin Philadelphia,,1,+1 215-563-1600,408,4,"At Liberty Place, 99 South 17th Street"
1103,2019-03-03,Philadelphia,True,Hilton Philadelphia At Penn'S Landing,2,1,+1 215-521-6500,456,4,201 South Christopher Columbus Boulevard
1104,2019-03-04,Los Angeles,True,Ac Hotel By Marriott Beverly Hills,1,1,+1 323-852-7000,60,1,6399 Wilshire Boulevard
1105,,Fresno,True,Doubletree By Hilton Hotel Fresno Convention Center,,2,+1 559-268-1000,222,2,2233 Ventura Street
1106,,Fresno,True,Piccadilly Inn Airport,,3,+1 559-375-7760,297,2,5115 East McKinley Avenue
1107,,Fresno,True,Radisson Hotel Fresno Conference Center,,2,+1 559-233-6650,120,2,1055 Van Ness Avenue
1108,,Fresno,True,Springhill Suites By Marriott Fresno,,3,+1 888-287-9400,207,2,6844 North Fresno Street
1109,2019-03-01,Fresno,True,Doubletree By Hilton Hotel Fresno Convention Center,2,3,+1 559-268-1000,261,2,2233 Ventura Street
1110,2019-03-06,San Diego,True,Bahia Resort Hotel,1,1,+1 858-539-8666,252,3,998 West Mission Bay Drive
1111,2019-03-03,London,False,45 Park Lane,2,1,+44 20 7493 4545,570,5,45 Park Lane
1112,2019-03-06,Portland,True,Aloft Portland Airport At Cascade Station,2,1,+1 503-200-5678,306,3,9920 Northeast Cascades Parkway
1113,2019-03-01,New York,True,1 Hotel Brooklyn Bridge,3,1,+1 833-625-6111,216,4,"60 Furman Street, Brooklyn"
1114,,San Francisco,True,Amsterdam Hostel San Francisco,,3,+1 415-673-3277,117,1,749 Taylor Street
1115,,San Francisco,True,Argonaut Hotel,,3,+1 415-563-0800,252,4,495 Jefferson Street
1116,,San Francisco,True,Beck'S Motor Lodge,,3,+1 415-621-8212,222,2,2222 Market Street
1117,,San Francisco,True,Bei Hotel San Francisco,,3,+1 415-626-6103,342,3,50 8th Street
1118,,San Francisco,True,Beresford Arms Hotel,,3,+1 415-673-2600,315,3,701 Post Street
1119,,San Francisco,True,Chelsea,,3,+1 415-563-5600,210,2,2095 Lombard Street
1120,,San Francisco,True,Comfort Inn By The Bay,,3,+1 415-928-5000,138,2,2775 Van Ness Avenue
1121,2019-03-07,San Francisco,True,Amsterdam Hostel San Francisco,2,3,+1 415-673-3277,84,1,749 Taylor Street
1122,,Atlanta,True,Ac Hotel By Marriott Atlanta Buckhead At Phipps Plaza,,1,+1 470-231-3030,108,2,3600 Wieuca Road Northeast
1123,,Atlanta,True,Ac Hotel By Marriott Atlanta Downtown,,2,+1 404-524-5555,192,2,101 Andrew Young International Boulevard Northwest
1124,,Atlanta,True,Aloft Atlanta Downtown,,1,+1 678-515-0300,87,2,300 Ted Turner Drive Northwest
1125,,Atlanta,True,Atlanta Marriott Suites Midtown,,2,+1 404-876-8888,210,2,35 14th Street Northeast
1126,,Atlanta,True,Canopy By Hilton Atlanta Midtown,,2,+1 404-685-1677,280,2,1414 West Peachtree Street Northwest
1127,,Atlanta,True,"Country Inn & Suites By Radisson, Atlanta Downtown South At Turner Field, Ga",,3,+1 404-658-1961,261,2,759 Pollard Boulevard Southwest
1128,2019-03-04,Atlanta,True,Aloft Atlanta Downtown,4,2,+1 678-515-0300,252,2,300 Ted Turner Drive Northwest
1129,,San Diego,True,Best Western Mission Bay,,1,+1 619-275-5700,100,2,2575 Clairemont Drive
1130,,San Diego,True,Best Western Plus Bayside Inn,,1,+1 619-233-7500,270,3,555 West Ash Street
1131,,San Diego,True,Best Western Plus Hacienda Hotel Old Town,,1,+1 619-298-4707,162,3,4041 Harney Street
1132,,San Diego,True,Best Western Plus Island Palms Hotel & Marina,,1,+1 619-222-0561,174,3,2051 Shelter Island Drive
1133,,San Diego,True,Best Western Seven Seas,,1,+1 619-291-1300,168,3,411 Hotel Circle South
1134,,San Diego,True,Best Western Yacht Harbor Hotel,,1,+1 619-224-3254,180,2,5005 North Harbor Drive
1135,,San Diego,True,Blue Sea Beach Hotel,,1,+1 858-488-4700,180,3,707 Pacific Beach Drive
1136,2019-03-05,San Diego,True,Best Western Plus Bayside Inn,1,1,+1 619-233-7500,168,3,555 West Ash Street
1137,2019-03-01,Los Angeles,True,Ac Hotel By Marriott Beverly Hills,1,2,+1 323-852-7000,116,2,6399 Wilshire Boulevard
1138,,San Diego,True,Bahia Resort Hotel,,2,+1 858-539-8666,324,2,998 West Mission Bay Drive
1139,,San Diego,True,Best Western Plus Bayside Inn,,2,+1 619-233-7500,270,2,555 West Ash Street
1140,,San Diego,True,Best Western Plus Hacienda Hotel Old Town,,2,+1 619-298-4707,162,2,4041 Harney Street
1141,,San Diego,True,Best Western Plus Island Palms Hotel & Marina,,2,+1 619-222-0561,174,2,2051 Shelter Island Drive
1142,,San Diego,True,Best Western San Diego/Miramar Hotel,,2,+1 858-578-6600,104,2,9310 Kearny Mesa Road
1143,,San Diego,True,Best Western Seven Seas,,2,+1 619-291-1300,168,2,411 Hotel Circle South
1144,,San Diego,True,Best Western Yacht Harbor Hotel,,2,+1 619-224-3254,180,2,5005 North Harbor Drive
1145,,San Diego,True,Blue Sea Beach Hotel,,2,+1 858-488-4700,180,2,707 Pacific Beach Drive
1146,,San Diego,True,Capri By The Sea By All Seasons Resort Lodging,,2,+1 858-483-6110,315,2,4767 Ocean Boulevard
1147,2019-03-01,San Diego,True,Bahia Resort Hotel,1,2,+1 858-539-8666,192,2,998 West Mission Bay Drive
1148,,Toronto,False,Best Western Plus Toronto North York Hotel & Suites,,1,+1 416-663-9500,216,2,50 Norfinch Drive
1149,,Toronto,False,Best Western Premier Toronto Airport Carlingview Hotel,,1,+1 416-637-7000,150,2,"135 Carlingview Drive, Etobicoke, Ontario M9W 5E7, Canada"
1150,,Toronto,False,Best Western Primrose Hotel Downtown-Toronto,,1,+1 800-780-7234,78,2,111 Carlton Street
1151,,Toronto,False,Bisha Hotel Toronto,,1,+1 416-551-2800,232,2,80 Blue Jays Way
1152,,Toronto,False,Bond Place Hotel Toronto,,1,+1 800-268-9390,156,2,65 Dundas Street East
1153,,Toronto,False,Cambridge Suites Toronto,,1,+1 800-463-1990,136,2,15 Richmond Street East
1154,,Toronto,False,Courtyard By Marriott Toronto Airport,,1,+1 416-675-0411,96,2,"231 Carlingview Drive, Etobicoke, Ontario M9W 5E8, Canada"
1155,,Toronto,False,Courtyard By Marriott Toronto Downtown,,1,+1 416-924-0611,180,2,475 Yonge Street
1156,,Toronto,False,Crowne Plaza Toronto Airport,,1,+1 416-675-1234,90,2,"33 Carlson Court, Etobicoke, Ontario M9W 6H5, Canada"
1157,2019-03-01,Toronto,False,Best Western Plus Toronto North York Hotel & Suites,1,1,+1 416-663-9500,180,2,50 Norfinch Drive
1158,,Long Beach,True,Best Western Of Long Beach,,3,+1 562-599-5555,144,1,1725 Long Beach Boulevard
1159,,Long Beach,True,Courtyard By Marriott Long Beach Airport,,3,+1 562-429-5803,189,1,3841 North Lakewood Boulevard
1160,,Long Beach,True,Courtyard By Marriott Long Beach Downtown,,3,+1 562-435-8511,297,1,500 East First Street
1161,,Long Beach,True,Hampton Inn Long Beach Airport,,3,+1 562-425-0012,126,1,3771 North Lakewood Boulevard
1162,,Long Beach,True,Holiday Inn Long Beach Downtown Area,,3,+1 562-590-8858,189,1,1133 Atlantic Avenue
1163,,Long Beach,True,Homewood Suites By Hilton Long Beach Airport,,3,+1 562-425-0010,279,1,3771 North Lakewood Boulevard
1164,,Long Beach,True,Hotel Current Long Beach,,3,+1 562-597-5171,342,1,5325 Pacific Coast Highway
1165,,Long Beach,True,Hyatt Centric The Pike Long Beach,,3,+1 562-432-1234,468,1,285 Bay Street
1166,,Long Beach,True,Hyatt Regency Long Beach,,3,+1 562-491-1234,324,1,200 South Pine Avenue
1167,,Long Beach,True,Long Beach Marriott,,3,+1 800-228-9290,216,1,4700 Airport Plaza Drive
1168,2019-03-01,Long Beach,True,Best Western Of Long Beach,2,3,+1 562-599-5555,138,1,1725 Long Beach Boulevard
1169,,Portland,True,Dossier,,3,+1 877-628-4408,276,3,750 Southwest Alder Street
1170,,Portland,True,Doubletree By Hilton Hotel Portland,,2,+1 503-281-6111,120,3,1000 Northeast Multnomah Street
1171,2019-03-07,Portland,True,Canopy By Hilton Portland Pearl District,2,1,+1 971-351-0230,296,3,425 Northwest 9th Avenue
1172,,New York,True,1 Hotel Brooklyn Bridge,,3,+1 833-625-6111,240,1,"60 Furman Street, Brooklyn"
1173,,New York,True,11 Howard,,3,+1 212-235-1111,342,1,11 Howard Street
1174,,New York,True,6 Columbus Hotel,,3,+1 212-204-3000,252,1,308 West 58th Street
1175,,New York,True,Ac Hotel New York Times Square,,1,+1 212-398-2700,148,1,260 West 40th Street
1176,,New York,True,Ace Hotel,,1,+1 212-991-0551,100,1,20 West 29th Street
1177,,New York,True,Aka Times Square,,3,+1 212-764-5700,276,1,123 West 44th Street
1178,2019-03-03,New York,True,11 Howard,3,1,+1 212-235-1111,192,1,11 Howard Street
1179,,Long Beach,True,Courtyard By Marriott Long Beach Airport,,2,+1 562-429-5803,198,2,3841 North Lakewood Boulevard
1180,,Long Beach,True,Courtyard By Marriott Long Beach Downtown,,1,+1 562-435-8511,111,2,500 East First Street
1181,,Long Beach,True,Holiday Inn Long Beach Downtown Area,,3,+1 562-590-8858,189,2,1133 Atlantic Avenue
1182,,Long Beach,True,Homewood Suites By Hilton Long Beach Airport,,2,+1 562-425-0010,222,2,3771 North Lakewood Boulevard
1183,,Long Beach,True,Hotel Current Long Beach,,3,+1 562-597-5171,342,2,5325 Pacific Coast Highway
1184,,Long Beach,True,Hyatt Centric The Pike Long Beach,,3,+1 562-432-1234,468,2,285 Bay Street
1185,,Long Beach,True,Hyatt Regency Long Beach,,1,+1 562-491-1234,112,2,200 South Pine Avenue
1186,,Long Beach,True,Long Beach Marriott,,2,+1 800-228-9290,210,2,4700 Airport Plaza Drive
1187,2019-03-01,Long Beach,True,Best Western Of Long Beach,1,2,+1 562-599-5555,80,2,1725 Long Beach Boulevard
1188,,Paris,False,Ac Hotel By Marriott Paris Porte Maillot,,2,+33 1 84 82 49 09,432,4,"6 Rue Gustave Charpentier, 75017"
1189,,Paris,False,Amastan Paris,,2,+33 1 49 52 99 70,232,4,"34 Rue Jean Mermoz, 75008"
1190,,Paris,False,Best Western Bretagne Montparnasse,,2,+33 1 45 38 52 59,360,4,"33 Rue Raymond Losserand, 75014"
1191,,Paris,False,Bob Hotel By Elegancia,,2,+33 1 40 43 02 33,264,4,"30 Rue Pernety, 75014"
1192,,Paris,False,Brach Paris,,2,+33 1 44 30 10 00,465,5,"1-7 Rue Jean Richepin, 75016"
1193,2019-03-03,Paris,False,Amastan Paris,3,2,+33 1 49 52 99 70,444,4,"34 Rue Jean Mermoz, 75008"
1194,,Vancouver,False,Atrium Inn Vancouver,,2,+1 604-254-1000,204,2,2889 East Hastings Street
1195,,Vancouver,False,Auberge Vancouver Hotel,,3,+1 604-678-8899,312,2,837 West Hastings Street
1196,,Vancouver,False,Best Western Plus Chateau Granville Hotel & Suites & Conference Ctr.,,1,+1 604-669-7070,105,2,1100 Granville Street
1197,,Vancouver,False,Best Western Plus Sands,,2,+1 604-682-1831,234,2,1755 Davie Street
1198,,Vancouver,False,Blue Horizon Hotel,,2,+1 604-688-1411,162,2,1225 Robson Street
1199,,Vancouver,False,Coast Coal Harbour Vancouver Hotel By Apa,,3,+1 604-697-0202,264,2,1180 West Hastings Street
1200,,Vancouver,False,Coast Vancouver Airport Hotel,,3,+1 604-263-1555,288,2,1041 Southwest Marine Drive
1201,,Vancouver,False,Days Inn By Wyndham Vancouver Downtown,,3,+1 604-681-4335,207,2,921 West Pender Street
1202,,Vancouver,False,Delta Hotels By Marriott Vancouver Downtown Suites,,2,+1 844-254-5048,304,2,550 West Hastings Street
1203,,Vancouver,False,Exchange Hotel Vancouver,,1,+1 604-563-4693,144,2,475 Howe Street
1204,2019-03-03,Vancouver,False,Atrium Inn Vancouver,2,1,+1 604-254-1000,198,2,2889 East Hastings Street
1205,2019-03-01,Fresno,True,Piccadilly Inn Airport,1,1,+1 559-375-7760,324,3,5115 East McKinley Avenue
1206,,Philadelphia,True,Aka University City,,1,+1 215-372-9000,261,3,"Cira Centre South, 2929 Walnut Street"
1207,,Philadelphia,True,Aloft Philadelphia Airport,,1,+1 267-298-1700,270,3,4301 Island Avenue
1208,,Philadelphia,True,Aloft Philadelphia Downtown,,1,+1 215-607-2020,333,3,101 North Broad Street
1209,,Philadelphia,True,Courtyard By Marriott Philadelphia City Avenue,,1,+1 215-477-0200,150,3,4100 Presidential Boulevard
1210,,Philadelphia,True,Courtyard By Marriott Philadelphia South At The Navy Yard,,1,+1 215-644-9200,168,3,1001 Intrepid Avenue
1211,,Philadelphia,True,Doubletree By Hilton Hotel Philadelphia Airport,,1,+1 215-365-4150,252,3,4509 Island Avenue
1212,2019-03-01,Philadelphia,True,Aka University City,1,1,+1 215-372-9000,324,3,"Cira Centre South, 2929 Walnut Street"
1213,,San Diego,True,Bahia Resort Hotel,,2,+1 858-539-8666,324,3,998 West Mission Bay Drive
1214,,San Diego,True,Best Western Plus Bayside Inn,,2,+1 619-233-7500,270,3,555 West Ash Street
1215,,San Diego,True,Blue Sea Beach Hotel,,2,+1 858-488-4700,180,3,707 Pacific Beach Drive
1216,,San Diego,True,Capri By The Sea By All Seasons Resort Lodging,,2,+1 858-483-6110,315,3,4767 Ocean Boulevard
1217,,San Diego,True,Catamaran Resort Hotel And Spa,,2,+1 858-488-1081,456,3,3999 Mission Boulevard
1218,,San Diego,True,Comfort Inn & Suites San Diego - Zoo Seaworld Area,,2,+1 619-881-6200,174,3,2485 Hotel Circle Place
1219,,San Diego,True,Courtyard By Marriott San Diego Airport/Liberty Station,,2,+1 619-221-1900,138,3,2592 Laning Road
1220,2019-03-03,San Diego,True,Best Western Plus Bayside Inn,4,2,+1 619-233-7500,270,3,555 West Ash Street
1221,2019-03-06,San Francisco,True,Amsterdam Hostel San Francisco,4,2,+1 415-673-3277,40,1,749 Taylor Street
1222,,London,False,45 Park Lane,,1,+44 20 7493 4545,230,1,45 Park Lane
1223,,London,False,Abc Hyde Park Hotel,,1,+44 20 7706 4660,186,1,121 Sussex Gardens
1224,,London,False,Accommodation London Bridge,,1,+44 20 7403 4299,207,1,58 Great Dover Street
1225,,London,False,Ace Hotel London,,1,+44 20 7613 9800,264,1,100 Shoreditch High Street
1226,,London,False,Airways Hotel London Victoria,,1,+44 20 7834 0205,297,1,29-31 Saint George's Drive
1227,,London,False,Amba Hotel Charing Cross,,1,+44 871 376 9012,276,1,Strand
1228,,London,False,Amba Hotel Marble Arch,,1,+44 800 330 8523,288,1,Bryanston Street
1229,,London,False,Ambassadors Bloomsbury Hotel,,1,+44 20 7388 9930,396,1,12 Upper Woburn Place
1230,,London,False,Ambassadors Hotel,,1,+44 20 7373 1075,69,1,16 Collingham Road
1231,2019-03-02,London,False,45 Park Lane,3,1,+44 20 7493 4545,180,1,45 Park Lane
1232,,Vancouver,False,Atrium Inn Vancouver,,2,+1 604-254-1000,204,3,2889 East Hastings Street
1233,,Vancouver,False,Auberge Vancouver Hotel,,3,+1 604-678-8899,312,4,837 West Hastings Street
1234,,Vancouver,False,Best Western Plus Chateau Granville Hotel & Suites & Conference Ctr.,,1,+1 604-669-7070,105,3,1100 Granville Street
1235,,Vancouver,False,Best Western Plus Sands,,2,+1 604-682-1831,234,3,1755 Davie Street
1236,,Vancouver,False,Blue Horizon Hotel,,2,+1 604-688-1411,162,3,1225 Robson Street
1237,,Vancouver,False,Coast Coal Harbour Vancouver Hotel By Apa,,3,+1 604-697-0202,264,4,1180 West Hastings Street
1238,,Vancouver,False,Coast Vancouver Airport Hotel,,3,+1 604-263-1555,288,3,1041 Southwest Marine Drive
1239,,Vancouver,False,Days Inn By Wyndham Vancouver Downtown,,3,+1 604-681-4335,207,3,921 West Pender Street
1240,,Vancouver,False,Delta Hotels By Marriott Vancouver Downtown Suites,,2,+1 844-254-5048,304,4,550 West Hastings Street
1241,,Vancouver,False,Exchange Hotel Vancouver,,1,+1 604-563-4693,144,4,475 Howe Street
1242,,Vancouver,False,Atrium Inn Vancouver,,1,+1 604-254-1000,204,2,2889 East Hastings Street
1243,,Vancouver,False,Auberge Vancouver Hotel,,1,+1 604-678-8899,312,2,837 West Hastings Street
1244,,Vancouver,False,Best Western Plus Sands,,1,+1 604-682-1831,234,2,1755 Davie Street
1245,,Vancouver,False,Blue Horizon Hotel,,1,+1 604-688-1411,162,2,1225 Robson Street
1246,,Vancouver,False,Coast Coal Harbour Vancouver Hotel By Apa,,1,+1 604-697-0202,264,2,1180 West Hastings Street
1247,,Vancouver,False,Coast Vancouver Airport Hotel,,1,+1 604-263-1555,288,2,1041 Southwest Marine Drive
1248,,Vancouver,False,Days Inn By Wyndham Vancouver Downtown,,1,+1 604-681-4335,207,2,921 West Pender Street
1249,,Vancouver,False,Delta Hotels By Marriott Vancouver Downtown Suites,,1,+1 844-254-5048,304,2,550 West Hastings Street
1250,2019-03-01,London,False,45 Park Lane,4,1,+44 20 7493 4545,480,2,45 Park Lane
1251,,New York,True,1 Hotel Brooklyn Bridge,,1,+1 833-625-6111,240,4,"60 Furman Street, Brooklyn"
1252,,New York,True,1 Hotel Central Park,,1,+1 212-703-2001,340,5,1414 6th Avenue
1253,,New York,True,11 Howard,,1,+1 212-235-1111,342,3,11 Howard Street
1254,,New York,True,6 Columbus Hotel,,1,+1 212-204-3000,252,4,308 West 58th Street
1255,,New York,True,Aka Central Park,,1,+1 646-744-3100,168,4,42 West 58th Street
1256,,New York,True,Aka Times Square,,1,+1 212-764-5700,276,4,123 West 44th Street
1257,,New York,True,Aka Wall Street,,1,+1 212-252-9090,176,4,84 William Street
1258,2019-03-01,New York,True,1 Hotel Central Park,2,1,+1 212-703-2001,350,5,1414 6th Avenue
1259,2019-03-01,New York,True,1 Hotel Central Park,3,1,+1 212-703-2001,350,5,1414 6th Avenue
1260,2019-03-01,Portland,True,Aloft Portland Airport At Cascade Station,1,1,+1 503-200-5678,315,3,9920 Northeast Cascades Parkway
1261,2019-03-02,Philadelphia,True,Aloft Philadelphia Airport,2,1,+1 267-298-1700,93,3,4301 Island Avenue
1262,,Phoenix,True,Aloft Phoenix-Airport,,1,+1 602-275-6300,99,3,4450 East Washington Street
1263,,Phoenix,True,Arizona Grand Resort & Spa,,2,+1 602-426-2638,264,4,8000 Arizona Grand Parkway
1264,,Phoenix,True,Cambria Hotel North Scottsdale Desert Ridge,,2,+1 480-585-6644,228,3,4425 E Irma Ln&nbsp
1265,,Phoenix,True,Comfort Suites Phoenix North,,1,+1 602-861-3900,74,2,10210 North 26th Drive
1266,,Phoenix,True,Courtyard By Marriott Phoenix Downtown,,1,+1 602-603-2001,81,3,132 South Central Avenue
1267,,Phoenix,True,Crowne Plaza Phoenix Airport,,3,+1 602-273-7778,351,3,4300 East Washington Street
1268,,Phoenix,True,Days Inn By Wyndham Airport - Phoenix,,1,+1 800-615-3107,72,2,2900 East Van Buren Street
1269,,Phoenix,True,Doubletree Suites By Hilton Hotel Phoenix,,1,+1 602-225-0500,99,3,320 North 44th Street
1270,,Phoenix,True,Drury Inn & Suites Phoenix Airport,,2,+1 602-437-8400,174,3,3333 East University Drive
1271,,Phoenix,True,Drury Inn & Suites Phoenix Happy Valley,,1,+1 623-879-8800,108,3,2335 West Pinnacle Peak Road
1272,2019-03-06,Phoenix,True,Arizona Grand Resort & Spa,3,1,+1 602-426-2638,304,4,8000 Arizona Grand Parkway
1273,2019-03-01,Sacramento,True,Courtyard By Marriott Sacramento Midtown,2,1,+1 916-455-6800,156,3,4422 Y Street
1274,2019-03-04,Los Angeles,True,Ac Hotel By Marriott Beverly Hills,3,1,+1 323-852-7000,60,1,6399 Wilshire Boulevard
1275,2019-03-02,New York,True,11 Howard,1,1,+1 212-235-1111,72,1,11 Howard Street
1276,2019-03-05,Chicago,True,Ac Hotel By Marriott Chicago Downtown,1,1,+1 312-981-6600,180,3,630 North Rush Street
1277,,Seattle,True,Crowne Plaza Seattle Downtown,,2,+1 206-464-1980,192,3,1113 6th Avenue
1278,,Seattle,True,Four Seasons Hotel Seattle,,1,+1 206-749-7000,150,3,99 Union Street
1279,,Seattle,True,Grand Hyatt Seattle,,2,+1 206-774-1234,280,3,721 Pine Street
1280,,Seattle,True,Hampton Inn & Suites Seattle-Downtown,,3,+1 206-282-7700,207,3,700 5th Avenue North
1281,,Seattle,True,Hilton Garden Inn Seattle Downtown,,3,+1 206-467-7770,333,3,1821 Boren Avenue
1282,2019-03-05,Seattle,True,Best Western Plus Pioneer Square Hotel Downtown,3,1,+1 206-340-1234,234,3,77 Yesler Way
1283,2019-03-02,San Francisco,True,Amsterdam Hostel San Francisco,1,1,+1 415-673-3277,27,1,749 Taylor Street
1284,,London,False,45 Park Lane,,2,+44 20 7493 4545,230,2,45 Park Lane
1285,,London,False,Abc Hyde Park Hotel,,2,+44 20 7706 4660,186,2,121 Sussex Gardens
1286,,London,False,Accommodation London Bridge,,3,+44 20 7403 4299,207,2,58 Great Dover Street
1287,,London,False,Ace Hotel London,,3,+44 20 7613 9800,264,2,100 Shoreditch High Street
1288,,London,False,Airways Hotel London Victoria,,3,+44 20 7834 0205,297,2,29-31 Saint George's Drive
1289,,London,False,Amba Hotel Charing Cross,,3,+44 871 376 9012,276,2,Strand
1290,,London,False,Amba Hotel Marble Arch,,3,+44 800 330 8523,288,2,Bryanston Street
1291,,London,False,Ambassadors Bloomsbury Hotel,,3,+44 20 7388 9930,396,2,12 Upper Woburn Place
1292,,London,False,Antoinette Hotel Wimbledon,,2,+44 20 8543 4222,192,2,"The Broadway SW19 1SD, United Kingdom"
1293,,New York,True,1 Hotel Brooklyn Bridge,,3,+1 833-625-6111,240,2,"60 Furman Street, Brooklyn"
1294,,New York,True,1 Hotel Central Park,,3,+1 212-703-2001,315,2,1414 6th Avenue
1295,,New York,True,11 Howard,,3,+1 212-235-1111,342,2,11 Howard Street
1296,,New York,True,6 Columbus Hotel,,3,+1 212-204-3000,252,2,308 West 58th Street
1297,,New York,True,Ac Hotel New York Times Square,,3,+1 212-398-2700,432,2,260 West 40th Street
1298,,New York,True,Ace Hotel,,3,+1 212-991-0551,348,2,20 West 29th Street
1299,,New York,True,Adria Hotel & Conference Center,,3,+1 718-631-5900,261,2,"221-17 Northern Boulevard, Bayside"
1300,,New York,True,Aka Central Park,,3,+1 646-744-3100,384,2,42 West 58th Street
1301,,New York,True,Aka Times Square,,3,+1 212-764-5700,276,2,123 West 44th Street
1302,,New York,True,Aka Wall Street,,3,+1 212-252-9090,432,2,84 William Street
1303,,New York,True,1 Hotel Brooklyn Bridge,,1,+1 833-625-6111,240,2,"60 Furman Street, Brooklyn"
1304,,New York,True,1 Hotel Central Park,,1,+1 212-703-2001,340,2,1414 6th Avenue
1305,,New York,True,11 Howard,,1,+1 212-235-1111,342,2,11 Howard Street
1306,,New York,True,6 Columbus Hotel,,1,+1 212-204-3000,252,2,308 West 58th Street
1307,,New York,True,Ac Hotel New York Times Square,,1,+1 212-398-2700,148,2,260 West 40th Street
1308,,New York,True,Ace Hotel,,1,+1 212-991-0551,100,2,20 West 29th Street
1309,,New York,True,Adria Hotel & Conference Center,,1,+1 718-631-5900,156,2,"221-17 Northern Boulevard, Bayside"
1310,,New York,True,Aka Central Park,,1,+1 646-744-3100,168,2,42 West 58th Street
1311,,New York,True,Aka Times Square,,1,+1 212-764-5700,276,2,123 West 44th Street
1312,2019-03-01,New York,True,1 Hotel Central Park,1,1,+1 212-703-2001,350,2,1414 6th Avenue
1313,2019-03-08,Paris,False,Ac Hotel By Marriott Paris Porte Maillot,4,1,+33 1 84 82 49 09,312,4,"6 Rue Gustave Charpentier, 75017"
1314,,Philadelphia,True,Aka University City,,2,+1 215-372-9000,261,3,"Cira Centre South, 2929 Walnut Street"
1315,,Philadelphia,True,Aloft Philadelphia Airport,,2,+1 267-298-1700,270,3,4301 Island Avenue
1316,,Philadelphia,True,Aloft Philadelphia Downtown,,2,+1 215-607-2020,333,3,101 North Broad Street
1317,,Philadelphia,True,"Club Quarters Hotel, Philadelphia",,2,+1 215-282-5000,204,3,1628 Chestnut Street
1318,,Philadelphia,True,Doubletree By Hilton Hotel Philadelphia Airport,,2,+1 215-365-4150,252,3,4509 Island Avenue
1319,,Philadelphia,True,Embassy Suites By Hilton Philadelphia Airport,,2,+1 215-365-4500,186,3,9000 Bartram Avenue
1320,,Philadelphia,True,Fairfield Inn & Suites By Marriott Philadelphia Downtown/Center City,,2,+1 800-228-2800,126,2,261 South 13th Street
1321,2019-03-01,Philadelphia,True,Aka University City,1,2,+1 215-372-9000,324,3,"Cira Centre South, 2929 Walnut Street"
1322,2019-03-02,Portland,True,Aloft Portland Airport At Cascade Station,2,1,+1 503-200-5678,84,3,9920 Northeast Cascades Parkway
1323,,London,False,45 Park Lane,,2,+44 20 7493 4545,230,1,45 Park Lane
1324,,London,False,Abc Hyde Park Hotel,,2,+44 20 7706 4660,186,1,121 Sussex Gardens
1325,,London,False,Accommodation London Bridge,,3,+44 20 7403 4299,207,1,58 Great Dover Street
1326,,London,False,Ace Hotel London,,3,+44 20 7613 9800,264,1,100 Shoreditch High Street
1327,,London,False,Airways Hotel London Victoria,,3,+44 20 7834 0205,297,1,29-31 Saint George's Drive
1328,,London,False,Amba Hotel Charing Cross,,3,+44 871 376 9012,276,1,Strand
1329,,London,False,Amba Hotel Marble Arch,,3,+44 800 330 8523,288,1,Bryanston Street
1330,,London,False,Ambassadors Bloomsbury Hotel,,3,+44 20 7388 9930,396,1,12 Upper Woburn Place
1331,2019-03-04,London,False,Abc Hyde Park Hotel,1,2,+44 20 7706 4660,186,1,121 Sussex Gardens
1332,,Paris,False,Ac Hotel By Marriott Paris Porte Maillot,,1,+33 1 84 82 49 09,80,1,"6 Rue Gustave Charpentier, 75017"
1333,,Paris,False,Amastan Paris,,1,+33 1 49 52 99 70,96,1,"34 Rue Jean Mermoz, 75008"
1334,,Paris,False,Aparthotel Adagio Access Paris La Villette,,3,+33 1 44 72 42 00,315,1,"28bis Avenue Corentin Cariou, 75019"
1335,,Paris,False,Aparthotel Adagio Paris Montmartre,,1,+33 1 42 57 14 55,69,1,"10 Place Charles Dullin, 75018"
1336,,Paris,False,Austin'S Saint Lazare HoTel,,3,+33 1 48 74 48 71,297,1,"26 Rue d'Amsterdam, 75009"
1337,,Paris,False,Avalon Hotel Paris Gare Du Nord,,2,+33 1 42 85 50 00,216,1,"131 Boulevard de Magenta, 75010"
1338,,Paris,False,Best Western Bretagne Montparnasse,,3,+33 1 45 38 52 59,360,1,"33 Rue Raymond Losserand, 75014"
1339,,Paris,False,Bob Hotel By Elegancia,,3,+33 1 40 43 02 33,264,1,"30 Rue Pernety, 75014"
1340,,Paris,False,Brach Paris,,3,+33 1 44 30 10 00,465,1,"1-7 Rue Jean Richepin, 75016"
1341,2019-03-03,Paris,False,Ac Hotel By Marriott Paris Porte Maillot,2,1,+33 1 84 82 49 09,108,1,"6 Rue Gustave Charpentier, 75017"
1342,,Fresno,True,Doubletree By Hilton Hotel Fresno Convention Center,,1,+1 559-268-1000,222,3,2233 Ventura Street
1343,,Fresno,True,La Quinta Inn By Wyndham Fresno Yosemite,,1,+1 559-442-1110,104,2,2926 Tulare Street
1344,,Fresno,True,Piccadilly Inn Airport,,1,+1 559-375-7760,297,3,5115 East McKinley Avenue
1345,2019-03-02,Fresno,True,Piccadilly Inn Airport,2,1,+1 559-375-7760,210,3,5115 East McKinley Avenue
1346,2019-03-01,Fresno,True,Doubletree By Hilton Hotel Fresno Convention Center,2,1,+1 559-268-1000,261,3,2233 Ventura Street
1347,2019-03-01,Kuala Lumpur,False,Alila Bangsar,1,1,+60 3-2268 3888,180,5,"East Side, 58, Jalan Ang Seng, Brickfields, 50470"
1348,,Vancouver,False,Georgian Court Hotel,,3,+1 800-663-1155,360,4,773 Beatty Street
1349,,Vancouver,False,Hotel Blu Vancouver,,2,+1 604-620-6200,304,4,177 Robson Street
1350,,Vancouver,False,L'Hermitage Vancouver,,3,+1 888-855-1050,468,4,788 Richards Street
1351,,Vancouver,False,Loden Hotel,,2,+1 604-669-5060,248,4,1177 Melville Street
1352,,Vancouver,False,Pinnacle Hotel Harbourfront,,1,+1 604-689-9211,124,4,1133 West Hastings Street
1353,,Vancouver,False,"Shangri-La Hotel, Vancouver",,1,+1 604-689-1120,100,4,1128 West Georgia Street
1354,2019-03-04,Vancouver,False,Auberge Vancouver Hotel,4,1,+1 604-678-8899,312,4,837 West Hastings Street
1355,,Vancouver,False,Atrium Inn Vancouver,,1,+1 604-254-1000,204,3,2889 East Hastings Street
1356,,Vancouver,False,Auberge Vancouver Hotel,,1,+1 604-678-8899,312,3,837 West Hastings Street
1357,,Vancouver,False,Best Western Plus Sands,,1,+1 604-682-1831,234,3,1755 Davie Street
1358,,Vancouver,False,Blue Horizon Hotel,,1,+1 604-688-1411,162,3,1225 Robson Street
1359,,Vancouver,False,Coast Coal Harbour Vancouver Hotel By Apa,,1,+1 604-697-0202,264,3,1180 West Hastings Street
1360,,Vancouver,False,Coast Vancouver Airport Hotel,,1,+1 604-263-1555,288,3,1041 Southwest Marine Drive
1361,,Vancouver,False,Days Inn By Wyndham Vancouver Downtown,,1,+1 604-681-4335,207,3,921 West Pender Street
1362,,Vancouver,False,Delta Hotels By Marriott Vancouver Downtown Suites,,1,+1 844-254-5048,304,3,550 West Hastings Street
1363,,Vancouver,False,Exchange Hotel Vancouver,,1,+1 604-563-4693,144,3,475 Howe Street
1364,2019-03-01,Vancouver,False,Atrium Inn Vancouver,3,1,+1 604-254-1000,222,3,2889 East Hastings Street
1365,2019-03-01,Delhi,False,Andaz Delhi - A Concept By Hyatt,1,1,+91 11 4903 1234,345,5,"Asset, Street Number 1, New Delhi"
1366,2019-03-02,San Francisco,True,Beck'S Motor Lodge,4,1,+1 415-621-8212,80,2,2222 Market Street
1367,,Philadelphia,True,Aka University City,,3,+1 215-372-9000,261,1,"Cira Centre South, 2929 Walnut Street"
1368,,Philadelphia,True,Aloft Philadelphia Airport,,3,+1 267-298-1700,270,1,4301 Island Avenue
1369,,Philadelphia,True,Aloft Philadelphia Downtown,,3,+1 215-607-2020,333,1,101 North Broad Street
1370,,Philadelphia,True,Best Western Plus Philadelphia Convention Center Hotel,,2,+1 215-398-3080,192,1,1225 Vine Street
1371,,Philadelphia,True,"Club Quarters Hotel, Philadelphia",,1,+1 215-282-5000,105,1,1628 Chestnut Street
1372,,Philadelphia,True,Courtyard By Marriott Philadelphia City Avenue,,2,+1 215-477-0200,150,1,4100 Presidential Boulevard
1373,,Philadelphia,True,Courtyard By Marriott Philadelphia South At The Navy Yard,,2,+1 215-644-9200,168,1,1001 Intrepid Avenue
1374,,Philadelphia,True,Doubletree By Hilton Hotel Philadelphia Airport,,3,+1 215-365-4150,252,1,4509 Island Avenue
1375,,Philadelphia,True,Embassy Suites By Hilton Philadelphia Airport,,1,+1 215-365-4500,111,1,9000 Bartram Avenue
1376,,Philadelphia,True,Fairfield Inn & Suites By Marriott Philadelphia Downtown/Center City,,1,+1 800-228-2800,52,1,261 South 13th Street
1377,2019-03-02,Philadelphia,True,Aka University City,1,1,+1 215-372-9000,66,1,"Cira Centre South, 2929 Walnut Street"
1378,2019-03-04,San Diego,True,Bahia Resort Hotel,2,1,+1 858-539-8666,63,3,998 West Mission Bay Drive
1379,,Sacramento,True,Courtyard By Marriott Sacramento Midtown,,1,+1 916-455-6800,156,3,4422 Y Street
1380,,Sacramento,True,Embassy Suites By Hilton Sacramento Riverfront Promenade,,1,+1 916-326-5000,306,3,100 Capitol Mall
1381,,Sacramento,True,Hilton Garden Inn Sacramento/South Natomas,,1,+1 916-568-5400,180,3,2540 Venture Oaks Way
1382,,Sacramento,True,Holiday Inn Express Sacramento Convention Center,,1,+1 916-444-4436,279,3,728 16th Street
1383,,Sacramento,True,Holiday Inn Sacramento Downtown - Arena,,1,+1 916-446-0100,180,3,300 J Street
1384,,Sacramento,True,Homewood Suites By Hilton Sacramento Airport-Natomas,,1,+1 916-263-9510,216,3,3001 Advantage Way
1385,,Sacramento,True,Hyatt Regency Sacramento,,1,+1 916-443-1234,160,3,1209 L Street
1386,2019-03-02,Sacramento,True,Courtyard By Marriott Sacramento Midtown,4,1,+1 916-455-6800,234,3,4422 Y Street
1387,2019-03-09,London,False,Abercorn House,1,1,+44 20 8563 8692,84,1,28-30 Bute Gardens
1388,2019-03-04,Long Beach,True,Courtyard By Marriott Long Beach Airport,3,1,+1 562-429-5803,114,2,3841 North Lakewood Boulevard
1389,,Portland,True,Aloft Portland Airport At Cascade Station,,1,+1 503-200-5678,114,1,9920 Northeast Cascades Parkway
1390,,Portland,True,Best Western Plus Portland Airport Hotel & Suites,,2,+1 503-251-9991,88,1,11938 Northeast Airport Way
1391,,Portland,True,Canopy By Hilton Portland Pearl District,,1,+1 971-351-0230,84,1,425 Northwest 9th Avenue
1392,,Portland,True,Comfort Inn & Suites Portland Airport,,3,+1 503-252-6397,216,1,5019 Northeast 102nd Avenue
1393,,Portland,True,"Country Inn & Suites By Radisson, Portland International Airport, Or",,1,+1 503-255-2700,78,1,7025 Northeast Alderwood Road
1394,,Portland,True,Courtyard By Marriott Portland Airport,,3,+1 503-252-3200,243,1,11550 Northeast Airport Way
1395,,Portland,True,Courtyard By Marriott Portland City Center,,3,+1 503-505-5000,216,1,550 Southwest Oak Street
1396,,Portland,True,Courtyard By Marriott Portland Downtown/Convention Center,,2,+1 503-234-3200,126,1,435 Northeast Wasco Street
1397,,Portland,True,Crowne Plaza Portland-Downtown Conv Ctr,,3,+1 503-233-2401,342,1,1441 Northeast 2nd Avenue
1398,,Portland,True,Dossier,,3,+1 877-628-4408,276,1,750 Southwest Alder Street
1399,2019-03-08,Portland,True,Canopy By Hilton Portland Pearl District,2,1,+1 971-351-0230,168,1,425 Northwest 9th Avenue
1400,2019-03-01,Seattle,True,Belltown Inn,1,1,+1 866-525-4704,68,2,2301 3rd Avenue
1401,2019-03-01,Portland,True,Canopy By Hilton Portland Pearl District,4,1,+1 971-351-0230,84,4,425 Northwest 9th Avenue
1402,2019-03-01,London,False,45 Park Lane,3,1,+44 20 7493 4545,480,5,45 Park Lane
1403,2019-03-07,Sacramento,True,Doubletree By Hilton Hotel Sacramento,1,2,+1 916-929-8855,207,3,2001 Point West Way
1404,2019-03-08,Paris,False,Ac Hotel By Marriott Paris Porte Maillot,2,1,+33 1 84 82 49 09,128,4,"6 Rue Gustave Charpentier, 75017"
1405,,Anaheim,True,Ayres Hotel Anaheim,,1,+1 714-634-2106,342,3,2550 East Katella Avenue
1406,,Anaheim,True,Best Western Plus Anaheim Inn,,1,+1 714-774-1050,138,3,1630 South Harbor Boulevard
1407,,Anaheim,True,Best Western Plus Park Place Inn - Mini Suites,,1,+1 714-776-4800,333,3,1544 South Harbor Boulevard
1408,,Anaheim,True,Camelot Inn & Suites,,1,+1 714-635-7275,75,3,1520 South Harbor Boulevard
1409,,Anaheim,True,Candlewood Suites Anaheim - Resort Area,,1,+1 714-635-5555,174,3,1733 South Anaheim Boulevard
1410,,Anaheim,True,Clarion Hotel Anaheim Resort,,1,+1 714-750-3131,114,3,616 Convention Way
1411,,Anaheim,True,Clementine Hotel & Suites Anaheim,,1,+1 714-533-3555,315,3,1700 South Clementine Street
1412,2019-03-02,Anaheim,True,Ayres Hotel Anaheim,1,1,+1 714-634-2106,234,3,2550 East Katella Avenue
1413,,Paris,False,Ac Hotel By Marriott Paris Porte Maillot,,1,+33 1 84 82 49 09,80,2,"6 Rue Gustave Charpentier, 75017"
1414,,Paris,False,Amastan Paris,,1,+33 1 49 52 99 70,96,2,"34 Rue Jean Mermoz, 75008"
1415,,Paris,False,Aparthotel Adagio Access Paris La Villette,,3,+33 1 44 72 42 00,315,2,"28bis Avenue Corentin Cariou, 75019"
1416,,Paris,False,Aparthotel Adagio Paris Montmartre,,1,+33 1 42 57 14 55,69,2,"10 Place Charles Dullin, 75018"
1417,,Paris,False,Austin'S Saint Lazare HoTel,,3,+33 1 48 74 48 71,297,2,"26 Rue d'Amsterdam, 75009"
1418,,Paris,False,Best Western Bretagne Montparnasse,,3,+33 1 45 38 52 59,360,2,"33 Rue Raymond Losserand, 75014"
1419,,Paris,False,Bob Hotel By Elegancia,,3,+33 1 40 43 02 33,264,2,"30 Rue Pernety, 75014"
1420,,Paris,False,Brach Paris,,3,+33 1 44 30 10 00,465,2,"1-7 Rue Jean Richepin, 75016"
1421,2019-03-02,Paris,False,Ac Hotel By Marriott Paris Porte Maillot,1,1,+33 1 84 82 49 09,396,2,"6 Rue Gustave Charpentier, 75017"
1422,2019-03-02,San Francisco,True,Amsterdam Hostel San Francisco,2,2,+1 415-673-3277,69,1,749 Taylor Street
1423,2019-03-08,Las Vegas,True,Best Western Plus Las Vegas West,1,1,+1 702-256-3766,234,3,8669 West Sahara Avenue
1424,2019-03-08,San Francisco,True,Amsterdam Hostel San Francisco,2,1,+1 415-673-3277,40,1,749 Taylor Street
1425,2019-03-01,Paris,False,Amastan Paris,1,1,+33 1 49 52 99 70,372,1,"34 Rue Jean Mermoz, 75008"
1426,2019-03-01,Fresno,True,Doubletree By Hilton Hotel Fresno Convention Center,3,1,+1 559-268-1000,261,3,2233 Ventura Street
1427,,San Diego,True,Bahia Resort Hotel,,3,+1 858-539-8666,324,3,998 West Mission Bay Drive
1428,,San Diego,True,Best Western Mission Bay,,3,+1 619-275-5700,192,2,2575 Clairemont Drive
1429,,San Diego,True,Best Western Plus Hacienda Hotel Old Town,,3,+1 619-298-4707,234,3,4041 Harney Street
1430,,San Diego,True,Best Western Plus Island Palms Hotel & Marina,,3,+1 619-222-0561,243,3,2051 Shelter Island Drive
1431,,San Diego,True,Best Western San Diego/Miramar Hotel,,3,+1 858-578-6600,186,2,9310 Kearny Mesa Road
1432,,San Diego,True,Best Western Seven Seas,,3,+1 619-291-1300,351,3,411 Hotel Circle South
1433,2019-03-03,San Diego,True,Best Western Mission Bay,2,3,+1 619-275-5700,216,2,2575 Clairemont Drive
1434,2019-03-02,Paris,False,Amastan Paris,2,1,+33 1 49 52 99 70,144,4,"34 Rue Jean Mermoz, 75008"
1435,,Paris,False,Ac Hotel By Marriott Paris Porte Maillot,,1,+33 1 84 82 49 09,80,3,"6 Rue Gustave Charpentier, 75017"
1436,,Paris,False,Amastan Paris,,1,+33 1 49 52 99 70,96,3,"34 Rue Jean Mermoz, 75008"
1437,,Paris,False,Aparthotel Adagio Access Paris La Villette,,1,+33 1 44 72 42 00,315,3,"28bis Avenue Corentin Cariou, 75019"
1438,,Paris,False,Austin'S Saint Lazare HoTel,,1,+33 1 48 74 48 71,297,3,"26 Rue d'Amsterdam, 75009"
1439,,Paris,False,Avalon Hotel Paris Gare Du Nord,,1,+33 1 42 85 50 00,216,3,"131 Boulevard de Magenta, 75010"
1440,,Paris,False,Best Western Bretagne Montparnasse,,1,+33 1 45 38 52 59,360,3,"33 Rue Raymond Losserand, 75014"
1441,,Paris,False,Bob Hotel By Elegancia,,1,+33 1 40 43 02 33,264,3,"30 Rue Pernety, 75014"
1442,,Paris,False,Brach Paris,,1,+33 1 44 30 10 00,465,3,"1-7 Rue Jean Richepin, 75016"
1443,,Paris,False,Buddha-Bar Hotel Paris,,1,+33 1 83 96 88 88,170,3,"4 Rue d'Anjou, 75008"
1444,2019-03-02,Paris,False,Amastan Paris,2,1,+33 1 49 52 99 70,144,3,"34 Rue Jean Mermoz, 75008"
1445,2019-03-01,Paris,False,Aparthotel Adagio Access Paris La Villette,1,1,+33 1 44 72 42 00,105,2,"28bis Avenue Corentin Cariou, 75019"
1446,2019-03-05,Portland,True,Best Western Plus Portland Airport Hotel & Suites,4,1,+1 503-251-9991,64,2,11938 Northeast Airport Way
1447,,San Francisco,True,Argonaut Hotel,,1,+1 415-563-0800,264,3,495 Jefferson Street
1448,,San Francisco,True,Bei Hotel San Francisco,,1,+1 415-626-6103,156,3,50 8th Street
1449,,San Francisco,True,Chancellor Hotel On Union Square,,1,+1 415-362-2004,315,3,433 Powell Street
1450,,San Francisco,True,Cornell Hotel De France,,1,+1 415-421-3154,324,3,715 Bush Street
1451,,San Francisco,True,Courtyard By Marriott San Francisco Downtown,,1,+1 415-947-0700,126,3,299 2nd Street
1452,,San Francisco,True,Courtyard By Marriott San Francisco Union Square,,1,+1 415-346-3800,210,3,761 Post Street
1453,,San Francisco,True,Cova Hotel,,1,+1 415-771-3000,204,3,655 Ellis Street
1454,,San Francisco,True,Executive Hotel Vintage Court San Francisco,,1,+1 800-654-1100,93,3,650 Bush Street
1455,,San Francisco,True,Hampton Inn San Francisco Downtown/Convention Center,,1,+1 415-546-3110,180,3,942 Mission Street
1456,2019-03-02,San Francisco,True,Argonaut Hotel,3,1,+1 415-563-0800,84,3,495 Jefferson Street
1457,2019-03-08,Toronto,False,Best Western Plus Toronto North York Hotel & Suites,4,1,+1 416-663-9500,279,3,50 Norfinch Drive
1458,2019-03-01,Paris,False,Ac Hotel By Marriott Paris Porte Maillot,3,2,+33 1 84 82 49 09,432,2,"6 Rue Gustave Charpentier, 75017"
1459,,Nairobi,False,Azure Hotel Nairobi Westlands,,2,+254 709 716000,200,2,Lantana Road
1460,,Nairobi,False,Crowne Plaza Nairobi,,2,+254 719 096000,408,2,"Kenya Road, Upper Hill"
1461,,Nairobi,False,Crowne Plaza Nairobi Airport,,2,+254 709 222444,396,2,First Freight Lane Jomo Kenyatta International Airport
1462,,Nairobi,False,Doubletree By Hilton Nairobi Hurlingham,,2,+254 709 090000,300,2,Ngong Lane Ngong Road
1463,,Nairobi,False,Dusitd2 Nairobi,,2,+254 787 657000,300,2,14 Riverside Westlands
1464,,Nairobi,False,Eka Hotel Nairobi,,2,+254 719 045000,240,2,"Eka Hotel, Along Mombasa Road"
1465,,Nairobi,False,Four Points By Sheraton Nairobi Airport,,2,+254 709 760000,324,2,9042/1044 Tower Avenue Jomo Kenyatta Intl Airport
1466,,Nairobi,False,Hemingways Nairobi,,2,+254 711 032000,200,2,Mbagathi Ridge
1467,,Nairobi,False,Hilton Garden Inn Nairobi Airport,,2,+254 20 4075000,224,2,Jomo Kenyatta International Airport Mombasa Road
1468,,Nairobi,False,Ibis Styles Hotel Westlands Nairobi,,2,+254 20 7757000,189,2,"Ibis Styles Hotel Westlands, Kenya"
1469,2019-03-02,Nairobi,False,Azure Hotel Nairobi Westlands,1,2,+254 709 716000,200,2,Lantana Road
1470,2019-03-08,New York,True,11 Howard,2,1,+1 212-235-1111,174,3,11 Howard Street
1471,2019-03-01,San Francisco,True,Argonaut Hotel,4,2,+1 415-563-0800,216,4,495 Jefferson Street
1472,,Phoenix,True,Arizona Grand Resort & Spa,,1,+1 602-426-2638,264,4,8000 Arizona Grand Parkway
1473,,Phoenix,True,Cambria Hotel North Scottsdale Desert Ridge,,1,+1 480-585-6644,228,3,4425 E Irma Ln&nbsp
1474,,Phoenix,True,Crowne Plaza Phoenix Airport,,1,+1 602-273-7778,351,3,4300 East Washington Street
1475,,Phoenix,True,Drury Inn & Suites Phoenix Airport,,1,+1 602-437-8400,174,3,3333 East University Drive
1476,,Phoenix,True,Aloft Phoenix-Airport,,2,+1 602-275-6300,216,3,4450 East Washington Street
1477,,Phoenix,True,Comfort Suites Phoenix North,,2,+1 602-861-3900,100,2,10210 North 26th Drive
1478,,Phoenix,True,Courtyard By Marriott Phoenix Downtown,,2,+1 602-603-2001,228,3,132 South Central Avenue
1479,,Phoenix,True,Crowne Plaza Phoenix Airport,,2,+1 602-273-7778,351,3,4300 East Washington Street
1480,,Phoenix,True,Days Inn By Wyndham Airport - Phoenix,,2,+1 800-615-3107,136,2,2900 East Van Buren Street
1481,,Phoenix,True,Doubletree Suites By Hilton Hotel Phoenix,,2,+1 602-225-0500,192,3,320 North 44th Street
1482,,Phoenix,True,Drury Inn & Suites Phoenix Happy Valley,,2,+1 623-879-8800,186,3,2335 West Pinnacle Peak Road
1483,2019-03-05,Phoenix,True,Cambria Hotel North Scottsdale Desert Ridge,3,2,+1 480-585-6644,174,3,4425 E Irma Ln&nbsp
1484,2019-03-04,Paris,False,Aparthotel Adagio Access Paris La Villette,4,1,+33 1 44 72 42 00,234,3,"28bis Avenue Corentin Cariou, 75019"
1485,2019-03-02,New York,True,1 Hotel Brooklyn Bridge,1,1,+1 833-625-6111,240,4,"60 Furman Street, Brooklyn"
1486,,Vancouver,False,Auberge Vancouver Hotel,,3,+1 604-678-8899,312,3,837 West Hastings Street
1487,,Vancouver,False,Coast Coal Harbour Vancouver Hotel By Apa,,3,+1 604-697-0202,264,3,1180 West Hastings Street
1488,,Vancouver,False,Delta Hotels By Marriott Vancouver Downtown Suites,,2,+1 844-254-5048,304,3,550 West Hastings Street
1489,,Vancouver,False,Auberge Vancouver Hotel,,2,+1 604-678-8899,312,3,837 West Hastings Street
1490,,Vancouver,False,Best Western Plus Chateau Granville Hotel & Suites & Conference Ctr.,,2,+1 604-669-7070,168,3,1100 Granville Street
1491,,Vancouver,False,Coast Coal Harbour Vancouver Hotel By Apa,,2,+1 604-697-0202,264,3,1180 West Hastings Street
1492,,Vancouver,False,Coast Vancouver Airport Hotel,,2,+1 604-263-1555,288,3,1041 Southwest Marine Drive
1493,,Vancouver,False,Days Inn By Wyndham Vancouver Downtown,,2,+1 604-681-4335,207,3,921 West Pender Street
1494,,Vancouver,False,Exchange Hotel Vancouver,,2,+1 604-563-4693,384,3,475 Howe Street
1495,2019-03-01,Vancouver,False,Auberge Vancouver Hotel,3,2,+1 604-678-8899,408,3,837 West Hastings Street
1496,,Fresno,True,Radisson Hotel Fresno Conference Center,,1,+1 559-233-6650,120,3,1055 Van Ness Avenue
1497,,Fresno,True,Springhill Suites By Marriott Fresno,,1,+1 888-287-9400,207,3,6844 North Fresno Street
1498,2019-03-06,Toronto,False,Best Western Plus Toronto North York Hotel & Suites,3,1,+1 416-663-9500,216,3,50 Norfinch Drive
1499,,Vancouver,False,Atrium Inn Vancouver,,3,+1 604-254-1000,342,2,2889 East Hastings Street
1500,,Vancouver,False,Best Western Plus Chateau Granville Hotel & Suites & Conference Ctr.,,3,+1 604-669-7070,243,2,1100 Granville Street
1501,,Vancouver,False,Best Western Plus Sands,,3,+1 604-682-1831,198,2,1755 Davie Street
1502,,Vancouver,False,Blue Horizon Hotel,,3,+1 604-688-1411,234,2,1225 Robson Street
1503,,Vancouver,False,Delta Hotels By Marriott Vancouver Downtown Suites,,3,+1 844-254-5048,264,2,550 West Hastings Street
1504,,Vancouver,False,Exchange Hotel Vancouver,,3,+1 604-563-4693,384,2,475 Howe Street
1505,2019-03-01,Vancouver,False,Atrium Inn Vancouver,1,3,+1 604-254-1000,243,2,2889 East Hastings Street
1506,,Paris,False,Best Western Bretagne Montparnasse,,3,+33 1 45 38 52 59,360,3,"33 Rue Raymond Losserand, 75014"
1507,,Paris,False,Bob Hotel By Elegancia,,3,+33 1 40 43 02 33,264,3,"30 Rue Pernety, 75014"
1508,,Paris,False,Brach Paris,,3,+33 1 44 30 10 00,465,3,"1-7 Rue Jean Richepin, 75016"
1509,2019-03-07,Paris,False,Ac Hotel By Marriott Paris Porte Maillot,4,1,+33 1 84 82 49 09,84,3,"6 Rue Gustave Charpentier, 75017"
1510,,Paris,False,Best Western Bretagne Montparnasse,,1,+33 1 45 38 52 59,360,4,"33 Rue Raymond Losserand, 75014"
1511,,Paris,False,Bob Hotel By Elegancia,,1,+33 1 40 43 02 33,264,4,"30 Rue Pernety, 75014"
1512,,Paris,False,Brach Paris,,1,+33 1 44 30 10 00,465,5,"1-7 Rue Jean Richepin, 75016"
1513,2019-03-02,Paris,False,Ac Hotel By Marriott Paris Porte Maillot,3,1,+33 1 84 82 49 09,168,4,"6 Rue Gustave Charpentier, 75017"
1514,,Atlanta,True,Ac Hotel By Marriott Atlanta Downtown,,1,+1 404-524-5555,192,3,101 Andrew Young International Boulevard Northwest
1515,,Atlanta,True,Atlanta Marriott Suites Midtown,,1,+1 404-876-8888,210,3,35 14th Street Northeast
1516,,Atlanta,True,Barclay Hotel Atlanta Downtown,,1,+1 404-524-7991,126,2,89 Luckie Street Northwest
1517,,Atlanta,True,Canopy By Hilton Atlanta Midtown,,1,+1 404-685-1677,280,4,1414 West Peachtree Street Northwest
1518,,Atlanta,True,Clarion Inn & Suites Atlanta Downtown,,1,+1 404-893-4663,112,2,186 Northside Drive Southwest
1519,,Atlanta,True,"Country Inn & Suites By Radisson, Atlanta Downtown South At Turner Field, Ga",,1,+1 404-658-1961,261,3,759 Pollard Boulevard Southwest
1520,,Atlanta,True,Courtyard By Marriott Atlanta Buckhead,,1,+1 404-869-0818,225,3,3332 Peachtree Road Northeast
1521,,Atlanta,True,Crowne Plaza Atlanta - Midtown,,1,+1 404-877-9000,150,3,590 West Peachtree Street Northwest
1522,2019-03-09,Atlanta,True,Ac Hotel By Marriott Atlanta Buckhead At Phipps Plaza,4,1,+1 470-231-3030,360,4,3600 Wieuca Road Northeast
1523,,Atlanta,True,Ac Hotel By Marriott Atlanta Buckhead At Phipps Plaza,,1,+1 470-231-3030,108,3,3600 Wieuca Road Northeast
1524,,Atlanta,True,Canopy By Hilton Atlanta Midtown,,2,+1 404-685-1677,280,3,1414 West Peachtree Street Northwest
1525,,Atlanta,True,Embassy Suites By Hilton Atlanta At Centennial Olympic Park,,1,+1 404-223-2300,93,3,267 Marietta Street NorthWest
1526,2019-03-06,Atlanta,True,Ac Hotel By Marriott Atlanta Downtown,1,1,+1 404-524-5555,243,3,101 Andrew Young International Boulevard Northwest
1527,,Las Vegas,True,Best Western Plus Las Vegas West,,1,+1 702-256-3766,174,3,8669 West Sahara Avenue
1528,,Las Vegas,True,Budget Suites Of America,,1,+1 702-638-1800,105,1,2219 North Rancho Drive
1529,,Las Vegas,True,Hampton Inn Las Vegas/Summerlin,,1,+1 702-360-5700,192,3,7100 Cascade Valley Court
1530,,Las Vegas,True,La Quinta Inn & Suites By Wyndham Las Vegas Summerlin Tech,,1,+1 702-360-1200,138,2,7101 Cascade Valley Court
1531,,Las Vegas,True,Best Western Plus Las Vegas West,,1,+1 702-256-3766,174,1,8669 West Sahara Avenue
1532,,Las Vegas,True,Hampton Inn Las Vegas/Summerlin,,1,+1 702-360-5700,192,1,7100 Cascade Valley Court
1533,,Las Vegas,True,La Quinta Inn & Suites By Wyndham Las Vegas Summerlin Tech,,1,+1 702-360-1200,138,1,7101 Cascade Valley Court
1534,2019-03-01,Las Vegas,True,Hampton Inn Las Vegas/Summerlin,2,1,+1 702-360-5700,120,1,7100 Cascade Valley Court
1535,2019-03-05,Philadelphia,True,Aka University City,1,1,+1 215-372-9000,234,3,"Cira Centre South, 2929 Walnut Street"
1536,2019-03-02,Philadelphia,True,Aka University City,2,1,+1 215-372-9000,66,3,"Cira Centre South, 2929 Walnut Street"
1537,2019-03-02,London,False,Doubletree By Hilton Hotel London - Ealing,1,1,+44 20 8896 8400,248,4,2-8 Hanger Lane
1538,2019-03-04,Vancouver,False,Gec Granville Suites Hotel,3,1,+1 604-669-9888,96,3,718 Drake Street
1539,2019-03-08,London,False,Travelodge London Cricklewood,4,1,+44 871 984 6496,78,2,Cricklewood Broadway
1540,2019-03-06,New York,True,Hotel 32 32,3,1,+1 646-692-3760,296,4,32 East 32nd Street
1541,2019-03-08,London,False,Point A Hotel London - Kings Cross St Pancras,1,1,+44 20 7713 0428,108,3,324 Grays Inn Road
1542,2019-03-05,Atlanta,True,"The Whitley, A Luxury Collection Hotel, Atlanta Buckhead",3,1,+1 404-237-2700,360,5,3434 Peachtree Road Northeast
1543,2019-03-04,London,False,Euston Square Hotel,1,3,+44 20 7388 0099,207,3,"Euston Square Hotel, 152-156 North Gower Street, London. NW1 2LU North Gower Street"
1544,2019-03-02,New York,True,Night Theater District,3,1,+1 212-835-9600,336,4,132 West 45th Street
1545,2019-03-01,London,False,Hotel Indigo London - Kensington,2,1,+44 20 7373 7851,148,4,34 - 44 Barkston Gardens
1546,2019-03-10,Paris,False,Hotel Du Printemps Paris,1,1,+33 1 43 43 62 31,74,2,"80 Boulevard de Picpus, 75012"
1547,2019-03-09,Kuala Lumpur,False,Hilton Garden Inn Kuala Lumpur Jalan Tuanku Abdul Rahman North,1,1,+60 3-2778 8888,204,3,"449, Jalan Tuanku Abdul Rahman, Chow Kit, 50100"
1548,2019-03-05,London,False,The Chamberlain Hotel,4,3,+44 20 7680 1500,372,4,132-135 Minories
1549,2019-03-06,Los Angeles,True,Usa Hostels Hollywood,2,1,+1 323-462-3777,128,2,1624 Schrader Boulevard
1550,2019-03-01,Portland,True,Red Lion Hotel On The River Jantzen Beach,2,1,+1 503-283-4466,114,3,909 North Hayden Island Drive
1551,2019-03-06,San Diego,True,Doubletree By Hilton Hotel San Diego - Del Mar,3,1,+1 858-481-5900,228,3,11915 El Camino Real
1552,2019-03-05,New York,True,Hampton Inn Ny-Jfk,3,1,+1 718-322-7500,198,3,"144-10 135th Avenue, Jamaica"
1553,2019-03-06,London,False,The Kensington Hotel,1,1,+44 20 7589 6300,468,4,"The Kensington Hotel, 109 - 113 Queen's Gate"
1554,2019-03-07,New York,True,Holiday Inn Laguardia Airport,3,1,+1 718-651-2100,111,3,"37-10 114th Street, Corona"
1555,2019-03-02,London,False,The Ampersand Hotel,2,1,+44 20 7589 5895,360,5,10 Harrington Road
1556,2019-03-05,Sydney,False,Vibe Hotel North Sydney,2,1,+61 2 9955 1111,144,3,"171 Pacific Highway, North"
1557,2019-03-05,London,False,Citadines Barbican London (Apart Hotel London),4,1,+44 20 7566 8000,204,3,7-21 Goswell Road
1558,2019-03-01,New York,True,Courtyard By Marriott New York Manhattan/Times Square West,1,1,+1 212-912-0009,96,3,307 West 37th Street
1559,2019-03-03,Paris,False,Hotel Mercure Paris Place D'Italie,1,2,+33 1 45 80 82 23,80,2,"25 Boulevard Auguste Blanqui, 75013"
1560,2019-03-12,London,False,Hilton London Olympia,1,1,+44 20 7603 3333,176,4,380 Kensington High Street
1561,2019-03-07,London,False,Travelodge London Central Southwark,4,1,+44 871 984 6352,105,3,"202-206 Union Street, Southwark"
1562,2019-03-06,San Francisco,True,Kimpton Buchanan Hotel,2,1,+1 888-822-8666,234,3,1800 Sutter Street
1563,2019-03-02,New York,True,The Belnord Hotel,1,2,+1 212-873-5222,88,2,209 West 87th Street
1564,2019-03-04,New York,True,Aloft New York Brooklyn,4,1,+1 718-256-3833,63,3,"216 Duffield Street, Brooklyn"
1565,2019-03-05,Los Angeles,True,Warner Center Marriott Woodland Hills,2,1,+1 818-887-4800,120,3,"21850 West Oxnard Street, Woodland Hills, CA 91367, USA"
1566,2019-03-08,New York,True,Moxy Nyc Times Square,3,1,+1 212-967-6699,108,3,485 7th Avenue
1567,2019-03-02,New York,True,The Allen Hotel,4,3,+1 212-965-8898,324,3,88 Allen Street
1568,2019-03-08,Kuala Lumpur,False,Nu Hotel,4,1,+60 3-2274 9000,40,2,"37, Jalan Thambipillay, Brickfields, 50470 Kuala Lumpur, Wilayah Persekutuan"
1569,2019-03-11,Toronto,False,Hotel Ocho,2,2,+1 416-593-0885,186,3,195 Spadina Avenue
1570,2019-03-02,Toronto,False,Town Inn Suites,1,1,+1 416-964-3311,96,3,620 Church Street
1571,2019-03-01,Phoenix,True,The Westin Phoenix Downtown,1,1,+1 602-429-3500,132,4,333 North Central Avenue
1572,2019-03-04,London,False,Abc Hyde Park Hotel,2,1,+44 20 7706 4660,186,3,121 Sussex Gardens
1573,2019-03-11,Los Angeles,True,Intercontinental Los Angeles Downtown,1,1,+1 213-688-7777,456,4,900 Wilshire Boulevard
1574,2019-03-06,London,False,Holiday Inn Express London - Swiss Cottage,1,2,+44 20 7433 6666,210,3,152-156 Finchley Road
1575,2019-03-09,Los Angeles,True,Best Western Plus San Pedro Hotel & Suites,2,1,+1 310-514-1414,60,3,"111 South Gaffey Street, San Pedro, California 90731, United States"
1576,2019-03-08,San Francisco,True,Parc 55 San Francisco - A Hilton Hotel,1,2,+1 415-392-8000,240,4,55 Cyril Magnin Street
1577,2019-03-09,New York,True,The Local Nyc,4,1,+1 347-738-5251,52,2,"1302 44th Avenue, Long Island City"
1578,2019-03-04,San Diego,True,Blue Sea Beach Hotel,2,1,+1 858-488-4700,96,3,707 Pacific Beach Drive
1579,2019-03-01,London,False,Me London,1,1,+44 20 7395 3400,160,5,Strand
1580,2019-03-06,Los Angeles,True,Inn At Venice Beach,2,1,+1 310-821-2557,84,3,"327 West Washington Boulevard, Venice, California 90291, United States"
1581,2019-03-07,Sydney,False,Qt Bondi,2,1,+61 2 8362 3900,128,4,"6 Beach Road, Bondi Beach New South Wales 2026, Australia"
1582,2019-03-02,London,False,Hotel Indigo London - Paddington,4,1,+44 20 7706 4444,432,4,12 to 20 London Street
1583,2019-03-06,Delhi,False,Andaz Delhi - A Concept By Hyatt,3,1,+91 11 4903 1234,320,5,"Asset, Street Number 1, New Delhi"
1584,2019-03-03,New York,True,Hyatt Place Long Island City/New York City,3,1,+1 929-208-3100,204,3,"27-03 43rd Avenue, Long Island City"
1585,2019-03-03,Phoenix,True,Embassy Suites By Hilton Phoenix Downtown North,2,1,+1 602-222-1111,96,3,10 East Thomas Road
1586,2019-03-08,Portland,True,Residence Inn By Marriott Portland Downtown/Pearl District,4,1,+1 503-220-1339,198,3,1150 Northwest 9th Avenue
1587,2019-03-05,New York,True,Adria Hotel & Conference Center,2,2,+1 718-631-5900,126,3,"221-17 Northern Boulevard, Bayside"
1588,2019-03-07,Paris,False,La Clef Louvre Paris,3,1,+33 1 55 35 28 00,310,5,"8 Rue de Richelieu, 75001"
1589,2019-03-08,Portland,True,Courtyard By Marriott Portland Airport,3,2,+1 503-252-3200,243,3,11550 Northeast Airport Way
1590,2019-03-02,San Diego,True,San Diego Marriott La Jolla,1,1,+1 858-587-1414,264,4,"4240 La Jolla Village Drive, La Jolla, California 92037, United States"
1591,2019-03-06,New York,True,The Kimberly Hotel,1,1,+1 800-683-0400,136,4,145 East 50th Street
1592,2019-03-11,New York,True,Seton Hotel,1,1,+1 866-697-3866,144,3,144 East 40th Street
1593,2019-03-07,Philadelphia,True,Sofitel Philadelphia At Rittenhouse Square,1,1,+1 215-569-8300,300,4,120 South 17th Street
1594,2019-03-06,San Francisco,True,Hotel Zeppelin San Francisco,1,3,+1 415-563-0303,336,4,545 Post Street
1595,2019-03-02,Seattle,True,Kimpton Hotel Monaco Seattle,1,1,+1 206-621-1770,208,4,1101 4th Avenue
1596,2019-03-01,Los Angeles,True,Doubletree By Hilton Hotel San Pedro - Port Of Los Angeles,2,1,+1 310-514-3344,84,3,"2800 Via Cabrillo-Marina, San Pedro, California 90731, United States"
1597,2019-03-06,Sydney,False,Mantra 2 Bond Street,3,1,+61 131517,360,4,"Mantra 2 Bond Street Cnr George Street &, Bond Street"
1598,2019-03-11,Atlanta,True,The American Hotel Atlanta Downtown - A Doubletree By Hilton,3,1,+1 404-688-8600,288,3,160 Ted Turner Drive Northwest
1599,2019-03-01,New York,True,Hyatt Place New York/Midtown -South,4,2,+1 212-239-9100,192,3,52 West 36th Street
1600,2019-03-06,New York,True,World Center Hotel,1,1,+1 212-577-2933,240,4,144 Washington Street
1601,2019-03-06,Portland,True,"Country Inn & Suites By Radisson, Portland International Airport, Or",1,1,+1 503-255-2700,78,3,7025 Northeast Alderwood Road
1602,2019-03-02,Delhi,False,"Vivanta New Delhi, Dwarka",3,2,+91 11 6600 3000,192,4,"Metro Station Road, Sector 21, New Delhi"
1603,2019-03-08,Toronto,False,Templar Hotel,2,1,+1 416-479-0847,108,3,348 Adelaide Street West
1604,2019-03-09,London,False,St Christopher'S Inn Village | Hostel In London Bridge,1,1,+44 20 7939 9710,102,1,165 Borough High Street
1605,2019-03-03,New York,True,Refinery Hotel,3,1,+1 646-664-0310,84,4,63 West 38th Street
1606,2019-03-02,Delhi,False,Holiday Inn New Delhi International Airport,1,1,+91 11 4222 2000,152,4,"Aerocity Access Road, Aerocity, Hospitality District, Asset Area 12, New Delhi"
1607,2019-03-02,London,False,Hotel Mercure London Paddington,3,1,+44 20 7706 8888,140,4,144 Praed Street
1608,2019-03-13,London,False,Point A Hotel London - Shoreditch,1,1,+44 20 7655 1720,243,3,8-10 Paul Street
1609,2019-03-03,New York,True,Days Inn By Wyndham Hotel New York City-Broadway,1,1,+1 800-615-3107,132,2,215 West 94th Street
1610,2019-03-05,Toronto,False,Hotel Carlingview Toronto Airport,1,1,+1 416-675-3303,297,3,"221 Carlingview Drive, Etobicoke, Ontario M9W 5E8, Canada"
1611,2019-03-01,London,False,Novotel London Canary Wharf,2,1,+44 20 3530 0500,296,4,40 Marsh Wall
1612,2019-03-05,Sydney,False,Oaks On Castlereagh,4,1,+61 1300 080 292,304,4,"317 Castlereagh Street, Haymarket New South Wales 2000, Australia"
1613,2019-03-08,Chicago,True,The Westin Chicago River North,1,2,+1 312-744-1900,396,4,320 North Dearborn Street
1614,2019-03-02,San Diego,True,Towneplace Suites By Marriott San Diego Downtown,3,1,+1 619-782-6400,81,3,1445 Sixth Avenue
1615,2019-03-01,London,False,Antoinette Hotel Wimbledon,1,1,+44 20 8543 4222,87,3,"The Broadway SW19 1SD, United Kingdom"
1616,2019-03-03,Seattle,True,Quality Inn & Suites Seattle Center,4,1,+1 206-728-7666,46,2,618 John Street
1617,2019-03-10,London,False,Doubletree By Hilton Hotel London - Westminster,4,1,+44 20 7630 1000,248,4,30 John Islip Street
1618,,Chicago,True,Ac Hotel By Marriott Chicago Downtown,,1,+1 312-981-6600,192,3,630 North Rush Street
1619,,Chicago,True,Ace Hotel Chicago,,1,+1 312-764-1919,216,3,311 North Morgan Street
1620,,Chicago,True,Acme Hotel Company Chicago,,1,+1 312-894-0800,207,3,15 East Ohio Street
1621,,Chicago,True,Ambassador Chicago,,1,+1 888-506-3471,372,3,1301 North State Parkway
1622,,Chicago,True,Best Western River North Hotel,,1,+1 312-467-0800,210,3,125 West Ohio Street
1623,,Chicago,True,Cambria Hotel Chicago Magnificent Mile,,1,+1 312-787-6000,160,3,166 East Superior Street
1624,,Chicago,True,Chicago Athletic Association,,1,+1 312-940-3552,372,3,12 South Michigan Avenue
1625,,Chicago,True,Chicago Lake Shore Hotel,,1,+1 773-288-5800,117,3,"3250, 4900B South Lake Shore Drive"
1626,,Los Angeles,True,Ac Hotel By Marriott Beverly Hills,,1,+1 323-852-7000,156,1,6399 Wilshire Boulevard
1627,,Los Angeles,True,Banana Bungalow - Hollywood Hostel,,1,+1 323-469-2500,40,1,"5920 Hollywood Boulevard, Hollywood, CA 90028, USA"
1628,,Los Angeles,True,Best Western Burbank Airport Inn,,1,+1 818-765-2900,261,1,"7615 Lankershim Boulevard, North Hollywood, California 91605, United States"
1629,,Los Angeles,True,Best Western Hollywood Plaza Inn,,1,+1 323-851-1800,168,1,"2011 North Highland Avenue, Hollywood, California 90068, United States"
1630,,Los Angeles,True,Best Western Plus Hollywood Hills Hotel,,1,+1 323-464-5181,156,1,"6141 Franklin Avenue, Hollywood, California 90028, United States"
1631,,Los Angeles,True,Best Western Plus San Pedro Hotel & Suites,,1,+1 310-514-1414,198,1,"111 South Gaffey Street, San Pedro, California 90731, United States"
1632,,Los Angeles,True,Beverly Hills Marriott,,1,+1 310-553-6561,384,1,1150 South Beverly Drive
1633,,San Francisco,True,Argonaut Hotel,,2,+1 415-563-0800,264,3,495 Jefferson Street
1634,,San Francisco,True,Courtyard By Marriott San Francisco Downtown,,2,+1 415-947-0700,126,3,299 2nd Street
1635,,San Francisco,True,Courtyard By Marriott San Francisco Union Square,,2,+1 415-346-3800,210,3,761 Post Street
1636,,San Francisco,True,Cova Hotel,,2,+1 415-771-3000,204,3,655 Ellis Street
1637,,San Francisco,True,Hampton Inn San Francisco Downtown/Convention Center,,3,+1 415-546-3110,180,3,942 Mission Street
1638,,San Francisco,True,Argonaut Hotel,,1,+1 415-563-0800,264,2,495 Jefferson Street
1639,,San Francisco,True,Bei Hotel San Francisco,,1,+1 415-626-6103,156,2,50 8th Street
1640,,San Francisco,True,Beresford Arms Hotel,,1,+1 415-673-2600,78,2,701 Post Street
1641,,San Francisco,True,Casa Loma Hotel,,1,+1 415-552-7100,132,2,610 Fillmore Street
1642,,San Francisco,True,Chancellor Hotel On Union Square,,1,+1 415-362-2004,315,2,433 Powell Street
1643,,San Francisco,True,Chelsea,,1,+1 415-563-5600,132,2,2095 Lombard Street
1644,,San Francisco,True,Cornell Hotel De France,,1,+1 415-421-3154,324,2,715 Bush Street
1645,,San Francisco,True,Courtyard By Marriott San Francisco Downtown,,1,+1 415-947-0700,126,2,299 2nd Street
1646,,Los Angeles,True,Airtel Plaza Hotel,,1,+1 800-224-7835,75,2,"7277 Valjean Avenue, Van Nuys, California 91406, United States"
1647,,Los Angeles,True,Best Western Burbank Airport Inn,,3,+1 818-765-2900,261,2,"7615 Lankershim Boulevard, North Hollywood, California 91605, United States"
1648,,Los Angeles,True,Best Western Plus San Pedro Hotel & Suites,,2,+1 310-514-1414,198,2,"111 South Gaffey Street, San Pedro, California 90731, United States"
1649,,Los Angeles,True,Beverly Hills Marriott,,3,+1 310-553-6561,384,2,1150 South Beverly Drive
1650,,Los Angeles,True,Beverly Laurel Motor Hotel,,3,+1 800-947-7666,204,2,8018 Beverly Boulevard
1651,,San Diego,True,Bahia Resort Hotel,,1,+1 858-539-8666,96,2,998 West Mission Bay Drive
1652,,San Diego,True,Best Western Plus Bayside Inn,,3,+1 619-233-7500,270,2,555 West Ash Street
1653,,San Diego,True,Blue Sea Beach Hotel,,3,+1 858-488-4700,180,2,707 Pacific Beach Drive
1654,,San Diego,True,Capri By The Sea By All Seasons Resort Lodging,,3,+1 858-483-6110,315,2,4767 Ocean Boulevard
1655,,Atlanta,True,Ac Hotel By Marriott Atlanta Buckhead At Phipps Plaza,,1,+1 470-231-3030,108,1,3600 Wieuca Road Northeast
1656,,Atlanta,True,Ac Hotel By Marriott Atlanta Downtown,,2,+1 404-524-5555,192,1,101 Andrew Young International Boulevard Northwest
1657,,Atlanta,True,Aloft Atlanta Downtown,,1,+1 678-515-0300,87,1,300 Ted Turner Drive Northwest
1658,,Atlanta,True,Atlanta Marriott Suites Midtown,,2,+1 404-876-8888,210,1,35 14th Street Northeast
1659,,Atlanta,True,Barclay Hotel Atlanta Downtown,,3,+1 404-524-7991,126,1,89 Luckie Street Northwest
1660,,Atlanta,True,Canopy By Hilton Atlanta Midtown,,2,+1 404-685-1677,280,1,1414 West Peachtree Street Northwest
1661,,Atlanta,True,Clarion Inn & Suites Atlanta Downtown,,2,+1 404-893-4663,112,1,186 Northside Drive Southwest
1662,,Atlanta,True,"Country Inn & Suites By Radisson, Atlanta Downtown South At Turner Field, Ga",,3,+1 404-658-1961,261,1,759 Pollard Boulevard Southwest
1663,,Atlanta,True,Courtyard By Marriott Atlanta Buckhead,,3,+1 404-869-0818,225,1,3332 Peachtree Road Northeast
1664,,Atlanta,True,Crowne Plaza Atlanta - Midtown,,2,+1 404-877-9000,150,1,590 West Peachtree Street Northwest
1665,,San Francisco,True,Argonaut Hotel,,2,+1 415-563-0800,264,1,495 Jefferson Street
1666,,San Francisco,True,Bei Hotel San Francisco,,2,+1 415-626-6103,156,1,50 8th Street
1667,,San Francisco,True,Casa Loma Hotel,,3,+1 415-552-7100,132,1,610 Fillmore Street
1668,,San Francisco,True,Chancellor Hotel On Union Square,,3,+1 415-362-2004,315,1,433 Powell Street
1669,,San Francisco,True,Chelsea,,2,+1 415-563-5600,132,1,2095 Lombard Street
1670,,San Francisco,True,Cornell Hotel De France,,3,+1 415-421-3154,324,1,715 Bush Street
1671,,New York,True,1 Hotel Central Park,,2,+1 212-703-2001,340,4,1414 6th Avenue
1672,,New York,True,Aliz Hotel Times Square,,3,+1 646-609-5122,264,4,310 West 40th Street
1673,,New York,True,Andaz 5Th Avenue - A Concept By Hyatt,,1,+1 212-601-1234,144,4,485 5th Avenue
1674,,Phoenix,True,Aloft Phoenix-Airport,,1,+1 602-275-6300,99,1,4450 East Washington Street
1675,,Phoenix,True,Arizona Grand Resort & Spa,,1,+1 602-426-2638,264,1,8000 Arizona Grand Parkway
1676,,Phoenix,True,Cambria Hotel North Scottsdale Desert Ridge,,1,+1 480-585-6644,228,1,4425 E Irma Ln&nbsp
1677,,Phoenix,True,Comfort Suites Phoenix North,,1,+1 602-861-3900,74,1,10210 North 26th Drive
1678,,Phoenix,True,Courtyard By Marriott Phoenix Downtown,,1,+1 602-603-2001,81,1,132 South Central Avenue
1679,,Phoenix,True,Crowne Plaza Phoenix Airport,,1,+1 602-273-7778,351,1,4300 East Washington Street
1680,,Phoenix,True,Days Inn By Wyndham Airport - Phoenix,,1,+1 800-615-3107,72,1,2900 East Van Buren Street
1681,,Phoenix,True,Doubletree Suites By Hilton Hotel Phoenix,,1,+1 602-225-0500,99,1,320 North 44th Street
1682,,Seattle,True,Crowne Plaza Seattle Downtown,,1,+1 206-464-1980,192,3,1113 6th Avenue
1683,,Seattle,True,Grand Hyatt Seattle,,1,+1 206-774-1234,280,3,721 Pine Street
1684,,Seattle,True,Hampton Inn & Suites Seattle-Downtown,,1,+1 206-282-7700,207,3,700 5th Avenue North
1685,,Seattle,True,Hilton Garden Inn Seattle Downtown,,1,+1 206-467-7770,333,3,1821 Boren Avenue
1686,,Portland,True,Best Western Plus Portland Airport Hotel & Suites,,1,+1 503-251-9991,88,1,11938 Northeast Airport Way
1687,,Portland,True,Comfort Inn & Suites Portland Airport,,1,+1 503-252-6397,216,1,5019 Northeast 102nd Avenue
1688,,Portland,True,Courtyard By Marriott Portland Airport,,1,+1 503-252-3200,243,1,11550 Northeast Airport Way
1689,,Portland,True,Courtyard By Marriott Portland City Center,,1,+1 503-505-5000,216,1,550 Southwest Oak Street
1690,,Portland,True,Courtyard By Marriott Portland Downtown/Convention Center,,1,+1 503-234-3200,126,1,435 Northeast Wasco Street
1691,,Portland,True,Crowne Plaza Portland-Downtown Conv Ctr,,1,+1 503-233-2401,342,1,1441 Northeast 2nd Avenue
1692,,Portland,True,Dossier,,1,+1 877-628-4408,276,1,750 Southwest Alder Street
1693,,Los Angeles,True,Ac Hotel By Marriott Beverly Hills,,3,+1 323-852-7000,234,1,6399 Wilshire Boulevard
1694,,Los Angeles,True,Airtel Plaza Hotel,,3,+1 800-224-7835,306,1,"7277 Valjean Avenue, Van Nuys, California 91406, United States"
1695,,Los Angeles,True,Banana Bungalow - Hollywood Hostel,,3,+1 323-469-2500,78,1,"5920 Hollywood Boulevard, Hollywood, CA 90028, USA"
1696,,Los Angeles,True,Best Western Los Angeles Worldport Hotel,,3,+1 310-834-3400,132,1,"1402 West Pacific Coast Highway, Wilmington, California 90744, United States"
1697,,Los Angeles,True,Best Western Plus Dragon Gate Inn,,3,+1 213-617-3077,126,1,818 North Hill Street
1698,,Los Angeles,True,Best Western Plus San Pedro Hotel & Suites,,3,+1 310-514-1414,261,1,"111 South Gaffey Street, San Pedro, California 90731, United States"
1699,,New York,True,1 Hotel Brooklyn Bridge,,1,+1 833-625-6111,240,1,"60 Furman Street, Brooklyn"
1700,,New York,True,1 Hotel Central Park,,1,+1 212-703-2001,340,1,1414 6th Avenue
1701,,New York,True,11 Howard,,1,+1 212-235-1111,342,1,11 Howard Street
1702,,New York,True,6 Columbus Hotel,,1,+1 212-204-3000,252,1,308 West 58th Street
1703,,New York,True,Aka Central Park,,1,+1 646-744-3100,168,1,42 West 58th Street
1704,,New York,True,Aka Times Square,,1,+1 212-764-5700,276,1,123 West 44th Street
1705,,New York,True,Aka Wall Street,,1,+1 212-252-9090,176,1,84 William Street
1706,,London,False,45 Park Lane,,1,+44 20 7493 4545,230,4,45 Park Lane
1707,,London,False,Apex City Of London Hotel,,1,+44 20 7702 2020,272,4,1 Seething Lane
1708,,London,False,Apex London Wall Hotel,,1,+44 20 7562 3030,240,4,7-9 Copthall Avenue
1709,,London,False,Apex Temple Court Hotel,,1,+44 20 3004 4141,252,4,"1-2, Serjeant's Inn"
1710,,London,False,Artist Residence London,,1,+44 20 3019 8610,288,4,52 Cambridge Street
1711,,London,False,Batty Langley'S Hotel,,1,+44 20 7377 4390,390,4,12 Folgate Street
1712,,Atlanta,True,Ac Hotel By Marriott Atlanta Buckhead At Phipps Plaza,,2,+1 470-231-3030,176,1,3600 Wieuca Road Northeast
1713,,Atlanta,True,Aloft Atlanta Downtown,,2,+1 678-515-0300,279,1,300 Ted Turner Drive Northwest
1714,,Atlanta,True,Barclay Hotel Atlanta Downtown,,2,+1 404-524-7991,126,1,89 Luckie Street Northwest
1715,,Atlanta,True,"Country Inn & Suites By Radisson, Atlanta Downtown South At Turner Field, Ga",,2,+1 404-658-1961,261,1,759 Pollard Boulevard Southwest
1716,,Atlanta,True,Courtyard By Marriott Atlanta Buckhead,,2,+1 404-869-0818,225,1,3332 Peachtree Road Northeast
1717,,Toronto,False,Doubletree By Hilton Hotel Toronto Downtown,,3,+1 416-977-5000,276,4,108 Chestnut Street
1718,,Toronto,False,Executive Hotel Cosmopolitan Toronto,,3,+1 855-958-3488,360,4,8 Colborne Street
1719,,Toronto,False,Intercontinental Toronto Yorkville,,3,+1 416-960-5200,276,4,220 Bloor Street West
1720,,Toronto,False,Radisson Admiral Hotel Toronto-Harbourfront,,3,+1 416-203-3333,372,4,249 Queens Quay West
1721,,San Francisco,True,Amsterdam Hostel San Francisco,,2,+1 415-673-3277,40,1,749 Taylor Street
1722,,San Francisco,True,Beck'S Motor Lodge,,2,+1 415-621-8212,108,2,2222 Market Street
1723,,San Francisco,True,Beresford Arms Hotel,,2,+1 415-673-2600,315,3,701 Post Street
1724,,San Francisco,True,Casa Loma Hotel,,2,+1 415-552-7100,132,2,610 Fillmore Street
1725,,San Francisco,True,Chancellor Hotel On Union Square,,2,+1 415-362-2004,315,3,433 Powell Street
1726,,San Francisco,True,Comfort Inn By The Bay,,2,+1 415-928-5000,138,2,2775 Van Ness Avenue
1727,,San Francisco,True,Cornell Hotel De France,,2,+1 415-421-3154,324,3,715 Bush Street
1728,,Portland,True,Best Western Plus Portland Airport Hotel & Suites,,1,+1 503-251-9991,88,2,11938 Northeast Airport Way
1729,,Portland,True,Comfort Inn & Suites Portland Airport,,1,+1 503-252-6397,216,2,5019 Northeast 102nd Avenue
1730,,Portland,True,Dossier,,1,+1 877-628-4408,276,4,750 Southwest Alder Street
1731,,Chicago,True,Ac Hotel By Marriott Chicago Downtown,,3,+1 312-981-6600,252,3,630 North Rush Street
1732,,Chicago,True,Ace Hotel Chicago,,3,+1 312-764-1919,384,4,311 North Morgan Street
1733,,Chicago,True,Aloft Chicago Downtown River North,,3,+1 312-661-1000,333,3,515 North Clark Street
1734,,Chicago,True,Aloft Chicago Mag Mile,,3,+1 312-429-6600,324,3,243 East Ontario Street
1735,,Chicago,True,Best Western Grant Park Hotel,,3,+1 312-922-2900,132,2,1100 South Michigan Avenue
1736,,Chicago,True,Best Western River North Hotel,,3,+1 312-467-0800,351,3,125 West Ohio Street
1737,,Chicago,True,Cambria Hotel Chicago Magnificent Mile,,3,+1 312-787-6000,408,4,166 East Superior Street
1738,,Las Vegas,True,Budget Suites Of America,,2,+1 702-638-1800,105,1,2219 North Rancho Drive
1739,,Las Vegas,True,La Quinta Inn & Suites By Wyndham Las Vegas Summerlin Tech,,2,+1 702-360-1200,138,2,7101 Cascade Valley Court
1740,,Las Vegas,True,Oasis At Gold Spike,,2,+1 702-768-9823,297,3,217 Las Vegas Boulevard North
1741,,Las Vegas,True,Thunderbird Boutique Hotel,,2,+1 702-489-7500,168,2,1215 South Las Vegas Boulevard
1742,,Seattle,True,Best Western Plus Pioneer Square Hotel Downtown,,3,+1 206-340-1234,234,2,77 Yesler Way
1743,,Seattle,True,Courtyard By Marriott Seattle Downtown/Lake Union,,3,+1 206-213-0100,324,2,925 Westlake Avenue North
1744,,Seattle,True,Crowne Plaza Seattle Downtown,,2,+1 206-464-1980,192,2,1113 6th Avenue
1745,,Seattle,True,Embassy Suites By Hilton Seattle Downtown Pioneer Square,,2,+1 206-859-4400,150,2,255 South King Street
1746,,Seattle,True,Even Hotel Seattle Downtown - Lake Union,,1,+1 206-596-2302,72,2,527 Fairview Avenue North
1747,,Seattle,True,Four Points By Sheraton Downtown Seattle Center,,3,+1 206-282-2600,351,2,601 Roy Street
1748,,Chicago,True,Ace Hotel Chicago,,2,+1 312-764-1919,216,3,311 North Morgan Street
1749,,Chicago,True,Ambassador Chicago,,3,+1 888-506-3471,372,3,1301 North State Parkway
1750,,Chicago,True,Cambria Hotel Chicago Magnificent Mile,,2,+1 312-787-6000,160,3,166 East Superior Street
1751,,Chicago,True,Chicago Athletic Association,,3,+1 312-940-3552,372,3,12 South Michigan Avenue
1752,,Las Vegas,True,Best Western Plus Las Vegas West,,2,+1 702-256-3766,174,1,8669 West Sahara Avenue
1753,,Las Vegas,True,Hampton Inn Las Vegas/Summerlin,,2,+1 702-360-5700,192,1,7100 Cascade Valley Court
1754,,Las Vegas,True,La Quinta Inn & Suites By Wyndham Las Vegas Summerlin Tech,,2,+1 702-360-1200,138,1,7101 Cascade Valley Court
1755,,Las Vegas,True,Oasis At Gold Spike,,2,+1 702-768-9823,297,1,217 Las Vegas Boulevard North
1756,,Las Vegas,True,Thunderbird Boutique Hotel,,2,+1 702-489-7500,168,1,1215 South Las Vegas Boulevard
1757,,San Francisco,True,Argonaut Hotel,,2,+1 415-563-0800,264,2,495 Jefferson Street
1758,,San Francisco,True,Bei Hotel San Francisco,,2,+1 415-626-6103,156,2,50 8th Street
1759,,San Francisco,True,Chancellor Hotel On Union Square,,3,+1 415-362-2004,315,2,433 Powell Street
1760,,San Francisco,True,Cornell Hotel De France,,3,+1 415-421-3154,324,2,715 Bush Street
1761,,San Francisco,True,Courtyard By Marriott San Francisco Downtown,,2,+1 415-947-0700,126,2,299 2nd Street
1762,,New York,True,Aka Wall Street,,1,+1 212-252-9090,176,2,84 William Street
1763,,New York,True,1 Hotel Central Park,,3,+1 212-703-2001,315,1,1414 6th Avenue
1764,,New York,True,Ac Hotel New York Times Square,,3,+1 212-398-2700,432,1,260 West 40th Street
1765,,New York,True,Ace Hotel,,3,+1 212-991-0551,348,1,20 West 29th Street
1766,,New York,True,Adria Hotel & Conference Center,,3,+1 718-631-5900,261,1,"221-17 Northern Boulevard, Bayside"
1767,,New York,True,Aka Central Park,,3,+1 646-744-3100,384,1,42 West 58th Street
1768,,New York,True,Aka Wall Street,,3,+1 212-252-9090,432,1,84 William Street
1769,,San Francisco,True,Executive Hotel Vintage Court San Francisco,,2,+1 800-654-1100,168,3,650 Bush Street
1770,,San Francisco,True,Hampton Inn San Francisco Downtown/Convention Center,,2,+1 415-546-3110,180,3,942 Mission Street
1771,,Philadelphia,True,Aka University City,,3,+1 215-372-9000,261,2,"Cira Centre South, 2929 Walnut Street"
1772,,Philadelphia,True,Aloft Philadelphia Airport,,3,+1 267-298-1700,270,2,4301 Island Avenue
1773,,Philadelphia,True,Aloft Philadelphia Downtown,,3,+1 215-607-2020,333,2,101 North Broad Street
1774,,Philadelphia,True,Best Western Plus Philadelphia Convention Center Hotel,,3,+1 215-398-3080,333,2,1225 Vine Street
1775,,Philadelphia,True,"Club Quarters Hotel, Philadelphia",,3,+1 215-282-5000,180,2,1628 Chestnut Street
1776,,Philadelphia,True,Courtyard By Marriott Philadelphia City Avenue,,3,+1 215-477-0200,315,2,4100 Presidential Boulevard
1777,,Philadelphia,True,Courtyard By Marriott Philadelphia South At The Navy Yard,,3,+1 215-644-9200,315,2,1001 Intrepid Avenue
1778,,Philadelphia,True,Doubletree By Hilton Hotel Philadelphia Airport,,3,+1 215-365-4150,252,2,4509 Island Avenue
1779,,Philadelphia,True,Embassy Suites By Hilton Philadelphia Airport,,3,+1 215-365-4500,288,2,9000 Bartram Avenue
1780,,Philadelphia,True,Fairfield Inn & Suites By Marriott Philadelphia Downtown/Center City,,3,+1 800-228-2800,126,2,261 South 13th Street
1781,,Philadelphia,True,Aka University City,,1,+1 215-372-9000,261,2,"Cira Centre South, 2929 Walnut Street"
1782,,Philadelphia,True,Aloft Philadelphia Airport,,1,+1 267-298-1700,270,2,4301 Island Avenue
1783,,Philadelphia,True,Aloft Philadelphia Downtown,,1,+1 215-607-2020,333,2,101 North Broad Street
1784,,Philadelphia,True,Best Western Plus Philadelphia Convention Center Hotel,,1,+1 215-398-3080,192,2,1225 Vine Street
1785,,Philadelphia,True,"Club Quarters Hotel, Philadelphia",,1,+1 215-282-5000,105,2,1628 Chestnut Street
1786,,Philadelphia,True,Courtyard By Marriott Philadelphia City Avenue,,1,+1 215-477-0200,150,2,4100 Presidential Boulevard
1787,,Philadelphia,True,Courtyard By Marriott Philadelphia South At The Navy Yard,,1,+1 215-644-9200,168,2,1001 Intrepid Avenue
1788,,Philadelphia,True,Doubletree By Hilton Hotel Philadelphia Airport,,1,+1 215-365-4150,252,2,4509 Island Avenue
1789,,Philadelphia,True,Embassy Suites By Hilton Philadelphia Airport,,1,+1 215-365-4500,111,2,9000 Bartram Avenue
1790,,San Francisco,True,Argonaut Hotel,,3,+1 415-563-0800,252,1,495 Jefferson Street
1791,,San Francisco,True,Beck'S Motor Lodge,,3,+1 415-621-8212,222,1,2222 Market Street
1792,,San Francisco,True,Bei Hotel San Francisco,,3,+1 415-626-6103,342,1,50 8th Street
1793,,San Francisco,True,Beresford Arms Hotel,,3,+1 415-673-2600,315,1,701 Post Street
1794,,San Francisco,True,Chelsea,,3,+1 415-563-5600,210,1,2095 Lombard Street
1795,,San Francisco,True,Comfort Inn By The Bay,,3,+1 415-928-5000,138,1,2775 Van Ness Avenue
1796,,New York,True,1 Hotel Central Park,,2,+1 212-703-2001,340,2,1414 6th Avenue
1797,,New York,True,Aka Central Park,,2,+1 646-744-3100,168,2,42 West 58th Street
1798,,New York,True,Aka Wall Street,,2,+1 212-252-9090,176,2,84 William Street
1799,,Philadelphia,True,Four Points By Sheraton Philadelphia Airport,,2,+1 215-492-0400,207,3,4101A Island Avenue
1800,,San Diego,True,Capri By The Sea By All Seasons Resort Lodging,,1,+1 858-483-6110,315,3,4767 Ocean Boulevard
1801,,San Diego,True,Bahia Resort Hotel,,2,+1 858-539-8666,324,1,998 West Mission Bay Drive
1802,,San Diego,True,Best Western Mission Bay,,2,+1 619-275-5700,100,1,2575 Clairemont Drive
1803,,San Diego,True,Best Western Plus Bayside Inn,,2,+1 619-233-7500,270,1,555 West Ash Street
1804,,San Diego,True,Best Western Plus Hacienda Hotel Old Town,,2,+1 619-298-4707,162,1,4041 Harney Street
1805,,San Diego,True,Best Western Plus Island Palms Hotel & Marina,,2,+1 619-222-0561,174,1,2051 Shelter Island Drive
1806,,San Diego,True,Best Western San Diego/Miramar Hotel,,2,+1 858-578-6600,104,1,9310 Kearny Mesa Road
1807,,San Diego,True,Best Western Seven Seas,,2,+1 619-291-1300,168,1,411 Hotel Circle South
1808,,San Diego,True,Best Western Yacht Harbor Hotel,,2,+1 619-224-3254,180,1,5005 North Harbor Drive
1809,,San Diego,True,Blue Sea Beach Hotel,,2,+1 858-488-4700,180,1,707 Pacific Beach Drive
1810,,San Diego,True,Capri By The Sea By All Seasons Resort Lodging,,2,+1 858-483-6110,315,1,4767 Ocean Boulevard
1811,,Portland,True,Aloft Portland Airport At Cascade Station,,1,+1 503-200-5678,114,2,9920 Northeast Cascades Parkway
1812,,Portland,True,Canopy By Hilton Portland Pearl District,,1,+1 971-351-0230,84,2,425 Northwest 9th Avenue
1813,,Portland,True,"Country Inn & Suites By Radisson, Portland International Airport, Or",,1,+1 503-255-2700,78,2,7025 Northeast Alderwood Road
1814,,Portland,True,Courtyard By Marriott Portland Airport,,1,+1 503-252-3200,243,2,11550 Northeast Airport Way
1815,,Portland,True,Courtyard By Marriott Portland City Center,,1,+1 503-505-5000,216,2,550 Southwest Oak Street
1816,,Portland,True,Courtyard By Marriott Portland Downtown/Convention Center,,1,+1 503-234-3200,126,2,435 Northeast Wasco Street
1817,,Portland,True,Crowne Plaza Portland-Downtown Conv Ctr,,1,+1 503-233-2401,342,2,1441 Northeast 2nd Avenue
1818,,Portland,True,Dossier,,1,+1 877-628-4408,276,2,750 Southwest Alder Street
1819,,Seattle,True,Best Western Plus Pioneer Square Hotel Downtown,,1,+1 206-340-1234,234,2,77 Yesler Way
1820,,Seattle,True,Courtyard By Marriott Seattle Downtown/Lake Union,,1,+1 206-213-0100,324,2,925 Westlake Avenue North
1821,,Seattle,True,Crowne Plaza Seattle Downtown,,1,+1 206-464-1980,192,2,1113 6th Avenue
1822,,Seattle,True,Embassy Suites By Hilton Seattle Downtown Pioneer Square,,1,+1 206-859-4400,150,2,255 South King Street
1823,,Seattle,True,Four Points By Sheraton Downtown Seattle Center,,1,+1 206-282-2600,351,2,601 Roy Street
1824,,Vancouver,False,Atrium Inn Vancouver,,2,+1 604-254-1000,204,1,2889 East Hastings Street
1825,,Vancouver,False,Auberge Vancouver Hotel,,3,+1 604-678-8899,312,1,837 West Hastings Street
1826,,Vancouver,False,Best Western Plus Chateau Granville Hotel & Suites & Conference Ctr.,,1,+1 604-669-7070,105,1,1100 Granville Street
1827,,Vancouver,False,Best Western Plus Sands,,2,+1 604-682-1831,234,1,1755 Davie Street
1828,,Vancouver,False,Blue Horizon Hotel,,2,+1 604-688-1411,162,1,1225 Robson Street
1829,,Vancouver,False,Coast Coal Harbour Vancouver Hotel By Apa,,3,+1 604-697-0202,264,1,1180 West Hastings Street
1830,,Vancouver,False,Coast Vancouver Airport Hotel,,3,+1 604-263-1555,288,1,1041 Southwest Marine Drive
1831,,Vancouver,False,Days Inn By Wyndham Vancouver Downtown,,3,+1 604-681-4335,207,1,921 West Pender Street
1832,,Vancouver,False,Delta Hotels By Marriott Vancouver Downtown Suites,,2,+1 844-254-5048,304,1,550 West Hastings Street
1833,,Seattle,True,Ace Hotel Seattle,,1,+1 206-448-4721,44,1,2423 1st Avenue
1834,,Seattle,True,Belltown Inn,,3,+1 866-525-4704,180,1,2301 3rd Avenue
1835,,Seattle,True,Best Western Plus Pioneer Square Hotel Downtown,,3,+1 206-340-1234,234,1,77 Yesler Way
1836,,Seattle,True,Courtyard By Marriott Seattle Downtown/Lake Union,,3,+1 206-213-0100,324,1,925 Westlake Avenue North
1837,,Seattle,True,Crowne Plaza Seattle Downtown,,2,+1 206-464-1980,192,1,1113 6th Avenue
1838,,Seattle,True,Days Inn By Wyndham Seattle North Of Downtown,,1,+1 800-615-3107,76,1,9100 Aurora Avenue North
1839,,Seattle,True,Embassy Suites By Hilton Seattle Downtown Pioneer Square,,2,+1 206-859-4400,150,1,255 South King Street
1840,,Seattle,True,Even Hotel Seattle Downtown - Lake Union,,1,+1 206-596-2302,72,1,527 Fairview Avenue North
1841,,Seattle,True,Extended Stay America - Seattle - Northgate,,2,+1 206-365-8100,120,1,13300 Stone Avenue North
1842,,Seattle,True,Four Points By Sheraton Downtown Seattle Center,,3,+1 206-282-2600,351,1,601 Roy Street
1843,,San Diego,True,Bahia Resort Hotel,,1,+1 858-539-8666,96,1,998 West Mission Bay Drive
1844,,San Diego,True,Best Western Mission Bay,,1,+1 619-275-5700,100,1,2575 Clairemont Drive
1845,,San Diego,True,Best Western Plus Bayside Inn,,1,+1 619-233-7500,270,1,555 West Ash Street
1846,,San Diego,True,Best Western Plus Hacienda Hotel Old Town,,1,+1 619-298-4707,162,1,4041 Harney Street
1847,,San Diego,True,Best Western Plus Island Palms Hotel & Marina,,1,+1 619-222-0561,174,1,2051 Shelter Island Drive
1848,,San Diego,True,Best Western San Diego/Miramar Hotel,,1,+1 858-578-6600,66,1,9310 Kearny Mesa Road
1849,,San Diego,True,Best Western Seven Seas,,1,+1 619-291-1300,168,1,411 Hotel Circle South
1850,,San Diego,True,Best Western Yacht Harbor Hotel,,1,+1 619-224-3254,180,1,5005 North Harbor Drive
1851,,San Diego,True,Blue Sea Beach Hotel,,1,+1 858-488-4700,180,1,707 Pacific Beach Drive
1852,,San Diego,True,Capri By The Sea By All Seasons Resort Lodging,,1,+1 858-483-6110,315,1,4767 Ocean Boulevard
1853,,Vancouver,False,Auberge Vancouver Hotel,,1,+1 604-678-8899,312,4,837 West Hastings Street
1854,,Vancouver,False,Coast Coal Harbour Vancouver Hotel By Apa,,1,+1 604-697-0202,264,4,1180 West Hastings Street
1855,,Vancouver,False,Delta Hotels By Marriott Vancouver Downtown Suites,,1,+1 844-254-5048,304,4,550 West Hastings Street
1856,,Seattle,True,Four Seasons Hotel Seattle,,1,+1 206-749-7000,150,4,99 Union Street
1857,,Seattle,True,Grand Hyatt Seattle,,2,+1 206-774-1234,280,4,721 Pine Street
1858,,Seattle,True,Hotel Andra,,3,+1 206-448-8600,360,4,2000 4th Avenue
1859,,Seattle,True,Hyatt At Olive 8,,1,+1 206-695-1234,132,4,1635 8th Avenue
1860,,Seattle,True,Inn At The Market,,3,+1 206-443-3600,252,4,86 Pine Street
1861,,Seattle,True,Kimpton Hotel Monaco Seattle,,3,+1 206-621-1770,264,4,1101 4th Avenue
1862,,Seattle,True,Kimpton Hotel Vintage Seattle,,3,+1 800-853-3914,432,4,1100 5th Avenue
1863,,Seattle,True,"Loews Hotel 1000, Seattle",,3,+1 206-957-1000,420,4,1000 1st Avenue
1864,,Seattle,True,Motif Seattle,,1,+1 206-971-8000,148,4,1415 5th Avenue
1865,,San Diego,True,Best Western Plus Bayside Inn,,1,+1 619-233-7500,270,2,555 West Ash Street
1866,,San Diego,True,Best Western Plus Hacienda Hotel Old Town,,1,+1 619-298-4707,162,2,4041 Harney Street
1867,,San Diego,True,Best Western Plus Island Palms Hotel & Marina,,1,+1 619-222-0561,174,2,2051 Shelter Island Drive
1868,,San Diego,True,Best Western Seven Seas,,1,+1 619-291-1300,168,2,411 Hotel Circle South
1869,,San Diego,True,Blue Sea Beach Hotel,,1,+1 858-488-4700,180,2,707 Pacific Beach Drive
1870,,San Diego,True,Capri By The Sea By All Seasons Resort Lodging,,1,+1 858-483-6110,315,2,4767 Ocean Boulevard
1871,,San Diego,True,Bahia Resort Hotel,,3,+1 858-539-8666,324,1,998 West Mission Bay Drive
1872,,San Diego,True,Best Western Mission Bay,,3,+1 619-275-5700,192,1,2575 Clairemont Drive
1873,,San Diego,True,Best Western Plus Bayside Inn,,3,+1 619-233-7500,270,1,555 West Ash Street
1874,,San Diego,True,Best Western Plus Hacienda Hotel Old Town,,3,+1 619-298-4707,234,1,4041 Harney Street
1875,,San Diego,True,Best Western Plus Island Palms Hotel & Marina,,3,+1 619-222-0561,243,1,2051 Shelter Island Drive
1876,,San Diego,True,Best Western San Diego/Miramar Hotel,,3,+1 858-578-6600,186,1,9310 Kearny Mesa Road
1877,,San Diego,True,Best Western Seven Seas,,3,+1 619-291-1300,351,1,411 Hotel Circle South
1878,,San Diego,True,Best Western Yacht Harbor Hotel,,3,+1 619-224-3254,180,1,5005 North Harbor Drive
1879,,San Diego,True,Blue Sea Beach Hotel,,3,+1 858-488-4700,180,1,707 Pacific Beach Drive
1880,,Anaheim,True,Anaheim Desert Inn And Suites,,3,+1 714-772-5050,204,2,1600 South Harbor Boulevard
1881,,Anaheim,True,Anaheim Majestic Garden Hotel,,3,+1 714-778-1700,288,2,900 South Disneyland Drive
1882,,Anaheim,True,Anaheim Portofino Inn & Suites,,3,+1 800-341-6301,198,2,1831 South Harbor Boulevard
1883,,Anaheim,True,Ayres Hotel Anaheim,,3,+1 714-634-2106,342,2,2550 East Katella Avenue
1884,,Anaheim,True,Best Western Plus Anaheim Inn,,3,+1 714-774-1050,252,2,1630 South Harbor Boulevard
1885,,Anaheim,True,Best Western Plus Park Place Inn - Mini Suites,,3,+1 714-776-4800,333,2,1544 South Harbor Boulevard
1886,,Anaheim,True,Best Western Plus Raffles Inn & Suites,,3,+1 714-750-6100,126,2,2040 South Harbor Boulevard
1887,,Anaheim,True,Best Western Plus Stovall'S Inn,,3,+1 714-778-1880,342,2,1110 West Katella Avenue
1888,,Anaheim,True,Camelot Inn & Suites,,3,+1 714-635-7275,216,2,1520 South Harbor Boulevard
1889,,Anaheim,True,Candlewood Suites Anaheim - Resort Area,,3,+1 714-635-5555,279,2,1733 South Anaheim Boulevard
1890,,Los Angeles,True,Best Western Burbank Airport Inn,,1,+1 818-765-2900,261,3,"7615 Lankershim Boulevard, North Hollywood, California 91605, United States"
1891,,Los Angeles,True,Best Western Plus San Pedro Hotel & Suites,,1,+1 310-514-1414,198,3,"111 South Gaffey Street, San Pedro, California 90731, United States"
1892,,Los Angeles,True,Beverly Hills Marriott,,1,+1 310-553-6561,384,3,1150 South Beverly Drive
1893,,Los Angeles,True,Courtyard By Marriott Los Angeles Century City/Beverly Hills,,1,+1 310-556-2777,279,3,10320 West Olympic Boulevard
1894,,Los Angeles,True,Courtyard By Marriott Los Angeles L.A. Live,,1,+1 213-443-9222,81,3,901 West Olympic Boulevard
1895,,Los Angeles,True,Courtyard By Marriott Los Angeles Lax/Century Boulevard,,1,+1 310-649-1400,261,3,6161 West Century Boulevard
1896,,Los Angeles,True,Courtyard By Marriott Los Angeles Sherman Oaks,,1,+1 818-981-5400,111,3,"15433 Ventura Boulevard, Sherman Oaks, CA 91403, USA"
1897,,Los Angeles,True,Crowne Plaza Los Angeles Airport,,1,+1 310-642-7500,104,3,5985 West Century Boulevard
1898,,Los Angeles,True,Crowne Plaza Los Angeles Harbor Hotel,,1,+1 310-519-8200,180,3,"601 South Palos Verdes Street, San Pedro, California 90731, United States"
1899,,Los Angeles,True,Ac Hotel By Marriott Beverly Hills,,1,+1 323-852-7000,156,2,6399 Wilshire Boulevard
1900,,Los Angeles,True,Best Western Hollywood Plaza Inn,,1,+1 323-851-1800,168,2,"2011 North Highland Avenue, Hollywood, California 90068, United States"
1901,,Los Angeles,True,Best Western Plus Hollywood Hills Hotel,,1,+1 323-464-5181,156,2,"6141 Franklin Avenue, Hollywood, California 90028, United States"
1902,,Anaheim,True,Anaheim Desert Inn And Suites,,1,+1 714-772-5050,128,2,1600 South Harbor Boulevard
1903,,Seattle,True,Belltown Inn,,1,+1 866-525-4704,180,1,2301 3rd Avenue
1904,,Seattle,True,Best Western Plus Pioneer Square Hotel Downtown,,1,+1 206-340-1234,234,1,77 Yesler Way
1905,,Seattle,True,Courtyard By Marriott Seattle Downtown/Lake Union,,1,+1 206-213-0100,324,1,925 Westlake Avenue North
1906,,Seattle,True,Crowne Plaza Seattle Downtown,,1,+1 206-464-1980,192,1,1113 6th Avenue
1907,,Seattle,True,Embassy Suites By Hilton Seattle Downtown Pioneer Square,,1,+1 206-859-4400,150,1,255 South King Street
1908,,Seattle,True,Extended Stay America - Seattle - Northgate,,1,+1 206-365-8100,120,1,13300 Stone Avenue North
1909,,Seattle,True,Four Points By Sheraton Downtown Seattle Center,,1,+1 206-282-2600,351,1,601 Roy Street
1910,,New York,True,1 Hotel Central Park,,1,+1 212-703-2001,340,4,1414 6th Avenue
1911,,New York,True,1 Hotel Brooklyn Bridge,,2,+1 833-625-6111,240,4,"60 Furman Street, Brooklyn"
1912,,New York,True,6 Columbus Hotel,,2,+1 212-204-3000,252,4,308 West 58th Street
1913,,New York,True,Ac Hotel New York Times Square,,2,+1 212-398-2700,264,4,260 West 40th Street
1914,,New York,True,Ace Hotel,,2,+1 212-991-0551,348,4,20 West 29th Street
1915,,New York,True,Aka Times Square,,2,+1 212-764-5700,276,4,123 West 44th Street
1916,,Vancouver,False,Atrium Inn Vancouver,,1,+1 604-254-1000,204,1,2889 East Hastings Street
1917,,Vancouver,False,Auberge Vancouver Hotel,,1,+1 604-678-8899,312,1,837 West Hastings Street
1918,,Vancouver,False,Best Western Plus Sands,,1,+1 604-682-1831,234,1,1755 Davie Street
1919,,Vancouver,False,Blue Horizon Hotel,,1,+1 604-688-1411,162,1,1225 Robson Street
1920,,Vancouver,False,Coast Coal Harbour Vancouver Hotel By Apa,,1,+1 604-697-0202,264,1,1180 West Hastings Street
1921,,Vancouver,False,Coast Vancouver Airport Hotel,,1,+1 604-263-1555,288,1,1041 Southwest Marine Drive
1922,,Vancouver,False,Days Inn By Wyndham Vancouver Downtown,,1,+1 604-681-4335,207,1,921 West Pender Street
1923,,Vancouver,False,Delta Hotels By Marriott Vancouver Downtown Suites,,1,+1 844-254-5048,304,1,550 West Hastings Street
1924,,Vancouver,False,Exchange Hotel Vancouver,,1,+1 604-563-4693,144,1,475 Howe Street
1925,,San Diego,True,Catamaran Resort Hotel And Spa,,3,+1 858-488-1081,456,3,3999 Mission Boulevard
1926,,Seattle,True,Grand Hyatt Seattle,,1,+1 206-774-1234,280,4,721 Pine Street
1927,,Seattle,True,Hotel Andra,,1,+1 206-448-8600,360,4,2000 4th Avenue
1928,,Seattle,True,Inn At The Market,,1,+1 206-443-3600,252,4,86 Pine Street
1929,,Seattle,True,Kimpton Hotel Monaco Seattle,,1,+1 206-621-1770,264,4,1101 4th Avenue
1930,,Seattle,True,Kimpton Hotel Vintage Seattle,,1,+1 800-853-3914,432,4,1100 5th Avenue
1931,,Seattle,True,"Loews Hotel 1000, Seattle",,1,+1 206-957-1000,420,4,1000 1st Avenue
1932,,Portland,True,Aloft Portland Airport At Cascade Station,,3,+1 503-200-5678,189,3,9920 Northeast Cascades Parkway
1933,,Portland,True,Best Western Plus Portland Airport Hotel & Suites,,3,+1 503-251-9991,222,2,11938 Northeast Airport Way
1934,,Portland,True,Canopy By Hilton Portland Pearl District,,3,+1 971-351-0230,384,4,425 Northwest 9th Avenue
1935,,Portland,True,"Country Inn & Suites By Radisson, Portland International Airport, Or",,3,+1 503-255-2700,342,3,7025 Northeast Alderwood Road
1936,,Portland,True,Courtyard By Marriott Portland Downtown/Convention Center,,3,+1 503-234-3200,306,3,435 Northeast Wasco Street
1937,,San Francisco,True,Argonaut Hotel,,3,+1 415-563-0800,252,3,495 Jefferson Street
1938,,San Francisco,True,Courtyard By Marriott San Francisco Downtown,,3,+1 415-947-0700,270,3,299 2nd Street
1939,,San Francisco,True,Courtyard By Marriott San Francisco Union Square,,3,+1 415-346-3800,243,3,761 Post Street
1940,,San Francisco,True,Cova Hotel,,3,+1 415-771-3000,207,3,655 Ellis Street
1941,,San Francisco,True,Executive Hotel Vintage Court San Francisco,,3,+1 800-654-1100,288,3,650 Bush Street
1942,,Vancouver,False,Auberge Vancouver Hotel,,2,+1 604-678-8899,312,2,837 West Hastings Street
1943,,Vancouver,False,Best Western Plus Chateau Granville Hotel & Suites & Conference Ctr.,,2,+1 604-669-7070,168,2,1100 Granville Street
1944,,Vancouver,False,Coast Coal Harbour Vancouver Hotel By Apa,,2,+1 604-697-0202,264,2,1180 West Hastings Street
1945,,Vancouver,False,Coast Vancouver Airport Hotel,,2,+1 604-263-1555,288,2,1041 Southwest Marine Drive
1946,,Vancouver,False,Days Inn By Wyndham Vancouver Downtown,,2,+1 604-681-4335,207,2,921 West Pender Street
1947,,Vancouver,False,Exchange Hotel Vancouver,,2,+1 604-563-4693,384,2,475 Howe Street
1948,,Philadelphia,True,Best Western Plus Philadelphia Convention Center Hotel,,2,+1 215-398-3080,192,2,1225 Vine Street
1949,,Philadelphia,True,Courtyard By Marriott Philadelphia City Avenue,,2,+1 215-477-0200,150,2,4100 Presidential Boulevard
1950,,Philadelphia,True,Courtyard By Marriott Philadelphia South At The Navy Yard,,2,+1 215-644-9200,168,2,1001 Intrepid Avenue
1951,,Los Angeles,True,Beverly Hills Marriott,,3,+1 310-553-6561,384,3,1150 South Beverly Drive
1952,,Los Angeles,True,Courtyard By Marriott Los Angeles Century City/Beverly Hills,,3,+1 310-556-2777,279,3,10320 West Olympic Boulevard
1953,,Los Angeles,True,Courtyard By Marriott Los Angeles Lax/Century Boulevard,,3,+1 310-649-1400,261,3,6161 West Century Boulevard
1954,,Los Angeles,True,Crowne Plaza Los Angeles Harbor Hotel,,2,+1 310-519-8200,180,3,"601 South Palos Verdes Street, San Pedro, California 90731, United States"
1955,,Los Angeles,True,Airtel Plaza Hotel,,2,+1 800-224-7835,192,3,"7277 Valjean Avenue, Van Nuys, California 91406, United States"
1956,,Los Angeles,True,Best Western Burbank Airport Inn,,2,+1 818-765-2900,261,3,"7615 Lankershim Boulevard, North Hollywood, California 91605, United States"
1957,,Los Angeles,True,Best Western Hollywood Plaza Inn,,2,+1 323-851-1800,168,2,"2011 North Highland Avenue, Hollywood, California 90068, United States"
1958,,Los Angeles,True,Best Western Los Angeles Worldport Hotel,,2,+1 310-834-3400,112,2,"1402 West Pacific Coast Highway, Wilmington, California 90744, United States"
1959,,Los Angeles,True,Best Western Plus Dragon Gate Inn,,2,+1 213-617-3077,126,2,818 North Hill Street
1960,,Los Angeles,True,Best Western Plus Hollywood Hills Hotel,,2,+1 323-464-5181,156,2,"6141 Franklin Avenue, Hollywood, California 90028, United States"
1961,,Los Angeles,True,Beverly Hills Marriott,,2,+1 310-553-6561,384,4,1150 South Beverly Drive
1962,,San Diego,True,Catamaran Resort Hotel And Spa,,1,+1 858-488-1081,456,3,3999 Mission Boulevard
1963,,San Diego,True,Comfort Inn & Suites San Diego - Zoo Seaworld Area,,1,+1 619-881-6200,174,3,2485 Hotel Circle Place
1964,,San Diego,True,Courtyard By Marriott San Diego Airport/Liberty Station,,1,+1 619-221-1900,138,3,2592 Laning Road
1965,,Philadelphia,True,Aka University City,,2,+1 215-372-9000,261,1,"Cira Centre South, 2929 Walnut Street"
1966,,Philadelphia,True,Aloft Philadelphia Airport,,2,+1 267-298-1700,270,1,4301 Island Avenue
1967,,Philadelphia,True,Aloft Philadelphia Downtown,,2,+1 215-607-2020,333,1,101 North Broad Street
1968,,Philadelphia,True,"Club Quarters Hotel, Philadelphia",,2,+1 215-282-5000,204,1,1628 Chestnut Street
1969,,Philadelphia,True,Doubletree By Hilton Hotel Philadelphia Airport,,2,+1 215-365-4150,252,1,4509 Island Avenue
1970,,Philadelphia,True,Embassy Suites By Hilton Philadelphia Airport,,2,+1 215-365-4500,186,1,9000 Bartram Avenue
1971,,Philadelphia,True,Fairfield Inn & Suites By Marriott Philadelphia Downtown/Center City,,2,+1 800-228-2800,126,1,261 South 13th Street
1972,,San Francisco,True,Argonaut Hotel,,3,+1 415-563-0800,252,2,495 Jefferson Street
1973,,San Francisco,True,Bei Hotel San Francisco,,3,+1 415-626-6103,342,2,50 8th Street
1974,,San Francisco,True,Beresford Arms Hotel,,3,+1 415-673-2600,315,2,701 Post Street
1975,,San Francisco,True,Courtyard By Marriott San Francisco Downtown,,3,+1 415-947-0700,270,2,299 2nd Street
1976,2019-03-03,New York,True,1 Hotel Central Park,1,2,+1 212-703-2001,340,5,1414 6th Avenue
1977,,San Francisco,True,Beck'S Motor Lodge,,2,+1 415-621-8212,108,1,2222 Market Street
1978,,San Francisco,True,Beresford Arms Hotel,,2,+1 415-673-2600,315,1,701 Post Street
1979,,San Francisco,True,Casa Loma Hotel,,2,+1 415-552-7100,132,1,610 Fillmore Street
1980,,San Francisco,True,Chancellor Hotel On Union Square,,2,+1 415-362-2004,315,1,433 Powell Street
1981,,San Francisco,True,Comfort Inn By The Bay,,2,+1 415-928-5000,138,1,2775 Van Ness Avenue
1982,2019-03-07,San Francisco,True,Argonaut Hotel,1,2,+1 415-563-0800,272,1,495 Jefferson Street
1983,,Anaheim,True,Anaheim Majestic Garden Hotel,,1,+1 714-778-1700,96,2,900 South Disneyland Drive
1984,,Anaheim,True,Anaheim Portofino Inn & Suites,,1,+1 800-341-6301,96,2,1831 South Harbor Boulevard
1985,,Anaheim,True,Ayres Hotel Anaheim,,1,+1 714-634-2106,342,2,2550 East Katella Avenue
1986,,Anaheim,True,Best Western Plus Anaheim Inn,,1,+1 714-774-1050,138,2,1630 South Harbor Boulevard
1987,,Anaheim,True,Best Western Plus Park Place Inn - Mini Suites,,1,+1 714-776-4800,333,2,1544 South Harbor Boulevard
1988,,Anaheim,True,Best Western Plus Stovall'S Inn,,1,+1 714-778-1880,66,2,1110 West Katella Avenue
1989,,Anaheim,True,Camelot Inn & Suites,,1,+1 714-635-7275,75,2,1520 South Harbor Boulevard
1990,,Anaheim,True,Candlewood Suites Anaheim - Resort Area,,1,+1 714-635-5555,174,2,1733 South Anaheim Boulevard
1991,2019-03-11,Anaheim,True,Anaheim Desert Inn And Suites,3,1,+1 714-772-5050,148,2,1600 South Harbor Boulevard
1992,2019-03-08,New York,True,1 Hotel Brooklyn Bridge,2,1,+1 833-625-6111,264,2,"60 Furman Street, Brooklyn"
1993,,San Diego,True,Capri By The Sea By All Seasons Resort Lodging,,3,+1 858-483-6110,315,1,4767 Ocean Boulevard
1994,2019-03-10,San Diego,True,Bahia Resort Hotel,1,1,+1 858-539-8666,168,1,998 West Mission Bay Drive
1995,2019-03-09,New York,True,11 Howard,2,2,+1 212-235-1111,225,2,11 Howard Street
1996,2019-03-08,Sacramento,True,Best Western Plus Sutter House,3,1,+1 916-441-1314,44,1,1100 H Street
1997,2019-03-05,Los Angeles,True,Ac Hotel By Marriott Beverly Hills,4,1,+1 323-852-7000,234,1,6399 Wilshire Boulevard
1998,2019-03-08,New York,True,1 Hotel Brooklyn Bridge,3,1,+1 833-625-6111,96,4,"60 Furman Street, Brooklyn"
1999,2019-03-02,New York,True,1 Hotel Brooklyn Bridge,2,1,+1 833-625-6111,240,2,"60 Furman Street, Brooklyn"
2000,2019-03-12,New York,True,1 Hotel Brooklyn Bridge,1,1,+1 833-625-6111,100,4,"60 Furman Street, Brooklyn"
2001,2019-03-10,New York,True,1 Hotel Brooklyn Bridge,1,2,+1 833-625-6111,296,4,"60 Furman Street, Brooklyn"
2002,2019-03-10,New York,True,1 Hotel Brooklyn Bridge,1,1,+1 833-625-6111,112,2,"60 Furman Street, Brooklyn"
2003,,San Francisco,True,Argonaut Hotel,,1,+1 415-563-0800,264,4,495 Jefferson Street
2004,,San Francisco,True,Beresford Arms Hotel,,2,+1 415-673-2600,315,2,701 Post Street
2005,,San Francisco,True,Chancellor Hotel On Union Square,,2,+1 415-362-2004,315,2,433 Powell Street
2006,,San Francisco,True,Cornell Hotel De France,,2,+1 415-421-3154,324,2,715 Bush Street
2007,2019-03-12,San Francisco,True,Argonaut Hotel,1,2,+1 415-563-0800,304,2,495 Jefferson Street
2008,2019-03-08,San Diego,True,Bahia Resort Hotel,4,1,+1 858-539-8666,96,1,998 West Mission Bay Drive
2009,2019-03-09,New York,True,1 Hotel Brooklyn Bridge,4,1,+1 833-625-6111,240,4,"60 Furman Street, Brooklyn"
2010,2019-03-07,New York,True,11 Howard,1,1,+1 212-235-1111,75,3,11 Howard Street
2011,,San Diego,True,Bahia Resort Hotel,,3,+1 858-539-8666,324,2,998 West Mission Bay Drive
2012,,San Diego,True,Best Western Plus Hacienda Hotel Old Town,,3,+1 619-298-4707,234,2,4041 Harney Street
2013,,San Diego,True,Best Western Plus Island Palms Hotel & Marina,,3,+1 619-222-0561,243,2,2051 Shelter Island Drive
2014,,San Diego,True,Best Western Seven Seas,,3,+1 619-291-1300,351,2,411 Hotel Circle South
2015,2019-03-03,San Diego,True,Bahia Resort Hotel,4,3,+1 858-539-8666,297,2,998 West Mission Bay Drive
2016,2019-03-10,San Francisco,True,Argonaut Hotel,2,2,+1 415-563-0800,216,2,495 Jefferson Street
2017,2019-03-03,Los Angeles,True,Ac Hotel By Marriott Beverly Hills,3,1,+1 323-852-7000,156,2,6399 Wilshire Boulevard
2018,2019-03-06,San Diego,True,Best Western Mission Bay,4,1,+1 619-275-5700,116,2,2575 Clairemont Drive
2019,2019-03-04,New York,True,1 Hotel Brooklyn Bridge,1,1,+1 833-625-6111,280,4,"60 Furman Street, Brooklyn"
2020,,New York,True,1 Hotel Brooklyn Bridge,,3,+1 833-625-6111,240,3,"60 Furman Street, Brooklyn"
2021,,New York,True,6 Columbus Hotel,,3,+1 212-204-3000,252,3,308 West 58th Street
2022,,New York,True,Ac Hotel New York Times Square,,1,+1 212-398-2700,148,3,260 West 40th Street
2023,,New York,True,Ace Hotel,,1,+1 212-991-0551,100,3,20 West 29th Street
2024,2019-03-06,New York,True,11 Howard,2,1,+1 212-235-1111,342,3,11 Howard Street
2025,2019-03-11,Los Angeles,True,Ac Hotel By Marriott Beverly Hills,2,1,+1 323-852-7000,54,2,6399 Wilshire Boulevard
2026,2019-03-04,Los Angeles,True,Banana Bungalow - Hollywood Hostel,4,1,+1 323-469-2500,27,1,"5920 Hollywood Boulevard, Hollywood, CA 90028, USA"
2027,,Washington D.C.,True,Arc The.Hotel,,1,+1 202-337-6620,210,3,"824 New Hampshire Avenue Northwest, Washington, District of Columbia 20037, United States"
2028,,Washington D.C.,True,"Cambria Hotel Washington, D.C. Convention Center",,1,+1 202-299-1188,261,3,"899 O Street Northwest, Washington, District of Columbia 20001, United States"
2029,,Washington D.C.,True,Capitol Hill Hotel,,1,+1 202-543-6000,222,3,"200 C Street Southeast, Washington, DC 20003, USA"
2030,,Washington D.C.,True,Courtyard By Marriott Washington Capitol Hill/Navy Yard,,1,+1 202-479-0027,180,3,"140 L Street Southeast, Washington, DC 20003, USA"
2031,,Washington D.C.,True,Courtyard By Marriott Washington Downtown/Convention Center,,1,+1 202-589-1800,216,3,"901 L Street Northwest, Washington, DC 20001, USA"
2032,,Washington D.C.,True,"Courtyard By Marriott Washington, Dc/Dupont Circle",,1,+1 202-332-9300,234,3,"1900 Connecticut Avenue Northwest, Washington, DC 20009, USA"
2033,,Washington D.C.,True,Eaton Dc,,1,+1 202-289-7600,81,3,"1201 K Street Northwest, Washington, District of Columbia 20005, United States"
2034,,Washington D.C.,True,Embassy Suites By Hilton Washington Dc Chevy Chase Pavilion,,1,+1 202-362-9300,132,3,"4300 Military Road Northwest, Washington, District of Columbia 20015, United States"
2035,,New York,True,1 Hotel Brooklyn Bridge,,1,+1 833-625-6111,240,3,"60 Furman Street, Brooklyn"
2036,,New York,True,1 Hotel Central Park,,1,+1 212-703-2001,340,3,1414 6th Avenue
2037,,New York,True,6 Columbus Hotel,,1,+1 212-204-3000,252,3,308 West 58th Street
2038,,New York,True,Aka Central Park,,1,+1 646-744-3100,168,3,42 West 58th Street
2039,,New York,True,Aka Times Square,,1,+1 212-764-5700,276,3,123 West 44th Street
2040,,New York,True,Aka Wall Street,,1,+1 212-252-9090,176,3,84 William Street
2041,2019-03-06,New York,True,1 Hotel Brooklyn Bridge,3,1,+1 833-625-6111,140,3,"60 Furman Street, Brooklyn"
2042,2019-03-07,Vancouver,False,Auberge Vancouver Hotel,3,1,+1 604-678-8899,156,4,837 West Hastings Street
2043,2019-03-10,Los Angeles,True,Best Western Burbank Airport Inn,1,1,+1 818-765-2900,216,3,"7615 Lankershim Boulevard, North Hollywood, California 91605, United States"
2044,2019-03-03,New York,True,1 Hotel Central Park,3,1,+1 212-703-2001,340,5,1414 6th Avenue
2045,,Sacramento,True,Courtyard By Marriott Sacramento Midtown,,2,+1 916-455-6800,156,2,4422 Y Street
2046,,Sacramento,True,Doubletree By Hilton Hotel Sacramento,,1,+1 916-929-8855,114,2,2001 Point West Way
2047,,Sacramento,True,Embassy Suites By Hilton Sacramento Riverfront Promenade,,3,+1 916-326-5000,306,2,100 Capitol Mall
2048,,Sacramento,True,Four Points By Sheraton Sacramento International Airport,,1,+1 916-263-9000,102,2,4900 Duckhorn Drive
2049,,Sacramento,True,Hilton Garden Inn Sacramento/South Natomas,,2,+1 916-568-5400,180,2,2540 Venture Oaks Way
2050,,Sacramento,True,Hilton Sacramento Arden West,,1,+1 916-922-4700,60,2,2200 Harvard Street
2051,,Sacramento,True,Holiday Inn Express Sacramento Convention Center,,3,+1 916-444-4436,279,2,728 16th Street
2052,,Sacramento,True,Holiday Inn Sacramento Downtown - Arena,,3,+1 916-446-0100,180,2,300 J Street
2053,,Sacramento,True,Homewood Suites By Hilton Sacramento Airport-Natomas,,2,+1 916-263-9510,216,2,3001 Advantage Way
2054,2019-03-06,Sacramento,True,Courtyard By Marriott Sacramento Midtown,1,1,+1 916-455-6800,207,2,4422 Y Street
2055,2019-03-09,New York,True,1 Hotel Brooklyn Bridge,2,1,+1 833-625-6111,240,3,"60 Furman Street, Brooklyn"
2056,2019-03-04,Los Angeles,True,Airtel Plaza Hotel,3,1,+1 800-224-7835,192,1,"7277 Valjean Avenue, Van Nuys, California 91406, United States"
2057,2019-03-05,New York,True,1 Hotel Brooklyn Bridge,1,2,+1 833-625-6111,456,4,"60 Furman Street, Brooklyn"
2058,2019-03-10,San Diego,True,Best Western Mission Bay,1,1,+1 619-275-5700,148,2,2575 Clairemont Drive
2059,2019-03-06,Seattle,True,Belltown Inn,4,1,+1 866-525-4704,62,2,2301 3rd Avenue
2060,2019-03-05,New York,True,1 Hotel Brooklyn Bridge,1,1,+1 833-625-6111,456,4,"60 Furman Street, Brooklyn"
2061,2019-03-03,Los Angeles,True,Airtel Plaza Hotel,2,1,+1 800-224-7835,75,3,"7277 Valjean Avenue, Van Nuys, California 91406, United States"
2062,2019-03-10,New York,True,1 Hotel Central Park,1,1,+1 212-703-2001,360,5,1414 6th Avenue
2063,2019-03-09,San Diego,True,Bahia Resort Hotel,4,1,+1 858-539-8666,324,3,998 West Mission Bay Drive
2064,2019-03-07,New York,True,1 Hotel Brooklyn Bridge,3,2,+1 833-625-6111,296,4,"60 Furman Street, Brooklyn"
2065,2019-03-09,New York,True,1 Hotel Brooklyn Bridge,2,1,+1 833-625-6111,240,4,"60 Furman Street, Brooklyn"
2066,2019-03-10,New York,True,1 Hotel Brooklyn Bridge,2,1,+1 833-625-6111,184,4,"60 Furman Street, Brooklyn"
2067,2019-03-03,Los Angeles,True,Ac Hotel By Marriott Beverly Hills,1,2,+1 323-852-7000,156,2,6399 Wilshire Boulevard
2068,2019-03-09,San Diego,True,Bahia Resort Hotel,2,3,+1 858-539-8666,324,3,998 West Mission Bay Drive
2069,,Los Angeles,True,Ac Hotel By Marriott Beverly Hills,,3,+1 323-852-7000,234,2,6399 Wilshire Boulevard
2070,,Los Angeles,True,Airtel Plaza Hotel,,3,+1 800-224-7835,306,3,"7277 Valjean Avenue, Van Nuys, California 91406, United States"
2071,,Los Angeles,True,Best Western Los Angeles Worldport Hotel,,3,+1 310-834-3400,132,2,"1402 West Pacific Coast Highway, Wilmington, California 90744, United States"
2072,,Los Angeles,True,Best Western Plus Dragon Gate Inn,,3,+1 213-617-3077,126,2,818 North Hill Street
2073,,Los Angeles,True,Best Western Plus San Pedro Hotel & Suites,,3,+1 310-514-1414,261,3,"111 South Gaffey Street, San Pedro, California 90731, United States"
2074,2019-03-10,Los Angeles,True,Ac Hotel By Marriott Beverly Hills,1,3,+1 323-852-7000,234,2,6399 Wilshire Boulevard
2075,2019-03-13,Sacramento,True,Best Western Plus Sutter House,1,1,+1 916-441-1314,64,1,1100 H Street
2076,2019-03-08,New York,True,1 Hotel Brooklyn Bridge,3,3,+1 833-625-6111,348,1,"60 Furman Street, Brooklyn"
2077,2019-03-09,New York,True,11 Howard,2,2,+1 212-235-1111,225,3,11 Howard Street
2078,,Philadelphia,True,Four Points By Sheraton Philadelphia Airport,,1,+1 215-492-0400,60,3,4101A Island Avenue
2079,2019-03-03,Philadelphia,True,Aloft Philadelphia Downtown,3,2,+1 215-607-2020,228,3,101 North Broad Street
2080,2019-03-09,New York,True,1 Hotel Central Park,2,1,+1 212-703-2001,200,5,1414 6th Avenue
2081,2019-03-04,Long Beach,True,Courtyard By Marriott Long Beach Airport,1,1,+1 562-429-5803,114,3,3841 North Lakewood Boulevard
2082,2019-03-07,Los Angeles,True,Ac Hotel By Marriott Beverly Hills,2,2,+1 323-852-7000,80,2,6399 Wilshire Boulevard
2083,2019-03-07,New York,True,11 Howard,4,1,+1 212-235-1111,75,3,11 Howard Street
2084,2019-03-05,Los Angeles,True,Banana Bungalow - Hollywood Hostel,1,1,+1 323-469-2500,75,1,"5920 Hollywood Boulevard, Hollywood, CA 90028, USA"
2085,2019-03-08,Portland,True,Aloft Portland Airport At Cascade Station,1,1,+1 503-200-5678,75,3,9920 Northeast Cascades Parkway
2086,2019-03-10,New York,True,1 Hotel Brooklyn Bridge,2,1,+1 833-625-6111,184,1,"60 Furman Street, Brooklyn"
2087,2019-03-05,Seattle,True,Ace Hotel Seattle,4,1,+1 206-448-4721,84,1,2423 1st Avenue
2088,2019-03-08,Vancouver,False,Atrium Inn Vancouver,1,2,+1 604-254-1000,204,2,2889 East Hastings Street
2089,2019-03-09,New York,True,11 Howard,3,1,+1 212-235-1111,225,2,11 Howard Street
2090,2019-03-08,San Diego,True,Bahia Resort Hotel,1,1,+1 858-539-8666,96,3,998 West Mission Bay Drive
2091,2019-03-01,New York,True,1 Hotel Central Park,4,1,+1 212-703-2001,350,5,1414 6th Avenue
2092,2019-03-11,Los Angeles,True,Airtel Plaza Hotel,1,1,+1 800-224-7835,333,3,"7277 Valjean Avenue, Van Nuys, California 91406, United States"
2093,2019-03-10,Philadelphia,True,Aka University City,1,2,+1 215-372-9000,162,1,"Cira Centre South, 2929 Walnut Street"
2094,2019-03-08,New York,True,1 Hotel Central Park,1,1,+1 212-703-2001,185,5,1414 6th Avenue
2095,,New York,True,1 Hotel Brooklyn Bridge,,2,+1 833-625-6111,240,2,"60 Furman Street, Brooklyn"
2096,,New York,True,11 Howard,,2,+1 212-235-1111,342,2,11 Howard Street
2097,,New York,True,6 Columbus Hotel,,2,+1 212-204-3000,252,2,308 West 58th Street
2098,,New York,True,Ac Hotel New York Times Square,,2,+1 212-398-2700,264,2,260 West 40th Street
2099,,New York,True,Ace Hotel,,2,+1 212-991-0551,348,2,20 West 29th Street
2100,,New York,True,Aka Times Square,,2,+1 212-764-5700,276,2,123 West 44th Street
2101,2019-03-03,New York,True,1 Hotel Central Park,2,2,+1 212-703-2001,340,2,1414 6th Avenue
2102,2019-03-08,New York,True,1 Hotel Brooklyn Bridge,2,1,+1 833-625-6111,264,4,"60 Furman Street, Brooklyn"
2103,2019-03-04,San Diego,True,Best Western Mission Bay,1,3,+1 619-275-5700,192,1,2575 Clairemont Drive
2104,2019-03-11,San Francisco,True,Amsterdam Hostel San Francisco,2,1,+1 415-673-3277,24,1,749 Taylor Street
2105,2019-03-12,Philadelphia,True,Aka University City,2,1,+1 215-372-9000,261,3,"Cira Centre South, 2929 Walnut Street"
2106,2019-03-02,Anaheim,True,Anaheim Desert Inn And Suites,2,1,+1 714-772-5050,140,2,1600 South Harbor Boulevard
2107,2019-03-11,New York,True,1 Hotel Brooklyn Bridge,1,1,+1 833-625-6111,224,4,"60 Furman Street, Brooklyn"
2108,,Sacramento,True,Best Western Plus Sutter House,,1,+1 916-441-1314,64,1,1100 H Street
2109,,Sacramento,True,Fairfield Inn By Marriott Sacramento Cal Expo,,1,+1 916-920-5300,192,2,1780 Tribute Road
2110,2019-03-07,New York,True,1 Hotel Central Park,2,1,+1 212-703-2001,350,2,1414 6th Avenue
2111,2019-03-11,Vancouver,False,Atrium Inn Vancouver,2,1,+1 604-254-1000,189,3,2889 East Hastings Street
2112,,Seattle,True,Ace Hotel Seattle,,2,+1 206-448-4721,210,2,2423 1st Avenue
2113,,Seattle,True,Belltown Inn,,2,+1 866-525-4704,180,2,2301 3rd Avenue
2114,,Seattle,True,Best Western Plus Pioneer Square Hotel Downtown,,2,+1 206-340-1234,234,2,77 Yesler Way
2115,,Seattle,True,Courtyard By Marriott Seattle Downtown/Lake Union,,2,+1 206-213-0100,324,2,925 Westlake Avenue North
2116,,Seattle,True,Days Inn By Wyndham Seattle North Of Downtown,,2,+1 800-615-3107,96,2,9100 Aurora Avenue North
2117,,Seattle,True,Even Hotel Seattle Downtown - Lake Union,,2,+1 206-596-2302,288,2,527 Fairview Avenue North
2118,,Seattle,True,Four Points By Sheraton Downtown Seattle Center,,2,+1 206-282-2600,351,2,601 Roy Street
2119,2019-03-08,Seattle,True,Belltown Inn,2,2,+1 866-525-4704,116,2,2301 3rd Avenue
2120,2019-03-08,New York,True,1 Hotel Brooklyn Bridge,4,2,+1 833-625-6111,200,4,"60 Furman Street, Brooklyn"
2121,,Washington D.C.,True,Arc The.Hotel,,2,+1 202-337-6620,210,2,"824 New Hampshire Avenue Northwest, Washington, District of Columbia 20037, United States"
2122,,Washington D.C.,True,"Cambria Hotel Washington, D.C. Convention Center",,3,+1 202-299-1188,261,2,"899 O Street Northwest, Washington, District of Columbia 20001, United States"
2123,,Washington D.C.,True,Capitol Hill Hotel,,2,+1 202-543-6000,222,2,"200 C Street Southeast, Washington, DC 20003, USA"
2124,,Washington D.C.,True,"Club Quarters Hotel In Washington, D.C.",,1,+1 202-463-6400,78,2,"839 17th Street Northwest, Washington, District of Columbia 20006, United States"
2125,,Washington D.C.,True,Courtyard By Marriott Washington Capitol Hill/Navy Yard,,2,+1 202-479-0027,180,2,"140 L Street Southeast, Washington, DC 20003, USA"
2126,,Washington D.C.,True,Courtyard By Marriott Washington Downtown/Convention Center,,2,+1 202-589-1800,216,2,"901 L Street Northwest, Washington, DC 20001, USA"
2127,,Washington D.C.,True,"Courtyard By Marriott Washington, Dc/Dupont Circle",,2,+1 202-332-9300,234,2,"1900 Connecticut Avenue Northwest, Washington, DC 20009, USA"
2128,,Washington D.C.,True,"Courtyard By Marriott Washington, Dc/Foggy Bottom",,1,+1 202-296-5700,111,2,"515 20th Street Northwest, Washington, DC 20006, USA"
2129,2019-03-06,Los Angeles,True,Ac Hotel By Marriott Beverly Hills,1,1,+1 323-852-7000,168,2,6399 Wilshire Boulevard
2130,2019-03-08,New York,True,1 Hotel Brooklyn Bridge,1,3,+1 833-625-6111,264,4,"60 Furman Street, Brooklyn"
2131,2019-03-13,New York,True,1 Hotel Brooklyn Bridge,1,2,+1 833-625-6111,252,4,"60 Furman Street, Brooklyn"
2132,,Anaheim,True,Anaheim Majestic Garden Hotel,,3,+1 714-778-1700,288,3,900 South Disneyland Drive
2133,,Anaheim,True,Anaheim Portofino Inn & Suites,,3,+1 800-341-6301,198,3,1831 South Harbor Boulevard
2134,,Anaheim,True,Best Western Plus Anaheim Inn,,3,+1 714-774-1050,252,3,1630 South Harbor Boulevard
2135,,Anaheim,True,Best Western Plus Pavilions,,3,+1 714-776-0140,99,1,1176 West Katella Avenue
2136,,Anaheim,True,Best Western Plus Stovall'S Inn,,3,+1 714-778-1880,342,3,1110 West Katella Avenue
2137,2019-03-10,San Francisco,True,Amsterdam Hostel San Francisco,2,3,+1 415-673-3277,84,1,749 Taylor Street
2138,2019-03-13,Los Angeles,True,Airtel Plaza Hotel,1,1,+1 800-224-7835,288,1,"7277 Valjean Avenue, Van Nuys, California 91406, United States"
2139,2019-03-07,Philadelphia,True,Aka University City,4,3,+1 215-372-9000,189,3,"Cira Centre South, 2929 Walnut Street"
2140,2019-03-03,New York,True,1 Hotel Brooklyn Bridge,2,1,+1 833-625-6111,104,4,"60 Furman Street, Brooklyn"
2141,2019-03-10,New York,True,1 Hotel Brooklyn Bridge,4,2,+1 833-625-6111,184,4,"60 Furman Street, Brooklyn"
2142,2019-03-10,Portland,True,Aloft Portland Airport At Cascade Station,3,1,+1 503-200-5678,198,3,9920 Northeast Cascades Parkway
2143,2019-03-09,New York,True,1 Hotel Central Park,3,2,+1 212-703-2001,200,5,1414 6th Avenue
2144,2019-03-06,Seattle,True,Ace Hotel Seattle,1,2,+1 206-448-4721,210,1,2423 1st Avenue
2145,2019-03-09,San Diego,True,Bahia Resort Hotel,4,3,+1 858-539-8666,324,3,998 West Mission Bay Drive
2146,2019-03-10,Seattle,True,Belltown Inn,3,1,+1 866-525-4704,58,1,2301 3rd Avenue
2147,2019-03-13,Anaheim,True,Anaheim Portofino Inn & Suites,1,2,+1 800-341-6301,198,3,1831 South Harbor Boulevard
2148,2019-03-09,Sacramento,True,Best Western Plus Sutter House,3,2,+1 916-441-1314,40,1,1100 H Street
2149,2019-03-12,Philadelphia,True,Aka University City,2,2,+1 215-372-9000,261,3,"Cira Centre South, 2929 Walnut Street"
2150,2019-03-06,Seattle,True,Ace Hotel Seattle,2,1,+1 206-448-4721,210,2,2423 1st Avenue
2151,2019-03-08,San Diego,True,Bahia Resort Hotel,1,1,+1 858-539-8666,96,1,998 West Mission Bay Drive
2152,2019-03-12,San Francisco,True,Argonaut Hotel,1,1,+1 415-563-0800,304,1,495 Jefferson Street
2153,2019-03-05,New York,True,1 Hotel Central Park,4,1,+1 212-703-2001,350,3,1414 6th Avenue
2154,,Anaheim,True,Camelot Inn & Suites,,1,+1 714-635-7275,75,1,1520 South Harbor Boulevard
2155,,Anaheim,True,Candlewood Suites Anaheim - Resort Area,,2,+1 714-635-5555,174,3,1733 South Anaheim Boulevard
2156,,Anaheim,True,Clementine Hotel & Suites Anaheim,,3,+1 714-533-3555,315,3,1700 South Clementine Street
2157,2019-03-08,Anaheim,True,Anaheim Majestic Garden Hotel,1,3,+1 714-778-1700,288,3,900 South Disneyland Drive
2158,2019-03-09,New York,True,1 Hotel Brooklyn Bridge,3,1,+1 833-625-6111,240,1,"60 Furman Street, Brooklyn"
2159,2019-03-07,Vancouver,False,Atrium Inn Vancouver,3,1,+1 604-254-1000,222,3,2889 East Hastings Street
2160,2019-03-04,San Diego,True,Bahia Resort Hotel,4,1,+1 858-539-8666,63,2,998 West Mission Bay Drive
2161,2019-03-09,New York,True,11 Howard,2,1,+1 212-235-1111,225,2,11 Howard Street
2162,2019-03-08,Seattle,True,Ace Hotel Seattle,1,1,+1 206-448-4721,120,1,2423 1st Avenue
2163,2019-03-08,New York,True,1 Hotel Brooklyn Bridge,2,2,+1 833-625-6111,264,4,"60 Furman Street, Brooklyn"
2164,2019-03-13,Anaheim,True,Anaheim Desert Inn And Suites,1,2,+1 714-772-5050,116,2,1600 South Harbor Boulevard
2165,2019-03-10,Anaheim,True,Anaheim Desert Inn And Suites,4,1,+1 714-772-5050,96,2,1600 South Harbor Boulevard
2166,,Long Beach,True,The Westin Long Beach,,1,+1 562-436-3000,396,4,333 East Ocean Boulevard
2167,2019-03-04,Long Beach,True,Hyatt Centric The Pike Long Beach,1,1,+1 562-432-1234,132,4,285 Bay Street
2168,2019-03-02,San Diego,True,Bahia Resort Hotel,2,1,+1 858-539-8666,114,3,998 West Mission Bay Drive
2169,2019-03-09,Los Angeles,True,Ac Hotel By Marriott Beverly Hills,1,3,+1 323-852-7000,168,2,6399 Wilshire Boulevard
2170,2019-03-05,Long Beach,True,Best Western Of Long Beach,3,1,+1 562-599-5555,234,2,1725 Long Beach Boulevard
2171,2019-03-07,Vancouver,False,Atrium Inn Vancouver,4,1,+1 604-254-1000,222,2,2889 East Hastings Street
2172,2019-03-10,New York,True,1 Hotel Central Park,3,1,+1 212-703-2001,115,5,1414 6th Avenue
2173,2019-03-09,San Francisco,True,Argonaut Hotel,1,1,+1 415-563-0800,264,4,495 Jefferson Street
2174,2019-03-08,New York,True,1 Hotel Brooklyn Bridge,1,1,+1 833-625-6111,264,4,"60 Furman Street, Brooklyn"
2175,2019-03-07,San Diego,True,Best Western Mission Bay,2,1,+1 619-275-5700,128,2,2575 Clairemont Drive
2176,2019-03-08,Portland,True,Comfort Inn & Suites Portland Airport,2,1,+1 503-252-6397,64,2,5019 Northeast 102nd Avenue
2177,2019-03-02,Paris,False,Le Roch Hotel & Spa,4,1,+33 1 70 83 00 00,130,5,"28 Rue Saint-Roch, 75001"
2178,2019-03-04,New York,True,The Kimberly Hotel,2,1,+1 800-683-0400,108,4,145 East 50th Street
2179,2019-03-04,San Diego,True,Homewood Suites By Hilton San Diego Mission Valley/Zoo,2,2,+1 619-260-0600,252,3,445 Camino del Rio South
2180,2019-03-04,London,False,Hotel Novotel London Excel,1,1,+44 20 7660 0677,296,4,"Royal Victoria Dock, 7 Western Gateway"
2181,2019-03-08,New York,True,Belvedere Hotel,2,2,+1 212-245-7000,180,3,319 West 48th Street
2182,2019-03-02,Chicago,True,Chicago Athletic Association,3,1,+1 312-940-3552,108,4,12 South Michigan Avenue
2183,2019-03-02,Delhi,False,Tivoli Garden Resort Hotel,3,3,+91 85888 50354,189,3,"Chattarpur Mandir Road, Mehrauli, New Delhi"
2184,2019-03-02,Chicago,True,"The Gwen, A Luxury Collection Hotel, Michigan Avenue Chicago",3,1,+1 312-645-1500,136,4,521 North Rush Street
2185,2019-03-10,London,False,"Dorsett City, London",1,1,+44 20 3805 1000,176,4,9 Aldgate High Street
2186,2019-03-07,Sydney,False,"Pier One Sydney Harbour, Autograph Collection",1,1,+61 2 8298 9999,156,4,11 Hickson Road Walsh Bay
2187,2019-03-03,London,False,Airways Hotel London Victoria,1,1,+44 20 7834 0205,69,3,29-31 Saint George's Drive
2188,2019-03-05,Sydney,False,Ibis Budget Wentworthville,2,1,+61 2 9769 1240,126,3,"377/383 Great Western Highway, Wentworthville New South Wales 2145, Australia"
2189,2019-03-08,Washington D.C.,True,Hyatt Place Washington Dc/National Mall,1,1,+1 202-803-6110,81,3,"400 E Street Southwest, Washington, District of Columbia 20024, United States"
2190,2019-03-09,Kuala Lumpur,False,Concorde Hotel Kuala Lumpur,2,1,+60 3-2144 2200,324,4,"2, Jalan Sultan Ismail, Kuala Lumpur, 50250 Kuala Lumpur, Wilayah Persekutuan"
2191,2019-03-01,New York,True,Canal Loft Hotel,4,1,+1 646-882-0428,58,2,94 Canal Street
2192,2019-03-01,San Francisco,True,San Remo Hotel,1,1,+1 800-352-7366,25,1,2237 Mason Street
2193,2019-03-07,Las Vegas,True,Thunderbird Boutique Hotel,2,1,+1 702-489-7500,136,2,1215 South Las Vegas Boulevard
2194,2019-03-09,Washington D.C.,True,Capitol Hill Hotel,1,1,+1 202-543-6000,150,3,"200 C Street Southeast, Washington, DC 20003, USA"
2195,2019-03-03,London,False,The Grosvenor Hotel,3,1,+44 20 7523 5055,276,4,101 Buckingham Palace Road
2196,2019-03-04,Chicago,True,Hyatt Place Chicago/River North,4,1,+1 312-755-1600,108,3,66 West Illinois Street
2197,2019-03-04,New York,True,Hotel Metro Nyc,1,2,+1 800-356-3870,234,3,45 West 35th Street
2198,2019-03-01,Los Angeles,True,Rodeway Inn Hollywood,2,1,+1 323-465-7186,216,2,"6826 Sunset Boulevard, Hollywood, CA 90028, USA"
2199,2019-03-05,Sydney,False,The Sydney Boulevard Hotel,1,1,+61 2 9383 7222,456,4,90 William Street
2200,2019-03-04,Long Beach,True,Hyatt Centric The Pike Long Beach,2,1,+1 562-432-1234,132,4,285 Bay Street
2201,2019-03-02,Vancouver,False,Atrium Inn Vancouver,3,1,+1 604-254-1000,75,3,2889 East Hastings Street
2202,2019-03-10,San Diego,True,The Inn At Sunset Cliffs,2,3,+1 619-224-0443,234,3,1370 Sunset Cliffs Boulevard
2203,2019-03-04,London,False,Sea Containers London (Formerly Mondrian London),3,1,+44 20 3747 1000,432,4,20 Upper Ground
2204,2019-03-05,Sydney,False,Skye Hotel Suites Parramatta,2,1,+61 2 7803 2388,110,5,"30 Hunter Street, Parramatta New South Wales 2150, Australia"
2205,2019-03-06,London,False,Roseate House London,1,1,+44 20 7479 6600,168,4,"Hyde Park, 3 Westbourne Terrace"
2206,2019-03-03,Chicago,True,Residence Inn By Marriott Chicago Downtown/River North,1,1,+1 312-494-9301,297,3,410 North Dearborn Street
2207,2019-03-02,New York,True,Tryp New York City Times Square South,2,2,+1 212-600-2440,312,4,345 West 35th Street
2208,2019-03-08,New York,True,Ny Moore Hostel,2,1,+1 347-227-8634,120,2,"179 Moore Street, Brooklyn"
2209,2019-03-02,London,False,"Seraphine Hammersmith, Sure Hotel Collection By Best Western",3,1,+44 20 8600 0555,88,4,84 King Street
2210,2019-03-04,New York,True,Boro Hotel,4,1,+1 718-433-1375,128,4,"38-28 27th Street, Long Island City"
2211,2019-03-08,New York,True,The Marcel At Gramercy,1,1,+1 212-696-3800,216,4,201 East 24th Street
2212,2019-03-06,Chicago,True,Chicago Marriott O'Hare,4,1,+1 773-693-4444,66,3,8535 West Higgins Road
2213,2019-03-02,Paris,False,Hotel Beaugrenelle Tour Eiffel,1,1,+33 1 45 25 70 89,351,3,"19 Rue Viala, 75015"
2214,2019-03-03,New York,True,Residence Inn By Marriott New York Manhattan/Midtown East,1,1,+1 212-980-1003,234,3,148 East 48th Street
2215,2019-03-07,Long Beach,True,Hotel Current Long Beach,3,1,+1 562-597-5171,234,3,5325 Pacific Coast Highway
2216,2019-03-03,London,False,Smart Russell Square Hostel,2,3,+44 20 7833 8818,93,1,71-72 Guilford Street
2217,2019-03-03,Seattle,True,Green Tortoise Hostel Seattle,1,1,+1 206-340-1222,112,2,105 Pike Street
2218,2019-03-11,New York,True,Hotel Shocard,1,1,+1 212-703-8600,189,3,206 West 41st Street
2219,2019-03-07,Phoenix,True,Ramada By Wyndham Phoenix Midtown,4,1,+1 800-922-5548,342,3,212 West Osborn Road
2220,2019-03-06,Phoenix,True,Vacation Inn Phoenix,1,1,+1 602-257-0801,204,2,2420 West Thomas Road
2221,2019-03-09,Seattle,True,Hotel Max,4,3,+1 206-728-6299,279,3,620 Stewart Street
2222,2019-03-06,Los Angeles,True,Venice On The Beach Hotel,3,1,+1 310-429-0234,204,2,"2819 Ocean Front Walk, Venice, California 90291, United States"
2223,2019-03-01,Los Angeles,True,Hilton Woodland Hills/Los Angeles,1,1,+1 818-595-1000,156,4,"6360 Canoga Avenue, Woodland Hills, California 91367, United States"
2224,2019-03-01,London,False,Pembridge Palace Hotel,2,1,+44 20 7792 3868,204,3,55 Prince's Square
2225,2019-03-11,Toronto,False,Montecassino Hotel And Event Centre,1,1,+1 416-630-8100,192,3,"3710 Chesswood Drive, North York, Ontario M3J 2W4, Canada"
2226,2019-03-05,Washington D.C.,True,The Georgetown Inn,3,2,+1 202-333-8900,126,3,"1310 Wisconsin Avenue Northwest, Washington, District of Columbia 20007, United States"
2227,2019-03-05,Chicago,True,Chicago Athletic Association,4,3,+1 312-940-3552,312,4,12 South Michigan Avenue
2228,2019-03-09,Paris,False,Jules & Jim,1,1,+33 1 44 54 13 13,152,4,"11 Rue des Gravilliers, 75003"
2229,2019-03-04,New York,True,Best Western Plus Plaza Hotel,1,1,+1 718-880-3853,189,3,"3934 21st Street, Long Island City"
2230,2019-03-03,London,False,Premier Inn London Edmonton,2,1,+44 871 527 9404,174,3,Advent Way
2231,2019-03-01,Washington D.C.,True,One Washington Circle Hotel,1,1,+1 202-872-1680,117,3,"1 Washington Circle Northwest, Washington, District of Columbia 20037, United States"
2232,2019-03-07,Chicago,True,Jaslin Hotel,2,1,+1 312-566-4777,84,3,261 West Cermak Road
2233,2019-03-07,Paris,False,Villa Hotel Saxe Eiffel,3,1,+33 1 47 83 86 89,276,4,"9 Villa de Saxe, 75007"
2234,2019-03-09,Sydney,False,Parkroyal Darling Harbour,2,1,+61 2 9261 1188,288,4,150 Day Street
2235,2019-03-03,Sydney,False,Ovolo 1888 Darling Harbour,4,3,+61 2 8586 1888,408,4,"139 Murray Street, Pyrmont New South Wales 2009, Australia"
2236,2019-03-03,San Diego,True,Hilton Garden Inn San Diego Del Mar,3,1,+1 858-720-9500,75,3,3939 Ocean Bluff Avenue
2237,2019-03-08,Seattle,True,Springhill Suites By Marriott Seattle Downtown/South Lake Union,3,1,+1 888-287-9400,168,3,1800 Yale Avenue
2238,2019-03-06,Washington D.C.,True,Washington Court Hotel,1,1,+1 800-321-3010,75,3,"525 New Jersey Avenue Northwest, Washington, District of Columbia 20001, United States"
2239,2019-03-04,Sydney,False,Ovolo 1888 Darling Harbour,2,1,+61 2 8586 1888,324,4,"139 Murray Street, Pyrmont New South Wales 2009, Australia"
2240,2019-03-06,London,False,The Z Hotel Soho,2,1,+44 20 3551 3701,116,4,17 Moor Street
2241,2019-03-03,San Francisco,True,Hotel Beresford,3,1,+1 415-673-9900,126,2,635 Sutter Street
2242,2019-03-03,London,False,The Queens Park Hotel,1,1,+44 20 7229 8080,180,3,48 Queensborough Terrace
2243,2019-03-04,London,False,Kip Hotel,2,1,+44 20 8629 7884,234,2,"2 Aspland Grove, Hackney"
2244,2019-03-01,New York,True,Comfort Inn Midtown West,4,2,+1 520-979-3650,234,3,548 West 48th Street
2245,2019-03-01,New York,True,Hilton Garden Inn New York/Midtown Park Ave,2,1,+1 212-755-1108,204,3,45 East 33rd Street
2246,2019-03-05,New York,True,Courtyard By Marriott New York Downtown Manhattan/World Trade Center Area,4,1,+1 212-346-0088,126,3,133 Greenwich Street
2247,2019-03-05,New York,True,The Tuscany - A St Giles Signature Hotel,4,1,+1 212-686-1600,224,4,120 East 39th Street
2248,2019-03-01,Paris,False,Home Latin,3,2,+33 1 43 26 25 21,288,3,"15-17 Rue du Sommerard, 75005"
2249,2019-03-10,London,False,Norfolk Plaza Hotel,2,1,+44 20 7723 0792,96,3,29/33 Norfolk Square
2250,2019-03-12,San Francisco,True,Argonaut Hotel,1,3,+1 415-563-0800,252,4,495 Jefferson Street
2251,2019-03-09,London,False,Comfort Inn Victoria London,2,1,+44 20 7233 6636,252,3,18-24 Belgrave Road
2252,2019-03-07,New York,True,Nobleden Hotel,2,1,+1 212-390-8988,111,3,196 Grand Street
2253,2019-03-11,New York,True,City Club Hotel,1,3,+1 212-921-5500,252,4,55 West 44th Street
2254,2019-03-03,Philadelphia,True,Aka University City,3,1,+1 215-372-9000,333,3,"Cira Centre South, 2929 Walnut Street"
2255,,Vancouver,False,Auberge Vancouver Hotel,,2,+1 604-678-8899,312,4,837 West Hastings Street
2256,,Vancouver,False,Coast Coal Harbour Vancouver Hotel By Apa,,2,+1 604-697-0202,264,4,1180 West Hastings Street
2257,,Vancouver,False,Exchange Hotel Vancouver,,2,+1 604-563-4693,384,4,475 Howe Street
2258,2019-03-12,Vancouver,False,Atrium Inn Vancouver,2,2,+1 604-254-1000,261,3,2889 East Hastings Street
2259,2019-03-03,New York,True,1 Hotel Central Park,3,2,+1 212-703-2001,340,2,1414 6th Avenue
2260,,Los Angeles,True,Best Western Burbank Airport Inn,,1,+1 818-765-2900,261,2,"7615 Lankershim Boulevard, North Hollywood, California 91605, United States"
2261,,Los Angeles,True,Best Western Plus San Pedro Hotel & Suites,,1,+1 310-514-1414,198,2,"111 South Gaffey Street, San Pedro, California 90731, United States"
2262,,Los Angeles,True,Beverly Hills Marriott,,1,+1 310-553-6561,384,2,1150 South Beverly Drive
2263,,Los Angeles,True,Beverly Laurel Motor Hotel,,1,+1 800-947-7666,204,2,8018 Beverly Boulevard
2264,2019-03-03,Los Angeles,True,Best Western Burbank Airport Inn,1,1,+1 818-765-2900,261,2,"7615 Lankershim Boulevard, North Hollywood, California 91605, United States"
2265,,Kuala Lumpur,False,Alila Bangsar,,1,+60 3-2268 3888,180,1,"East Side, 58, Jalan Ang Seng, Brickfields, 50470"
2266,,Kuala Lumpur,False,Aloft Kuala Lumpur Sentral,,1,+60 3-2723 1188,240,1,"No. 5, Jalan Stesen Sentral, 50470 Kuala Lumpur, Wilayah Persekutuan"
2267,,Kuala Lumpur,False,Ancasa Hotel & Spa Kuala Lumpur,,1,+60 3-2026 6060,114,1,"Jalan Tun Tan Cheng Lock, City Centre, 50500 Kuala Lumpur, Wilayah Persekutuan"
2268,,Kuala Lumpur,False,Arenaa Star Hotel,,1,+60 3-2078 0988,156,1,"49-51, Jalan Hang Lekiu, 50100"
2269,,Kuala Lumpur,False,Banyan Tree Kuala Lumpur,,1,+60 3-2113 1888,555,1,"2, Jalan Conlay, 50450 Kuala Lumpur, Wilayah Persekutuan"
2270,,Kuala Lumpur,False,Citin Hotel Masjid Jamek,,1,+60 3-2693 2999,63,1,"33, Jalan Melayu, City Centre, 50100 Kuala Lumpur, Wilayah Persekutuan"
2271,,Kuala Lumpur,False,Cititel Mid Valley,,1,+60 3-2296 1188,162,1,"Lingkaran Syed Putra, Mid Valley City, 59200 Kuala Lumpur, Wilayah Persekutuan"
2272,,Kuala Lumpur,False,Concorde Hotel Kuala Lumpur,,1,+60 3-2144 2200,124,1,"2, Jalan Sultan Ismail, Kuala Lumpur, 50250 Kuala Lumpur, Wilayah Persekutuan"
2273,,Kuala Lumpur,False,Container Hotel,,1,+60 12-702 2851,104,1,"Jalan Delima, Imbi, 55100 Kuala Lumpur, Wilayah Persekutuan"
2274,,Kuala Lumpur,False,Corus Hotel Kuala Lumpur,,1,+60 3-2161 8888,288,1,"Jalan Ampang, Hampshire Park, 50450 Kuala Lumpur, Wilayah Persekutuan"
2275,2019-03-06,Kuala Lumpur,False,Alila Bangsar,2,1,+60 3-2268 3888,260,1,"East Side, 58, Jalan Ang Seng, Brickfields, 50470"
2276,2019-03-09,London,False,Abercorn House,4,1,+44 20 8563 8692,31,1,28-30 Bute Gardens
2277,2019-03-09,Kuala Lumpur,False,Alila Bangsar,3,1,+60 3-2268 3888,300,5,"East Side, 58, Jalan Ang Seng, Brickfields, 50470"
2278,2019-03-06,London,False,45 Park Lane,1,1,+44 20 7493 4545,135,5,45 Park Lane
2279,,Washington D.C.,True,Comfort Inn Downtown Dc/Convention Center,,1,+1 202-682-5300,204,2,"1201 13th Street Northwest, Washington, District of Columbia 20005, United States"
2280,2019-03-12,Washington D.C.,True,Arc The.Hotel,1,1,+1 202-337-6620,84,3,"824 New Hampshire Avenue Northwest, Washington, District of Columbia 20037, United States"
2281,2019-03-01,London,False,45 Park Lane,2,1,+44 20 7493 4545,480,5,45 Park Lane
2282,2019-03-02,New York,True,1 Hotel Brooklyn Bridge,4,3,+1 833-625-6111,252,4,"60 Furman Street, Brooklyn"
2283,,London,False,45 Park Lane,,1,+44 20 7493 4545,230,3,45 Park Lane
2284,,London,False,Ace Hotel London,,1,+44 20 7613 9800,264,3,100 Shoreditch High Street
2285,,London,False,Amba Hotel Charing Cross,,1,+44 871 376 9012,276,3,Strand
2286,,London,False,Amba Hotel Marble Arch,,1,+44 800 330 8523,288,3,Bryanston Street
2287,,London,False,Ambassadors Bloomsbury Hotel,,1,+44 20 7388 9930,396,3,12 Upper Woburn Place
2288,,London,False,Antoinette Hotel Wimbledon,,1,+44 20 8543 4222,192,3,"The Broadway SW19 1SD, United Kingdom"
2289,2019-03-04,London,False,45 Park Lane,4,1,+44 20 7493 4545,210,3,45 Park Lane
2290,2019-03-04,Toronto,False,Best Western Plus Toronto North York Hotel & Suites,1,1,+1 416-663-9500,186,3,50 Norfinch Drive
2291,2019-03-09,Atlanta,True,Ac Hotel By Marriott Atlanta Buckhead At Phipps Plaza,1,1,+1 470-231-3030,360,4,3600 Wieuca Road Northeast
2292,,Washington D.C.,True,"Cambria Hotel Washington, D.C. Convention Center",,2,+1 202-299-1188,261,3,"899 O Street Northwest, Washington, District of Columbia 20001, United States"
2293,,Washington D.C.,True,"Club Quarters Hotel In Washington, D.C.",,2,+1 202-463-6400,222,3,"839 17th Street Northwest, Washington, District of Columbia 20006, United States"
2294,,Washington D.C.,True,"Courtyard By Marriott Washington, Dc/Foggy Bottom",,2,+1 202-296-5700,174,3,"515 20th Street Northwest, Washington, DC 20006, USA"
2295,,Washington D.C.,True,Eaton Dc,,2,+1 202-289-7600,162,3,"1201 K Street Northwest, Washington, District of Columbia 20005, United States"
2296,,Washington D.C.,True,Embassy Suites By Hilton Washington Dc Chevy Chase Pavilion,,2,+1 202-362-9300,132,3,"4300 Military Road Northwest, Washington, District of Columbia 20015, United States"
2297,2019-03-06,Washington D.C.,True,Arc The.Hotel,2,2,+1 202-337-6620,120,3,"824 New Hampshire Avenue Northwest, Washington, District of Columbia 20037, United States"
2298,2019-03-03,Los Angeles,True,Ac Hotel By Marriott Beverly Hills,2,1,+1 323-852-7000,156,2,6399 Wilshire Boulevard
2299,2019-03-01,San Diego,True,Best Western Mission Bay,4,3,+1 619-275-5700,150,1,2575 Clairemont Drive
2300,,Washington D.C.,True,Arc The.Hotel,,1,+1 202-337-6620,210,2,"824 New Hampshire Avenue Northwest, Washington, District of Columbia 20037, United States"
2301,,Washington D.C.,True,"Cambria Hotel Washington, D.C. Convention Center",,1,+1 202-299-1188,261,2,"899 O Street Northwest, Washington, District of Columbia 20001, United States"
2302,,Washington D.C.,True,Capitol Hill Hotel,,1,+1 202-543-6000,222,2,"200 C Street Southeast, Washington, DC 20003, USA"
2303,,Washington D.C.,True,Courtyard By Marriott Washington Capitol Hill/Navy Yard,,1,+1 202-479-0027,180,2,"140 L Street Southeast, Washington, DC 20003, USA"
2304,,Washington D.C.,True,Courtyard By Marriott Washington Downtown/Convention Center,,1,+1 202-589-1800,216,2,"901 L Street Northwest, Washington, DC 20001, USA"
2305,,Washington D.C.,True,"Courtyard By Marriott Washington, Dc/Dupont Circle",,1,+1 202-332-9300,234,2,"1900 Connecticut Avenue Northwest, Washington, DC 20009, USA"
2306,2019-03-06,Washington D.C.,True,Capitol Hill Hotel,4,1,+1 202-543-6000,138,2,"200 C Street Southeast, Washington, DC 20003, USA"
2307,2019-03-05,Sydney,False,57 Hotel,4,1,+61 2 9011 5756,296,4,"57 Foveaux Street, Surry Hills New South Wales 2010, Australia"
2308,,Sydney,False,28 Hotel Sydney,,1,+61 2 9102 2828,312,3,"28 Regent Street, Chippendale New South Wales 2008, Australia"
2309,,Sydney,False,57 Hotel,,1,+61 2 9011 5756,140,3,"57 Foveaux Street, Surry Hills New South Wales 2010, Australia"
2310,,Sydney,False,Adina Apartment Hotel Bondi Beach Sydney,,1,+61 2 9300 4800,288,3,"69/73 Hall Street, Bondi Beach New South Wales 2026, Australia"
2311,,Sydney,False,Adina Apartment Hotel Coogee Sydney,,1,+61 2 9578 6000,256,3,"183 Coogee Bay Road, Coogee New South Wales 2034, Australia"
2312,,Sydney,False,Adina Apartment Hotel Sydney Airport,,1,+61 2 9381 2000,288,3,"17 Bourke Road, Mascot New South Wales 2020, Australia"
2313,,Sydney,False,Adina Apartment Hotel Sydney Central,,1,+61 2 8396 9800,92,3,"2 Lee Street, Haymarket New South Wales 2000, Australia"
2314,,Sydney,False,Adina Apartment Hotel Sydney Darling Harbour,,1,+61 2 9249 7000,240,3,55 Shelley Street
2315,,Sydney,False,Adina Apartment Hotel Sydney Surry Hills,,1,+61 2 8302 1000,408,3,"359 Crown Street, Surry Hills New South Wales 2010, Australia"
2316,,Sydney,False,Adina Apartment Hotel Sydney Town Hall,,1,+61 2 9274 0000,456,3,511 Kent Street
2317,,Sydney,False,Adina Serviced Apartments Sydney Martin Place (Formerly Medina),,1,+61 1300 633 462,276,3,1 Hosking Place
2318,2019-03-10,Sydney,False,28 Hotel Sydney,3,1,+61 2 9102 2828,360,3,"28 Regent Street, Chippendale New South Wales 2008, Australia"
2319,2019-03-03,New York,True,11 Howard,1,2,+1 212-235-1111,192,1,11 Howard Street
2320,2019-03-08,New York,True,1 Hotel Central Park,1,3,+1 212-703-2001,585,5,1414 6th Avenue
2321,,Paris,False,Ac Hotel By Marriott Paris Porte Maillot,,3,+33 1 84 82 49 09,432,2,"6 Rue Gustave Charpentier, 75017"
2322,,Paris,False,Amastan Paris,,3,+33 1 49 52 99 70,336,2,"34 Rue Jean Mermoz, 75008"
2323,,Paris,False,Aparthotel Adagio Paris Montmartre,,3,+33 1 42 57 14 55,351,2,"10 Place Charles Dullin, 75018"
2324,,Paris,False,Avalon Hotel Paris Gare Du Nord,,3,+33 1 42 85 50 00,351,2,"131 Boulevard de Magenta, 75010"
2325,,Paris,False,Buddha-Bar Hotel Paris,,3,+33 1 83 96 88 88,480,2,"4 Rue d'Anjou, 75008"
2326,2019-03-06,Paris,False,Amastan Paris,3,3,+33 1 49 52 99 70,240,2,"34 Rue Jean Mermoz, 75008"
2327,2019-03-01,New York,True,1 Hotel Brooklyn Bridge,4,2,+1 833-625-6111,216,4,"60 Furman Street, Brooklyn"
2328,,Chicago,True,Ambassador Chicago,,2,+1 888-506-3471,372,3,1301 North State Parkway
2329,,Chicago,True,Chicago Athletic Association,,2,+1 312-940-3552,372,3,12 South Michigan Avenue
2330,,Chicago,True,Chicago Lake Shore Hotel,,2,+1 773-288-5800,342,3,"3250, 4900B South Lake Shore Drive"
2331,2019-03-03,Chicago,True,Ac Hotel By Marriott Chicago Downtown,3,2,+1 312-981-6600,252,3,630 North Rush Street
2332,,New York,True,Aka Times Square,,3,+1 212-764-5700,276,3,123 West 44th Street
2333,2019-03-01,New York,True,1 Hotel Central Park,2,1,+1 212-703-2001,350,3,1414 6th Avenue
2334,,London,False,Abercorn House,,2,+44 20 8563 8692,84,1,28-30 Bute Gardens
2335,,London,False,Accommodation London Bridge,,2,+44 20 7403 4299,207,3,58 Great Dover Street
2336,,London,False,Ace Hotel London,,2,+44 20 7613 9800,264,4,100 Shoreditch High Street
2337,,London,False,Airways Hotel London Victoria,,2,+44 20 7834 0205,297,3,29-31 Saint George's Drive
2338,,London,False,Amba Hotel Charing Cross,,2,+44 871 376 9012,276,4,Strand
2339,,London,False,Amba Hotel Marble Arch,,2,+44 800 330 8523,288,4,Bryanston Street
2340,,London,False,Ambassadors Bloomsbury Hotel,,2,+44 20 7388 9930,396,4,12 Upper Woburn Place
2341,2019-03-05,London,False,Abc Hyde Park Hotel,3,2,+44 20 7706 4660,252,3,121 Sussex Gardens
2342,2019-03-05,San Francisco,True,Amsterdam Hostel San Francisco,3,1,+1 415-673-3277,24,1,749 Taylor Street
2343,2019-03-03,San Francisco,True,Beck'S Motor Lodge,4,1,+1 415-621-8212,92,1,2222 Market Street
2344,2019-03-04,Sydney,False,57 Hotel,3,1,+61 2 9011 5756,300,4,"57 Foveaux Street, Surry Hills New South Wales 2010, Australia"
2345,,New York,True,1 Hotel Central Park,,3,+1 212-703-2001,315,5,1414 6th Avenue
2346,,New York,True,Ac Hotel New York Times Square,,3,+1 212-398-2700,432,4,260 West 40th Street
2347,,New York,True,Ace Hotel,,3,+1 212-991-0551,348,4,20 West 29th Street
2348,,New York,True,Adria Hotel & Conference Center,,3,+1 718-631-5900,261,3,"221-17 Northern Boulevard, Bayside"
2349,,New York,True,Aka Central Park,,3,+1 646-744-3100,384,4,42 West 58th Street
2350,,New York,True,Aka Wall Street,,3,+1 212-252-9090,432,4,84 William Street
2351,2019-03-05,New York,True,1 Hotel Brooklyn Bridge,2,3,+1 833-625-6111,456,4,"60 Furman Street, Brooklyn"
2352,2019-03-08,New York,True,11 Howard,2,1,+1 212-235-1111,174,1,11 Howard Street
2353,2019-03-04,London,False,Abercorn House,1,1,+44 20 8563 8692,69,1,28-30 Bute Gardens
2354,2019-03-11,San Diego,True,Best Western Plus Bayside Inn,1,1,+1 619-233-7500,81,2,555 West Ash Street
2355,2019-03-05,Nairobi,False,Azure Hotel Nairobi Westlands,1,3,+254 709 716000,420,5,Lantana Road
2356,2019-03-13,London,False,45 Park Lane,1,2,+44 20 7493 4545,450,5,45 Park Lane
2357,,Las Vegas,True,Oasis At Gold Spike,,1,+1 702-768-9823,108,1,217 Las Vegas Boulevard North
2358,,Las Vegas,True,Thunderbird Boutique Hotel,,1,+1 702-489-7500,68,1,1215 South Las Vegas Boulevard
2359,2019-03-05,Las Vegas,True,Budget Suites Of America,1,1,+1 702-638-1800,72,1,2219 North Rancho Drive
2360,,San Francisco,True,Hotel Spero,,3,+1 415-885-2500,396,4,405 Taylor Street
2361,,San Francisco,True,Hotel Via,,1,+1 415-200-4977,88,4,138 King Street
2362,,San Francisco,True,Hotel Zelos San Francisco,,1,+1 415-348-1111,144,4,12 4th Street
2363,,San Francisco,True,Hotel Zeppelin San Francisco,,1,+1 415-563-0303,100,4,545 Post Street
2364,,San Francisco,True,Hotel Zoe Fisherman'S Wharf,,1,+1 415-561-1100,120,4,425 North Point Street
2365,,San Francisco,True,Hyatt Centric Fishermans Wharf San Francisco,,3,+1 415-563-1234,468,4,555 North Point Street
2366,,San Francisco,True,Parc 55 San Francisco - A Hilton Hotel,,1,+1 415-392-8000,152,4,55 Cyril Magnin Street
2367,,San Francisco,True,Pier 2620 Hotel Fisherman'S Wharf,,2,+1 800-228-8408,280,4,2620 Jones Street
2368,,San Francisco,True,The Marker San Francisco,,1,+1 415-292-0100,108,4,501 Geary Street
2369,2019-03-07,San Francisco,True,Argonaut Hotel,1,1,+1 415-563-0800,272,4,495 Jefferson Street
2370,2019-03-06,Paris,False,Aparthotel Adagio Access Paris La Villette,1,1,+33 1 44 72 42 00,156,3,"28bis Avenue Corentin Cariou, 75019"
2371,2019-03-07,Los Angeles,True,Banana Bungalow - Hollywood Hostel,1,2,+1 323-469-2500,66,1,"5920 Hollywood Boulevard, Hollywood, CA 90028, USA"
2372,2019-03-07,London,False,Abercorn House,2,1,+44 20 8563 8692,81,1,28-30 Bute Gardens
2373,,Paris,False,Aparthotel Adagio Access Paris La Villette,,1,+33 1 44 72 42 00,315,2,"28bis Avenue Corentin Cariou, 75019"
2374,,Paris,False,Austin'S Saint Lazare HoTel,,1,+33 1 48 74 48 71,297,2,"26 Rue d'Amsterdam, 75009"
2375,,Paris,False,Avalon Hotel Paris Gare Du Nord,,1,+33 1 42 85 50 00,216,2,"131 Boulevard de Magenta, 75010"
2376,,Paris,False,Best Western Bretagne Montparnasse,,1,+33 1 45 38 52 59,360,2,"33 Rue Raymond Losserand, 75014"
2377,,Paris,False,Bob Hotel By Elegancia,,1,+33 1 40 43 02 33,264,2,"30 Rue Pernety, 75014"
2378,,Paris,False,Brach Paris,,1,+33 1 44 30 10 00,465,2,"1-7 Rue Jean Richepin, 75016"
2379,2019-03-02,Paris,False,Amastan Paris,4,1,+33 1 49 52 99 70,144,2,"34 Rue Jean Mermoz, 75008"
2380,2019-03-11,San Diego,True,Bahia Resort Hotel,3,1,+1 858-539-8666,186,3,998 West Mission Bay Drive
2381,2019-03-08,New York,True,11 Howard,1,1,+1 212-235-1111,174,3,11 Howard Street
2382,2019-03-10,London,False,Abc Hyde Park Hotel,1,1,+44 20 7706 4660,87,3,121 Sussex Gardens
2383,2019-03-02,Sydney,False,57 Hotel,3,1,+61 2 9011 5756,140,4,"57 Foveaux Street, Surry Hills New South Wales 2010, Australia"
2384,2019-03-02,New York,True,11 Howard,3,2,+1 212-235-1111,288,3,11 Howard Street
2385,2019-03-05,Paris,False,Ac Hotel By Marriott Paris Porte Maillot,3,1,+33 1 84 82 49 09,120,4,"6 Rue Gustave Charpentier, 75017"
2386,,London,False,45 Park Lane,,2,+44 20 7493 4545,230,4,45 Park Lane
2387,,London,False,Apex City Of London Hotel,,2,+44 20 7702 2020,272,4,1 Seething Lane
2388,,London,False,Apex London Wall Hotel,,2,+44 20 7562 3030,240,4,7-9 Copthall Avenue
2389,,London,False,Apex Temple Court Hotel,,2,+44 20 3004 4141,252,4,"1-2, Serjeant's Inn"
2390,,London,False,Artist Residence London,,2,+44 20 3019 8610,288,4,52 Cambridge Street
2391,,London,False,Batty Langley'S Hotel,,2,+44 20 7377 4390,390,4,12 Folgate Street
2392,2019-03-12,London,False,Amba Hotel Charing Cross,1,2,+44 871 376 9012,456,4,Strand
2393,2019-03-05,Paris,False,Ac Hotel By Marriott Paris Porte Maillot,3,2,+33 1 84 82 49 09,456,4,"6 Rue Gustave Charpentier, 75017"
2394,,London,False,45 Park Lane,,2,+44 20 7493 4545,230,3,45 Park Lane
2395,,London,False,Ace Hotel London,,3,+44 20 7613 9800,264,3,100 Shoreditch High Street
2396,,London,False,Amba Hotel Charing Cross,,3,+44 871 376 9012,276,3,Strand
2397,,London,False,Amba Hotel Marble Arch,,3,+44 800 330 8523,288,3,Bryanston Street
2398,,London,False,Ambassadors Bloomsbury Hotel,,3,+44 20 7388 9930,396,3,12 Upper Woburn Place
2399,,London,False,Antoinette Hotel Wimbledon,,2,+44 20 8543 4222,192,3,"The Broadway SW19 1SD, United Kingdom"
2400,2019-03-09,London,False,45 Park Lane,3,1,+44 20 7493 4545,450,3,45 Park Lane
2401,2019-03-05,Paris,False,Aparthotel Adagio Access Paris La Villette,4,1,+33 1 44 72 42 00,333,3,"28bis Avenue Corentin Cariou, 75019"
2402,,New York,True,Aliz Hotel Times Square,,2,+1 646-609-5122,264,4,310 West 40th Street
2403,2019-03-01,New York,True,1 Hotel Central Park,4,2,+1 212-703-2001,350,4,1414 6th Avenue
2404,2019-03-06,Sydney,False,28 Hotel Sydney,1,2,+61 2 9102 2828,252,4,"28 Regent Street, Chippendale New South Wales 2008, Australia"
2405,2019-03-08,Los Angeles,True,Ac Hotel By Marriott Beverly Hills,2,1,+1 323-852-7000,124,2,6399 Wilshire Boulevard
2406,,Washington D.C.,True,Arc The.Hotel,,1,+1 202-337-6620,210,1,"824 New Hampshire Avenue Northwest, Washington, District of Columbia 20037, United States"
2407,,Washington D.C.,True,"Cambria Hotel Washington, D.C. Convention Center",,1,+1 202-299-1188,261,1,"899 O Street Northwest, Washington, District of Columbia 20001, United States"
2408,,Washington D.C.,True,Capitol Hill Hotel,,1,+1 202-543-6000,222,1,"200 C Street Southeast, Washington, DC 20003, USA"
2409,,Washington D.C.,True,"Club Quarters Hotel In Washington, D.C.",,1,+1 202-463-6400,78,1,"839 17th Street Northwest, Washington, District of Columbia 20006, United States"
2410,,Washington D.C.,True,Comfort Inn Downtown Dc/Convention Center,,1,+1 202-682-5300,204,1,"1201 13th Street Northwest, Washington, District of Columbia 20005, United States"
2411,,Washington D.C.,True,Courtyard By Marriott Washington Capitol Hill/Navy Yard,,1,+1 202-479-0027,180,1,"140 L Street Southeast, Washington, DC 20003, USA"
2412,,Washington D.C.,True,Courtyard By Marriott Washington Downtown/Convention Center,,1,+1 202-589-1800,216,1,"901 L Street Northwest, Washington, DC 20001, USA"
2413,,Washington D.C.,True,"Courtyard By Marriott Washington, Dc/Dupont Circle",,1,+1 202-332-9300,234,1,"1900 Connecticut Avenue Northwest, Washington, DC 20009, USA"
2414,,Washington D.C.,True,"Courtyard By Marriott Washington, Dc/Foggy Bottom",,1,+1 202-296-5700,111,1,"515 20th Street Northwest, Washington, DC 20006, USA"
2415,,Washington D.C.,True,Days Inn By Wyndham Washington Dc/Connecticut Avenue,,1,+1 800-615-3107,78,1,"4400 Connecticut Avenue Northwest, Washington, District of Columbia 20008, United States"
2416,2019-03-07,Washington D.C.,True,Arc The.Hotel,1,1,+1 202-337-6620,225,1,"824 New Hampshire Avenue Northwest, Washington, District of Columbia 20037, United States"
2417,2019-03-10,Seattle,True,Belltown Inn,2,1,+1 866-525-4704,58,2,2301 3rd Avenue
2418,2019-03-05,New York,True,1 Hotel Central Park,1,2,+1 212-703-2001,350,5,1414 6th Avenue
2419,,Washington D.C.,True,Hyatt Regency Washington On Capitol Hill,,1,+1 202-737-1234,240,4,"400 New Jersey Avenue Northwest, Washington, District of Columbia 20001, United States"
2420,,Washington D.C.,True,Intercontinental Washington D.C. - The Wharf,,1,+1 202-800-0844,216,4,"801 Wharf Street Southwest, Washington, District of Columbia 20024, United States"
2421,,Washington D.C.,True,"Jw Marriott Washington, Dc",,1,+1 800-228-9290,252,4,"1331 Pennsylvania Avenue Northwest, Washington, District of Columbia 20004, United States"
2422,,Washington D.C.,True,Kimpton Hotel Madera,,1,+1 800-430-1202,124,4,"1310 New Hampshire Avenue Northwest, Washington, District of Columbia 20036, United States"
2423,,Washington D.C.,True,"Marriott Vacation Club Pulse At The Mayflower, Washington, D.C.",,1,+1 202-347-3000,96,4,"1127 Connecticut Avenue Northwest, Washington, District of Columbia 20036, United States"
2424,,Washington D.C.,True,The District By Hilton Club,,1,+1 202-449-3100,160,4,"1250 22nd Street Northwest, Washington, District of Columbia 20037, United States"
2425,,Washington D.C.,True,"The Graham Washington Dc Georgetown, Tapestry Collection By Hilton",,1,+1 202-337-0900,240,4,"1075 Thomas Jefferson Street Northwest, Washington, District of Columbia 20007, United States"
2426,,Washington D.C.,True,The Line Dc,,1,+1 202-588-0525,525,4,"1770 Euclid Street Northwest, Washington, District of Columbia 20009, United States"
2427,,Washington D.C.,True,"Trump International Hotel Washington, D.C.",,1,+1 202-695-1100,390,4,"1100 Pennsylvania Avenue Northwest, Washington, DC 20004, USA"
2428,,Washington D.C.,True,Washington Marriott At Metro Center,,1,+1 800-228-9290,280,4,"775 12th Street Northwest, Washington, DC 20005, USA"
2429,2019-03-04,Washington D.C.,True,Hyatt Regency Washington On Capitol Hill,2,1,+1 202-737-1234,160,4,"400 New Jersey Avenue Northwest, Washington, District of Columbia 20001, United States"
2430,,Phoenix,True,Aloft Phoenix-Airport,,3,+1 602-275-6300,351,3,4450 East Washington Street
2431,,Phoenix,True,Arizona Grand Resort & Spa,,3,+1 602-426-2638,252,3,8000 Arizona Grand Parkway
2432,,Phoenix,True,Cambria Hotel North Scottsdale Desert Ridge,,3,+1 480-585-6644,243,3,4425 E Irma Ln&nbsp
2433,,Phoenix,True,Courtyard By Marriott Phoenix Downtown,,3,+1 602-603-2001,198,3,132 South Central Avenue
2434,,Phoenix,True,Doubletree Suites By Hilton Hotel Phoenix,,3,+1 602-225-0500,342,3,320 North 44th Street
2435,,Phoenix,True,Drury Inn & Suites Phoenix Airport,,3,+1 602-437-8400,333,3,3333 East University Drive
2436,,Phoenix,True,Drury Inn & Suites Phoenix Happy Valley,,3,+1 623-879-8800,225,3,2335 West Pinnacle Peak Road
2437,,Phoenix,True,Embassy Suites By Hilton Phoenix Airport,,3,+1 602-957-1910,324,3,2333 East Thomas Road
2438,,Phoenix,True,Embassy Suites By Hilton Phoenix Biltmore,,3,+1 602-955-3992,243,3,2630 East Camelback Road
2439,2019-03-12,Phoenix,True,Cambria Hotel North Scottsdale Desert Ridge,1,3,+1 480-585-6644,225,3,4425 E Irma Ln&nbsp
2440,2019-03-05,London,False,Accommodation London Bridge,1,1,+44 20 7403 4299,189,3,58 Great Dover Street
2441,2019-03-04,San Francisco,True,Beck'S Motor Lodge,1,2,+1 415-621-8212,92,2,2222 Market Street
2442,2019-03-06,Philadelphia,True,Aka University City,4,1,+1 215-372-9000,84,3,"Cira Centre South, 2929 Walnut Street"
2443,,Toronto,False,Bisha Hotel Toronto,,1,+1 416-551-2800,232,3,80 Blue Jays Way
2444,2019-03-03,Toronto,False,Best Western Primrose Hotel Downtown-Toronto,4,1,+1 800-780-7234,78,2,111 Carlton Street
2445,2019-03-08,New York,True,11 Howard,1,2,+1 212-235-1111,174,3,11 Howard Street
2446,2019-03-07,Philadelphia,True,Aloft Philadelphia Airport,1,1,+1 267-298-1700,126,3,4301 Island Avenue
2447,2019-03-05,Los Angeles,True,Ac Hotel By Marriott Beverly Hills,2,3,+1 323-852-7000,234,2,6399 Wilshire Boulevard
2448,2019-03-07,Washington D.C.,True,Arc The.Hotel,2,1,+1 202-337-6620,225,3,"824 New Hampshire Avenue Northwest, Washington, District of Columbia 20037, United States"
2449,,Toronto,False,Best Western Plus Toronto North York Hotel & Suites,,1,+1 416-663-9500,216,1,50 Norfinch Drive
2450,,Toronto,False,Best Western Premier Toronto Airport Carlingview Hotel,,1,+1 416-637-7000,150,1,"135 Carlingview Drive, Etobicoke, Ontario M9W 5E7, Canada"
2451,,Toronto,False,Best Western Primrose Hotel Downtown-Toronto,,1,+1 800-780-7234,78,1,111 Carlton Street
2452,,Toronto,False,Bisha Hotel Toronto,,1,+1 416-551-2800,232,1,80 Blue Jays Way
2453,,Toronto,False,Bond Place Hotel Toronto,,1,+1 800-268-9390,156,1,65 Dundas Street East
2454,,Toronto,False,Cambridge Suites Toronto,,1,+1 800-463-1990,136,1,15 Richmond Street East
2455,,Toronto,False,Comfort Inn Toronto North,,1,+1 416-736-4700,136,1,"66 Norfinch Drive, North York, Ontario M3N 1X1, Canada"
2456,,Toronto,False,Courtyard By Marriott Toronto Airport,,1,+1 416-675-0411,96,1,"231 Carlingview Drive, Etobicoke, Ontario M9W 5E8, Canada"
2457,,Toronto,False,Courtyard By Marriott Toronto Downtown,,1,+1 416-924-0611,180,1,475 Yonge Street
2458,,Toronto,False,Crowne Plaza Toronto Airport,,1,+1 416-675-1234,90,1,"33 Carlson Court, Etobicoke, Ontario M9W 6H5, Canada"
2459,2019-03-08,Toronto,False,Best Western Premier Toronto Airport Carlingview Hotel,1,1,+1 416-637-7000,75,1,"135 Carlingview Drive, Etobicoke, Ontario M9W 5E7, Canada"
2460,2019-03-08,Kuala Lumpur,False,Alila Bangsar,3,1,+60 3-2268 3888,240,5,"East Side, 58, Jalan Ang Seng, Brickfields, 50470"
2461,,Toronto,False,Best Western Plus Toronto North York Hotel & Suites,,3,+1 416-663-9500,342,3,50 Norfinch Drive
2462,,Toronto,False,Best Western Premier Toronto Airport Carlingview Hotel,,3,+1 416-637-7000,279,3,"135 Carlingview Drive, Etobicoke, Ontario M9W 5E7, Canada"
2463,,Toronto,False,Best Western Primrose Hotel Downtown-Toronto,,3,+1 800-780-7234,270,3,111 Carlton Street
2464,,Toronto,False,Bisha Hotel Toronto,,3,+1 416-551-2800,360,4,80 Blue Jays Way
2465,,Toronto,False,Bond Place Hotel Toronto,,3,+1 800-268-9390,207,3,65 Dundas Street East
2466,,Toronto,False,Cambridge Suites Toronto,,3,+1 800-463-1990,240,4,15 Richmond Street East
2467,,Toronto,False,Comfort Inn Toronto North,,3,+1 416-736-4700,150,2,"66 Norfinch Drive, North York, Ontario M3N 1X1, Canada"
2468,,Toronto,False,Courtyard By Marriott Toronto Airport,,3,+1 416-675-0411,216,3,"231 Carlingview Drive, Etobicoke, Ontario M9W 5E8, Canada"
2469,,Toronto,False,Crowne Plaza Toronto Airport,,3,+1 416-675-1234,234,3,"33 Carlson Court, Etobicoke, Ontario M9W 6H5, Canada"
2470,,Toronto,False,Best Western Plus Toronto North York Hotel & Suites,,3,+1 416-663-9500,342,2,50 Norfinch Drive
2471,,Toronto,False,Best Western Premier Toronto Airport Carlingview Hotel,,3,+1 416-637-7000,279,2,"135 Carlingview Drive, Etobicoke, Ontario M9W 5E7, Canada"
2472,,Toronto,False,Best Western Primrose Hotel Downtown-Toronto,,3,+1 800-780-7234,270,2,111 Carlton Street
2473,,Toronto,False,Bisha Hotel Toronto,,3,+1 416-551-2800,360,2,80 Blue Jays Way
2474,,Toronto,False,Bond Place Hotel Toronto,,3,+1 800-268-9390,207,2,65 Dundas Street East
2475,,Toronto,False,Cambridge Suites Toronto,,3,+1 800-463-1990,240,2,15 Richmond Street East
2476,,Toronto,False,Courtyard By Marriott Toronto Airport,,3,+1 416-675-0411,216,2,"231 Carlingview Drive, Etobicoke, Ontario M9W 5E8, Canada"
2477,,Toronto,False,Courtyard By Marriott Toronto Downtown,,3,+1 416-924-0611,180,2,475 Yonge Street
2478,,Toronto,False,Crowne Plaza Toronto Airport,,3,+1 416-675-1234,234,2,"33 Carlson Court, Etobicoke, Ontario M9W 6H5, Canada"
2479,2019-03-02,Toronto,False,Best Western Primrose Hotel Downtown-Toronto,2,3,+1 800-780-7234,324,2,111 Carlton Street
2480,2019-03-02,Chicago,True,Ac Hotel By Marriott Chicago Downtown,2,2,+1 312-981-6600,198,3,630 North Rush Street
2481,2019-03-01,New York,True,1 Hotel Central Park,4,2,+1 212-703-2001,350,5,1414 6th Avenue
2482,2019-03-10,London,False,Abercorn House,1,1,+44 20 8563 8692,114,1,28-30 Bute Gardens
2483,2019-03-02,New York,True,1 Hotel Brooklyn Bridge,1,3,+1 833-625-6111,252,4,"60 Furman Street, Brooklyn"
2484,2019-03-08,London,False,45 Park Lane,2,2,+44 20 7493 4545,330,5,45 Park Lane
2485,,Anaheim,True,Best Western Plus Anaheim Inn,,2,+1 714-774-1050,138,2,1630 South Harbor Boulevard
2486,,Anaheim,True,Candlewood Suites Anaheim - Resort Area,,2,+1 714-635-5555,174,2,1733 South Anaheim Boulevard
2487,,Anaheim,True,Anaheim Desert Inn And Suites,,1,+1 714-772-5050,128,1,1600 South Harbor Boulevard
2488,,Anaheim,True,Ayres Hotel Anaheim,,1,+1 714-634-2106,342,1,2550 East Katella Avenue
2489,,Anaheim,True,Best Western Plus Anaheim Inn,,1,+1 714-774-1050,138,1,1630 South Harbor Boulevard
2490,,Anaheim,True,Best Western Plus Park Place Inn - Mini Suites,,1,+1 714-776-4800,333,1,1544 South Harbor Boulevard
2491,,Fresno,True,Piccadilly Inn Airport,,2,+1 559-375-7760,297,2,5115 East McKinley Avenue
2492,,Fresno,True,Springhill Suites By Marriott Fresno,,2,+1 888-287-9400,207,2,6844 North Fresno Street
2493,,Fresno,True,Doubletree By Hilton Hotel Fresno Convention Center,,2,+1 559-268-1000,222,1,2233 Ventura Street
2494,,Fresno,True,La Quinta Inn By Wyndham Fresno Yosemite,,2,+1 559-442-1110,104,1,2926 Tulare Street
2495,,Fresno,True,Piccadilly Inn Airport,,3,+1 559-375-7760,297,1,5115 East McKinley Avenue
2496,,Fresno,True,Radisson Hotel Fresno Conference Center,,2,+1 559-233-6650,120,1,1055 Van Ness Avenue
2497,,Fresno,True,Springhill Suites By Marriott Fresno,,3,+1 888-287-9400,207,1,6844 North Fresno Street
2498,,Fresno,True,Doubletree By Hilton Hotel Fresno Convention Center,,3,+1 559-268-1000,297,2,2233 Ventura Street
2499,,Fresno,True,La Quinta Inn By Wyndham Fresno Yosemite,,3,+1 559-442-1110,174,2,2926 Tulare Street
2500,,Fresno,True,Radisson Hotel Fresno Conference Center,,3,+1 559-233-6650,252,2,1055 Van Ness Avenue
2501,,Fresno,True,Doubletree By Hilton Hotel Fresno Convention Center,,1,+1 559-268-1000,222,1,2233 Ventura Street
2502,,Fresno,True,La Quinta Inn By Wyndham Fresno Yosemite,,1,+1 559-442-1110,104,1,2926 Tulare Street
2503,,Fresno,True,Piccadilly Inn Airport,,1,+1 559-375-7760,297,1,5115 East McKinley Avenue
2504,,Fresno,True,Radisson Hotel Fresno Conference Center,,1,+1 559-233-6650,120,1,1055 Van Ness Avenue
2505,,Fresno,True,Springhill Suites By Marriott Fresno,,1,+1 888-287-9400,207,1,6844 North Fresno Street
2506,,Sacramento,True,Doubletree By Hilton Hotel Sacramento,,2,+1 916-929-8855,207,3,2001 Point West Way
2507,,Sacramento,True,Embassy Suites By Hilton Sacramento Riverfront Promenade,,2,+1 916-326-5000,306,3,100 Capitol Mall
2508,,Sacramento,True,Four Points By Sheraton Sacramento International Airport,,2,+1 916-263-9000,234,3,4900 Duckhorn Drive
2509,,Sacramento,True,Hilton Sacramento Arden West,,2,+1 916-922-4700,120,3,2200 Harvard Street
2510,,Sacramento,True,Holiday Inn Express Sacramento Convention Center,,2,+1 916-444-4436,279,3,728 16th Street
2511,,Sacramento,True,Holiday Inn Sacramento Downtown - Arena,,2,+1 916-446-0100,180,3,300 J Street
2512,,Fresno,True,Piccadilly Inn Airport,,2,+1 559-375-7760,297,3,5115 East McKinley Avenue
2513,,Fresno,True,Springhill Suites By Marriott Fresno,,2,+1 888-287-9400,207,3,6844 North Fresno Street
2514,,Vancouver,False,Georgian Court Hotel,,1,+1 800-663-1155,360,4,773 Beatty Street
2515,,Vancouver,False,Hotel Blu Vancouver,,1,+1 604-620-6200,304,4,177 Robson Street
2516,,Vancouver,False,L'Hermitage Vancouver,,1,+1 888-855-1050,468,4,788 Richards Street
2517,,Vancouver,False,Loden Hotel,,1,+1 604-669-5060,248,4,1177 Melville Street
2518,,Philadelphia,True,Aka University City,,2,+1 215-372-9000,261,2,"Cira Centre South, 2929 Walnut Street"
2519,,Philadelphia,True,Aloft Philadelphia Airport,,2,+1 267-298-1700,270,2,4301 Island Avenue
2520,,Philadelphia,True,Aloft Philadelphia Downtown,,2,+1 215-607-2020,333,2,101 North Broad Street
2521,,Philadelphia,True,"Club Quarters Hotel, Philadelphia",,2,+1 215-282-5000,204,2,1628 Chestnut Street
2522,,Philadelphia,True,Doubletree By Hilton Hotel Philadelphia Airport,,2,+1 215-365-4150,252,2,4509 Island Avenue
2523,,Philadelphia,True,Embassy Suites By Hilton Philadelphia Airport,,2,+1 215-365-4500,186,2,9000 Bartram Avenue
2524,,Fresno,True,Doubletree By Hilton Hotel Fresno Convention Center,,3,+1 559-268-1000,297,3,2233 Ventura Street
2525,,Fresno,True,Radisson Hotel Fresno Conference Center,,3,+1 559-233-6650,252,3,1055 Van Ness Avenue
2526,,Los Angeles,True,Airtel Plaza Hotel,,2,+1 800-224-7835,192,1,"7277 Valjean Avenue, Van Nuys, California 91406, United States"
2527,,Los Angeles,True,Best Western Burbank Airport Inn,,2,+1 818-765-2900,261,1,"7615 Lankershim Boulevard, North Hollywood, California 91605, United States"
2528,,Los Angeles,True,Best Western Hollywood Plaza Inn,,2,+1 323-851-1800,168,1,"2011 North Highland Avenue, Hollywood, California 90068, United States"
2529,,Los Angeles,True,Best Western Los Angeles Worldport Hotel,,2,+1 310-834-3400,112,1,"1402 West Pacific Coast Highway, Wilmington, California 90744, United States"
2530,,Los Angeles,True,Best Western Plus Dragon Gate Inn,,2,+1 213-617-3077,126,1,818 North Hill Street
2531,,Los Angeles,True,Best Western Plus Hollywood Hills Hotel,,2,+1 323-464-5181,156,1,"6141 Franklin Avenue, Hollywood, California 90028, United States"
2532,,Los Angeles,True,Beverly Hills Marriott,,2,+1 310-553-6561,384,1,1150 South Beverly Drive
2533,,Las Vegas,True,Best Western Plus Las Vegas West,,3,+1 702-256-3766,261,2,8669 West Sahara Avenue
2534,,Las Vegas,True,Hampton Inn Las Vegas/Summerlin,,3,+1 702-360-5700,351,2,7100 Cascade Valley Court
2535,,Las Vegas,True,Oasis At Gold Spike,,3,+1 702-768-9823,297,2,217 Las Vegas Boulevard North
2536,,Long Beach,True,Courtyard By Marriott Long Beach Downtown,,2,+1 562-435-8511,174,3,500 East First Street
2537,,Long Beach,True,Holiday Inn Long Beach Downtown Area,,2,+1 562-590-8858,189,3,1133 Atlantic Avenue
2538,,Long Beach,True,Hotel Current Long Beach,,2,+1 562-597-5171,342,3,5325 Pacific Coast Highway
2539,,Long Beach,True,Hyatt Centric The Pike Long Beach,,2,+1 562-432-1234,468,3,285 Bay Street
2540,,Long Beach,True,Hyatt Regency Long Beach,,2,+1 562-491-1234,324,3,200 South Pine Avenue
2541,,Long Beach,True,Residence Inn By Marriott Long Beach,,2,+1 562-595-0909,120,3,4111 East Willow Street
2542,,Long Beach,True,The Westin Long Beach,,2,+1 562-436-3000,396,3,333 East Ocean Boulevard
2543,,Fresno,True,Doubletree By Hilton Hotel Fresno Convention Center,,1,+1 559-268-1000,222,2,2233 Ventura Street
2544,,Fresno,True,Piccadilly Inn Airport,,1,+1 559-375-7760,297,2,5115 East McKinley Avenue
2545,,Fresno,True,Radisson Hotel Fresno Conference Center,,1,+1 559-233-6650,120,2,1055 Van Ness Avenue
2546,,Fresno,True,Springhill Suites By Marriott Fresno,,1,+1 888-287-9400,207,2,6844 North Fresno Street
2547,,Long Beach,True,The Westin Long Beach,,3,+1 562-436-3000,396,4,333 East Ocean Boulevard
2548,,Anaheim,True,Anaheim Majestic Garden Hotel,,2,+1 714-778-1700,288,1,900 South Disneyland Drive
2549,,Anaheim,True,Anaheim Portofino Inn & Suites,,2,+1 800-341-6301,150,1,1831 South Harbor Boulevard
2550,,Anaheim,True,Ayres Hotel Anaheim,,2,+1 714-634-2106,342,1,2550 East Katella Avenue
2551,,Anaheim,True,Best Western Plus Park Place Inn - Mini Suites,,2,+1 714-776-4800,333,1,1544 South Harbor Boulevard
2552,,Anaheim,True,Best Western Plus Pavilions,,2,+1 714-776-0140,99,1,1176 West Katella Avenue
2553,,Anaheim,True,Best Western Plus Raffles Inn & Suites,,2,+1 714-750-6100,148,1,2040 South Harbor Boulevard
2554,,Anaheim,True,Best Western Plus Stovall'S Inn,,2,+1 714-778-1880,342,1,1110 West Katella Avenue
2555,,Anaheim,True,Camelot Inn & Suites,,2,+1 714-635-7275,204,1,1520 South Harbor Boulevard
2556,,Sacramento,True,Courtyard By Marriott Sacramento Midtown,,1,+1 916-455-6800,156,1,4422 Y Street
2557,,Sacramento,True,Doubletree By Hilton Hotel Sacramento,,1,+1 916-929-8855,114,1,2001 Point West Way
2558,,Sacramento,True,Embassy Suites By Hilton Sacramento Riverfront Promenade,,1,+1 916-326-5000,306,1,100 Capitol Mall
2559,,Sacramento,True,Fairfield Inn By Marriott Sacramento Cal Expo,,1,+1 916-920-5300,192,1,1780 Tribute Road
2560,,Sacramento,True,Four Points By Sheraton Sacramento International Airport,,1,+1 916-263-9000,102,1,4900 Duckhorn Drive
2561,,Sacramento,True,Hilton Garden Inn Sacramento/South Natomas,,1,+1 916-568-5400,180,1,2540 Venture Oaks Way
2562,,Sacramento,True,Hilton Sacramento Arden West,,1,+1 916-922-4700,60,1,2200 Harvard Street
2563,,Sacramento,True,Holiday Inn Express Sacramento Convention Center,,1,+1 916-444-4436,279,1,728 16th Street
2564,,Sacramento,True,Holiday Inn Sacramento Downtown - Arena,,1,+1 916-446-0100,180,1,300 J Street
2565,,Sacramento,True,Courtyard By Marriott Sacramento Midtown,,1,+1 916-455-6800,156,2,4422 Y Street
2566,,Sacramento,True,Embassy Suites By Hilton Sacramento Riverfront Promenade,,1,+1 916-326-5000,306,2,100 Capitol Mall
2567,,Sacramento,True,Hilton Garden Inn Sacramento/South Natomas,,1,+1 916-568-5400,180,2,2540 Venture Oaks Way
2568,,Sacramento,True,Holiday Inn Express Sacramento Convention Center,,1,+1 916-444-4436,279,2,728 16th Street
2569,,Sacramento,True,Holiday Inn Sacramento Downtown - Arena,,1,+1 916-446-0100,180,2,300 J Street
2570,,Sacramento,True,Homewood Suites By Hilton Sacramento Airport-Natomas,,1,+1 916-263-9510,216,2,3001 Advantage Way
2571,2019-03-03,Anaheim,True,Anaheim Majestic Garden Hotel,3,1,+1 714-778-1700,114,3,900 South Disneyland Drive
2572,,Fresno,True,Piccadilly Inn Airport,,2,+1 559-375-7760,297,1,5115 East McKinley Avenue
2573,,Fresno,True,Springhill Suites By Marriott Fresno,,2,+1 888-287-9400,207,1,6844 North Fresno Street
2574,2019-03-02,Fresno,True,Doubletree By Hilton Hotel Fresno Convention Center,2,2,+1 559-268-1000,126,1,2233 Ventura Street
2575,2019-03-12,Anaheim,True,Anaheim Desert Inn And Suites,1,1,+1 714-772-5050,150,2,1600 South Harbor Boulevard
2576,2019-03-11,San Francisco,True,Argonaut Hotel,1,1,+1 415-563-0800,152,4,495 Jefferson Street
2577,2019-03-07,San Diego,True,Best Western Plus Bayside Inn,1,1,+1 619-233-7500,174,1,555 West Ash Street
2578,2019-03-06,Long Beach,True,Courtyard By Marriott Long Beach Downtown,3,1,+1 562-435-8511,297,2,500 East First Street
2579,2019-03-13,Sacramento,True,Best Western Plus Sutter House,1,2,+1 916-441-1314,64,1,1100 H Street
2580,2019-03-10,Philadelphia,True,Aka University City,1,1,+1 215-372-9000,63,3,"Cira Centre South, 2929 Walnut Street"
2581,2019-03-09,San Diego,True,Bahia Resort Hotel,1,1,+1 858-539-8666,324,2,998 West Mission Bay Drive
2582,2019-03-05,San Francisco,True,Amsterdam Hostel San Francisco,4,1,+1 415-673-3277,38,1,749 Taylor Street
2583,2019-03-10,Sacramento,True,Courtyard By Marriott Sacramento Midtown,1,1,+1 916-455-6800,138,2,4422 Y Street
2584,2019-03-10,San Diego,True,Bahia Resort Hotel,1,2,+1 858-539-8666,168,3,998 West Mission Bay Drive
2585,2019-03-09,Anaheim,True,Anaheim Desert Inn And Suites,1,1,+1 714-772-5050,46,1,1600 South Harbor Boulevard
2586,2019-03-08,Philadelphia,True,Aloft Philadelphia Downtown,3,2,+1 215-607-2020,210,2,101 North Broad Street
2587,2019-03-06,San Diego,True,Bahia Resort Hotel,3,3,+1 858-539-8666,252,3,998 West Mission Bay Drive
2588,2019-03-03,San Francisco,True,Bei Hotel San Francisco,2,1,+1 415-626-6103,156,3,50 8th Street
2589,2019-03-09,New York,True,1 Hotel Brooklyn Bridge,3,1,+1 833-625-6111,240,4,"60 Furman Street, Brooklyn"
2590,2019-03-08,Long Beach,True,Best Western Of Long Beach,1,1,+1 562-599-5555,66,1,1725 Long Beach Boulevard
2591,2019-03-06,Philadelphia,True,Aka University City,1,1,+1 215-372-9000,84,3,"Cira Centre South, 2929 Walnut Street"
2592,2019-03-07,Los Angeles,True,Ac Hotel By Marriott Beverly Hills,1,1,+1 323-852-7000,54,2,6399 Wilshire Boulevard
2593,,San Diego,True,Catamaran Resort Hotel And Spa,,2,+1 858-488-1081,456,4,3999 Mission Boulevard
2594,,San Diego,True,Estancia La Jolla Hotel & Spa,,2,+1 855-430-7503,264,4,"9700 North Torrey Pines Road, La Jolla, California 92037, United States"
2595,,San Diego,True,Grande Colonial La Jolla,,2,+1 888-828-5498,372,4,"910 Prospect Street, La Jolla, CA 92037, USA"
2596,,San Diego,True,Hilton La Jolla Torrey Pines,,2,+1 858-558-1500,232,4,"10950 North Torrey Pines Road, La Jolla, California 92037, United States"
2597,,San Diego,True,Hilton San Diego Gaslamp Quarter,,2,+1 619-231-4040,176,4,401 K Street
2598,,San Diego,True,Hilton San Diego Mission Valley,,2,+1 619-543-9000,256,4,901 Camino del Rio South
2599,,San Diego,True,Hilton San Diego Resort & Spa,,2,+1 619-276-4010,312,4,1775 East Mission Bay Drive
2600,,San Diego,True,Hotel Fairmont Grand Del Mar,,2,+1 858-314-2000,310,4,5300 Grand Del Mar Court
2601,,San Diego,True,Hotel Indigo San Diego-Gaslamp Quarter,,2,+1 619-727-4000,256,4,509 Ninth Avenue
2602,,San Diego,True,"Hotel La Jolla, Curio Collection By Hilton",,2,+1 858-551-3600,232,4,"7955 La Jolla Shores Drive, La Jolla, California 92037, United States"
2603,2019-03-06,San Diego,True,Catamaran Resort Hotel And Spa,1,2,+1 858-488-1081,200,4,3999 Mission Boulevard
2604,2019-03-02,Las Vegas,True,Hampton Inn Las Vegas/Summerlin,4,1,+1 702-360-5700,192,3,7100 Cascade Valley Court
2605,,San Diego,True,Catamaran Resort Hotel And Spa,,3,+1 858-488-1081,456,4,3999 Mission Boulevard
2606,,San Diego,True,Estancia La Jolla Hotel & Spa,,3,+1 855-430-7503,264,4,"9700 North Torrey Pines Road, La Jolla, California 92037, United States"
2607,,San Diego,True,Grande Colonial La Jolla,,1,+1 888-828-5498,88,4,"910 Prospect Street, La Jolla, CA 92037, USA"
2608,,San Diego,True,Hilton La Jolla Torrey Pines,,1,+1 858-558-1500,144,4,"10950 North Torrey Pines Road, La Jolla, California 92037, United States"
2609,,San Diego,True,Hotel Indigo San Diego-Gaslamp Quarter,,1,+1 619-727-4000,140,4,509 Ninth Avenue
2610,,San Diego,True,Grande Colonial La Jolla,,3,+1 888-828-5498,372,4,"910 Prospect Street, La Jolla, CA 92037, USA"
2611,,San Diego,True,Hilton La Jolla Torrey Pines,,3,+1 858-558-1500,360,4,"10950 North Torrey Pines Road, La Jolla, California 92037, United States"
2612,,San Diego,True,Hilton San Diego Gaslamp Quarter,,3,+1 619-231-4040,468,4,401 K Street
2613,,San Diego,True,Hilton San Diego Mission Valley,,3,+1 619-543-9000,384,4,901 Camino del Rio South
2614,,San Diego,True,Hilton San Diego Resort & Spa,,3,+1 619-276-4010,456,4,1775 East Mission Bay Drive
2615,,San Diego,True,Hotel Fairmont Grand Del Mar,,3,+1 858-314-2000,465,4,5300 Grand Del Mar Court
2616,,San Diego,True,Hotel Indigo San Diego-Gaslamp Quarter,,3,+1 619-727-4000,444,4,509 Ninth Avenue
2617,2019-03-07,San Diego,True,Grande Colonial La Jolla,3,3,+1 888-828-5498,300,4,"910 Prospect Street, La Jolla, CA 92037, USA"
2618,2019-03-09,Philadelphia,True,Aloft Philadelphia Downtown,2,2,+1 215-607-2020,150,3,101 North Broad Street
2619,2019-03-01,Anaheim,True,Anaheim Majestic Garden Hotel,4,1,+1 714-778-1700,111,1,900 South Disneyland Drive
2620,2019-03-09,San Diego,True,Bahia Resort Hotel,3,3,+1 858-539-8666,324,1,998 West Mission Bay Drive
2621,2019-03-09,Vancouver,False,Auberge Vancouver Hotel,3,1,+1 604-678-8899,184,1,837 West Hastings Street
2622,2019-03-01,San Diego,True,Best Western Mission Bay,1,1,+1 619-275-5700,124,1,2575 Clairemont Drive
2623,2019-03-04,San Francisco,True,Argonaut Hotel,2,2,+1 415-563-0800,208,1,495 Jefferson Street
2624,2019-03-01,Fresno,True,Doubletree By Hilton Hotel Fresno Convention Center,1,1,+1 559-268-1000,261,3,2233 Ventura Street
2625,2019-03-03,San Diego,True,Best Western Plus Bayside Inn,4,3,+1 619-233-7500,270,1,555 West Ash Street
2626,2019-03-04,San Diego,True,Bahia Resort Hotel,4,2,+1 858-539-8666,144,2,998 West Mission Bay Drive
2627,2019-03-10,Long Beach,True,Courtyard By Marriott Long Beach Airport,2,1,+1 562-429-5803,111,3,3841 North Lakewood Boulevard
2628,,Philadelphia,True,Aka University City,,1,+1 215-372-9000,261,1,"Cira Centre South, 2929 Walnut Street"
2629,,Philadelphia,True,Aloft Philadelphia Airport,,1,+1 267-298-1700,270,1,4301 Island Avenue
2630,,Philadelphia,True,Aloft Philadelphia Downtown,,1,+1 215-607-2020,333,1,101 North Broad Street
2631,,Philadelphia,True,Best Western Plus Philadelphia Convention Center Hotel,,1,+1 215-398-3080,192,1,1225 Vine Street
2632,,Philadelphia,True,Courtyard By Marriott Philadelphia City Avenue,,1,+1 215-477-0200,150,1,4100 Presidential Boulevard
2633,,Philadelphia,True,Courtyard By Marriott Philadelphia South At The Navy Yard,,1,+1 215-644-9200,168,1,1001 Intrepid Avenue
2634,,Philadelphia,True,Doubletree By Hilton Hotel Philadelphia Airport,,1,+1 215-365-4150,252,1,4509 Island Avenue
2635,2019-03-02,Philadelphia,True,Aloft Philadelphia Downtown,2,2,+1 215-607-2020,132,2,101 North Broad Street
2636,2019-03-03,Las Vegas,True,Best Western Plus Las Vegas West,3,1,+1 702-256-3766,210,2,8669 West Sahara Avenue
2637,2019-03-01,San Diego,True,Bahia Resort Hotel,3,1,+1 858-539-8666,192,3,998 West Mission Bay Drive
2638,2019-03-01,San Francisco,True,Amsterdam Hostel San Francisco,1,1,+1 415-673-3277,117,1,749 Taylor Street
2639,2019-03-04,Sacramento,True,Courtyard By Marriott Sacramento Midtown,1,1,+1 916-455-6800,75,2,4422 Y Street
2640,2019-03-07,San Diego,True,Bahia Resort Hotel,4,1,+1 858-539-8666,96,3,998 West Mission Bay Drive
2641,,Washington D.C.,True,Comfort Inn Downtown Dc/Convention Center,,2,+1 202-682-5300,204,2,"1201 13th Street Northwest, Washington, District of Columbia 20005, United States"
2642,,Washington D.C.,True,Days Inn By Wyndham Washington Dc/Connecticut Avenue,,2,+1 800-615-3107,148,2,"4400 Connecticut Avenue Northwest, Washington, District of Columbia 20008, United States"
2643,,Washington D.C.,True,Arc The.Hotel,,2,+1 202-337-6620,210,1,"824 New Hampshire Avenue Northwest, Washington, District of Columbia 20037, United States"
2644,,Washington D.C.,True,Capitol Hill Hotel,,2,+1 202-543-6000,222,1,"200 C Street Southeast, Washington, DC 20003, USA"
2645,,Washington D.C.,True,Courtyard By Marriott Washington Capitol Hill/Navy Yard,,2,+1 202-479-0027,180,1,"140 L Street Southeast, Washington, DC 20003, USA"
2646,,Washington D.C.,True,Courtyard By Marriott Washington Downtown/Convention Center,,2,+1 202-589-1800,216,1,"901 L Street Northwest, Washington, DC 20001, USA"
2647,,Washington D.C.,True,"Courtyard By Marriott Washington, Dc/Dupont Circle",,2,+1 202-332-9300,234,1,"1900 Connecticut Avenue Northwest, Washington, DC 20009, USA"
2648,,Phoenix,True,Arizona Grand Resort & Spa,,2,+1 602-426-2638,264,1,8000 Arizona Grand Parkway
2649,,Phoenix,True,Cambria Hotel North Scottsdale Desert Ridge,,2,+1 480-585-6644,228,1,4425 E Irma Ln&nbsp
2650,,Phoenix,True,Crowne Plaza Phoenix Airport,,3,+1 602-273-7778,351,1,4300 East Washington Street
2651,,Phoenix,True,Drury Inn & Suites Phoenix Airport,,2,+1 602-437-8400,174,1,3333 East University Drive
2652,,Phoenix,True,Drury Inn & Suites Phoenix Happy Valley,,1,+1 623-879-8800,108,1,2335 West Pinnacle Peak Road
2653,,Toronto,False,Delta Hotels By Marriott Toronto Airport & Conference Centre,,2,+1 416-244-1711,216,3,"655 Dixon Road, Etobicoke, Ontario M9W 1J3, Canada"
2654,,Washington D.C.,True,"Cambria Hotel Washington, D.C. Convention Center",,2,+1 202-299-1188,261,1,"899 O Street Northwest, Washington, District of Columbia 20001, United States"
2655,,Washington D.C.,True,"Club Quarters Hotel In Washington, D.C.",,2,+1 202-463-6400,222,1,"839 17th Street Northwest, Washington, District of Columbia 20006, United States"
2656,,Washington D.C.,True,Comfort Inn Downtown Dc/Convention Center,,2,+1 202-682-5300,204,1,"1201 13th Street Northwest, Washington, District of Columbia 20005, United States"
2657,,Washington D.C.,True,"Courtyard By Marriott Washington, Dc/Foggy Bottom",,2,+1 202-296-5700,174,1,"515 20th Street Northwest, Washington, DC 20006, USA"
2658,,Washington D.C.,True,Days Inn By Wyndham Washington Dc/Connecticut Avenue,,2,+1 800-615-3107,148,1,"4400 Connecticut Avenue Northwest, Washington, District of Columbia 20008, United States"
2659,,Atlanta,True,Ac Hotel By Marriott Atlanta Buckhead At Phipps Plaza,,2,+1 470-231-3030,176,2,3600 Wieuca Road Northeast
2660,,Atlanta,True,Aloft Atlanta Downtown,,2,+1 678-515-0300,279,2,300 Ted Turner Drive Northwest
2661,,Atlanta,True,Barclay Hotel Atlanta Downtown,,2,+1 404-524-7991,126,2,89 Luckie Street Northwest
2662,,Atlanta,True,"Country Inn & Suites By Radisson, Atlanta Downtown South At Turner Field, Ga",,2,+1 404-658-1961,261,2,759 Pollard Boulevard Southwest
2663,,Atlanta,True,Courtyard By Marriott Atlanta Buckhead,,2,+1 404-869-0818,225,2,3332 Peachtree Road Northeast
2664,,Atlanta,True,Crowne Plaza Atlanta - Midtown,,2,+1 404-877-9000,150,2,590 West Peachtree Street Northwest
2665,,Seattle,True,Best Western Plus Pioneer Square Hotel Downtown,,2,+1 206-340-1234,234,3,77 Yesler Way
2666,,Seattle,True,Courtyard By Marriott Seattle Downtown/Lake Union,,2,+1 206-213-0100,324,3,925 Westlake Avenue North
2667,,Seattle,True,Even Hotel Seattle Downtown - Lake Union,,2,+1 206-596-2302,288,3,527 Fairview Avenue North
2668,,Seattle,True,Four Points By Sheraton Downtown Seattle Center,,2,+1 206-282-2600,351,3,601 Roy Street
2669,,Seattle,True,Four Seasons Hotel Seattle,,2,+1 206-749-7000,420,3,99 Union Street
2670,,Seattle,True,Hampton Inn & Suites Seattle-Downtown,,2,+1 206-282-7700,207,3,700 5th Avenue North
2671,,Seattle,True,Hilton Garden Inn Seattle Downtown,,2,+1 206-467-7770,333,3,1821 Boren Avenue
2672,2019-03-05,Philadelphia,True,Aloft Philadelphia Downtown,1,1,+1 215-607-2020,186,3,101 North Broad Street
2673,2019-03-01,Toronto,False,Best Western Plus Toronto North York Hotel & Suites,3,1,+1 416-663-9500,180,1,50 Norfinch Drive
2674,2019-03-05,New York,True,1 Hotel Central Park,1,1,+1 212-703-2001,350,5,1414 6th Avenue
2675,2019-03-02,Seattle,True,Ace Hotel Seattle,3,1,+1 206-448-4721,48,2,2423 1st Avenue
2676,2019-03-02,San Diego,True,Best Western Plus Bayside Inn,2,1,+1 619-233-7500,168,3,555 West Ash Street
2677,2019-03-01,San Diego,True,Best Western Plus Bayside Inn,4,3,+1 619-233-7500,207,2,555 West Ash Street
2678,,Washington D.C.,True,Arc The.Hotel,,3,+1 202-337-6620,333,2,"824 New Hampshire Avenue Northwest, Washington, District of Columbia 20037, United States"
2679,,Washington D.C.,True,Capitol Hill Hotel,,3,+1 202-543-6000,342,2,"200 C Street Southeast, Washington, DC 20003, USA"
2680,,Washington D.C.,True,"Club Quarters Hotel In Washington, D.C.",,3,+1 202-463-6400,342,2,"839 17th Street Northwest, Washington, District of Columbia 20006, United States"
2681,,Washington D.C.,True,Courtyard By Marriott Washington Capitol Hill/Navy Yard,,3,+1 202-479-0027,324,2,"140 L Street Southeast, Washington, DC 20003, USA"
2682,,Washington D.C.,True,Courtyard By Marriott Washington Downtown/Convention Center,,3,+1 202-589-1800,252,2,"901 L Street Northwest, Washington, DC 20001, USA"
2683,,Washington D.C.,True,"Courtyard By Marriott Washington, Dc/Dupont Circle",,3,+1 202-332-9300,225,2,"1900 Connecticut Avenue Northwest, Washington, DC 20009, USA"
2684,2019-03-09,Washington D.C.,True,Capitol Hill Hotel,1,3,+1 202-543-6000,216,2,"200 C Street Southeast, Washington, DC 20003, USA"
2685,2019-03-05,San Francisco,True,Beck'S Motor Lodge,3,2,+1 415-621-8212,138,2,2222 Market Street
2686,,Phoenix,True,Drury Inn & Suites Phoenix Airport,,1,+1 602-437-8400,174,1,3333 East University Drive
2687,2019-03-02,Phoenix,True,Aloft Phoenix-Airport,1,1,+1 602-275-6300,333,1,4450 East Washington Street
2688,2019-03-03,Sacramento,True,Best Western Plus Sutter House,3,1,+1 916-441-1314,58,1,1100 H Street
2689,,Atlanta,True,Ac Hotel By Marriott Atlanta Downtown,,1,+1 404-524-5555,192,2,101 Andrew Young International Boulevard Northwest
2690,,Atlanta,True,Atlanta Marriott Suites Midtown,,1,+1 404-876-8888,210,2,35 14th Street Northeast
2691,,Atlanta,True,Canopy By Hilton Atlanta Midtown,,1,+1 404-685-1677,280,2,1414 West Peachtree Street Northwest
2692,,Atlanta,True,"Country Inn & Suites By Radisson, Atlanta Downtown South At Turner Field, Ga",,1,+1 404-658-1961,261,2,759 Pollard Boulevard Southwest
2693,,Atlanta,True,Courtyard By Marriott Atlanta Buckhead,,1,+1 404-869-0818,225,2,3332 Peachtree Road Northeast
2694,,Atlanta,True,Crowne Plaza Atlanta - Midtown,,1,+1 404-877-9000,150,2,590 West Peachtree Street Northwest
2695,2019-03-04,Atlanta,True,Ac Hotel By Marriott Atlanta Downtown,1,1,+1 404-524-5555,102,2,101 Andrew Young International Boulevard Northwest
2696,2019-03-02,New York,True,1 Hotel Brooklyn Bridge,2,2,+1 833-625-6111,240,4,"60 Furman Street, Brooklyn"
2697,2019-03-03,Philadelphia,True,Aloft Philadelphia Airport,3,1,+1 267-298-1700,216,3,4301 Island Avenue
2698,2019-03-01,New York,True,11 Howard,1,1,+1 212-235-1111,207,1,11 Howard Street
2699,2019-03-01,Philadelphia,True,Aka University City,4,1,+1 215-372-9000,126,3,"Cira Centre South, 2929 Walnut Street"
2700,2019-03-06,Los Angeles,True,Airtel Plaza Hotel,4,1,+1 800-224-7835,234,2,"7277 Valjean Avenue, Van Nuys, California 91406, United States"
2701,,Phoenix,True,Aloft Phoenix-Airport,,1,+1 602-275-6300,99,2,4450 East Washington Street
2702,,Phoenix,True,Arizona Grand Resort & Spa,,1,+1 602-426-2638,264,2,8000 Arizona Grand Parkway
2703,,Phoenix,True,Cambria Hotel North Scottsdale Desert Ridge,,1,+1 480-585-6644,228,2,4425 E Irma Ln&nbsp
2704,,Phoenix,True,Courtyard By Marriott Phoenix Downtown,,1,+1 602-603-2001,81,2,132 South Central Avenue
2705,,Phoenix,True,Crowne Plaza Phoenix Airport,,1,+1 602-273-7778,351,2,4300 East Washington Street
2706,,Phoenix,True,Doubletree Suites By Hilton Hotel Phoenix,,1,+1 602-225-0500,99,2,320 North 44th Street
2707,,Phoenix,True,Drury Inn & Suites Phoenix Airport,,1,+1 602-437-8400,174,2,3333 East University Drive
2708,,Phoenix,True,Drury Inn & Suites Phoenix Happy Valley,,1,+1 623-879-8800,108,2,2335 West Pinnacle Peak Road
2709,,Phoenix,True,Arizona Grand Resort & Spa,,1,+1 602-426-2638,264,3,8000 Arizona Grand Parkway
2710,,Phoenix,True,Embassy Suites By Hilton Phoenix Airport,,1,+1 602-957-1910,87,3,2333 East Thomas Road
2711,,Phoenix,True,Embassy Suites By Hilton Phoenix Biltmore,,1,+1 602-955-3992,114,3,2630 East Camelback Road
2712,,Phoenix,True,Arizona Grand Resort & Spa,,2,+1 602-426-2638,264,3,8000 Arizona Grand Parkway
2713,2019-03-02,Phoenix,True,Cambria Hotel North Scottsdale Desert Ridge,1,2,+1 480-585-6644,144,3,4425 E Irma Ln&nbsp
2714,2019-03-03,San Diego,True,Bahia Resort Hotel,3,1,+1 858-539-8666,234,3,998 West Mission Bay Drive
2715,2019-03-02,Phoenix,True,Cambria Hotel North Scottsdale Desert Ridge,2,1,+1 480-585-6644,144,3,4425 E Irma Ln&nbsp
2716,2019-03-05,Washington D.C.,True,Capitol Hill Hotel,1,1,+1 202-543-6000,207,3,"200 C Street Southeast, Washington, DC 20003, USA"
2717,2019-03-02,Seattle,True,Ace Hotel Seattle,3,2,+1 206-448-4721,84,2,2423 1st Avenue
2718,,Seattle,True,Crowne Plaza Seattle Downtown,,3,+1 206-464-1980,444,4,1113 6th Avenue
2719,,Seattle,True,Four Seasons Hotel Seattle,,3,+1 206-749-7000,420,4,99 Union Street
2720,,Seattle,True,Grand Hyatt Seattle,,3,+1 206-774-1234,336,4,721 Pine Street
2721,,Seattle,True,Hyatt At Olive 8,,3,+1 206-695-1234,456,4,1635 8th Avenue
2722,,Seattle,True,Motif Seattle,,3,+1 206-971-8000,468,4,1415 5th Avenue
2723,2019-03-09,Seattle,True,Crowne Plaza Seattle Downtown,2,3,+1 206-464-1980,240,4,1113 6th Avenue
2724,2019-03-10,Seattle,True,Ace Hotel Seattle,4,1,+1 206-448-4721,50,2,2423 1st Avenue
2725,2019-03-07,Washington D.C.,True,Arc The.Hotel,2,1,+1 202-337-6620,225,2,"824 New Hampshire Avenue Northwest, Washington, District of Columbia 20037, United States"
2726,2019-03-09,Atlanta,True,Ac Hotel By Marriott Atlanta Buckhead At Phipps Plaza,3,1,+1 470-231-3030,360,4,3600 Wieuca Road Northeast
2727,2019-03-08,London,False,Abc Hyde Park Hotel,1,1,+44 20 7706 4660,180,3,121 Sussex Gardens
2728,2019-03-09,New York,True,1 Hotel Central Park,1,2,+1 212-703-2001,200,5,1414 6th Avenue
2729,2019-03-05,Toronto,False,Best Western Primrose Hotel Downtown-Toronto,1,3,+1 800-780-7234,351,3,111 Carlton Street
2730,2019-03-08,San Francisco,True,Amsterdam Hostel San Francisco,4,1,+1 415-673-3277,40,1,749 Taylor Street
2731,2019-03-08,Vancouver,False,Atrium Inn Vancouver,2,1,+1 604-254-1000,204,3,2889 East Hastings Street
2732,2019-03-01,Phoenix,True,Arizona Grand Resort & Spa,4,1,+1 602-426-2638,84,4,8000 Arizona Grand Parkway
2733,2019-03-01,Chicago,True,Ac Hotel By Marriott Chicago Downtown,3,1,+1 312-981-6600,111,3,630 North Rush Street
2734,2019-03-01,New York,True,1 Hotel Brooklyn Bridge,4,1,+1 833-625-6111,216,4,"60 Furman Street, Brooklyn"
2735,2019-03-01,Los Angeles,True,Ac Hotel By Marriott Beverly Hills,3,1,+1 323-852-7000,60,2,6399 Wilshire Boulevard
2736,2019-03-02,Seattle,True,Ace Hotel Seattle,4,1,+1 206-448-4721,48,2,2423 1st Avenue
2737,2019-03-04,London,False,45 Park Lane,2,1,+44 20 7493 4545,210,5,45 Park Lane
2738,2019-03-01,New York,True,1 Hotel Brooklyn Bridge,1,1,+1 833-625-6111,216,4,"60 Furman Street, Brooklyn"
2739,2019-03-01,Washington D.C.,True,Arc The.Hotel,2,1,+1 202-337-6620,87,3,"824 New Hampshire Avenue Northwest, Washington, District of Columbia 20037, United States"
2740,2019-03-04,San Francisco,True,Amsterdam Hostel San Francisco,3,1,+1 415-673-3277,27,1,749 Taylor Street
2741,2019-03-09,Fresno,True,Doubletree By Hilton Hotel Fresno Convention Center,4,1,+1 559-268-1000,297,3,2233 Ventura Street
2742,,Los Angeles,True,Airtel Plaza Hotel,,2,+1 800-224-7835,192,2,"7277 Valjean Avenue, Van Nuys, California 91406, United States"
2743,,Los Angeles,True,Best Western Burbank Airport Inn,,2,+1 818-765-2900,261,2,"7615 Lankershim Boulevard, North Hollywood, California 91605, United States"
2744,,Los Angeles,True,Beverly Hills Marriott,,2,+1 310-553-6561,384,2,1150 South Beverly Drive
2745,2019-03-13,Los Angeles,True,Best Western Burbank Airport Inn,1,2,+1 818-765-2900,174,2,"7615 Lankershim Boulevard, North Hollywood, California 91605, United States"
2746,2019-03-13,New York,True,1 Hotel Central Park,1,1,+1 212-703-2001,135,5,1414 6th Avenue
2747,2019-03-12,Fresno,True,Doubletree By Hilton Hotel Fresno Convention Center,2,1,+1 559-268-1000,156,3,2233 Ventura Street
2748,2019-03-09,Portland,True,Aloft Portland Airport At Cascade Station,2,1,+1 503-200-5678,168,2,9920 Northeast Cascades Parkway
2749,2019-03-10,San Diego,True,Best Western Mission Bay,1,2,+1 619-275-5700,148,2,2575 Clairemont Drive
2750,2019-03-10,Long Beach,True,Best Western Of Long Beach,1,2,+1 562-599-5555,234,2,1725 Long Beach Boulevard
2751,2019-03-09,San Diego,True,Bahia Resort Hotel,1,2,+1 858-539-8666,324,3,998 West Mission Bay Drive
2752,2019-03-07,Long Beach,True,Best Western Of Long Beach,1,2,+1 562-599-5555,128,2,1725 Long Beach Boulevard
2753,,San Francisco,True,Cornell Hotel De France,,2,+1 415-421-3154,324,1,715 Bush Street
2754,2019-03-11,San Francisco,True,Amsterdam Hostel San Francisco,2,2,+1 415-673-3277,60,1,749 Taylor Street
2755,2019-03-07,Long Beach,True,Courtyard By Marriott Long Beach Airport,2,1,+1 562-429-5803,351,3,3841 North Lakewood Boulevard
2756,2019-03-04,San Diego,True,Bahia Resort Hotel,3,2,+1 858-539-8666,144,3,998 West Mission Bay Drive
2757,2019-03-07,New York,True,1 Hotel Brooklyn Bridge,1,2,+1 833-625-6111,296,2,"60 Furman Street, Brooklyn"
2758,2019-03-01,San Francisco,True,Amsterdam Hostel San Francisco,1,2,+1 415-673-3277,117,1,749 Taylor Street
2759,2019-03-13,Long Beach,True,Best Western Of Long Beach,1,1,+1 562-599-5555,216,2,1725 Long Beach Boulevard
2760,2019-03-03,Philadelphia,True,Aka University City,4,2,+1 215-372-9000,333,3,"Cira Centre South, 2929 Walnut Street"
2761,,Long Beach,True,Courtyard By Marriott Long Beach Airport,,3,+1 562-429-5803,189,2,3841 North Lakewood Boulevard
2762,,Long Beach,True,Courtyard By Marriott Long Beach Downtown,,3,+1 562-435-8511,297,2,500 East First Street
2763,,Long Beach,True,Homewood Suites By Hilton Long Beach Airport,,3,+1 562-425-0010,279,2,3771 North Lakewood Boulevard
2764,,Long Beach,True,Hyatt Regency Long Beach,,3,+1 562-491-1234,324,2,200 South Pine Avenue
2765,,Long Beach,True,Long Beach Marriott,,3,+1 800-228-9290,216,2,4700 Airport Plaza Drive
2766,2019-03-01,Long Beach,True,Courtyard By Marriott Long Beach Downtown,3,3,+1 562-435-8511,225,2,500 East First Street
2767,2019-03-01,San Diego,True,Best Western Mission Bay,2,1,+1 619-275-5700,124,2,2575 Clairemont Drive
2768,2019-03-05,Sacramento,True,Best Western Plus Sutter House,4,1,+1 916-441-1314,24,1,1100 H Street
2769,2019-03-07,Los Angeles,True,Ac Hotel By Marriott Beverly Hills,2,1,+1 323-852-7000,54,2,6399 Wilshire Boulevard
2770,2019-03-13,Fresno,True,Piccadilly Inn Airport,1,1,+1 559-375-7760,162,3,5115 East McKinley Avenue
2771,2019-03-04,Anaheim,True,Anaheim Desert Inn And Suites,1,1,+1 714-772-5050,62,2,1600 South Harbor Boulevard
2772,2019-03-04,Sacramento,True,Best Western Plus Sutter House,3,1,+1 916-441-1314,23,1,1100 H Street
2773,2019-03-03,San Diego,True,Best Western Mission Bay,2,1,+1 619-275-5700,216,2,2575 Clairemont Drive
2774,2019-03-10,Long Beach,True,Best Western Of Long Beach,1,1,+1 562-599-5555,234,2,1725 Long Beach Boulevard
2775,2019-03-04,Las Vegas,True,Hampton Inn Las Vegas/Summerlin,4,1,+1 702-360-5700,270,3,7100 Cascade Valley Court
2776,2019-03-11,Long Beach,True,Best Western Of Long Beach,3,1,+1 562-599-5555,46,2,1725 Long Beach Boulevard
2777,,Los Angeles,True,Airtel Plaza Hotel,,3,+1 800-224-7835,306,2,"7277 Valjean Avenue, Van Nuys, California 91406, United States"
2778,,Los Angeles,True,Best Western Plus San Pedro Hotel & Suites,,3,+1 310-514-1414,261,2,"111 South Gaffey Street, San Pedro, California 90731, United States"
2779,2019-03-08,Los Angeles,True,Best Western Burbank Airport Inn,2,3,+1 818-765-2900,324,2,"7615 Lankershim Boulevard, North Hollywood, California 91605, United States"
2780,2019-03-12,New York,True,1 Hotel Central Park,1,1,+1 212-703-2001,195,4,1414 6th Avenue
2781,2019-03-08,Long Beach,True,Best Western Of Long Beach,4,1,+1 562-599-5555,204,2,1725 Long Beach Boulevard
2782,2019-03-12,Fresno,True,La Quinta Inn By Wyndham Fresno Yosemite,2,1,+1 559-442-1110,80,2,2926 Tulare Street
2783,2019-03-13,Los Angeles,True,Airtel Plaza Hotel,1,1,+1 800-224-7835,288,2,"7277 Valjean Avenue, Van Nuys, California 91406, United States"
2784,2019-03-10,Anaheim,True,Ayres Hotel Anaheim,4,1,+1 714-634-2106,333,3,2550 East Katella Avenue
2785,2019-03-02,San Francisco,True,Beck'S Motor Lodge,2,1,+1 415-621-8212,44,2,2222 Market Street
2786,,Sacramento,True,Fairfield Inn By Marriott Sacramento Cal Expo,,2,+1 916-920-5300,192,2,1780 Tribute Road
2787,2019-03-12,Sacramento,True,Best Western Plus Sutter House,1,2,+1 916-441-1314,54,1,1100 H Street
2788,,Sydney,False,28 Hotel Sydney,,3,+61 2 9102 2828,312,1,"28 Regent Street, Chippendale New South Wales 2008, Australia"
2789,,Sydney,False,Adina Apartment Hotel Bondi Beach Sydney,,2,+61 2 9300 4800,288,1,"69/73 Hall Street, Bondi Beach New South Wales 2026, Australia"
2790,,Sydney,False,Adina Apartment Hotel Coogee Sydney,,2,+61 2 9578 6000,256,1,"183 Coogee Bay Road, Coogee New South Wales 2034, Australia"
2791,,Sydney,False,Adina Apartment Hotel Sydney Airport,,3,+61 2 9381 2000,288,1,"17 Bourke Road, Mascot New South Wales 2020, Australia"
2792,,Sydney,False,Adina Apartment Hotel Sydney Darling Harbour,,2,+61 2 9249 7000,240,1,55 Shelley Street
2793,,Sydney,False,Adina Apartment Hotel Sydney Surry Hills,,3,+61 2 8302 1000,408,1,"359 Crown Street, Surry Hills New South Wales 2010, Australia"
2794,,Sydney,False,Adina Apartment Hotel Sydney Town Hall,,3,+61 2 9274 0000,456,1,511 Kent Street
2795,,Sydney,False,Adina Serviced Apartments Sydney Martin Place (Formerly Medina),,3,+61 1300 633 462,276,1,1 Hosking Place
2796,,Anaheim,True,Anaheim Majestic Garden Hotel,,2,+1 714-778-1700,288,2,900 South Disneyland Drive
2797,,Anaheim,True,Anaheim Portofino Inn & Suites,,2,+1 800-341-6301,150,2,1831 South Harbor Boulevard
2798,,Anaheim,True,Ayres Hotel Anaheim,,2,+1 714-634-2106,342,2,2550 East Katella Avenue
2799,,Anaheim,True,Best Western Plus Park Place Inn - Mini Suites,,2,+1 714-776-4800,333,2,1544 South Harbor Boulevard
2800,,Anaheim,True,Best Western Plus Raffles Inn & Suites,,2,+1 714-750-6100,148,2,2040 South Harbor Boulevard
2801,,Anaheim,True,Best Western Plus Stovall'S Inn,,2,+1 714-778-1880,342,2,1110 West Katella Avenue
2802,,Anaheim,True,Camelot Inn & Suites,,2,+1 714-635-7275,204,2,1520 South Harbor Boulevard
2803,,Toronto,False,Cambridge Suites Toronto,,2,+1 800-463-1990,288,4,15 Richmond Street East
2804,,Portland,True,Canopy By Hilton Portland Pearl District,,2,+1 971-351-0230,384,4,425 Northwest 9th Avenue
2805,,Portland,True,Dossier,,2,+1 877-628-4408,276,4,750 Southwest Alder Street
2806,,Portland,True,Embassy Suites By Hilton Portland Downtown,,2,+1 503-279-9000,272,4,319 Southwest Pine Street
2807,,Portland,True,Kimpton Hotel Monaco Portland,,2,+1 503-222-0001,288,4,506 Southwest Washington Street
2808,,Portland,True,Kimpton Riverplace Hotel,,2,+1 888-869-3108,272,4,1510 Southwest Harbor Way
2809,,Portland,True,"The Porter Portland, Curio Collection By Hilton",,2,+1 503-306-4800,296,4,1355 Southwest 2nd Avenue
2810,,Portland,True,The Society Hotel,,2,+1 503-445-0444,348,4,203 Northwest 3rd Avenue
2811,,Vancouver,False,Auberge Vancouver Hotel,,2,+1 604-678-8899,312,1,837 West Hastings Street
2812,,Vancouver,False,Best Western Plus Chateau Granville Hotel & Suites & Conference Ctr.,,2,+1 604-669-7070,168,1,1100 Granville Street
2813,,Vancouver,False,Coast Coal Harbour Vancouver Hotel By Apa,,2,+1 604-697-0202,264,1,1180 West Hastings Street
2814,,Vancouver,False,Coast Vancouver Airport Hotel,,2,+1 604-263-1555,288,1,1041 Southwest Marine Drive
2815,,Vancouver,False,Days Inn By Wyndham Vancouver Downtown,,2,+1 604-681-4335,207,1,921 West Pender Street
2816,,Vancouver,False,Exchange Hotel Vancouver,,2,+1 604-563-4693,384,1,475 Howe Street
2817,,Sydney,False,28 Hotel Sydney,,1,+61 2 9102 2828,312,2,"28 Regent Street, Chippendale New South Wales 2008, Australia"
2818,,Sydney,False,57 Hotel,,1,+61 2 9011 5756,140,2,"57 Foveaux Street, Surry Hills New South Wales 2010, Australia"
2819,,Sydney,False,Adina Apartment Hotel Bondi Beach Sydney,,1,+61 2 9300 4800,288,2,"69/73 Hall Street, Bondi Beach New South Wales 2026, Australia"
2820,,Sydney,False,Adina Apartment Hotel Coogee Sydney,,1,+61 2 9578 6000,256,2,"183 Coogee Bay Road, Coogee New South Wales 2034, Australia"
2821,,Sydney,False,Adina Apartment Hotel Sydney Airport,,1,+61 2 9381 2000,288,2,"17 Bourke Road, Mascot New South Wales 2020, Australia"
2822,,Sydney,False,Adina Apartment Hotel Sydney Central,,1,+61 2 8396 9800,92,2,"2 Lee Street, Haymarket New South Wales 2000, Australia"
2823,,Sydney,False,Adina Apartment Hotel Sydney Darling Harbour,,1,+61 2 9249 7000,240,2,55 Shelley Street
2824,,Sydney,False,Adina Apartment Hotel Sydney Surry Hills,,1,+61 2 8302 1000,408,2,"359 Crown Street, Surry Hills New South Wales 2010, Australia"
2825,,Sydney,False,Adina Apartment Hotel Sydney Town Hall,,1,+61 2 9274 0000,456,2,511 Kent Street
2826,,Sydney,False,Adina Serviced Apartments Sydney Martin Place (Formerly Medina),,1,+61 1300 633 462,276,2,1 Hosking Place
2827,,Delhi,False,Aloft New Delhi Aerocity,,2,+91 11 4565 0000,176,3,"5B Igi T3 Road, Delhi - Ajmer Expressway, Aerocity, New Delhi"
2828,,Delhi,False,Andaz Delhi - A Concept By Hyatt,,2,+91 11 4903 1234,320,3,"Asset, Street Number 1, New Delhi"
2829,,Delhi,False,Bloomrooms @ New Delhi Railway Station,,2,+91 11 4122 5666,333,3,"8591, Arakashan Road, Opp New Delhi Railway Station, New Delhi"
2830,,Delhi,False,Crowne Plaza New Delhi Mayur Vihar Noida,,2,+91 11 4110 2222,216,3,"13 B, District Centre, Mayur Vihar, New Delhi"
2831,,Delhi,False,Crowne Plaza New Delhi Okhla,,2,+91 11 4646 2000,230,3,"Plot No 1, Community Center, Okhla Phase I, New Delhi"
2832,,Delhi,False,Deemarks Hotel & Resorts Conference Venues Corporate Event In Mahipalpur Near Airport In South Delhi,,2,+91 11 2506 0721,252,3,"Shiv Murti, Nh-8, Delhi - Jaipur Expressway, Rangpuri, New Delhi"
2833,,Delhi,False,Fortune Select Global - Hotel In Gurgaon,,2,+91 124 419 6666,312,3,"Global Arcade, Mehrauli-Gurgaon Road, Gurugram, Haryana 122002, India"
2834,,Delhi,False,"Four Points By Sheraton New Delhi, Airport Highway",,2,+91 11 6604 0000,348,3,"Plot no 9, National Highway - 8, Samalka, New Delhi"
2835,,Delhi,False,Haveli Dharampura,,2,+91 11 2326 1000,232,3,"Haveli Dharampura, 2293, Gali Gulian, Chandni Chowk, New Delhi"
2836,,Atlanta,True,Courtyard By Marriott Atlanta Buckhead,,3,+1 404-869-0818,225,2,3332 Peachtree Road Northeast
2837,,Toronto,False,Best Western Plus Toronto North York Hotel & Suites,,2,+1 416-663-9500,216,1,50 Norfinch Drive
2838,,Toronto,False,Best Western Premier Toronto Airport Carlingview Hotel,,2,+1 416-637-7000,150,1,"135 Carlingview Drive, Etobicoke, Ontario M9W 5E7, Canada"
2839,,Toronto,False,Bisha Hotel Toronto,,2,+1 416-551-2800,232,1,80 Blue Jays Way
2840,,Toronto,False,Bond Place Hotel Toronto,,2,+1 800-268-9390,156,1,65 Dundas Street East
2841,,Toronto,False,Comfort Inn Toronto North,,2,+1 416-736-4700,136,1,"66 Norfinch Drive, North York, Ontario M3N 1X1, Canada"
2842,,Toronto,False,Courtyard By Marriott Toronto Downtown,,3,+1 416-924-0611,180,1,475 Yonge Street
2843,,Philadelphia,True,Best Western Plus Philadelphia Convention Center Hotel,,3,+1 215-398-3080,333,3,1225 Vine Street
2844,,Philadelphia,True,"Club Quarters Hotel, Philadelphia",,3,+1 215-282-5000,180,3,1628 Chestnut Street
2845,,Philadelphia,True,Courtyard By Marriott Philadelphia City Avenue,,3,+1 215-477-0200,315,3,4100 Presidential Boulevard
2846,,Philadelphia,True,Courtyard By Marriott Philadelphia South At The Navy Yard,,3,+1 215-644-9200,315,3,1001 Intrepid Avenue
2847,,Philadelphia,True,Embassy Suites By Hilton Philadelphia Airport,,3,+1 215-365-4500,288,3,9000 Bartram Avenue
2848,,London,False,Apex London Wall Hotel,,3,+44 20 7562 3030,240,4,7-9 Copthall Avenue
2849,,London,False,Apex Temple Court Hotel,,3,+44 20 3004 4141,252,4,"1-2, Serjeant's Inn"
2850,,Los Angeles,True,Courtyard By Marriott Los Angeles L.A. Live,,3,+1 213-443-9222,342,3,901 West Olympic Boulevard
2851,,Los Angeles,True,Courtyard By Marriott Los Angeles Sherman Oaks,,3,+1 818-981-5400,333,3,"15433 Ventura Boulevard, Sherman Oaks, CA 91403, USA"
2852,,Los Angeles,True,Crowne Plaza Los Angeles Airport,,3,+1 310-642-7500,360,3,5985 West Century Boulevard
2853,,Los Angeles,True,Beverly Laurel Motor Hotel,,2,+1 800-947-7666,204,2,8018 Beverly Boulevard
2854,,New York,True,Aliz Hotel Times Square,,1,+1 646-609-5122,264,4,310 West 40th Street
2855,,Los Angeles,True,Beverly Hills Marriott,,2,+1 310-553-6561,384,3,1150 South Beverly Drive
2856,,Los Angeles,True,Courtyard By Marriott Los Angeles Century City/Beverly Hills,,2,+1 310-556-2777,279,3,10320 West Olympic Boulevard
2857,,Los Angeles,True,Courtyard By Marriott Los Angeles L.A. Live,,2,+1 213-443-9222,342,3,901 West Olympic Boulevard
2858,,Los Angeles,True,Courtyard By Marriott Los Angeles Lax/Century Boulevard,,2,+1 310-649-1400,261,3,6161 West Century Boulevard
2859,,Los Angeles,True,Courtyard By Marriott Los Angeles Sherman Oaks,,2,+1 818-981-5400,222,3,"15433 Ventura Boulevard, Sherman Oaks, CA 91403, USA"
2860,,Los Angeles,True,Crowne Plaza Los Angeles Airport,,2,+1 310-642-7500,360,3,5985 West Century Boulevard
2861,,Chicago,True,Ac Hotel By Marriott Chicago Downtown,,2,+1 312-981-6600,192,2,630 North Rush Street
2862,,Chicago,True,Ace Hotel Chicago,,2,+1 312-764-1919,216,2,311 North Morgan Street
2863,,Chicago,True,Acme Hotel Company Chicago,,3,+1 312-894-0800,207,2,15 East Ohio Street
2864,,Chicago,True,Aloft Chicago Downtown River North,,1,+1 312-661-1000,87,2,515 North Clark Street
2865,,Chicago,True,Aloft Chicago Mag Mile,,1,+1 312-429-6600,102,2,243 East Ontario Street
2866,,Chicago,True,Ambassador Chicago,,3,+1 888-506-3471,372,2,1301 North State Parkway
2867,,Chicago,True,Best Western River North Hotel,,2,+1 312-467-0800,210,2,125 West Ohio Street
2868,,Chicago,True,Cambria Hotel Chicago Magnificent Mile,,2,+1 312-787-6000,160,2,166 East Superior Street
2869,,Toronto,False,Best Western Plus Toronto North York Hotel & Suites,,2,+1 416-663-9500,216,2,50 Norfinch Drive
2870,,Toronto,False,Best Western Premier Toronto Airport Carlingview Hotel,,2,+1 416-637-7000,150,2,"135 Carlingview Drive, Etobicoke, Ontario M9W 5E7, Canada"
2871,,Toronto,False,Bisha Hotel Toronto,,2,+1 416-551-2800,232,2,80 Blue Jays Way
2872,,Toronto,False,Bond Place Hotel Toronto,,2,+1 800-268-9390,156,2,65 Dundas Street East
2873,2019-03-01,Portland,True,Canopy By Hilton Portland Pearl District,3,1,+1 971-351-0230,84,2,425 Northwest 9th Avenue
2874,2019-03-01,New York,True,1 Hotel Brooklyn Bridge,3,1,+1 833-625-6111,216,1,"60 Furman Street, Brooklyn"
2875,2019-03-05,Los Angeles,True,Ac Hotel By Marriott Beverly Hills,1,2,+1 323-852-7000,234,2,6399 Wilshire Boulevard
2876,,Portland,True,Courtyard By Marriott Portland Airport,,3,+1 503-252-3200,243,2,11550 Northeast Airport Way
2877,,Portland,True,Courtyard By Marriott Portland City Center,,3,+1 503-505-5000,216,2,550 Southwest Oak Street
2878,,Portland,True,Courtyard By Marriott Portland Downtown/Convention Center,,2,+1 503-234-3200,126,2,435 Northeast Wasco Street
2879,,Portland,True,Crowne Plaza Portland-Downtown Conv Ctr,,3,+1 503-233-2401,342,2,1441 Northeast 2nd Avenue
2880,2019-03-02,Portland,True,Best Western Plus Portland Airport Hotel & Suites,2,1,+1 503-251-9991,78,2,11938 Northeast Airport Way
2881,2019-03-07,Philadelphia,True,Aka University City,3,1,+1 215-372-9000,180,2,"Cira Centre South, 2929 Walnut Street"
2882,2019-03-01,Los Angeles,True,Airtel Plaza Hotel,1,2,+1 800-224-7835,138,3,"7277 Valjean Avenue, Van Nuys, California 91406, United States"
2883,2019-03-01,Washington D.C.,True,Capitol Hill Hotel,1,1,+1 202-543-6000,78,3,"200 C Street Southeast, Washington, DC 20003, USA"
2884,2019-03-01,Washington D.C.,True,Arc The.Hotel,4,1,+1 202-337-6620,180,3,"824 New Hampshire Avenue Northwest, Washington, District of Columbia 20037, United States"
2885,2019-03-03,New York,True,1 Hotel Brooklyn Bridge,4,1,+1 833-625-6111,104,4,"60 Furman Street, Brooklyn"
2886,2019-03-01,London,False,Abc Hyde Park Hotel,2,2,+44 20 7706 4660,333,3,121 Sussex Gardens
2887,2019-03-01,Toronto,False,Best Western Plus Toronto North York Hotel & Suites,3,1,+1 416-663-9500,180,3,50 Norfinch Drive
2888,2019-03-01,New York,True,1 Hotel Brooklyn Bridge,1,2,+1 833-625-6111,216,1,"60 Furman Street, Brooklyn"
2889,2019-03-01,New York,True,1 Hotel Brooklyn Bridge,4,1,+1 833-625-6111,216,2,"60 Furman Street, Brooklyn"
2890,2019-03-03,Phoenix,True,Aloft Phoenix-Airport,3,1,+1 602-275-6300,99,3,4450 East Washington Street
2891,,Chicago,True,Ace Hotel Chicago,,1,+1 312-764-1919,216,4,311 North Morgan Street
2892,,Chicago,True,Ambassador Chicago,,1,+1 888-506-3471,372,4,1301 North State Parkway
2893,,Chicago,True,Best Western Grant Park Hotel,,1,+1 312-922-2900,156,2,1100 South Michigan Avenue
2894,,Chicago,True,Best Western Plus Hawthorne Terrace Hotel,,1,+1 773-244-3434,162,2,3434 N Broadway Ave
2895,,Chicago,True,Cambria Hotel Chicago Magnificent Mile,,1,+1 312-787-6000,160,4,166 East Superior Street
2896,2019-03-01,Chicago,True,Ac Hotel By Marriott Chicago Downtown,1,1,+1 312-981-6600,111,3,630 North Rush Street
2897,,Vancouver,False,Atrium Inn Vancouver,,3,+1 604-254-1000,342,1,2889 East Hastings Street
2898,,Vancouver,False,Best Western Plus Chateau Granville Hotel & Suites & Conference Ctr.,,3,+1 604-669-7070,243,1,1100 Granville Street
2899,,Vancouver,False,Best Western Plus Sands,,3,+1 604-682-1831,198,1,1755 Davie Street
2900,,Vancouver,False,Blue Horizon Hotel,,3,+1 604-688-1411,234,1,1225 Robson Street
2901,,Vancouver,False,Delta Hotels By Marriott Vancouver Downtown Suites,,3,+1 844-254-5048,264,1,550 West Hastings Street
2902,,Vancouver,False,Exchange Hotel Vancouver,,3,+1 604-563-4693,384,1,475 Howe Street
2903,2019-03-01,Vancouver,False,Best Western Plus Chateau Granville Hotel & Suites & Conference Ctr.,1,3,+1 604-669-7070,243,1,1100 Granville Street
2904,2019-03-01,Seattle,True,Ace Hotel Seattle,3,1,+1 206-448-4721,44,2,2423 1st Avenue
2905,2019-03-01,London,False,45 Park Lane,1,3,+44 20 7493 4545,480,1,45 Park Lane
2906,,Phoenix,True,Arizona Grand Resort & Spa,,2,+1 602-426-2638,264,2,8000 Arizona Grand Parkway
2907,,Phoenix,True,Cambria Hotel North Scottsdale Desert Ridge,,2,+1 480-585-6644,228,2,4425 E Irma Ln&nbsp
2908,,Phoenix,True,Crowne Plaza Phoenix Airport,,3,+1 602-273-7778,351,2,4300 East Washington Street
2909,,Phoenix,True,Drury Inn & Suites Phoenix Airport,,2,+1 602-437-8400,174,2,3333 East University Drive
2910,2019-03-02,Phoenix,True,Aloft Phoenix-Airport,3,3,+1 602-275-6300,333,2,4450 East Washington Street
2911,2019-03-02,Phoenix,True,Aloft Phoenix-Airport,2,1,+1 602-275-6300,333,2,4450 East Washington Street
2912,2019-03-03,Las Vegas,True,Budget Suites Of America,2,1,+1 702-638-1800,40,1,2219 North Rancho Drive
2913,2019-03-01,New York,True,11 Howard,2,1,+1 212-235-1111,207,1,11 Howard Street
2914,2019-03-01,Chicago,True,Ace Hotel Chicago,1,1,+1 312-764-1919,216,3,311 North Morgan Street
2915,2019-03-02,Toronto,False,Best Western Premier Toronto Airport Carlingview Hotel,3,1,+1 416-637-7000,117,3,"135 Carlingview Drive, Etobicoke, Ontario M9W 5E7, Canada"
2916,2019-03-02,San Francisco,True,Amsterdam Hostel San Francisco,4,1,+1 415-673-3277,69,1,749 Taylor Street
2917,2019-03-01,Los Angeles,True,Ac Hotel By Marriott Beverly Hills,1,1,+1 323-852-7000,60,2,6399 Wilshire Boulevard
2918,2019-03-01,San Diego,True,Bahia Resort Hotel,4,1,+1 858-539-8666,192,3,998 West Mission Bay Drive
2919,2019-03-01,Los Angeles,True,Airtel Plaza Hotel,4,1,+1 800-224-7835,138,3,"7277 Valjean Avenue, Van Nuys, California 91406, United States"
2920,2019-03-02,Los Angeles,True,Airtel Plaza Hotel,3,2,+1 800-224-7835,225,2,"7277 Valjean Avenue, Van Nuys, California 91406, United States"
2921,2019-03-03,Los Angeles,True,Ac Hotel By Marriott Beverly Hills,1,1,+1 323-852-7000,156,2,6399 Wilshire Boulevard
2922,2019-03-05,San Francisco,True,Argonaut Hotel,1,3,+1 415-563-0800,372,2,495 Jefferson Street
2923,2019-03-01,Phoenix,True,Aloft Phoenix-Airport,3,1,+1 602-275-6300,186,3,4450 East Washington Street
2924,2019-03-01,San Francisco,True,Amsterdam Hostel San Francisco,4,1,+1 415-673-3277,90,1,749 Taylor Street
2925,2019-03-03,Washington D.C.,True,Arc The.Hotel,1,1,+1 202-337-6620,111,3,"824 New Hampshire Avenue Northwest, Washington, District of Columbia 20037, United States"
2926,,Sacramento,True,Best Western Plus Sutter House,,3,+1 916-441-1314,75,1,1100 H Street
2927,,Sacramento,True,Courtyard By Marriott Sacramento Midtown,,2,+1 916-455-6800,120,3,4422 Y Street
2928,,Sacramento,True,Doubletree By Hilton Hotel Sacramento,,2,+1 916-929-8855,168,3,2001 Point West Way
2929,,Sacramento,True,Embassy Suites By Hilton Sacramento Riverfront Promenade,,3,+1 916-326-5000,243,3,100 Capitol Mall
2930,,Sacramento,True,Four Points By Sheraton Sacramento International Airport,,2,+1 916-263-9000,156,3,4900 Duckhorn Drive
2931,,Sacramento,True,Hilton Garden Inn Sacramento/South Natomas,,1,+1 916-568-5400,102,3,2540 Venture Oaks Way
2932,,Sacramento,True,Hilton Sacramento Arden West,,3,+1 916-922-4700,234,3,2200 Harvard Street
2933,,Sacramento,True,Holiday Inn Express Sacramento Convention Center,,1,+1 916-444-4436,108,3,728 16th Street
2934,2019-03-01,Sacramento,True,Best Western Plus Sutter House,3,1,+1 916-441-1314,75,1,1100 H Street
2935,2019-03-03,New York,True,11 Howard,2,1,+1 212-235-1111,234,3,11 Howard Street
2936,,Chicago,True,Ac Hotel By Marriott Chicago Downtown,,1,+1 312-981-6600,216,2,630 North Rush Street
2937,,Chicago,True,Ace Hotel Chicago,,1,+1 312-764-1919,112,2,311 North Morgan Street
2938,,Chicago,True,Acme Hotel Company Chicago,,1,+1 312-894-0800,150,2,15 East Ohio Street
2939,,Chicago,True,Aloft Chicago Downtown River North,,1,+1 312-661-1000,315,2,515 North Clark Street
2940,,Chicago,True,Aloft Chicago Mag Mile,,1,+1 312-429-6600,78,2,243 East Ontario Street
2941,,Chicago,True,Ambassador Chicago,,1,+1 888-506-3471,296,2,1301 North State Parkway
2942,,Chicago,True,Best Western Grant Park Hotel,,1,+1 312-922-2900,138,2,1100 South Michigan Avenue
2943,,Chicago,True,Best Western Plus Hawthorne Terrace Hotel,,1,+1 773-244-3434,234,2,3434 N Broadway Ave
2944,,Chicago,True,Best Western River North Hotel,,1,+1 312-467-0800,180,2,125 West Ohio Street
2945,,Chicago,True,Cambria Hotel Chicago Magnificent Mile,,1,+1 312-787-6000,360,2,166 East Superior Street
2946,2019-03-01,Chicago,True,Acme Hotel Company Chicago,4,1,+1 312-894-0800,150,2,15 East Ohio Street
2947,2019-03-03,Kuala Lumpur,False,Alila Bangsar,1,1,+60 3-2268 3888,465,5,"East Side, 58, Jalan Ang Seng, Brickfields, 50470"
2948,2019-03-02,New York,True,11 Howard,1,3,+1 212-235-1111,198,1,11 Howard Street
2949,,New York,True,11 Howard,,1,+1 212-235-1111,168,2,11 Howard Street
2950,,New York,True,6 Columbus Hotel,,1,+1 212-204-3000,208,2,308 West 58th Street
2951,,New York,True,Ac Hotel New York Times Square,,1,+1 212-398-2700,272,2,260 West 40th Street
2952,,New York,True,Ace Hotel,,1,+1 212-991-0551,468,2,20 West 29th Street
2953,2019-03-06,New York,True,11 Howard,4,1,+1 212-235-1111,168,2,11 Howard Street
2954,2019-03-01,London,False,Abercorn House,2,2,+44 20 8563 8692,58,1,28-30 Bute Gardens
2955,2019-03-02,Los Angeles,True,Best Western Plus Dragon Gate Inn,2,1,+1 213-617-3077,136,2,818 North Hill Street
2956,,San Diego,True,Bahia Resort Hotel,,1,+1 858-539-8666,270,3,998 West Mission Bay Drive
2957,,San Diego,True,Best Western Plus Island Palms Hotel & Marina,,1,+1 619-222-0561,150,3,2051 Shelter Island Drive
2958,,San Diego,True,Best Western Seven Seas,,1,+1 619-291-1300,315,3,411 Hotel Circle South
2959,,San Diego,True,Blue Sea Beach Hotel,,1,+1 858-488-4700,270,3,707 Pacific Beach Drive
2960,,San Diego,True,Best Western Plus Bayside Inn,,3,+1 619-233-7500,351,3,555 West Ash Street
2961,,San Diego,True,Best Western Plus Island Palms Hotel & Marina,,3,+1 619-222-0561,180,3,2051 Shelter Island Drive
2962,,San Diego,True,Capri By The Sea By All Seasons Resort Lodging,,3,+1 858-483-6110,270,3,4767 Ocean Boulevard
2963,,San Diego,True,Catamaran Resort Hotel And Spa,,3,+1 858-488-1081,432,3,3999 Mission Boulevard
2964,,San Diego,True,Comfort Inn & Suites San Diego - Zoo Seaworld Area,,3,+1 619-881-6200,315,3,2485 Hotel Circle Place
2965,,San Diego,True,Courtyard By Marriott San Diego Airport/Liberty Station,,3,+1 619-221-1900,270,3,2592 Laning Road
2966,2019-03-03,San Diego,True,Best Western Plus Bayside Inn,2,3,+1 619-233-7500,351,3,555 West Ash Street
2967,,Nairobi,False,Azure Hotel Nairobi Westlands,,2,+254 709 716000,200,5,Lantana Road
2968,,Nairobi,False,Crowne Plaza Nairobi,,1,+254 719 096000,84,4,"Kenya Road, Upper Hill"
2969,,Nairobi,False,Doubletree By Hilton Nairobi Hurlingham,,2,+254 709 090000,160,4,Ngong Lane Ngong Road
2970,,Nairobi,False,Dusitd2 Nairobi,,1,+254 787 657000,100,5,14 Riverside Westlands
2971,,Nairobi,False,Eka Hotel Nairobi,,2,+254 719 045000,232,4,"Eka Hotel, Along Mombasa Road"
2972,,Nairobi,False,Four Points By Sheraton Nairobi Airport,,1,+254 709 760000,108,4,9042/1044 Tower Avenue Jomo Kenyatta Intl Airport
2973,,Nairobi,False,Hemingways Nairobi,,2,+254 711 032000,370,5,Mbagathi Ridge
2974,,Nairobi,False,Hilton Garden Inn Nairobi Airport,,3,+254 20 4075000,264,4,Jomo Kenyatta International Airport Mombasa Road
2975,,Nairobi,False,Intercontinental Hotel,,3,+254 20 3200000,420,5,City Hall Way
2976,2019-03-01,Nairobi,False,Azure Hotel Nairobi Westlands,3,2,+254 709 716000,200,5,Lantana Road
2977,,New York,True,1 Hotel Brooklyn Bridge,,1,+1 833-625-6111,80,3,"60 Furman Street, Brooklyn"
2978,,New York,True,1 Hotel Central Park,,1,+1 212-703-2001,150,3,1414 6th Avenue
2979,,New York,True,6 Columbus Hotel,,1,+1 212-204-3000,208,3,308 West 58th Street
2980,,New York,True,Ac Hotel New York Times Square,,1,+1 212-398-2700,272,3,260 West 40th Street
2981,,New York,True,Ace Hotel,,1,+1 212-991-0551,468,3,20 West 29th Street
2982,,New York,True,Aka Central Park,,1,+1 646-744-3100,152,3,42 West 58th Street
2983,,New York,True,Aka Times Square,,1,+1 212-764-5700,80,3,123 West 44th Street
2984,,New York,True,Aka Wall Street,,1,+1 212-252-9090,312,3,84 William Street
2985,2019-03-02,New York,True,1 Hotel Central Park,4,1,+1 212-703-2001,495,3,1414 6th Avenue
2986,,Paris,False,Ac Hotel By Marriott Paris Porte Maillot,,3,+33 1 84 82 49 09,276,4,"6 Rue Gustave Charpentier, 75017"
2987,,Paris,False,Amastan Paris,,3,+33 1 49 52 99 70,432,4,"34 Rue Jean Mermoz, 75008"
2988,,Paris,False,Aparthotel Adagio Access Paris La Villette,,3,+33 1 44 72 42 00,306,3,"28bis Avenue Corentin Cariou, 75019"
2989,,Paris,False,Aparthotel Adagio Paris Montmartre,,3,+33 1 42 57 14 55,198,3,"10 Place Charles Dullin, 75018"
2990,,Paris,False,Austin'S Saint Lazare HoTel,,3,+33 1 48 74 48 71,234,3,"26 Rue d'Amsterdam, 75009"
2991,,Paris,False,Bob Hotel By Elegancia,,3,+33 1 40 43 02 33,420,4,"30 Rue Pernety, 75014"
2992,,Paris,False,Brach Paris,,3,+33 1 44 30 10 00,390,5,"1-7 Rue Jean Richepin, 75016"
2993,,Paris,False,Buddha-Bar Hotel Paris,,3,+33 1 83 96 88 88,585,5,"4 Rue d'Anjou, 75008"
2994,2019-03-05,Paris,False,Amastan Paris,3,1,+33 1 49 52 99 70,132,4,"34 Rue Jean Mermoz, 75008"
2995,,Paris,False,Amastan Paris,,2,+33 1 49 52 99 70,432,4,"34 Rue Jean Mermoz, 75008"
2996,,Paris,False,Austin'S Saint Lazare HoTel,,2,+33 1 48 74 48 71,234,3,"26 Rue d'Amsterdam, 75009"
2997,,Paris,False,Avalon Hotel Paris Gare Du Nord,,2,+33 1 42 85 50 00,180,3,"131 Boulevard de Magenta, 75010"
2998,,Paris,False,Best Western Bretagne Montparnasse,,2,+33 1 45 38 52 59,348,4,"33 Rue Raymond Losserand, 75014"
2999,,Paris,False,Bob Hotel By Elegancia,,2,+33 1 40 43 02 33,420,4,"30 Rue Pernety, 75014"
3000,2019-03-03,Paris,False,Aparthotel Adagio Access Paris La Villette,2,2,+33 1 44 72 42 00,306,3,"28bis Avenue Corentin Cariou, 75019"
3001,2019-03-03,London,False,45 Park Lane,3,1,+44 20 7493 4545,525,5,45 Park Lane
3002,2019-03-01,New York,True,1 Hotel Central Park,4,1,+1 212-703-2001,150,2,1414 6th Avenue
3003,,Sacramento,True,Courtyard By Marriott Sacramento Midtown,,2,+1 916-455-6800,120,1,4422 Y Street
3004,,Sacramento,True,Doubletree By Hilton Hotel Sacramento,,2,+1 916-929-8855,168,1,2001 Point West Way
3005,,Sacramento,True,Embassy Suites By Hilton Sacramento Riverfront Promenade,,3,+1 916-326-5000,243,1,100 Capitol Mall
3006,,Sacramento,True,Fairfield Inn By Marriott Sacramento Cal Expo,,3,+1 916-920-5300,192,1,1780 Tribute Road
3007,,Sacramento,True,Four Points By Sheraton Sacramento International Airport,,2,+1 916-263-9000,156,1,4900 Duckhorn Drive
3008,,Sacramento,True,Hilton Garden Inn Sacramento/South Natomas,,1,+1 916-568-5400,102,1,2540 Venture Oaks Way
3009,,Sacramento,True,Hilton Sacramento Arden West,,3,+1 916-922-4700,234,1,2200 Harvard Street
3010,,Sacramento,True,Holiday Inn Express Sacramento Convention Center,,1,+1 916-444-4436,108,1,728 16th Street
3011,,Sacramento,True,Holiday Inn Sacramento Downtown - Arena,,3,+1 916-446-0100,180,1,300 J Street
3012,,Sacramento,True,Best Western Plus Sutter House,,2,+1 916-441-1314,75,1,1100 H Street
3013,,Sacramento,True,Embassy Suites By Hilton Sacramento Riverfront Promenade,,2,+1 916-326-5000,243,1,100 Capitol Mall
3014,,Sacramento,True,Fairfield Inn By Marriott Sacramento Cal Expo,,2,+1 916-920-5300,192,1,1780 Tribute Road
3015,,Sacramento,True,Hilton Garden Inn Sacramento/South Natomas,,2,+1 916-568-5400,120,1,2540 Venture Oaks Way
3016,,Sacramento,True,Hilton Sacramento Arden West,,2,+1 916-922-4700,234,1,2200 Harvard Street
3017,,Sacramento,True,Holiday Inn Express Sacramento Convention Center,,2,+1 916-444-4436,306,1,728 16th Street
3018,,Sacramento,True,Courtyard By Marriott Sacramento Midtown,,1,+1 916-455-6800,120,2,4422 Y Street
3019,,Sacramento,True,Doubletree By Hilton Hotel Sacramento,,1,+1 916-929-8855,168,2,2001 Point West Way
3020,,Sacramento,True,Embassy Suites By Hilton Sacramento Riverfront Promenade,,1,+1 916-326-5000,243,2,100 Capitol Mall
3021,,Sacramento,True,Four Points By Sheraton Sacramento International Airport,,1,+1 916-263-9000,156,2,4900 Duckhorn Drive
3022,,Sacramento,True,Hilton Garden Inn Sacramento/South Natomas,,1,+1 916-568-5400,102,2,2540 Venture Oaks Way
3023,,Sacramento,True,Hilton Sacramento Arden West,,1,+1 916-922-4700,234,2,2200 Harvard Street
3024,,Sacramento,True,Holiday Inn Express Sacramento Convention Center,,1,+1 916-444-4436,108,2,728 16th Street
3025,2019-03-08,Sacramento,True,Doubletree By Hilton Hotel Sacramento,2,1,+1 916-929-8855,180,2,2001 Point West Way
3026,,Sydney,False,Adina Apartment Hotel Sydney Darling Harbour,,2,+61 2 9249 7000,272,4,55 Shelley Street
3027,,Sydney,False,Adina Apartment Hotel Sydney Town Hall,,2,+61 2 9274 0000,296,4,511 Kent Street
3028,,Sydney,False,Adina Serviced Apartments Sydney Martin Place (Formerly Medina),,2,+61 1300 633 462,272,4,1 Hosking Place
3029,,Sydney,False,Amora Hotel,,2,+61 2 9696 2500,320,5,11 Jamison Street
3030,,Sydney,False,Base Backpackers Sydney,,2,+61 1800 242 273,84,2,477 Kent Street
3031,,Sydney,False,Breakfree On Clarence,,1,+61 2 8017 8888,114,3,193-195 Clarence Street
3032,,Sydney,False,Breakfree On George,,2,+61 132007,176,4,653 George Street
3033,,Sydney,False,Courtyard By Marriott Sydney-North Ryde,,2,+61 2 9491 9500,256,4,7-11 Talavera Road North Ryde
3034,,Sydney,False,Establishment Hotel,,3,+61 2 9240 3100,375,5,5 Bridge Lane
3035,,Sydney,False,Fraser Suites Sydney,,1,+61 2 8823 8888,140,5,488 Kent Street
3036,,Sydney,False,Adina Apartment Hotel Sydney Darling Harbour,,3,+61 2 9249 7000,432,3,55 Shelley Street
3037,,Sydney,False,Adina Apartment Hotel Sydney Town Hall,,3,+61 2 9274 0000,432,3,511 Kent Street
3038,,Sydney,False,Adina Serviced Apartments Sydney Martin Place (Formerly Medina),,3,+61 1300 633 462,312,3,1 Hosking Place
3039,,Sydney,False,Amora Hotel,,3,+61 2 9696 2500,345,3,11 Jamison Street
3040,,Sydney,False,Breakfree On Clarence,,3,+61 2 8017 8888,198,3,193-195 Clarence Street
3041,,Sydney,False,Breakfree On George,,3,+61 132007,276,3,653 George Street
3042,,Sydney,False,Courtyard By Marriott Sydney-North Ryde,,3,+61 2 9491 9500,456,3,7-11 Talavera Road North Ryde
3043,,Sydney,False,Establishment Hotel,,3,+61 2 9240 3100,375,3,5 Bridge Lane
3044,,Sydney,False,Fraser Suites Sydney,,3,+61 2 8823 8888,480,3,488 Kent Street
3045,2019-03-03,Sydney,False,Adina Serviced Apartments Sydney Martin Place (Formerly Medina),1,3,+61 1300 633 462,312,3,1 Hosking Place
3046,2019-03-03,New York,True,1 Hotel Brooklyn Bridge,1,1,+1 833-625-6111,252,4,"60 Furman Street, Brooklyn"
3047,2019-03-10,Philadelphia,True,Aloft Philadelphia Downtown,2,1,+1 215-607-2020,120,3,101 North Broad Street
3048,,London,False,45 Park Lane,,2,+44 20 7493 4545,525,1,45 Park Lane
3049,,London,False,Abc Hyde Park Hotel,,2,+44 20 7706 4660,270,1,121 Sussex Gardens
3050,,London,False,Accommodation London Bridge,,2,+44 20 7403 4299,351,1,58 Great Dover Street
3051,,London,False,Ace Hotel London,,2,+44 20 7613 9800,408,1,100 Shoreditch High Street
3052,,London,False,Airways Hotel London Victoria,,2,+44 20 7834 0205,222,1,29-31 Saint George's Drive
3053,,London,False,Amba Hotel Charing Cross,,2,+44 871 376 9012,168,1,Strand
3054,,London,False,Amba Hotel Marble Arch,,2,+44 800 330 8523,200,1,Bryanston Street
3055,,London,False,Ambassadors Bloomsbury Hotel,,2,+44 20 7388 9930,264,1,12 Upper Woburn Place
3056,,London,False,Ambassadors Hotel,,2,+44 20 7373 1075,189,1,16 Collingham Road
3057,2019-03-01,London,False,Abercorn House,1,2,+44 20 8563 8692,58,1,28-30 Bute Gardens
3058,,Seattle,True,Ace Hotel Seattle,,1,+1 206-448-4721,88,1,2423 1st Avenue
3059,,Seattle,True,Belltown Inn,,1,+1 866-525-4704,132,1,2301 3rd Avenue
3060,,Seattle,True,Best Western Plus Pioneer Square Hotel Downtown,,1,+1 206-340-1234,132,1,77 Yesler Way
3061,,Seattle,True,Courtyard By Marriott Seattle Downtown/Lake Union,,1,+1 206-213-0100,216,1,925 Westlake Avenue North
3062,,Seattle,True,Days Inn By Wyndham Seattle North Of Downtown,,1,+1 800-615-3107,112,1,9100 Aurora Avenue North
3063,,Seattle,True,Even Hotel Seattle Downtown - Lake Union,,1,+1 206-596-2302,243,1,527 Fairview Avenue North
3064,,Seattle,True,Extended Stay America - Seattle - Northgate,,1,+1 206-365-8100,204,1,13300 Stone Avenue North
3065,,Seattle,True,Four Points By Sheraton Downtown Seattle Center,,1,+1 206-282-2600,243,1,601 Roy Street
3066,2019-03-04,Seattle,True,Best Western Plus Pioneer Square Hotel Downtown,4,1,+1 206-340-1234,102,1,77 Yesler Way
3067,,London,False,45 Park Lane,,3,+44 20 7493 4545,525,1,45 Park Lane
3068,,London,False,Abc Hyde Park Hotel,,3,+44 20 7706 4660,270,1,121 Sussex Gardens
3069,,London,False,Accommodation London Bridge,,3,+44 20 7403 4299,351,1,58 Great Dover Street
3070,,London,False,Ace Hotel London,,3,+44 20 7613 9800,408,1,100 Shoreditch High Street
3071,,London,False,Airways Hotel London Victoria,,3,+44 20 7834 0205,288,1,29-31 Saint George's Drive
3072,,London,False,Amba Hotel Charing Cross,,3,+44 871 376 9012,360,1,Strand
3073,,London,False,Amba Hotel Marble Arch,,3,+44 800 330 8523,252,1,Bryanston Street
3074,,London,False,Ambassadors Bloomsbury Hotel,,3,+44 20 7388 9930,468,1,12 Upper Woburn Place
3075,,London,False,Ambassadors Hotel,,3,+44 20 7373 1075,189,1,16 Collingham Road
3076,2019-03-05,London,False,Abc Hyde Park Hotel,1,3,+44 20 7706 4660,270,1,121 Sussex Gardens
3077,,New York,True,1 Hotel Brooklyn Bridge,,3,+1 833-625-6111,252,4,"60 Furman Street, Brooklyn"
3078,,New York,True,1 Hotel Central Park,,3,+1 212-703-2001,495,5,1414 6th Avenue
3079,,New York,True,11 Howard,,3,+1 212-235-1111,234,3,11 Howard Street
3080,,New York,True,6 Columbus Hotel,,3,+1 212-204-3000,372,4,308 West 58th Street
3081,,New York,True,Ac Hotel New York Times Square,,3,+1 212-398-2700,408,4,260 West 40th Street
3082,,New York,True,Adria Hotel & Conference Center,,3,+1 718-631-5900,351,3,"221-17 Northern Boulevard, Bayside"
3083,,New York,True,Aka Central Park,,3,+1 646-744-3100,420,4,42 West 58th Street
3084,,New York,True,Aka Times Square,,3,+1 212-764-5700,324,4,123 West 44th Street
3085,,New York,True,1 Hotel Brooklyn Bridge,,3,+1 833-625-6111,252,1,"60 Furman Street, Brooklyn"
3086,,New York,True,1 Hotel Central Park,,3,+1 212-703-2001,495,1,1414 6th Avenue
3087,,New York,True,11 Howard,,3,+1 212-235-1111,234,1,11 Howard Street
3088,,New York,True,6 Columbus Hotel,,3,+1 212-204-3000,372,1,308 West 58th Street
3089,,New York,True,Ac Hotel New York Times Square,,3,+1 212-398-2700,408,1,260 West 40th Street
3090,,New York,True,Adria Hotel & Conference Center,,3,+1 718-631-5900,351,1,"221-17 Northern Boulevard, Bayside"
3091,,New York,True,Aka Central Park,,3,+1 646-744-3100,420,1,42 West 58th Street
3092,,New York,True,Aka Times Square,,3,+1 212-764-5700,324,1,123 West 44th Street
3093,2019-03-02,New York,True,11 Howard,3,3,+1 212-235-1111,198,1,11 Howard Street
3094,,Chicago,True,Acme Hotel Company Chicago,,2,+1 312-894-0800,150,1,15 East Ohio Street
3095,,Chicago,True,Ambassador Chicago,,2,+1 888-506-3471,296,1,1301 North State Parkway
3096,,Sydney,False,Adina Apartment Hotel Sydney Darling Harbour,,2,+61 2 9249 7000,272,1,55 Shelley Street
3097,,Sydney,False,Adina Apartment Hotel Sydney Town Hall,,2,+61 2 9274 0000,296,1,511 Kent Street
3098,,Sydney,False,Adina Serviced Apartments Sydney Martin Place (Formerly Medina),,2,+61 1300 633 462,272,1,1 Hosking Place
3099,,Sydney,False,Amora Hotel,,2,+61 2 9696 2500,320,1,11 Jamison Street
3100,,Sydney,False,Base Backpackers Sydney,,2,+61 1800 242 273,84,1,477 Kent Street
3101,,Sydney,False,Breakfree On Clarence,,1,+61 2 8017 8888,114,1,193-195 Clarence Street
3102,,Sydney,False,Breakfree On George,,2,+61 132007,176,1,653 George Street
3103,,Sydney,False,Courtyard By Marriott Sydney-North Ryde,,2,+61 2 9491 9500,256,1,7-11 Talavera Road North Ryde
3104,,Sydney,False,Establishment Hotel,,3,+61 2 9240 3100,375,1,5 Bridge Lane
3105,,Sydney,False,Fraser Suites Sydney,,1,+61 2 8823 8888,140,1,488 Kent Street
3106,2019-03-09,Sydney,False,Adina Apartment Hotel Sydney Darling Harbour,3,1,+61 2 9249 7000,432,1,55 Shelley Street
3107,,San Diego,True,Bahia Resort Hotel,,3,+1 858-539-8666,270,1,998 West Mission Bay Drive
3108,,San Diego,True,Best Western Plus Island Palms Hotel & Marina,,2,+1 619-222-0561,150,1,2051 Shelter Island Drive
3109,,San Diego,True,Best Western San Diego/Miramar Hotel,,2,+1 858-578-6600,120,1,9310 Kearny Mesa Road
3110,,San Diego,True,Best Western Seven Seas,,3,+1 619-291-1300,315,1,411 Hotel Circle South
3111,,San Diego,True,Best Western Yacht Harbor Hotel,,3,+1 619-224-3254,156,1,5005 North Harbor Drive
3112,,San Diego,True,Blue Sea Beach Hotel,,3,+1 858-488-4700,270,1,707 Pacific Beach Drive
3113,,San Diego,True,Capri By The Sea By All Seasons Resort Lodging,,1,+1 858-483-6110,108,1,4767 Ocean Boulevard
3114,,San Diego,True,Bahia Resort Hotel,,3,+1 858-539-8666,270,2,998 West Mission Bay Drive
3115,,San Diego,True,Best Western Mission Bay,,3,+1 619-275-5700,222,2,2575 Clairemont Drive
3116,,San Diego,True,Best Western Plus Bayside Inn,,3,+1 619-233-7500,351,2,555 West Ash Street
3117,,San Diego,True,Best Western Plus Island Palms Hotel & Marina,,3,+1 619-222-0561,180,2,2051 Shelter Island Drive
3118,,San Diego,True,Best Western San Diego/Miramar Hotel,,3,+1 858-578-6600,234,2,9310 Kearny Mesa Road
3119,,San Diego,True,Best Western Seven Seas,,3,+1 619-291-1300,315,2,411 Hotel Circle South
3120,,San Diego,True,Blue Sea Beach Hotel,,3,+1 858-488-4700,270,2,707 Pacific Beach Drive
3121,2019-03-06,San Diego,True,Best Western Mission Bay,4,3,+1 619-275-5700,222,2,2575 Clairemont Drive
3122,2019-03-02,London,False,45 Park Lane,1,1,+44 20 7493 4545,420,5,45 Park Lane
3123,,Atlanta,True,Ac Hotel By Marriott Atlanta Buckhead At Phipps Plaza,,2,+1 470-231-3030,176,4,3600 Wieuca Road Northeast
3124,,Atlanta,True,Aloft Atlanta Downtown,,2,+1 678-515-0300,279,3,300 Ted Turner Drive Northwest
3125,,Atlanta,True,"Country Inn & Suites By Radisson, Atlanta Downtown South At Turner Field, Ga",,2,+1 404-658-1961,261,3,759 Pollard Boulevard Southwest
3126,,Atlanta,True,Courtyard By Marriott Atlanta Buckhead,,2,+1 404-869-0818,225,3,3332 Peachtree Road Northeast
3127,,Chicago,True,Ac Hotel By Marriott Chicago Downtown,,1,+1 312-981-6600,192,1,630 North Rush Street
3128,,Chicago,True,Ace Hotel Chicago,,1,+1 312-764-1919,216,1,311 North Morgan Street
3129,,Chicago,True,Acme Hotel Company Chicago,,1,+1 312-894-0800,207,1,15 East Ohio Street
3130,,Chicago,True,Ambassador Chicago,,1,+1 888-506-3471,372,1,1301 North State Parkway
3131,,Chicago,True,Best Western Grant Park Hotel,,1,+1 312-922-2900,156,1,1100 South Michigan Avenue
3132,,Chicago,True,Best Western Plus Hawthorne Terrace Hotel,,1,+1 773-244-3434,162,1,3434 N Broadway Ave
3133,,Chicago,True,Best Western River North Hotel,,1,+1 312-467-0800,210,1,125 West Ohio Street
3134,,Chicago,True,Cambria Hotel Chicago Magnificent Mile,,1,+1 312-787-6000,160,1,166 East Superior Street
3135,,Delhi,False,Aloft New Delhi Aerocity,,1,+91 11 4565 0000,176,1,"5B Igi T3 Road, Delhi - Ajmer Expressway, Aerocity, New Delhi"
3136,,Delhi,False,Andaz Delhi - A Concept By Hyatt,,1,+91 11 4903 1234,320,1,"Asset, Street Number 1, New Delhi"
3137,,Delhi,False,Calista Resort,,1,+91 11 4103 4591,228,1,"37/2-4 Old, National Highway 48, Kapas Hera, New Delhi"
3138,,Delhi,False,Crowne Plaza New Delhi Mayur Vihar Noida,,1,+91 11 4110 2222,216,1,"13 B, District Centre, Mayur Vihar, New Delhi"
3139,,Delhi,False,Deemarks Hotel & Resorts Conference Venues Corporate Event In Mahipalpur Near Airport In South Delhi,,1,+91 11 2506 0721,252,1,"Shiv Murti, Nh-8, Delhi - Jaipur Expressway, Rangpuri, New Delhi"
3140,,Delhi,False,"Four Points By Sheraton New Delhi, Airport Highway",,1,+91 11 6604 0000,348,1,"Plot no 9, National Highway - 8, Samalka, New Delhi"
3141,,Delhi,False,Haveli Dharampura,,1,+91 11 2326 1000,232,1,"Haveli Dharampura, 2293, Gali Gulian, Chandni Chowk, New Delhi"
3142,,London,False,Accommodation London Bridge,,2,+44 20 7403 4299,207,2,58 Great Dover Street
3143,,London,False,Ace Hotel London,,2,+44 20 7613 9800,264,2,100 Shoreditch High Street
3144,,London,False,Airways Hotel London Victoria,,2,+44 20 7834 0205,297,2,29-31 Saint George's Drive
3145,,London,False,Amba Hotel Charing Cross,,2,+44 871 376 9012,276,2,Strand
3146,,London,False,Amba Hotel Marble Arch,,2,+44 800 330 8523,288,2,Bryanston Street
3147,,London,False,Ambassadors Bloomsbury Hotel,,2,+44 20 7388 9930,396,2,12 Upper Woburn Place
3148,,London,False,Ambassadors Hotel,,2,+44 20 7373 1075,192,2,16 Collingham Road
3149,,Nairobi,False,Azure Hotel Nairobi Westlands,,3,+254 709 716000,450,4,Lantana Road
3150,,Nairobi,False,Crowne Plaza Nairobi,,3,+254 719 096000,408,4,"Kenya Road, Upper Hill"
3151,,Nairobi,False,Dusitd2 Nairobi,,3,+254 787 657000,300,4,14 Riverside Westlands
3152,,Nairobi,False,Eka Hotel Nairobi,,3,+254 719 045000,348,4,"Eka Hotel, Along Mombasa Road"
3153,,Nairobi,False,Four Points By Sheraton Nairobi Airport,,3,+254 709 760000,324,4,9042/1044 Tower Avenue Jomo Kenyatta Intl Airport
3154,,Nairobi,False,Hemingways Nairobi,,3,+254 711 032000,330,4,Mbagathi Ridge
3155,,Nairobi,False,Hilton Garden Inn Nairobi Airport,,3,+254 20 4075000,384,4,Jomo Kenyatta International Airport Mombasa Road
3156,,Nairobi,False,Intercontinental Hotel,,3,+254 20 3200000,465,4,City Hall Way
3157,,Portland,True,Aloft Portland Airport At Cascade Station,,3,+1 503-200-5678,189,2,9920 Northeast Cascades Parkway
3158,,Portland,True,Canopy By Hilton Portland Pearl District,,3,+1 971-351-0230,384,2,425 Northwest 9th Avenue
3159,,Portland,True,"Country Inn & Suites By Radisson, Portland International Airport, Or",,3,+1 503-255-2700,342,2,7025 Northeast Alderwood Road
3160,,Portland,True,Courtyard By Marriott Portland Downtown/Convention Center,,3,+1 503-234-3200,306,2,435 Northeast Wasco Street
3161,,Portland,True,Aloft Portland Airport At Cascade Station,,2,+1 503-200-5678,126,2,9920 Northeast Cascades Parkway
3162,,Portland,True,Canopy By Hilton Portland Pearl District,,2,+1 971-351-0230,384,2,425 Northwest 9th Avenue
3163,,Portland,True,Comfort Inn & Suites Portland Airport,,2,+1 503-252-6397,216,2,5019 Northeast 102nd Avenue
3164,,Portland,True,"Country Inn & Suites By Radisson, Portland International Airport, Or",,2,+1 503-255-2700,222,2,7025 Northeast Alderwood Road
3165,,Portland,True,Courtyard By Marriott Portland Airport,,2,+1 503-252-3200,243,2,11550 Northeast Airport Way
3166,,Portland,True,Courtyard By Marriott Portland City Center,,2,+1 503-505-5000,216,2,550 Southwest Oak Street
3167,,Portland,True,Crowne Plaza Portland-Downtown Conv Ctr,,2,+1 503-233-2401,342,2,1441 Northeast 2nd Avenue
3168,,Portland,True,Dossier,,2,+1 877-628-4408,276,2,750 Southwest Alder Street
3169,,Delhi,False,Aloft New Delhi Aerocity,,1,+91 11 4565 0000,176,4,"5B Igi T3 Road, Delhi - Ajmer Expressway, Aerocity, New Delhi"
3170,,Delhi,False,Andaz Delhi - A Concept By Hyatt,,1,+91 11 4903 1234,320,4,"Asset, Street Number 1, New Delhi"
3171,,Delhi,False,Crowne Plaza New Delhi Mayur Vihar Noida,,1,+91 11 4110 2222,216,4,"13 B, District Centre, Mayur Vihar, New Delhi"
3172,,Delhi,False,Crowne Plaza New Delhi Okhla,,1,+91 11 4646 2000,170,4,"Plot No 1, Community Center, Okhla Phase I, New Delhi"
3173,,Delhi,False,"Four Points By Sheraton New Delhi, Airport Highway",,1,+91 11 6604 0000,348,4,"Plot no 9, National Highway - 8, Samalka, New Delhi"
3174,,Delhi,False,Haveli Dharampura,,1,+91 11 2326 1000,232,4,"Haveli Dharampura, 2293, Gali Gulian, Chandni Chowk, New Delhi"
3175,,Delhi,False,Hilton Garden Inn New Delhi/Saket,,1,+91 11 3919 1919,288,4,"A4, DLF Place, Saket District Centre, New Delhi"
3176,,Delhi,False,Holiday Inn New Delhi International Airport,,1,+91 11 4222 2000,176,4,"Aerocity Access Road, Aerocity, Hospitality District, Asset Area 12, New Delhi"
3177,,Delhi,False,Holiday Inn New Delhi Mayur Vihar Noida,,1,+91 11 4110 5555,272,4,"13A, District Centre, Mayur Vihar, New Delhi"
3178,,London,False,Ace Hotel London,,2,+44 20 7613 9800,264,3,100 Shoreditch High Street
3179,,London,False,Amba Hotel Charing Cross,,2,+44 871 376 9012,276,3,Strand
3180,,London,False,Amba Hotel Marble Arch,,2,+44 800 330 8523,288,3,Bryanston Street
3181,,London,False,Ambassadors Bloomsbury Hotel,,2,+44 20 7388 9930,396,3,12 Upper Woburn Place
3182,,London,False,Ambassadors Hotel,,2,+44 20 7373 1075,192,3,16 Collingham Road
3183,,Portland,True,Aloft Portland Airport At Cascade Station,,2,+1 503-200-5678,126,3,9920 Northeast Cascades Parkway
3184,,Portland,True,Canopy By Hilton Portland Pearl District,,2,+1 971-351-0230,384,3,425 Northwest 9th Avenue
3185,,Portland,True,"Country Inn & Suites By Radisson, Portland International Airport, Or",,2,+1 503-255-2700,222,3,7025 Northeast Alderwood Road
3186,,Portland,True,Courtyard By Marriott Portland Airport,,2,+1 503-252-3200,243,3,11550 Northeast Airport Way
3187,,Portland,True,Courtyard By Marriott Portland City Center,,2,+1 503-505-5000,216,3,550 Southwest Oak Street
3188,,Portland,True,Crowne Plaza Portland-Downtown Conv Ctr,,2,+1 503-233-2401,342,3,1441 Northeast 2nd Avenue
3189,,Portland,True,Dossier,,2,+1 877-628-4408,276,3,750 Southwest Alder Street
3190,,Portland,True,Embassy Suites By Hilton Portland Downtown,,2,+1 503-279-9000,272,3,319 Southwest Pine Street
3191,,Phoenix,True,Aloft Phoenix-Airport,,2,+1 602-275-6300,216,1,4450 East Washington Street
3192,,Phoenix,True,Comfort Suites Phoenix North,,2,+1 602-861-3900,100,1,10210 North 26th Drive
3193,,Phoenix,True,Courtyard By Marriott Phoenix Downtown,,2,+1 602-603-2001,228,1,132 South Central Avenue
3194,,Phoenix,True,Crowne Plaza Phoenix Airport,,2,+1 602-273-7778,351,1,4300 East Washington Street
3195,,Phoenix,True,Days Inn By Wyndham Airport - Phoenix,,2,+1 800-615-3107,136,1,2900 East Van Buren Street
3196,,Phoenix,True,Doubletree Suites By Hilton Hotel Phoenix,,2,+1 602-225-0500,192,1,320 North 44th Street
3197,,Phoenix,True,Drury Inn & Suites Phoenix Happy Valley,,2,+1 623-879-8800,186,1,2335 West Pinnacle Peak Road
3198,,Paris,False,Buddha-Bar Hotel Paris,,2,+33 1 83 96 88 88,220,5,"4 Rue d'Anjou, 75008"
3199,,Delhi,False,Andaz Delhi - A Concept By Hyatt,,1,+91 11 4903 1234,320,5,"Asset, Street Number 1, New Delhi"
3200,,Delhi,False,Calista Resort,,1,+91 11 4103 4591,228,3,"37/2-4 Old, National Highway 48, Kapas Hera, New Delhi"
3201,,Delhi,False,Deemarks Hotel & Resorts Conference Venues Corporate Event In Mahipalpur Near Airport In South Delhi,,1,+91 11 2506 0721,252,3,"Shiv Murti, Nh-8, Delhi - Jaipur Expressway, Rangpuri, New Delhi"
3202,,Delhi,False,Crowne Plaza New Delhi Okhla,,2,+91 11 4646 2000,230,5,"Plot No 1, Community Center, Okhla Phase I, New Delhi"
3203,,Delhi,False,Fortune Select Global - Hotel In Gurgaon,,2,+91 124 419 6666,312,4,"Global Arcade, Mehrauli-Gurgaon Road, Gurugram, Haryana 122002, India"
3204,,Delhi,False,"Four Points By Sheraton New Delhi, Airport Highway",,2,+91 11 6604 0000,348,4,"Plot no 9, National Highway - 8, Samalka, New Delhi"
3205,,Seattle,True,Ace Hotel Seattle,,2,+1 206-448-4721,210,1,2423 1st Avenue
3206,,Seattle,True,Belltown Inn,,2,+1 866-525-4704,180,1,2301 3rd Avenue
3207,,Seattle,True,Best Western Plus Pioneer Square Hotel Downtown,,2,+1 206-340-1234,234,1,77 Yesler Way
3208,,Seattle,True,Courtyard By Marriott Seattle Downtown/Lake Union,,2,+1 206-213-0100,324,1,925 Westlake Avenue North
3209,,Seattle,True,Days Inn By Wyndham Seattle North Of Downtown,,2,+1 800-615-3107,96,1,9100 Aurora Avenue North
3210,,Seattle,True,Even Hotel Seattle Downtown - Lake Union,,2,+1 206-596-2302,288,1,527 Fairview Avenue North
3211,,Seattle,True,Four Points By Sheraton Downtown Seattle Center,,2,+1 206-282-2600,351,1,601 Roy Street
3212,,Sydney,False,57 Hotel,,3,+61 2 9011 5756,384,4,"57 Foveaux Street, Surry Hills New South Wales 2010, Australia"
3213,,Sydney,False,Adina Apartment Hotel Bondi Beach Sydney,,3,+61 2 9300 4800,456,4,"69/73 Hall Street, Bondi Beach New South Wales 2026, Australia"
3214,,Sydney,False,Adina Apartment Hotel Coogee Sydney,,3,+61 2 9578 6000,288,4,"183 Coogee Bay Road, Coogee New South Wales 2034, Australia"
3215,,Sydney,False,Adina Apartment Hotel Sydney Central,,3,+61 2 8396 9800,336,4,"2 Lee Street, Haymarket New South Wales 2000, Australia"
3216,,Sydney,False,Adina Apartment Hotel Sydney Darling Harbour,,3,+61 2 9249 7000,372,4,55 Shelley Street
3217,2019-03-01,Sydney,False,Adina Apartment Hotel Bondi Beach Sydney,3,3,+61 2 9300 4800,444,4,"69/73 Hall Street, Bondi Beach New South Wales 2026, Australia"
3218,2019-03-03,New York,True,1 Hotel Brooklyn Bridge,1,2,+1 833-625-6111,296,1,"60 Furman Street, Brooklyn"
3219,2019-03-04,New York,True,1 Hotel Brooklyn Bridge,3,1,+1 833-625-6111,280,4,"60 Furman Street, Brooklyn"
3220,2019-03-09,Kuala Lumpur,False,Alila Bangsar,2,1,+60 3-2268 3888,300,5,"East Side, 58, Jalan Ang Seng, Brickfields, 50470"
3221,2019-03-02,San Diego,True,Bahia Resort Hotel,3,1,+1 858-539-8666,114,1,998 West Mission Bay Drive
3222,2019-03-03,New York,True,1 Hotel Brooklyn Bridge,3,1,+1 833-625-6111,104,4,"60 Furman Street, Brooklyn"
3223,2019-03-04,San Diego,True,Bahia Resort Hotel,1,1,+1 858-539-8666,63,3,998 West Mission Bay Drive
3224,2019-03-08,Paris,False,Ac Hotel By Marriott Paris Porte Maillot,1,1,+33 1 84 82 49 09,128,4,"6 Rue Gustave Charpentier, 75017"
3225,2019-03-10,New York,True,1 Hotel Brooklyn Bridge,1,1,+1 833-625-6111,112,1,"60 Furman Street, Brooklyn"
3226,,Delhi,False,Aloft New Delhi Aerocity,,2,+91 11 4565 0000,176,2,"5B Igi T3 Road, Delhi - Ajmer Expressway, Aerocity, New Delhi"
3227,,Delhi,False,Andaz Delhi - A Concept By Hyatt,,2,+91 11 4903 1234,320,2,"Asset, Street Number 1, New Delhi"
3228,,Delhi,False,Bloomrooms @ New Delhi Railway Station,,1,+91 11 4122 5666,99,2,"8591, Arakashan Road, Opp New Delhi Railway Station, New Delhi"
3229,,Delhi,False,Calista Resort,,2,+91 11 4103 4591,228,2,"37/2-4 Old, National Highway 48, Kapas Hera, New Delhi"
3230,,Delhi,False,Crowne Plaza New Delhi Mayur Vihar Noida,,2,+91 11 4110 2222,216,2,"13 B, District Centre, Mayur Vihar, New Delhi"
3231,,Delhi,False,Crowne Plaza New Delhi Okhla,,1,+91 11 4646 2000,170,2,"Plot No 1, Community Center, Okhla Phase I, New Delhi"
3232,,Delhi,False,Deemarks Hotel & Resorts Conference Venues Corporate Event In Mahipalpur Near Airport In South Delhi,,3,+91 11 2506 0721,252,2,"Shiv Murti, Nh-8, Delhi - Jaipur Expressway, Rangpuri, New Delhi"
3233,,Delhi,False,Fortune Select Global - Hotel In Gurgaon,,1,+91 124 419 6666,92,2,"Global Arcade, Mehrauli-Gurgaon Road, Gurugram, Haryana 122002, India"
3234,,Delhi,False,"Four Points By Sheraton New Delhi, Airport Highway",,3,+91 11 6604 0000,348,2,"Plot no 9, National Highway - 8, Samalka, New Delhi"
3235,,Delhi,False,Haveli Dharampura,,2,+91 11 2326 1000,232,2,"Haveli Dharampura, 2293, Gali Gulian, Chandni Chowk, New Delhi"
3236,,Delhi,False,Crowne Plaza New Delhi Okhla,,1,+91 11 4646 2000,170,3,"Plot No 1, Community Center, Okhla Phase I, New Delhi"
3237,,Delhi,False,Fortune Select Global - Hotel In Gurgaon,,1,+91 124 419 6666,92,3,"Global Arcade, Mehrauli-Gurgaon Road, Gurugram, Haryana 122002, India"
3238,,Delhi,False,"Four Points By Sheraton New Delhi, Airport Highway",,3,+91 11 6604 0000,348,3,"Plot no 9, National Highway - 8, Samalka, New Delhi"
3239,2019-03-12,Delhi,False,Andaz Delhi - A Concept By Hyatt,1,2,+91 11 4903 1234,555,3,"Asset, Street Number 1, New Delhi"
3240,2019-03-01,Paris,False,Ac Hotel By Marriott Paris Porte Maillot,2,1,+33 1 84 82 49 09,432,4,"6 Rue Gustave Charpentier, 75017"
3241,2019-03-04,London,False,45 Park Lane,3,1,+44 20 7493 4545,210,5,45 Park Lane
3242,2019-03-05,Toronto,False,Best Western Premier Toronto Airport Carlingview Hotel,4,1,+1 416-637-7000,162,3,"135 Carlingview Drive, Etobicoke, Ontario M9W 5E7, Canada"
3243,2019-03-08,Chicago,True,Ac Hotel By Marriott Chicago Downtown,3,1,+1 312-981-6600,204,3,630 North Rush Street
3244,2019-03-07,Vancouver,False,Atrium Inn Vancouver,4,1,+1 604-254-1000,222,3,2889 East Hastings Street
3245,2019-03-11,London,False,45 Park Lane,1,1,+44 20 7493 4545,170,5,45 Park Lane
3246,2019-03-08,Chicago,True,Ac Hotel By Marriott Chicago Downtown,3,3,+1 312-981-6600,261,3,630 North Rush Street
3247,2019-03-02,London,False,45 Park Lane,1,2,+44 20 7493 4545,230,5,45 Park Lane
3248,2019-03-01,New York,True,1 Hotel Brooklyn Bridge,2,1,+1 833-625-6111,216,4,"60 Furman Street, Brooklyn"
3249,2019-03-04,London,False,45 Park Lane,1,1,+44 20 7493 4545,210,1,45 Park Lane
3250,2019-03-06,Vancouver,False,Best Western Plus Chateau Granville Hotel & Suites & Conference Ctr.,1,1,+1 604-669-7070,78,2,1100 Granville Street
3251,,Delhi,False,Aloft New Delhi Aerocity,,3,+91 11 4565 0000,372,2,"5B Igi T3 Road, Delhi - Ajmer Expressway, Aerocity, New Delhi"
3252,,Delhi,False,Andaz Delhi - A Concept By Hyatt,,3,+91 11 4903 1234,345,2,"Asset, Street Number 1, New Delhi"
3253,,Delhi,False,Bloomrooms @ New Delhi Railway Station,,3,+91 11 4122 5666,333,2,"8591, Arakashan Road, Opp New Delhi Railway Station, New Delhi"
3254,,Delhi,False,Calista Resort,,3,+91 11 4103 4591,324,2,"37/2-4 Old, National Highway 48, Kapas Hera, New Delhi"
3255,,Delhi,False,Crowne Plaza New Delhi Mayur Vihar Noida,,3,+91 11 4110 2222,288,2,"13 B, District Centre, Mayur Vihar, New Delhi"
3256,,Delhi,False,Crowne Plaza New Delhi Okhla,,3,+91 11 4646 2000,420,2,"Plot No 1, Community Center, Okhla Phase I, New Delhi"
3257,,Delhi,False,Fortune Select Global - Hotel In Gurgaon,,3,+91 124 419 6666,312,2,"Global Arcade, Mehrauli-Gurgaon Road, Gurugram, Haryana 122002, India"
3258,,Delhi,False,Haveli Dharampura,,3,+91 11 2326 1000,396,2,"Haveli Dharampura, 2293, Gali Gulian, Chandni Chowk, New Delhi"
3259,2019-03-10,Delhi,False,Aloft New Delhi Aerocity,4,3,+91 11 4565 0000,396,2,"5B Igi T3 Road, Delhi - Ajmer Expressway, Aerocity, New Delhi"
3260,2019-03-07,Toronto,False,Best Western Premier Toronto Airport Carlingview Hotel,3,1,+1 416-637-7000,174,3,"135 Carlingview Drive, Etobicoke, Ontario M9W 5E7, Canada"
3261,2019-03-01,Nairobi,False,Azure Hotel Nairobi Westlands,2,1,+254 709 716000,135,5,Lantana Road
3262,2019-03-02,Phoenix,True,Aloft Phoenix-Airport,2,2,+1 602-275-6300,333,3,4450 East Washington Street
3263,2019-03-01,London,False,45 Park Lane,4,2,+44 20 7493 4545,480,2,45 Park Lane
3264,2019-03-08,Toronto,False,Best Western Plus Toronto North York Hotel & Suites,2,1,+1 416-663-9500,333,3,50 Norfinch Drive
3265,2019-03-06,Anaheim,True,Anaheim Majestic Garden Hotel,4,2,+1 714-778-1700,144,3,900 South Disneyland Drive
3266,2019-03-11,Toronto,False,Best Western Primrose Hotel Downtown-Toronto,1,1,+1 800-780-7234,66,2,111 Carlton Street
3267,,London,False,45 Park Lane,,3,+44 20 7493 4545,570,5,45 Park Lane
3268,,London,False,Abc Hyde Park Hotel,,3,+44 20 7706 4660,333,3,121 Sussex Gardens
3269,,London,False,Ambassadors Hotel,,3,+44 20 7373 1075,288,3,16 Collingham Road
3270,2019-03-02,London,False,45 Park Lane,2,3,+44 20 7493 4545,480,5,45 Park Lane
3271,2019-03-02,Los Angeles,True,Airtel Plaza Hotel,2,1,+1 800-224-7835,111,3,"7277 Valjean Avenue, Van Nuys, California 91406, United States"
3272,2019-03-06,Toronto,False,Best Western Plus Toronto North York Hotel & Suites,1,1,+1 416-663-9500,216,3,50 Norfinch Drive
3273,2019-03-10,Sydney,False,28 Hotel Sydney,1,1,+61 2 9102 2828,360,4,"28 Regent Street, Chippendale New South Wales 2008, Australia"
3274,2019-03-01,London,False,45 Park Lane,2,3,+44 20 7493 4545,480,2,45 Park Lane
3275,2019-03-12,Paris,False,Ac Hotel By Marriott Paris Porte Maillot,2,1,+33 1 84 82 49 09,160,4,"6 Rue Gustave Charpentier, 75017"
3276,,Los Angeles,True,Crowne Plaza Los Angeles Harbor Hotel,,3,+1 310-519-8200,306,3,"601 South Palos Verdes Street, San Pedro, California 90731, United States"
3277,2019-03-05,Los Angeles,True,Airtel Plaza Hotel,3,3,+1 800-224-7835,324,3,"7277 Valjean Avenue, Van Nuys, California 91406, United States"
3278,2019-03-08,New York,True,1 Hotel Central Park,3,1,+1 212-703-2001,185,2,1414 6th Avenue
3279,2019-03-08,San Francisco,True,Argonaut Hotel,2,2,+1 415-563-0800,300,4,495 Jefferson Street
3280,2019-03-02,San Francisco,True,Amsterdam Hostel San Francisco,3,2,+1 415-673-3277,69,1,749 Taylor Street
3281,,Kuala Lumpur,False,Alila Bangsar,,1,+60 3-2268 3888,180,4,"East Side, 58, Jalan Ang Seng, Brickfields, 50470"
3282,,Kuala Lumpur,False,Banyan Tree Kuala Lumpur,,3,+60 3-2113 1888,555,4,"2, Jalan Conlay, 50450 Kuala Lumpur, Wilayah Persekutuan"
3283,,Kuala Lumpur,False,Dorsett Kuala Lumpur,,3,+60 3-2716 1000,312,4,"172, Jalan Imbi, Pudu, 55100 Kuala Lumpur, Wilayah Persekutuan"
3284,,Kuala Lumpur,False,Doubletree By Hilton Hotel Kuala Lumpur,,2,+60 3-2172 7272,260,4,"The Intermark, 348, Jalan Tun Razak, 50400"
3285,,Kuala Lumpur,False,Element Kuala Lumpur Hotel,,1,+60 3-2771 3388,108,4,"8, Jalan Binjai, 50450 Kuala Lumpur, Wilayah Persekutuan"
3286,,Kuala Lumpur,False,Four Seasons Hotel Kuala Lumpur,,3,+60 3-2382 8888,480,4,"145, Jalan Ampang, 50450"
3287,,Kuala Lumpur,False,Fraser Residence Kuala Lumpur,,2,+60 3-2191 0888,210,4,"Jalan Cendana, Off, Jalan Sultan Ismail, Kampung Baru, 50250"
3288,2019-03-11,Kuala Lumpur,False,Alila Bangsar,1,2,+60 3-2268 3888,370,4,"East Side, 58, Jalan Ang Seng, Brickfields, 50470"
3289,2019-03-03,Los Angeles,True,Airtel Plaza Hotel,1,1,+1 800-224-7835,75,3,"7277 Valjean Avenue, Van Nuys, California 91406, United States"
3290,,Sydney,False,28 Hotel Sydney,,2,+61 2 9102 2828,312,3,"28 Regent Street, Chippendale New South Wales 2008, Australia"
3291,,Sydney,False,57 Hotel,,2,+61 2 9011 5756,296,3,"57 Foveaux Street, Surry Hills New South Wales 2010, Australia"
3292,,Sydney,False,Adina Apartment Hotel Bondi Beach Sydney,,2,+61 2 9300 4800,288,3,"69/73 Hall Street, Bondi Beach New South Wales 2026, Australia"
3293,,Sydney,False,Adina Apartment Hotel Coogee Sydney,,2,+61 2 9578 6000,256,3,"183 Coogee Bay Road, Coogee New South Wales 2034, Australia"
3294,,Sydney,False,Adina Apartment Hotel Sydney Airport,,2,+61 2 9381 2000,288,3,"17 Bourke Road, Mascot New South Wales 2020, Australia"
3295,,Sydney,False,Adina Apartment Hotel Sydney Central,,2,+61 2 8396 9800,336,3,"2 Lee Street, Haymarket New South Wales 2000, Australia"
3296,,Sydney,False,Adina Apartment Hotel Sydney Darling Harbour,,2,+61 2 9249 7000,240,3,55 Shelley Street
3297,,Sydney,False,Adina Apartment Hotel Sydney Surry Hills,,2,+61 2 8302 1000,408,3,"359 Crown Street, Surry Hills New South Wales 2010, Australia"
3298,,Sydney,False,Adina Apartment Hotel Sydney Town Hall,,2,+61 2 9274 0000,456,3,511 Kent Street
3299,,Sydney,False,Adina Serviced Apartments Sydney Martin Place (Formerly Medina),,2,+61 1300 633 462,276,3,1 Hosking Place
3300,2019-03-03,Sydney,False,28 Hotel Sydney,1,2,+61 2 9102 2828,468,3,"28 Regent Street, Chippendale New South Wales 2008, Australia"
3301,,New York,True,1 Hotel Central Park,,3,+1 212-703-2001,315,4,1414 6th Avenue
3302,,New York,True,Andaz 5Th Avenue - A Concept By Hyatt,,3,+1 212-601-1234,420,4,485 5th Avenue
3303,,Paris,False,Ac Hotel By Marriott Paris Porte Maillot,,2,+33 1 84 82 49 09,432,1,"6 Rue Gustave Charpentier, 75017"
3304,,Paris,False,Amastan Paris,,2,+33 1 49 52 99 70,232,1,"34 Rue Jean Mermoz, 75008"
3305,,Paris,False,Aparthotel Adagio Access Paris La Villette,,2,+33 1 44 72 42 00,315,1,"28bis Avenue Corentin Cariou, 75019"
3306,,Paris,False,Aparthotel Adagio Paris Montmartre,,2,+33 1 42 57 14 55,156,1,"10 Place Charles Dullin, 75018"
3307,,Paris,False,Austin'S Saint Lazare HoTel,,2,+33 1 48 74 48 71,297,1,"26 Rue d'Amsterdam, 75009"
3308,,Paris,False,Best Western Bretagne Montparnasse,,2,+33 1 45 38 52 59,360,1,"33 Rue Raymond Losserand, 75014"
3309,,Paris,False,Bob Hotel By Elegancia,,2,+33 1 40 43 02 33,264,1,"30 Rue Pernety, 75014"
3310,,Paris,False,Brach Paris,,2,+33 1 44 30 10 00,465,1,"1-7 Rue Jean Richepin, 75016"
3311,,Paris,False,Buddha-Bar Hotel Paris,,2,+33 1 83 96 88 88,220,1,"4 Rue d'Anjou, 75008"
3312,,Paris,False,Brach Paris,,1,+33 1 44 30 10 00,465,4,"1-7 Rue Jean Richepin, 75016"
3313,,Paris,False,C.O.Q Hotel Paris,,1,+33 1 45 86 35 99,372,4,"15 Rue Edouard Manet, 75013"
3314,,Paris,False,Declic Hotel Paris,,1,+33 1 46 06 17 66,312,4,"17 Rue Duhesme, 75018"
3315,,Paris,False,First Hotel,,1,+33 1 43 06 93 26,232,4,"2 Boulevard Garibaldi, 75015"
3316,,Paris,False,Grand Hotel Saint Michel,,1,+33 1 46 33 33 02,92,4,"19 Rue Cujas, 75005"
3317,,Paris,False,Aparthotel Adagio Access Paris La Villette,,1,+33 1 44 72 42 00,315,1,"28bis Avenue Corentin Cariou, 75019"
3318,,Paris,False,Austin'S Saint Lazare HoTel,,1,+33 1 48 74 48 71,297,1,"26 Rue d'Amsterdam, 75009"
3319,,Paris,False,Avalon Hotel Paris Gare Du Nord,,1,+33 1 42 85 50 00,216,1,"131 Boulevard de Magenta, 75010"
3320,,Paris,False,Best Western Bretagne Montparnasse,,1,+33 1 45 38 52 59,360,1,"33 Rue Raymond Losserand, 75014"
3321,,Paris,False,Bob Hotel By Elegancia,,1,+33 1 40 43 02 33,264,1,"30 Rue Pernety, 75014"
3322,,Paris,False,Brach Paris,,1,+33 1 44 30 10 00,465,1,"1-7 Rue Jean Richepin, 75016"
3323,,San Francisco,True,Hotel Spero,,1,+1 415-885-2500,396,4,405 Taylor Street
3324,,San Francisco,True,Hyatt Centric Fishermans Wharf San Francisco,,1,+1 415-563-1234,468,4,555 North Point Street
3325,,San Francisco,True,Pier 2620 Hotel Fisherman'S Wharf,,1,+1 800-228-8408,280,4,2620 Jones Street
3326,,London,False,Accommodation London Bridge,,2,+44 20 7403 4299,207,1,58 Great Dover Street
3327,,London,False,Ace Hotel London,,2,+44 20 7613 9800,264,1,100 Shoreditch High Street
3328,,London,False,Airways Hotel London Victoria,,2,+44 20 7834 0205,297,1,29-31 Saint George's Drive
3329,,London,False,Amba Hotel Charing Cross,,2,+44 871 376 9012,276,1,Strand
3330,,London,False,Amba Hotel Marble Arch,,2,+44 800 330 8523,288,1,Bryanston Street
3331,,London,False,Ambassadors Bloomsbury Hotel,,2,+44 20 7388 9930,396,1,12 Upper Woburn Place
3332,,London,False,Ambassadors Hotel,,2,+44 20 7373 1075,192,1,16 Collingham Road
