,location,number_of_rooms,phone_number,place_name,price_per_night,smoking_allowed,star_rating,street_address,check_in_date,stay_length
0,London,2,+44 20 7493 4545,45 Park Lane,330,False,5,45 Park Lane,,
1,London,1,+44 20 7706 4660,Abc Hyde Park Hotel,102,False,3,121 Sussex Gardens,,
2,London,1,+44 20 8563 8692,Abercorn House,23,False,1,28-30 Bute Gardens,,
3,London,2,+44 20 7403 4299,Accommodation London Bridge,204,False,3,58 Great Dover Street,,
4,London,2,+44 20 7613 9800,Ace Hotel London,176,False,4,100 Shoreditch High Street,,
5,London,3,+44 20 7834 0205,Airways Hotel London Victoria,279,True,3,29-31 Saint George's Drive,,
6,London,3,+44 871 376 9012,Amba Hotel Charing Cross,312,False,4,Strand,,
7,London,3,+44 800 330 8523,Amba Hotel Marble Arch,444,False,4,Bryanston Street,,
8,London,1,+44 20 7388 9930,Ambassadors Bloomsbury Hotel,132,False,4,12 Upper Woburn Place,,
9,London,2,+44 20 7373 1075,Ambassadors Hotel,168,False,3,16 Collingham Road,,
10,London,2,+44 20 8563 8692,Abercorn House,46,False,1,28-30 Bute Gardens,2019-03-01,12
11,Vancouver,2,+1 604-689-1120,"Shangri-La Hotel, Vancouver",300,False,5,1128 West Georgia Street,,
12,Vancouver,3,+1 800-663-0666,Wedgewood Hotel & Spa Vancouver,510,False,5,845 Hornby Street,,
13,Vancouver,2,+1 604-678-8899,Auberge Vancouver Hotel,296,True,4,837 West Hastings Street,,
14,Vancouver,1,+1 604-697-0202,Coast Coal Harbour Vancouver Hotel By Apa,108,False,4,1180 West Hastings Street,,
15,Vancouver,3,+1 844-254-5048,Delta Hotels By Marriott Vancouver Downtown Suites,324,False,4,550 West Hastings Street,,
16,Vancouver,2,+1 604-563-4693,Exchange Hotel Vancouver,304,True,4,475 Howe Street,,
17,Vancouver,1,+1 800-663-1155,Georgian Court Hotel,108,False,4,773 Beatty Street,,
18,Vancouver,1,+1 604-620-6200,Hotel Blu Vancouver,100,False,4,177 Robson Street,,
19,Vancouver,3,+1 888-855-1050,L'Hermitage Vancouver,384,False,4,788 Richards Street,,
20,Vancouver,2,+1 604-669-5060,Loden Hotel,256,False,4,1177 Melville Street,,
21,Vancouver,1,+1 604-689-9211,Pinnacle Hotel Harbourfront,92,False,4,1133 West Hastings Street,,
22,Vancouver,1,+1 604-697-0202,Coast Coal Harbour Vancouver Hotel By Apa,108,False,4,1180 West Hastings Street,2019-03-02,2
23,Kuala Lumpur,3,+60 3-2268 3888,Alila Bangsar,315,False,5,"East Side, 58, Jalan Ang Seng, Brickfields, 50470",,
24,Kuala Lumpur,2,+60 3-2723 1188,Aloft Kuala Lumpur Sentral,208,False,4,"No. 5, Jalan Stesen Sentral, 50470 Kuala Lumpur, Wilayah Persekutuan",,
25,Kuala Lumpur,1,+60 3-2026 6060,Ancasa Hotel & Spa Kuala Lumpur,111,True,3,"Jalan Tun Tan Cheng Lock, City Centre, 50500 Kuala Lumpur, Wilayah Persekutuan",,
26,Kuala Lumpur,1,+60 3-2078 0988,Arenaa Star Hotel,108,False,3,"49-51, Jalan Hang Lekiu, 50100",,
27,Kuala Lumpur,3,+60 3-2113 1888,Banyan Tree Kuala Lumpur,465,True,5,"2, Jalan Conlay, 50450 Kuala Lumpur, Wilayah Persekutuan",,
28,Kuala Lumpur,2,+60 3-2693 2999,Citin Hotel Masjid Jamek,126,True,3,"33, Jalan Melayu, City Centre, 50100 Kuala Lumpur, Wilayah Persekutuan",,
29,Kuala Lumpur,3,+60 3-2296 1188,Cititel Mid Valley,288,True,3,"Lingkaran Syed Putra, Mid Valley City, 59200 Kuala Lumpur, Wilayah Persekutuan",,
30,Kuala Lumpur,2,+60 3-2144 2200,Concorde Hotel Kuala Lumpur,296,True,4,"2, Jalan Sultan Ismail, Kuala Lumpur, 50250 Kuala Lumpur, Wilayah Persekutuan",,
31,Kuala Lumpur,1,+60 12-702 2851,Container Hotel,72,True,2,"Jalan Delima, Imbi, 55100 Kuala Lumpur, Wilayah Persekutuan",,
32,Kuala Lumpur,3,+60 3-2161 8888,Corus Hotel Kuala Lumpur,288,False,4,"Jalan Ampang, Hampshire Park, 50450 Kuala Lumpur, Wilayah Persekutuan",,
33,Kuala Lumpur,3,+60 3-2268 3888,Alila Bangsar,315,False,5,"East Side, 58, Jalan Ang Seng, Brickfields, 50470",2019-03-02,12
34,Philadelphia,2,+1 215-521-6500,Hilton Philadelphia At Penn'S Landing,264,False,4,201 South Christopher Columbus Boulevard,,
35,Philadelphia,2,+1 855-295-2355,Kimpton Hotel Monaco Philadelphia,160,False,4,433 Chestnut Street,,
36,Philadelphia,3,+1 215-422-8200,Le MeRidien Philadelphia,384,False,4,1421 Arch Street,,
37,Philadelphia,3,+1 215-492-9000,Philadelphia Airport Marriott,384,False,4,One Arrivals Road Terminal B,,
38,Philadelphia,1,+1 800-468-3571,Renaissance Philadelphia Downtown Hotel,144,False,4,401 Chestnut Street,,
39,Philadelphia,1,+1 215-238-6000,Sheraton Philadelphia Society Hill Hotel,152,False,4,One Dock Street,,
40,Philadelphia,1,+1 215-569-8300,Sofitel Philadelphia At Rittenhouse Square,100,False,4,120 South 17th Street,,
41,Philadelphia,2,+1 215-222-0200,"The Inn At Penn, A Hilton Hotel",224,False,4,3600 Sansom Street,,
42,Philadelphia,2,+1 215-563-1600,The Westin Philadelphia,304,False,4,"At Liberty Place, 99 South 17th Street",,
43,Philadelphia,1,+1 215-521-6500,Hilton Philadelphia At Penn'S Landing,264,False,4,201 South Christopher Columbus Boulevard,,
44,Philadelphia,1,+1 855-295-2355,Kimpton Hotel Monaco Philadelphia,160,False,4,433 Chestnut Street,,
45,Philadelphia,1,+1 215-422-8200,Le MeRidien Philadelphia,384,False,4,1421 Arch Street,,
46,Philadelphia,1,+1 215-492-9000,Philadelphia Airport Marriott,384,False,4,One Arrivals Road Terminal B,,
47,Philadelphia,1,+1 215-222-0200,"The Inn At Penn, A Hilton Hotel",224,False,4,3600 Sansom Street,,
48,Philadelphia,1,+1 215-563-1600,The Westin Philadelphia,304,False,4,"At Liberty Place, 99 South 17th Street",,
49,Philadelphia,1,+1 855-295-2355,Kimpton Hotel Monaco Philadelphia,84,False,4,433 Chestnut Street,2019-03-02,7
50,Sydney,3,+61 2 9249 7000,Adina Apartment Hotel Sydney Darling Harbour,360,True,4,55 Shelley Street,,
51,Sydney,3,+61 2 9274 0000,Adina Apartment Hotel Sydney Town Hall,324,False,4,511 Kent Street,,
52,Sydney,3,+61 1300 633 462,Adina Serviced Apartments Sydney Martin Place (Formerly Medina),264,False,4,1 Hosking Place,,
53,Sydney,3,+61 2 9696 2500,Amora Hotel,315,False,5,11 Jamison Street,,
54,Sydney,3,+61 1800 242 273,Base Backpackers Sydney,198,False,2,477 Kent Street,,
55,Sydney,3,+61 2 8017 8888,Breakfree On Clarence,207,True,3,193-195 Clarence Street,,
56,Sydney,3,+61 132007,Breakfree On George,360,True,4,653 George Street,,
57,Sydney,3,+61 2 9491 9500,Courtyard By Marriott Sydney-North Ryde,468,False,4,7-11 Talavera Road North Ryde,,
58,Sydney,3,+61 2 9240 3100,Establishment Hotel,495,False,5,5 Bridge Lane,,
59,Sydney,3,+61 2 8823 8888,Fraser Suites Sydney,585,False,5,488 Kent Street,,
60,Sydney,3,+61 2 9249 7000,Adina Apartment Hotel Sydney Darling Harbour,432,True,4,55 Shelley Street,2019-03-06,5
61,New York,3,+1 212-235-1111,11 Howard,270,True,3,11 Howard Street,,
62,New York,2,+1 718-631-5900,Adria Hotel & Conference Center,234,True,3,"221-17 Northern Boulevard, Bayside",,
63,New York,3,+1 212-749-4000,Aloft Harlem,243,False,3,2296 Frederick Douglass Boulevard,,
64,New York,2,+1 718-433-9305,Aloft Long Island City-Manhattan View,234,False,3,"27-45 Jackson Avenue, Long Island City",,
65,New York,1,+1 212-513-0003,Aloft Manhattan Downtown - Financial District,63,False,3,49-53 Ann Street,,
66,New York,2,+1 718-256-3833,Aloft New York Brooklyn,186,False,3,"216 Duffield Street, Brooklyn",,
67,New York,2,+1 855-767-5050,Ameritania At Times Square,120,False,3,"5502, 230 West 54th Street",,
68,New York,2,+1 855-781-0088,Amsterdam Court Hotel,216,True,3,226 West 50th Street,,
69,New York,1,+1 212-245-7000,Belvedere Hotel,96,False,3,319 West 48th Street,,
70,New York,2,+1 212-925-1177,Best Western Bowery Hanbee Hotel,204,False,3,231 Grand Street,,
71,New York,2,+1 212-235-1111,11 Howard,180,True,3,11 Howard Street,2019-03-01,12
72,London,3,+44 20 7247 3313,Arbor City Hotel,324,False,3,12-20 Osborn Street,,
73,London,2,+44 20 7402 5447,Ascot Hyde Park Hotel,210,False,3,11 Craven Road,,
74,London,3,+44 20 3953 4251,Assembly Hotel London,252,True,3,27 - 31 Charing Cross Road,,
75,London,1,+44 20 7636 4133,Astor Court Hotel,63,False,3,"20 Hallam Street, Oxford Circus",,
76,London,3,+44 20 7244 5700,Avni Kensington Hotel,333,False,3,40-44 Harrington Gardens,,
77,London,2,+44 20 7727 8621,Bayswater Inn Hotel,186,False,3,8-16 Prince's Square,,
78,London,2,+44 20 7221 2220,Berjaya Eden Park Hotel,222,True,3,35-39 Inverness Terrace,,
79,London,3,+44 20 7722 2281,Best Western Swiss Cottage Hotel,189,True,3,4 Adamson Road,,
80,London,2,+44 20 7233 6636,Comfort Inn Victoria London,234,True,3,18-24 Belgrave Road,,
81,London,1,+44 20 7723 2939,Days Inn London Hyde Park,93,True,3,148-152 Sussex Gardens,,
82,London,3,+44 20 7434 1775,Dean Street Townhouse,216,True,3,69 - 71 Dean Street,,
83,London,3,+44 20 8742 1717,High Road House,243,True,3,162-170 Chiswick High Road,,
84,London,3,+44 333 321 3104,Hub By Premier Inn London King'S Cross,252,True,3,50 Wharfdale Road,,
85,London,1,+44 20 3841 0001,Hub By Premier Inn London Tower Bridge,84,True,3,28 Great Tower Street,,
86,London,2,+44 20 3953 4251,Assembly Hotel London,162,True,3,27 - 31 Charing Cross Road,2019-03-05,8
87,San Diego,1,+1 858-539-8666,Bahia Resort Hotel,225,False,3,998 West Mission Bay Drive,,
88,San Diego,1,+1 619-233-7500,Best Western Plus Bayside Inn,234,True,3,555 West Ash Street,,
89,San Diego,1,+1 619-298-4707,Best Western Plus Hacienda Hotel Old Town,198,False,3,4041 Harney Street,,
90,San Diego,1,+1 619-222-0561,Best Western Plus Island Palms Hotel & Marina,63,False,3,2051 Shelter Island Drive,,
91,San Diego,1,+1 619-291-1300,Best Western Seven Seas,111,False,3,411 Hotel Circle South,,
92,San Diego,1,+1 858-488-4700,Blue Sea Beach Hotel,90,False,3,707 Pacific Beach Drive,,
93,San Diego,1,+1 858-483-6110,Capri By The Sea By All Seasons Resort Lodging,192,False,3,4767 Ocean Boulevard,,
94,San Diego,1,+1 619-881-6200,Comfort Inn & Suites San Diego - Zoo Seaworld Area,189,False,3,2485 Hotel Circle Place,,
95,San Diego,1,+1 619-221-1900,Courtyard By Marriott San Diego Airport/Liberty Station,81,False,3,2592 Laning Road,,
96,San Diego,1,+1 858-573-0700,Courtyard By Marriott San Diego Central,333,False,3,8651 Spectrum Center Boulevard,,
97,San Diego,1,+1 858-539-8666,Bahia Resort Hotel,168,False,3,998 West Mission Bay Drive,2019-03-05,1
98,New York,1,+1 718-388-4433,Bklyn House Hotel,62,True,2,"9 Beaver Street, Brooklyn",,
99,New York,1,+1 718-381-1118,Bogart Hotel,156,True,2,"19 Bogart Street, Brooklyn",,
100,New York,1,+1 212-865-7711,Broadway Hotel & Hostel,96,False,2,230 West 101st Street,,
101,New York,1,+1 646-882-0428,Canal Loft Hotel,138,True,2,94 Canal Street,,
102,New York,1,+1 212-679-0680,Carlton Arms Hotel,78,True,2,160 East 25th Street,,
103,New York,1,+1 212-645-8989,Chelsea Inn Hotel,152,True,2,"46 West 17th Street, Between 5th and 6th Avenue",,
104,New York,1,+1 212-929-9353,Chelsea Savoy Hotel,144,False,2,204 West 23rd Street,,
105,New York,1,+1 917-261-6971,City Rooms Nyc Times Square,116,False,2,765 8th Avenue,,
106,New York,1,+1 520-505-2362,Comfort Inn Times Square West,68,False,2,343 West 44th Street,,
107,New York,1,+1 800-615-3107,Days Inn By Wyndham Hotel New York City-Broadway,192,True,2,215 West 94th Street,,
108,New York,1,+1 718-388-4433,Bklyn House Hotel,62,True,2,"9 Beaver Street, Brooklyn",2019-03-10,2
109,San Francisco,1,+1 415-673-3277,Amsterdam Hostel San Francisco,24,False,1,749 Taylor Street,,
110,San Francisco,3,+1 415-563-0800,Argonaut Hotel,408,False,4,495 Jefferson Street,,
111,San Francisco,1,+1 415-621-8212,Beck'S Motor Lodge,60,False,2,2222 Market Street,,
112,San Francisco,3,+1 415-626-6103,Bei Hotel San Francisco,351,True,3,50 8th Street,,
113,San Francisco,2,+1 415-673-2600,Beresford Arms Hotel,132,False,3,701 Post Street,,
114,San Francisco,2,+1 415-552-7100,Casa Loma Hotel,124,False,2,610 Fillmore Street,,
115,San Francisco,3,+1 415-362-2004,Chancellor Hotel On Union Square,189,False,3,433 Powell Street,,
116,San Francisco,2,+1 415-563-5600,Chelsea,96,False,2,2095 Lombard Street,,
117,San Francisco,1,+1 415-928-5000,Comfort Inn By The Bay,70,False,2,2775 Van Ness Avenue,,
118,San Francisco,3,+1 415-421-3154,Cornell Hotel De France,306,False,3,715 Bush Street,,
119,San Francisco,3,+1 415-563-0800,Argonaut Hotel,408,False,4,495 Jefferson Street,2019-03-02,5
120,London,1,+44 20 8563 8692,Abercorn House,23,False,1,28-30 Bute Gardens,2019-03-01,12
121,New York,2,+1 833-625-6111,1 Hotel Brooklyn Bridge,216,True,4,"60 Furman Street, Brooklyn",,
122,New York,3,+1 212-204-3000,6 Columbus Hotel,396,True,4,308 West 58th Street,,
123,New York,2,+1 212-398-2700,Ac Hotel New York Times Square,176,False,4,260 West 40th Street,,
124,New York,2,+1 212-991-0551,Ace Hotel,296,False,4,20 West 29th Street,,
125,New York,2,+1 646-744-3100,Aka Central Park,232,False,4,42 West 58th Street,,
126,New York,1,+1 212-764-5700,Aka Times Square,108,False,4,123 West 44th Street,,
127,New York,2,+1 212-252-9090,Aka Wall Street,200,True,4,84 William Street,,
128,New York,3,+1 646-609-5122,Aliz Hotel Times Square,288,False,4,310 West 40th Street,,
129,New York,3,+1 212-601-1234,Andaz 5Th Avenue - A Concept By Hyatt,348,False,4,485 5th Avenue,,
130,New York,1,+1 212-806-7000,Arlo Nomad,144,False,4,11 East 31st Street,,
131,San Francisco,1,+1 415-563-0800,Argonaut Hotel,408,False,4,495 Jefferson Street,,
132,San Francisco,1,+1 415-626-6103,Bei Hotel San Francisco,351,True,3,50 8th Street,,
133,San Francisco,1,+1 415-673-2600,Beresford Arms Hotel,132,False,3,701 Post Street,,
134,San Francisco,1,+1 415-552-7100,Casa Loma Hotel,124,False,2,610 Fillmore Street,,
135,San Francisco,1,+1 415-362-2004,Chancellor Hotel On Union Square,189,False,3,433 Powell Street,,
136,San Francisco,1,+1 415-563-5600,Chelsea,96,False,2,2095 Lombard Street,,
137,San Francisco,1,+1 415-421-3154,Cornell Hotel De France,306,False,3,715 Bush Street,,
138,San Francisco,1,+1 415-563-0800,Argonaut Hotel,408,False,4,495 Jefferson Street,2019-03-02,5
139,Phoenix,3,+1 602-275-6300,Aloft Phoenix-Airport,216,False,3,4450 East Washington Street,,
140,Phoenix,1,+1 480-585-6644,Cambria Hotel North Scottsdale Desert Ridge,72,False,3,4425 E Irma Ln&nbsp,,
141,Phoenix,2,+1 602-603-2001,Courtyard By Marriott Phoenix Downtown,228,False,3,132 South Central Avenue,,
142,Phoenix,3,+1 602-273-7778,Crowne Plaza Phoenix Airport,189,False,3,4300 East Washington Street,,
143,Phoenix,1,+1 602-225-0500,Doubletree Suites By Hilton Hotel Phoenix,117,False,3,320 North 44th Street,,
144,Phoenix,1,+1 602-437-8400,Drury Inn & Suites Phoenix Airport,90,False,3,3333 East University Drive,,
145,Phoenix,2,+1 623-879-8800,Drury Inn & Suites Phoenix Happy Valley,210,False,3,2335 West Pinnacle Peak Road,,
146,Phoenix,3,+1 602-957-1910,Embassy Suites By Hilton Phoenix Airport,189,True,3,2333 East Thomas Road,,
147,Phoenix,2,+1 602-955-3992,Embassy Suites By Hilton Phoenix Biltmore,162,False,3,2630 East Camelback Road,,
148,Phoenix,1,+1 602-222-1111,Embassy Suites By Hilton Phoenix Downtown North,96,True,3,10 East Thomas Road,,
149,Phoenix,2,+1 602-426-2638,Arizona Grand Resort & Spa,168,True,4,8000 Arizona Grand Parkway,,
150,Phoenix,2,+1 877-488-1908,Kimpton Hotel Palomar Phoenix,248,False,4,2 East Jefferson Street,,
151,Phoenix,2,+1 480-629-3200,Marriott'S Canyon Villas,248,False,4,5220 East Marriott Drive,,
152,Phoenix,2,+1 602-997-2626,Pointe Hilton Squaw Peak Resort,208,False,4,7677 North 16th Street,,
153,Phoenix,1,+1 602-943-8200,Sheraton Crescent Hotel,140,False,4,2620 West Dunlap Avenue,,
154,Phoenix,2,+1 602-252-7363,The Clarendon Hotel And Spa,312,False,4,401 West Clarendon Avenue,,
155,Phoenix,2,+1 602-429-3500,The Westin Phoenix Downtown,256,False,4,333 North Central Avenue,,
156,Phoenix,3,+1 602-426-2638,Arizona Grand Resort & Spa,372,True,4,8000 Arizona Grand Parkway,2019-03-01,12
157,London,1,+44 20 7493 4545,45 Park Lane,250,False,5,45 Park Lane,2019-03-07,6
158,Atlanta,1,+1 470-231-3030,Ac Hotel By Marriott Atlanta Buckhead At Phipps Plaza,140,False,4,3600 Wieuca Road Northeast,,
159,Atlanta,3,+1 404-524-5555,Ac Hotel By Marriott Atlanta Downtown,216,False,3,101 Andrew Young International Boulevard Northwest,,
160,Atlanta,3,+1 678-515-0300,Aloft Atlanta Downtown,333,False,3,300 Ted Turner Drive Northwest,,
161,Atlanta,3,+1 404-876-8888,Atlanta Marriott Suites Midtown,333,False,3,35 14th Street Northeast,,
162,Atlanta,2,+1 404-524-7991,Barclay Hotel Atlanta Downtown,104,True,2,89 Luckie Street Northwest,,
163,Atlanta,1,+1 404-685-1677,Canopy By Hilton Atlanta Midtown,88,False,4,1414 West Peachtree Street Northwest,,
164,Atlanta,2,+1 404-893-4663,Clarion Inn & Suites Atlanta Downtown,140,True,2,186 Northside Drive Southwest,,
165,Atlanta,2,+1 404-658-1961,"Country Inn & Suites By Radisson, Atlanta Downtown South At Turner Field, Ga",150,False,3,759 Pollard Boulevard Southwest,,
166,Atlanta,2,+1 404-869-0818,Courtyard By Marriott Atlanta Buckhead,174,False,3,3332 Peachtree Road Northeast,,
167,Atlanta,2,+1 404-877-9000,Crowne Plaza Atlanta - Midtown,138,False,3,590 West Peachtree Street Northwest,,
168,Atlanta,1,+1 470-231-3030,Ac Hotel By Marriott Atlanta Buckhead At Phipps Plaza,140,False,4,3600 Wieuca Road Northeast,2019-03-04,6
169,New York,3,+1 718-381-1118,Bogart Hotel,156,True,2,"19 Bogart Street, Brooklyn",,
170,New York,2,+1 212-865-7711,Broadway Hotel & Hostel,96,False,2,230 West 101st Street,,
171,New York,3,+1 646-882-0428,Canal Loft Hotel,138,True,2,94 Canal Street,,
172,New York,2,+1 212-645-8989,Chelsea Inn Hotel,152,True,2,"46 West 17th Street, Between 5th and 6th Avenue",,
173,New York,2,+1 212-929-9353,Chelsea Savoy Hotel,144,False,2,204 West 23rd Street,,
174,New York,2,+1 917-261-6971,City Rooms Nyc Times Square,116,False,2,765 8th Avenue,,
175,New York,3,+1 800-615-3107,Days Inn By Wyndham Hotel New York City-Broadway,192,True,2,215 West 94th Street,,
176,New York,3,+1 212-865-7711,Broadway Hotel & Hostel,216,False,2,230 West 101st Street,2019-03-05,8
177,New York,1,+1 833-625-6111,1 Hotel Brooklyn Bridge,216,True,4,"60 Furman Street, Brooklyn",,
178,New York,1,+1 212-204-3000,6 Columbus Hotel,396,True,4,308 West 58th Street,,
179,New York,1,+1 212-398-2700,Ac Hotel New York Times Square,176,False,4,260 West 40th Street,,
180,New York,1,+1 212-991-0551,Ace Hotel,296,False,4,20 West 29th Street,,
181,New York,1,+1 646-744-3100,Aka Central Park,232,False,4,42 West 58th Street,,
182,New York,1,+1 212-252-9090,Aka Wall Street,200,True,4,84 William Street,,
183,New York,1,+1 646-609-5122,Aliz Hotel Times Square,288,False,4,310 West 40th Street,,
184,New York,1,+1 212-601-1234,Andaz 5Th Avenue - A Concept By Hyatt,348,False,4,485 5th Avenue,,
185,New York,1,+1 833-625-6111,1 Hotel Brooklyn Bridge,312,True,4,"60 Furman Street, Brooklyn",2019-03-01,10
186,London,3,+44 20 7493 4545,45 Park Lane,480,False,5,45 Park Lane,,
187,London,3,+44 20 7706 4660,Abc Hyde Park Hotel,261,False,3,121 Sussex Gardens,,
188,London,3,+44 20 8563 8692,Abercorn House,66,False,1,28-30 Bute Gardens,,
189,London,3,+44 20 7403 4299,Accommodation London Bridge,288,False,3,58 Great Dover Street,,
190,London,3,+44 20 7613 9800,Ace Hotel London,420,False,4,100 Shoreditch High Street,,
191,London,3,+44 20 7388 9930,Ambassadors Bloomsbury Hotel,264,False,4,12 Upper Woburn Place,,
192,London,3,+44 20 7373 1075,Ambassadors Hotel,315,False,3,16 Collingham Road,,
193,London,3,+44 20 7377 4390,Batty Langley'S Hotel,510,False,5,12 Folgate Street,,
194,London,3,+44 20 3327 4142,Chelsea Bridge Apartments,390,False,5,124 Prince Of Wales Drive,,
195,London,3,+44 20 7447 1000,Como Metropolitan London,480,False,5,19 Old Park Lane,,
196,London,3,+44 20 3750 4545,Devonshire Club,585,True,5,5 Devonshire Square,,
197,London,3,+44 20 7491 4840,Dukes London,495,False,5,35 Saint James's Place,,
198,London,3,+44 20 3297 9200,Four Seasons Hotel London At Ten Trinity Square,435,True,5,10 Trinity Square,,
199,London,3,+44 800 032 3483,Fraser Suites Kensington,375,False,5,75 Stanhope Gardens,,
200,London,3,+44 20 3388 0800,"Great Northern Hotel, A Tribute Portfolio Hotel, London",345,False,5,Pancras Road,,
201,London,3,+44 20 3642 2000,Ham Yard Hotel,390,False,5,1 Ham Yard,,
202,London,3,+44 20 7278 2666,Arriva Hotel,234,False,2,Swinton Street,,
203,London,3,+44 20 7828 1563,Belgrave House Hotel London Victoria,198,False,2,28 - 32 Belgrave Road,,
204,London,3,+44 20 7183 9400,Clink78,210,False,2,78 King's Cross Road,,
205,London,3,+44 20 7370 1222,Cromwell International Hotel,198,False,2,139-141 Cromwell Road,,
206,London,3,+44 20 3002 2960,Hampton By Hilton London Docklands,138,False,2,Dockside Road,,
207,London,3,+44 20 7474 9106,Hotel Ibis Budget London City Airport,192,False,2,North Woolwich Road,,
208,London,3,+44 333 321 3104,Hub By Premier Inn London Covent Garden,156,True,2,110 Saint Martin's Lane,,
209,London,3,+44 871 527 9588,"Hub By Premier Inn London Spitalfields, Brick Lane",168,True,2,86 Brick Lane,,
210,London,3,+44 871 527 9706,"Hub By Premier Inn London Westminster, St James'S Park",210,True,2,15 Dacre Street,,
211,London,3,+44 20 7655 4620,Ibis Budget London Whitechapel Hotel,204,False,2,100 Whitechapel Road,,
212,London,3,+44 20 7278 2666,Arriva Hotel,234,False,2,Swinton Street,2019-03-05,5
213,New York,2,+1 212-703-2001,1 Hotel Central Park,330,True,5,1414 6th Avenue,,
214,New York,1,+1 833-625-6111,1 Hotel Brooklyn Bridge,216,True,4,"60 Furman Street, Brooklyn",2019-03-07,4
215,London,2,+44 20 7377 4390,Batty Langley'S Hotel,240,False,5,12 Folgate Street,,
216,London,2,+44 20 3750 4545,Devonshire Club,250,True,5,5 Devonshire Square,,
217,London,2,+44 20 3297 9200,Four Seasons Hotel London At Ten Trinity Square,220,True,5,10 Trinity Square,,
218,London,2,+44 20 3388 0800,"Great Northern Hotel, A Tribute Portfolio Hotel, London",370,False,5,Pancras Road,,
219,London,2,+44 20 3642 2000,Ham Yard Hotel,330,False,5,1 Ham Yard,,
220,London,1,+44 20 7493 4545,45 Park Lane,330,False,5,45 Park Lane,,
221,London,1,+44 20 7377 4390,Batty Langley'S Hotel,240,False,5,12 Folgate Street,,
222,London,1,+44 20 3327 4142,Chelsea Bridge Apartments,390,False,5,124 Prince Of Wales Drive,,
223,London,1,+44 20 7447 1000,Como Metropolitan London,480,False,5,19 Old Park Lane,,
224,London,1,+44 20 3750 4545,Devonshire Club,250,True,5,5 Devonshire Square,,
225,London,1,+44 20 7491 4840,Dukes London,495,False,5,35 Saint James's Place,,
226,London,1,+44 20 3297 9200,Four Seasons Hotel London At Ten Trinity Square,220,True,5,10 Trinity Square,,
227,London,1,+44 800 032 3483,Fraser Suites Kensington,375,False,5,75 Stanhope Gardens,,
228,London,1,+44 20 3327 4142,Chelsea Bridge Apartments,250,False,5,124 Prince Of Wales Drive,2019-03-04,8
229,London,1,+44 20 7493 4545,45 Park Lane,330,False,5,45 Park Lane,2019-03-08,6
230,San Francisco,3,+1 415-947-0700,Courtyard By Marriott San Francisco Downtown,351,False,3,299 2nd Street,,
231,San Francisco,1,+1 415-346-3800,Courtyard By Marriott San Francisco Union Square,96,False,3,761 Post Street,,
232,San Francisco,1,+1 415-771-3000,Cova Hotel,96,False,3,655 Ellis Street,,
233,San Francisco,3,+1 800-654-1100,Executive Hotel Vintage Court San Francisco,333,False,3,650 Bush Street,,
234,San Francisco,1,+1 415-546-3110,Hampton Inn San Francisco Downtown/Convention Center,102,False,3,942 Mission Street,,
235,San Francisco,3,+1 415-781-7800,Handlery Union Square Hotel,324,False,3,351 Geary Street,,
236,San Francisco,2,+1 415-626-6103,Bei Hotel San Francisco,351,True,3,50 8th Street,2019-03-02,12
237,Kuala Lumpur,2,+60 3-2030 1888,Cosmo Hotel Kuala Lumpur,192,False,3,"13, 15, Leboh Ampang, City Centre, 50050",,
238,Kuala Lumpur,2,+60 3-4051 9191,Edc Hotel Kuala Lumpur,186,True,3,"Jalan Raja Laut, Chow Kit, 50350 Kuala Lumpur, Wilayah Persekutuan",,
239,Kuala Lumpur,3,+60 3-2778 8888,Hilton Garden Inn Kuala Lumpur Jalan Tuanku Abdul Rahman North,297,False,3,"449, Jalan Tuanku Abdul Rahman, Chow Kit, 50100",,
240,Kuala Lumpur,2,+60 3-2028 8888,Holiday Inn Express Kuala Lumpur City Centre,192,False,3,"84, Jalan Raja Chulan, 50200 Kuala Lumpur, Wilayah Persekutuan",,
241,Kuala Lumpur,2,+60 3-2143 7000,Hotel Capitol Kuala Lumpur,228,True,3,"Jalan Bulan, off, Jalan Bukit Bintang, Bukit Bintang, 55100",,
242,Kuala Lumpur,3,+60 3-2688 1888,Hotel Putra Kuala Lumpur,252,True,3,"Titiwangsa, 53200",,
243,Kuala Lumpur,2,+60 3-2078 0988,Arenaa Star Hotel,198,False,3,"49-51, Jalan Hang Lekiu, 50100",2019-03-10,1
244,New York,2,+1 833-625-6111,1 Hotel Brooklyn Bridge,312,True,4,"60 Furman Street, Brooklyn",2019-03-01,10
245,Paris,2,+33 1 84 82 49 09,Ac Hotel By Marriott Paris Porte Maillot,192,False,4,"6 Rue Gustave Charpentier, 75017",,
246,Paris,1,+33 1 49 52 99 70,Amastan Paris,96,False,4,"34 Rue Jean Mermoz, 75008",,
247,Paris,2,+33 1 44 72 42 00,Aparthotel Adagio Access Paris La Villette,120,False,3,"28bis Avenue Corentin Cariou, 75019",,
248,Paris,1,+33 1 42 57 14 55,Aparthotel Adagio Paris Montmartre,90,True,3,"10 Place Charles Dullin, 75018",,
249,Paris,3,+33 1 48 74 48 71,Austin'S Saint Lazare HoTel,189,False,3,"26 Rue d'Amsterdam, 75009",,
250,Paris,1,+33 1 42 85 50 00,Avalon Hotel Paris Gare Du Nord,102,False,3,"131 Boulevard de Magenta, 75010",,
251,Paris,3,+33 1 45 38 52 59,Best Western Bretagne Montparnasse,444,True,4,"33 Rue Raymond Losserand, 75014",,
252,Paris,1,+33 1 40 43 02 33,Bob Hotel By Elegancia,84,True,4,"30 Rue Pernety, 75014",,
253,Paris,2,+33 1 44 30 10 00,Brach Paris,290,True,5,"1-7 Rue Jean Richepin, 75016",,
254,Paris,2,+33 1 83 96 88 88,Buddha-Bar Hotel Paris,210,True,5,"4 Rue d'Anjou, 75008",,
255,San Francisco,3,+1 415-788-5604,Hi San Francisco Downtown Hostel,261,True,3,312 Mason Street,,
256,San Francisco,1,+1 877-828-4478,Hotel G,90,True,3,386 Geary Street,,
257,San Francisco,3,+1 415-495-2100,Hotel Griffon,288,True,3,"1206, 155 Steuart Street",,
258,San Francisco,3,+1 844-617-6555,Hotel Zephyr,189,True,3,250 Beach Street,,
259,San Francisco,2,+1 888-822-8666,Kimpton Buchanan Hotel,204,True,3,1800 Sutter Street,,
260,San Francisco,3,+1 415-885-2987,Nob Hill Hotel,351,True,3,835 Hyde Street,,
261,San Francisco,2,+1 415-397-3510,The Inn At Union Square,216,True,3,440 Post Street,,
262,San Francisco,1,+1 415-626-6103,Bei Hotel San Francisco,351,True,3,50 8th Street,2019-03-02,12
263,New York,1,+1 646-490-7348,Central Park West Hostel,30,True,1,201 West 87th Street,,
264,New York,2,+1 212-647-0010,Chelsea International Hostel,68,True,1,251 West 20th Street,,
265,New York,1,+1 212-912-2504,Vanderbilt Ymca,32,True,1,224 East 47th Street,,
266,New York,1,+1 646-490-7348,Central Park West Hostel,30,True,1,201 West 87th Street,2019-03-08,5
267,San Diego,3,+1 858-539-8666,Bahia Resort Hotel,225,False,3,998 West Mission Bay Drive,,
268,San Diego,2,+1 619-233-7500,Best Western Plus Bayside Inn,234,True,3,555 West Ash Street,,
269,San Diego,2,+1 619-298-4707,Best Western Plus Hacienda Hotel Old Town,198,False,3,4041 Harney Street,,
270,San Diego,2,+1 858-483-6110,Capri By The Sea By All Seasons Resort Lodging,192,False,3,4767 Ocean Boulevard,,
271,San Diego,3,+1 619-881-6200,Comfort Inn & Suites San Diego - Zoo Seaworld Area,189,False,3,2485 Hotel Circle Place,,
272,San Diego,3,+1 858-573-0700,Courtyard By Marriott San Diego Central,333,False,3,8651 Spectrum Center Boulevard,,
273,San Diego,3,+1 619-233-7500,Best Western Plus Bayside Inn,333,True,3,555 West Ash Street,2019-03-04,9
274,Las Vegas,1,+1 702-256-3766,Best Western Plus Las Vegas West,117,False,3,8669 West Sahara Avenue,,
275,Las Vegas,2,+1 702-638-1800,Budget Suites Of America,44,True,1,2219 North Rancho Drive,,
276,Las Vegas,3,+1 702-360-5700,Hampton Inn Las Vegas/Summerlin,279,True,3,7100 Cascade Valley Court,,
277,Las Vegas,1,+1 702-360-1200,La Quinta Inn & Suites By Wyndham Las Vegas Summerlin Tech,72,True,2,7101 Cascade Valley Court,,
278,Las Vegas,1,+1 702-768-9823,Oasis At Gold Spike,63,False,3,217 Las Vegas Boulevard North,,
279,Las Vegas,1,+1 702-489-7500,Thunderbird Boutique Hotel,56,False,2,1215 South Las Vegas Boulevard,,
280,San Diego,3,+1 858-539-8666,Bahia Resort Hotel,189,False,3,998 West Mission Bay Drive,,
281,San Diego,2,+1 619-275-5700,Best Western Mission Bay,140,False,2,2575 Clairemont Drive,,
282,San Diego,3,+1 619-233-7500,Best Western Plus Bayside Inn,198,True,3,555 West Ash Street,,
283,San Diego,3,+1 619-298-4707,Best Western Plus Hacienda Hotel Old Town,342,False,3,4041 Harney Street,,
284,San Diego,3,+1 619-222-0561,Best Western Plus Island Palms Hotel & Marina,189,False,3,2051 Shelter Island Drive,,
285,San Diego,1,+1 858-578-6600,Best Western San Diego/Miramar Hotel,60,False,2,9310 Kearny Mesa Road,,
286,San Diego,2,+1 619-291-1300,Best Western Seven Seas,216,False,3,411 Hotel Circle South,,
287,San Diego,3,+1 619-224-3254,Best Western Yacht Harbor Hotel,120,False,2,5005 North Harbor Drive,,
288,San Diego,1,+1 858-488-4700,Blue Sea Beach Hotel,117,False,3,707 Pacific Beach Drive,,
289,San Diego,2,+1 858-483-6110,Capri By The Sea By All Seasons Resort Lodging,186,False,3,4767 Ocean Boulevard,,
290,Vancouver,2,+1 604-254-1000,Atrium Inn Vancouver,228,False,3,2889 East Hastings Street,,
291,Vancouver,1,+1 604-669-7070,Best Western Plus Chateau Granville Hotel & Suites & Conference Ctr.,72,False,3,1100 Granville Street,,
292,Vancouver,2,+1 604-682-1831,Best Western Plus Sands,222,False,3,1755 Davie Street,,
293,Vancouver,3,+1 604-688-1411,Blue Horizon Hotel,189,False,3,1225 Robson Street,,
294,Vancouver,3,+1 604-263-1555,Coast Vancouver Airport Hotel,225,False,3,1041 Southwest Marine Drive,,
295,Vancouver,3,+1 604-681-4335,Days Inn By Wyndham Vancouver Downtown,198,False,3,921 West Pender Street,,
296,Vancouver,1,+1 604-669-9888,Gec Granville Suites Hotel,63,True,3,718 Drake Street,,
297,Vancouver,3,+1 604-602-1008,Hampton Inn & Suites,207,False,3,111 Robson Street,,
298,Vancouver,1,+1 604-685-5335,Hi Vancouver Central,72,False,3,1025 Granville Street,,
299,Vancouver,3,+1 604-684-2151,Holiday Inn Hotel & Suites Vancouver Downtown,207,False,3,1110 Howe Street,,
300,San Francisco,3,+1 415-626-6103,Bei Hotel San Francisco,279,True,3,50 8th Street,,
301,San Francisco,1,+1 415-673-2600,Beresford Arms Hotel,87,False,3,701 Post Street,,
302,San Francisco,1,+1 415-362-2004,Chancellor Hotel On Union Square,102,False,3,433 Powell Street,,
303,San Francisco,3,+1 415-421-3154,Cornell Hotel De France,297,False,3,715 Bush Street,,
304,San Francisco,2,+1 415-947-0700,Courtyard By Marriott San Francisco Downtown,222,False,3,299 2nd Street,,
305,San Francisco,1,+1 415-346-3800,Courtyard By Marriott San Francisco Union Square,60,False,3,761 Post Street,,
306,San Francisco,2,+1 415-771-3000,Cova Hotel,138,False,3,655 Ellis Street,,
307,San Francisco,3,+1 800-654-1100,Executive Hotel Vintage Court San Francisco,252,False,3,650 Bush Street,,
308,San Francisco,3,+1 415-546-3110,Hampton Inn San Francisco Downtown/Convention Center,180,False,3,942 Mission Street,,
309,San Francisco,3,+1 415-781-7800,Handlery Union Square Hotel,198,False,3,351 Geary Street,,
310,Fresno,2,+1 559-268-1000,Doubletree By Hilton Hotel Fresno Convention Center,222,False,3,2233 Ventura Street,,
311,Fresno,3,+1 559-442-1110,La Quinta Inn By Wyndham Fresno Yosemite,156,True,2,2926 Tulare Street,,
312,Fresno,2,+1 559-375-7760,Piccadilly Inn Airport,126,True,3,5115 East McKinley Avenue,,
313,Fresno,2,+1 559-233-6650,Radisson Hotel Fresno Conference Center,222,False,3,1055 Van Ness Avenue,,
314,Fresno,1,+1 888-287-9400,Springhill Suites By Marriott Fresno,87,False,3,6844 North Fresno Street,,
315,Seattle,2,+1 206-448-4721,Ace Hotel Seattle,136,False,2,2423 1st Avenue,,
316,Seattle,2,+1 866-525-4704,Belltown Inn,186,False,2,2301 3rd Avenue,,
317,Seattle,2,+1 800-615-3107,Days Inn By Wyndham Seattle North Of Downtown,84,False,2,9100 Aurora Avenue North,,
318,Seattle,2,+1 206-365-8100,Extended Stay America - Seattle - Northgate,124,True,2,13300 Stone Avenue North,,
319,Seattle,2,+1 206-340-1222,Green Tortoise Hostel Seattle,174,False,2,105 Pike Street,,
320,Seattle,2,+1 206-522-6991,Hampton Inn & Suites By Hilton Seattle/Northgate,144,True,2,9550 1st Avenue Northeast,,
321,Seattle,2,+1 206-441-7222,Holiday Inn Express & Suites Seattle-City Center,132,False,2,226 7th Avenue North,,
322,Seattle,2,+1 206-282-7357,Inn At Queen Anne,198,False,2,505 1st Avenue North,,
323,Seattle,2,+1 206-728-7666,Quality Inn & Suites Seattle Center,88,False,2,618 John Street,,
324,Seattle,2,+1 206-583-6453,The Inn At Virginia Mason,156,False,2,1006 Spring Street,,
325,Long Beach,3,+1 562-599-5555,Best Western Of Long Beach,168,False,2,1725 Long Beach Boulevard,,
326,Long Beach,2,+1 562-429-5803,Courtyard By Marriott Long Beach Airport,168,False,3,3841 North Lakewood Boulevard,,
327,Long Beach,2,+1 562-435-8511,Courtyard By Marriott Long Beach Downtown,186,False,3,500 East First Street,,
328,Long Beach,3,+1 562-425-0012,Hampton Inn Long Beach Airport,222,False,2,3771 North Lakewood Boulevard,,
329,Long Beach,3,+1 562-590-8858,Holiday Inn Long Beach Downtown Area,288,False,3,1133 Atlantic Avenue,,
330,Long Beach,3,+1 562-425-0010,Homewood Suites By Hilton Long Beach Airport,324,True,3,3771 North Lakewood Boulevard,,
331,Long Beach,2,+1 562-597-5171,Hotel Current Long Beach,186,False,3,5325 Pacific Coast Highway,,
332,Long Beach,1,+1 562-432-1234,Hyatt Centric The Pike Long Beach,144,False,4,285 Bay Street,,
333,Long Beach,2,+1 562-491-1234,Hyatt Regency Long Beach,256,False,4,200 South Pine Avenue,,
334,Long Beach,2,+1 800-228-9290,Long Beach Marriott,120,False,3,4700 Airport Plaza Drive,,
335,Los Angeles,2,+1 323-852-7000,Ac Hotel By Marriott Beverly Hills,120,False,2,6399 Wilshire Boulevard,,
336,Los Angeles,2,+1 800-224-7835,Airtel Plaza Hotel,216,True,3,"7277 Valjean Avenue, Van Nuys, California 91406, United States",,
337,Los Angeles,3,+1 323-469-2500,Banana Bungalow - Hollywood Hostel,72,True,1,"5920 Hollywood Boulevard, Hollywood, CA 90028, USA",,
338,Los Angeles,2,+1 818-765-2900,Best Western Burbank Airport Inn,156,False,3,"7615 Lankershim Boulevard, North Hollywood, California 91605, United States",,
339,Los Angeles,3,+1 323-851-1800,Best Western Hollywood Plaza Inn,162,False,2,"2011 North Highland Avenue, Hollywood, California 90068, United States",,
340,Los Angeles,3,+1 310-834-3400,Best Western Los Angeles Worldport Hotel,186,False,2,"1402 West Pacific Coast Highway, Wilmington, California 90744, United States",,
341,Los Angeles,1,+1 213-617-3077,Best Western Plus Dragon Gate Inn,62,False,2,818 North Hill Street,,
342,Los Angeles,3,+1 323-464-5181,Best Western Plus Hollywood Hills Hotel,216,False,2,"6141 Franklin Avenue, Hollywood, California 90028, United States",,
343,Los Angeles,1,+1 310-514-1414,Best Western Plus San Pedro Hotel & Suites,69,False,3,"111 South Gaffey Street, San Pedro, California 90731, United States",,
344,Los Angeles,2,+1 310-553-6561,Beverly Hills Marriott,176,False,4,1150 South Beverly Drive,,
345,Anaheim,1,+1 714-772-5050,Anaheim Desert Inn And Suites,64,False,2,1600 South Harbor Boulevard,,
346,Anaheim,1,+1 714-778-1700,Anaheim Majestic Garden Hotel,93,False,3,900 South Disneyland Drive,,
347,Anaheim,1,+1 800-341-6301,Anaheim Portofino Inn & Suites,132,False,3,1831 South Harbor Boulevard,,
348,Anaheim,1,+1 714-774-3860,Anaheim Rv Park,80,True,2,200 West Midway Drive,,
349,Anaheim,1,+1 714-634-2106,Ayres Hotel Anaheim,198,True,3,2550 East Katella Avenue,,
350,Anaheim,1,+1 714-774-1050,Best Western Plus Anaheim Inn,117,False,3,1630 South Harbor Boulevard,,
351,Anaheim,1,+1 714-776-4800,Best Western Plus Park Place Inn - Mini Suites,168,False,3,1544 South Harbor Boulevard,,
352,Anaheim,1,+1 714-776-0140,Best Western Plus Pavilions,84,False,1,1176 West Katella Avenue,,
353,Anaheim,1,+1 714-750-6100,Best Western Plus Raffles Inn & Suites,42,False,2,2040 South Harbor Boulevard,,
354,Anaheim,1,+1 714-778-1880,Best Western Plus Stovall'S Inn,66,False,3,1110 West Katella Avenue,,
355,Los Angeles,2,+1 323-469-2500,Banana Bungalow - Hollywood Hostel,72,True,1,"5920 Hollywood Boulevard, Hollywood, CA 90028, USA",,
356,Los Angeles,2,+1 323-851-1800,Best Western Hollywood Plaza Inn,162,False,2,"2011 North Highland Avenue, Hollywood, California 90068, United States",,
357,Los Angeles,2,+1 310-834-3400,Best Western Los Angeles Worldport Hotel,186,False,2,"1402 West Pacific Coast Highway, Wilmington, California 90744, United States",,
358,Los Angeles,2,+1 213-617-3077,Best Western Plus Dragon Gate Inn,222,False,2,818 North Hill Street,,
359,Los Angeles,2,+1 323-464-5181,Best Western Plus Hollywood Hills Hotel,216,False,2,"6141 Franklin Avenue, Hollywood, California 90028, United States",,
360,Los Angeles,2,+1 310-514-1414,Best Western Plus San Pedro Hotel & Suites,297,False,3,"111 South Gaffey Street, San Pedro, California 90731, United States",,
361,Los Angeles,2,+1 310-642-7500,Crowne Plaza Los Angeles Airport,192,False,4,5985 West Century Boulevard,,
362,Los Angeles,2,+1 213-624-0000,Hilton Checkers Los Angeles,208,True,4,535 South Grand Avenue,,
363,Los Angeles,2,+1 310-410-4000,Hilton Los Angeles Airport,456,True,4,5711 West Century Boulevard,,
364,Los Angeles,2,+1 818-595-1000,Hilton Woodland Hills/Los Angeles,232,False,4,"6360 Canoga Avenue, Woodland Hills, California 91367, United States",,
365,Los Angeles,2,+1 310-284-6500,Intercontinental Los Angeles Century City,184,False,4,2151 Avenue of the Stars,,
366,Los Angeles,2,+1 213-688-7777,Intercontinental Los Angeles Downtown,192,False,4,900 Wilshire Boulevard,,
367,Los Angeles,2,+1 213-279-3532,Kimpton Everly Hotel,312,True,4,1800 Argyle Avenue,,
368,Los Angeles,2,+1 310-475-8711,Kimpton Hotel Palomar Los Angeles Beverly Hills,184,False,4,10740 Wilshire Boulevard,,
369,Los Angeles,2,+1 323-852-6000,Kimpton Hotel Wilshire,408,False,4,6317 Wilshire Boulevard,,
370,Sacramento,1,+1 916-920-5300,Fairfield Inn By Marriott Sacramento Cal Expo,140,False,2,1780 Tribute Road,,
371,Sacramento,1,+1 916-448-8100,La Quinta Inn By Wyndham Sacramento Downtown,162,False,2,200 Jibboom Street,,
372,Sacramento,1,+1 916-497-0955,Surestay Plus Hotel By Best Western Sacramento North,72,False,2,350 Bercut Drive,,
373,San Francisco,1,+1 800-576-0767,Travelodge By Wyndham San Francisco Central,210,True,2,1707 Market Street,,
374,San Francisco,3,+1 415-673-3277,Amsterdam Hostel San Francisco,99,False,1,749 Taylor Street,,
375,San Francisco,3,+1 415-563-0800,Argonaut Hotel,396,False,4,495 Jefferson Street,,
376,San Francisco,2,+1 415-621-8212,Beck'S Motor Lodge,156,False,2,2222 Market Street,,
377,San Francisco,1,+1 415-552-7100,Casa Loma Hotel,42,False,2,610 Fillmore Street,,
378,San Francisco,3,+1 415-563-5600,Chelsea,228,False,2,2095 Lombard Street,,
379,San Francisco,3,+1 415-928-5000,Comfort Inn By The Bay,168,False,2,2775 Van Ness Avenue,,
380,Portland,1,+1 503-200-5678,Aloft Portland Airport At Cascade Station,93,False,3,9920 Northeast Cascades Parkway,,
381,Portland,3,+1 503-251-9991,Best Western Plus Portland Airport Hotel & Suites,168,False,2,11938 Northeast Airport Way,,
382,Portland,2,+1 971-351-0230,Canopy By Hilton Portland Pearl District,176,False,4,425 Northwest 9th Avenue,,
383,Portland,3,+1 503-252-6397,Comfort Inn & Suites Portland Airport,228,True,2,5019 Northeast 102nd Avenue,,
384,Portland,3,+1 503-255-2700,"Country Inn & Suites By Radisson, Portland International Airport, Or",297,False,3,7025 Northeast Alderwood Road,,
385,Portland,3,+1 503-252-3200,Courtyard By Marriott Portland Airport,315,False,3,11550 Northeast Airport Way,,
386,Portland,2,+1 503-505-5000,Courtyard By Marriott Portland City Center,144,False,3,550 Southwest Oak Street,,
387,Portland,2,+1 503-234-3200,Courtyard By Marriott Portland Downtown/Convention Center,234,False,3,435 Northeast Wasco Street,,
388,Portland,3,+1 503-233-2401,Crowne Plaza Portland-Downtown Conv Ctr,288,False,3,1441 Northeast 2nd Avenue,,
389,Portland,1,+1 877-628-4408,Dossier,88,False,4,750 Southwest Alder Street,,
390,Sacramento,2,+1 916-441-1314,Best Western Plus Sutter House,69,False,1,1100 H Street,,
391,Sacramento,2,+1 916-455-6800,Courtyard By Marriott Sacramento Midtown,207,False,3,4422 Y Street,,
392,Sacramento,2,+1 916-929-8855,Doubletree By Hilton Hotel Sacramento,192,False,3,2001 Point West Way,,
393,Sacramento,2,+1 916-326-5000,Embassy Suites By Hilton Sacramento Riverfront Promenade,210,False,3,100 Capitol Mall,,
394,Sacramento,2,+1 916-920-5300,Fairfield Inn By Marriott Sacramento Cal Expo,140,False,2,1780 Tribute Road,,
395,Sacramento,2,+1 916-263-9000,Four Points By Sheraton Sacramento International Airport,186,False,3,4900 Duckhorn Drive,,
396,Sacramento,2,+1 916-568-5400,Hilton Garden Inn Sacramento/South Natomas,180,False,3,2540 Venture Oaks Way,,
397,Sacramento,2,+1 916-922-4700,Hilton Sacramento Arden West,270,False,3,2200 Harvard Street,,
398,Sacramento,2,+1 916-444-4436,Holiday Inn Express Sacramento Convention Center,234,False,3,728 16th Street,,
399,Sacramento,2,+1 916-446-0100,Holiday Inn Sacramento Downtown - Arena,204,False,3,300 J Street,,
400,Anaheim,2,+1 800-341-6301,Anaheim Portofino Inn & Suites,132,False,3,1831 South Harbor Boulevard,,
401,Anaheim,2,+1 714-774-3860,Anaheim Rv Park,80,True,2,200 West Midway Drive,,
402,Anaheim,3,+1 714-634-2106,Ayres Hotel Anaheim,198,True,3,2550 East Katella Avenue,,
403,Anaheim,2,+1 714-776-4800,Best Western Plus Park Place Inn - Mini Suites,168,False,3,1544 South Harbor Boulevard,,
404,Anaheim,3,+1 714-776-0140,Best Western Plus Pavilions,84,False,1,1176 West Katella Avenue,,
405,San Francisco,1,+1 415-885-2500,Hotel Spero,80,False,4,405 Taylor Street,,
406,San Francisco,2,+1 415-200-4977,Hotel Via,208,True,4,138 King Street,,
407,San Francisco,1,+1 415-348-1111,Hotel Zelos San Francisco,96,False,4,12 4th Street,,
408,San Francisco,3,+1 415-563-0303,Hotel Zeppelin San Francisco,408,False,4,545 Post Street,,
409,San Francisco,1,+1 415-561-1100,Hotel Zoe Fisherman'S Wharf,148,True,4,425 North Point Street,,
410,San Francisco,3,+1 415-563-1234,Hyatt Centric Fishermans Wharf San Francisco,468,False,4,555 North Point Street,,
411,San Francisco,2,+1 415-392-8000,Parc 55 San Francisco - A Hilton Hotel,224,False,4,55 Cyril Magnin Street,,
412,San Francisco,1,+1 800-228-8408,Pier 2620 Hotel Fisherman'S Wharf,88,False,4,2620 Jones Street,,
413,San Francisco,3,+1 415-292-0100,The Marker San Francisco,324,False,4,501 Geary Street,,
414,San Francisco,1,+1 415-563-0800,Argonaut Hotel,396,False,4,495 Jefferson Street,,
415,San Francisco,1,+1 415-200-4977,Hotel Via,208,True,4,138 King Street,,
416,San Francisco,1,+1 415-563-0303,Hotel Zeppelin San Francisco,408,False,4,545 Post Street,,
417,San Francisco,1,+1 415-563-1234,Hyatt Centric Fishermans Wharf San Francisco,468,False,4,555 North Point Street,,
418,San Francisco,1,+1 415-392-8000,Parc 55 San Francisco - A Hilton Hotel,224,False,4,55 Cyril Magnin Street,,
419,San Francisco,1,+1 415-292-0100,The Marker San Francisco,324,False,4,501 Geary Street,,
420,Los Angeles,3,+1 800-947-7666,Beverly Laurel Motor Hotel,216,True,2,8018 Beverly Boulevard,,
421,Los Angeles,1,+1 323-938-3617,Dunes Inn - Wilshire,46,True,2,4300 Wilshire Boulevard,,
422,Los Angeles,1,+1 323-952-6900,Hampton Inn & Suites Los Angeles/Hollywood,66,False,2,1133 Vine Street,,
423,Los Angeles,1,+1 818-821-8031,Holiday Inn Express North Hollywood - Burbank Area,46,False,2,"11350 Burbank Boulevard, North Hollywood, CA 91601, USA",,
424,Los Angeles,2,+1 800-537-8483,Hollywood Celebrity Hotel,108,True,2,1775 Orchid Avenue,,
425,San Francisco,2,+1 415-673-3277,Amsterdam Hostel San Francisco,99,False,1,749 Taylor Street,,
426,San Francisco,2,+1 415-563-0800,Argonaut Hotel,396,False,4,495 Jefferson Street,,
427,San Francisco,2,+1 415-626-6103,Bei Hotel San Francisco,279,True,3,50 8th Street,,
428,San Francisco,2,+1 415-673-2600,Beresford Arms Hotel,144,False,3,701 Post Street,,
429,San Francisco,2,+1 415-552-7100,Casa Loma Hotel,162,False,2,610 Fillmore Street,,
430,San Francisco,2,+1 415-362-2004,Chancellor Hotel On Union Square,306,False,3,433 Powell Street,,
431,San Francisco,2,+1 415-563-5600,Chelsea,228,False,2,2095 Lombard Street,,
432,San Francisco,2,+1 415-928-5000,Comfort Inn By The Bay,168,False,2,2775 Van Ness Avenue,,
433,San Francisco,2,+1 415-421-3154,Cornell Hotel De France,297,False,3,715 Bush Street,,
434,Vancouver,3,+1 604-254-1000,Atrium Inn Vancouver,234,False,3,2889 East Hastings Street,,
435,Vancouver,3,+1 604-678-8899,Auberge Vancouver Hotel,264,True,4,837 West Hastings Street,,
436,Vancouver,3,+1 604-669-7070,Best Western Plus Chateau Granville Hotel & Suites & Conference Ctr.,324,False,3,1100 Granville Street,,
437,Vancouver,3,+1 604-682-1831,Best Western Plus Sands,234,False,3,1755 Davie Street,,
438,Vancouver,3,+1 604-697-0202,Coast Coal Harbour Vancouver Hotel By Apa,288,False,4,1180 West Hastings Street,,
439,Vancouver,3,+1 844-254-5048,Delta Hotels By Marriott Vancouver Downtown Suites,312,False,4,550 West Hastings Street,,
440,Vancouver,3,+1 604-563-4693,Exchange Hotel Vancouver,276,True,4,475 Howe Street,,
441,Sacramento,1,+1 916-441-1314,Best Western Plus Sutter House,28,False,1,1100 H Street,,
442,Sacramento,1,+1 916-455-6800,Courtyard By Marriott Sacramento Midtown,99,False,3,4422 Y Street,,
443,Sacramento,1,+1 916-929-8855,Doubletree By Hilton Hotel Sacramento,78,False,3,2001 Point West Way,,
444,Sacramento,1,+1 916-263-9000,Four Points By Sheraton Sacramento International Airport,99,False,3,4900 Duckhorn Drive,,
445,Sacramento,1,+1 916-922-4700,Hilton Sacramento Arden West,63,False,3,2200 Harvard Street,,
446,Sacramento,3,+1 916-444-4436,Holiday Inn Express Sacramento Convention Center,234,False,3,728 16th Street,,
447,San Francisco,1,+1 415-626-6103,Bei Hotel San Francisco,279,True,3,50 8th Street,,
448,San Francisco,1,+1 415-421-3154,Cornell Hotel De France,297,False,3,715 Bush Street,,
449,San Francisco,1,+1 415-947-0700,Courtyard By Marriott San Francisco Downtown,222,False,3,299 2nd Street,,
450,San Francisco,1,+1 415-771-3000,Cova Hotel,138,False,3,655 Ellis Street,,
451,San Francisco,1,+1 800-654-1100,Executive Hotel Vintage Court San Francisco,252,False,3,650 Bush Street,,
452,San Francisco,1,+1 415-546-3110,Hampton Inn San Francisco Downtown/Convention Center,180,False,3,942 Mission Street,,
453,San Francisco,1,+1 415-781-7800,Handlery Union Square Hotel,198,False,3,351 Geary Street,,
454,Sacramento,1,+1 916-326-5000,Embassy Suites By Hilton Sacramento Riverfront Promenade,210,False,3,100 Capitol Mall,,
455,Sacramento,1,+1 916-568-5400,Hilton Garden Inn Sacramento/South Natomas,180,False,3,2540 Venture Oaks Way,,
456,Sacramento,1,+1 916-444-4436,Holiday Inn Express Sacramento Convention Center,234,False,3,728 16th Street,,
457,Sacramento,1,+1 916-446-0100,Holiday Inn Sacramento Downtown - Arena,204,False,3,300 J Street,,
458,Sacramento,1,+1 916-263-9510,Homewood Suites By Hilton Sacramento Airport-Natomas,216,True,3,3001 Advantage Way,,
459,Sacramento,1,+1 916-545-7100,Kimpton Sawyer Hotel,216,True,3,500 J Street,,
460,New York,2,+1 833-625-6111,1 Hotel Brooklyn Bridge,176,True,4,"60 Furman Street, Brooklyn",,
461,New York,3,+1 212-703-2001,1 Hotel Central Park,390,True,5,1414 6th Avenue,,
462,New York,1,+1 212-235-1111,11 Howard,72,True,3,11 Howard Street,,
463,New York,2,+1 212-204-3000,6 Columbus Hotel,296,True,4,308 West 58th Street,,
464,New York,1,+1 212-398-2700,Ac Hotel New York Times Square,84,False,4,260 West 40th Street,,
465,New York,2,+1 212-991-0551,Ace Hotel,264,False,4,20 West 29th Street,,
466,New York,2,+1 718-631-5900,Adria Hotel & Conference Center,186,True,3,"221-17 Northern Boulevard, Bayside",,
467,New York,3,+1 646-744-3100,Aka Central Park,420,False,4,42 West 58th Street,,
468,New York,1,+1 212-764-5700,Aka Times Square,112,False,4,123 West 44th Street,,
469,New York,2,+1 212-252-9090,Aka Wall Street,304,True,4,84 William Street,,
470,San Diego,1,+1 858-539-8666,Bahia Resort Hotel,189,False,3,998 West Mission Bay Drive,,
471,San Diego,1,+1 619-275-5700,Best Western Mission Bay,140,False,2,2575 Clairemont Drive,,
472,San Diego,1,+1 619-233-7500,Best Western Plus Bayside Inn,198,True,3,555 West Ash Street,,
473,San Diego,1,+1 619-298-4707,Best Western Plus Hacienda Hotel Old Town,342,False,3,4041 Harney Street,,
474,San Diego,1,+1 619-222-0561,Best Western Plus Island Palms Hotel & Marina,189,False,3,2051 Shelter Island Drive,,
475,San Diego,1,+1 619-291-1300,Best Western Seven Seas,216,False,3,411 Hotel Circle South,,
476,San Diego,1,+1 619-224-3254,Best Western Yacht Harbor Hotel,120,False,2,5005 North Harbor Drive,,
477,San Diego,1,+1 858-483-6110,Capri By The Sea By All Seasons Resort Lodging,186,False,3,4767 Ocean Boulevard,,
478,San Diego,2,+1 858-539-8666,Bahia Resort Hotel,189,False,3,998 West Mission Bay Drive,,
479,San Diego,2,+1 619-233-7500,Best Western Plus Bayside Inn,198,True,3,555 West Ash Street,,
480,San Diego,2,+1 619-298-4707,Best Western Plus Hacienda Hotel Old Town,342,False,3,4041 Harney Street,,
481,San Diego,2,+1 619-222-0561,Best Western Plus Island Palms Hotel & Marina,189,False,3,2051 Shelter Island Drive,,
482,San Diego,2,+1 858-488-4700,Blue Sea Beach Hotel,297,False,3,707 Pacific Beach Drive,,
483,San Diego,2,+1 619-881-6200,Comfort Inn & Suites San Diego - Zoo Seaworld Area,138,False,3,2485 Hotel Circle Place,,
484,San Diego,2,+1 619-221-1900,Courtyard By Marriott San Diego Airport/Liberty Station,333,False,3,2592 Laning Road,,
485,San Diego,2,+1 858-573-0700,Courtyard By Marriott San Diego Central,144,False,3,8651 Spectrum Center Boulevard,,
486,Anaheim,1,+1 714-635-7275,Camelot Inn & Suites,324,False,3,1520 South Harbor Boulevard,,
487,Anaheim,1,+1 714-635-5555,Candlewood Suites Anaheim - Resort Area,324,False,3,1733 South Anaheim Boulevard,,
488,Anaheim,1,+1 714-750-3131,Clarion Hotel Anaheim Resort,216,False,3,616 Convention Way,,
489,Anaheim,1,+1 714-533-3555,Clementine Hotel & Suites Anaheim,126,False,3,1700 South Clementine Street,,
490,San Francisco,2,+1 800-615-3107,Days Inn By Wyndham San Francisco Downtown/Civic Cntr Area,228,False,2,465 Grove Street,,
491,San Francisco,2,+1 415-474-5721,Hi San Francisco City Center Hostel,100,False,2,685 Ellis Street,,
492,San Francisco,2,+1 415-673-9900,Hotel Beresford,100,False,2,635 Sutter Street,,
493,San Francisco,2,+1 800-576-0767,Travelodge By Wyndham San Francisco Central,210,True,2,1707 Market Street,,
494,Seattle,1,+1 206-448-4721,Ace Hotel Seattle,68,False,2,2423 1st Avenue,,
495,Seattle,1,+1 866-525-4704,Belltown Inn,64,False,2,2301 3rd Avenue,,
496,Seattle,1,+1 206-340-1234,Best Western Plus Pioneer Square Hotel Downtown,63,False,3,77 Yesler Way,,
497,Seattle,2,+1 206-213-0100,Courtyard By Marriott Seattle Downtown/Lake Union,168,False,3,925 Westlake Avenue North,,
498,Seattle,1,+1 206-464-1980,Crowne Plaza Seattle Downtown,120,False,4,1113 6th Avenue,,
499,Seattle,3,+1 206-859-4400,Embassy Suites By Hilton Seattle Downtown Pioneer Square,342,True,3,255 South King Street,,
500,Seattle,3,+1 206-596-2302,Even Hotel Seattle Downtown - Lake Union,216,False,3,527 Fairview Avenue North,,
501,Seattle,1,+1 206-282-2600,Four Points By Sheraton Downtown Seattle Center,105,False,3,601 Roy Street,,
502,San Diego,1,+1 858-488-1081,Catamaran Resort Hotel And Spa,136,False,4,3999 Mission Boulevard,,
503,San Diego,1,+1 855-430-7503,Estancia La Jolla Hotel & Spa,248,False,4,"9700 North Torrey Pines Road, La Jolla, California 92037, United States",,
504,San Diego,1,+1 888-828-5498,Grande Colonial La Jolla,248,False,4,"910 Prospect Street, La Jolla, CA 92037, USA",,
505,San Diego,1,+1 858-558-1500,Hilton La Jolla Torrey Pines,304,False,4,"10950 North Torrey Pines Road, La Jolla, California 92037, United States",,
506,San Diego,1,+1 619-231-4040,Hilton San Diego Gaslamp Quarter,360,False,4,401 K Street,,
507,San Diego,1,+1 619-543-9000,Hilton San Diego Mission Valley,80,False,4,901 Camino del Rio South,,
508,San Diego,1,+1 619-276-4010,Hilton San Diego Resort & Spa,280,False,4,1775 East Mission Bay Drive,,
509,San Diego,1,+1 619-727-4000,Hotel Indigo San Diego-Gaslamp Quarter,128,False,4,509 Ninth Avenue,,
510,San Diego,1,+1 858-551-3600,"Hotel La Jolla, Curio Collection By Hilton",256,False,4,"7955 La Jolla Shores Drive, La Jolla, California 92037, United States",,
511,San Diego,1,+1 858-552-1234,Hyatt Regency La Jolla At Aventine,104,False,4,3777 La Jolla Village Drive,,
512,Philadelphia,2,+1 215-372-9000,Aka University City,138,True,3,"Cira Centre South, 2929 Walnut Street",,
513,Philadelphia,3,+1 267-298-1700,Aloft Philadelphia Airport,216,False,3,4301 Island Avenue,,
514,Philadelphia,3,+1 215-607-2020,Aloft Philadelphia Downtown,297,False,3,101 North Broad Street,,
515,Philadelphia,2,+1 215-398-3080,Best Western Plus Philadelphia Convention Center Hotel,180,False,3,1225 Vine Street,,
516,Philadelphia,2,+1 215-282-5000,"Club Quarters Hotel, Philadelphia",216,False,3,1628 Chestnut Street,,
517,Philadelphia,1,+1 215-477-0200,Courtyard By Marriott Philadelphia City Avenue,84,False,3,4100 Presidential Boulevard,,
518,Philadelphia,1,+1 215-644-9200,Courtyard By Marriott Philadelphia South At The Navy Yard,75,False,3,1001 Intrepid Avenue,,
519,Philadelphia,1,+1 215-365-4150,Doubletree By Hilton Hotel Philadelphia Airport,75,False,3,4509 Island Avenue,,
520,Philadelphia,1,+1 215-365-4500,Embassy Suites By Hilton Philadelphia Airport,69,False,3,9000 Bartram Avenue,,
521,Los Angeles,1,+1 310-556-2777,Courtyard By Marriott Los Angeles Century City/Beverly Hills,78,False,3,10320 West Olympic Boulevard,,
522,Los Angeles,3,+1 213-443-9222,Courtyard By Marriott Los Angeles L.A. Live,180,False,3,901 West Olympic Boulevard,,
523,Los Angeles,3,+1 310-649-1400,Courtyard By Marriott Los Angeles Lax/Century Boulevard,306,False,3,6161 West Century Boulevard,,
524,Los Angeles,2,+1 818-981-5400,Courtyard By Marriott Los Angeles Sherman Oaks,132,False,3,"15433 Ventura Boulevard, Sherman Oaks, CA 91403, USA",,
525,Los Angeles,2,+1 310-519-8200,Crowne Plaza Los Angeles Harbor Hotel,234,False,3,"601 South Palos Verdes Street, San Pedro, California 90731, United States",,
526,Los Angeles,1,+1 310-514-3344,Doubletree By Hilton Hotel San Pedro - Port Of Los Angeles,75,False,3,"2800 Via Cabrillo-Marina, San Pedro, California 90731, United States",,
527,Los Angeles,2,+1 310-215-1000,Embassy Suites By Hilton Los Angeles International Airport North,132,False,3,9801 Airport Boulevard,,
528,Toronto,1,+1 416-963-6300,The Hazelton Hotel,125,False,5,118 Yorkville Avenue,,
529,Toronto,1,+1 416-585-2500,"The Ritz-Carlton, Toronto",175,False,5,181 Wellington Street West,,
530,San Francisco,3,+1 415-621-8212,Beck'S Motor Lodge,120,False,2,2222 Market Street,,
531,San Francisco,3,+1 415-552-7100,Casa Loma Hotel,162,False,2,610 Fillmore Street,,
532,San Francisco,3,+1 800-615-3107,Days Inn By Wyndham San Francisco Downtown/Civic Cntr Area,228,False,2,465 Grove Street,,
533,San Francisco,3,+1 415-474-5721,Hi San Francisco City Center Hostel,162,False,2,685 Ellis Street,,
534,San Francisco,3,+1 415-673-9900,Hotel Beresford,186,False,2,635 Sutter Street,,
535,San Francisco,3,+1 800-576-0767,Travelodge By Wyndham San Francisco Central,210,True,2,1707 Market Street,,
536,New York,2,+1 646-609-5122,Aliz Hotel Times Square,256,False,4,310 West 40th Street,,
537,New York,1,+1 212-601-1234,Andaz 5Th Avenue - A Concept By Hyatt,152,False,4,485 5th Avenue,,
538,New York,1,+1 212-806-7000,Arlo Nomad,96,False,4,11 East 31st Street,,
539,New York,1,+1 833-625-6111,1 Hotel Brooklyn Bridge,176,True,4,"60 Furman Street, Brooklyn",,
540,New York,1,+1 212-703-2001,1 Hotel Central Park,390,True,5,1414 6th Avenue,,
541,New York,1,+1 212-204-3000,6 Columbus Hotel,296,True,4,308 West 58th Street,,
542,New York,1,+1 212-991-0551,Ace Hotel,264,False,4,20 West 29th Street,,
543,New York,1,+1 718-631-5900,Adria Hotel & Conference Center,186,True,3,"221-17 Northern Boulevard, Bayside",,
544,New York,1,+1 646-744-3100,Aka Central Park,420,False,4,42 West 58th Street,,
545,New York,1,+1 212-252-9090,Aka Wall Street,304,True,4,84 William Street,,
546,New York,1,+1 212-749-4000,Aloft Harlem,204,False,3,2296 Frederick Douglass Boulevard,,
547,New York,1,+1 718-433-9305,Aloft Long Island City-Manhattan View,333,False,3,"27-45 Jackson Avenue, Long Island City",,
548,New York,1,+1 212-513-0003,Aloft Manhattan Downtown - Financial District,168,False,3,49-53 Ann Street,,
549,New York,1,+1 718-256-3833,Aloft New York Brooklyn,279,False,3,"216 Duffield Street, Brooklyn",,
550,New York,1,+1 718-512-0248,Aloft New York Laguardia Airport,186,False,3,"100-15 Ditmars Boulevard, East Elmhurst, NY 11369, USA",,
551,New York,1,+1 855-767-5050,Ameritania At Times Square,288,False,3,"5502, 230 West 54th Street",,
552,New York,1,+1 855-781-0088,Amsterdam Court Hotel,78,True,3,226 West 50th Street,,
553,New York,1,+1 212-245-7000,Belvedere Hotel,150,False,3,319 West 48th Street,,
554,Chicago,3,+1 312-981-6600,Ac Hotel By Marriott Chicago Downtown,342,False,3,630 North Rush Street,,
555,Chicago,1,+1 312-764-1919,Ace Hotel Chicago,132,False,4,311 North Morgan Street,,
556,Chicago,2,+1 312-894-0800,Acme Hotel Company Chicago,222,True,3,15 East Ohio Street,,
557,Chicago,3,+1 312-661-1000,Aloft Chicago Downtown River North,225,False,3,515 North Clark Street,,
558,Chicago,1,+1 312-429-6600,Aloft Chicago Mag Mile,111,False,3,243 East Ontario Street,,
559,Chicago,1,+1 888-506-3471,Ambassador Chicago,144,False,4,1301 North State Parkway,,
560,Chicago,2,+1 312-922-2900,Best Western Grant Park Hotel,148,False,2,1100 South Michigan Avenue,,
561,Chicago,3,+1 773-244-3434,Best Western Plus Hawthorne Terrace Hotel,174,False,2,3434 N Broadway Ave,,
562,Chicago,3,+1 312-467-0800,Best Western River North Hotel,333,False,3,125 West Ohio Street,,
563,Chicago,2,+1 312-787-6000,Cambria Hotel Chicago Magnificent Mile,304,False,4,166 East Superior Street,,
564,Chicago,3,+1 312-940-3552,Chicago Athletic Association,444,True,4,12 South Michigan Avenue,,
565,Chicago,2,+1 312-836-0100,Chicago Marriott Downtown Magnificent Mile,216,False,4,540 North Michigan Avenue,,
566,Chicago,1,+1 312-829-5000,Crowne Plaza Chicago West Loop,104,False,4,25 South Halsted Street,,
567,Chicago,2,+1 773-686-8000,Hilton Chicago O'Hare Airport,216,False,4,10000 West O'Hare Avenue,,
568,Chicago,2,+1 312-664-1100,Hilton Chicago/Magnificent Mile Suites,184,False,4,198 East Delaware Place,,
569,Chicago,2,+1 312-915-0000,"Hotel Emc2, Autograph Collection",264,True,4,228 East Ontario Street,,
570,Chicago,2,+1 877-848-4040,Hotel Felix,280,False,4,111 West Huron Street,,
571,New York,1,+1 718-388-4433,Bklyn House Hotel,100,True,2,"9 Beaver Street, Brooklyn",,
572,New York,1,+1 718-381-1118,Bogart Hotel,76,True,2,"19 Bogart Street, Brooklyn",,
573,New York,1,+1 212-865-7711,Broadway Hotel & Hostel,62,False,2,230 West 101st Street,,
574,New York,1,+1 646-882-0428,Canal Loft Hotel,116,True,2,94 Canal Street,,
575,New York,1,+1 212-679-0680,Carlton Arms Hotel,46,True,2,160 East 25th Street,,
576,New York,1,+1 212-645-8989,Chelsea Inn Hotel,70,True,2,"46 West 17th Street, Between 5th and 6th Avenue",,
577,New York,1,+1 212-929-9353,Chelsea Savoy Hotel,174,False,2,204 West 23rd Street,,
578,New York,1,+1 917-261-6971,City Rooms Nyc Times Square,58,False,2,765 8th Avenue,,
579,New York,1,+1 520-505-2362,Comfort Inn Times Square West,124,False,2,343 West 44th Street,,
580,New York,1,+1 800-615-3107,Days Inn By Wyndham Hotel New York City-Broadway,40,True,2,215 West 94th Street,,
581,Vancouver,1,+1 604-678-8899,Auberge Vancouver Hotel,104,True,4,837 West Hastings Street,,
582,Vancouver,2,+1 604-697-0202,Coast Coal Harbour Vancouver Hotel By Apa,200,False,4,1180 West Hastings Street,,
583,Vancouver,1,+1 604-563-4693,Exchange Hotel Vancouver,132,True,4,475 Howe Street,,
584,Vancouver,1,+1 604-254-1000,Atrium Inn Vancouver,228,False,3,2889 East Hastings Street,,
585,Vancouver,1,+1 604-682-1831,Best Western Plus Sands,222,False,3,1755 Davie Street,,
586,Vancouver,1,+1 604-688-1411,Blue Horizon Hotel,189,False,3,1225 Robson Street,,
587,Vancouver,1,+1 604-697-0202,Coast Coal Harbour Vancouver Hotel By Apa,200,False,4,1180 West Hastings Street,,
588,Vancouver,1,+1 604-263-1555,Coast Vancouver Airport Hotel,225,False,3,1041 Southwest Marine Drive,,
589,Vancouver,1,+1 604-681-4335,Days Inn By Wyndham Vancouver Downtown,198,False,3,921 West Pender Street,,
590,Vancouver,1,+1 844-254-5048,Delta Hotels By Marriott Vancouver Downtown Suites,312,False,4,550 West Hastings Street,,
591,Philadelphia,1,+1 215-521-6500,Hilton Philadelphia At Penn'S Landing,144,False,4,201 South Christopher Columbus Boulevard,,
592,Philadelphia,1,+1 855-295-2355,Kimpton Hotel Monaco Philadelphia,112,False,4,433 Chestnut Street,,
593,Philadelphia,1,+1 215-422-8200,Le MeRidien Philadelphia,80,False,4,1421 Arch Street,,
594,Philadelphia,1,+1 215-492-9000,Philadelphia Airport Marriott,288,False,4,One Arrivals Road Terminal B,,
595,Philadelphia,1,+1 800-468-3571,Renaissance Philadelphia Downtown Hotel,240,False,4,401 Chestnut Street,,
596,Philadelphia,1,+1 215-238-6000,Sheraton Philadelphia Society Hill Hotel,148,False,4,One Dock Street,,
597,Philadelphia,1,+1 215-569-8300,Sofitel Philadelphia At Rittenhouse Square,264,False,4,120 South 17th Street,,
598,Philadelphia,1,+1 215-222-0200,"The Inn At Penn, A Hilton Hotel",136,False,4,3600 Sansom Street,,
599,Philadelphia,1,+1 215-563-1600,The Westin Philadelphia,272,False,4,"At Liberty Place, 99 South 17th Street",,
600,New York,1,+1 646-609-5122,Aliz Hotel Times Square,256,False,4,310 West 40th Street,,
601,Washington D.C.,1,+1 202-737-1234,Hyatt Regency Washington On Capitol Hill,128,False,4,"400 New Jersey Avenue Northwest, Washington, District of Columbia 20001, United States",,
602,Washington D.C.,1,+1 202-800-0844,Intercontinental Washington D.C. - The Wharf,100,False,4,"801 Wharf Street Southwest, Washington, District of Columbia 20024, United States",,
603,Washington D.C.,1,+1 800-228-9290,"Jw Marriott Washington, Dc",124,False,4,"1331 Pennsylvania Avenue Northwest, Washington, District of Columbia 20004, United States",,
604,Washington D.C.,1,+1 800-430-1202,Kimpton Hotel Madera,200,False,4,"1310 New Hampshire Avenue Northwest, Washington, District of Columbia 20036, United States",,
605,Washington D.C.,1,+1 202-347-3000,"Marriott Vacation Club Pulse At The Mayflower, Washington, D.C.",80,False,4,"1127 Connecticut Avenue Northwest, Washington, District of Columbia 20036, United States",,
606,Washington D.C.,1,+1 202-449-3100,The District By Hilton Club,200,True,4,"1250 22nd Street Northwest, Washington, District of Columbia 20037, United States",,
607,Washington D.C.,1,+1 202-337-0900,"The Graham Washington Dc Georgetown, Tapestry Collection By Hilton",468,False,4,"1075 Thomas Jefferson Street Northwest, Washington, District of Columbia 20007, United States",,
608,Washington D.C.,1,+1 800-228-9290,Washington Marriott At Metro Center,296,False,4,"775 12th Street Northwest, Washington, DC 20005, USA",,
609,San Diego,1,+1 619-798-4748,Days Inn San Diego Hotel Circle Near Seaworld,192,True,3,543 Hotel Circle South,,
610,San Diego,1,+1 619-298-0511,Handlery Hotel San Diego,174,True,3,950 Hotel Circle North,,
611,San Diego,1,+1 619-881-6800,Homewood Suites By Hilton San Diego Hotel Circle/Seaworld Area,87,True,3,2201 Hotel Circle South,,
612,San Diego,1,+1 858-523-0500,Homewood Suites By Hilton San Diego-Del Mar,132,True,3,11025 Vista Sorrento Parkway,,
613,San Diego,1,+1 619-295-6886,La Quinta Inn & Suites By Wyndham San Diego Seaworld/Zoo,189,True,3,641 Camino del Rio South,,
614,Phoenix,3,+1 602-275-6300,Aloft Phoenix-Airport,180,False,3,4450 East Washington Street,,
615,Phoenix,1,+1 480-585-6644,Cambria Hotel North Scottsdale Desert Ridge,111,False,3,4425 E Irma Ln&nbsp,,
616,Phoenix,2,+1 602-603-2001,Courtyard By Marriott Phoenix Downtown,120,False,3,132 South Central Avenue,,
617,Phoenix,1,+1 602-273-7778,Crowne Plaza Phoenix Airport,72,False,3,4300 East Washington Street,,
618,Phoenix,2,+1 602-225-0500,Doubletree Suites By Hilton Hotel Phoenix,150,False,3,320 North 44th Street,,
619,Phoenix,1,+1 602-437-8400,Drury Inn & Suites Phoenix Airport,96,False,3,3333 East University Drive,,
620,Phoenix,3,+1 623-879-8800,Drury Inn & Suites Phoenix Happy Valley,297,False,3,2335 West Pinnacle Peak Road,,
621,Phoenix,1,+1 602-957-1910,Embassy Suites By Hilton Phoenix Airport,117,True,3,2333 East Thomas Road,,
622,Phoenix,2,+1 602-955-3992,Embassy Suites By Hilton Phoenix Biltmore,132,False,3,2630 East Camelback Road,,
623,Phoenix,1,+1 602-222-1111,Embassy Suites By Hilton Phoenix Downtown North,90,True,3,10 East Thomas Road,,
624,London,2,+44 20 7613 9800,Ace Hotel London,304,False,4,100 Shoreditch High Street,,
625,London,2,+44 871 376 9012,Amba Hotel Charing Cross,280,False,4,Strand,,
626,London,2,+44 800 330 8523,Amba Hotel Marble Arch,160,False,4,Bryanston Street,,
627,London,2,+44 20 7388 9930,Ambassadors Bloomsbury Hotel,192,False,4,12 Upper Woburn Place,,
628,London,2,+44 20 7702 2020,Apex City Of London Hotel,348,False,4,1 Seething Lane,,
629,London,2,+44 20 7562 3030,Apex London Wall Hotel,336,False,4,7-9 Copthall Avenue,,
630,London,2,+44 20 3004 4141,Apex Temple Court Hotel,384,False,4,"1-2, Serjeant's Inn",,
631,London,2,+44 20 3019 8610,Artist Residence London,232,True,4,52 Cambridge Street,,
632,London,2,+44 20 7262 7361,Best Western Mornington Hotel,420,True,4,12 Lancaster Gate,,
633,London,2,+44 20 8455 5220,Best Western Palm Hotel,312,False,4,64-76 Hendon Way,,
634,Washington D.C.,1,+1 202-337-6620,Arc The.Hotel,87,False,3,"824 New Hampshire Avenue Northwest, Washington, District of Columbia 20037, United States",,
635,Washington D.C.,2,+1 202-299-1188,"Cambria Hotel Washington, D.C. Convention Center",162,False,3,"899 O Street Northwest, Washington, District of Columbia 20001, United States",,
636,Washington D.C.,2,+1 202-543-6000,Capitol Hill Hotel,126,False,3,"200 C Street Southeast, Washington, DC 20003, USA",,
637,Washington D.C.,3,+1 202-463-6400,"Club Quarters Hotel In Washington, D.C.",243,False,3,"839 17th Street Northwest, Washington, District of Columbia 20006, United States",,
638,Washington D.C.,3,+1 202-682-5300,Comfort Inn Downtown Dc/Convention Center,174,False,2,"1201 13th Street Northwest, Washington, District of Columbia 20005, United States",,
639,Washington D.C.,2,+1 202-479-0027,Courtyard By Marriott Washington Capitol Hill/Navy Yard,138,False,3,"140 L Street Southeast, Washington, DC 20003, USA",,
640,Washington D.C.,3,+1 202-589-1800,Courtyard By Marriott Washington Downtown/Convention Center,198,False,3,"901 L Street Northwest, Washington, DC 20001, USA",,
641,Washington D.C.,1,+1 202-332-9300,"Courtyard By Marriott Washington, Dc/Dupont Circle",66,False,3,"1900 Connecticut Avenue Northwest, Washington, DC 20009, USA",,
642,Washington D.C.,3,+1 202-296-5700,"Courtyard By Marriott Washington, Dc/Foggy Bottom",270,False,3,"515 20th Street Northwest, Washington, DC 20006, USA",,
643,Washington D.C.,3,+1 800-615-3107,Days Inn By Wyndham Washington Dc/Connecticut Avenue,180,False,2,"4400 Connecticut Avenue Northwest, Washington, District of Columbia 20008, United States",,
644,Atlanta,1,+1 470-231-3030,Ac Hotel By Marriott Atlanta Buckhead At Phipps Plaza,120,False,4,3600 Wieuca Road Northeast,,
645,Atlanta,1,+1 404-524-5555,Ac Hotel By Marriott Atlanta Downtown,132,False,3,101 Andrew Young International Boulevard Northwest,,
646,Atlanta,1,+1 678-515-0300,Aloft Atlanta Downtown,306,False,3,300 Ted Turner Drive Northwest,,
647,Atlanta,1,+1 404-876-8888,Atlanta Marriott Suites Midtown,84,False,3,35 14th Street Northeast,,
648,Atlanta,1,+1 404-524-7991,Barclay Hotel Atlanta Downtown,66,True,2,89 Luckie Street Northwest,,
649,Atlanta,1,+1 404-685-1677,Canopy By Hilton Atlanta Midtown,96,False,4,1414 West Peachtree Street Northwest,,
650,Atlanta,1,+1 404-893-4663,Clarion Inn & Suites Atlanta Downtown,156,True,2,186 Northside Drive Southwest,,
651,Atlanta,1,+1 404-658-1961,"Country Inn & Suites By Radisson, Atlanta Downtown South At Turner Field, Ga",93,False,3,759 Pollard Boulevard Southwest,,
652,Atlanta,1,+1 404-869-0818,Courtyard By Marriott Atlanta Buckhead,270,False,3,3332 Peachtree Road Northeast,,
653,Atlanta,1,+1 404-877-9000,Crowne Plaza Atlanta - Midtown,138,False,3,590 West Peachtree Street Northwest,,
654,Anaheim,3,+1 714-635-7275,Camelot Inn & Suites,324,False,3,1520 South Harbor Boulevard,,
655,Anaheim,3,+1 714-635-5555,Candlewood Suites Anaheim - Resort Area,324,False,3,1733 South Anaheim Boulevard,,
656,Anaheim,2,+1 714-750-3131,Clarion Hotel Anaheim Resort,216,False,3,616 Convention Way,,
657,Anaheim,2,+1 714-533-3555,Clementine Hotel & Suites Anaheim,126,False,3,1700 South Clementine Street,,
658,Toronto,2,+1 416-663-9500,Best Western Plus Toronto North York Hotel & Suites,228,False,3,50 Norfinch Drive,,
659,Toronto,3,+1 416-637-7000,Best Western Premier Toronto Airport Carlingview Hotel,351,False,3,"135 Carlingview Drive, Etobicoke, Ontario M9W 5E7, Canada",,
660,Toronto,2,+1 800-780-7234,Best Western Primrose Hotel Downtown-Toronto,192,False,3,111 Carlton Street,,
661,Toronto,3,+1 416-551-2800,Bisha Hotel Toronto,252,True,4,80 Blue Jays Way,,
662,Toronto,1,+1 800-268-9390,Bond Place Hotel Toronto,84,False,3,65 Dundas Street East,,
663,Toronto,1,+1 800-463-1990,Cambridge Suites Toronto,148,True,4,15 Richmond Street East,,
664,Toronto,2,+1 416-736-4700,Comfort Inn Toronto North,132,True,2,"66 Norfinch Drive, North York, Ontario M3N 1X1, Canada",,
665,Toronto,2,+1 416-675-0411,Courtyard By Marriott Toronto Airport,228,False,3,"231 Carlingview Drive, Etobicoke, Ontario M9W 5E8, Canada",,
666,Toronto,1,+1 416-924-0611,Courtyard By Marriott Toronto Downtown,66,False,3,475 Yonge Street,,
667,Toronto,1,+1 416-675-1234,Crowne Plaza Toronto Airport,75,False,3,"33 Carlson Court, Etobicoke, Ontario M9W 6H5, Canada",,
668,San Diego,1,+1 520-441-6422,Comfort Inn Gaslamp Convention Center,66,False,2,660 G Street,,
669,San Diego,2,+1 800-615-3107,Days Inn & Suites By Wyndham San Diego Near Sea World,140,True,2,3350 Rosecrans Street,,
670,San Diego,2,+1 800-615-3107,Days Inn By Wyndham San Diego/Downtown/Convention Center,144,False,2,833 Ash Street,,
671,San Diego,1,+1 619-543-9944,Good Nite Inn Near Seaworld,42,False,2,3880 Greenwood Street,,
672,San Diego,1,+1 619-543-1130,Holiday Inn Express San Diego Airport-Old Town,62,False,2,1955 San Diego Avenue,,
673,San Diego,2,+1 619-297-1691,Hotel Iris,88,False,2,625 Hotel Circle South,,
674,San Diego,1,+1 619-297-2231,Kings Inn San Diego,42,True,2,1333 Hotel Circle South,,
675,Toronto,2,+1 416-637-7000,Best Western Premier Toronto Airport Carlingview Hotel,351,False,3,"135 Carlingview Drive, Etobicoke, Ontario M9W 5E7, Canada",,
676,Toronto,2,+1 800-268-9390,Bond Place Hotel Toronto,156,False,3,65 Dundas Street East,,
677,Toronto,2,+1 416-924-0611,Courtyard By Marriott Toronto Downtown,351,False,3,475 Yonge Street,,
678,Toronto,2,+1 416-675-1234,Crowne Plaza Toronto Airport,297,False,3,"33 Carlson Court, Etobicoke, Ontario M9W 6H5, Canada",,
679,Toronto,2,+1 416-244-1711,Delta Hotels By Marriott Toronto Airport & Conference Centre,279,False,3,"655 Dixon Road, Etobicoke, Ontario M9W 1J3, Canada",,
680,Toronto,2,+1 416-674-8442,Embassy Suites By Hilton Toronto Airport,306,False,3,262 Carlingview Drive,,
681,Toronto,2,+1 416-747-7676,Est Hotel,252,False,3,"1790 Albion Road, Etobicoke, Ontario M9V 4J8, Canada",,
682,Anaheim,1,+1 800-345-7057,Candy Cane Inn,58,True,2,1747 South Harbor Boulevard,,
683,Anaheim,1,+1 714-234-3411,Del Sol Inn,72,True,2,1604 South Harbor Boulevard,,
684,Anaheim,1,+1 714-533-2392,La Quinta Inn & Suites By Wyndham Anaheim,92,True,2,1752 South Clementine Street,,
685,Anaheim,1,+1 800-536-0519,Super 8 By Wyndham Anaheim/Disneyland Drive,42,True,2,915 South Disneyland Drive,,
686,Anaheim,1,+1 800-576-0767,Travelodge Anaheim Inn And Suite,186,True,2,1057 West Ball Road,,
687,Philadelphia,1,+1 215-372-9000,Aka University City,138,True,3,"Cira Centre South, 2929 Walnut Street",,
688,Philadelphia,1,+1 267-298-1700,Aloft Philadelphia Airport,216,False,3,4301 Island Avenue,,
689,Philadelphia,1,+1 215-607-2020,Aloft Philadelphia Downtown,297,False,3,101 North Broad Street,,
690,Philadelphia,1,+1 215-398-3080,Best Western Plus Philadelphia Convention Center Hotel,180,False,3,1225 Vine Street,,
691,Philadelphia,1,+1 215-282-5000,"Club Quarters Hotel, Philadelphia",216,False,3,1628 Chestnut Street,,
692,Philadelphia,1,+1 215-492-0400,Four Points By Sheraton Philadelphia Airport,78,False,3,4101A Island Avenue,,
693,Philadelphia,2,+1 267-298-1700,Aloft Philadelphia Airport,216,False,3,4301 Island Avenue,,
694,Philadelphia,2,+1 215-607-2020,Aloft Philadelphia Downtown,297,False,3,101 North Broad Street,,
695,Philadelphia,2,+1 215-477-0200,Courtyard By Marriott Philadelphia City Avenue,252,False,3,4100 Presidential Boulevard,,
696,Philadelphia,2,+1 215-644-9200,Courtyard By Marriott Philadelphia South At The Navy Yard,204,False,3,1001 Intrepid Avenue,,
697,Philadelphia,2,+1 215-365-4150,Doubletree By Hilton Hotel Philadelphia Airport,144,False,3,4509 Island Avenue,,
698,Philadelphia,2,+1 215-365-4500,Embassy Suites By Hilton Philadelphia Airport,315,False,3,9000 Bartram Avenue,,
699,Los Angeles,2,+1 800-947-7666,Beverly Laurel Motor Hotel,216,True,2,8018 Beverly Boulevard,,
700,Los Angeles,2,+1 323-938-3617,Dunes Inn - Wilshire,216,True,2,4300 Wilshire Boulevard,,
701,Los Angeles,2,+1 323-952-6900,Hampton Inn & Suites Los Angeles/Hollywood,108,False,2,1133 Vine Street,,
702,Los Angeles,2,+1 818-821-8031,Holiday Inn Express North Hollywood - Burbank Area,156,False,2,"11350 Burbank Boulevard, North Hollywood, CA 91601, USA",,
703,Atlanta,2,+1 404-524-5555,Ac Hotel By Marriott Atlanta Downtown,132,False,3,101 Andrew Young International Boulevard Northwest,,
704,Atlanta,3,+1 678-515-0300,Aloft Atlanta Downtown,306,False,3,300 Ted Turner Drive Northwest,,
705,Atlanta,2,+1 404-893-4663,Clarion Inn & Suites Atlanta Downtown,156,True,2,186 Northside Drive Southwest,,
706,Atlanta,3,+1 404-869-0818,Courtyard By Marriott Atlanta Buckhead,270,False,3,3332 Peachtree Road Northeast,,
707,Atlanta,1,+1 404-223-2300,Embassy Suites By Hilton Atlanta At Centennial Olympic Park,150,False,3,267 Marietta Street NorthWest,,
708,Atlanta,1,+1 404-261-7733,Embassy Suites By Hilton Atlanta Buckhead,72,True,3,3285 Peachtree Road Northeast,,
709,Atlanta,1,+1 404-846-0900,Fairfield Inn & Suites By Marriott Atlanta Buckhead,270,False,3,3092 Piedmont Road Northeast,,
710,Atlanta,1,+1 678-702-8600,Fairfield Inn & Suites By Marriott Atlanta Downtown,270,False,3,54 Peachtree Street Southwest,,
711,New York,3,+1 718-433-1375,Boro Hotel,408,True,4,"38-28 27th Street, Long Island City",,
712,New York,2,+1 212-947-2999,Cachet Boutique Hotel Nyc,216,True,4,510 West 42nd Street,,
713,New York,1,+1 212-461-3638,Citizenm New York Times Square Hotel,92,True,4,218 West 50th Street,,
714,New York,3,+1 212-921-5500,City Club Hotel,408,True,4,55 West 44th Street,,
715,New York,3,+1 212-607-8888,Doubletree By Hilton Hotel New York Times Square West,468,True,4,350 West 40th Street,,
716,New York,1,+1 212-695-0003,Executive Hotel Le Soleil New York,120,True,4,38 West 36th Street,,
717,New York,3,+1 212-475-1920,Freehand New York,468,True,4,23 Lexington Avenue,,
718,Philadelphia,3,+1 215-966-3000,Homewood Suites By Hilton Philadelphia-City Avenue,216,True,3,4200 City Avenue,,
719,Philadelphia,3,+1 800-331-7634,Penn'S View Hotel,189,True,3,14 North Front Street,,
720,Philadelphia,1,+1 215-291-1355,Wm. Mulherin'S Sons,69,True,3,1355 North Front Street,,
721,Sacramento,1,+1 916-441-1314,Best Western Plus Sutter House,52,False,1,1100 H Street,2019-03-04,7
722,San Francisco,1,+1 415-362-2004,Chancellor Hotel On Union Square,105,False,3,433 Powell Street,2019-03-04,6
723,Long Beach,1,+1 562-491-1234,Hyatt Regency Long Beach,256,False,4,200 South Pine Avenue,,
724,Long Beach,1,+1 562-436-3000,The Westin Long Beach,276,False,4,333 East Ocean Boulevard,,
725,Long Beach,1,+1 562-432-1234,Hyatt Centric The Pike Long Beach,360,False,4,285 Bay Street,2019-03-08,6
726,San Diego,1,+1 858-539-8666,Bahia Resort Hotel,117,False,3,998 West Mission Bay Drive,2019-03-10,3
727,Sacramento,1,+1 916-441-1314,Best Western Plus Sutter House,81,False,1,1100 H Street,2019-03-11,2
728,San Francisco,1,+1 415-626-6103,Bei Hotel San Francisco,144,True,3,50 8th Street,2019-03-11,3
729,Las Vegas,1,+1 702-256-3766,Best Western Plus Las Vegas West,138,False,3,8669 West Sahara Avenue,2019-03-07,4
730,San Diego,1,+1 858-539-8666,Bahia Resort Hotel,93,False,3,998 West Mission Bay Drive,2019-03-05,7
731,Fresno,1,+1 559-268-1000,Doubletree By Hilton Hotel Fresno Convention Center,222,False,3,2233 Ventura Street,2019-03-07,6
732,Anaheim,2,+1 714-778-1700,Anaheim Majestic Garden Hotel,168,False,3,900 South Disneyland Drive,,
733,Anaheim,2,+1 714-634-2106,Ayres Hotel Anaheim,198,True,3,2550 East Katella Avenue,,
734,Anaheim,2,+1 714-774-1050,Best Western Plus Anaheim Inn,297,False,3,1630 South Harbor Boulevard,,
735,Anaheim,2,+1 714-778-1880,Best Western Plus Stovall'S Inn,261,False,3,1110 West Katella Avenue,,
736,Anaheim,2,+1 714-635-7275,Camelot Inn & Suites,324,False,3,1520 South Harbor Boulevard,,
737,Anaheim,2,+1 714-635-5555,Candlewood Suites Anaheim - Resort Area,324,False,3,1733 South Anaheim Boulevard,,
738,Anaheim,2,+1 800-341-6301,Anaheim Portofino Inn & Suites,315,False,3,1831 South Harbor Boulevard,2019-03-09,3
739,Fresno,1,+1 559-375-7760,Piccadilly Inn Airport,105,True,3,5115 East McKinley Avenue,2019-03-12,2
740,Fresno,1,+1 559-268-1000,Doubletree By Hilton Hotel Fresno Convention Center,111,False,3,2233 Ventura Street,2019-03-03,4
741,Fresno,2,+1 888-287-9400,Springhill Suites By Marriott Fresno,234,False,3,6844 North Fresno Street,,
742,Fresno,2,+1 559-268-1000,Doubletree By Hilton Hotel Fresno Convention Center,252,False,3,2233 Ventura Street,2019-03-06,3
743,Vancouver,1,+1 604-254-1000,Atrium Inn Vancouver,333,False,3,2889 East Hastings Street,2019-03-12,2
744,Philadelphia,1,+1 215-372-9000,Aka University City,84,True,3,"Cira Centre South, 2929 Walnut Street",2019-03-07,3
745,San Francisco,1,+1 415-621-8212,Beck'S Motor Lodge,156,False,2,2222 Market Street,,
746,San Francisco,1,+1 415-563-5600,Chelsea,228,False,2,2095 Lombard Street,,
747,San Francisco,1,+1 415-928-5000,Comfort Inn By The Bay,168,False,2,2775 Van Ness Avenue,,
748,San Francisco,1,+1 800-615-3107,Days Inn By Wyndham San Francisco Downtown/Civic Cntr Area,228,False,2,465 Grove Street,,
749,San Francisco,1,+1 415-474-5721,Hi San Francisco City Center Hostel,100,False,2,685 Ellis Street,,
750,San Francisco,1,+1 415-673-9900,Hotel Beresford,58,False,2,635 Sutter Street,,
751,San Francisco,1,+1 415-621-8212,Beck'S Motor Lodge,44,False,2,2222 Market Street,2019-03-10,4
752,San Francisco,1,+1 415-673-3277,Amsterdam Hostel San Francisco,78,False,1,749 Taylor Street,2019-03-02,2
753,Seattle,3,+1 206-282-7700,Hampton Inn & Suites Seattle-Downtown,315,False,3,700 5th Avenue North,,
754,Seattle,3,+1 206-467-7770,Hilton Garden Inn Seattle Downtown,297,False,3,1821 Boren Avenue,,
755,Seattle,2,+1 206-624-0500,Hilton Seattle,144,False,3,1301 6th Avenue,,
756,Seattle,2,+1 206-728-8123,Holiday Inn Seattle Downtown,210,False,3,211 Dexter Avenue North,,
757,Seattle,1,+1 206-281-9393,Homewood Suites By Hilton Seattle Downtown,114,False,3,206 Western Avenue West,,
758,Seattle,3,+1 206-340-1234,Best Western Plus Pioneer Square Hotel Downtown,333,False,3,77 Yesler Way,,
759,Seattle,3,+1 206-213-0100,Courtyard By Marriott Seattle Downtown/Lake Union,261,False,3,925 Westlake Avenue North,,
760,Seattle,3,+1 206-282-2600,Four Points By Sheraton Downtown Seattle Center,351,False,3,601 Roy Street,,
761,Seattle,3,+1 206-624-0500,Hilton Seattle,225,False,3,1301 6th Avenue,,
762,Seattle,3,+1 206-728-8123,Holiday Inn Seattle Downtown,315,False,3,211 Dexter Avenue North,,
763,Seattle,3,+1 206-281-9393,Homewood Suites By Hilton Seattle Downtown,234,False,3,206 Western Avenue West,,
764,Seattle,3,+1 206-464-1980,Crowne Plaza Seattle Downtown,252,False,4,1113 6th Avenue,,
765,Seattle,3,+1 206-774-1234,Grand Hyatt Seattle,456,False,4,721 Pine Street,,
766,Seattle,3,+1 206-448-8600,Hotel Andra,372,False,4,2000 4th Avenue,,
767,Seattle,3,+1 206-695-1234,Hyatt At Olive 8,384,False,4,1635 8th Avenue,,
768,Seattle,3,+1 206-443-3600,Inn At The Market,408,False,4,86 Pine Street,,
769,Seattle,3,+1 206-621-1770,Kimpton Hotel Monaco Seattle,408,False,4,1101 4th Avenue,,
770,Seattle,3,+1 800-853-3914,Kimpton Hotel Vintage Seattle,456,False,4,1100 5th Avenue,,
771,Seattle,3,+1 206-957-1000,"Loews Hotel 1000, Seattle",420,False,4,1000 1st Avenue,,
772,Seattle,3,+1 206-971-8000,Motif Seattle,348,False,4,1415 5th Avenue,,
773,Seattle,3,+1 800-468-3571,Renaissance Seattle Hotel,384,False,4,515 Madison Street,,
774,Seattle,3,+1 206-464-1980,Crowne Plaza Seattle Downtown,264,False,4,1113 6th Avenue,2019-03-09,1
775,Los Angeles,1,+1 323-852-7000,Ac Hotel By Marriott Beverly Hills,120,False,2,6399 Wilshire Boulevard,,
776,Los Angeles,1,+1 800-224-7835,Airtel Plaza Hotel,216,True,3,"7277 Valjean Avenue, Van Nuys, California 91406, United States",,
777,Los Angeles,1,+1 323-469-2500,Banana Bungalow - Hollywood Hostel,72,True,1,"5920 Hollywood Boulevard, Hollywood, CA 90028, USA",,
778,Los Angeles,1,+1 818-765-2900,Best Western Burbank Airport Inn,156,False,3,"7615 Lankershim Boulevard, North Hollywood, California 91605, United States",,
779,Los Angeles,1,+1 323-851-1800,Best Western Hollywood Plaza Inn,162,False,2,"2011 North Highland Avenue, Hollywood, California 90068, United States",,
780,Los Angeles,1,+1 310-834-3400,Best Western Los Angeles Worldport Hotel,186,False,2,"1402 West Pacific Coast Highway, Wilmington, California 90744, United States",,
781,Los Angeles,1,+1 323-464-5181,Best Western Plus Hollywood Hills Hotel,216,False,2,"6141 Franklin Avenue, Hollywood, California 90028, United States",,
782,Los Angeles,3,+1 323-852-7000,Ac Hotel By Marriott Beverly Hills,132,False,2,6399 Wilshire Boulevard,,
783,Los Angeles,3,+1 800-224-7835,Airtel Plaza Hotel,288,True,3,"7277 Valjean Avenue, Van Nuys, California 91406, United States",,
784,Los Angeles,3,+1 818-765-2900,Best Western Burbank Airport Inn,261,False,3,"7615 Lankershim Boulevard, North Hollywood, California 91605, United States",,
785,Los Angeles,3,+1 213-617-3077,Best Western Plus Dragon Gate Inn,222,False,2,818 North Hill Street,,
786,Los Angeles,3,+1 323-469-2500,Banana Bungalow - Hollywood Hostel,96,True,1,"5920 Hollywood Boulevard, Hollywood, CA 90028, USA",2019-03-02,5
787,Long Beach,3,+1 562-429-5803,Courtyard By Marriott Long Beach Airport,279,False,3,3841 North Lakewood Boulevard,,
788,Long Beach,3,+1 562-435-8511,Courtyard By Marriott Long Beach Downtown,189,False,3,500 East First Street,,
789,Long Beach,3,+1 562-597-5171,Hotel Current Long Beach,288,False,3,5325 Pacific Coast Highway,,
790,Long Beach,3,+1 800-228-9290,Long Beach Marriott,180,False,3,4700 Airport Plaza Drive,,
791,Long Beach,3,+1 562-595-0909,Residence Inn By Marriott Long Beach,207,False,3,4111 East Willow Street,,
792,Long Beach,3,+1 562-429-5803,Courtyard By Marriott Long Beach Airport,270,False,3,3841 North Lakewood Boulevard,2019-03-06,4
793,Sacramento,1,+1 916-441-1314,Best Western Plus Sutter House,87,False,1,1100 H Street,2019-03-09,2
794,Los Angeles,1,+1 323-852-7000,Ac Hotel By Marriott Beverly Hills,222,False,2,6399 Wilshire Boulevard,2019-03-07,5
795,San Francisco,3,+1 415-673-2600,Beresford Arms Hotel,234,False,3,701 Post Street,,
796,San Francisco,3,+1 415-362-2004,Chancellor Hotel On Union Square,306,False,3,433 Powell Street,,
797,San Francisco,3,+1 415-563-0800,Argonaut Hotel,336,False,4,495 Jefferson Street,2019-03-11,1
798,San Francisco,1,+1 415-788-5604,Hi San Francisco Downtown Hostel,180,True,3,312 Mason Street,,
799,San Francisco,1,+1 877-828-4478,Hotel G,126,True,3,386 Geary Street,,
800,San Francisco,1,+1 415-495-2100,Hotel Griffon,225,True,3,"1206, 155 Steuart Street",,
801,San Francisco,1,+1 844-617-6555,Hotel Zephyr,96,True,3,250 Beach Street,,
802,San Francisco,1,+1 888-822-8666,Kimpton Buchanan Hotel,342,True,3,1800 Sutter Street,,
803,San Francisco,1,+1 415-885-2987,Nob Hill Hotel,75,True,3,835 Hyde Street,,
804,San Francisco,1,+1 415-397-3510,The Inn At Union Square,243,True,3,440 Post Street,,
805,San Francisco,1,+1 415-626-6103,Bei Hotel San Francisco,156,True,3,50 8th Street,2019-03-12,2
806,Sacramento,3,+1 916-443-1234,Hyatt Regency Sacramento,240,False,4,1209 L Street,,
807,Sacramento,3,+1 916-447-1700,Sheraton Grand Sacramento Hotel,252,False,4,"13th And, J Street",,
808,Sacramento,3,+1 916-447-2700,"The Citizen Hotel, Autograph Collection",288,False,4,926 J Street,,
809,Sacramento,3,+1 916-443-8400,The Westin Sacramento,420,False,4,4800 Riverside Boulevard,,
810,Sacramento,2,+1 916-443-1234,Hyatt Regency Sacramento,240,False,4,1209 L Street,,
811,Sacramento,2,+1 916-447-1700,Sheraton Grand Sacramento Hotel,252,False,4,"13th And, J Street",,
812,Sacramento,2,+1 916-447-2700,"The Citizen Hotel, Autograph Collection",256,False,4,926 J Street,,
813,Sacramento,2,+1 916-447-1700,Sheraton Grand Sacramento Hotel,184,False,4,"13th And, J Street",2019-03-11,3
814,San Diego,2,+1 858-578-6600,Best Western San Diego/Miramar Hotel,126,False,2,9310 Kearny Mesa Road,,
815,San Diego,2,+1 619-224-3254,Best Western Yacht Harbor Hotel,120,False,2,5005 North Harbor Drive,,
816,San Diego,2,+1 520-441-6422,Comfort Inn Gaslamp Convention Center,138,False,2,660 G Street,,
817,San Diego,2,+1 619-543-9944,Good Nite Inn Near Seaworld,222,False,2,3880 Greenwood Street,,
818,San Diego,2,+1 619-543-1130,Holiday Inn Express San Diego Airport-Old Town,88,False,2,1955 San Diego Avenue,,
819,San Diego,2,+1 619-297-2231,Kings Inn San Diego,100,True,2,1333 Hotel Circle South,,
820,San Diego,2,+1 858-578-6600,Best Western San Diego/Miramar Hotel,136,False,2,9310 Kearny Mesa Road,2019-03-08,5
821,San Francisco,1,+1 415-626-6103,Bei Hotel San Francisco,216,True,3,50 8th Street,2019-03-09,5
822,Anaheim,1,+1 714-772-5050,Anaheim Desert Inn And Suites,40,False,2,1600 South Harbor Boulevard,2019-03-12,2
823,Las Vegas,1,+1 702-638-1800,Budget Suites Of America,44,True,1,2219 North Rancho Drive,,
824,Las Vegas,1,+1 702-360-5700,Hampton Inn Las Vegas/Summerlin,279,True,3,7100 Cascade Valley Court,,
825,Las Vegas,1,+1 702-638-1800,Budget Suites Of America,23,True,1,2219 North Rancho Drive,2019-03-08,3
826,San Francisco,3,+1 415-673-3277,Amsterdam Hostel San Francisco,99,False,1,749 Taylor Street,2019-03-06,4
827,Sacramento,1,+1 916-441-1314,Best Western Plus Sutter House,50,False,1,1100 H Street,2019-03-10,3
828,Fresno,1,+1 559-268-1000,Doubletree By Hilton Hotel Fresno Convention Center,162,False,3,2233 Ventura Street,2019-03-10,2
829,Sacramento,2,+1 916-263-9510,Homewood Suites By Hilton Sacramento Airport-Natomas,216,True,3,3001 Advantage Way,,
830,Sacramento,2,+1 916-545-7100,Kimpton Sawyer Hotel,216,True,3,500 J Street,,
831,Sacramento,2,+1 916-455-6800,Courtyard By Marriott Sacramento Midtown,333,False,3,4422 Y Street,2019-03-12,1
832,Portland,1,+1 503-200-5678,Aloft Portland Airport At Cascade Station,63,False,3,9920 Northeast Cascades Parkway,2019-03-09,4
833,Long Beach,1,+1 562-599-5555,Best Western Of Long Beach,228,False,2,1725 Long Beach Boulevard,2019-03-10,3
834,Fresno,1,+1 559-268-1000,Doubletree By Hilton Hotel Fresno Convention Center,81,False,3,2233 Ventura Street,2019-03-02,3
835,London,2,+44 20 7493 4545,45 Park Lane,350,False,5,45 Park Lane,,
836,London,1,+44 20 7706 4660,Abc Hyde Park Hotel,75,False,3,121 Sussex Gardens,,
837,London,3,+44 20 8563 8692,Abercorn House,81,False,1,28-30 Bute Gardens,,
838,London,2,+44 20 7403 4299,Accommodation London Bridge,228,False,3,58 Great Dover Street,,
839,London,3,+44 20 7834 0205,Airways Hotel London Victoria,315,True,3,29-31 Saint George's Drive,,
840,London,1,+44 20 7373 1075,Ambassadors Hotel,111,False,3,16 Collingham Road,,
841,London,1,+44 20 7493 4545,45 Park Lane,350,False,5,45 Park Lane,2019-03-07,7
842,New York,1,+1 833-625-6111,1 Hotel Brooklyn Bridge,336,True,4,"60 Furman Street, Brooklyn",2019-03-04,4
843,New York,2,+1 212-749-4000,Aloft Harlem,204,False,3,2296 Frederick Douglass Boulevard,,
844,New York,3,+1 718-433-9305,Aloft Long Island City-Manhattan View,333,False,3,"27-45 Jackson Avenue, Long Island City",,
845,New York,2,+1 212-513-0003,Aloft Manhattan Downtown - Financial District,168,False,3,49-53 Ann Street,,
846,New York,3,+1 718-256-3833,Aloft New York Brooklyn,279,False,3,"216 Duffield Street, Brooklyn",,
847,New York,2,+1 718-512-0248,Aloft New York Laguardia Airport,186,False,3,"100-15 Ditmars Boulevard, East Elmhurst, NY 11369, USA",,
848,New York,3,+1 855-767-5050,Ameritania At Times Square,288,False,3,"5502, 230 West 54th Street",,
849,New York,2,+1 212-245-7000,Belvedere Hotel,150,False,3,319 West 48th Street,,
850,New York,1,+1 212-235-1111,11 Howard,315,True,3,11 Howard Street,2019-03-02,7
851,Paris,2,+33 1 44 72 42 00,Aparthotel Adagio Access Paris La Villette,198,False,3,"28bis Avenue Corentin Cariou, 75019",,
852,Paris,2,+33 1 42 57 14 55,Aparthotel Adagio Paris Montmartre,204,True,3,"10 Place Charles Dullin, 75018",,
853,Paris,2,+33 1 48 74 48 71,Austin'S Saint Lazare HoTel,189,False,3,"26 Rue d'Amsterdam, 75009",,
854,Paris,2,+33 1 42 85 50 00,Avalon Hotel Paris Gare Du Nord,186,False,3,"131 Boulevard de Magenta, 75010",,
855,Paris,2,+33 1 40 04 43 50,Citadines Bastille Gare De Lyon (Apart Hotel Paris),315,True,3,"18 Rue de Chaligny, 75012",,
856,Paris,2,+33 1 41 05 79 05,Citadines Didot Montparnasse Paris (Apart Hotel Paris),243,True,3,"94 Rue Didot, 75014",,
857,Paris,2,+33 1 40 15 14 00,Citadines OpeRa Paris (Apart Hotel Paris),144,True,3,"18 Rue Favart, 75002",,
858,Paris,2,+33 1 43 13 85 00,Citadines Place D'Italie Paris (Apart Hotel Paris),207,False,3,"18 Place d'Italie, 75013",,
859,Paris,2,+33 1 41 05 79 05,Citadines RePublique Paris (Apart Hotel Paris),222,True,3,"75 bis Avenue Parmentier, 75011",,
860,Paris,2,+33 1 53 95 60 00,Citadines Tour Eiffel Paris (Apart Hotel Paris),324,True,3,"132 Boulevard de Grenelle, 75015",,
861,Paris,2,+33 1 44 72 42 00,Aparthotel Adagio Access Paris La Villette,162,False,3,"28bis Avenue Corentin Cariou, 75019",2019-03-07,5
862,London,1,+44 20 7706 4660,Abc Hyde Park Hotel,120,False,3,121 Sussex Gardens,2019-03-04,6
863,London,1,+44 20 7702 2020,Apex City Of London Hotel,124,False,4,1 Seething Lane,,
864,London,3,+44 20 7562 3030,Apex London Wall Hotel,336,False,4,7-9 Copthall Avenue,,
865,London,3,+44 20 3004 4141,Apex Temple Court Hotel,384,False,4,"1-2, Serjeant's Inn",,
866,London,1,+44 20 3019 8610,Artist Residence London,116,True,4,52 Cambridge Street,,
867,London,1,+44 20 7262 7361,Best Western Mornington Hotel,92,True,4,12 Lancaster Gate,,
868,London,1,+44 20 8455 5220,Best Western Palm Hotel,112,False,4,64-76 Hendon Way,,
869,London,1,+44 20 7613 9800,Ace Hotel London,104,False,4,100 Shoreditch High Street,2019-03-02,2
870,Anaheim,1,+1 800-341-6301,Anaheim Portofino Inn & Suites,132,False,3,1831 South Harbor Boulevard,2019-03-01,2
871,Sydney,2,+61 2 9102 2828,28 Hotel Sydney,232,False,4,"28 Regent Street, Chippendale New South Wales 2008, Australia",,
872,Sydney,1,+61 2 9011 5756,57 Hotel,84,False,4,"57 Foveaux Street, Surry Hills New South Wales 2010, Australia",,
873,Sydney,2,+61 2 9300 4800,Adina Apartment Hotel Bondi Beach Sydney,168,False,4,"69/73 Hall Street, Bondi Beach New South Wales 2026, Australia",,
874,Sydney,3,+61 2 9578 6000,Adina Apartment Hotel Coogee Sydney,432,False,4,"183 Coogee Bay Road, Coogee New South Wales 2034, Australia",,
875,Sydney,3,+61 2 9381 2000,Adina Apartment Hotel Sydney Airport,420,False,4,"17 Bourke Road, Mascot New South Wales 2020, Australia",,
876,Sydney,2,+61 2 8396 9800,Adina Apartment Hotel Sydney Central,216,False,4,"2 Lee Street, Haymarket New South Wales 2000, Australia",,
877,Sydney,3,+61 2 9249 7000,Adina Apartment Hotel Sydney Darling Harbour,468,True,4,55 Shelley Street,,
878,Sydney,3,+61 2 8302 1000,Adina Apartment Hotel Sydney Surry Hills,240,True,4,"359 Crown Street, Surry Hills New South Wales 2010, Australia",,
879,Sydney,1,+61 2 9274 0000,Adina Apartment Hotel Sydney Town Hall,132,False,4,511 Kent Street,,
880,Sydney,1,+61 1300 633 462,Adina Serviced Apartments Sydney Martin Place (Formerly Medina),88,False,4,1 Hosking Place,,
881,Sydney,1,+61 2 9102 2828,28 Hotel Sydney,84,False,4,"28 Regent Street, Chippendale New South Wales 2008, Australia",2019-03-03,2
882,New York,2,+1 212-703-2001,1 Hotel Central Park,390,True,5,1414 6th Avenue,,
883,New York,2,+1 212-235-1111,11 Howard,315,True,3,11 Howard Street,,
884,New York,2,+1 855-781-0088,Amsterdam Court Hotel,138,True,3,226 West 50th Street,,
885,New York,2,+1 866-957-5139,Baccarat Hotel,525,True,5,28 West 53rd Street,,
886,New York,2,+1 718-388-4433,Bklyn House Hotel,100,True,2,"9 Beaver Street, Brooklyn",,
887,New York,2,+1 718-381-1118,Bogart Hotel,138,True,2,"19 Bogart Street, Brooklyn",,
888,New York,2,+1 212-703-2001,1 Hotel Central Park,375,True,5,1414 6th Avenue,2019-03-07,6
889,London,1,+44 20 7493 4545,45 Park Lane,480,False,5,45 Park Lane,2019-03-01,7
890,New York,2,+1 212-398-2700,Ac Hotel New York Times Square,432,False,4,260 West 40th Street,,
891,New York,2,+1 646-744-3100,Aka Central Park,420,False,4,42 West 58th Street,,
892,New York,2,+1 212-764-5700,Aka Times Square,176,False,4,123 West 44th Street,,
893,New York,2,+1 212-601-1234,Andaz 5Th Avenue - A Concept By Hyatt,372,False,4,485 5th Avenue,,
894,New York,2,+1 212-806-7000,Arlo Nomad,272,False,4,11 East 31st Street,,
895,New York,2,+1 212-398-2700,Ac Hotel New York Times Square,216,False,4,260 West 40th Street,2019-03-04,4
896,Paris,3,+33 1 84 82 49 09,Ac Hotel By Marriott Paris Porte Maillot,312,False,4,"6 Rue Gustave Charpentier, 75017",,
897,Paris,2,+33 1 49 52 99 70,Amastan Paris,192,False,4,"34 Rue Jean Mermoz, 75008",,
898,Paris,2,+33 1 45 38 52 59,Best Western Bretagne Montparnasse,272,True,4,"33 Rue Raymond Losserand, 75014",,
899,Paris,2,+33 1 40 43 02 33,Bob Hotel By Elegancia,304,True,4,"30 Rue Pernety, 75014",,
900,Paris,2,+33 1 45 86 35 99,C.O.Q Hotel Paris,312,False,4,"15 Rue Edouard Manet, 75013",,
901,Paris,3,+33 1 46 06 17 66,Declic Hotel Paris,312,True,4,"17 Rue Duhesme, 75018",,
902,Paris,3,+33 1 43 06 93 26,First Hotel,384,False,4,"2 Boulevard Garibaldi, 75015",,
903,Paris,2,+33 1 46 33 33 02,Grand Hotel Saint Michel,288,False,4,"19 Rue Cujas, 75005",,
904,Paris,2,+33 1 55 26 05 05,Holiday Inn Paris - Gare De L'Est,288,False,4,"5 Rue Du 8 Mai 45, 75010",,
905,Paris,3,+33 1 43 20 13 93,Holiday Inn Paris - Gare Montparnasse,408,False,4,"79/81 Avenue du Maine, 75014",,
906,Paris,1,+33 1 84 82 49 09,Ac Hotel By Marriott Paris Porte Maillot,312,False,4,"6 Rue Gustave Charpentier, 75017",,
907,Paris,1,+33 1 49 52 99 70,Amastan Paris,192,False,4,"34 Rue Jean Mermoz, 75008",,
908,Paris,1,+33 1 45 38 52 59,Best Western Bretagne Montparnasse,272,True,4,"33 Rue Raymond Losserand, 75014",,
909,Paris,1,+33 1 40 43 02 33,Bob Hotel By Elegancia,304,True,4,"30 Rue Pernety, 75014",,
910,Paris,1,+33 1 45 86 35 99,C.O.Q Hotel Paris,312,False,4,"15 Rue Edouard Manet, 75013",,
911,Paris,1,+33 1 46 06 17 66,Declic Hotel Paris,312,True,4,"17 Rue Duhesme, 75018",,
912,Paris,1,+33 1 43 06 93 26,First Hotel,384,False,4,"2 Boulevard Garibaldi, 75015",,
913,Paris,1,+33 1 46 33 33 02,Grand Hotel Saint Michel,288,False,4,"19 Rue Cujas, 75005",,
914,Paris,1,+33 1 55 26 05 05,Holiday Inn Paris - Gare De L'Est,288,False,4,"5 Rue Du 8 Mai 45, 75010",,
915,Paris,1,+33 1 43 20 13 93,Holiday Inn Paris - Gare Montparnasse,408,False,4,"79/81 Avenue du Maine, 75014",,
916,Paris,1,+33 1 45 38 52 59,Best Western Bretagne Montparnasse,232,True,4,"33 Rue Raymond Losserand, 75014",2019-03-10,2
917,Phoenix,1,+1 602-426-2638,Arizona Grand Resort & Spa,128,True,4,8000 Arizona Grand Parkway,,
918,Phoenix,3,+1 602-861-3900,Comfort Suites Phoenix North,150,False,2,10210 North 26th Drive,,
919,Phoenix,1,+1 800-615-3107,Days Inn By Wyndham Airport - Phoenix,70,True,2,2900 East Van Buren Street,,
920,Phoenix,1,+1 602-275-6300,Aloft Phoenix-Airport,228,False,3,4450 East Washington Street,2019-03-01,2
921,London,1,+44 20 7493 4545,45 Park Lane,125,False,5,45 Park Lane,2019-03-01,4
922,New York,1,+1 833-625-6111,1 Hotel Brooklyn Bridge,208,True,4,"60 Furman Street, Brooklyn",2019-03-06,3
923,Paris,1,+33 1 44 72 42 00,Aparthotel Adagio Access Paris La Villette,117,False,3,"28bis Avenue Corentin Cariou, 75019",,
924,Paris,1,+33 1 42 85 50 00,Avalon Hotel Paris Gare Du Nord,66,False,3,"131 Boulevard de Magenta, 75010",,
925,Paris,1,+33 1 44 30 10 00,Brach Paris,120,True,5,"1-7 Rue Jean Richepin, 75016",,
926,Paris,3,+33 1 83 96 88 88,Buddha-Bar Hotel Paris,375,True,5,"4 Rue d'Anjou, 75008",,
927,Paris,1,+33 1 84 82 49 09,Ac Hotel By Marriott Paris Porte Maillot,312,False,4,"6 Rue Gustave Charpentier, 75017",2019-03-03,4
928,Anaheim,1,+1 714-772-5050,Anaheim Desert Inn And Suites,60,False,2,1600 South Harbor Boulevard,2019-03-11,2
929,London,1,+44 20 7493 4545,45 Park Lane,340,False,5,45 Park Lane,2019-03-06,7
930,London,1,+44 20 7493 4545,45 Park Lane,190,False,5,45 Park Lane,2019-03-06,3
931,Sydney,2,+61 2 9249 7000,Adina Apartment Hotel Sydney Darling Harbour,468,True,4,55 Shelley Street,,
932,Sydney,2,+61 2 8302 1000,Adina Apartment Hotel Sydney Surry Hills,240,True,4,"359 Crown Street, Surry Hills New South Wales 2010, Australia",,
933,Sydney,2,+61 2 8889 7700,Alpha Hotel Eastern Creek,224,True,4,"Brabham Dr and, Peter Brock Drive, Eastern Creek New South Wales 2766, Australia",,
934,Sydney,2,+61 2 9291 1900,Apx World Square,300,True,4,"2 Cunningham Street, Haymarket New South Wales 2000, Australia",,
935,Sydney,2,+61 132007,Breakfree On George,248,True,4,653 George Street,,
936,Sydney,2,+61 2 9955 1685,Glenferrie Lodge,444,True,4,"12 Carabella Street, Kirribilli New South Wales 2061, Australia",,
937,Sydney,2,+61 2 9439 6000,Hotel Urban,216,True,4,"194 Pacific Highway corner Bellevue Ave and, Pacific Highway, Greenwich New South Wales 2065, Australia",,
938,Sydney,2,+61 2 9264 6001,Hyde Park Inn,192,True,4,271 Elizabeth Street,,
939,Sydney,2,+61 2 9974 5599,Jonah'S Restaurant & Boutique Hotel,176,True,4,"69 Bynya Road, Palm Beach New South Wales 2108, Australia",,
940,Sydney,2,+61 2 8398 0700,Mantra Hotel At Sydney Airport,408,True,4,"Sydney Airport, 3 Ross Smith Avenue, Mascot New South Wales 2020, Australia",,
941,Sydney,2,+61 2 8889 7700,Alpha Hotel Eastern Creek,312,True,4,"Brabham Dr and, Peter Brock Drive, Eastern Creek New South Wales 2766, Australia",2019-03-03,1
942,Sydney,2,+61 2 9696 2500,Amora Hotel,390,False,5,11 Jamison Street,,
943,Sydney,2,+61 2 9240 3100,Establishment Hotel,585,False,5,5 Bridge Lane,,
944,Sydney,2,+61 2 8823 8888,Fraser Suites Sydney,360,False,5,488 Kent Street,,
945,Sydney,2,+61 2 9238 8888,Hotel SwissoTel Sydney,570,False,5,68 Market Street,,
946,Sydney,2,+61 2 8388 8388,Intercontinental Sydney Double Bay,280,False,5,"33 Cross Street, Double Bay",,
947,Sydney,2,+61 2 9277 1125,Meriton Serviced Apartments Zetland,250,True,5,"8 Defries Avenue, Zetland New South Wales 2017, Australia",,
948,Sydney,2,+61 2 9277 1125,"Meriton Suites Campbell Street, Sydney",310,False,5,6 Campbell Street,,
949,Sydney,2,+61 2 9277 1125,Meriton Suites Chatswood,465,False,5,"79 Albert Avenue, Chatswood New South Wales 2067, Australia",,
950,Sydney,2,+61 2 9277 1125,"Meriton Suites Kent Street, Sydney",510,True,5,528 Kent Street,,
951,Sydney,2,+61 2 9277 1125,Meriton Suites Mascot Central,250,False,5,"8 Jackson Drive, Mascot New South Wales 2020, Australia",,
952,Sydney,2,+61 2 9696 2500,Amora Hotel,555,False,5,11 Jamison Street,2019-03-01,4
953,Nairobi,1,+254 709 716000,Azure Hotel Nairobi Westlands,160,True,5,Lantana Road,,
954,Nairobi,2,+254 719 096000,Crowne Plaza Nairobi,216,False,4,"Kenya Road, Upper Hill",,
955,Nairobi,2,+254 709 222444,Crowne Plaza Nairobi Airport,232,False,4,First Freight Lane Jomo Kenyatta International Airport,,
956,Nairobi,1,+254 709 090000,Doubletree By Hilton Nairobi Hurlingham,100,False,4,Ngong Lane Ngong Road,,
957,Nairobi,3,+254 787 657000,Dusitd2 Nairobi,360,False,5,14 Riverside Westlands,,
958,Nairobi,1,+254 719 045000,Eka Hotel Nairobi,112,True,4,"Eka Hotel, Along Mombasa Road",,
959,Nairobi,1,+254 709 760000,Four Points By Sheraton Nairobi Airport,132,False,4,9042/1044 Tower Avenue Jomo Kenyatta Intl Airport,,
960,Nairobi,3,+254 711 032000,Hemingways Nairobi,510,True,5,Mbagathi Ridge,,
961,Nairobi,2,+254 20 4075000,Hilton Garden Inn Nairobi Airport,184,False,4,Jomo Kenyatta International Airport Mombasa Road,,
962,Nairobi,1,+254 20 7757000,Ibis Styles Hotel Westlands Nairobi,117,True,3,"Ibis Styles Hotel Westlands, Kenya",,
963,Nairobi,1,+254 709 716000,Azure Hotel Nairobi Westlands,195,True,5,Lantana Road,2019-03-11,2
964,Paris,2,+33 1 84 82 49 09,Ac Hotel By Marriott Paris Porte Maillot,372,False,4,"6 Rue Gustave Charpentier, 75017",2019-03-07,6
965,New York,1,+1 833-625-6111,1 Hotel Brooklyn Bridge,168,True,4,"60 Furman Street, Brooklyn",2019-03-04,3
966,New York,3,+1 833-625-6111,1 Hotel Brooklyn Bridge,324,True,4,"60 Furman Street, Brooklyn",2019-03-06,7
967,Sydney,1,+61 2 9011 5756,57 Hotel,100,False,4,"57 Foveaux Street, Surry Hills New South Wales 2010, Australia",2019-03-08,4
968,New York,2,+1 212-703-2001,1 Hotel Central Park,270,True,5,1414 6th Avenue,2019-03-04,6
969,London,1,+44 20 7706 4660,Abc Hyde Park Hotel,81,False,3,121 Sussex Gardens,2019-03-01,7
970,Delhi,3,+91 11 4565 0000,Aloft New Delhi Aerocity,432,False,4,"5B Igi T3 Road, Delhi - Ajmer Expressway, Aerocity, New Delhi",,
971,Delhi,2,+91 11 4903 1234,Andaz Delhi - A Concept By Hyatt,300,False,5,"Asset, Street Number 1, New Delhi",,
972,Delhi,3,+91 11 4122 5666,Bloomrooms @ New Delhi Railway Station,306,True,3,"8591, Arakashan Road, Opp New Delhi Railway Station, New Delhi",,
973,Delhi,2,+91 11 4103 4591,Calista Resort,210,True,3,"37/2-4 Old, National Highway 48, Kapas Hera, New Delhi",,
974,Delhi,2,+91 11 4110 2222,Crowne Plaza New Delhi Mayur Vihar Noida,240,True,4,"13 B, District Centre, Mayur Vihar, New Delhi",,
975,Delhi,1,+91 11 4646 2000,Crowne Plaza New Delhi Okhla,190,True,5,"Plot No 1, Community Center, Okhla Phase I, New Delhi",,
976,Delhi,2,+91 11 2506 0721,Deemarks Hotel & Resorts Conference Venues Corporate Event In Mahipalpur Near Airport In South Delhi,192,True,3,"Shiv Murti, Nh-8, Delhi - Jaipur Expressway, Rangpuri, New Delhi",,
977,Delhi,3,+91 124 419 6666,Fortune Select Global - Hotel In Gurgaon,324,True,4,"Global Arcade, Mehrauli-Gurgaon Road, Gurugram, Haryana 122002, India",,
978,Delhi,1,+91 11 6604 0000,"Four Points By Sheraton New Delhi, Airport Highway",128,False,4,"Plot no 9, National Highway - 8, Samalka, New Delhi",,
979,Delhi,2,+91 11 2326 1000,Haveli Dharampura,216,True,4,"Haveli Dharampura, 2293, Gali Gulian, Chandni Chowk, New Delhi",,
980,Delhi,1,+91 11 4565 0000,Aloft New Delhi Aerocity,176,False,4,"5B Igi T3 Road, Delhi - Ajmer Expressway, Aerocity, New Delhi",2019-03-01,5
981,Vancouver,2,+1 604-669-7070,Best Western Plus Chateau Granville Hotel & Suites & Conference Ctr.,324,False,3,1100 Granville Street,2019-03-02,5
982,Paris,1,+33 1 84 82 49 09,Ac Hotel By Marriott Paris Porte Maillot,396,False,4,"6 Rue Gustave Charpentier, 75017",2019-03-01,2
983,Sydney,3,+61 2 9102 2828,28 Hotel Sydney,432,False,4,"28 Regent Street, Chippendale New South Wales 2008, Australia",,
984,Sydney,3,+61 2 9011 5756,57 Hotel,240,False,4,"57 Foveaux Street, Surry Hills New South Wales 2010, Australia",,
985,Sydney,3,+61 2 9300 4800,Adina Apartment Hotel Bondi Beach Sydney,456,False,4,"69/73 Hall Street, Bondi Beach New South Wales 2026, Australia",,
986,Sydney,3,+61 2 8396 9800,Adina Apartment Hotel Sydney Central,384,False,4,"2 Lee Street, Haymarket New South Wales 2000, Australia",,
987,Sydney,3,+61 2 9274 0000,Adina Apartment Hotel Sydney Town Hall,240,False,4,511 Kent Street,,
988,Sydney,3,+61 1300 633 462,Adina Serviced Apartments Sydney Martin Place (Formerly Medina),420,False,4,1 Hosking Place,,
989,Sydney,3,+61 2 9102 2828,28 Hotel Sydney,264,False,4,"28 Regent Street, Chippendale New South Wales 2008, Australia",2019-03-02,6
990,London,1,+44 800 330 8523,Amba Hotel Marble Arch,276,False,4,Bryanston Street,2019-03-02,7
991,Chicago,1,+1 312-981-6600,Ac Hotel By Marriott Chicago Downtown,342,False,3,630 North Rush Street,,
992,Chicago,1,+1 312-894-0800,Acme Hotel Company Chicago,222,True,3,15 East Ohio Street,,
993,Chicago,1,+1 312-661-1000,Aloft Chicago Downtown River North,225,False,3,515 North Clark Street,,
994,Chicago,1,+1 312-467-0800,Best Western River North Hotel,333,False,3,125 West Ohio Street,,
995,Chicago,1,+1 773-288-5800,Chicago Lake Shore Hotel,69,True,3,"3250, 4900B South Lake Shore Drive",,
996,Chicago,1,+1 773-693-4444,Chicago Marriott O'Hare,108,False,3,8535 West Higgins Road,,
997,Chicago,1,+1 312-225-7000,Chicago South Loop Hotel,150,True,3,11 West 26th Street,,
998,Chicago,1,+1 312-214-6400,"Club Quarters Hotel, Central Loop",180,True,3,111 West Adams Street,,
999,Chicago,1,+1 623-432-0770,Comfort Suites Michigan Avenue - Loop,96,False,3,320 North Michigan Avenue,,
1000,Chicago,1,+1 312-981-6600,Ac Hotel By Marriott Chicago Downtown,243,False,3,630 North Rush Street,2019-03-02,4
1001,London,1,+44 20 7613 9800,Ace Hotel London,304,False,4,100 Shoreditch High Street,,
1002,London,1,+44 871 376 9012,Amba Hotel Charing Cross,280,False,4,Strand,,
1003,London,1,+44 800 330 8523,Amba Hotel Marble Arch,160,False,4,Bryanston Street,,
1004,London,1,+44 20 7388 9930,Ambassadors Bloomsbury Hotel,192,False,4,12 Upper Woburn Place,,
1005,London,1,+44 20 7562 3030,Apex London Wall Hotel,336,False,4,7-9 Copthall Avenue,,
1006,London,1,+44 20 3004 4141,Apex Temple Court Hotel,384,False,4,"1-2, Serjeant's Inn",,
1007,London,1,+44 20 7613 9800,Ace Hotel London,200,False,4,100 Shoreditch High Street,2019-03-01,5
1008,Philadelphia,2,+1 215-492-9000,Philadelphia Airport Marriott,288,False,4,One Arrivals Road Terminal B,,
1009,Philadelphia,3,+1 800-468-3571,Renaissance Philadelphia Downtown Hotel,240,False,4,401 Chestnut Street,,
1010,Philadelphia,3,+1 215-569-8300,Sofitel Philadelphia At Rittenhouse Square,264,False,4,120 South 17th Street,,
1011,Philadelphia,2,+1 215-563-1600,The Westin Philadelphia,272,False,4,"At Liberty Place, 99 South 17th Street",,
1012,Philadelphia,1,+1 215-521-6500,Hilton Philadelphia At Penn'S Landing,132,False,4,201 South Christopher Columbus Boulevard,2019-03-05,6
1013,San Diego,1,+1 858-539-8666,Bahia Resort Hotel,150,False,3,998 West Mission Bay Drive,2019-03-03,7
1014,Toronto,1,+1 800-780-7234,Best Western Primrose Hotel Downtown-Toronto,96,False,3,111 Carlton Street,2019-03-01,3
1015,San Diego,1,+1 858-539-8666,Bahia Resort Hotel,222,False,3,998 West Mission Bay Drive,2019-03-05,4
1016,Los Angeles,1,+1 800-224-7835,Airtel Plaza Hotel,228,True,3,"7277 Valjean Avenue, Van Nuys, California 91406, United States",2019-03-02,7
1017,London,3,+44 20 3953 4251,Assembly Hotel London,243,True,3,27 - 31 Charing Cross Road,,
1018,London,2,+44 20 7221 2220,Berjaya Eden Park Hotel,120,True,3,35-39 Inverness Terrace,,
1019,London,1,+44 20 7722 2281,Best Western Swiss Cottage Hotel,108,True,3,4 Adamson Road,,
1020,London,2,+44 871 222 0042,Britannia International Hotel,264,True,4,Marsh Wall,,
1021,London,1,+44 20 7233 6636,Comfort Inn Victoria London,99,True,3,18-24 Belgrave Road,,
1022,London,1,+44 20 7833 3900,Crowne Plaza London - Kings Cross,116,True,4,1 King's Cross Road,,
1023,London,2,+44 871 942 9190,Crowne Plaza London - The City,192,True,4,19 New Bridge Street,,
1024,Paris,2,+33 1 44 30 10 00,Brach Paris,350,True,5,"1-7 Rue Jean Richepin, 75016",,
1025,Paris,2,+33 1 83 96 88 88,Buddha-Bar Hotel Paris,375,True,5,"4 Rue d'Anjou, 75008",,
1026,Paris,3,+33 1 49 52 99 70,Amastan Paris,348,False,4,"34 Rue Jean Mermoz, 75008",,
1027,Paris,3,+33 1 45 38 52 59,Best Western Bretagne Montparnasse,276,True,4,"33 Rue Raymond Losserand, 75014",,
1028,Paris,3,+33 1 40 43 02 33,Bob Hotel By Elegancia,300,True,4,"30 Rue Pernety, 75014",,
1029,Paris,3,+33 1 45 86 35 99,C.O.Q Hotel Paris,252,False,4,"15 Rue Edouard Manet, 75013",,
1030,Paris,3,+33 1 46 33 33 02,Grand Hotel Saint Michel,432,False,4,"19 Rue Cujas, 75005",,
1031,Paris,3,+33 1 55 26 05 05,Holiday Inn Paris - Gare De L'Est,444,False,4,"5 Rue Du 8 Mai 45, 75010",,
1032,London,3,+44 20 7493 4545,45 Park Lane,510,False,5,45 Park Lane,,
1033,London,3,+44 20 7706 4660,Abc Hyde Park Hotel,324,False,3,121 Sussex Gardens,,
1034,London,3,+44 20 7403 4299,Accommodation London Bridge,198,False,3,58 Great Dover Street,,
1035,London,3,+44 20 7613 9800,Ace Hotel London,324,False,4,100 Shoreditch High Street,,
1036,London,3,+44 871 376 9012,Amba Hotel Charing Cross,288,False,4,Strand,,
1037,London,3,+44 800 330 8523,Amba Hotel Marble Arch,348,False,4,Bryanston Street,,
1038,London,3,+44 20 7388 9930,Ambassadors Bloomsbury Hotel,420,False,4,12 Upper Woburn Place,,
1039,London,3,+44 20 7373 1075,Ambassadors Hotel,189,False,3,16 Collingham Road,,
1040,London,1,+44 20 7493 4545,45 Park Lane,350,False,5,45 Park Lane,,
1041,London,1,+44 20 7377 4390,Batty Langley'S Hotel,270,False,5,12 Folgate Street,,
1042,London,1,+44 20 3327 4142,Chelsea Bridge Apartments,115,False,5,124 Prince Of Wales Drive,,
1043,London,1,+44 20 7447 1000,Como Metropolitan London,210,False,5,19 Old Park Lane,,
1044,London,1,+44 20 3750 4545,Devonshire Club,200,True,5,5 Devonshire Square,,
1045,London,1,+44 20 7491 4840,Dukes London,310,False,5,35 Saint James's Place,,
1046,London,1,+44 20 3297 9200,Four Seasons Hotel London At Ten Trinity Square,420,True,5,10 Trinity Square,,
1047,London,1,+44 800 032 3483,Fraser Suites Kensington,420,False,5,75 Stanhope Gardens,,
1048,London,1,+44 20 3388 0800,"Great Northern Hotel, A Tribute Portfolio Hotel, London",390,False,5,Pancras Road,,
1049,London,1,+44 20 3642 2000,Ham Yard Hotel,420,False,5,1 Ham Yard,,
1050,London,1,+44 20 8563 8692,Abercorn House,81,False,1,28-30 Bute Gardens,,
1051,London,1,+44 20 7581 0103,Astor Hyde Park Hostel,40,False,1,191 Queen's Gate,,
1052,London,1,+44 20 7834 3077,Astor Victoria Hostel,72,False,1,"Victoria Hotel, 71 Belgrave Road",,
1053,London,1,+44 20 7706 9911,Easyhotel London Paddington,31,False,1,10 Norfolk Place,,
1054,London,1,+44 20 7834 1379,Easyhotel London Victoria,66,False,1,34-40 Belgrave Road,,
1055,London,1,+44 20 7456 0400,Point A Hotel London - Liverpool Street,62,False,1,13-15 Folgate Street,,
1056,London,1,+44 20 7633 9317,Point A Hotel London - Westminster,70,False,1,118-120 Westminster Bridge Road,,
1057,London,1,+44 20 7229 0000,Smart Hyde Park Inn Hostel,30,False,1,48-50 Inverness Terrace,,
1058,London,1,+44 20 7262 8684,Smart Hyde Park View Hostel,111,False,1,16 Leinster Terrace,,
1059,London,1,+44 20 7833 8818,Smart Russell Square Hostel,78,True,1,71-72 Guilford Street,,
1060,Kuala Lumpur,2,+60 3-2268 3888,Alila Bangsar,290,False,5,"East Side, 58, Jalan Ang Seng, Brickfields, 50470",,
1061,Kuala Lumpur,3,+60 3-2723 1188,Aloft Kuala Lumpur Sentral,276,False,4,"No. 5, Jalan Stesen Sentral, 50470 Kuala Lumpur, Wilayah Persekutuan",,
1062,Kuala Lumpur,3,+60 3-2026 6060,Ancasa Hotel & Spa Kuala Lumpur,297,True,3,"Jalan Tun Tan Cheng Lock, City Centre, 50500 Kuala Lumpur, Wilayah Persekutuan",,
1063,Kuala Lumpur,2,+60 3-2078 0988,Arenaa Star Hotel,150,False,3,"49-51, Jalan Hang Lekiu, 50100",,
1064,Kuala Lumpur,2,+60 3-2113 1888,Banyan Tree Kuala Lumpur,300,True,5,"2, Jalan Conlay, 50450 Kuala Lumpur, Wilayah Persekutuan",,
1065,Kuala Lumpur,3,+60 3-2693 2999,Citin Hotel Masjid Jamek,216,True,3,"33, Jalan Melayu, City Centre, 50100 Kuala Lumpur, Wilayah Persekutuan",,
1066,Kuala Lumpur,2,+60 3-2296 1188,Cititel Mid Valley,162,True,3,"Lingkaran Syed Putra, Mid Valley City, 59200 Kuala Lumpur, Wilayah Persekutuan",,
1067,Kuala Lumpur,3,+60 3-2144 2200,Concorde Hotel Kuala Lumpur,324,True,4,"2, Jalan Sultan Ismail, Kuala Lumpur, 50250 Kuala Lumpur, Wilayah Persekutuan",,
1068,Kuala Lumpur,3,+60 12-702 2851,Container Hotel,168,True,2,"Jalan Delima, Imbi, 55100 Kuala Lumpur, Wilayah Persekutuan",,
1069,Kuala Lumpur,2,+60 3-2161 8888,Corus Hotel Kuala Lumpur,280,False,4,"Jalan Ampang, Hampshire Park, 50450 Kuala Lumpur, Wilayah Persekutuan",,
1070,Kuala Lumpur,2,+60 3-2723 1188,Aloft Kuala Lumpur Sentral,276,False,4,"No. 5, Jalan Stesen Sentral, 50470 Kuala Lumpur, Wilayah Persekutuan",,
1071,Kuala Lumpur,2,+60 3-2144 2200,Concorde Hotel Kuala Lumpur,324,True,4,"2, Jalan Sultan Ismail, Kuala Lumpur, 50250 Kuala Lumpur, Wilayah Persekutuan",,
1072,Kuala Lumpur,2,+60 3-2716 1000,Dorsett Kuala Lumpur,396,True,4,"172, Jalan Imbi, Pudu, 55100 Kuala Lumpur, Wilayah Persekutuan",,
1073,Kuala Lumpur,2,+60 3-2771 3388,Element Kuala Lumpur Hotel,396,True,4,"8, Jalan Binjai, 50450 Kuala Lumpur, Wilayah Persekutuan",,
1074,Kuala Lumpur,2,+60 3-2788 8888,Furama Bukit Bintang,312,False,4,"136, Jalan Changkat Thambi Dollah, Pudu, 55100 Kuala Lumpur, Wilayah Persekutuan",,
1075,Kuala Lumpur,2,+60 3-2148 6888,Hotel Royal Kuala Lumpur,456,True,4,"Jalan Walter Granier, Bukit Bintang, 55100 Kuala Lumpur, Wilayah Persekutuan",,
1076,Kuala Lumpur,2,+60 3-2778 3333,Ibis Kuala Lumpur City Centre,216,True,4,"32, Jalan Yap Kwan Seng, 50450",,
1077,Kuala Lumpur,2,+60 3-2785 2828,Melia Kuala Lumpur,264,True,4,"16, Jalan Imbi, 55100 Kuala Lumpur, Wilayah Persekutuan",,
1078,Kuala Lumpur,2,+60 3-9224 3030,Mercure Kuala Lumpur Shaw Parade Hotel,192,False,4,"152, Jalan Changkat Thambi Dollah, Pudu, 55100",,
1079,Sydney,1,+61 2 9102 2828,28 Hotel Sydney,232,False,4,"28 Regent Street, Chippendale New South Wales 2008, Australia",,
1080,Sydney,1,+61 2 9300 4800,Adina Apartment Hotel Bondi Beach Sydney,168,False,4,"69/73 Hall Street, Bondi Beach New South Wales 2026, Australia",,
1081,Sydney,1,+61 2 9578 6000,Adina Apartment Hotel Coogee Sydney,432,False,4,"183 Coogee Bay Road, Coogee New South Wales 2034, Australia",,
1082,Sydney,1,+61 2 9381 2000,Adina Apartment Hotel Sydney Airport,420,False,4,"17 Bourke Road, Mascot New South Wales 2020, Australia",,
1083,Sydney,1,+61 2 8396 9800,Adina Apartment Hotel Sydney Central,216,False,4,"2 Lee Street, Haymarket New South Wales 2000, Australia",,
1084,Sydney,1,+61 2 9249 7000,Adina Apartment Hotel Sydney Darling Harbour,468,True,4,55 Shelley Street,,
1085,Sydney,1,+61 2 8302 1000,Adina Apartment Hotel Sydney Surry Hills,240,True,4,"359 Crown Street, Surry Hills New South Wales 2010, Australia",,
1086,San Diego,2,+1 855-430-7503,Estancia La Jolla Hotel & Spa,248,False,4,"9700 North Torrey Pines Road, La Jolla, California 92037, United States",,
1087,San Diego,2,+1 888-828-5498,Grande Colonial La Jolla,248,False,4,"910 Prospect Street, La Jolla, CA 92037, USA",,
1088,San Diego,2,+1 858-558-1500,Hilton La Jolla Torrey Pines,304,False,4,"10950 North Torrey Pines Road, La Jolla, California 92037, United States",,
1089,San Diego,3,+1 619-231-4040,Hilton San Diego Gaslamp Quarter,360,False,4,401 K Street,,
1090,San Diego,2,+1 619-276-4010,Hilton San Diego Resort & Spa,280,False,4,1775 East Mission Bay Drive,,
1091,San Diego,2,+1 858-551-3600,"Hotel La Jolla, Curio Collection By Hilton",256,False,4,"7955 La Jolla Shores Drive, La Jolla, California 92037, United States",,
1092,Chicago,3,+1 312-764-1919,Ace Hotel Chicago,444,False,4,311 North Morgan Street,,
1093,Chicago,3,+1 888-506-3471,Ambassador Chicago,360,False,4,1301 North State Parkway,,
1094,Chicago,3,+1 312-787-6000,Cambria Hotel Chicago Magnificent Mile,276,False,4,166 East Superior Street,,
1095,Chicago,3,+1 312-836-0100,Chicago Marriott Downtown Magnificent Mile,336,False,4,540 North Michigan Avenue,,
1096,Chicago,3,+1 312-829-5000,Crowne Plaza Chicago West Loop,348,False,4,25 South Halsted Street,,
1097,Chicago,3,+1 773-686-8000,Hilton Chicago O'Hare Airport,264,False,4,10000 West O'Hare Avenue,,
1098,Chicago,3,+1 312-664-1100,Hilton Chicago/Magnificent Mile Suites,432,False,4,198 East Delaware Place,,
1099,Chicago,3,+1 312-915-0000,"Hotel Emc2, Autograph Collection",384,True,4,228 East Ontario Street,,
1100,Chicago,3,+1 877-848-4040,Hotel Felix,468,False,4,111 West Huron Street,,
1101,Atlanta,2,+1 404-223-2300,Embassy Suites By Hilton Atlanta At Centennial Olympic Park,150,False,3,267 Marietta Street NorthWest,,
1102,Atlanta,3,+1 404-846-0900,Fairfield Inn & Suites By Marriott Atlanta Buckhead,270,False,3,3092 Piedmont Road Northeast,,
1103,Atlanta,3,+1 678-702-8600,Fairfield Inn & Suites By Marriott Atlanta Downtown,270,False,3,54 Peachtree Street Southwest,,
1104,Anaheim,3,+1 714-772-5050,Anaheim Desert Inn And Suites,132,False,2,1600 South Harbor Boulevard,,
1105,Anaheim,3,+1 714-778-1700,Anaheim Majestic Garden Hotel,270,False,3,900 South Disneyland Drive,,
1106,Anaheim,3,+1 800-341-6301,Anaheim Portofino Inn & Suites,279,False,3,1831 South Harbor Boulevard,,
1107,Anaheim,3,+1 714-774-3860,Anaheim Rv Park,156,True,2,200 West Midway Drive,,
1108,Anaheim,3,+1 714-774-1050,Best Western Plus Anaheim Inn,297,False,3,1630 South Harbor Boulevard,,
1109,Anaheim,3,+1 714-776-4800,Best Western Plus Park Place Inn - Mini Suites,234,False,3,1544 South Harbor Boulevard,,
1110,Anaheim,3,+1 714-750-6100,Best Western Plus Raffles Inn & Suites,156,False,2,2040 South Harbor Boulevard,,
1111,Anaheim,3,+1 714-778-1880,Best Western Plus Stovall'S Inn,261,False,3,1110 West Katella Avenue,,
1112,Anaheim,3,+1 714-750-3131,Clarion Hotel Anaheim Resort,279,False,3,616 Convention Way,,
1113,Anaheim,3,+1 714-533-3555,Clementine Hotel & Suites Anaheim,252,False,3,1700 South Clementine Street,,
1114,San Diego,1,+1 619-221-1900,Courtyard By Marriott San Diego Airport/Liberty Station,69,False,3,2592 Laning Road,,
1115,Phoenix,1,+1 877-488-1908,Kimpton Hotel Palomar Phoenix,92,False,4,2 East Jefferson Street,,
1116,Phoenix,3,+1 480-629-3200,Marriott'S Canyon Villas,300,False,4,5220 East Marriott Drive,,
1117,Phoenix,2,+1 602-997-2626,Pointe Hilton Squaw Peak Resort,256,False,4,7677 North 16th Street,,
1118,Phoenix,3,+1 602-943-8200,Sheraton Crescent Hotel,360,False,4,2620 West Dunlap Avenue,,
1119,Phoenix,2,+1 602-252-7363,The Clarendon Hotel And Spa,224,False,4,401 West Clarendon Avenue,,
1120,Phoenix,2,+1 480-624-1000,The Westin Kierland Resort & Spa,312,False,4,"6902 East Greenway Parkway, Scottsdale, Arizona 85254, United States",,
1121,Phoenix,3,+1 480-624-1700,"The Westin Kierland Villas, Scottsdale",432,True,4,"15620 North Clubgate Drive, Scottsdale, Arizona 85254, United States",,
1122,Phoenix,2,+1 602-429-3500,The Westin Phoenix Downtown,240,False,4,333 North Central Avenue,,
1123,Seattle,1,+1 206-213-0100,Courtyard By Marriott Seattle Downtown/Lake Union,168,False,3,925 Westlake Avenue North,,
1124,Seattle,1,+1 800-615-3107,Days Inn By Wyndham Seattle North Of Downtown,84,False,2,9100 Aurora Avenue North,,
1125,Seattle,1,+1 206-859-4400,Embassy Suites By Hilton Seattle Downtown Pioneer Square,342,True,3,255 South King Street,,
1126,Seattle,1,+1 206-596-2302,Even Hotel Seattle Downtown - Lake Union,216,False,3,527 Fairview Avenue North,,
1127,Seattle,1,+1 206-365-8100,Extended Stay America - Seattle - Northgate,124,True,2,13300 Stone Avenue North,,
1128,New York,2,+1 718-433-9305,Aloft Long Island City-Manhattan View,333,False,3,"27-45 Jackson Avenue, Long Island City",,
1129,New York,2,+1 718-256-3833,Aloft New York Brooklyn,279,False,3,"216 Duffield Street, Brooklyn",,
1130,New York,2,+1 855-767-5050,Ameritania At Times Square,288,False,3,"5502, 230 West 54th Street",,
1131,London,1,+44 20 7403 4299,Accommodation London Bridge,228,False,3,58 Great Dover Street,,
1132,London,1,+44 20 7834 0205,Airways Hotel London Victoria,315,True,3,29-31 Saint George's Drive,,
1133,London,1,+44 20 8543 4222,Antoinette Hotel Wimbledon,228,False,3,"The Broadway SW19 1SD, United Kingdom",,
1134,London,1,+44 20 7247 3313,Arbor City Hotel,180,False,3,12-20 Osborn Street,,
1135,London,1,+44 20 7402 5447,Ascot Hyde Park Hotel,93,False,3,11 Craven Road,,
1136,London,1,+44 20 3953 4251,Assembly Hotel London,243,True,3,27 - 31 Charing Cross Road,,
1137,London,1,+44 20 7636 4133,Astor Court Hotel,75,False,3,"20 Hallam Street, Oxford Circus",,
1138,London,1,+44 20 7244 5700,Avni Kensington Hotel,189,False,3,40-44 Harrington Gardens,,
1139,Paris,1,+33 1 42 57 14 55,Aparthotel Adagio Paris Montmartre,204,True,3,"10 Place Charles Dullin, 75018",,
1140,Paris,1,+33 1 48 74 48 71,Austin'S Saint Lazare HoTel,189,False,3,"26 Rue d'Amsterdam, 75009",,
1141,Paris,1,+33 1 83 96 88 88,Buddha-Bar Hotel Paris,375,True,5,"4 Rue d'Anjou, 75008",,
1142,Nairobi,1,+254 719 096000,Crowne Plaza Nairobi,216,False,4,"Kenya Road, Upper Hill",,
1143,Nairobi,1,+254 709 222444,Crowne Plaza Nairobi Airport,232,False,4,First Freight Lane Jomo Kenyatta International Airport,,
1144,Nairobi,1,+254 787 657000,Dusitd2 Nairobi,360,False,5,14 Riverside Westlands,,
1145,Nairobi,1,+254 711 032000,Hemingways Nairobi,510,True,5,Mbagathi Ridge,,
1146,Nairobi,1,+254 20 4075000,Hilton Garden Inn Nairobi Airport,184,False,4,Jomo Kenyatta International Airport Mombasa Road,,
1147,Los Angeles,1,+1 310-642-7500,Crowne Plaza Los Angeles Airport,84,False,4,5985 West Century Boulevard,,
1148,Los Angeles,3,+1 310-410-4000,Hilton Los Angeles Airport,456,True,4,5711 West Century Boulevard,,
1149,Los Angeles,1,+1 818-595-1000,Hilton Woodland Hills/Los Angeles,152,False,4,"6360 Canoga Avenue, Woodland Hills, California 91367, United States",,
1150,Los Angeles,1,+1 310-284-6500,Intercontinental Los Angeles Century City,84,False,4,2151 Avenue of the Stars,,
1151,Los Angeles,3,+1 323-852-6000,Kimpton Hotel Wilshire,408,False,4,6317 Wilshire Boulevard,,
1152,Los Angeles,1,+1 310-553-6561,Beverly Hills Marriott,176,False,4,1150 South Beverly Drive,,
1153,Los Angeles,1,+1 213-624-0000,Hilton Checkers Los Angeles,208,True,4,535 South Grand Avenue,,
1154,Los Angeles,1,+1 310-410-4000,Hilton Los Angeles Airport,456,True,4,5711 West Century Boulevard,,
1155,Los Angeles,1,+1 213-688-7777,Intercontinental Los Angeles Downtown,192,False,4,900 Wilshire Boulevard,,
1156,Los Angeles,1,+1 213-279-3532,Kimpton Everly Hotel,312,True,4,1800 Argyle Avenue,,
1157,Los Angeles,1,+1 310-475-8711,Kimpton Hotel Palomar Los Angeles Beverly Hills,184,False,4,10740 Wilshire Boulevard,,
1158,Los Angeles,1,+1 323-852-6000,Kimpton Hotel Wilshire,408,False,4,6317 Wilshire Boulevard,,
1159,Los Angeles,3,+1 310-553-6561,Beverly Hills Marriott,276,False,4,1150 South Beverly Drive,,
1160,Los Angeles,3,+1 310-642-7500,Crowne Plaza Los Angeles Airport,348,False,4,5985 West Century Boulevard,,
1161,Los Angeles,3,+1 213-624-0000,Hilton Checkers Los Angeles,360,True,4,535 South Grand Avenue,,
1162,Los Angeles,3,+1 818-595-1000,Hilton Woodland Hills/Los Angeles,348,False,4,"6360 Canoga Avenue, Woodland Hills, California 91367, United States",,
1163,Los Angeles,3,+1 310-284-6500,Intercontinental Los Angeles Century City,372,False,4,2151 Avenue of the Stars,,
1164,Los Angeles,3,+1 213-688-7777,Intercontinental Los Angeles Downtown,360,False,4,900 Wilshire Boulevard,,
1165,Los Angeles,3,+1 213-279-3532,Kimpton Everly Hotel,444,True,4,1800 Argyle Avenue,,
1166,Phoenix,1,+1 602-275-6300,Aloft Phoenix-Airport,180,False,3,4450 East Washington Street,,
1167,Phoenix,1,+1 602-861-3900,Comfort Suites Phoenix North,150,False,2,10210 North 26th Drive,,
1168,Phoenix,1,+1 602-603-2001,Courtyard By Marriott Phoenix Downtown,120,False,3,132 South Central Avenue,,
1169,Phoenix,1,+1 602-225-0500,Doubletree Suites By Hilton Hotel Phoenix,150,False,3,320 North 44th Street,,
1170,Phoenix,1,+1 623-879-8800,Drury Inn & Suites Phoenix Happy Valley,297,False,3,2335 West Pinnacle Peak Road,,
1171,Philadelphia,2,+1 215-492-0400,Four Points By Sheraton Philadelphia Airport,279,False,3,4101A Island Avenue,,
1172,Philadelphia,3,+1 215-372-9000,Aka University City,225,True,3,"Cira Centre South, 2929 Walnut Street",,
1173,Philadelphia,3,+1 215-398-3080,Best Western Plus Philadelphia Convention Center Hotel,243,False,3,1225 Vine Street,,
1174,Philadelphia,3,+1 215-282-5000,"Club Quarters Hotel, Philadelphia",270,False,3,1628 Chestnut Street,,
1175,Philadelphia,3,+1 215-477-0200,Courtyard By Marriott Philadelphia City Avenue,252,False,3,4100 Presidential Boulevard,,
1176,Philadelphia,3,+1 215-644-9200,Courtyard By Marriott Philadelphia South At The Navy Yard,225,False,3,1001 Intrepid Avenue,,
1177,Philadelphia,3,+1 215-365-4150,Doubletree By Hilton Hotel Philadelphia Airport,351,False,3,4509 Island Avenue,,
1178,Philadelphia,3,+1 215-365-4500,Embassy Suites By Hilton Philadelphia Airport,315,False,3,9000 Bartram Avenue,,
1179,Philadelphia,3,+1 215-492-0400,Four Points By Sheraton Philadelphia Airport,279,False,3,4101A Island Avenue,,
1180,Philadelphia,3,+1 215-521-6500,Hilton Philadelphia At Penn'S Landing,324,False,4,201 South Christopher Columbus Boulevard,,
1181,Philadelphia,3,+1 855-295-2355,Kimpton Hotel Monaco Philadelphia,372,False,4,433 Chestnut Street,,
1182,Philadelphia,3,+1 215-422-8200,Le MeRidien Philadelphia,240,False,4,1421 Arch Street,,
1183,Philadelphia,3,+1 215-492-9000,Philadelphia Airport Marriott,396,False,4,One Arrivals Road Terminal B,,
1184,Philadelphia,3,+1 215-238-6000,Sheraton Philadelphia Society Hill Hotel,312,False,4,One Dock Street,,
1185,Philadelphia,3,+1 215-222-0200,"The Inn At Penn, A Hilton Hotel",468,False,4,3600 Sansom Street,,
1186,Philadelphia,3,+1 215-563-1600,The Westin Philadelphia,324,False,4,"At Liberty Place, 99 South 17th Street",,
1187,Los Angeles,2,+1 213-612-0021,Freehand Los Angeles,150,True,3,416 West 8th Street,,
1188,Los Angeles,2,+1 310-215-3300,Homewood Suites By Hilton Los Angeles International Airport,204,True,3,6151 West Century Boulevard,,
1189,Los Angeles,3,+1 310-821-2557,Inn At Venice Beach,198,True,3,"327 West Washington Boulevard, Venice, California 90291, United States",,
1190,Los Angeles,3,+1 310-645-2200,La Quinta Inn & Suites By Wyndham Lax,198,True,3,5249 West Century Boulevard,,
1191,Los Angeles,1,+1 323-463-7171,The Dixie Hollywood Hotel,93,True,3,5410 Hollywood Boulevard,,
1192,Los Angeles,2,+1 213-632-1200,The Mayfair Hotel,138,True,3,1256 West 7th Street,,
1193,Los Angeles,1,+1 310-825-2923,Ucla Guest House,90,True,3,330 Charles E Young Drive East,,
1194,Los Angeles,2,+1 213-873-8400,Level Furnished Living,176,True,4,888 South Olive Street,,
1195,Los Angeles,2,+1 323-785-6600,Mama Shelter,232,True,4,6500 Selma Avenue,,
1196,Los Angeles,1,+1 213-617-1133,The L.A. Grand Hotel Downtown,100,True,4,333 South Figueroa Street,,
1197,Los Angeles,1,+1 800-624-6835,The Orlando Hotel,144,True,4,8384 West 3rd Street,,
1198,Los Angeles,3,+1 310-206-8585,Ucla Meyer And Renee Luskin Conference Center,444,True,4,425 Westwood Plaza,,
1199,San Diego,3,+1 858-488-1081,Catamaran Resort Hotel And Spa,288,False,4,3999 Mission Boulevard,,
1200,San Diego,3,+1 855-430-7503,Estancia La Jolla Hotel & Spa,408,False,4,"9700 North Torrey Pines Road, La Jolla, California 92037, United States",,
1201,San Diego,3,+1 888-828-5498,Grande Colonial La Jolla,408,False,4,"910 Prospect Street, La Jolla, CA 92037, USA",,
1202,San Diego,3,+1 858-558-1500,Hilton La Jolla Torrey Pines,420,False,4,"10950 North Torrey Pines Road, La Jolla, California 92037, United States",,
1203,San Diego,3,+1 619-543-9000,Hilton San Diego Mission Valley,264,False,4,901 Camino del Rio South,,
1204,San Diego,3,+1 619-276-4010,Hilton San Diego Resort & Spa,408,False,4,1775 East Mission Bay Drive,,
1205,San Diego,3,+1 619-727-4000,Hotel Indigo San Diego-Gaslamp Quarter,288,False,4,509 Ninth Avenue,,
1206,San Diego,3,+1 858-551-3600,"Hotel La Jolla, Curio Collection By Hilton",468,False,4,"7955 La Jolla Shores Drive, La Jolla, California 92037, United States",,
1207,San Diego,3,+1 858-552-1234,Hyatt Regency La Jolla At Aventine,432,False,4,3777 La Jolla Village Drive,,
1208,Los Angeles,1,+1 323-663-1243,Hollywood Inn Express North,40,True,2,5131 Hollywood Blvd,,
1209,Los Angeles,1,+1 213-621-4455,Kawada Hotel,74,True,2,200 South Hill Street,,
1210,Los Angeles,1,+1 323-465-7186,Rodeway Inn Hollywood,44,True,2,"6826 Sunset Boulevard, Hollywood, CA 90028, USA",,
1211,Los Angeles,1,+1 800-576-0767,Travelodge By Wyndham Hollywood-Vermont/Sunset,76,True,2,1401 North Vermont Avenue,,
1212,Los Angeles,1,+1 310-566-2222,Venice Breeze Suites,44,True,2,"2 Breeze Avenue, Venice, California 90291, United States",,
1213,Los Angeles,1,+1 323-463-2750,Walk Of Fame Hostel,40,True,2,6820 Hollywood Boulevard,,
1214,Vancouver,1,+1 800-663-1155,Georgian Court Hotel,280,False,4,773 Beatty Street,,
1215,Vancouver,1,+1 604-620-6200,Hotel Blu Vancouver,456,False,4,177 Robson Street,,
1216,Vancouver,1,+1 888-855-1050,L'Hermitage Vancouver,232,False,4,788 Richards Street,,
1217,Vancouver,1,+1 604-669-5060,Loden Hotel,384,False,4,1177 Melville Street,,
1218,Vancouver,1,+1 604-689-9211,Pinnacle Hotel Harbourfront,148,False,4,1133 West Hastings Street,,
1219,Seattle,1,+1 206-522-6991,Hampton Inn & Suites By Hilton Seattle/Northgate,58,True,2,9550 1st Avenue Northeast,,
1220,Seattle,3,+1 206-682-8282,Homewood Suites By Hilton Seattle-Conv Ctr-Pike Street,351,True,3,1011 Pike Street,,
1221,Seattle,1,+1 206-624-6820,La Quinta Inn & Suites By Wyndham Seattle Downtown,84,True,3,2224 8th Avenue,,
1222,Seattle,2,+1 206-632-1015,Staybridge Suites Seattle - Fremont,228,True,3,3926 Aurora Avenue North,,
1223,Philadelphia,1,+1 800-228-2800,Fairfield Inn & Suites By Marriott Philadelphia Downtown/Center City,60,False,2,261 South 13th Street,,
1224,Vancouver,1,+1 604-602-1008,Hampton Inn & Suites,207,False,3,111 Robson Street,,
1225,Vancouver,1,+1 604-684-2151,Holiday Inn Hotel & Suites Vancouver Downtown,207,False,3,1110 Howe Street,,
1226,Philadelphia,2,+1 215-521-6500,Hilton Philadelphia At Penn'S Landing,296,False,4,201 South Christopher Columbus Boulevard,,
1227,Philadelphia,2,+1 855-295-2355,Kimpton Hotel Monaco Philadelphia,372,False,4,433 Chestnut Street,,
1228,Philadelphia,2,+1 215-422-8200,Le MeRidien Philadelphia,280,False,4,1421 Arch Street,,
1229,Philadelphia,2,+1 800-468-3571,Renaissance Philadelphia Downtown Hotel,240,False,4,401 Chestnut Street,,
1230,Philadelphia,2,+1 215-238-6000,Sheraton Philadelphia Society Hill Hotel,296,False,4,One Dock Street,,
1231,Philadelphia,2,+1 215-569-8300,Sofitel Philadelphia At Rittenhouse Square,264,False,4,120 South 17th Street,,
1232,Philadelphia,2,+1 215-222-0200,"The Inn At Penn, A Hilton Hotel",468,False,4,3600 Sansom Street,,
1233,Los Angeles,1,+1 800-947-7666,Beverly Laurel Motor Hotel,216,True,2,8018 Beverly Boulevard,,
1234,Los Angeles,1,+1 800-537-8483,Hollywood Celebrity Hotel,108,True,2,1775 Orchid Avenue,,
1235,Philadelphia,2,+1 215-963-1500,"The Logan Philadelphia, Curio Collection By Hilton",230,False,5,1 Logan Square,,
1236,New York,3,+1 212-235-1111,11 Howard,315,True,3,11 Howard Street,,
1237,New York,3,+1 718-631-5900,Adria Hotel & Conference Center,297,True,3,"221-17 Northern Boulevard, Bayside",,
1238,New York,3,+1 212-749-4000,Aloft Harlem,297,False,3,2296 Frederick Douglass Boulevard,,
1239,New York,3,+1 212-513-0003,Aloft Manhattan Downtown - Financial District,324,False,3,49-53 Ann Street,,
1240,New York,3,+1 718-512-0248,Aloft New York Laguardia Airport,333,False,3,"100-15 Ditmars Boulevard, East Elmhurst, NY 11369, USA",,
1241,New York,3,+1 855-781-0088,Amsterdam Court Hotel,306,True,3,226 West 50th Street,,
1242,New York,3,+1 212-245-7000,Belvedere Hotel,234,False,3,319 West 48th Street,,
1243,Philadelphia,3,+1 800-228-2800,Fairfield Inn & Suites By Marriott Philadelphia Downtown/Center City,228,False,2,261 South 13th Street,,
1244,London,3,+44 20 7706 4660,Abc Hyde Park Hotel,342,False,3,121 Sussex Gardens,2019-03-02,7
1245,San Francisco,1,+1 415-673-3277,Amsterdam Hostel San Francisco,99,False,1,749 Taylor Street,,
1246,San Francisco,1,+1 415-563-0800,Argonaut Hotel,132,False,4,495 Jefferson Street,2019-03-05,1
1247,Philadelphia,3,+1 215-372-9000,Aka University City,189,True,3,"Cira Centre South, 2929 Walnut Street",2019-03-02,5
1248,Paris,1,+33 1 40 04 43 50,Citadines Bastille Gare De Lyon (Apart Hotel Paris),315,True,3,"18 Rue de Chaligny, 75012",,
1249,Paris,1,+33 1 41 05 79 05,Citadines Didot Montparnasse Paris (Apart Hotel Paris),75,True,3,"94 Rue Didot, 75014",,
1250,Paris,1,+33 1 40 15 14 00,Citadines OpeRa Paris (Apart Hotel Paris),144,True,3,"18 Rue Favart, 75002",,
1251,Paris,1,+33 1 43 13 85 00,Citadines Place D'Italie Paris (Apart Hotel Paris),207,False,3,"18 Place d'Italie, 75013",,
1252,Paris,1,+33 1 41 05 79 05,Citadines RePublique Paris (Apart Hotel Paris),222,True,3,"75 bis Avenue Parmentier, 75011",,
1253,Paris,1,+33 1 53 95 60 00,Citadines Tour Eiffel Paris (Apart Hotel Paris),102,True,3,"132 Boulevard de Grenelle, 75015",,
1254,Paris,1,+33 1 42 57 14 55,Aparthotel Adagio Paris Montmartre,72,True,3,"10 Place Charles Dullin, 75018",2019-03-08,4
1255,Paris,1,+33 1 84 82 49 09,Ac Hotel By Marriott Paris Porte Maillot,456,False,4,"6 Rue Gustave Charpentier, 75017",2019-03-06,6
1256,London,2,+44 20 7613 9800,Ace Hotel London,304,False,4,100 Shoreditch High Street,2019-03-04,4
1257,New York,2,+1 212-302-9088,Citadines Connect Fifth Avenue New York,192,True,3,15 West 45th Street,,
1258,New York,2,+1 520-979-3650,Comfort Inn Midtown West,216,True,3,548 West 48th Street,,
1259,New York,2,+1 718-672-6600,Hampton Inn New York - Laguardia Airport,324,True,3,"102-40 Ditmars Boulevard, East Elmhurst",,
1260,New York,2,+1 212-932-2300,Hi New York City Hostel,186,True,3,891 Amsterdam Avenue,,
1261,New York,2,+1 212-868-6700,Hilton Garden Inn New York Times Square South,216,True,3,326 West 37th Street,,
1262,New York,2,+1 212-248-1100,Hilton Garden Inn Nyc Financial Center/Manhattan Downtown,156,True,3,6 Water Street,,
1263,New York,2,+1 718-659-0200,Hilton New York Jfk Airport,297,True,3,"144-02 135th Avenue, Jamaica",,
1264,New York,2,+1 855-781-0088,Amsterdam Court Hotel,270,True,3,226 West 50th Street,2019-03-08,1
1265,Philadelphia,1,+1 800-228-2800,Fairfield Inn By Marriott Philadelphia Airport,42,False,2,8800 Bartram Avenue,,
1266,Philadelphia,1,+1 215-627-7900,Holiday Inn Express Philadelphia Penns Landing,126,False,2,100 North Christopher Columbus Boulevard,,
1267,Philadelphia,1,+1 800-228-2800,Fairfield Inn & Suites By Marriott Philadelphia Downtown/Center City,100,False,2,261 South 13th Street,2019-03-01,6
1268,London,1,+44 20 7493 4545,45 Park Lane,300,False,5,45 Park Lane,2019-03-10,4
1269,San Diego,1,+1 858-539-8666,Bahia Resort Hotel,174,False,3,998 West Mission Bay Drive,2019-03-08,4
1270,Portland,1,+1 503-251-9991,Best Western Plus Portland Airport Hotel & Suites,42,False,2,11938 Northeast Airport Way,2019-03-04,3
1271,Anaheim,1,+1 714-774-8111,Castle Inn & Suites,27,True,1,1734 Harbor Boulevard,,
1272,Anaheim,1,+1 714-535-1133,Desert Palms Hotel And Suites,138,True,3,631 West Katella Avenue,,
1273,Anaheim,1,+1 714-991-6868,Wyndham Garden Anaheim,216,True,3,515 West Katella Avenue,,
1274,Anaheim,1,+1 714-774-3860,Anaheim Rv Park,174,True,2,200 West Midway Drive,2019-03-05,7
1275,Seattle,1,+1 206-340-1234,Best Western Plus Pioneer Square Hotel Downtown,114,False,3,77 Yesler Way,2019-03-05,4
1276,New York,1,+1 718-388-4433,Bklyn House Hotel,100,True,2,"9 Beaver Street, Brooklyn",2019-03-04,5
1277,Washington D.C.,1,+1 202-337-6620,Arc The.Hotel,75,False,3,"824 New Hampshire Avenue Northwest, Washington, District of Columbia 20037, United States",2019-03-01,5
1278,Paris,2,+33 1 84 82 49 09,Ac Hotel By Marriott Paris Porte Maillot,208,False,4,"6 Rue Gustave Charpentier, 75017",2019-03-10,3
1279,London,1,+44 20 7613 9800,Ace Hotel London,240,False,4,100 Shoreditch High Street,2019-03-08,6
1280,Washington D.C.,3,+1 202-337-6620,Arc The.Hotel,306,False,3,"824 New Hampshire Avenue Northwest, Washington, District of Columbia 20037, United States",,
1281,Washington D.C.,3,+1 202-299-1188,"Cambria Hotel Washington, D.C. Convention Center",333,False,3,"899 O Street Northwest, Washington, District of Columbia 20001, United States",,
1282,Washington D.C.,3,+1 202-543-6000,Capitol Hill Hotel,297,False,3,"200 C Street Southeast, Washington, DC 20003, USA",,
1283,Washington D.C.,3,+1 202-479-0027,Courtyard By Marriott Washington Capitol Hill/Navy Yard,306,False,3,"140 L Street Southeast, Washington, DC 20003, USA",,
1284,Washington D.C.,3,+1 202-332-9300,"Courtyard By Marriott Washington, Dc/Dupont Circle",351,False,3,"1900 Connecticut Avenue Northwest, Washington, DC 20009, USA",,
1285,Washington D.C.,3,+1 202-337-6620,Arc The.Hotel,261,False,3,"824 New Hampshire Avenue Northwest, Washington, District of Columbia 20037, United States",2019-03-04,7
1286,San Diego,2,+1 858-488-1081,Catamaran Resort Hotel And Spa,296,False,4,3999 Mission Boulevard,,
1287,San Diego,2,+1 619-231-4040,Hilton San Diego Gaslamp Quarter,360,False,4,401 K Street,,
1288,San Diego,2,+1 619-543-9000,Hilton San Diego Mission Valley,224,False,4,901 Camino del Rio South,,
1289,San Diego,2,+1 619-727-4000,Hotel Indigo San Diego-Gaslamp Quarter,264,False,4,509 Ninth Avenue,,
1290,San Diego,2,+1 888-828-5498,Grande Colonial La Jolla,252,False,4,"910 Prospect Street, La Jolla, CA 92037, USA",2019-03-09,4
1291,San Diego,1,+1 858-488-1081,Catamaran Resort Hotel And Spa,296,False,4,3999 Mission Boulevard,2019-03-01,6
1292,Chicago,2,+1 312-225-7000,Chicago South Loop Hotel,150,True,3,11 West 26th Street,,
1293,Chicago,3,+1 312-214-6400,"Club Quarters Hotel, Central Loop",180,True,3,111 West Adams Street,,
1294,Chicago,2,+1 312-419-9014,Hampton Inn Chicago Downtown/N Loop/Michigan Ave,120,True,3,68 East Wacker Place,,
1295,Chicago,3,+1 312-265-5800,Hampton Inn Chicago North-Loyola Station,261,True,3,1209 West Albion Avenue,,
1296,Chicago,2,+1 312-791-1121,Hilton Garden Inn Chicago Mccormick Place,144,True,3,123 East Cermak Road Suite 300 Suite 300,,
1297,Chicago,3,+1 312-644-2222,Homewood Suites By Hilton Chicago-Downtown,279,True,3,40 East Grand Avenue,,
1298,Chicago,2,+1 312-986-1234,Hotel Blake Chicago,228,True,3,500 South Dearborn Street,,
1299,Chicago,2,+1 312-894-0800,Acme Hotel Company Chicago,168,True,3,15 East Ohio Street,2019-03-03,4
1300,London,1,+44 20 7493 4545,45 Park Lane,360,False,5,45 Park Lane,2019-03-09,2
1301,Atlanta,1,+1 404-524-5555,Ac Hotel By Marriott Atlanta Downtown,180,False,3,101 Andrew Young International Boulevard Northwest,2019-03-09,3
1302,Atlanta,1,+1 404-524-5555,Ac Hotel By Marriott Atlanta Downtown,216,False,3,101 Andrew Young International Boulevard Northwest,2019-03-06,3
1303,Seattle,1,+1 206-448-4721,Ace Hotel Seattle,210,False,2,2423 1st Avenue,2019-03-03,7
1304,Philadelphia,1,+1 215-372-9000,Aka University City,216,True,3,"Cira Centre South, 2929 Walnut Street",2019-03-05,5
1305,Philadelphia,1,+1 215-607-2020,Aloft Philadelphia Downtown,72,False,3,101 North Broad Street,2019-03-03,7
1306,Toronto,1,+1 416-551-2800,Bisha Hotel Toronto,252,True,4,80 Blue Jays Way,,
1307,Toronto,1,+1 416-736-4700,Comfort Inn Toronto North,132,True,2,"66 Norfinch Drive, North York, Ontario M3N 1X1, Canada",,
1308,Toronto,1,+1 416-674-2222,Doubletree By Hilton Toronto Airport,40,True,2,"925 Dixon Road, Etobicoke, Ontario M9W 1J8, Canada",,
1309,Toronto,1,+1 855-958-3488,Executive Hotel Cosmopolitan Toronto,264,True,4,8 Colborne Street,,
1310,Toronto,1,+1 416-242-6600,Pearson Hotel And Conference Centre Toronto Airport,204,True,2,"240 Belfield Road, Etobicoke, Ontario M9W 1H3, Canada",,
1311,Toronto,1,+1 416-599-8800,Soho Metropolitan Hotel,100,True,4,318 Wellington Street West,,
1312,Toronto,1,+1 416-249-8171,Toronto Plaza Hotel,192,True,3,"1677 Wilson Avenue, North York, Ontario M3L 1A5, Canada",,
1313,Toronto,1,+1 416-551-2800,Bisha Hotel Toronto,372,True,4,80 Blue Jays Way,2019-03-01,4
1314,Los Angeles,2,+1 310-553-6561,Beverly Hills Marriott,176,False,4,1150 South Beverly Drive,2019-03-07,3
1315,San Diego,1,+1 619-275-5700,Best Western Mission Bay,140,False,2,2575 Clairemont Drive,2019-03-02,5
1316,New York,1,+1 833-625-6111,1 Hotel Brooklyn Bridge,120,True,4,"60 Furman Street, Brooklyn",2019-03-08,4
1317,San Francisco,2,+1 415-621-8212,Beck'S Motor Lodge,156,False,2,2222 Market Street,2019-03-08,4
1318,Vancouver,1,+1 604-254-1000,Atrium Inn Vancouver,150,False,3,2889 East Hastings Street,2019-03-01,2
1319,London,2,+44 20 7581 0103,Astor Hyde Park Hostel,40,False,1,191 Queen's Gate,,
1320,London,2,+44 20 7834 3077,Astor Victoria Hostel,72,False,1,"Victoria Hotel, 71 Belgrave Road",,
1321,London,3,+44 20 7834 1379,Easyhotel London Victoria,66,False,1,34-40 Belgrave Road,,
1322,London,2,+44 20 7456 0400,Point A Hotel London - Liverpool Street,62,False,1,13-15 Folgate Street,,
1323,London,2,+44 20 7633 9317,Point A Hotel London - Westminster,70,False,1,118-120 Westminster Bridge Road,,
1324,London,3,+44 20 7262 8684,Smart Hyde Park View Hostel,111,False,1,16 Leinster Terrace,,
1325,London,3,+44 20 7833 8818,Smart Russell Square Hostel,78,True,1,71-72 Guilford Street,,
1326,London,1,+44 20 8563 8692,Abercorn House,76,False,1,28-30 Bute Gardens,2019-03-01,6
1327,Washington D.C.,1,+1 202-337-6620,Arc The.Hotel,162,False,3,"824 New Hampshire Avenue Northwest, Washington, District of Columbia 20037, United States",2019-03-07,5
1328,Anaheim,1,+1 714-774-8111,Castle Inn & Suites,40,True,1,1734 Harbor Boulevard,2019-03-03,6
1329,San Francisco,1,+1 415-621-8212,Beck'S Motor Lodge,70,False,2,2222 Market Street,2019-03-01,7
1330,Paris,1,+33 1 84 82 49 09,Ac Hotel By Marriott Paris Porte Maillot,208,False,4,"6 Rue Gustave Charpentier, 75017",2019-03-10,3
1331,Chicago,2,+1 312-981-6600,Ac Hotel By Marriott Chicago Downtown,342,False,3,630 North Rush Street,,
1332,Chicago,2,+1 312-764-1919,Ace Hotel Chicago,444,False,4,311 North Morgan Street,,
1333,Chicago,2,+1 312-661-1000,Aloft Chicago Downtown River North,225,False,3,515 North Clark Street,,
1334,Chicago,2,+1 312-429-6600,Aloft Chicago Mag Mile,342,False,3,243 East Ontario Street,,
1335,Chicago,2,+1 888-506-3471,Ambassador Chicago,264,False,4,1301 North State Parkway,,
1336,Chicago,2,+1 773-244-3434,Best Western Plus Hawthorne Terrace Hotel,174,False,2,3434 N Broadway Ave,,
1337,Chicago,2,+1 312-467-0800,Best Western River North Hotel,333,False,3,125 West Ohio Street,,
1338,Chicago,2,+1 773-288-5800,Chicago Lake Shore Hotel,204,True,3,"3250, 4900B South Lake Shore Drive",,
1339,Chicago,2,+1 773-693-4444,Chicago Marriott O'Hare,252,False,3,8535 West Higgins Road,,
1340,Chicago,2,+1 312-214-6400,"Club Quarters Hotel, Central Loop",180,True,3,111 West Adams Street,,
1341,Chicago,2,+1 312-894-0800,Acme Hotel Company Chicago,297,True,3,15 East Ohio Street,2019-03-02,6
1342,Las Vegas,3,+1 702-638-1800,Budget Suites Of America,93,True,1,2219 North Rancho Drive,2019-03-05,5
1343,London,3,+44 20 7493 4545,45 Park Lane,375,False,5,45 Park Lane,,
1344,London,1,+44 20 7402 0281,Abbey Court Hotel (Hyde Park),93,True,3,Sussex Gardens,,
1345,London,2,+44 20 8563 8692,Abercorn House,70,False,1,28-30 Bute Gardens,,
1346,London,3,+44 20 7407 7566,Accommodation London Bridge,324,False,3,58 Great Dover Street,,
1347,London,2,+44 20 7613 9800,Ace Hotel London,296,False,4,100 Shoreditch High Street,,
1348,London,1,+44 20 7834 0205,Airways Hotel London Victoria,84,True,3,29-31 Saint George's Drive,,
1349,London,2,+44 20 7523 5052,Amba Hotel Charing Cross,296,False,4,Strand,,
1350,London,3,+44 20 7523 5060,Amba Hotel Marble Arch,264,False,4,Bryanston Street,,
1351,London,2,+44 20 7693 5400,Ambassadors Bloomsbury Hotel,160,False,4,12 Upper Woburn Place,,
1352,London,2,+44 844 567 8955,Antoinette Hotel Wimbledon,162,False,3,"The Broadway SW19 1SD, United Kingdom",,
1353,Phoenix,1,+1 602-852-6500,Ac Hotel By Marriott Phoenix Biltmore,117,False,3,2811 East Camelback Road,,
1354,Phoenix,1,+1 602-275-6300,Aloft Phoenix-Airport,72,False,3,4450 East Washington Street,,
1355,Phoenix,2,+1 877-800-4888,Arizona Grand Resort & Spa,256,True,4,8000 Arizona Grand Parkway,,
1356,Phoenix,1,+1 602-603-2001,Courtyard By Marriott Phoenix Downtown,114,False,3,132 South Central Avenue,,
1357,Phoenix,3,+1 602-273-7778,Crowne Plaza Phoenix Airport,261,False,3,4300 East Washington Street,,
1358,Phoenix,3,+1 602-225-0500,Doubletree Suites By Hilton Hotel Phoenix,297,False,3,320 North 44th Street,,
1359,Phoenix,2,+1 623-879-8800,Drury Inn & Suites Phoenix Happy Valley,120,False,3,2335 West Pinnacle Peak Road,,
1360,Phoenix,1,+1 602-957-1910,Embassy Suites By Hilton Phoenix Airport,99,True,3,2333 East Thomas Road,,
1361,Phoenix,3,+1 602-955-3992,Embassy Suites By Hilton Phoenix Biltmore,198,False,3,2630 East Camelback Road,,
1362,Phoenix,2,+1 602-222-1111,Embassy Suites By Hilton Phoenix Downtown North,216,True,3,10 East Thomas Road,,
1363,Paris,3,+33 1 84 82 49 09,Ac Hotel By Marriott Paris Porte Maillot,432,False,4,"6 Rue Gustave Charpentier, 75017",,
1364,Paris,3,+33 1 49 52 99 70,Amastan Paris,432,False,4,"34 Rue Jean Mermoz, 75008",,
1365,Paris,1,+33 1 44 72 42 00,Aparthotel Adagio Access Paris La Villette,108,False,3,"28bis Avenue Corentin Cariou, 75019",,
1366,Paris,3,+33 1 42 57 14 55,Aparthotel Adagio Paris Montmartre,225,True,3,"10 Place Charles Dullin, 75018",,
1367,Paris,1,+33 1 42 85 50 00,Avalon Hotel Paris Gare Du Nord,114,False,3,"131 Boulevard de Magenta, 75010",,
1368,Paris,1,+33 1 45 38 52 59,Best Western Bretagne Montparnasse,104,True,4,"33 Rue Raymond Losserand, 75014",,
1369,Paris,2,+33 1 43 37 81 25,Best Western Plus La Demeure HoTel,224,False,4,"51 Boulevard Saint-Marcel, 75013",,
1370,Paris,2,+33 1 40 43 02 33,Bob Hotel By Elegancia,200,True,4,"30 Rue Pernety, 75014",,
1371,Paris,1,+33 1 44 30 10 00,Brach Paris,140,True,5,"1-7 Rue Jean Richepin, 75016",,
1372,Paris,3,+33 1 83 96 88 88,Buddha-Bar Hotel Paris,345,True,5,"4 Rue d'Anjou, 75008",,
1373,London,1,+44 20 7702 2020,Apex City Of London Hotel,100,False,4,1 Seething Lane,,
1374,London,1,+44 20 7562 3030,Apex London Wall Hotel,120,False,4,7-9 Copthall Avenue,,
1375,London,1,+44 20 3004 4141,Apex Temple Court Hotel,144,False,4,"1-2, Serjeant's Inn",,
1376,London,2,+44 20 3019 8610,Artist Residence London,176,True,4,52 Cambridge Street,,
1377,London,1,+44 333 003 4239,Best Western Mornington Hotel,100,True,4,12 Lancaster Gate,,
1378,London,2,+44 20 8455 5220,Best Western Palm Hotel,256,False,4,64-76 Hendon Way,,
1379,Seattle,2,+1 206-213-0100,Courtyard By Marriott Seattle Downtown/Lake Union,216,False,3,925 Westlake Avenue North,,
1380,Seattle,2,+1 206-859-4400,Embassy Suites By Hilton Seattle Downtown Pioneer Square,192,True,3,255 South King Street,,
1381,Seattle,2,+1 206-596-2302,Even Hotel Seattle Downtown - Lake Union,138,False,3,527 Fairview Avenue North,,
1382,Seattle,1,+1 206-448-9444,Executive Inn By The Space Needle,87,False,3,200 Taylor Avenue North,,
1383,Seattle,3,+1 206-282-2600,Four Points By Sheraton Downtown Seattle Center,288,False,3,601 Roy Street,,
1384,Seattle,3,+1 206-634-2000,Graduate Seattle,189,False,3,4507 Brooklyn Avenue Northeast,,
1385,Seattle,2,+1 206-282-7700,Hampton Inn & Suites Seattle-Downtown,228,False,3,700 5th Avenue North,,
1386,Seattle,2,+1 206-467-7770,Hilton Garden Inn Seattle Downtown,234,False,3,1821 Boren Avenue,,
1387,Seattle,3,+1 206-624-0500,Hilton Seattle,261,False,3,1301 6th Avenue,,
1388,New York,1,+1 212-235-1111,11 Howard,66,True,3,11 Howard Street,,
1389,New York,1,+1 718-631-5900,Adria Hotel & Conference Center,210,True,3,"221-17 Northern Boulevard, Bayside",,
1390,New York,1,+1 212-749-4000,Aloft Harlem,111,False,3,2296 Frederick Douglass Boulevard,,
1391,New York,1,+1 718-433-9305,Aloft Long Island City-Manhattan View,252,False,3,"27-45 Jackson Avenue, Long Island City, NY 11101, USA",,
1392,New York,1,+1 212-513-0003,Aloft Manhattan Downtown - Financial District,78,False,3,49-53 Ann Street,,
1393,New York,1,+1 718-256-3833,Aloft New York Brooklyn,234,False,3,"216 Duffield Street, Brooklyn, NY 11201, USA",,
1394,New York,1,+1 718-512-0248,Aloft New York Laguardia Airport,225,False,3,"100-15 Ditmars Boulevard, East Elmhurst, NY 11369, USA",,
1395,New York,1,+1 212-247-5000,Ameritania At Times Square,174,False,3,230 West 54th Street #5502,,
1396,New York,1,+1 212-459-1000,Amsterdam Court Hotel,198,True,3,226 West 50th Street,,
1397,New York,1,+1 212-245-7000,Belvedere Hotel,63,False,3,319 West 48th Street,,
1398,London,2,+44 20 7402 0281,Abbey Court Hotel (Hyde Park),174,True,3,Sussex Gardens,,
1399,London,2,+44 20 7834 0205,Airways Hotel London Victoria,270,True,3,29-31 Saint George's Drive,,
1400,London,2,+44 20 3953 4251,Assembly Hotel London,216,True,3,27 - 31 Charing Cross Road,,
1401,London,2,+44 20 7221 2220,Berjaya Eden Park Hotel,132,True,3,35-39 Inverness Terrace,,
1402,London,2,+44 333 003 4239,Best Western Mornington Hotel,456,True,4,12 Lancaster Gate,,
1403,London,2,+44 333 003 5239,Best Western Swiss Cottage Hotel,306,True,3,4 Adamson Road,,
1404,London,2,+44 871 222 0042,Britannia International Hotel,288,True,4,Marsh Wall,,
1405,London,2,+44 20 7262 0537,Central London Budget Hotel,124,True,2,12 Westbourne Street,,
1406,London,2,+44 20 7233 6636,Comfort Inn Victoria London,225,True,3,18-24 Belgrave Road,,
1407,Delhi,1,+91 11 4565 0000,Aloft New Delhi Aerocity,110,False,5,"5B IGI T3 Road Delhi, Aerocity, New Delhi",,
1408,Delhi,1,+91 11 4903 1234,Andaz Delhi - A Concept By Hyatt,175,False,5,"Asset No.1, Aerocity, New Delhi",,
1409,Delhi,1,+91 11 4122 5666,Bloomrooms @ New Delhi Railway Station,117,True,3,"Railway Station, 8591, Arakashan Road, opp. New Delhi, Paharganj, New Delhi",,
1410,Delhi,1,+91 11 4103 4591,Calista Resort,81,True,3,"37/2-4 Old, National Highway 48, Kapas Hera, New Delhi",,
1411,Delhi,1,+91 11 4110 2222,Crowne Plaza New Delhi Mayur Vihar Noida,88,True,4,"13 B, District Centre, Mayur Vihar, New Delhi",,
1412,Delhi,1,+91 11 4646 2000,Crowne Plaza New Delhi Okhla,120,True,5,"Plot No 1, Community Center, Okhla Phase I, New Delhi",,
1413,Delhi,3,+91 124 419 6666,Fortune Select Global - Hotel In Gurgaon,468,True,4,"Global Arcade, Mehrauli-Gurgaon Road, Gurugram, Haryana 122002, India",,
1414,Delhi,2,+91 11 6604 0000,"Four Points By Sheraton New Delhi, Airport Highway",264,False,4,"Plot no 9, National Highway - 8, Samalka, New Delhi",,
1415,Delhi,2,+91 11 2326 1000,Haveli Dharampura,256,True,4,"2293, Dharampura, Gali Gulian, Jama Masjid, Chandni Chowk, Old",,
1416,Delhi,3,+91 11 3919 1919,Hilton Garden Inn New Delhi/Saket,432,True,4,"A4, DLF Place, Saket District Centre, New Delhi",,
1417,Delhi,2,+91 11 4565 0000,Aloft New Delhi Aerocity,420,False,5,"5B IGI T3 Road Delhi, Aerocity, New Delhi",,
1418,Delhi,2,+91 11 4903 1234,Andaz Delhi - A Concept By Hyatt,340,False,5,"Asset No.1, Aerocity, New Delhi",,
1419,Delhi,2,+91 11 4122 5666,Bloomrooms @ New Delhi Railway Station,225,True,3,"Railway Station, 8591, Arakashan Road, opp. New Delhi, Paharganj, New Delhi",,
1420,Delhi,2,+91 11 4103 4591,Calista Resort,234,True,3,"37/2-4 Old, National Highway 48, Kapas Hera, New Delhi",,
1421,Delhi,2,+91 11 4110 2222,Crowne Plaza New Delhi Mayur Vihar Noida,216,True,4,"13 B, District Centre, Mayur Vihar, New Delhi",,
1422,Delhi,2,+91 11 4646 2000,Crowne Plaza New Delhi Okhla,370,True,5,"Plot No 1, Community Center, Okhla Phase I, New Delhi",,
1423,Delhi,2,+91 124 419 6666,Fortune Select Global - Hotel In Gurgaon,468,True,4,"Global Arcade, Mehrauli-Gurgaon Road, Gurugram, Haryana 122002, India",,
1424,Delhi,2,+91 11 3919 1919,Hilton Garden Inn New Delhi/Saket,432,True,4,"A4, DLF Place, Saket District Centre, New Delhi",,
1425,Sydney,3,+61 2 9265 8888,1831 Boutique Hotel,225,True,3,631-635 George Street,,
1426,Sydney,2,+61 2 9102 2828,28 Hotel Sydney,312,False,4,"28 Regent Street, Chippendale New South Wales 2008, Australia",,
1427,Sydney,2,+61 2 9011 5757,57 Hotel,272,False,4,"57 Foveaux Street, Surry Hills New South Wales 2010, Australia",,
1428,Sydney,3,+61 2 9300 4800,Adina Apartment Hotel Bondi Beach Sydney,408,False,4,"69/73 Hall Street, Bondi Beach New South Wales 2026, Australia",,
1429,Sydney,1,+61 2 9578 6000,Adina Apartment Hotel Coogee Sydney,84,False,4,"183 Coogee Bay Road, Coogee New South Wales 2034, Australia",,
1430,Sydney,1,+61 2 9381 2000,Adina Apartment Hotel Sydney Airport,132,False,4,"17 Bourke Road, Mascot New South Wales 2020, Australia",,
1431,Sydney,3,+61 2 8396 9800,Adina Apartment Hotel Sydney Central,252,False,4,"2 Lee Street, Haymarket New South Wales 2000, Australia",,
1432,Sydney,3,+61 2 9249 7000,Adina Apartment Hotel Sydney Darling Harbour,432,True,4,55 Shelley Street,,
1433,Sydney,1,+61 2 8302 1000,Adina Apartment Hotel Sydney Surry Hills,124,True,4,"359 Crown Street, Surry Hills New South Wales 2010, Australia",,
1434,Sydney,3,+61 2 9274 0000,Adina Apartment Hotel Sydney Town Hall,276,False,4,511 Kent Street,,
1435,London,1,+44 20 7407 7566,Accommodation London Bridge,324,False,3,58 Great Dover Street,,
1436,London,1,+44 844 567 8955,Antoinette Hotel Wimbledon,162,False,3,"The Broadway SW19 1SD, United Kingdom",,
1437,London,1,+44 20 7247 3313,Arbor City Hotel,222,False,3,12-20 Osborn Street,,
1438,London,1,+44 20 7402 5447,Ascot Hyde Park Hotel,198,False,3,11 Craven Road,,
1439,London,1,+44 20 3953 4251,Assembly Hotel London,216,True,3,27 - 31 Charing Cross Road,,
1440,London,1,+44 20 7636 4133,Astor Court Hotel,261,False,3,"20 Hallam Street, Oxford Circus",,
1441,London,1,+44 20 7244 5700,Avni Kensington Hotel,84,False,3,40-44 Harrington Gardens,,
1442,London,1,+44 20 7727 8621,Bayswater Inn Hotel,234,False,3,8-16 Prince's Square,,
1443,Los Angeles,1,+1 323-852-7000,Ac Hotel By Marriott Beverly Hills,75,False,3,6399 Wilshire Boulevard,,
1444,Los Angeles,1,+1 818-997-7676,Airtel Plaza Hotel,270,False,3,"7277 Valjean Avenue, Van Nuys, California 91406, United States",,
1445,Los Angeles,1,+1 818-765-2900,Best Western Burbank Airport Inn,96,False,3,"7615 Lankershim Boulevard, North Hollywood, California 91605, United States",,
1446,Los Angeles,1,+1 310-514-1414,Best Western Plus San Pedro Hotel & Suites,198,False,3,"111 South Gaffey Street, San Pedro, CA 90731, USA",,
1447,Los Angeles,1,+1 310-556-2777,Courtyard By Marriott Los Angeles Century City/Beverly Hills,243,False,3,10320 West Olympic Boulevard,,
1448,Los Angeles,1,+1 213-443-9222,Courtyard By Marriott Los Angeles L.A. Live,216,False,3,901 West Olympic Boulevard,,
1449,Los Angeles,1,+1 310-649-1400,Courtyard By Marriott Los Angeles Lax/Century Boulevard,162,False,3,6161 West Century Boulevard,,
1450,Los Angeles,1,+1 818-981-5400,Courtyard By Marriott Los Angeles Sherman Oaks,324,False,3,"15433 Ventura Boulevard, Sherman Oaks, CA 91403, USA",,
1451,Los Angeles,1,+1 310-519-8200,Crowne Plaza Los Angeles Harbor Hotel,252,False,3,"601 South Palos Verdes Street, San Pedro, California 90731, United States",,
1452,Los Angeles,1,+1 310-514-3344,Doubletree By Hilton Hotel San Pedro - Port Of Los Angeles,234,False,3,"2800 Via Cabrillo-Marina, San Pedro, CA 90731, USA",,
1453,Chicago,3,+1 312-981-6600,Ac Hotel By Marriott Chicago Downtown,324,False,3,630 North Rush Street,,
1454,Chicago,2,+1 312-894-0800,Acme Hotel Company,180,True,3,15 East Ohio Street,,
1455,Chicago,1,+1 312-661-1000,Aloft Chicago Downtown River North,75,False,3,515 North Clark Street,,
1456,Chicago,3,+1 312-429-6600,Aloft Chicago Mag Mile,252,False,3,243 East Ontario Street,,
1457,Chicago,3,+1 312-467-0800,Best Western River North Hotel,198,False,3,125 West Ohio Street,,
1458,Chicago,3,+1 773-288-5800,Chicago Lake Shore Hotel,198,True,3,4900B South Lake Shore Drive #3250,,
1459,Chicago,1,+1 312-491-1234,Chicago Marriott At Medical District/Uic,63,False,3,"625 South Ashland Avenue At, West Harrison Street",,
1460,Chicago,1,+1 773-693-4444,Chicago Marriott O'Hare,84,False,3,8535 West Higgins Road,,
1461,Chicago,3,+1 312-225-7000,Chicago South Loop Hotel,180,True,3,11 West 26th Street,,
1462,Chicago,1,+1 312-776-2509,Comfort Suites Michigan Avenue - Loop,117,False,3,320 North Michigan Avenue,,
1463,Washington D.C.,2,+1 202-337-6620,Arc The. Hotel Washington D.C.,180,False,3,"824 New Hampshire Avenue Northwest, Washington, DC 20037, USA",,
1464,Washington D.C.,1,+1 202-299-1188,"Cambria Hotel Washington, D.C. Convention Center",60,False,3,"899 O Street Northwest, Washington, DC 20001, USA",,
1465,Washington D.C.,1,+1 202-543-6000,Capitol Hill Hotel,96,False,3,"200 C Street Southeast, Washington, DC 20003, USA",,
1466,Washington D.C.,2,+1 202-463-6400,"Club Quarters Hotel In Washington, D.C.",138,False,3,"839 17th Street Northwest, Washington, District of Columbia 20006, United States",,
1467,Washington D.C.,3,+1 202-682-5300,Comfort Inn Downtown Dc/Convention Center,156,False,2,"1201 13th Street Northwest, Washington, District of Columbia 20005, United States",,
1468,Washington D.C.,3,+1 202-479-0027,Courtyard By Marriott Washington Capitol Hill/Navy Yard,189,False,3,"140 L Street Southeast, Washington, DC 20003, USA",,
1469,Washington D.C.,3,+1 202-589-1800,Courtyard By Marriott Washington Downtown/Convention Center,225,False,3,"901 L Street Northwest, Washington, DC 20001, USA",,
1470,Washington D.C.,3,+1 202-332-9300,"Courtyard By Marriott Washington, Dc/Dupont Circle",234,False,3,"1900 Connecticut Avenue Northwest, Washington, DC 20009, USA",,
1471,Washington D.C.,3,+1 202-296-5700,"Courtyard By Marriott Washington, Dc/Foggy Bottom",189,False,3,"515 20th Street Northwest, Washington, DC 20006, USA",,
1472,Washington D.C.,3,+1 202-244-5600,Days Inn By Wyndham Washington Dc/Connecticut Avenue,120,False,2,"4400 Connecticut Avenue Northwest, Washington, District of Columbia 20008, United States",,
1473,London,3,+44 20 7581 0103,Astor Hyde Park Hostel,90,False,1,191 Queen's Gate,,
1474,London,2,+44 20 7834 3077,Astor Victoria Hostel,48,False,1,"Victoria Hotel, 71 Belgrave Road",,
1475,London,3,+44 20 7183 9400,Clink261,90,False,1,261-265 Grays Inn Road,,
1476,London,1,+44 20 7706 9911,Easyhotel London Paddington,23,False,1,10 Norfolk Place,,
1477,London,3,+44 20 7834 1379,Easyhotel London Victoria,60,False,1,34-40 Belgrave Road,,
1478,London,3,+44 20 7456 0400,Point A Hotel London - Liverpool Street,102,False,1,13-15 Folgate Street,,
1479,London,3,+44 20 7633 9317,Point A Hotel London - Westminster,84,False,1,118-120 Westminster Bridge Road,,
1480,London,1,+44 20 7229 0000,Smart Hyde Park Inn Hostel,22,False,1,48-50 Inverness Terrace,,
1481,London,3,+44 20 7262 8684,Smart Hyde Park View Hostel,93,False,1,16 Leinster Terrace,,
1482,London,1,+44 20 8563 8692,Abercorn House,70,False,1,28-30 Bute Gardens,,
1483,London,1,+44 20 7581 0103,Astor Hyde Park Hostel,90,False,1,191 Queen's Gate,,
1484,London,1,+44 20 7834 3077,Astor Victoria Hostel,48,False,1,"Victoria Hotel, 71 Belgrave Road",,
1485,London,1,+44 20 7183 9400,Clink261,90,False,1,261-265 Grays Inn Road,,
1486,London,1,+44 20 7834 1379,Easyhotel London Victoria,60,False,1,34-40 Belgrave Road,,
1487,London,1,+44 20 7456 0400,Point A Hotel London - Liverpool Street,102,False,1,13-15 Folgate Street,,
1488,London,1,+44 20 7633 9317,Point A Hotel London - Westminster,84,False,1,118-120 Westminster Bridge Road,,
1489,London,1,+44 20 7262 8684,Smart Hyde Park View Hostel,93,False,1,16 Leinster Terrace,,
1490,London,1,+44 20 7493 4545,45 Park Lane,375,False,5,45 Park Lane,,
1491,London,1,+44 20 7613 9800,Ace Hotel London,296,False,4,100 Shoreditch High Street,,
1492,London,1,+44 20 7523 5052,Amba Hotel Charing Cross,296,False,4,Strand,,
1493,London,1,+44 20 7523 5060,Amba Hotel Marble Arch,264,False,4,Bryanston Street,,
1494,London,1,+44 20 7693 5400,Ambassadors Bloomsbury Hotel,160,False,4,12 Upper Woburn Place,,
1495,Los Angeles,1,+1 323-469-2500,Banana Bungalow Hollywood,21,True,1,"5920 Hollywood Boulevard, Hollywood, California 90028, United States",,
1496,Los Angeles,1,+1 323-851-1800,Best Western Hollywood Plaza Inn,168,False,2,"2011 North Highland Avenue, Hollywood, CA 90068, USA",,
1497,Los Angeles,1,+1 310-834-3400,Best Western Los Angeles Worldport Hotel,210,False,2,"1402 West Pacific Coast Highway, Wilmington, CA 90744, USA",,
1498,Los Angeles,1,+1 323-464-5181,Best Western Plus Hollywood Hills Hotel,80,False,2,"6141 Franklin Avenue, Hollywood, California 90028, United States",,
1499,Los Angeles,1,+1 310-553-6561,Beverly Hills Marriott,152,False,4,1150 South Beverly Drive,,
1500,Los Angeles,1,+1 800-947-7666,Beverly Laurel Motor Hotel,120,True,2,8018 Beverly Boulevard,,
1501,Anaheim,1,+1 714-635-8070,Alamo Inn & Suites,52,False,2,1140 West Katella Avenue,,
1502,Anaheim,3,+1 714-772-5050,Anaheim Desert Inn And Suites,150,False,2,1600 South Harbor Boulevard,,
1503,Anaheim,2,+1 714-774-0950,Anaheim Executive Inn,92,True,2,1800 Lincoln Avenue,,
1504,Anaheim,2,+1 714-778-6565,Anaheim Islander Inn And Suites,156,False,2,424 West Katella Avenue,,
1505,Anaheim,3,+1 714-778-1700,Anaheim Majestic Garden Hotel,207,False,3,900 South Disneyland Drive,,
1506,Anaheim,1,+1 714-782-7600,Anaheim Portofino Inn & Suites,111,False,3,1831 South Harbor Boulevard,,
1507,Anaheim,3,+1 714-634-2106,Ayres Hotel Anaheim,243,True,3,2550 East Katella Avenue,,
1508,Anaheim,3,+1 714-774-1050,Best Western Plus Anaheim Inn,279,False,3,1630 South Harbor Boulevard,,
1509,Anaheim,2,+1 714-776-4800,Best Western Plus Park Place Inn - Mini Suites,132,False,3,1544 South Harbor Boulevard,,
1510,Anaheim,2,+1 714-776-0140,Best Western Plus Pavilions,76,False,1,1176 West Katella Avenue,,
1511,Washington D.C.,2,+1 202-299-1188,"Cambria Hotel Washington, D.C. Convention Center",204,False,3,"899 O Street Northwest, Washington, DC 20001, USA",,
1512,Washington D.C.,2,+1 202-543-6000,Capitol Hill Hotel,261,False,3,"200 C Street Southeast, Washington, DC 20003, USA",,
1513,Washington D.C.,2,+1 202-682-5300,Comfort Inn Downtown Dc/Convention Center,156,False,2,"1201 13th Street Northwest, Washington, District of Columbia 20005, United States",,
1514,Washington D.C.,2,+1 202-479-0027,Courtyard By Marriott Washington Capitol Hill/Navy Yard,189,False,3,"140 L Street Southeast, Washington, DC 20003, USA",,
1515,Washington D.C.,2,+1 202-589-1800,Courtyard By Marriott Washington Downtown/Convention Center,225,False,3,"901 L Street Northwest, Washington, DC 20001, USA",,
1516,Washington D.C.,2,+1 202-332-9300,"Courtyard By Marriott Washington, Dc/Dupont Circle",234,False,3,"1900 Connecticut Avenue Northwest, Washington, DC 20009, USA",,
1517,Washington D.C.,2,+1 202-296-5700,"Courtyard By Marriott Washington, Dc/Foggy Bottom",189,False,3,"515 20th Street Northwest, Washington, DC 20006, USA",,
1518,Washington D.C.,2,+1 202-244-5600,Days Inn By Wyndham Washington Dc/Connecticut Avenue,120,False,2,"4400 Connecticut Avenue Northwest, Washington, District of Columbia 20008, United States",,
1519,Chicago,3,+1 773-929-5380,Chicago Getaway Hostel,105,False,1,616 West Arlington Place,,
1520,Chicago,3,+1 312-521-8000,Soho House Chicago,102,False,1,113-125 North Green Street,,
1521,London,2,+44 20 7523 5060,Amba Hotel Marble Arch,264,False,4,Bryanston Street,,
1522,London,2,+44 20 7702 2020,Apex City Of London Hotel,296,False,4,1 Seething Lane,,
1523,London,2,+44 20 7562 3030,Apex London Wall Hotel,348,False,4,7-9 Copthall Avenue,,
1524,London,2,+44 20 3004 4141,Apex Temple Court Hotel,276,False,4,"1-2, Serjeant's Inn",,
1525,Nairobi,3,+254 719 096000,Crowne Plaza Nairobi,240,False,4,"Kenya Road, Upper Hill",,
1526,Nairobi,3,+254 709 090000,Doubletree By Hilton Nairobi Hurlingham,240,False,4,Ngong Lane Ngong Road,,
1527,Nairobi,1,+254 709 760000,Four Points By Sheraton Nairobi Airport,136,False,4,"9042/1044 Tower Avenue Jomo Kenyatta Intl Airport, Kenya",,
1528,Nairobi,2,+254 20 4075000,Hilton Garden Inn Nairobi Airport,200,False,4,Jomo Kenyatta International Airport Mombasa Road,,
1529,Nairobi,3,+254 709 548000,MoVenpick Hotel & Residences Nairobi,312,True,4,Mkungu Close,,
1530,Nairobi,3,+254 709 498000,Park Inn By Radisson Nairobi Westlands,312,False,4,Waiyaki Way,,
1531,Nairobi,3,+254 709 111000,Sarova Panafric - Hotel In Nairobi,300,True,4,Along Valley Road,,
1532,Nairobi,2,+254 709 240000,Tamarind Tree Hotel,168,True,4,"Nairobi, Kenya",,
1533,Nairobi,3,+254 20 7250000,Trademark Hotel,324,True,4,Limuru Road,,
1534,New York,3,+1 347-696-2500,1 Hotel Brooklyn Bridge,465,True,5,"60 Furman Street, Brooklyn",,
1535,New York,3,+1 212-703-2001,1 Hotel Central Park,510,True,5,1414 6th Avenue,,
1536,New York,2,+1 212-204-3000,6 Columbus - Central Park Hotel,176,True,4,308 West 58th Street,,
1537,New York,3,+1 212-398-2700,Ac Hotel New York Times Square,276,False,4,260 West 40th Street,,
1538,New York,3,+1 212-679-2222,Ace Hotel,396,False,4,20 West 29th Street,,
1539,New York,2,+1 718-631-5900,Adria Hotel & Conference Center,210,True,3,"221-17 Northern Boulevard, Bayside",,
1540,New York,3,+1 646-744-3100,Aka Central Park,324,False,4,42 West 58th Street,,
1541,New York,1,+1 212-752-8888,Aka Sutton Place,104,True,4,330 East 56th Street,,
1542,New York,1,+1 212-764-5700,Aka Times Square,120,False,4,123 West 44th Street,,
1543,Rio de Janeiro,3,+55 21 2548-0011,Atlantico Copacabana Hotel,174,False,2,"Rua Siqueira Campos, 90 - Copacabana",,
1544,Rio de Janeiro,1,+55 21 3609-3500,Best Western Plus Copacabana Design Hotel,120,False,4,"Rua Barata Ribeiro, 173 - Copacabana",,
1545,Rio de Janeiro,3,+55 21 2257-1990,Clh Suites Copacabana Domingos Ferreira,342,True,3,"Rua Domingos Ferreira, 71 - Copacabana",,
1546,Rio de Janeiro,1,+55 21 3202-9450,Copa Sul Hotel,78,False,3,"Avenida Nossa Senhora de Copacabana, 1284 - Copacabana",,
1547,Rio de Janeiro,2,+55 800 600 0995,Everest Rio Hotel,248,True,4,"Rua Prudente de Morais, 1117 - Ipanema",,
1548,Rio de Janeiro,1,+55 21 2526-6600,Granada Hotel,96,True,3,"Avenida Gomes Freire, 530 - Centro",,
1549,Rio de Janeiro,1,+55 21 2153-1800,Grand Mercure Rio De Janeiro Riocentro,145,False,5,"Avenida Salvador Allende, 6555 - Barra da Tijuca",,
1550,Rio de Janeiro,2,+55 21 3348-1000,Hilton Barra Rio De Janeiro,260,True,5,"Avenida Embaixador Abelardo Bueno, 1430",,
1551,Rio de Janeiro,2,+55 21 2042-2730,Hotel Atlantico Tower,210,True,3,"Rua Visconde de Inhauma, 95 - Centro",,
1552,Rio de Janeiro,1,+55 21 2548-6252,Hotel Bandeirantes,108,False,3,"Rua Barata Ribeiro, 548 - Copacabana",,
1553,Rio de Janeiro,1,+55 21 2257-1990,Clh Suites Copacabana Domingos Ferreira,342,True,3,"Rua Domingos Ferreira, 71 - Copacabana",,
1554,Rio de Janeiro,1,+55 21 2042-2730,Hotel Atlantico Tower,210,True,3,"Rua Visconde de Inhauma, 95 - Centro",,
1555,Rio de Janeiro,1,+55 21 3218-1150,Hotel Ibis Copacabana Posto 2,162,False,3,"Rua Ministro Viveiros de Castro, 134 - Copacabana",,
1556,Rio de Janeiro,1,+55 21 3289-9999,Hotel Regina,342,False,3,"Rua Ferreira Viana, 29 - Flamengo",,
1557,Rio de Janeiro,1,+55 21 2125-0200,Hotel Savoy Othon,342,False,3,"Avenida Nossa Senhora de Copacabana, 995 - Copacabana",,
1558,Rio de Janeiro,1,+55 21 3721-2900,Ibis Copacabana Posto 5,105,False,3,"Rua Xavier da Silveira, 82 - Copacabana",,
1559,Rio de Janeiro,1,+55 21 3721-7500,Ibis Rio De Janeiro Barra Da Tijuca,324,False,3,"Avenida Gilberto Amado, 41 - Barra da Tijuca",,
1560,San Diego,2,+1 858-488-0551,Bahia Resort Hotel,144,False,3,998 West Mission Bay Drive,,
1561,San Diego,1,+1 619-275-5700,Best Western Mission Bay,50,False,2,2575 Clairemont Drive,,
1562,San Diego,3,+1 619-233-7500,Best Western Plus Bayside Inn,225,True,3,555 West Ash Street,,
1563,San Diego,2,+1 619-298-4707,Best Western Plus Hacienda Hotel Old Town,144,False,3,4041 Harney Street,,
1564,San Diego,1,+1 619-222-0561,Best Western Plus Island Palms Hotel & Marina,108,False,3,2051 Shelter Island Drive,,
1565,San Diego,2,+1 858-578-6600,Best Western San Diego/Miramar Hotel,88,False,2,9310 Kearny Mesa Road,,
1566,San Diego,3,+1 619-291-1300,Best Western Seven Seas,225,False,3,411 Hotel Circle South,,
1567,San Diego,1,+1 619-224-3254,Best Western Yacht Harbor Hotel,58,False,2,5005 North Harbor Drive,,
1568,San Diego,1,+1 858-488-4700,Blue Sea Beach Hotel,93,False,3,707 Pacific Beach Drive,,
1569,San Diego,2,+1 858-488-1081,Catamaran Resort Hotel And Spa,200,False,4,3999 Mission Boulevard,,
1570,Chicago,1,+1 312-764-1919,Ace Hotel Chicago,96,False,4,311 North Morgan Street,,
1571,Chicago,2,+1 312-787-3700,Ambassador Chicago,176,False,4,1301 North State Parkway,,
1572,Chicago,1,+1 312-787-6000,Cambria Hotel Chicago Magnificent Mile,128,False,4,166 East Superior Street,,
1573,Chicago,1,+1 312-940-3552,Chicago Athletic Association,144,True,4,12 South Michigan Avenue,,
1574,Chicago,3,+1 312-836-0100,Chicago Marriott Downtown Magnificent Mile,444,False,4,540 North Michigan Avenue,,
1575,Chicago,3,+1 312-829-5000,Crowne Plaza Chicago West Loop,468,False,4,25 South Halsted Street,,
1576,Chicago,1,+1 773-686-8000,Hilton Chicago O'Hare Airport,152,False,4,10000 West O'Hare Avenue,,
1577,Chicago,1,+1 312-664-1100,Hilton Chicago/Magnificent Mile Suites,120,False,4,198 East Delaware Place,,
1578,Chicago,1,+1 312-915-0000,"Hotel Emc2, Autograph Collection",92,True,4,228 East Ontario Street,,
1579,Chicago,1,+1 312-447-3440,Hotel Felix,136,True,4,111 West Huron Street,,
1580,Kuala Lumpur,2,+60 3-2268 3888,Alila Bangsar,250,False,5,"East Side, 58, Jalan Ang Seng, Brickfields, 50470",,
1581,Kuala Lumpur,1,+60 3-2723 1188,Aloft Kuala Lumpur Sentral,88,False,4,"No. 5, Jalan Stesen Sentral, 50470 Kuala Lumpur, Wilayah Persekutuan",,
1582,Kuala Lumpur,2,+60 3-2141 2000,Alpha Genesis Hotel,144,True,3,"45, Tengkat Tong Shin, Bukit Bintang, 50200 Kuala Lumpur, Wilayah Persekutuan",,
1583,Kuala Lumpur,1,+60 3-2026 6060,Ancasa Hotel & Spa Kuala Lumpur,81,True,3,"Jalan Tun Tan Cheng Lock, City Centre, 50500 Kuala Lumpur, Wilayah Persekutuan",,
1584,Kuala Lumpur,3,+60 3-2078 0988,Arenaa Star Hotel,180,False,3,"49-51, Jalan Hang Lekiu, 50100",,
1585,Kuala Lumpur,2,+60 3-2113 1888,Banyan Tree Kuala Lumpur,310,True,5,"2, Jalan Conlay, 50450 Kuala Lumpur, Wilayah Persekutuan",,
1586,Kuala Lumpur,1,+60 3-2386 0888,Capri By Fraser Kuala Lumpur,112,True,4,"5, Jalan Kerinchi, Bangsar South, 59200 Kuala Lumpur, Wilayah Persekutuan",,
1587,Kuala Lumpur,2,+60 3-2143 1111,Ceria Hotel Bukit Bintang,132,True,2,"270, Jalan Changkat Thambi Dollah, Pudu, 55100 Wilayah Persekutuan, Wilayah Persekutuan",,
1588,Kuala Lumpur,1,+60 3-2693 2999,Citin Hotel Masjid Jamek,111,True,3,"33, Jalan Melayu, City Centre, 50100 Kuala Lumpur, Wilayah Persekutuan",,
1589,Kuala Lumpur,2,+60 3-2296 1188,Cititel Mid Valley,144,True,3,"Lingkaran Syed Putra, Mid Valley City, 59200",,
1590,Sacramento,1,+1 916-929-7900,Courtyard By Marriott Sacramento Cal Expo,102,False,3,1782 Tribute Road,,
1591,Sacramento,3,+1 916-455-6800,Courtyard By Marriott Sacramento Midtown,180,False,3,4422 Y Street,,
1592,Sacramento,1,+1 916-929-8855,Doubletree By Hilton Hotel Sacramento,90,False,3,2001 Point West Way,,
1593,Sacramento,2,+1 916-326-5000,Embassy Suites By Hilton Sacramento Riverfront Promenade,126,False,3,100 Capitol Mall,,
1594,Sacramento,2,+1 916-263-9000,Four Points By Sheraton Sacramento International Airport,156,False,3,4900 Duckhorn Drive,,
1595,Sacramento,2,+1 916-441-1200,Hawthorn Suites By Wyndham Sacramento,144,False,3,321 Bercut Drive,,
1596,Sacramento,1,+1 916-568-5400,Hilton Garden Inn Sacramento/South Natomas,63,False,3,2540 Venture Oaks Way,,
1597,Sacramento,2,+1 916-922-4700,Hilton Sacramento Arden West,216,False,3,2200 Harvard Street,,
1598,Sacramento,3,+1 916-446-0100,Holiday Inn Sacramento Downtown - Arena,243,False,3,300 J Street,,
1599,Sacramento,2,+1 916-263-9510,Homewood Suites By Hilton Sacramento Airport-Natomas,156,True,3,3001 Advantage Way,,
1600,London,3,+44 20 7402 0281,Abbey Court Hotel (Hyde Park),324,True,3,Sussex Gardens,,
1601,London,3,+44 20 8563 8692,Abercorn House,78,False,1,28-30 Bute Gardens,,
1602,London,3,+44 20 7613 9800,Ace Hotel London,396,False,4,100 Shoreditch High Street,,
1603,London,3,+44 20 7834 0205,Airways Hotel London Victoria,270,True,3,29-31 Saint George's Drive,,
1604,London,3,+44 20 7523 5052,Amba Hotel Charing Cross,324,False,4,Strand,,
1605,London,3,+44 20 7693 5400,Ambassadors Bloomsbury Hotel,408,False,4,12 Upper Woburn Place,,
1606,Los Angeles,3,+1 818-997-7676,Airtel Plaza Hotel,270,False,3,"7277 Valjean Avenue, Van Nuys, California 91406, United States",,
1607,Los Angeles,3,+1 323-851-1800,Best Western Hollywood Plaza Inn,168,False,2,"2011 North Highland Avenue, Hollywood, CA 90068, USA",,
1608,Los Angeles,3,+1 310-834-3400,Best Western Los Angeles Worldport Hotel,210,False,2,"1402 West Pacific Coast Highway, Wilmington, CA 90744, USA",,
1609,Los Angeles,2,+1 323-464-5181,Best Western Plus Hollywood Hills Hotel,80,False,2,"6141 Franklin Avenue, Hollywood, California 90028, United States",,
1610,Los Angeles,2,+1 310-514-1414,Best Western Plus San Pedro Hotel & Suites,198,False,3,"111 South Gaffey Street, San Pedro, CA 90731, USA",,
1611,Los Angeles,2,+1 800-947-7666,Beverly Laurel Motor Hotel,120,True,2,8018 Beverly Boulevard,,
1612,Los Angeles,2,+1 323-852-7000,Ac Hotel By Marriott Beverly Hills,198,False,3,6399 Wilshire Boulevard,,
1613,Los Angeles,2,+1 818-997-7676,Airtel Plaza Hotel,270,False,3,"7277 Valjean Avenue, Van Nuys, California 91406, United States",,
1614,Los Angeles,2,+1 323-469-2500,Banana Bungalow Hollywood,105,True,1,"5920 Hollywood Boulevard, Hollywood, California 90028, United States",,
1615,Los Angeles,2,+1 818-765-2900,Best Western Burbank Airport Inn,243,False,3,"7615 Lankershim Boulevard, North Hollywood, California 91605, United States",,
1616,Los Angeles,2,+1 323-851-1800,Best Western Hollywood Plaza Inn,168,False,2,"2011 North Highland Avenue, Hollywood, CA 90068, USA",,
1617,Los Angeles,2,+1 310-834-3400,Best Western Los Angeles Worldport Hotel,210,False,2,"1402 West Pacific Coast Highway, Wilmington, CA 90744, USA",,
1618,Los Angeles,2,+1 310-553-6561,Beverly Hills Marriott,420,False,4,1150 South Beverly Drive,,
1619,Nairobi,1,+254 709 716000,Azure Hotel Nairobi Westlands,125,True,5,"Lantana Road, Kenya",,
1620,Nairobi,1,+254 20 5147500,Ibis Styles Hotel Westlands Nairobi,102,True,3,"Ibis Styles Hotel Westlands, Kenya",,
1621,Nairobi,2,+254 20 3200000,Intercontinental Nairobi,330,True,5,City-Hall Way,,
1622,Nairobi,1,+254 709 810000,"Radisson Blu Hotel, Nairobi Upper Hill",125,False,5,Elgon Road,,
1623,Paris,1,+33 1 40 04 43 50,Citadines Bastille Gare De Lyon (Apart Hotel Paris),114,True,3,"18 Rue de Chaligny, 75012",,
1624,Paris,2,+33 1 53 90 38 00,Citadines Didot Montparnasse Paris (Apart Hotel Paris),234,True,3,"94 Rue Didot, 75014",,
1625,Paris,2,+33 1 43 13 85 00,Citadines Place D'Italie Paris (Apart Hotel Paris),204,False,3,"18 Place d'Italie, 75013",,
1626,Paris,3,+33 1 55 28 08 20,Citadines RePublique Paris (Apart Hotel Paris),216,True,3,"75 bis Avenue Parmentier, 75011",,
1627,Paris,3,+33 1 56 90 70 00,Citadines TrocadeRo Paris (Apart Hotel Paris),207,True,3,"29 Rue Saint-Didier, 75116",,
1628,Paris,2,+33 1 47 63 65 30,Courcelles Etoile,234,True,3,"184 Rue de Courcelles, 75017",,
1629,Paris,2,+33 1 47 34 07 44,Europe Hotel Paris Eiffel,132,True,3,"103 Boulevard de Grenelle, 75015",,
1630,New York,1,+1 347-696-2500,1 Hotel Brooklyn Bridge,465,True,5,"60 Furman Street, Brooklyn",,
1631,New York,1,+1 212-703-2001,1 Hotel Central Park,510,True,5,1414 6th Avenue,,
1632,New York,1,+1 212-204-3000,6 Columbus - Central Park Hotel,176,True,4,308 West 58th Street,,
1633,New York,1,+1 212-398-2700,Ac Hotel New York Times Square,276,False,4,260 West 40th Street,,
1634,New York,1,+1 212-679-2222,Ace Hotel,396,False,4,20 West 29th Street,,
1635,New York,1,+1 646-744-3100,Aka Central Park,324,False,4,42 West 58th Street,,
1636,San Diego,1,+1 619-881-6200,Comfort Inn & Suites San Diego - Zoo Seaworld Area,78,False,3,2485 Hotel Circle Place,,
1637,San Diego,1,+1 619-221-1900,Courtyard By Marriott San Diego Airport/Liberty Station,108,False,3,2592 Laning Road,,
1638,San Diego,2,+1 858-573-0700,Courtyard By Marriott San Diego Central,138,False,3,8651 Spectrum Center Boulevard,,
1639,San Diego,3,+1 619-446-3000,Courtyard By Marriott San Diego Downtown,297,False,3,530 Broadway,,
1640,Los Angeles,1,+1 323-844-6417,Dream Hollywood,148,True,4,"6417 Selma Avenue, Hollywood, CA 90028, USA",,
1641,Los Angeles,3,+1 213-612-0021,Freehand Los Angeles,372,True,4,416 West 8th Street,,
1642,Los Angeles,3,+1 323-850-0536,Highland Gardens Hotel,192,True,2,7047 Franklin Avenue,,
1643,Los Angeles,1,+1 213-624-0000,Hilton Checkers Los Angeles,140,True,4,535 South Grand Avenue,,
1644,Los Angeles,2,+1 310-410-4000,Hilton Los Angeles Airport,296,True,4,5711 West Century Boulevard,,
1645,Los Angeles,1,+1 323-850-6464,Hollywood Celebrity Hotel,42,True,2,1775 Orchid Avenue,,
1646,Los Angeles,3,+1 310-215-3300,Homewood Suites By Hilton Los Angeles International Airport,225,True,3,6151 West Century Boulevard,,
1647,Los Angeles,3,+1 310-821-2557,Inn At Venice Beach,234,True,3,"327 West Washington Boulevard, Venice, California 90291, United States",,
1648,New York,3,+1 212-252-9090,Aka Wall Street,384,True,4,84 William Street,,
1649,New York,3,+1 212-459-1000,Amsterdam Court Hotel,198,True,3,226 West 50th Street,,
1650,New York,1,+1 212-806-7000,Arlo Nomad,132,True,4,11 East 31st Street,,
1651,New York,1,+1 212-790-8800,Baccarat Hotel,140,True,5,28 West 53rd Street,,
1652,London,2,+44 20 7247 3313,Arbor City Hotel,222,False,3,12-20 Osborn Street,,
1653,London,3,+44 20 7402 5447,Ascot Hyde Park Hotel,198,False,3,11 Craven Road,,
1654,London,3,+44 20 3953 4251,Assembly Hotel London,216,True,3,27 - 31 Charing Cross Road,,
1655,London,3,+44 20 7636 4133,Astor Court Hotel,261,False,3,"20 Hallam Street, Oxford Circus",,
1656,London,2,+44 20 7727 8621,Bayswater Inn Hotel,234,False,3,8-16 Prince's Square,,
1657,Seattle,1,+1 206-464-1980,Crowne Plaza Seattle Downtown,112,False,4,1113 6th Avenue,,
1658,Seattle,3,+1 206-774-1234,Grand Hyatt Seattle,252,False,4,721 Pine Street,,
1659,Seattle,3,+1 206-695-1234,Hyatt At Olive 8,396,False,4,1635 8th Avenue,,
1660,Seattle,3,+1 206-443-3600,Inn At The Market,360,False,4,86 Pine Street,,
1661,Seattle,1,+1 206-624-4844,Kimpton Alexis Hotel,100,False,4,1007 1st Avenue,,
1662,Seattle,3,+1 206-621-1770,Kimpton Hotel Monaco Seattle,348,False,4,1101 4th Avenue,,
1663,Seattle,2,+1 206-624-8000,Kimpton Hotel Vintage Seattle,312,False,4,1100 5th Avenue,,
1664,Seattle,3,+1 206-957-1000,"Loews Hotel 1000, Seattle",336,False,4,1000 1st Avenue,,
1665,Seattle,1,+1 206-971-8000,Motif Seattle,136,False,4,1415 5th Avenue,,
1666,Seattle,2,+1 206-464-1980,Crowne Plaza Seattle Downtown,288,False,4,1113 6th Avenue,,
1667,Seattle,2,+1 206-774-1234,Grand Hyatt Seattle,252,False,4,721 Pine Street,,
1668,Seattle,2,+1 206-448-8600,Hotel Andra,372,False,4,2000 4th Avenue,,
1669,Seattle,2,+1 206-695-1234,Hyatt At Olive 8,396,False,4,1635 8th Avenue,,
1670,Seattle,2,+1 206-443-3600,Inn At The Market,360,False,4,86 Pine Street,,
1671,Seattle,2,+1 206-624-4844,Kimpton Alexis Hotel,444,False,4,1007 1st Avenue,,
1672,Seattle,2,+1 206-621-1770,Kimpton Hotel Monaco Seattle,348,False,4,1101 4th Avenue,,
1673,Seattle,2,+1 206-957-1000,"Loews Hotel 1000, Seattle",336,False,4,1000 1st Avenue,,
1674,Seattle,3,+1 206-448-4721,Ace Hotel Seattle,126,False,2,2423 1st Avenue,,
1675,Seattle,3,+1 206-529-3700,Belltown Inn,174,False,2,2301 3rd Avenue,,
1676,Seattle,1,+1 206-365-8100,Extended Stay America - Seattle - Northgate,70,True,2,13300 Stone Avenue North,,
1677,Seattle,1,+1 206-448-4721,Ace Hotel Seattle,56,False,2,2423 1st Avenue,2019-03-04,5
1678,Seattle,1,+1 206-448-4721,Ace Hotel Seattle,138,False,2,2423 1st Avenue,2019-03-07,7
1679,New York,1,+1 212-226-6400,Crosby Street Hotel,140,False,5,79 Crosby Street,,
1680,New York,1,+1 646-880-1999,Four Seasons Hotel New York Downtown,175,True,5,27 Barclay Street,,
1681,New York,2,+1 212-759-4100,Loews Regency New York,200,True,5,540 Park Avenue,,
1682,New York,3,+1 212-804-8880,Mondrian Park Avenue,555,False,5,444 Park Avenue South,,
1683,New York,3,+1 646-774-1234,Park Hyatt New York,450,False,5,153 West 57th Street,,
1684,New York,3,+1 212-744-1600,"The Carlyle, A Rosewood Hotel",345,False,5,35 East 76th Street,,
1685,New York,3,+1 212-764-6200,"The Chatwal, A Luxury Collection Hotel, New York City",435,False,5,130 West 44th Street,,
1686,New York,1,+1 347-696-2500,1 Hotel Brooklyn Bridge,210,True,5,"60 Furman Street, Brooklyn",2019-03-06,5
1687,London,2,+44 20 7493 4545,45 Park Lane,585,False,5,45 Park Lane,2019-03-03,4
1688,San Diego,1,+1 858-488-0551,Bahia Resort Hotel,114,False,3,998 West Mission Bay Drive,2019-03-05,6
1689,London,3,+44 20 7834 3077,Astor Victoria Hostel,72,False,1,"Victoria Hotel, 71 Belgrave Road",,
1690,London,3,+44 20 7706 9911,Easyhotel London Paddington,99,False,1,10 Norfolk Place,,
1691,London,3,+44 20 7229 0000,Smart Hyde Park Inn Hostel,81,False,1,48-50 Inverness Terrace,,
1692,London,3,+44 20 7581 0103,Astor Hyde Park Hostel,75,False,1,191 Queen's Gate,2019-03-09,4
1693,San Francisco,1,+1 415-673-3277,Amsterdam Hostel San Francisco,54,False,1,749 Taylor Street,,
1694,San Francisco,1,+1 415-563-0800,Argonaut Hotel,208,False,4,495 Jefferson Street,,
1695,San Francisco,1,+1 415-621-8212,Beck'S Motor Lodge,132,False,2,2222 Market Street,,
1696,San Francisco,1,+1 415-626-6103,Bei Hotel San Francisco,198,True,3,50 8th Street,,
1697,San Francisco,1,+1 415-673-2600,Beresford Arms Hotel,207,False,3,701 Post Street,,
1698,San Francisco,1,+1 415-287-3657,Calista Organic Hotel,66,True,3,1485 Bush Street,,
1699,San Francisco,1,+1 415-552-7100,Casa Loma Hotel,52,False,2,610 Fillmore Street,,
1700,San Francisco,1,+1 415-928-5000,Comfort Inn By The Bay,88,False,2,2775 Van Ness Avenue,,
1701,San Francisco,1,+1 415-882-1300,Harbor Court Hotel,104,False,4,165 Steuart Street,,
1702,San Francisco,1,+1 877-828-4478,Hotel G,312,True,4,386 Geary Street,,
1703,San Francisco,1,+1 415-885-2500,Hotel Spero,384,False,4,405 Taylor Street,,
1704,San Francisco,1,+1 415-200-4977,Hotel Via,444,True,4,138 King Street,,
1705,San Francisco,1,+1 415-348-1111,Hotel Zelos San Francisco,144,False,4,12 4th Street,,
1706,San Francisco,1,+1 415-563-0303,Hotel Zeppelin San Francisco,336,False,4,545 Post Street,,
1707,San Francisco,1,+1 415-561-1100,Hotel Zoe Fisherman'S Wharf,312,True,4,425 North Point Street,,
1708,San Francisco,1,+1 415-563-1234,Hyatt Centric Fishermans Wharf San Francisco,192,False,4,555 North Point Street,,
1709,San Francisco,1,+1 415-392-8000,Parc 55 San Francisco - A Hilton Hotel,420,False,4,55 Cyril Magnin Street,,
1710,San Francisco,1,+1 415-563-0800,Argonaut Hotel,296,False,4,495 Jefferson Street,2019-03-08,2
1711,San Francisco,2,+1 415-673-3277,Amsterdam Hostel San Francisco,54,False,1,749 Taylor Street,,
1712,San Francisco,2,+1 415-563-0800,Argonaut Hotel,208,False,4,495 Jefferson Street,,
1713,San Francisco,3,+1 415-621-8212,Beck'S Motor Lodge,132,False,2,2222 Market Street,,
1714,San Francisco,2,+1 415-626-6103,Bei Hotel San Francisco,198,True,3,50 8th Street,,
1715,San Francisco,3,+1 415-673-2600,Beresford Arms Hotel,207,False,3,701 Post Street,,
1716,San Francisco,2,+1 415-928-5000,Comfort Inn By The Bay,88,False,2,2775 Van Ness Avenue,,
1717,San Francisco,1,+1 415-563-0800,Argonaut Hotel,396,False,4,495 Jefferson Street,2019-03-07,5
1718,London,1,+44 20 3019 8610,Artist Residence London,176,True,4,52 Cambridge Street,,
1719,London,1,+44 20 8455 5220,Best Western Palm Hotel,256,False,4,64-76 Hendon Way,,
1720,London,1,+44 20 7613 9800,Ace Hotel London,232,False,4,100 Shoreditch High Street,2019-03-05,7
1721,London,1,+44 20 7613 9800,Ace Hotel London,360,False,4,100 Shoreditch High Street,2019-03-04,6
1722,Kuala Lumpur,1,+60 3-2141 2000,Alpha Genesis Hotel,144,True,3,"45, Tengkat Tong Shin, Bukit Bintang, 50200 Kuala Lumpur, Wilayah Persekutuan",,
1723,Kuala Lumpur,1,+60 3-2078 0988,Arenaa Star Hotel,180,False,3,"49-51, Jalan Hang Lekiu, 50100",,
1724,Kuala Lumpur,1,+60 3-2296 1188,Cititel Mid Valley,144,True,3,"Lingkaran Syed Putra, Mid Valley City, 59200",,
1725,Kuala Lumpur,1,+60 3-9226 3466,City Comfort Hotel,102,True,3,"22, Lorong Thambi 2, Pudu, 55100 Kuala Lumpur, Wilayah Persekutuan",,
1726,Kuala Lumpur,1,+60 3-2030 1888,Cosmo Hotel Kuala Lumpur,192,False,3,"13, 15, Leboh Ampang, City Centre, 50050",,
1727,Kuala Lumpur,1,+60 3-2028 8888,Holiday Inn Express Kuala Lumpur City Centre,234,False,3,"84, Jalan Raja Chulan, 50200 Kuala Lumpur, Wilayah Persekutuan",,
1728,Kuala Lumpur,1,+60 3-2078 6666,Hotel 99 - Chinatown Kuala Lumpur,81,False,3,"44A &, 44B, Jalan Pudu, Bukit Bintang, 55100",,
1729,Kuala Lumpur,1,+60 3-2143 7000,Hotel Capitol Kuala Lumpur,168,True,3,"Jalan Bulan, off, Jalan Bukit Bintang, Bukit Bintang, 55100",,
1730,Kuala Lumpur,1,+60 3-2141 2000,Alpha Genesis Hotel,162,True,3,"45, Tengkat Tong Shin, Bukit Bintang, 50200 Kuala Lumpur, Wilayah Persekutuan",2019-03-04,4
1731,New York,1,+1 347-696-2500,1 Hotel Brooklyn Bridge,345,True,5,"60 Furman Street, Brooklyn",2019-03-08,6
1732,New York,2,+1 347-696-2500,1 Hotel Brooklyn Bridge,420,True,5,"60 Furman Street, Brooklyn",2019-03-01,1
1733,San Diego,1,+1 858-488-0551,Bahia Resort Hotel,117,False,3,998 West Mission Bay Drive,2019-03-01,5
1734,Paris,1,+33 1 42 57 14 55,Aparthotel Adagio Paris Montmartre,225,True,3,"10 Place Charles Dullin, 75018",,
1735,Paris,1,+33 1 53 90 38 00,Citadines Didot Montparnasse Paris (Apart Hotel Paris),234,True,3,"94 Rue Didot, 75014",,
1736,Paris,1,+33 1 43 13 85 00,Citadines Place D'Italie Paris (Apart Hotel Paris),204,False,3,"18 Place d'Italie, 75013",,
1737,Paris,1,+33 1 55 28 08 20,Citadines RePublique Paris (Apart Hotel Paris),216,True,3,"75 bis Avenue Parmentier, 75011",,
1738,Paris,1,+33 1 56 90 70 00,Citadines TrocadeRo Paris (Apart Hotel Paris),207,True,3,"29 Rue Saint-Didier, 75116",,
1739,Paris,1,+33 1 47 63 65 30,Courcelles Etoile,234,True,3,"184 Rue de Courcelles, 75017",,
1740,Paris,1,+33 1 47 34 07 44,Europe Hotel Paris Eiffel,132,True,3,"103 Boulevard de Grenelle, 75015",,
1741,Paris,1,+33 1 44 72 42 00,Aparthotel Adagio Access Paris La Villette,105,False,3,"28bis Avenue Corentin Cariou, 75019",2019-03-01,5
1742,Toronto,1,+1 416-663-9500,Best Western Plus Toronto North York Hotel & Suites,63,False,3,"50 Norfinch Drive, North York, Ontario M3N 1X1, Canada",,
1743,Toronto,1,+1 416-637-7000,Best Western Premier Toronto Airport Carlingview Hotel,93,False,3,"135 Carlingview Drive, Etobicoke, Ontario M9W 5E7, Canada",,
1744,Toronto,2,+1 416-551-2800,Bisha Hotel Toronto,208,True,4,80 Blue Jays Way,,
1745,Toronto,3,+1 416-362-6061,Bond Place Hotel Toronto,342,False,3,65 Dundas Street East,,
1746,Toronto,2,+1 416-368-1990,Cambridge Suites Toronto,168,False,4,15 Richmond Street East,,
1747,Toronto,2,+1 416-736-4700,Comfort Inn Toronto North,96,True,2,"66 Norfinch Drive, North York, Ontario M3N 1X1, Canada",,
1748,Toronto,1,+1 416-675-0411,Courtyard By Marriott Toronto Airport,72,False,3,"231 Carlingview Drive, Etobicoke, Ontario M9W 5E8, Canada",,
1749,Toronto,2,+1 416-924-0611,Courtyard By Marriott Toronto Downtown,204,False,3,475 Yonge Street,,
1750,Toronto,1,+1 416-675-1234,Crowne Plaza Toronto Airport,84,False,3,"33 Carlson Court, Etobicoke, Ontario M9W 6H5, Canada",,
1751,Toronto,2,+1 647-693-6842,Days Inn By Wyndham Toronto East Beaches,104,False,2,1684 Queen Street East,,
1752,Toronto,1,+1 416-663-9500,Best Western Plus Toronto North York Hotel & Suites,99,False,3,"50 Norfinch Drive, North York, Ontario M3N 1X1, Canada",2019-03-10,2
1753,Sydney,3,+61 2 8889 7700,Alpha Hotel Eastern Creek,360,True,4,"Brabham Dr and, Peter Brock Drive, Eastern Creek New South Wales 2766, Australia",,
1754,Sydney,3,+61 2 9291 1900,Apx World Square,372,True,4,"2 Cunningham Street, Haymarket New South Wales 2000, Australia",,
1755,Sydney,3,+61 2 9130 7247,Beach Road Hotel,138,True,2,"71 Beach Road, Bondi Beach NSW 2026, Australia",,
1756,Sydney,3,+61 2 9955 2675,Blues Point Hotel,288,True,3,"116 Blues Point Road, McMahons Point New South Wales 2060, Australia",,
1757,Sydney,2,+61 132007,Breakfree On Clarence,222,True,3,193-195 Clarence Street,,
1758,Sydney,3,+61 2 9284 4500,Breakfree On George,300,True,4,653 George Street,,
1759,Sydney,3,+61 2 9526 1166,Caringbah Hotel,216,True,3,"343 Port Hacking Road, Caringbah New South Wales 2229, Australia",,
1760,Sydney,1,+61 2 9265 8888,1831 Boutique Hotel,234,True,3,631-635 George Street,2019-03-05,2
1761,Toronto,2,+1 416-299-1500,Delta Hotels By Marriott Toronto East,168,False,4,"2035 Kennedy Road, Scarborough, Ontario M1T 3G2, Canada",,
1762,Toronto,2,+1 416-977-5000,Doubletree By Hilton Hotel Toronto Downtown,168,False,4,108 Chestnut Street,,
1763,Toronto,3,+1 416-350-2000,Executive Hotel Cosmopolitan Toronto,240,True,4,8 Colborne Street,,
1764,Toronto,2,+1 416-869-3456,Hilton Toronto,160,False,4,145 Richmond Street West,,
1765,Toronto,2,+1 416-960-5200,Intercontinental Toronto Yorkville,168,False,4,220 Bloor Street West,,
1766,Toronto,1,+1 416-649-7575,Le Germain Hotel Toronto Maple Leaf Square,108,False,4,75 Bremner Boulevard,,
1767,Toronto,2,+1 416-345-9500,Le Germain Hotel Toronto Mercer,184,False,4,30 Mercer Street,,
1768,Toronto,2,+1 416-597-9200,Marriott Downtown At Cf Toronto Eaton Centre,160,False,4,525 Bay Street,,
1769,Toronto,1,+1 416-551-2800,Bisha Hotel Toronto,112,True,4,80 Blue Jays Way,2019-03-02,7
1770,Paris,1,+33 1 84 82 49 09,Ac Hotel By Marriott Paris Porte Maillot,112,False,4,"6 Rue Gustave Charpentier, 75017",2019-03-02,5
1771,Washington D.C.,3,+1 202-289-7600,Eaton Dc,306,True,3,"1201 K Street Northwest, Washington, District of Columbia 20005, United States",,
1772,Washington D.C.,1,+1 202-362-9300,Embassy Suites By Hilton Washington Dc Chevy Chase Pavilion,99,False,3,"4300 Military Road Northwest, Washington, District of Columbia 20015, United States",,
1773,Washington D.C.,2,+1 202-337-6620,Arc The. Hotel Washington D.C.,306,False,3,"824 New Hampshire Avenue Northwest, Washington, DC 20037, USA",2019-03-01,3
1774,Anaheim,2,+1 714-774-8111,Castle Inn & Suites,70,True,1,1734 Harbor Boulevard,,
1775,Anaheim,2,+1 714-776-0140,Best Western Plus Pavilions,76,False,1,1176 West Katella Avenue,2019-03-04,7
1776,Chicago,1,+1 312-922-2900,Best Western Grant Park Hotel,64,False,2,1100 South Michigan Avenue,,
1777,Chicago,1,+1 773-244-3434,Best Western Plus Hawthorne Terrace,64,False,2,3434 North Broadway,,
1778,Chicago,1,+1 312-419-9014,Hampton Inn Chicago Downtown/N Loop/Michigan Ave,69,True,3,68 East Wacker Place,,
1779,Chicago,2,+1 312-265-5800,Hampton Inn Chicago North-Loyola Station,156,True,3,1209 West Albion Avenue,,
1780,Chicago,1,+1 312-791-1121,Hilton Garden Inn Chicago Mccormick Place,72,True,3,123 East Cermak Road Suite 300,,
1781,Chicago,3,+1 312-644-2222,Homewood Suites By Hilton Chicago-Downtown,198,True,3,40 East Grand Avenue,,
1782,Chicago,2,+1 312-986-1234,Hotel Blake Chicago,144,True,3,500 South Dearborn Street,,
1783,Chicago,3,+1 312-558-1020,La Quinta Inn & Suites By Wyndham Chicago Downtown,189,True,3,1 South Franklin Street,,
1784,Chicago,1,+1 312-777-0990,The River Hotel,90,True,3,75 East Wacker Drive,,
1785,Chicago,1,+1 312-894-0800,Acme Hotel Company,105,True,3,15 East Ohio Street,2019-03-09,5
1786,Toronto,1,+1 416-551-2800,Bisha Hotel Toronto,208,True,4,80 Blue Jays Way,,
1787,Toronto,1,+1 416-362-6061,Bond Place Hotel Toronto,342,False,3,65 Dundas Street East,,
1788,Toronto,1,+1 416-368-1990,Cambridge Suites Toronto,168,False,4,15 Richmond Street East,,
1789,Toronto,1,+1 416-736-4700,Comfort Inn Toronto North,96,True,2,"66 Norfinch Drive, North York, Ontario M3N 1X1, Canada",,
1790,Toronto,1,+1 416-924-0611,Courtyard By Marriott Toronto Downtown,204,False,3,475 Yonge Street,,
1791,Toronto,1,+1 647-693-6842,Days Inn By Wyndham Toronto East Beaches,104,False,2,1684 Queen Street East,,
1792,Toronto,1,+1 416-637-7000,Best Western Premier Toronto Airport Carlingview Hotel,117,False,3,"135 Carlingview Drive, Etobicoke, Ontario M9W 5E7, Canada",2019-03-05,4
1793,London,3,+44 20 7407 7566,Accommodation London Bridge,342,False,3,58 Great Dover Street,2019-03-08,5
1794,New York,3,+1 212-235-1111,11 Howard,297,True,3,11 Howard Street,2019-03-07,2
1795,Kuala Lumpur,1,+60 3-2268 3888,Alila Bangsar,250,False,5,"East Side, 58, Jalan Ang Seng, Brickfields, 50470",2019-03-10,4
1796,Rio de Janeiro,1,+55 21 2548-0011,Atlantico Copacabana Hotel,62,False,2,"Rua Siqueira Campos, 90 - Copacabana",2019-03-01,4
1797,Toronto,1,+1 416-299-1500,Delta Hotels By Marriott Toronto East,168,False,4,"2035 Kennedy Road, Scarborough, Ontario M1T 3G2, Canada",,
1798,Toronto,1,+1 416-977-5000,Doubletree By Hilton Hotel Toronto Downtown,168,False,4,108 Chestnut Street,,
1799,Toronto,1,+1 416-350-2000,Executive Hotel Cosmopolitan Toronto,240,True,4,8 Colborne Street,,
1800,Toronto,1,+1 416-869-3456,Hilton Toronto,160,False,4,145 Richmond Street West,,
1801,Toronto,1,+1 416-960-5200,Intercontinental Toronto Yorkville,168,False,4,220 Bloor Street West,,
1802,Toronto,1,+1 416-345-9500,Le Germain Hotel Toronto Mercer,184,False,4,30 Mercer Street,,
1803,Toronto,1,+1 416-597-9200,Marriott Downtown At Cf Toronto Eaton Centre,160,False,4,525 Bay Street,,
1804,Toronto,1,+1 416-551-2800,Bisha Hotel Toronto,240,True,4,80 Blue Jays Way,2019-03-01,7
1805,Cape Town,1,+27 21 437 9000,12 Apostles Hotel & Spa,105,False,5,"Victoria Street, Camps Bay",,
1806,Cape Town,1,+27 21 469 8000,"15 On Orange Hotel, Autograph Collection",155,False,5,"Orange Street & Grey's Pass, Gardens",,
1807,Cape Town,1,+27 21 431 9202,Aha Harbour Bridge Hotel & Suites,120,False,4,"Dockrail Road, Foreshore",,
1808,Cape Town,3,+27 21 437 8300,Camps Bay Retreat Boutique Hotel,315,False,5,"7 Chilworth Road, Camps Bay",,
1809,Cape Town,2,+27 21 480 8080,Cape Cadogan Boutique Hotel,208,False,4,"5 Upper Union Street, Gardens",,
1810,Cape Town,3,+27 21 461 2519,Cape Diamond Hotel,288,False,3,"34 Longmarket Street, Cape Town City Centre",,
1811,Cape Town,1,+27 21 410 7100,Cape Grace Hotel,165,False,5,"West Quay Road, Victoria & Alfred Waterfront",,
1812,Cape Town,2,+27 21 422 0030,Cape Town Lodge Hotel,168,True,4,"101 Buitengracht Street, Cape Town City Centre",,
1813,Cape Town,2,+27 21 525 3888,Cape Town Marriott Hotel Crystal Towers,210,False,5,"Corner Of Century Boulevard And, Rialto Road, Century City",,
1814,Cape Town,1,+27 21 204 8000,Century City Hotel,152,False,4,"3 Energy Lane, Century City",,
1815,Cape Town,1,+27 21 437 9000,12 Apostles Hotel & Spa,495,False,5,"Victoria Street, Camps Bay",2019-03-07,6
1816,Phoenix,1,+1 602-275-6300,Aloft Phoenix-Airport,168,False,3,4450 East Washington Street,2019-03-12,2
1817,San Diego,1,+1 858-488-0551,Bahia Resort Hotel,99,False,3,998 West Mission Bay Drive,2019-03-03,2
1818,London,1,+44 20 7493 4545,45 Park Lane,170,False,5,45 Park Lane,2019-03-06,7
1819,Cape Town,2,+27 21 418 1466,Dock House Boutique Hotel & Spa,290,True,5,"Moorings 5 & Portswood Ridge, 5 Portswood Road, Victoria & Alfred Waterfront",,
1820,Cape Town,2,+27 21 481 3700,Hilton Cape Town City Centre,220,True,5,"126 Buitengracht Street, Cape Town City Centre",,
1821,Cape Town,2,+27 21 431 5888,One&Only Cape Town,270,True,5,"Dock Road, Victoria & Alfred Waterfront",,
1822,Cape Town,2,+27 21 812 8888,Pepperclub Hotel & Spa,390,False,5,"Corner of Loop Street and, Pepper Street, Cape Town City Centre",,
1823,Cape Town,2,+27 21 441 3000,"Radisson Blu Hotel Waterfront, Cape Town",340,False,5,"100 Beach Road, Granger Bay",,
1824,Cape Town,1,+27 21 437 9000,12 Apostles Hotel & Spa,320,False,5,"Victoria Street, Camps Bay",2019-03-03,2
1825,New York,2,+1 212-398-2700,Ac Hotel New York Times Square,276,False,4,260 West 40th Street,,
1826,New York,2,+1 212-679-2222,Ace Hotel,396,False,4,20 West 29th Street,,
1827,New York,2,+1 646-744-3100,Aka Central Park,324,False,4,42 West 58th Street,,
1828,New York,2,+1 212-752-8888,Aka Sutton Place,232,True,4,330 East 56th Street,,
1829,New York,2,+1 212-764-5700,Aka Times Square,300,False,4,123 West 44th Street,,
1830,New York,2,+1 212-252-9090,Aka Wall Street,384,True,4,84 William Street,,
1831,New York,2,+1 646-609-5122,Aliz Hotel Times Square,420,False,4,310 West 40th Street,,
1832,New York,2,+1 212-601-1234,Andaz 5Th Avenue - A Concept By Hyatt,232,False,4,485 5th Avenue,,
1833,New York,2,+1 212-806-7000,Arlo Nomad,456,True,4,11 East 31st Street,,
1834,New York,2,+1 212-204-3000,6 Columbus - Central Park Hotel,300,True,4,308 West 58th Street,2019-03-03,5
1835,Portland,3,+1 503-200-5678,Aloft Portland Airport At Cascade Station,342,False,3,9920 Northeast Cascades Parkway,,
1836,Portland,2,+1 971-351-0230,Canopy By Hilton Portland Pearl District,296,False,4,425 Northwest 9th Avenue,,
1837,Portland,1,+1 503-252-2222,Clarion Hotel Portland International Airport,96,True,3,11518 Northeast Glenn Widing Drive,,
1838,Portland,2,+1 503-255-2700,"Country Inn & Suites By Radisson, Portland International Airport, Or",222,False,3,7025 Northeast Alderwood Road,,
1839,Portland,1,+1 503-252-3200,Courtyard By Marriott Portland Airport,111,False,3,11550 Northeast Airport Way,,
1840,Portland,1,+1 503-505-5000,Courtyard By Marriott Portland City Center,72,False,3,550 Southwest Oak Street,,
1841,Portland,1,+1 503-234-3200,Courtyard By Marriott Portland Downtown/Convention Center,117,False,3,435 Northeast Wasco Street,,
1842,Portland,2,+1 503-233-2401,Crowne Plaza Portland-Downtown Conv Ctr,216,False,3,1441 Northeast 2nd Avenue,,
1843,Portland,3,+1 503-281-6111,Doubletree By Hilton Hotel Portland,297,False,3,1000 Northeast Multnomah Street,,
1844,Portland,3,+1 503-279-9000,Embassy Suites By Hilton Portland Downtown,300,False,4,319 Southwest Pine Street,,
1845,Portland,2,+1 503-200-5678,Aloft Portland Airport At Cascade Station,342,False,3,9920 Northeast Cascades Parkway,,
1846,Portland,2,+1 503-252-2222,Clarion Hotel Portland International Airport,252,True,3,11518 Northeast Glenn Widing Drive,,
1847,Portland,2,+1 503-252-3200,Courtyard By Marriott Portland Airport,180,False,3,11550 Northeast Airport Way,,
1848,Portland,2,+1 503-505-5000,Courtyard By Marriott Portland City Center,297,False,3,550 Southwest Oak Street,,
1849,Portland,2,+1 503-234-3200,Courtyard By Marriott Portland Downtown/Convention Center,174,False,3,435 Northeast Wasco Street,,
1850,Portland,2,+1 503-281-6111,Doubletree By Hilton Hotel Portland,297,False,3,1000 Northeast Multnomah Street,,
1851,Portland,2,+1 503-288-2423,Hampton Inn Portland-Airport,198,False,3,8633 Northeast Airport Way,,
1852,Portland,2,+1 503-255-8600,Hilton Garden Inn Portland Airport,225,False,3,12048 Northeast Airport Way,,
1853,Portland,2,+1 503-252-2222,Clarion Hotel Portland International Airport,174,True,3,11518 Northeast Glenn Widing Drive,2019-03-03,6
1854,New York,1,+1 347-696-2500,1 Hotel Brooklyn Bridge,190,True,5,"60 Furman Street, Brooklyn",2019-03-06,4
1855,Los Angeles,1,+1 818-997-7676,Airtel Plaza Hotel,144,False,3,"7277 Valjean Avenue, Van Nuys, California 91406, United States",2019-03-11,3
1856,London,1,+44 333 003 5239,Best Western Swiss Cottage Hotel,93,True,3,4 Adamson Road,,
1857,London,1,+44 20 7233 6636,Comfort Inn Victoria London,66,True,3,18-24 Belgrave Road,,
1858,London,1,+44 20 7723 2939,Days Inn By Wyndham London Hyde Park,87,True,3,148-152 Sussex Gardens,,
1859,London,2,+44 20 7434 1775,Dean Street Townhouse,210,True,3,69 - 71 Dean Street,,
1860,London,3,+44 20 7834 0367,Hanover Hotel Victoria,216,True,3,30-32 Saint George's Drive,,
1861,London,2,+44 20 8017 9100,Henson'S Bar @ Social,222,True,3,56 Frith Street,,
1862,London,1,+44 20 7402 0281,Abbey Court Hotel (Hyde Park),315,True,3,Sussex Gardens,2019-03-07,2
1863,Sydney,1,+61 2 9265 8888,1831 Boutique Hotel,342,True,3,631-635 George Street,2019-03-07,2
1864,Delhi,1,+91 11 4565 0000,Aloft New Delhi Aerocity,155,False,5,"5B IGI T3 Road Delhi, Aerocity, New Delhi",2019-03-05,5
1865,Fresno,2,+1 559-268-1000,Doubletree By Hilton Hotel Fresno Convention Center,138,False,3,2233 Ventura Street,,
1866,Fresno,2,+1 559-375-7760,Piccadilly Inn Airport,198,True,3,5115 East McKinley Avenue,,
1867,Fresno,2,+1 559-233-6650,Radisson Hotel Fresno Conference Center,234,False,3,1055 Van Ness Avenue,,
1868,Fresno,2,+1 559-431-0004,Springhill Suites By Marriott Fresno,144,False,3,6844 North Fresno Street,,
1869,Fresno,1,+1 559-375-7760,Piccadilly Inn Airport,72,True,3,5115 East McKinley Avenue,,
1870,Fresno,3,+1 559-233-6650,Radisson Hotel Fresno Conference Center,234,False,3,1055 Van Ness Avenue,,
1871,Long Beach,3,+1 562-425-0012,Hampton Inn Long Beach Airport,132,False,2,3771 North Lakewood Boulevard,,
1872,Las Vegas,1,+1 702-256-3766,Best Western Plus Las Vegas West,105,False,3,8669 West Sahara Avenue,,
1873,Las Vegas,2,+1 702-638-1800,Budget Suites Of America,68,True,1,2219 North Rancho Drive,,
1874,Las Vegas,1,+1 702-360-5700,Hampton Inn Las Vegas/Summerlin,60,True,3,7100 Cascade Valley Court,,
1875,Las Vegas,1,+1 702-380-6902,Hostel Cat,24,True,1,1236 South Las Vegas Boulevard,,
1876,Las Vegas,2,+1 702-768-9823,Oasis At Gold Spike,126,False,3,217 Las Vegas Boulevard North,,
1877,Las Vegas,2,+1 702-553-2553,The Downtowner,100,True,2,129 North 8th Street,,
1878,Las Vegas,3,+1 702-489-7500,Thunderbird Boutique Hotel,162,False,2,1215 South Las Vegas Boulevard,,
1879,Long Beach,1,+1 562-599-5555,Best Western Of Long Beach,78,False,3,1725 Long Beach Boulevard,,
1880,Long Beach,1,+1 562-429-5803,Courtyard By Marriott Long Beach Airport,252,False,3,3841 North Lakewood Boulevard,,
1881,Long Beach,1,+1 562-435-8511,Courtyard By Marriott Long Beach Downtown,333,False,3,500 East 1st Street,,
1882,Long Beach,1,+1 562-425-0012,Hampton Inn Long Beach Airport,132,False,2,3771 North Lakewood Boulevard,,
1883,Long Beach,1,+1 562-590-8858,Holiday Inn Long Beach Downtown Area,270,False,3,1133 Atlantic Avenue,,
1884,Long Beach,1,+1 562-425-0010,Homewood Suites By Hilton Long Beach Airport,288,True,3,3771 North Lakewood Boulevard,,
1885,Long Beach,1,+1 562-597-1341,Hotel Current Long Beach,180,False,3,5325 Pacific Coast Highway,,
1886,Long Beach,1,+1 562-432-1234,Hyatt Centric The Pike Long Beach,156,False,4,285 Bay Street,,
1887,Long Beach,1,+1 562-491-1234,Hyatt Regency Long Beach,224,False,4,200 South Pine Avenue,,
1888,Long Beach,1,+1 562-425-5210,Long Beach Marriott,168,False,3,4700 Airport Plaza Drive,,
1889,Anaheim,1,+1 714-774-8111,Castle Inn & Suites,23,True,1,1734 Harbor Boulevard,,
1890,San Francisco,3,+1 877-828-4478,Hotel G,312,True,4,386 Geary Street,,
1891,San Francisco,3,+1 415-885-2500,Hotel Spero,384,False,4,405 Taylor Street,,
1892,San Francisco,3,+1 415-200-4977,Hotel Via,444,True,4,138 King Street,,
1893,San Francisco,3,+1 415-563-0303,Hotel Zeppelin San Francisco,336,False,4,545 Post Street,,
1894,San Francisco,2,+1 415-561-1100,Hotel Zoe Fisherman'S Wharf,312,True,4,425 North Point Street,,
1895,San Francisco,2,+1 415-563-1234,Hyatt Centric Fishermans Wharf San Francisco,192,False,4,555 North Point Street,,
1896,San Francisco,3,+1 415-392-8000,Parc 55 San Francisco - A Hilton Hotel,420,False,4,55 Cyril Magnin Street,,
1897,Los Angeles,1,+1 213-612-0021,Freehand Los Angeles,372,True,4,416 West 8th Street,,
1898,Los Angeles,1,+1 323-850-0536,Highland Gardens Hotel,192,True,2,7047 Franklin Avenue,,
1899,Los Angeles,1,+1 310-410-4000,Hilton Los Angeles Airport,296,True,4,5711 West Century Boulevard,,
1900,Los Angeles,1,+1 310-215-3300,Homewood Suites By Hilton Los Angeles International Airport,225,True,3,6151 West Century Boulevard,,
1901,Los Angeles,1,+1 310-821-2557,Inn At Venice Beach,234,True,3,"327 West Washington Boulevard, Venice, California 90291, United States",,
1902,Seattle,2,+1 206-340-1234,Best Western Plus Pioneer Square Hotel Downtown,126,False,3,77 Yesler Way,,
1903,Seattle,2,+1 206-448-9444,Executive Inn By The Space Needle,156,False,3,200 Taylor Avenue North,,
1904,Seattle,2,+1 206-282-2600,Four Points By Sheraton Downtown Seattle Center,288,False,3,601 Roy Street,,
1905,Seattle,2,+1 206-634-2000,Graduate Seattle,189,False,3,4507 Brooklyn Avenue Northeast,,
1906,Seattle,2,+1 206-624-0500,Hilton Seattle,261,False,3,1301 6th Avenue,,
1907,New York,1,+1 718-388-4433,Bklyn House Hotel,42,True,2,"9 Beaver Street, Brooklyn",,
1908,New York,2,+1 718-381-1118,Bogart Hotel,116,True,2,"19 Bogart Street, Brooklyn",,
1909,New York,2,+1 212-865-7711,Broadway International Hotel & Hostel,92,False,2,230 West 101st Street,,
1910,New York,2,+1 646-882-0428,Canal Loft Hotel,148,True,2,94 Canal Street,,
1911,New York,2,+1 212-679-0680,Carlton Arms Hotel,108,True,2,160 East 25th Street,,
1912,New York,2,+1 212-645-8989,Chelsea Inn Hotel,144,True,2,"46 West 17th Street, Between 5th and 6th Avenue",,
1913,New York,2,+1 917-261-6971,City Rooms Nyc Times Square,120,False,2,765 8th Avenue,,
1914,New York,1,+1 212-532-4860,Clarion Hotel Park Avenue,60,False,2,429 Park Avenue South,,
1915,New York,2,+1 718-779-1100,Comfort Inn Laguardia Airport - 83Rd St,80,False,2,"23-45 83rd Street, East Elmhurst",,
1916,New York,3,+1 646-993-2716,Comfort Inn Times Square West,180,False,2,343 West 44th Street,,
1917,San Francisco,2,+1 415-673-2600,Beresford Arms Hotel,207,False,3,701 Post Street,,
1918,San Francisco,2,+1 415-287-3657,Calista Organic Hotel,210,True,3,1485 Bush Street,,
1919,San Francisco,2,+1 415-362-2004,Chancellor Hotel On Union Square,189,False,3,433 Powell Street,,
1920,San Francisco,2,+1 415-421-3154,Cornell Hotel De France,222,False,3,715 Bush Street,,
1921,San Francisco,2,+1 415-947-0700,Courtyard By Marriott San Francisco Downtown,210,False,3,299 2nd Street,,
1922,San Francisco,2,+1 415-346-3800,Courtyard By Marriott San Francisco Union Square,138,False,3,761 Post Street,,
1923,San Francisco,2,+1 415-771-3000,Cova Hotel,297,False,3,655 Ellis Street,,
1924,San Francisco,2,+1 415-392-4666,Executive Hotel Vintage Court San Francisco,324,False,3,650 Bush Street,,
1925,San Francisco,2,+1 415-546-3110,Hampton Inn San Francisco Downtown/Convention Center,180,False,3,942 Mission Street,,
1926,Long Beach,1,+1 562-495-0700,Residence Inn By Marriott Long Beach Downtown,261,False,3,600 Queensway Drive,,
1927,Anaheim,2,+1 714-635-8070,Alamo Inn & Suites,80,False,2,1140 West Katella Avenue,,
1928,Anaheim,2,+1 714-772-5050,Anaheim Desert Inn And Suites,150,False,2,1600 South Harbor Boulevard,,
1929,Anaheim,2,+1 714-750-6100,Best Western Plus Raffles Inn & Suites,88,False,2,2040 South Harbor Boulevard,,
1930,Anaheim,2,+1 714-774-5284,Candy Cane Inn,156,True,2,1747 South Harbor Boulevard,,
1931,Anaheim,2,+1 714-616-5788,Days Inn & Suites By Wyndham Anaheim At Disneyland Park,204,False,2,1111 South Harbor Boulevard,,
1932,Anaheim,2,+1 714-635-5000,La Quinta Inn & Suites By Wyndham Anaheim,234,True,2,1752 South Clementine Street,,
1933,Anaheim,2,+1 714-772-3691,Park Vue Inn,120,False,2,1570 South Harbor Boulevard,,
1934,Anaheim,2,+1 714-495-2400,Ramada By Wyndham Anaheim Convention Center,148,False,2,2141 South Harbor Boulevard,,
1935,New York,1,+1 646-609-5122,Aliz Hotel Times Square,84,False,4,310 West 40th Street,,
1936,Anaheim,1,+1 714-778-1700,Anaheim Majestic Garden Hotel,207,False,3,900 South Disneyland Drive,,
1937,Anaheim,1,+1 714-634-2106,Ayres Hotel Anaheim,243,True,3,2550 East Katella Avenue,,
1938,Anaheim,1,+1 714-774-1050,Best Western Plus Anaheim Inn,279,False,3,1630 South Harbor Boulevard,,
1939,Anaheim,1,+1 714-776-4800,Best Western Plus Park Place Inn - Mini Suites,132,False,3,1544 South Harbor Boulevard,,
1940,Anaheim,1,+1 714-778-1880,Best Western Plus Stovall'S Inn,351,False,3,1110 West Katella Avenue,,
1941,Anaheim,1,+1 714-635-7275,Camelot Inn & Suites,138,False,3,1520 South Harbor Boulevard,,
1942,Anaheim,1,+1 714-635-5555,Candlewood Suites Anaheim - Resort Area,63,False,3,1733 South Anaheim Boulevard,,
1943,Anaheim,1,+1 714-750-3131,Clarion Hotel Anaheim Resort,315,False,3,616 Convention Way,,
1944,Anaheim,1,+1 714-533-3555,Clementine Hotel & Suites Anaheim,216,False,3,1700 South Clementine Street,,
1945,Sacramento,1,+1 916-455-6800,Courtyard By Marriott Sacramento Midtown,180,False,3,4422 Y Street,,
1946,Sacramento,1,+1 916-326-5000,Embassy Suites By Hilton Sacramento Riverfront Promenade,126,False,3,100 Capitol Mall,,
1947,Sacramento,1,+1 916-263-9000,Four Points By Sheraton Sacramento International Airport,156,False,3,4900 Duckhorn Drive,,
1948,Sacramento,1,+1 916-441-1200,Hawthorn Suites By Wyndham Sacramento,144,False,3,321 Bercut Drive,,
1949,Sacramento,1,+1 916-922-4700,Hilton Sacramento Arden West,216,False,3,2200 Harvard Street,,
1950,Sacramento,1,+1 916-446-0100,Holiday Inn Sacramento Downtown - Arena,243,False,3,300 J Street,,
1951,Sacramento,1,+1 916-263-9510,Homewood Suites By Hilton Sacramento Airport-Natomas,156,True,3,3001 Advantage Way,,
1952,Vancouver,1,+1 604-254-1000,Atrium Inn Vancouver,99,False,3,2889 East Hastings Street,,
1953,Vancouver,1,+1 604-678-8899,Auberge Vancouver Hotel,84,True,4,837 West Hastings Street,,
1954,Vancouver,1,+1 604-669-7070,Best Western Plus Chateau Granville Hotel & Suites & Conference Ctr.,66,False,3,1100 Granville Street,,
1955,Vancouver,3,+1 604-688-1411,Blue Horizon Hotel,225,False,3,1225 Robson Street,,
1956,Vancouver,3,+1 604-683-1399,Carmana Plaza,279,False,3,1128 Alberni Street,,
1957,Vancouver,2,+1 604-697-0202,Coast Coal Harbour Vancouver Hotel By Apa,280,False,4,1180 West Hastings Street,,
1958,Vancouver,3,+1 604-263-1555,Coast Vancouver Airport Hotel,207,False,3,1041 Southwest Marine Drive,,
1959,Vancouver,2,+1 604-681-4335,Days Inn By Wyndham Vancouver Downtown,234,False,3,921 West Pender Street,,
1960,Vancouver,3,+1 604-689-8188,Delta Hotels By Marriott Vancouver Downtown Suites,396,False,4,550 West Hastings Street,,
1961,Vancouver,3,+1 604-563-4693,Exchange Hotel Vancouver,432,True,4,475 Howe Street,,
1962,Atlanta,2,+1 470-231-3030,Ac Hotel By Marriott Atlanta Buckhead At Phipps Plaza,256,False,4,3600 Wieuca Road Northeast,,
1963,Atlanta,3,+1 404-524-5555,Ac Hotel By Marriott Atlanta Downtown,288,False,3,101 Andrew Young International Boulevard Northwest,,
1964,Atlanta,3,+1 404-563-7900,The St. Regis Atlanta,345,False,5,"Eighty-Eight, West Paces Ferry Road Northwest",,
1965,Atlanta,1,+1 404-237-2700,"The Whitley, A Luxury Collection Hotel, Atlanta Buckhead",165,False,5,3434 Peachtree Road Northeast,,
1966,Philadelphia,1,+1 215-825-7000,Aka Rittenhouse Square,148,False,4,135 South 18th Street,,
1967,Philadelphia,3,+1 215-372-9000,Aka University City,342,True,3,"Cira Centre South, 2929 Walnut Street",,
1968,Philadelphia,3,+1 267-298-1700,Aloft Philadelphia Airport,198,False,3,4301 Island Avenue,,
1969,Philadelphia,3,+1 215-607-2020,Aloft Philadelphia Downtown,324,False,3,101 North Broad Street,,
1970,Philadelphia,2,+1 215-398-3080,Best Western Plus Philadelphia Convention Center Hotel,174,False,3,1225 Vine Street,,
1971,Philadelphia,1,+1 215-732-5500,Cambria Hotel Philadelphia Downtown Center City,84,False,3,219 South Broad Street,,
1972,Philadelphia,2,+1 215-242-5905,Chestnut Hill Hotel,228,False,3,8229 Germantown Avenue,,
1973,Philadelphia,1,+1 215-282-5000,"Club Quarters Hotel, Philadelphia",75,False,3,1628 Chestnut Street,,
1974,Philadelphia,3,+1 215-477-0200,Courtyard By Marriott Philadelphia City Avenue,288,False,3,4100 Presidential Boulevard,,
1975,Philadelphia,2,+1 215-644-9200,Courtyard By Marriott Philadelphia South At The Navy Yard,138,False,3,1001 Intrepid Avenue,,
1976,Atlanta,1,+1 404-685-1677,Canopy By Hilton Atlanta Midtown,152,False,4,1414 West Peachtree Street Northwest,,
1977,Atlanta,2,+1 404-521-2250,"Glenn Hotel, Autograph Collection",288,False,4,110 Marietta Street NorthWest,,
1978,Atlanta,2,+1 470-485-0485,Hotel Clermont,240,True,4,789 Ponce De Leon Avenue Northeast,,
1979,Atlanta,1,+1 404-443-1234,Hyatt Centric Midtown Atlanta,156,False,4,125 10th Street Northeast,,
1980,Atlanta,1,+1 404-745-5000,Loews Atlanta Hotel,148,False,4,1065 Peachtree Street Northeast,,
1981,Atlanta,1,+1 678-412-2400,Renaissance Atlanta Midtown Hotel,104,False,4,866 W. Peachtree Street NW,,
1982,Atlanta,3,+1 404-659-6500,Sheraton Atlanta Hotel,276,False,4,165 Courtland Street Northeast,,
1983,Atlanta,1,+1 404-365-0065,The Westin Buckhead Atlanta,100,False,4,3391 Peachtree Road N.E,,
1984,Atlanta,1,+1 404-892-6000,W Atlanta - Midtown,92,False,4,188 14th Street NE,,
1985,Philadelphia,1,+1 215-372-9000,Aka University City,342,True,3,"Cira Centre South, 2929 Walnut Street",,
1986,Philadelphia,1,+1 267-298-1700,Aloft Philadelphia Airport,198,False,3,4301 Island Avenue,,
1987,Philadelphia,1,+1 215-607-2020,Aloft Philadelphia Downtown,324,False,3,101 North Broad Street,,
1988,Philadelphia,1,+1 215-398-3080,Best Western Plus Philadelphia Convention Center Hotel,174,False,3,1225 Vine Street,,
1989,Philadelphia,1,+1 215-242-5905,Chestnut Hill Hotel,228,False,3,8229 Germantown Avenue,,
1990,Philadelphia,1,+1 215-477-0200,Courtyard By Marriott Philadelphia City Avenue,288,False,3,4100 Presidential Boulevard,,
1991,Philadelphia,1,+1 215-644-9200,Courtyard By Marriott Philadelphia South At The Navy Yard,138,False,3,1001 Intrepid Avenue,,
1992,Philadelphia,1,+1 215-365-4150,Doubletree By Hilton Hotel Philadelphia Airport,99,False,3,4509 Island Avenue,,
1993,Berlin,2,+49 30 2000320,Adina Apartment Hotel Berlin Mitte,160,True,4,"Platz vor dem Neuen Tor 6, 10115",,
1994,Berlin,2,+49 30 399200,Ameron Hotel Abion Spreebogen Waterside,360,False,4,"Alt-Moabit 99, 10559",,
1995,Berlin,2,+49 30 4050460,Arcotel John F Berlin,248,True,4,"Werderscher Markt 11, 10117",,
1996,Berlin,2,+49 30 383890,Holiday Inn Berlin - City West,408,True,4,"Rohrdamm 80, 13629",,
1997,Berlin,2,+49 30 978080,Holiday Inn Berlin City East-Landsberger,432,False,4,"Landsberger Allee 203, 13055",,
1998,Berlin,2,+49 30 43036000,Hotel Am Borsigturm,444,True,4,"Am Borsigturm 1, 13507",,
1999,Berlin,2,+49 30 206740,Hotel Novotel Berlin Mitte,280,False,4,"Fischerinsel 12, 10179",,
2000,Berlin,2,+49 30 41060,Mercure Airport Hotel Berlin Tegel,160,True,4,"Kurt-Schumacher-Damm 202, 13405",,
2001,Berlin,2,+49 30 2593550,Mercure Hotel Berlin Wittenbergplatz,256,False,4,"Wittenbergplatz 3, 10789",,
2002,Berlin,2,+49 30 896030,Novum Hotel Kronprinz Berlin,408,False,4,"Kronprinzendamm 1, 10711",,
2003,Atlanta,1,+1 470-485-0485,Hotel Clermont,240,True,4,789 Ponce De Leon Avenue Northeast,,
2004,Atlanta,3,+1 404-261-7733,Embassy Suites By Hilton Atlanta Buckhead,252,True,3,3285 Peachtree Road Northeast,,
2005,Atlanta,3,+1 404-589-1111,Hampton Inn & Suites Atlanta-Downtown,279,True,3,161 Ted Turner Drive Northwest,,
2006,Atlanta,3,+1 404-524-4006,Hilton Garden Inn Atlanta Midtown,270,True,3,97 10th Street Northwest,,
2007,Los Angeles,3,+1 310-556-2777,Courtyard By Marriott Los Angeles Century City/Beverly Hills,243,False,3,10320 West Olympic Boulevard,,
2008,Los Angeles,3,+1 213-443-9222,Courtyard By Marriott Los Angeles L.A. Live,216,False,3,901 West Olympic Boulevard,,
2009,Los Angeles,2,+1 310-649-1400,Courtyard By Marriott Los Angeles Lax/Century Boulevard,162,False,3,6161 West Century Boulevard,,
2010,Los Angeles,3,+1 818-981-5400,Courtyard By Marriott Los Angeles Sherman Oaks,324,False,3,"15433 Ventura Boulevard, Sherman Oaks, CA 91403, USA",,
2011,Los Angeles,3,+1 310-519-8200,Crowne Plaza Los Angeles Harbor Hotel,252,False,3,"601 South Palos Verdes Street, San Pedro, California 90731, United States",,
2012,Los Angeles,3,+1 310-514-3344,Doubletree By Hilton Hotel San Pedro - Port Of Los Angeles,234,False,3,"2800 Via Cabrillo-Marina, San Pedro, CA 90731, USA",,
2013,Philadelphia,2,+1 215-372-9000,Aka University City,342,True,3,"Cira Centre South, 2929 Walnut Street",,
2014,Philadelphia,2,+1 215-764-3144,Hawthorn Suites By Wyndham Philadelphia Airport,132,True,3,7890 Penrose Avenue,,
2015,Philadelphia,2,+1 215-966-3000,Homewood Suites By Hilton Philadelphia-City Avenue,144,True,3,4200 City Avenue,,
2016,Philadelphia,2,+1 215-922-7600,Penn'S View Hotel,222,True,3,14 North Front Street,,
2017,Philadelphia,2,+1 215-546-7000,Rodeway Inn Center City,156,True,2,1208 Walnut Street,,
2018,Philadelphia,2,+1 215-981-5678,The Windsor Suites,186,True,3,1700 Benjamin Franklin Parkway,,
2019,Philadelphia,2,+1 215-291-1355,Wm. Mulherin'S Sons,168,True,3,1355 North Front Street,,
2020,New York,1,+1 718-381-1118,Bogart Hotel,116,True,2,"19 Bogart Street, Brooklyn",,
2021,New York,1,+1 212-865-7711,Broadway International Hotel & Hostel,92,False,2,230 West 101st Street,,
2022,New York,1,+1 646-882-0428,Canal Loft Hotel,148,True,2,94 Canal Street,,
2023,New York,1,+1 212-679-0680,Carlton Arms Hotel,108,True,2,160 East 25th Street,,
2024,New York,1,+1 212-645-8989,Chelsea Inn Hotel,144,True,2,"46 West 17th Street, Between 5th and 6th Avenue",,
2025,New York,1,+1 917-261-6971,City Rooms Nyc Times Square,120,False,2,765 8th Avenue,,
2026,New York,1,+1 718-779-1100,Comfort Inn Laguardia Airport - 83Rd St,80,False,2,"23-45 83rd Street, East Elmhurst",,
2027,New York,1,+1 646-993-2716,Comfort Inn Times Square West,180,False,2,343 West 44th Street,,
2028,London,3,+44 871 222 0042,Britannia International Hotel,288,True,4,Marsh Wall,,
2029,London,1,+44 20 7262 0537,Central London Budget Hotel,78,True,2,12 Westbourne Street,,
2030,London,2,+44 20 3310 5555,Courthouse Hotel Shoreditch,330,True,5,335-337 Old Street,,
2031,London,1,+44 20 3750 4545,Devonshire Club By Mantis,110,True,5,5 Devonshire Square,,
2032,London,3,+44 20 3297 9200,Four Seasons Hotel London At Ten Trinity Square,390,True,5,10 Trinity Square,,
2033,London,3,+44 20 7470 4000,Haymarket Hotel,330,True,5,1 Suffolk Place,,
2034,London,3,+44 20 7683 1200,Nobu Hotel Shoreditch,345,True,5,10-50 Willow Street,,
2035,London,1,+44 20 7589 5895,The Ampersand Hotel,115,True,5,10 Harrington Road,,
2036,London,2,+44 20 3765 0000,The Lalit London,230,True,5,181 Tooley Street,,
2037,London,2,+44 20 3873 4000,The Montcalm Royal London House,370,True,5,22-25 Finsbury Square,,
2038,New York,2,+1 347-696-2500,1 Hotel Brooklyn Bridge,465,True,5,"60 Furman Street, Brooklyn",,
2039,New York,2,+1 212-703-2001,1 Hotel Central Park,510,True,5,1414 6th Avenue,,
2040,New York,2,+1 212-235-1111,11 Howard,186,True,3,11 Howard Street,,
2041,Portland,1,+1 503-200-5678,Aloft Portland Airport At Cascade Station,342,False,3,9920 Northeast Cascades Parkway,,
2042,Portland,1,+1 971-351-0230,Canopy By Hilton Portland Pearl District,296,False,4,425 Northwest 9th Avenue,,
2043,Portland,1,+1 503-255-2700,"Country Inn & Suites By Radisson, Portland International Airport, Or",222,False,3,7025 Northeast Alderwood Road,,
2044,Portland,1,+1 503-233-2401,Crowne Plaza Portland-Downtown Conv Ctr,216,False,3,1441 Northeast 2nd Avenue,,
2045,Portland,1,+1 503-281-6111,Doubletree By Hilton Hotel Portland,297,False,3,1000 Northeast Multnomah Street,,
2046,Portland,1,+1 503-279-9000,Embassy Suites By Hilton Portland Downtown,300,False,4,319 Southwest Pine Street,,
2047,Portland,3,+1 503-252-2222,Clarion Hotel Portland International Airport,252,True,3,11518 Northeast Glenn Widing Drive,,
2048,Portland,3,+1 503-255-2700,"Country Inn & Suites By Radisson, Portland International Airport, Or",342,False,3,7025 Northeast Alderwood Road,,
2049,Portland,3,+1 503-252-3200,Courtyard By Marriott Portland Airport,180,False,3,11550 Northeast Airport Way,,
2050,Portland,3,+1 503-505-5000,Courtyard By Marriott Portland City Center,297,False,3,550 Southwest Oak Street,,
2051,Portland,3,+1 503-234-3200,Courtyard By Marriott Portland Downtown/Convention Center,252,False,3,435 Northeast Wasco Street,,
2052,Portland,3,+1 503-233-2401,Crowne Plaza Portland-Downtown Conv Ctr,297,False,3,1441 Northeast 2nd Avenue,,
2053,Portland,3,+1 503-288-2423,Hampton Inn Portland-Airport,198,False,3,8633 Northeast Airport Way,,
2054,Portland,3,+1 503-255-8600,Hilton Garden Inn Portland Airport,225,False,3,12048 Northeast Airport Way,,
2055,Portland,1,+1 503-288-2423,Hampton Inn Portland-Airport,63,False,3,8633 Northeast Airport Way,,
2056,Portland,1,+1 503-255-8600,Hilton Garden Inn Portland Airport,225,False,3,12048 Northeast Airport Way,,
2057,Portland,1,+1 503-200-5678,Aloft Portland Airport At Cascade Station,93,False,3,9920 Northeast Cascades Parkway,2019-03-07,5
2058,San Francisco,3,+1 415-673-3277,Amsterdam Hostel San Francisco,111,False,1,749 Taylor Street,,
2059,San Francisco,3,+1 415-563-0800,Argonaut Hotel,276,False,4,495 Jefferson Street,,
2060,San Francisco,3,+1 415-626-6103,Bei Hotel San Francisco,225,True,3,50 8th Street,,
2061,San Francisco,3,+1 415-287-3657,Calista Organic Hotel,297,True,3,1485 Bush Street,,
2062,San Francisco,3,+1 415-552-7100,Casa Loma Hotel,186,False,2,610 Fillmore Street,,
2063,San Francisco,3,+1 415-928-5000,Comfort Inn By The Bay,156,False,2,2775 Van Ness Avenue,,
2064,San Francisco,3,+1 415-421-3154,Cornell Hotel De France,270,False,3,715 Bush Street,,
2065,San Francisco,3,+1 415-947-0700,Courtyard By Marriott San Francisco Downtown,198,False,3,299 2nd Street,,
2066,San Francisco,3,+1 415-346-3800,Courtyard By Marriott San Francisco Union Square,270,False,3,761 Post Street,,
2067,San Francisco,3,+1 415-771-3000,Cova Hotel,297,False,3,655 Ellis Street,,
2068,San Francisco,3,+1 415-392-4666,Executive Hotel Vintage Court San Francisco,324,False,3,650 Bush Street,,
2069,San Francisco,3,+1 415-626-6103,Bei Hotel San Francisco,180,True,3,50 8th Street,2019-03-10,4
2070,Sacramento,1,+1 916-929-7900,Courtyard By Marriott Sacramento Cal Expo,198,False,3,1782 Tribute Road,2019-03-07,6
2071,Sacramento,1,+1 916-455-6800,Courtyard By Marriott Sacramento Midtown,93,False,3,4422 Y Street,2019-03-03,5
2072,Long Beach,2,+1 562-432-1234,Hyatt Centric The Pike Long Beach,288,False,4,285 Bay Street,,
2073,Long Beach,2,+1 562-491-1234,Hyatt Regency Long Beach,224,False,4,200 South Pine Avenue,,
2074,Long Beach,2,+1 562-436-3000,The Westin Long Beach,300,False,4,333 East Ocean Boulevard,,
2075,Long Beach,2,+1 562-491-1234,Hyatt Regency Long Beach,360,False,4,200 South Pine Avenue,2019-03-11,3
2076,Sacramento,1,+1 916-929-7900,Courtyard By Marriott Sacramento Cal Expo,144,False,3,1782 Tribute Road,2019-03-09,4
2077,Sacramento,1,+1 916-455-6800,Courtyard By Marriott Sacramento Midtown,102,False,3,4422 Y Street,2019-03-02,5
2078,Las Vegas,1,+1 702-256-3766,Best Western Plus Las Vegas West,234,False,3,8669 West Sahara Avenue,2019-03-02,7
2079,Long Beach,3,+1 562-429-5803,Courtyard By Marriott Long Beach Airport,252,False,3,3841 North Lakewood Boulevard,,
2080,Long Beach,3,+1 562-435-8511,Courtyard By Marriott Long Beach Downtown,333,False,3,500 East 1st Street,,
2081,Long Beach,3,+1 562-590-8858,Holiday Inn Long Beach Downtown Area,270,False,3,1133 Atlantic Avenue,,
2082,Long Beach,3,+1 562-425-0010,Homewood Suites By Hilton Long Beach Airport,288,True,3,3771 North Lakewood Boulevard,,
2083,Long Beach,2,+1 562-597-1341,Hotel Current Long Beach,180,False,3,5325 Pacific Coast Highway,,
2084,Long Beach,2,+1 562-425-5210,Long Beach Marriott,168,False,3,4700 Airport Plaza Drive,,
2085,Long Beach,1,+1 562-599-5555,Best Western Of Long Beach,261,False,3,1725 Long Beach Boulevard,2019-03-03,4
2086,Sacramento,1,+1 916-929-7900,Courtyard By Marriott Sacramento Cal Expo,261,False,3,1782 Tribute Road,2019-03-03,2
2087,San Diego,1,+1 858-488-0551,Bahia Resort Hotel,306,False,3,998 West Mission Bay Drive,2019-03-07,3
2088,Anaheim,3,+1 714-778-1880,Best Western Plus Stovall'S Inn,351,False,3,1110 West Katella Avenue,,
2089,Anaheim,2,+1 714-635-7275,Camelot Inn & Suites,138,False,3,1520 South Harbor Boulevard,,
2090,Anaheim,3,+1 714-750-3131,Clarion Hotel Anaheim Resort,315,False,3,616 Convention Way,,
2091,Anaheim,3,+1 714-533-3555,Clementine Hotel & Suites Anaheim,216,False,3,1700 South Clementine Street,,
2092,Anaheim,1,+1 714-750-3000,Doubletree Suites By Hilton Hotel Anaheim Resort - Convention Center,216,False,4,2085 South Harbor Boulevard,,
2093,Anaheim,1,+1 714-750-1811,Sheraton Park Hotel At The Anaheim Resort,248,False,4,1855 South Harbor Boulevard,,
2094,Anaheim,1,+1 714-750-3000,Doubletree Suites By Hilton Hotel Anaheim Resort - Convention Center,144,False,4,2085 South Harbor Boulevard,2019-03-10,3
2095,San Francisco,1,+1 415-673-3277,Amsterdam Hostel San Francisco,69,False,1,749 Taylor Street,2019-03-05,3
2096,Los Angeles,2,+1 310-645-2200,La Quinta Inn & Suites By Wyndham Lax,216,True,3,5249 West Century Boulevard,,
2097,Los Angeles,2,+1 323-463-7171,The Dixie Hollywood Hotel,120,True,3,5410 Hollywood Boulevard,,
2098,Los Angeles,2,+1 833-583-6423,The Ellison Suites,228,True,3,"15 Paloma Avenue, Venice, CA 90291, USA",,
2099,Los Angeles,3,+1 213-632-1200,The Mayfair Hotel,297,True,3,1256 West 7th Street,,
2100,Los Angeles,3,+1 310-825-2923,Ucla Guest House,288,True,3,330 Charles E Young Drive East,,
2101,Los Angeles,3,+1 310-645-2200,La Quinta Inn & Suites By Wyndham Lax,234,True,3,5249 West Century Boulevard,,
2102,Los Angeles,3,+1 323-463-7171,The Dixie Hollywood Hotel,216,True,3,5410 Hollywood Boulevard,,
2103,Los Angeles,3,+1 833-583-6423,The Ellison Suites,216,True,3,"15 Paloma Avenue, Venice, CA 90291, USA",,
2104,Los Angeles,3,+1 310-821-2557,Inn At Venice Beach,333,True,3,"327 West Washington Boulevard, Venice, California 90291, United States",2019-03-03,1
2105,Philadelphia,1,+1 215-825-7000,Aka Rittenhouse Square,148,False,4,135 South 18th Street,2019-03-08,2
2106,Los Angeles,1,+1 323-852-7000,Ac Hotel By Marriott Beverly Hills,78,False,3,6399 Wilshire Boulevard,2019-03-05,2
2107,Anaheim,1,+1 714-772-5050,Anaheim Desert Inn And Suites,76,False,2,1600 South Harbor Boulevard,2019-03-08,2
2108,San Francisco,1,+1 415-563-0800,Argonaut Hotel,208,False,4,495 Jefferson Street,2019-03-06,7
2109,Philadelphia,2,+1 215-372-9000,Aka University City,333,True,3,"Cira Centre South, 2929 Walnut Street",2019-03-02,6
2110,Anaheim,1,+1 714-635-8070,Alamo Inn & Suites,168,False,2,1140 West Katella Avenue,2019-03-08,4
2111,Seattle,1,+1 206-448-4721,Ace Hotel Seattle,126,False,2,2423 1st Avenue,,
2112,Seattle,1,+1 206-529-3700,Belltown Inn,174,False,2,2301 3rd Avenue,,
2113,Seattle,1,+1 206-213-0100,Courtyard By Marriott Seattle Downtown/Lake Union,216,False,3,925 Westlake Avenue North,,
2114,Seattle,1,+1 206-859-4400,Embassy Suites By Hilton Seattle Downtown Pioneer Square,192,True,3,255 South King Street,,
2115,Seattle,1,+1 206-596-2302,Even Hotel Seattle Downtown - Lake Union,138,False,3,527 Fairview Avenue North,,
2116,Seattle,1,+1 206-282-2600,Four Points By Sheraton Downtown Seattle Center,288,False,3,601 Roy Street,,
2117,Seattle,1,+1 206-448-4721,Ace Hotel Seattle,120,False,2,2423 1st Avenue,2019-03-03,3
2118,San Diego,3,+1 858-488-0551,Bahia Resort Hotel,351,False,3,998 West Mission Bay Drive,,
2119,San Diego,3,+1 619-298-4707,Best Western Plus Hacienda Hotel Old Town,234,False,3,4041 Harney Street,,
2120,San Diego,3,+1 619-222-0561,Best Western Plus Island Palms Hotel & Marina,243,False,3,2051 Shelter Island Drive,,
2121,San Diego,3,+1 858-488-4700,Blue Sea Beach Hotel,180,False,3,707 Pacific Beach Drive,,
2122,San Diego,3,+1 619-881-6200,Comfort Inn & Suites San Diego - Zoo Seaworld Area,288,False,3,2485 Hotel Circle Place,,
2123,San Diego,3,+1 619-221-1900,Courtyard By Marriott San Diego Airport/Liberty Station,279,False,3,2592 Laning Road,,
2124,San Diego,3,+1 858-488-1081,Catamaran Resort Hotel And Spa,264,False,4,3999 Mission Boulevard,,
2125,San Diego,3,+1 855-430-7503,Estancia La Jolla Hotel & Spa,336,False,4,"9700 North Torrey Pines Road, La Jolla, California 92037, United States",,
2126,San Diego,3,+1 858-558-1500,Hilton La Jolla Torrey Pines,384,False,4,"10950 North Torrey Pines Road, La Jolla, California 92037, United States",,
2127,San Diego,3,+1 619-231-4040,Hilton San Diego Gaslamp Quarter,456,False,4,401 K Street,,
2128,San Diego,3,+1 619-543-9000,Hilton San Diego Mission Valley,456,False,4,901 Camino del Rio South,,
2129,San Diego,3,+1 619-276-4010,Hilton San Diego Resort & Spa,312,False,4,1775 East Mission Bay Drive,,
2130,San Diego,3,+1 619-727-4000,Hotel Indigo San Diego-Gaslamp Quarter,444,False,4,509 Ninth Avenue,,
2131,San Diego,3,+1 858-551-3600,"Hotel La Jolla, Curio Collection By Hilton",456,False,4,"7955 La Jolla Shores Drive, La Jolla, California 92037, United States",,
2132,San Diego,3,+1 858-552-1234,Hyatt Regency La Jolla At Aventine,444,False,4,3777 La Jolla Village Drive,,
2133,San Diego,3,+1 619-224-1234,Hyatt Regency Mission Bay Spa And Marina,360,False,4,1441 Quivira Road,,
2134,San Diego,3,+1 858-488-1081,Catamaran Resort Hotel And Spa,468,False,4,3999 Mission Boulevard,2019-03-12,2
2135,Sacramento,1,+1 916-929-8855,Doubletree By Hilton Hotel Sacramento,120,False,3,2001 Point West Way,2019-03-05,4
2136,San Diego,1,+1 858-488-0551,Bahia Resort Hotel,144,False,3,998 West Mission Bay Drive,,
2137,San Diego,1,+1 619-233-7500,Best Western Plus Bayside Inn,225,True,3,555 West Ash Street,,
2138,San Diego,1,+1 619-298-4707,Best Western Plus Hacienda Hotel Old Town,144,False,3,4041 Harney Street,,
2139,San Diego,1,+1 619-291-1300,Best Western Seven Seas,225,False,3,411 Hotel Circle South,,
2140,San Diego,1,+1 858-573-0700,Courtyard By Marriott San Diego Central,138,False,3,8651 Spectrum Center Boulevard,,
2141,San Diego,1,+1 619-446-3000,Courtyard By Marriott San Diego Downtown,297,False,3,530 Broadway,,
2142,San Diego,1,+1 858-488-0551,Bahia Resort Hotel,63,False,3,998 West Mission Bay Drive,2019-03-06,7
2143,San Francisco,3,+1 415-834-1000,Green Tortoise Hostel San Francisco,75,False,1,494 Broadway,,
2144,San Francisco,3,+1 415-776-8688,San Remo Hotel,78,False,1,2237 Mason Street,,
2145,San Francisco,2,+1 415-834-1000,Green Tortoise Hostel San Francisco,42,False,1,494 Broadway,2019-03-02,5
2146,Los Angeles,1,+1 323-852-7000,Ac Hotel By Marriott Beverly Hills,78,False,3,6399 Wilshire Boulevard,2019-03-06,3
2147,Long Beach,2,+1 562-599-5555,Best Western Of Long Beach,162,False,3,1725 Long Beach Boulevard,2019-03-06,1
2148,Sacramento,2,+1 916-929-7900,Courtyard By Marriott Sacramento Cal Expo,198,False,3,1782 Tribute Road,,
2149,Sacramento,2,+1 916-455-6800,Courtyard By Marriott Sacramento Midtown,180,False,3,4422 Y Street,,
2150,Sacramento,2,+1 916-929-8855,Doubletree By Hilton Hotel Sacramento,222,False,3,2001 Point West Way,,
2151,Sacramento,2,+1 916-568-5400,Hilton Garden Inn Sacramento/South Natomas,333,False,3,2540 Venture Oaks Way,,
2152,Sacramento,2,+1 916-446-0100,Holiday Inn Sacramento Downtown - Arena,243,False,3,300 J Street,,
2153,Sacramento,2,+1 916-929-7900,Courtyard By Marriott Sacramento Cal Expo,234,False,3,1782 Tribute Road,2019-03-02,7
2154,Long Beach,1,+1 562-435-8511,Courtyard By Marriott Long Beach Downtown,114,False,3,500 East 1st Street,2019-03-09,2
2155,Long Beach,2,+1 562-599-5555,Best Western Of Long Beach,234,False,3,1725 Long Beach Boulevard,2019-03-09,3
2156,Fresno,1,+1 559-268-1000,Doubletree By Hilton Hotel Fresno Convention Center,138,False,3,2233 Ventura Street,,
2157,Fresno,1,+1 559-233-6650,Radisson Hotel Fresno Conference Center,234,False,3,1055 Van Ness Avenue,,
2158,Fresno,1,+1 559-431-0004,Springhill Suites By Marriott Fresno,144,False,3,6844 North Fresno Street,,
2159,Fresno,1,+1 559-268-1000,Doubletree By Hilton Hotel Fresno Convention Center,63,False,3,2233 Ventura Street,2019-03-03,5
2160,Fresno,1,+1 559-268-1000,Doubletree By Hilton Hotel Fresno Convention Center,81,False,3,2233 Ventura Street,2019-03-04,7
2161,Philadelphia,1,+1 215-825-7000,Aka Rittenhouse Square,88,False,4,135 South 18th Street,2019-03-04,4
2162,Anaheim,2,+1 714-635-8070,Alamo Inn & Suites,140,False,2,1140 West Katella Avenue,2019-03-03,4
2163,Anaheim,1,+1 714-778-1700,Anaheim Majestic Garden Hotel,72,False,3,900 South Disneyland Drive,2019-03-11,2
2164,Portland,1,+1 971-351-0230,Canopy By Hilton Portland Pearl District,124,False,4,425 Northwest 9th Avenue,2019-03-08,2
2165,Vancouver,1,+1 604-254-1000,Atrium Inn Vancouver,111,False,3,2889 East Hastings Street,2019-03-06,3
2166,Las Vegas,1,+1 702-256-3766,Best Western Plus Las Vegas West,252,False,3,8669 West Sahara Avenue,2019-03-07,1
2167,Anaheim,2,+1 714-635-8070,Alamo Inn & Suites,216,False,2,1140 West Katella Avenue,2019-03-08,3
2168,Anaheim,3,+1 714-635-8070,Alamo Inn & Suites,162,False,2,1140 West Katella Avenue,2019-03-06,6
2169,Las Vegas,2,+1 702-256-3766,Best Western Plus Las Vegas West,222,False,3,8669 West Sahara Avenue,2019-03-01,1
2170,Seattle,3,+1 206-448-4721,Ace Hotel Seattle,198,False,2,2423 1st Avenue,2019-03-05,7
2171,Los Angeles,2,+1 323-952-6900,Hampton Inn & Suites Los Angeles/Hollywood,132,False,2,"1133 Vine Street, Hollywood, CA 90038, USA",,
2172,Los Angeles,2,+1 323-850-0536,Highland Gardens Hotel,192,True,2,7047 Franklin Avenue,,
2173,Los Angeles,2,+1 818-821-8031,Holiday Inn Express North Hollywood - Burbank Area,222,False,2,"11350 Burbank Boulevard, North Hollywood, California 91601, United States",,
2174,Los Angeles,2,+1 323-850-6464,Hollywood Celebrity Hotel,168,True,2,1775 Orchid Avenue,,
2175,Los Angeles,2,+1 213-413-6699,Hollywood Inn Express South,228,False,2,141 North Alvarado Street,,
2176,Los Angeles,2,+1 323-874-9678,Hollywood Orchid Suites,228,False,2,1753 Orchid Avenue,,
2177,Los Angeles,1,+1 323-952-6900,Hampton Inn & Suites Los Angeles/Hollywood,132,False,2,"1133 Vine Street, Hollywood, CA 90038, USA",,
2178,Los Angeles,1,+1 818-821-8031,Holiday Inn Express North Hollywood - Burbank Area,222,False,2,"11350 Burbank Boulevard, North Hollywood, California 91601, United States",,
2179,Los Angeles,1,+1 213-413-6699,Hollywood Inn Express South,56,False,2,141 North Alvarado Street,,
2180,Los Angeles,1,+1 323-874-9678,Hollywood Orchid Suites,228,False,2,1753 Orchid Avenue,,
2181,Los Angeles,1,+1 310-834-3400,Best Western Los Angeles Worldport Hotel,222,False,2,"1402 West Pacific Coast Highway, Wilmington, CA 90744, USA",2019-03-02,4
2182,Sacramento,2,+1 916-929-7900,Courtyard By Marriott Sacramento Cal Expo,279,False,3,1782 Tribute Road,2019-03-10,2
2183,San Diego,1,+1 619-202-4324,Comfort Inn Gaslamp Convention Center,70,False,2,660 G Street,,
2184,San Diego,2,+1 619-543-9944,Good Nite Inn Near Seaworld,148,False,2,3880 Greenwood Street,,
2185,San Diego,3,+1 619-543-1130,Holiday Inn Express San Diego Airport-Old Town,132,False,2,1955 San Diego Avenue,,
2186,San Diego,1,+1 619-297-1691,Hotel Iris,76,False,2,625 Hotel Circle South,,
2187,San Diego,3,+1 619-224-8266,Howard Johnson By Wyndham San Diego Sea World,180,False,2,3330 Rosecrans Street,,
2188,San Diego,3,+1 619-296-1612,Motel 6 San Diego Hotel Circle - Mission Valley,180,True,2,2424 Hotel Circle North,,
2189,San Diego,1,+1 858-578-6600,Best Western San Diego/Miramar Hotel,88,False,2,9310 Kearny Mesa Road,,
2190,San Diego,1,+1 619-543-9944,Good Nite Inn Near Seaworld,148,False,2,3880 Greenwood Street,,
2191,San Diego,1,+1 619-543-1130,Holiday Inn Express San Diego Airport-Old Town,132,False,2,1955 San Diego Avenue,,
2192,San Diego,1,+1 619-224-8266,Howard Johnson By Wyndham San Diego Sea World,180,False,2,3330 Rosecrans Street,,
2193,San Diego,1,+1 619-297-2231,Kings Inn San Diego,100,True,2,1333 Hotel Circle South,,
2194,San Diego,1,+1 619-296-1612,Motel 6 San Diego Hotel Circle - Mission Valley,180,True,2,2424 Hotel Circle North,,
2195,San Diego,1,+1 858-578-6600,Best Western San Diego/Miramar Hotel,222,False,2,9310 Kearny Mesa Road,2019-03-03,6
2196,London,1,+44 20 7493 4545,45 Park Lane,195,False,5,45 Park Lane,2019-03-06,3
2197,New York,2,+1 212-749-4000,Aloft Harlem,342,False,3,2296 Frederick Douglass Boulevard,,
2198,New York,2,+1 718-433-9305,Aloft Long Island City-Manhattan View,252,False,3,"27-45 Jackson Avenue, Long Island City, NY 11101, USA",,
2199,New York,2,+1 212-513-0003,Aloft Manhattan Downtown - Financial District,252,False,3,49-53 Ann Street,,
2200,New York,2,+1 718-256-3833,Aloft New York Brooklyn,234,False,3,"216 Duffield Street, Brooklyn, NY 11201, USA",,
2201,New York,2,+1 718-512-0248,Aloft New York Laguardia Airport,225,False,3,"100-15 Ditmars Boulevard, East Elmhurst, NY 11369, USA",,
2202,New York,2,+1 212-247-5000,Ameritania At Times Square,174,False,3,230 West 54th Street #5502,,
2203,New York,2,+1 212-459-1000,Amsterdam Court Hotel,198,True,3,226 West 50th Street,,
2204,New York,2,+1 212-245-7000,Belvedere Hotel,162,False,3,319 West 48th Street,,
2205,New York,2,+1 212-235-1111,11 Howard,174,True,3,11 Howard Street,2019-03-01,3
2206,Anaheim,2,+1 714-778-1700,Anaheim Majestic Garden Hotel,207,False,3,900 South Disneyland Drive,,
2207,Anaheim,2,+1 714-782-7600,Anaheim Portofino Inn & Suites,192,False,3,1831 South Harbor Boulevard,,
2208,Anaheim,2,+1 714-634-2106,Ayres Hotel Anaheim,243,True,3,2550 East Katella Avenue,,
2209,Anaheim,2,+1 714-774-1050,Best Western Plus Anaheim Inn,279,False,3,1630 South Harbor Boulevard,,
2210,Anaheim,2,+1 714-635-8070,Alamo Inn & Suites,80,False,2,1140 West Katella Avenue,2019-03-03,5
2211,Toronto,1,+1 416-663-9500,Best Western Plus Toronto North York Hotel & Suites,270,False,3,"50 Norfinch Drive, North York, Ontario M3N 1X1, Canada",2019-03-03,6
2212,Cape Town,1,+27 21 535 3611,City Lodge Hotel Grandwest,90,True,3,"GrandWest Casino & Entertainment World, Jakes Gerwel Drive, Goodwood",,
2213,Cape Town,3,+27 21 448 4123,Garden Court Nelson Mandela Boulevard,270,True,3,"Corner Melbourne and Coronation Road &, Melbourne Road, Walmer Estate",,
2214,Cape Town,2,+27 21 424 5092,Happy Rhino Hotel,210,False,3,179 Loop Street,,
2215,Cape Town,3,+27 21 480 8300,Holiday Inn Express Cape Town City Centre,216,True,3,101 St. George's Mall Cnr Church Str. & St George's Mall,,
2216,Cape Town,3,+27 87 940 7474,Mojo Hotel,207,False,3,"30 Regent Road, Sea Point",,
2217,Cape Town,1,+27 21 789 1391,Monkey Valley Resort,90,False,3,"1 Mountain Road, Chapmans Peak",,
2218,Cape Town,3,+27 21 913 9256,Protea Hotel By Marriott Cape Town Durbanville,216,True,3,"Vineyards Office Estate, 99 Jip De Jager Laan, Tyger Valley, 7530, Suid-Afrika",,
2219,Cape Town,2,+27 21 434 3344,Protea Hotel By Marriott Cape Town Sea Point,132,False,3,"Arthurs Road, Sea Point",,
2220,Cape Town,1,+27 21 913 2000,Protea Hotel By Marriott Cape Town Tyger Valley,93,True,3,"Uys Krige Drive, Welgemoed",,
2221,Cape Town,2,+27 21 975 5677,"Ruslamere Hotel, Spa And Conference Centre Durbanville",168,True,4,"14 Langeberg Road, Durbanville",,
2222,Cape Town,1,+27 21 488 5100,Southern Sun Cape Sun,136,True,4,"23 Strand Street, Cape Town City Centre",,
2223,Cape Town,3,+27 21 415 4000,Southern Sun The Cullinan,252,True,4,"1 Cullinan Street, Cape Town City Centre",,
2224,Cape Town,2,+27 21 492 9999,Sunsquare Cape Town City Bowl,304,True,4,"23 Buitengracht Street, Cape Town City Centre",,
2225,Sydney,2,+61 2 9665 0000,Coogee Bay Hotel,240,True,4,"253 Coogee Bay Road, Coogee New South Wales 2034, Australia",,
2226,Sydney,3,+61 2 9955 1685,Glenferrie Lodge,432,True,4,"12 Carabella Street, Kirribilli New South Wales 2061, Australia",,
2227,Sydney,3,+61 2 9439 6000,Hotel Urban,240,True,4,"194 Pacific Highway corner Bellevue Ave and, Pacific Highway, Greenwich New South Wales 2065, Australia",,
2228,Sydney,3,+61 2 9264 6001,Hyde Park Inn,360,True,4,271 Elizabeth Street,,
2229,Sydney,1,+61 2 9974 5599,Jonah'S Restaurant & Boutique Hotel,152,True,4,"69 Bynya Road, Palm Beach New South Wales 2108, Australia",,
2230,Sydney,1,+61 2 9249 7000,Adina Apartment Hotel Sydney Darling Harbour,372,True,4,55 Shelley Street,2019-03-05,6
2231,New York,1,+1 347-696-2500,1 Hotel Brooklyn Bridge,330,True,5,"60 Furman Street, Brooklyn",2019-03-04,3
2232,Chicago,2,+1 312-894-0800,Acme Hotel Company,186,True,3,15 East Ohio Street,2019-03-06,7
2233,Atlanta,1,+1 404-524-7000,Holiday Inn Express & Suites Atlanta Downtown,156,False,2,111 Cone Street Northwest,,
2234,Atlanta,1,+1 404-524-7000,Holiday Inn Express & Suites Atlanta Downtown,126,False,2,111 Cone Street Northwest,2019-03-07,5
2235,New York,3,+1 212-235-1111,11 Howard,198,True,3,11 Howard Street,,
2236,New York,3,+1 212-204-3000,6 Columbus - Central Park Hotel,312,True,4,308 West 58th Street,,
2237,New York,3,+1 718-631-5900,Adria Hotel & Conference Center,351,True,3,"221-17 Northern Boulevard, Bayside",,
2238,New York,3,+1 212-752-8888,Aka Sutton Place,324,True,4,330 East 56th Street,,
2239,New York,3,+1 212-764-5700,Aka Times Square,300,False,4,123 West 44th Street,,
2240,New York,3,+1 212-703-2001,1 Hotel Central Park,510,True,5,1414 6th Avenue,2019-03-07,6
2241,Sydney,2,+61 2 9211 8633,Capitol Square Hotel,192,False,3,3 Campbell Street,,
2242,Sydney,2,+61 2 9389 3093,Charing Cross Hotel Waverley,156,True,3,"81 Carrington Road, Waverley New South Wales 2024, Australia",,
2243,Sydney,2,+61 2 9556 1555,Cks Sydney Airport Hotel,228,False,3,"35 Levey Street, Wolli Creek New South Wales 2205, Australia",,
2244,Sydney,3,+61 2 9567 8910,Comfort Hotel Sydney Airport,261,False,3,"185 Princes Highway, Arncliffe New South Wales 2205, Australia",,
2245,Sydney,1,+61 2 9602 8194,Crossroads Hotel,114,True,3,"Hume Hwy & Camden Valley Way, Casula New South Wales 2170, Australia",,
2246,Sydney,1,+61 2 9130 3271,Hotel Bondi,63,False,3,"178 Campbell Parade, Bondi Beach New South Wales 2026, Australia",,
2247,Sydney,1,+61 2 9955 2675,Blues Point Hotel,198,True,3,"116 Blues Point Road, McMahons Point New South Wales 2060, Australia",2019-03-01,6
2248,London,1,+44 20 8563 8692,Abercorn House,56,False,1,28-30 Bute Gardens,2019-03-03,3
2249,New York,2,+1 347-696-2500,1 Hotel Brooklyn Bridge,350,True,5,"60 Furman Street, Brooklyn",2019-03-09,4
2250,Paris,1,+33 1 84 82 49 09,Ac Hotel By Marriott Paris Porte Maillot,160,False,4,"6 Rue Gustave Charpentier, 75017",2019-03-01,6
2251,Paris,2,+33 1 84 82 49 09,Ac Hotel By Marriott Paris Porte Maillot,432,False,4,"6 Rue Gustave Charpentier, 75017",,
2252,Paris,2,+33 1 49 52 99 70,Amastan Paris,432,False,4,"34 Rue Jean Mermoz, 75008",,
2253,Paris,2,+33 1 44 72 42 00,Aparthotel Adagio Access Paris La Villette,204,False,3,"28bis Avenue Corentin Cariou, 75019",,
2254,Paris,2,+33 1 42 57 14 55,Aparthotel Adagio Paris Montmartre,225,True,3,"10 Place Charles Dullin, 75018",,
2255,Paris,2,+33 1 42 85 50 00,Avalon Hotel Paris Gare Du Nord,234,False,3,"131 Boulevard de Magenta, 75010",,
2256,Paris,2,+33 1 45 38 52 59,Best Western Bretagne Montparnasse,232,True,4,"33 Rue Raymond Losserand, 75014",,
2257,Paris,2,+33 1 44 30 10 00,Brach Paris,480,True,5,"1-7 Rue Jean Richepin, 75016",,
2258,Paris,2,+33 1 83 96 88 88,Buddha-Bar Hotel Paris,345,True,5,"4 Rue d'Anjou, 75008",,
2259,Paris,2,+33 1 84 82 49 09,Ac Hotel By Marriott Paris Porte Maillot,432,False,4,"6 Rue Gustave Charpentier, 75017",2019-03-07,6
2260,Philadelphia,1,+1 215-825-7000,Aka Rittenhouse Square,240,False,4,135 South 18th Street,2019-03-07,6
2261,Los Angeles,1,+1 310-642-7500,Crowne Plaza Los Angeles Airport,280,False,4,5985 West Century Boulevard,,
2262,Los Angeles,1,+1 818-595-1000,Hilton Woodland Hills/Los Angeles,408,False,4,"6360 Canoga Avenue, Woodland Hills, California 91367, United States",,
2263,Los Angeles,1,+1 866-734-6018,Hotel Figueroa,104,False,4,939 South Figueroa Street,,
2264,Los Angeles,1,+1 213-232-8800,Hotel Indigo Los Angeles Downtown,300,False,4,899 Francisco Street,,
2265,Los Angeles,1,+1 310-284-6500,Intercontinental Los Angeles Century City,156,False,4,2151 Avenue of the Stars,,
2266,Los Angeles,1,+1 310-553-6561,Beverly Hills Marriott,116,False,4,1150 South Beverly Drive,2019-03-01,4
2267,Sydney,1,+61 2 9224 6400,Adina Serviced Apartments Sydney Martin Place (Formerly Medina),120,False,4,1 Hosking Place,,
2268,Sydney,1,+61 2 9102 2828,28 Hotel Sydney,312,False,4,"28 Regent Street, Chippendale New South Wales 2008, Australia",,
2269,Sydney,1,+61 2 9011 5757,57 Hotel,272,False,4,"57 Foveaux Street, Surry Hills New South Wales 2010, Australia",,
2270,Sydney,1,+61 2 9300 4800,Adina Apartment Hotel Bondi Beach Sydney,408,False,4,"69/73 Hall Street, Bondi Beach New South Wales 2026, Australia",,
2271,Sydney,1,+61 2 8396 9800,Adina Apartment Hotel Sydney Central,252,False,4,"2 Lee Street, Haymarket New South Wales 2000, Australia",,
2272,Sydney,1,+61 2 9249 7000,Adina Apartment Hotel Sydney Darling Harbour,432,True,4,55 Shelley Street,,
2273,Sydney,1,+61 2 9274 0000,Adina Apartment Hotel Sydney Town Hall,276,False,4,511 Kent Street,,
2274,Sydney,1,+61 2 9011 5757,57 Hotel,256,False,4,"57 Foveaux Street, Surry Hills New South Wales 2010, Australia",2019-03-07,4
2275,Washington D.C.,1,+1 202-337-6620,Arc The. Hotel Washington D.C.,252,False,3,"824 New Hampshire Avenue Northwest, Washington, DC 20037, USA",2019-03-01,7
2276,London,1,+44 20 7613 9800,Ace Hotel London,184,False,4,100 Shoreditch High Street,2019-03-04,5
2277,London,1,+44 20 7493 4545,45 Park Lane,345,False,5,45 Park Lane,2019-03-05,7
2278,New York,1,+1 212-703-2001,1 Hotel Central Park,300,True,5,1414 6th Avenue,2019-03-04,2
2279,Atlanta,3,+1 678-515-0300,Aloft Atlanta Downtown,225,False,3,300 Ted Turner Drive Northwest,,
2280,Atlanta,2,+1 404-876-6100,Artmore Hotel,222,False,3,1302 West Peachtree Street Northwest,,
2281,Atlanta,1,+1 404-876-8888,Atlanta Marriott Suites Midtown,60,False,3,35 14th Street Northeast,,
2282,Atlanta,1,+1 404-658-1961,"Country Inn & Suites By Radisson, Atlanta Downtown South At Turner Field, Ga",63,False,3,759 Pollard Boulevard Southwest,,
2283,Atlanta,1,+1 404-869-0818,Courtyard By Marriott Atlanta Buckhead,114,False,3,3332 Peachtree Road Northeast,,
2284,Atlanta,3,+1 404-877-9000,Crowne Plaza Atlanta - Midtown,225,False,3,590 West Peachtree Street Northwest,,
2285,Atlanta,2,+1 404-223-2300,Embassy Suites By Hilton Atlanta At Centennial Olympic Park,228,False,3,267 Marietta Street NorthWest,,
2286,Atlanta,1,+1 404-261-7733,Embassy Suites By Hilton Atlanta Buckhead,66,True,3,3285 Peachtree Road Northeast,,
2287,Atlanta,3,+1 404-347-9440,Georgia Tech Hotel And Conference Center,288,False,3,800 Spring Street Northwest,,
2288,Atlanta,1,+1 678-515-0300,Aloft Atlanta Downtown,126,False,3,300 Ted Turner Drive Northwest,2019-03-02,4
2289,New York,2,+1 212-790-8800,Baccarat Hotel,570,True,5,28 West 53rd Street,,
2290,New York,2,+1 212-226-6400,Crosby Street Hotel,340,False,5,79 Crosby Street,,
2291,New York,2,+1 646-880-1999,Four Seasons Hotel New York Downtown,405,True,5,27 Barclay Street,,
2292,New York,2,+1 212-804-8880,Mondrian Park Avenue,555,False,5,444 Park Avenue South,,
2293,New York,2,+1 646-774-1234,Park Hyatt New York,450,False,5,153 West 57th Street,,
2294,New York,2,+1 212-744-1600,"The Carlyle, A Rosewood Hotel",345,False,5,35 East 76th Street,,
2295,New York,2,+1 212-764-6200,"The Chatwal, A Luxury Collection Hotel, New York City",435,False,5,130 West 44th Street,,
2296,London,2,+44 20 7493 4545,45 Park Lane,375,False,5,45 Park Lane,,
2297,London,2,+44 20 7377 4390,Batty Langley'S Hotel,350,False,5,12 Folgate Street,,
2298,London,2,+44 20 3327 4142,Chelsea Bridge Apartments,315,False,5,124 Prince Of Wales Drive,,
2299,London,2,+44 20 7447 1000,Como Metropolitan London,465,False,5,19 Old Park Lane,,
2300,London,2,+44 20 3750 4545,Devonshire Club By Mantis,240,True,5,5 Devonshire Square,,
2301,London,2,+44 20 7491 4840,Dukes London,270,False,5,35 Saint James's Place,,
2302,London,2,+44 20 3297 9200,Four Seasons Hotel London At Ten Trinity Square,390,True,5,10 Trinity Square,,
2303,London,2,+44 20 7341 2666,Fraser Suites Kensington,525,False,5,75 Stanhope Gardens,,
2304,London,2,+44 20 3388 0800,"Great Northern Hotel, A Tribute Portfolio Hotel, London",495,False,5,Pancras Road,,
2305,London,2,+44 20 7493 4545,45 Park Lane,540,False,5,45 Park Lane,2019-03-04,7
2306,New York,2,+1 212-866-6400,Days Inn By Wyndham Hotel New York City-Broadway,128,True,2,215 West 94th Street,,
2307,New York,2,+1 646-993-2714,Econo Lodge Times Square,120,True,2,302 West 47th Street,,
2308,New York,2,+1 718-357-3661,Extended Stay America - New York City - Laguardia Airport,92,True,2,"18-30 Whitestone Expressway, Whitestone",,
2309,New York,3,+1 718-786-7869,Feather Factory Hotel,228,True,2,"26-32 Skillman Avenue, Long Island City",,
2310,New York,2,+1 718-888-8668,Flushing Hotel,80,True,2,"36-38 Main Street, Flushing",,
2311,New York,1,+1 718-388-4433,Bklyn House Hotel,120,True,2,"9 Beaver Street, Brooklyn",2019-03-03,3
2312,Chicago,1,+1 312-981-6600,Ac Hotel By Marriott Chicago Downtown,69,False,3,630 North Rush Street,2019-03-08,4
2313,Kuala Lumpur,2,+60 3-2268 3888,Alila Bangsar,330,False,5,"East Side, 58, Jalan Ang Seng, Brickfields, 50470",2019-03-02,5
2314,New York,3,+1 718-433-9305,Aloft Long Island City-Manhattan View,252,False,3,"27-45 Jackson Avenue, Long Island City, NY 11101, USA",,
2315,New York,3,+1 718-512-0248,Aloft New York Laguardia Airport,225,False,3,"100-15 Ditmars Boulevard, East Elmhurst, NY 11369, USA",,
2316,Sydney,1,+61 2 9265 8888,1831 Boutique Hotel,225,True,3,631-635 George Street,,
2317,Sydney,1,+61 2 9102 2828,28 Hotel Sydney,168,False,4,"28 Regent Street, Chippendale New South Wales 2008, Australia",2019-03-01,7
2318,London,2,+44 20 7402 0281,Abbey Court Hotel (Hyde Park),252,True,3,Sussex Gardens,2019-03-01,4
2319,New York,1,+1 347-696-2500,1 Hotel Brooklyn Bridge,350,True,5,"60 Furman Street, Brooklyn",2019-03-09,4
2320,London,2,+44 20 7407 7566,Accommodation London Bridge,324,False,3,58 Great Dover Street,,
2321,London,2,+44 20 7493 4545,45 Park Lane,435,False,5,45 Park Lane,2019-03-07,5
2322,London,1,+44 20 8563 8692,Abercorn House,66,False,1,28-30 Bute Gardens,2019-03-05,5
2323,Kuala Lumpur,1,+60 3-2268 3888,Alila Bangsar,250,False,5,"East Side, 58, Jalan Ang Seng, Brickfields, 50470",,
2324,Kuala Lumpur,1,+60 3-2113 1888,Banyan Tree Kuala Lumpur,310,True,5,"2, Jalan Conlay, 50450 Kuala Lumpur, Wilayah Persekutuan",,
2325,Kuala Lumpur,1,+60 3-2143 1111,Ceria Hotel Bukit Bintang,132,True,2,"270, Jalan Changkat Thambi Dollah, Pudu, 55100 Wilayah Persekutuan, Wilayah Persekutuan",,
2326,Kuala Lumpur,1,+60 3-2723 1188,Aloft Kuala Lumpur Sentral,88,False,4,"No. 5, Jalan Stesen Sentral, 50470 Kuala Lumpur, Wilayah Persekutuan",2019-03-03,3
2327,Paris,1,+33 1 44 72 42 00,Aparthotel Adagio Access Paris La Villette,210,False,3,"28bis Avenue Corentin Cariou, 75019",2019-03-05,4
2328,Anaheim,3,+1 714-774-5284,Candy Cane Inn,156,True,2,1747 South Harbor Boulevard,,
2329,Anaheim,3,+1 714-616-5788,Days Inn & Suites By Wyndham Anaheim At Disneyland Park,204,False,2,1111 South Harbor Boulevard,,
2330,Anaheim,3,+1 714-635-5000,La Quinta Inn & Suites By Wyndham Anaheim,234,True,2,1752 South Clementine Street,,
2331,Anaheim,3,+1 714-772-3691,Park Vue Inn,120,False,2,1570 South Harbor Boulevard,,
2332,Anaheim,2,+1 714-635-8070,Alamo Inn & Suites,156,False,2,1140 West Katella Avenue,2019-03-05,1
2333,Washington D.C.,1,+1 202-337-6620,Arc The. Hotel Washington D.C.,84,False,3,"824 New Hampshire Avenue Northwest, Washington, DC 20037, USA",2019-03-07,4
2334,Washington D.C.,1,+1 202-337-6620,Arc The. Hotel Washington D.C.,243,False,3,"824 New Hampshire Avenue Northwest, Washington, DC 20037, USA",2019-03-04,4
2335,New York,1,+1 347-696-2500,1 Hotel Brooklyn Bridge,375,True,5,"60 Furman Street, Brooklyn",2019-03-01,7
2336,Washington D.C.,1,+1 202-337-6620,Arc The. Hotel Washington D.C.,252,False,3,"824 New Hampshire Avenue Northwest, Washington, DC 20037, USA",2019-03-01,5
2337,Sydney,3,+61 2 9265 8888,1831 Boutique Hotel,207,True,3,631-635 George Street,2019-03-02,7
2338,Kuala Lumpur,3,+60 3-2143 1111,Ceria Hotel Bukit Bintang,222,True,2,"270, Jalan Changkat Thambi Dollah, Pudu, 55100 Wilayah Persekutuan, Wilayah Persekutuan",,
2339,Kuala Lumpur,3,+60 3-2110 4388,Container Hotel,228,True,2,"Jalan Delima, Imbi, 55100 Kuala Lumpur, Wilayah Persekutuan",,
2340,Kuala Lumpur,3,+60 3-2141 7753,Gold3 Boutique Hotel,156,True,2,"B5, Fahrenheit88, 179, Jalan Bukit Bintang, 55100 Kuala Lumpur, Wilayah Persekutuan",,
2341,Kuala Lumpur,3,+60 3-2143 5000,My Hotel @ Bukit Bintang,204,True,2,"120, Jalan Pudu, Bukit Bintang, 55100 Kuala Lumpur, Wilayah Persekutuan",,
2342,Kuala Lumpur,3,+60 3-2274 9000,Nu Hotel,144,True,2,"37, Jalan Thambipillay, Brickfields, 50470",,
2343,Kuala Lumpur,3,+60 3-9100 1133,"Silka Hotel, Cheras Sentral Mall",150,True,2,"1, Jalan 2/142a, Taman Len Seng, 56000 Kuala Lumpur, Wilayah Persekutuan",,
2344,Kuala Lumpur,3,+60 3-2143 1111,Ceria Hotel Bukit Bintang,180,True,2,"270, Jalan Changkat Thambi Dollah, Pudu, 55100 Wilayah Persekutuan, Wilayah Persekutuan",2019-03-01,1
2345,Kuala Lumpur,1,+60 3-2268 3888,Alila Bangsar,230,False,5,"East Side, 58, Jalan Ang Seng, Brickfields, 50470",2019-03-01,2
2346,London,3,+44 20 3019 8610,Artist Residence London,432,True,4,52 Cambridge Street,,
2347,London,3,+44 20 7221 2220,Berjaya Eden Park Hotel,234,True,3,35-39 Inverness Terrace,,
2348,London,3,+44 333 003 4239,Best Western Mornington Hotel,456,True,4,12 Lancaster Gate,,
2349,London,3,+44 333 003 5239,Best Western Swiss Cottage Hotel,306,True,3,4 Adamson Road,,
2350,London,3,+44 20 7262 0537,Central London Budget Hotel,150,True,2,12 Westbourne Street,,
2351,London,3,+44 20 7233 6636,Comfort Inn Victoria London,225,True,3,18-24 Belgrave Road,,
2352,London,3,+44 20 7402 0281,Abbey Court Hotel (Hyde Park),252,True,3,Sussex Gardens,2019-03-01,7
2353,San Diego,1,+1 858-488-1081,Catamaran Resort Hotel And Spa,200,False,4,3999 Mission Boulevard,,
2354,Los Angeles,1,+1 310-553-6561,Beverly Hills Marriott,384,False,4,1150 South Beverly Drive,2019-03-06,5
2355,Anaheim,1,+1 714-772-5050,Anaheim Desert Inn And Suites,150,False,2,1600 South Harbor Boulevard,,
2356,Anaheim,1,+1 714-774-0950,Anaheim Executive Inn,92,True,2,1800 Lincoln Avenue,,
2357,Anaheim,1,+1 714-778-6565,Anaheim Islander Inn And Suites,156,False,2,424 West Katella Avenue,,
2358,Anaheim,1,+1 714-776-0140,Best Western Plus Pavilions,76,False,1,1176 West Katella Avenue,,
2359,Delhi,1,+91 124 419 6666,Fortune Select Global - Hotel In Gurgaon,468,True,4,"Global Arcade, Mehrauli-Gurgaon Road, Gurugram, Haryana 122002, India",,
2360,Delhi,1,+91 11 6604 0000,"Four Points By Sheraton New Delhi, Airport Highway",264,False,4,"Plot no 9, National Highway - 8, Samalka, New Delhi",,
2361,Delhi,1,+91 11 2326 1000,Haveli Dharampura,256,True,4,"2293, Dharampura, Gali Gulian, Jama Masjid, Chandni Chowk, Old",,
2362,Delhi,1,+91 11 3919 1919,Hilton Garden Inn New Delhi/Saket,432,True,4,"A4, DLF Place, Saket District Centre, New Delhi",,
2363,Long Beach,3,+1 562-436-3000,The Westin Long Beach,300,False,4,333 East Ocean Boulevard,,
2364,Paris,3,+33 1 44 72 42 00,Aparthotel Adagio Access Paris La Villette,342,False,3,"28bis Avenue Corentin Cariou, 75019",,
2365,Paris,3,+33 1 42 85 50 00,Avalon Hotel Paris Gare Du Nord,324,False,3,"131 Boulevard de Magenta, 75010",,
2366,Paris,3,+33 1 45 38 52 59,Best Western Bretagne Montparnasse,456,True,4,"33 Rue Raymond Losserand, 75014",,
2367,Paris,3,+33 1 43 37 81 25,Best Western Plus La Demeure HoTel,468,False,4,"51 Boulevard Saint-Marcel, 75013",,
2368,Paris,3,+33 1 40 43 02 33,Bob Hotel By Elegancia,396,True,4,"30 Rue Pernety, 75014",,
2369,Paris,3,+33 1 44 30 10 00,Brach Paris,480,True,5,"1-7 Rue Jean Richepin, 75016",,
2370,Kuala Lumpur,2,+60 3-2386 0888,Capri By Fraser Kuala Lumpur,160,True,4,"5, Jalan Kerinchi, Bangsar South, 59200 Kuala Lumpur, Wilayah Persekutuan",,
2371,Kuala Lumpur,2,+60 3-2144 2200,Concorde Hotel Kuala Lumpur,372,True,4,"2, Jalan Sultan Ismail, Kuala Lumpur, 50250 Kuala Lumpur, Wilayah Persekutuan",,
2372,Kuala Lumpur,2,+60 3-2148 9988,D'Majestic Place By Swiss-Garden,232,True,4,"376, Jalan Pudu, Pudu, 55100 Kuala Lumpur, Wilayah Persekutuan",,
2373,Kuala Lumpur,2,+60 3-2716 1000,Dorsett Kuala Lumpur,240,True,4,"172, Jalan Imbi, Pudu, 55100 Kuala Lumpur, Wilayah Persekutuan",,
2374,Kuala Lumpur,2,+60 3-6419 8688,"Hyatt House Kuala Lumpur, Mont'Kiara",216,True,4,"G-2, Arcoris, No. 10, Jalan Kiara, Mont Kiara, 50480, Wilayah Persekutuan",,
2375,Kuala Lumpur,2,+60 3-2778 3333,Ibis Kuala Lumpur City Centre,200,True,4,"32, Jalan Yap Kwan Seng, 50450",,
2376,Kuala Lumpur,2,+60 3-2785 2828,Melia Kuala Lumpur,240,True,4,"16, Jalan Imbi, 55100",,
2377,Kuala Lumpur,2,+60 3-2720 3888,Oakwood Hotel & Residence Kuala Lumpur,252,True,4,"222, Jalan Ampang, 50450 Kuala Lumpur, Wilayah Persekutuan",,
2378,Kuala Lumpur,2,+60 3-2726 6788,"Oasia Suites Kuala Lumpur, Malaysia",168,True,4,"10, Lorong P Ramlee, Kuala Lumpur, 50250",,
2379,Los Angeles,1,+1 213-279-3532,Kimpton Everly Hotel,420,True,4,1800 Argyle Avenue,,
2380,Los Angeles,1,+1 323-785-6600,Mama Shelter,84,True,4,6500 Selma Avenue,,
2381,Los Angeles,1,+1 213-617-1133,The L.A. Grand Hotel Downtown,96,True,4,333 South Figueroa Street,,
2382,Los Angeles,1,+1 323-658-6600,The Orlando Hotel,264,True,4,8384 West 3rd Street,,
2383,Los Angeles,1,+1 855-522-8252,Ucla Meyer And Renee Luskin Conference Center,348,True,4,425 Westwood Plaza,,
2384,London,2,+44 20 7402 5447,Ascot Hyde Park Hotel,198,False,3,11 Craven Road,,
2385,London,2,+44 20 7636 4133,Astor Court Hotel,261,False,3,"20 Hallam Street, Oxford Circus",,
2386,London,2,+44 20 7244 5700,Avni Kensington Hotel,120,False,3,40-44 Harrington Gardens,,
2387,San Francisco,1,+1 415-788-5604,Hi San Francisco Downtown Hostel,207,True,3,312 Mason Street,,
2388,San Francisco,1,+1 415-495-2100,Hotel Griffon - A Greystone Hotel,90,True,3,155 Steuart Street,,
2389,San Francisco,1,+1 415-617-6565,Hotel Zephyr,186,True,3,250 Beach Street,,
2390,San Francisco,1,+1 415-921-4000,Kimpton Buchanan Hotel,210,True,3,1800 Sutter Street,,
2391,San Francisco,1,+1 415-400-0500,Mystic Hotel,252,True,3,417 Stockton Street,,
2392,San Francisco,1,+1 415-885-2987,Nob Hill Hotel,60,True,3,835 Hyde Street,,
2393,Toronto,1,+1 416-244-1711,Delta Hotels By Marriott Toronto Airport & Conference Centre,144,False,3,"655 Dixon Road, Etobicoke, Ontario M9W 1J3, Canada",,
2394,Toronto,1,+1 416-674-8442,Embassy Suites By Hilton Toronto Airport,78,False,3,"262 Carlingview Drive, Etobicoke, Ontario M9W 5G1, Canada",,
2395,Toronto,1,+1 416-747-7676,Est Hotel,66,False,3,"1790 Albion Road, Etobicoke, Ontario M9V 4J8, Canada",,
2396,Toronto,1,+1 416-646-3000,Hampton Inn By Hilton Toronto Airport Corporate Centre,351,False,3,5515 Eglinton Avenue West,,
2397,Chicago,1,+1 312-981-6600,Ac Hotel By Marriott Chicago Downtown,324,False,3,630 North Rush Street,,
2398,Chicago,1,+1 312-894-0800,Acme Hotel Company,180,True,3,15 East Ohio Street,,
2399,Chicago,1,+1 312-429-6600,Aloft Chicago Mag Mile,252,False,3,243 East Ontario Street,,
2400,Chicago,1,+1 312-787-3700,Ambassador Chicago,176,False,4,1301 North State Parkway,,
2401,Chicago,1,+1 312-467-0800,Best Western River North Hotel,198,False,3,125 West Ohio Street,,
2402,Chicago,1,+1 312-836-0100,Chicago Marriott Downtown Magnificent Mile,444,False,4,540 North Michigan Avenue,,
2403,Chicago,1,+1 312-829-5000,Crowne Plaza Chicago West Loop,468,False,4,25 South Halsted Street,,
2404,London,1,+44 20 7221 2220,Berjaya Eden Park Hotel,132,True,3,35-39 Inverness Terrace,,
2405,London,1,+44 871 222 0042,Britannia International Hotel,288,True,4,Marsh Wall,,
2406,London,3,+44 844 567 8955,Antoinette Hotel Wimbledon,180,False,3,"The Broadway SW19 1SD, United Kingdom",,
2407,Kuala Lumpur,1,+60 3-2172 7272,Doubletree By Hilton Hotel Kuala Lumpur,155,True,5,"The Intermark, 348, Jalan Tun Razak, 50400 Kuala Lumpur, Wilayah Persekutuan",,
2408,Kuala Lumpur,1,+60 3-2789 7777,Eq Kuala Lumpur,130,True,5,"EQ, Equatorial Plaza, Jalan Sultan Ismail, 50250",,
2409,Kuala Lumpur,3,+60 3-2382 8888,Four Seasons Hotel Kuala Lumpur,360,True,5,"145, Jalan Ampang, 50450 Kuala Lumpur, Wilayah Persekutuan",,
2410,Kuala Lumpur,2,+60 3-2118 6288,Fraser Place Kuala Lumpur,370,True,5,"163, 10, Jalan Perak, Kuala Lumpur, 50450 Kuala Lumpur, Wilayah Persekutuan",,
2411,Kuala Lumpur,3,+60 3-2191 0888,Fraser Residence Kuala Lumpur,435,True,5,"Jalan Cendana, Off, Jalan Sultan Ismail, Kampung Baru, 50250",,
2412,Kuala Lumpur,2,+60 3-2117 4888,Grand Millennium Hotel Kuala Lumpur,300,True,5,"160, Jalan Bukit Bintang, 55100 Kuala Lumpur, Wilayah Persekutuan",,
2413,Kuala Lumpur,2,+60 3-2141 9988,Hotel Istana Kuala Lumpur City Centre,260,True,5,"73, Jalan Raja Chulan, Bukit Bintang, 50200 Kuala Lumpur, Wilayah Persekutuan",,
2414,Kuala Lumpur,3,+60 3-2711 8866,Hotel Maya Kuala Lumpur,510,True,5,"138, Jalan Ampang, 50450",,
2415,Kuala Lumpur,3,+60 3-2144 2200,Concorde Hotel Kuala Lumpur,372,True,4,"2, Jalan Sultan Ismail, Kuala Lumpur, 50250 Kuala Lumpur, Wilayah Persekutuan",,
2416,Kuala Lumpur,1,+60 3-2161 8888,Corus Hotel Kuala Lumpur,140,False,4,"Jalan Ampang, Hampshire Park, 50450 Kuala Lumpur, Wilayah Persekutuan",,
2417,Kuala Lumpur,1,+60 3-2148 9988,D'Majestic Place By Swiss-Garden,120,True,4,"376, Jalan Pudu, Pudu, 55100 Kuala Lumpur, Wilayah Persekutuan",,
2418,Kuala Lumpur,3,+60 3-2771 3388,Element Kuala Lumpur,468,False,4,"Ilham Tower, 8, Jalan Binjai, 50450",,
2419,Kuala Lumpur,1,+60 3-2788 8888,Furama Bukit Bintang,84,False,4,"136, Jalan Changkat Thambi Dollah, Pudu, 55100 Kuala Lumpur, Wilayah Persekutuan",,
2420,Kuala Lumpur,3,+60 3-2778 8888,Hilton Garden Inn Kuala Lumpur Jalan Tuanku Abdul Rahman North,336,False,4,"449, Jalan Tuanku Abdul Rahman, Chow Kit, 50100",,
2421,Kuala Lumpur,3,+60 3-2148 6888,Hotel Royal Kuala Lumpur,456,True,4,"Jalan Walter Granier, Bukit Bintang, 55100 Kuala Lumpur, Wilayah Persekutuan",,
2422,New York,2,+1 212-679-7665,Broadway Plaza Hotel,243,True,3,1155 Broadway,,
2423,New York,2,+1 212-302-9088,Citadines Connect Fifth Avenue New York,150,True,3,15 West 45th Street,,
2424,New York,2,+1 212-461-3638,Citizenm New York Times Square Hotel,222,True,3,218 West 50th Street,,
2425,New York,2,+1 646-993-2715,Comfort Inn Midtown West,180,True,3,548 West 48th Street,,
2426,New York,2,+1 718-672-6600,Hampton Inn New York - Laguardia Airport,126,True,3,"102-40 Ditmars Boulevard, East Elmhurst, NY 11369, USA",,
2427,New York,2,+1 212-932-2300,Hi New York City Hostel,234,True,3,891 Amsterdam Avenue,,
2428,New York,2,+1 212-868-6700,Hilton Garden Inn New York Times Square South,126,True,3,326 West 37th Street,,
2429,Los Angeles,2,+1 310-642-7500,Crowne Plaza Los Angeles Airport,280,False,4,5985 West Century Boulevard,,
2430,Los Angeles,2,+1 323-844-6417,Dream Hollywood,168,True,4,"6417 Selma Avenue, Hollywood, CA 90028, USA",,
2431,Los Angeles,2,+1 213-612-0021,Freehand Los Angeles,372,True,4,416 West 8th Street,,
2432,Los Angeles,2,+1 213-624-0000,Hilton Checkers Los Angeles,248,True,4,535 South Grand Avenue,,
2433,Los Angeles,2,+1 818-595-1000,Hilton Woodland Hills/Los Angeles,408,False,4,"6360 Canoga Avenue, Woodland Hills, California 91367, United States",,
2434,Los Angeles,2,+1 866-734-6018,Hotel Figueroa,200,False,4,939 South Figueroa Street,,
2435,Los Angeles,2,+1 213-232-8800,Hotel Indigo Los Angeles Downtown,300,False,4,899 Francisco Street,,
2436,Los Angeles,2,+1 310-284-6500,Intercontinental Los Angeles Century City,408,False,4,2151 Avenue of the Stars,,
2437,Los Angeles,2,+1 310-556-2777,Courtyard By Marriott Los Angeles Century City/Beverly Hills,243,False,3,10320 West Olympic Boulevard,,
2438,Los Angeles,2,+1 213-443-9222,Courtyard By Marriott Los Angeles L.A. Live,216,False,3,901 West Olympic Boulevard,,
2439,Los Angeles,2,+1 818-981-5400,Courtyard By Marriott Los Angeles Sherman Oaks,324,False,3,"15433 Ventura Boulevard, Sherman Oaks, CA 91403, USA",,
2440,Los Angeles,2,+1 310-519-8200,Crowne Plaza Los Angeles Harbor Hotel,252,False,3,"601 South Palos Verdes Street, San Pedro, California 90731, United States",,
2441,Los Angeles,2,+1 310-514-3344,Doubletree By Hilton Hotel San Pedro - Port Of Los Angeles,234,False,3,"2800 Via Cabrillo-Marina, San Pedro, CA 90731, USA",,
2442,San Diego,3,+1 619-275-5700,Best Western Mission Bay,186,False,2,2575 Clairemont Drive,,
2443,San Diego,3,+1 858-578-6600,Best Western San Diego/Miramar Hotel,228,False,2,9310 Kearny Mesa Road,,
2444,San Diego,3,+1 619-224-3254,Best Western Yacht Harbor Hotel,216,False,2,5005 North Harbor Drive,,
2445,Vancouver,1,+1 604-688-1411,Blue Horizon Hotel,225,False,3,1225 Robson Street,,
2446,Vancouver,1,+1 604-683-1399,Carmana Plaza,279,False,3,1128 Alberni Street,,
2447,Vancouver,1,+1 604-263-1555,Coast Vancouver Airport Hotel,207,False,3,1041 Southwest Marine Drive,,
2448,Vancouver,1,+1 604-681-4335,Days Inn By Wyndham Vancouver Downtown,234,False,3,921 West Pender Street,,
2449,Vancouver,1,+1 604-669-9888,Gec Granville Suites Hotel,234,True,3,718 Drake Street,,
2450,Vancouver,1,+1 604-602-1008,Hampton Inn & Suites,81,False,3,111 Robson Street,,
2451,Vancouver,1,+1 604-685-5335,Hi Vancouver Central,111,False,3,1025 Granville Street,,
2452,Vancouver,1,+1 604-684-2151,Holiday Inn Hotel & Suites Vancouver Downtown,96,False,3,1110 Howe Street,,
2453,Philadelphia,2,+1 215-825-7000,Aka Rittenhouse Square,272,False,4,135 South 18th Street,,
2454,Philadelphia,2,+1 267-298-1700,Aloft Philadelphia Airport,198,False,3,4301 Island Avenue,,
2455,Philadelphia,2,+1 215-607-2020,Aloft Philadelphia Downtown,324,False,3,101 North Broad Street,,
2456,Philadelphia,2,+1 215-732-5500,Cambria Hotel Philadelphia Downtown Center City,189,False,3,219 South Broad Street,,
2457,Philadelphia,2,+1 215-282-5000,"Club Quarters Hotel, Philadelphia",192,False,3,1628 Chestnut Street,,
2458,Philadelphia,2,+1 215-477-0200,Courtyard By Marriott Philadelphia City Avenue,288,False,3,4100 Presidential Boulevard,,
2459,Philadelphia,3,+1 215-546-7000,Rodeway Inn Center City,156,True,2,1208 Walnut Street,,
2460,Vancouver,2,+1 604-678-8899,Auberge Vancouver Hotel,444,True,4,837 West Hastings Street,,
2461,Vancouver,2,+1 604-563-4693,Exchange Hotel Vancouver,432,True,4,475 Howe Street,,
2462,Vancouver,2,+1 604-669-9888,Gec Granville Suites Hotel,234,True,3,718 Drake Street,,
2463,Philadelphia,3,+1 215-825-7000,Aka Rittenhouse Square,372,False,4,135 South 18th Street,,
2464,Philadelphia,3,+1 215-925-2111,Kimpton Hotel Monaco Philadelphia,264,False,4,433 Chestnut Street,,
2465,Philadelphia,3,+1 215-422-8200,Le MeRidien Philadelphia,408,False,4,1421 Arch Street,,
2466,Philadelphia,3,+1 215-238-6000,Marriott Old City,456,False,4,One Dock Street,,
2467,Philadelphia,3,+1 215-492-9000,Philadelphia Airport Marriott,348,False,4,One Arrivals Road Terminal B,,
2468,Philadelphia,3,+1 215-925-0000,Renaissance Philadelphia Downtown Hotel,444,False,4,401 Chestnut Street,,
2469,Philadelphia,3,+1 215-569-8300,Sofitel Philadelphia At Rittenhouse Square,252,False,4,120 South 17th Street,,
2470,Philadelphia,3,+1 215-222-0200,"The Inn At Penn, A Hilton Hotel",456,False,4,3600 Sansom Street,,
2471,Philadelphia,3,+1 215-563-1600,The Westin Philadelphia,372,False,4,"At Liberty Place, 99 South 17th Street",,
2472,New York,3,+1 718-433-1375,Boro Hotel,384,True,4,"38-28 27th Street, Long Island City",,
2473,New York,3,+1 212-947-2999,Cachet Boutique Hotel Nyc,408,True,4,510 West 42nd Street,,
2474,New York,2,+1 212-921-5500,City Club Hotel,200,True,4,55 West 44th Street,,
2475,New York,2,+1 212-607-8888,Doubletree By Hilton Hotel New York Times Square West,304,True,4,350 West 40th Street,,
2476,New York,3,+1 212-695-0003,Executive Hotel Le Soleil New York,384,True,4,38 West 36th Street,,
2477,New York,3,+1 212-475-1920,Freehand New York,252,True,4,23 Lexington Avenue,,
2478,New York,1,+1 212-252-9090,Aka Wall Street,384,True,4,84 William Street,,
2479,New York,1,+1 212-601-1234,Andaz 5Th Avenue - A Concept By Hyatt,232,False,4,485 5th Avenue,,
2480,New York,1,+1 212-759-4100,Loews Regency New York,200,True,5,540 Park Avenue,,
2481,New York,1,+1 212-603-9000,The Marmara Park Avenue,170,True,5,114 East 32nd Street,,
2482,New York,1,+1 212-344-0800,The Wagner Hotel,220,True,5,2 West Street,,
2483,New York,1,+1 718-631-8400,The William Vale,130,True,5,"111 North 12th Street, Brooklyn",,
2484,Vancouver,1,+1 604-563-4693,Exchange Hotel Vancouver,432,True,4,475 Howe Street,,
2485,San Francisco,3,+1 415-788-5604,Hi San Francisco Downtown Hostel,207,True,3,312 Mason Street,,
2486,San Francisco,2,+1 415-617-6565,Hotel Zephyr,186,True,3,250 Beach Street,,
2487,San Francisco,2,+1 415-921-4000,Kimpton Buchanan Hotel,210,True,3,1800 Sutter Street,,
2488,San Francisco,3,+1 415-400-0500,Mystic Hotel,252,True,3,417 Stockton Street,,
2489,Los Angeles,3,+1 323-464-5181,Best Western Plus Hollywood Hills Hotel,120,False,2,"6141 Franklin Avenue, Hollywood, California 90028, United States",,
2490,Los Angeles,3,+1 323-952-6900,Hampton Inn & Suites Los Angeles/Hollywood,174,False,2,"1133 Vine Street, Hollywood, CA 90038, USA",,
2491,Los Angeles,3,+1 818-821-8031,Holiday Inn Express North Hollywood - Burbank Area,222,False,2,"11350 Burbank Boulevard, North Hollywood, California 91601, United States",,
2492,Los Angeles,3,+1 323-850-6464,Hollywood Celebrity Hotel,168,True,2,1775 Orchid Avenue,,
2493,Los Angeles,3,+1 213-413-6699,Hollywood Inn Express South,228,False,2,141 North Alvarado Street,,
2494,Los Angeles,3,+1 323-874-9678,Hollywood Orchid Suites,228,False,2,1753 Orchid Avenue,,
2495,New York,1,+1 212-679-7665,Broadway Plaza Hotel,243,True,3,1155 Broadway,,
2496,New York,1,+1 212-302-9088,Citadines Connect Fifth Avenue New York,60,True,3,15 West 45th Street,,
2497,New York,1,+1 212-461-3638,Citizenm New York Times Square Hotel,81,True,3,218 West 50th Street,,
2498,New York,1,+1 646-993-2715,Comfort Inn Midtown West,180,True,3,548 West 48th Street,,
2499,New York,1,+1 718-672-6600,Hampton Inn New York - Laguardia Airport,84,True,3,"102-40 Ditmars Boulevard, East Elmhurst, NY 11369, USA",,
2500,New York,1,+1 212-932-2300,Hi New York City Hostel,234,True,3,891 Amsterdam Avenue,,
2501,New York,1,+1 212-868-6700,Hilton Garden Inn New York Times Square South,117,True,3,326 West 37th Street,,
2502,Las Vegas,2,+1 702-256-3766,Best Western Plus Las Vegas West,252,False,3,8669 West Sahara Avenue,,
2503,Las Vegas,2,+1 702-360-5700,Hampton Inn Las Vegas/Summerlin,216,True,3,7100 Cascade Valley Court,,
2504,Fresno,3,+1 559-268-1000,Doubletree By Hilton Hotel Fresno Convention Center,279,False,3,2233 Ventura Street,,
2505,Fresno,3,+1 559-375-7760,Piccadilly Inn Airport,225,True,3,5115 East McKinley Avenue,,
2506,Fresno,3,+1 559-431-0004,Springhill Suites By Marriott Fresno,306,False,3,6844 North Fresno Street,,
2507,Los Angeles,3,+1 323-852-7000,Ac Hotel By Marriott Beverly Hills,333,False,3,6399 Wilshire Boulevard,,
2508,Los Angeles,3,+1 323-469-2500,Banana Bungalow Hollywood,105,True,1,"5920 Hollywood Boulevard, Hollywood, California 90028, United States",,
2509,Los Angeles,3,+1 818-765-2900,Best Western Burbank Airport Inn,243,False,3,"7615 Lankershim Boulevard, North Hollywood, California 91605, United States",,
2510,Los Angeles,3,+1 310-514-1414,Best Western Plus San Pedro Hotel & Suites,333,False,3,"111 South Gaffey Street, San Pedro, CA 90731, USA",,
2511,Los Angeles,3,+1 310-553-6561,Beverly Hills Marriott,420,False,4,1150 South Beverly Drive,,
2512,San Francisco,1,+1 415-834-1000,Green Tortoise Hostel San Francisco,75,False,1,494 Broadway,,
2513,San Francisco,1,+1 415-776-8688,San Remo Hotel,78,False,1,2237 Mason Street,,
2514,Long Beach,3,+1 562-495-0700,Residence Inn By Marriott Long Beach Downtown,261,False,3,600 Queensway Drive,,
2515,Las Vegas,1,+1 702-638-1800,Budget Suites Of America,68,True,1,2219 North Rancho Drive,,
2516,Las Vegas,1,+1 702-768-9823,Oasis At Gold Spike,126,False,3,217 Las Vegas Boulevard North,,
2517,Las Vegas,1,+1 702-553-2553,The Downtowner,100,True,2,129 North 8th Street,,
2518,Las Vegas,1,+1 702-489-7500,Thunderbird Boutique Hotel,162,False,2,1215 South Las Vegas Boulevard,,
2519,Philadelphia,2,+1 215-365-4150,Doubletree By Hilton Hotel Philadelphia Airport,120,False,3,4509 Island Avenue,,
2520,Vancouver,1,+1 604-697-0202,Coast Coal Harbour Vancouver Hotel By Apa,280,False,4,1180 West Hastings Street,,
2521,Vancouver,1,+1 604-689-8188,Delta Hotels By Marriott Vancouver Downtown Suites,396,False,4,550 West Hastings Street,,
2522,Sacramento,3,+1 916-443-1234,Hyatt Regency Sacramento,276,False,4,1209 L Street,,
2523,Sacramento,3,+1 916-545-7100,Kimpton Sawyer Hotel,264,True,4,500 J Street,,
2524,Sacramento,2,+1 916-447-1700,Sheraton Grand Sacramento Hotel,176,False,4,"13th And, J Street",,
2525,Sacramento,1,+1 916-447-2700,"The Citizen Hotel, Autograph Collection",152,False,4,926 J Street,,
2526,Sacramento,1,+1 916-443-8400,The Westin Sacramento,124,False,4,4800 Riverside Boulevard,,
2527,Los Angeles,3,+1 818-595-1000,Hilton Woodland Hills/Los Angeles,408,False,4,"6360 Canoga Avenue, Woodland Hills, California 91367, United States",,
2528,Los Angeles,3,+1 213-232-8800,Hotel Indigo Los Angeles Downtown,300,False,4,899 Francisco Street,,
2529,Anaheim,2,+1 714-535-1133,Desert Palms Hotel And Suites,324,True,3,631 West Katella Avenue,,
2530,Anaheim,2,+1 714-778-0350,Super 8 By Wyndham Anaheim/Disneyland Drive,216,True,2,915 Disneyland Drive,,
2531,Anaheim,2,+1 714-772-5900,The Anaheim Hotel,138,True,3,1700 Harbor Boulevard,,
2532,Anaheim,2,+1 714-774-7600,Travelodge Inn & Suites By Wyndham Anaheim On Disneyland Dr,80,True,2,1057 West Ball Road,,
2533,Anaheim,2,+1 714-991-6868,Wyndham Garden Anaheim,210,True,3,515 West Katella Avenue,,
2534,San Francisco,1,+1 415-771-3000,Cova Hotel,78,False,3,655 Ellis Street,,
2535,San Francisco,1,+1 415-392-4666,Executive Hotel Vintage Court San Francisco,90,False,3,650 Bush Street,,
2536,Anaheim,2,+1 714-778-1880,Best Western Plus Stovall'S Inn,351,False,3,1110 West Katella Avenue,,
2537,Anaheim,2,+1 714-635-5555,Candlewood Suites Anaheim - Resort Area,168,False,3,1733 South Anaheim Boulevard,,
2538,Anaheim,2,+1 714-750-3131,Clarion Hotel Anaheim Resort,315,False,3,616 Convention Way,,
2539,Anaheim,2,+1 714-533-3555,Clementine Hotel & Suites Anaheim,216,False,3,1700 South Clementine Street,,
2540,Seattle,1,+1 206-634-2000,Graduate Seattle,189,False,3,4507 Brooklyn Avenue Northeast,,
2541,Seattle,1,+1 206-282-7700,Hampton Inn & Suites Seattle-Downtown,228,False,3,700 5th Avenue North,,
2542,Seattle,1,+1 206-467-7770,Hilton Garden Inn Seattle Downtown,234,False,3,1821 Boren Avenue,,
2543,Seattle,1,+1 206-624-0500,Hilton Seattle,261,False,3,1301 6th Avenue,,
2544,Seattle,3,+1 206-340-1222,Green Tortoise Hostel Seattle,228,False,2,105 Pike Street,,
2545,Seattle,2,+1 206-522-6991,Hampton Inn & Suites By Hilton Seattle/Northgate,132,True,2,9550 1st Avenue Northeast,,
2546,Seattle,1,+1 206-441-7222,Holiday Inn Express & Suites Seattle-City Center,68,False,2,226 7th Avenue North,,
2547,Seattle,1,+1 206-728-7666,Quality Inn & Suites Seattle Center,54,False,2,618 John Street,,
2548,Seattle,1,+1 206-583-6453,The Inn At Virginia Mason,46,False,2,1006 Spring Street,,
2549,Los Angeles,1,+1 323-469-2500,Banana Bungalow Hollywood,48,True,1,"5920 Hollywood Boulevard, Hollywood, California 90028, United States",2019-03-06,2
2550,London,1,+44 20 7402 0281,Abbey Court Hotel (Hyde Park),114,True,3,Sussex Gardens,2019-03-06,4
2551,New York,1,+1 347-696-2500,1 Hotel Brooklyn Bridge,120,True,5,"60 Furman Street, Brooklyn",2019-03-03,3
2552,Kuala Lumpur,2,+60 3-2782 6000,Intercontinental Kuala Lumpur,310,True,5,"165, Jalan Ampang, 50450 Kuala Lumpur, Wilayah Persekutuan",,
2553,Kuala Lumpur,3,+60 3-2113 1888,Banyan Tree Kuala Lumpur,510,True,5,"2, Jalan Conlay, 50450 Kuala Lumpur, Wilayah Persekutuan",2019-03-08,1
2554,New York,1,+1 347-696-2500,1 Hotel Brooklyn Bridge,540,True,5,"60 Furman Street, Brooklyn",2019-03-10,4
2555,New York,1,+1 347-696-2500,1 Hotel Brooklyn Bridge,115,True,5,"60 Furman Street, Brooklyn",2019-03-08,4
2556,San Francisco,1,+1 415-673-3277,Amsterdam Hostel San Francisco,31,False,1,749 Taylor Street,2019-03-06,7
2557,Kuala Lumpur,2,+60 3-2110 4388,Container Hotel,116,True,2,"Jalan Delima, Imbi, 55100 Kuala Lumpur, Wilayah Persekutuan",,
2558,Kuala Lumpur,2,+60 3-2141 7753,Gold3 Boutique Hotel,156,True,2,"B5, Fahrenheit88, 179, Jalan Bukit Bintang, 55100 Kuala Lumpur, Wilayah Persekutuan",,
2559,Kuala Lumpur,2,+60 3-2143 5000,My Hotel @ Bukit Bintang,108,True,2,"120, Jalan Pudu, Bukit Bintang, 55100 Kuala Lumpur, Wilayah Persekutuan",,
2560,Kuala Lumpur,2,+60 3-2274 9000,Nu Hotel,144,True,2,"37, Jalan Thambipillay, Brickfields, 50470",,
2561,Kuala Lumpur,2,+60 3-9100 1133,"Silka Hotel, Cheras Sentral Mall",88,True,2,"1, Jalan 2/142a, Taman Len Seng, 56000 Kuala Lumpur, Wilayah Persekutuan",,
2562,Kuala Lumpur,2,+60 3-2110 4388,Container Hotel,108,True,2,"Jalan Delima, Imbi, 55100 Kuala Lumpur, Wilayah Persekutuan",2019-03-10,3
2563,London,3,+44 20 3310 5555,Courthouse Hotel Shoreditch,345,True,5,335-337 Old Street,,
2564,London,3,+44 20 3750 4545,Devonshire Club By Mantis,315,True,5,5 Devonshire Square,,
2565,London,3,+44 20 7589 5895,The Ampersand Hotel,525,True,5,10 Harrington Road,,
2566,London,3,+44 20 3297 9200,Four Seasons Hotel London At Ten Trinity Square,390,True,5,10 Trinity Square,2019-03-12,1
2567,New York,1,+1 347-696-2500,1 Hotel Brooklyn Bridge,465,True,5,"60 Furman Street, Brooklyn",2019-03-08,5
2568,London,1,+44 20 7493 4545,45 Park Lane,310,False,5,45 Park Lane,2019-03-10,4
2569,Paris,1,+33 1 84 82 49 09,Ac Hotel By Marriott Paris Porte Maillot,96,False,4,"6 Rue Gustave Charpentier, 75017",2019-03-05,4
2570,Philadelphia,3,+1 215-398-3080,Best Western Plus Philadelphia Convention Center Hotel,306,False,3,1225 Vine Street,,
2571,Philadelphia,3,+1 215-732-5500,Cambria Hotel Philadelphia Downtown Center City,189,False,3,219 South Broad Street,,
2572,Philadelphia,3,+1 215-242-5905,Chestnut Hill Hotel,297,False,3,8229 Germantown Avenue,,
2573,Philadelphia,3,+1 215-282-5000,"Club Quarters Hotel, Philadelphia",315,False,3,1628 Chestnut Street,,
2574,Philadelphia,3,+1 215-644-9200,Courtyard By Marriott Philadelphia South At The Navy Yard,198,False,3,1001 Intrepid Avenue,,
2575,Philadelphia,3,+1 215-365-4150,Doubletree By Hilton Hotel Philadelphia Airport,288,False,3,4509 Island Avenue,,
2576,Philadelphia,3,+1 215-372-9000,Aka University City,243,True,3,"Cira Centre South, 2929 Walnut Street",2019-03-04,1
2577,San Francisco,1,+1 415-673-3277,Amsterdam Hostel San Francisco,56,False,1,749 Taylor Street,2019-03-07,2
2578,London,1,+44 20 7493 4545,45 Park Lane,230,False,5,45 Park Lane,2019-03-03,3
2579,Kuala Lumpur,1,+60 3-2268 3888,Alila Bangsar,230,False,5,"East Side, 58, Jalan Ang Seng, Brickfields, 50470",2019-03-10,2
2580,Los Angeles,2,+1 213-621-4455,Kawada Hotel,162,True,2,200 South Hill Street,,
2581,Los Angeles,2,+1 323-665-5735,Travelodge By Wyndham Hollywood-Vermont/Sunset,168,True,2,1401 North Vermont Avenue,,
2582,Los Angeles,2,+1 310-566-2222,Venice Breeze Suites,174,True,2,"2 Breeze Avenue, Venice, California 90291, United States",,
2583,Los Angeles,2,+1 323-463-2750,Walk Of Fame Hostel,132,True,2,6820 Hollywood Boulevard,,
2584,Los Angeles,2,+1 800-947-7666,Beverly Laurel Motor Hotel,222,True,2,8018 Beverly Boulevard,2019-03-06,6
2585,Sydney,1,+61 2 9011 5757,57 Hotel,272,False,4,"57 Foveaux Street, Surry Hills New South Wales 2010, Australia",2019-03-11,3
2586,London,1,+44 20 7493 4545,45 Park Lane,570,False,5,45 Park Lane,2019-03-09,3
2587,San Diego,1,+1 619-275-5700,Best Western Mission Bay,174,False,2,2575 Clairemont Drive,2019-03-11,2
2588,Sydney,1,+61 2 9011 5757,57 Hotel,224,False,4,"57 Foveaux Street, Surry Hills New South Wales 2010, Australia",2019-03-03,6
2589,San Diego,2,+1 855-430-7503,Estancia La Jolla Hotel & Spa,264,False,4,"9700 North Torrey Pines Road, La Jolla, California 92037, United States",,
2590,San Diego,2,+1 858-558-1500,Hilton La Jolla Torrey Pines,160,False,4,"10950 North Torrey Pines Road, La Jolla, California 92037, United States",,
2591,San Diego,2,+1 619-231-4040,Hilton San Diego Gaslamp Quarter,304,False,4,401 K Street,,
2592,San Diego,1,+1 619-276-4010,Hilton San Diego Resort & Spa,120,False,4,1775 East Mission Bay Drive,,
2593,San Diego,1,+1 619-727-4000,Hotel Indigo San Diego-Gaslamp Quarter,84,False,4,509 Ninth Avenue,,
2594,San Diego,2,+1 858-551-3600,"Hotel La Jolla, Curio Collection By Hilton",312,False,4,"7955 La Jolla Shores Drive, La Jolla, California 92037, United States",,
2595,San Diego,2,+1 858-552-1234,Hyatt Regency La Jolla At Aventine,296,False,4,3777 La Jolla Village Drive,,
2596,San Diego,1,+1 619-224-1234,Hyatt Regency Mission Bay Spa And Marina,152,False,4,1441 Quivira Road,,
2597,San Diego,3,+1 858-488-1081,Catamaran Resort Hotel And Spa,420,False,4,3999 Mission Boulevard,2019-03-09,5
2598,London,1,+44 20 7493 4545,45 Park Lane,495,False,5,45 Park Lane,2019-03-09,5
2599,London,1,+44 20 7493 4545,45 Park Lane,195,False,5,45 Park Lane,2019-03-02,5
2600,Los Angeles,1,+1 310-553-6561,Beverly Hills Marriott,408,False,4,1150 South Beverly Drive,2019-03-04,3
2601,London,2,+44 20 7493 4545,45 Park Lane,405,False,5,45 Park Lane,2019-03-08,6
2602,Sydney,1,+61 2 9265 8888,1831 Boutique Hotel,60,True,3,631-635 George Street,2019-03-10,3
2603,Paris,2,+33 1 40 15 14 00,Citadines OpeRa Paris (Apart Hotel Paris),248,True,4,"18 Rue Favart, 75002",,
2604,Paris,1,+33 1 53 95 60 00,Citadines Tour Eiffel Paris (Apart Hotel Paris),140,True,4,"132 Boulevard de Grenelle, 75015",,
2605,Paris,1,+33 1 42 57 14 55,Aparthotel Adagio Paris Montmartre,207,True,3,"10 Place Charles Dullin, 75018",2019-03-09,4
2606,Los Angeles,1,+1 310-645-2200,La Quinta Inn & Suites By Wyndham Lax,117,True,3,5249 West Century Boulevard,2019-03-07,5
2607,London,1,+44 20 7613 9800,Ace Hotel London,80,False,4,100 Shoreditch High Street,2019-03-06,6
2608,Chicago,1,+1 773-288-5800,Chicago Lake Shore Hotel,60,True,3,4900B South Lake Shore Drive #3250,2019-03-09,4
2609,London,2,+44 20 7402 0281,Abbey Court Hotel (Hyde Park),324,True,3,Sussex Gardens,2019-03-04,4
2610,Nairobi,2,+254 709 716000,Azure Hotel Nairobi Westlands,345,True,5,"Lantana Road, Kenya",,
2611,Nairobi,2,+254 719 096000,Crowne Plaza Nairobi,240,False,4,"Kenya Road, Upper Hill",,
2612,Nairobi,2,+254 709 090000,Doubletree By Hilton Nairobi Hurlingham,240,False,4,Ngong Lane Ngong Road,,
2613,Nairobi,2,+254 709 760000,Four Points By Sheraton Nairobi Airport,396,False,4,"9042/1044 Tower Avenue Jomo Kenyatta Intl Airport, Kenya",,
2614,Nairobi,2,+254 20 5147500,Ibis Styles Hotel Westlands Nairobi,168,True,3,"Ibis Styles Hotel Westlands, Kenya",,
2615,Nairobi,2,+254 709 548000,MoVenpick Hotel & Residences Nairobi,312,True,4,Mkungu Close,,
2616,Nairobi,2,+254 709 498000,Park Inn By Radisson Nairobi Westlands,312,False,4,Waiyaki Way,,
2617,Nairobi,2,+254 709 810000,"Radisson Blu Hotel, Nairobi Upper Hill",340,False,5,Elgon Road,,
2618,Nairobi,2,+254 709 716000,Azure Hotel Nairobi Westlands,375,True,5,"Lantana Road, Kenya",2019-03-07,6
2619,London,1,+44 20 8563 8692,Abercorn House,26,False,1,28-30 Bute Gardens,2019-03-09,5
2620,London,2,+44 20 7493 4545,45 Park Lane,310,False,5,45 Park Lane,2019-03-10,4
2621,San Francisco,1,+1 415-673-3277,Amsterdam Hostel San Francisco,39,False,1,749 Taylor Street,2019-03-07,4
2622,San Diego,1,+1 858-488-0551,Bahia Resort Hotel,66,False,3,998 West Mission Bay Drive,2019-03-10,3
2623,Vancouver,1,+1 604-669-7070,Best Western Plus Chateau Granville Hotel & Suites & Conference Ctr.,78,False,3,1100 Granville Street,2019-03-03,6
2624,Philadelphia,1,+1 215-825-7000,Aka Rittenhouse Square,396,False,4,135 South 18th Street,2019-03-03,5
2625,New York,1,+1 212-235-1111,11 Howard,198,True,3,11 Howard Street,2019-03-04,5
2626,Los Angeles,1,+1 323-852-7000,Ac Hotel By Marriott Beverly Hills,132,False,3,6399 Wilshire Boulevard,2019-03-03,7
2627,New York,1,+1 212-235-1111,11 Howard,186,True,3,11 Howard Street,2019-03-10,2
2628,Phoenix,3,+1 602-852-6500,Ac Hotel By Marriott Phoenix Biltmore,216,False,3,2811 East Camelback Road,2019-03-02,5
2629,London,1,+44 20 7523 5052,Amba Hotel Charing Cross,264,False,4,Strand,2019-03-11,1
2630,New York,2,+1 212-235-1111,11 Howard,192,True,3,11 Howard Street,2019-03-06,3
2631,New York,2,+1 212-204-3000,6 Columbus - Central Park Hotel,252,True,4,308 West 58th Street,2019-03-06,3
2632,Kuala Lumpur,2,+60 3-2026 6060,Ancasa Hotel & Spa Kuala Lumpur,288,True,3,"Jalan Tun Tan Cheng Lock, City Centre, 50500 Kuala Lumpur, Wilayah Persekutuan",,
2633,Kuala Lumpur,2,+60 3-2078 0988,Arenaa Star Hotel,180,False,3,"49-51, Jalan Hang Lekiu, 50100",,
2634,Kuala Lumpur,2,+60 3-2693 2999,Citin Hotel Masjid Jamek,222,True,3,"33, Jalan Melayu, City Centre, 50100 Kuala Lumpur, Wilayah Persekutuan",,
2635,Kuala Lumpur,2,+60 3-9226 3466,City Comfort Hotel,216,True,3,"22, Lorong Thambi 2, Pudu, 55100 Kuala Lumpur, Wilayah Persekutuan",,
2636,Kuala Lumpur,2,+60 3-2028 8888,Holiday Inn Express Kuala Lumpur City Centre,234,False,3,"84, Jalan Raja Chulan, 50200 Kuala Lumpur, Wilayah Persekutuan",,
2637,Kuala Lumpur,2,+60 3-2078 6666,Hotel 99 - Chinatown Kuala Lumpur,180,False,3,"44A &, 44B, Jalan Pudu, Bukit Bintang, 55100",,
2638,Kuala Lumpur,2,+60 3-2143 7000,Hotel Capitol Kuala Lumpur,168,True,3,"Jalan Bulan, off, Jalan Bukit Bintang, Bukit Bintang, 55100",,
2639,Kuala Lumpur,2,+60 3-2141 2000,Alpha Genesis Hotel,144,True,3,"45, Tengkat Tong Shin, Bukit Bintang, 50200 Kuala Lumpur, Wilayah Persekutuan",2019-03-08,6
2640,Rio de Janeiro,1,+55 21 2548-0011,Atlantico Copacabana Hotel,84,False,2,"Rua Siqueira Campos, 90 - Copacabana",2019-03-10,4
2641,New York,1,+1 718-433-1375,Boro Hotel,384,True,4,"38-28 27th Street, Long Island City",,
2642,New York,1,+1 212-947-2999,Cachet Boutique Hotel Nyc,408,True,4,510 West 42nd Street,,
2643,New York,1,+1 212-921-5500,City Club Hotel,200,True,4,55 West 44th Street,,
2644,New York,1,+1 212-607-8888,Doubletree By Hilton Hotel New York Times Square West,304,True,4,350 West 40th Street,,
2645,New York,1,+1 212-695-0003,Executive Hotel Le Soleil New York,384,True,4,38 West 36th Street,,
2646,New York,1,+1 212-475-1920,Freehand New York,252,True,4,23 Lexington Avenue,,
2647,New York,1,+1 212-204-3000,6 Columbus - Central Park Hotel,264,True,4,308 West 58th Street,2019-03-08,6
2648,New York,1,+1 347-696-2500,1 Hotel Brooklyn Bridge,290,True,5,"60 Furman Street, Brooklyn",2019-03-05,7
2649,Los Angeles,1,+1 323-852-7000,Ac Hotel By Marriott Beverly Hills,117,False,3,6399 Wilshire Boulevard,2019-03-12,2
2650,Portland,1,+1 503-200-5678,Aloft Portland Airport At Cascade Station,279,False,3,9920 Northeast Cascades Parkway,2019-03-05,7
2651,Sydney,2,+61 2 9265 8888,1831 Boutique Hotel,225,True,3,631-635 George Street,,
2652,Sydney,2,+61 2 9300 4800,Adina Apartment Hotel Bondi Beach Sydney,408,False,4,"69/73 Hall Street, Bondi Beach New South Wales 2026, Australia",,
2653,Sydney,2,+61 2 9578 6000,Adina Apartment Hotel Coogee Sydney,184,False,4,"183 Coogee Bay Road, Coogee New South Wales 2034, Australia",,
2654,Sydney,2,+61 2 9381 2000,Adina Apartment Hotel Sydney Airport,384,False,4,"17 Bourke Road, Mascot New South Wales 2020, Australia",,
2655,Sydney,2,+61 2 8396 9800,Adina Apartment Hotel Sydney Central,252,False,4,"2 Lee Street, Haymarket New South Wales 2000, Australia",,
2656,Sydney,2,+61 2 9249 7000,Adina Apartment Hotel Sydney Darling Harbour,432,True,4,55 Shelley Street,,
2657,Sydney,2,+61 2 8302 1000,Adina Apartment Hotel Sydney Surry Hills,348,True,4,"359 Crown Street, Surry Hills New South Wales 2010, Australia",,
2658,Sydney,2,+61 2 9274 0000,Adina Apartment Hotel Sydney Town Hall,276,False,4,511 Kent Street,,
2659,Sydney,2,+61 2 9265 8888,1831 Boutique Hotel,132,True,3,631-635 George Street,2019-03-10,4
2660,Los Angeles,1,+1 323-851-1800,Best Western Hollywood Plaza Inn,78,False,2,"2011 North Highland Avenue, Hollywood, CA 90068, USA",2019-03-11,2
2661,Philadelphia,3,+1 215-521-6500,Hilton Philadelphia At Penn'S Landing,276,False,4,201 South Christopher Columbus Boulevard,2019-03-03,2
2662,London,3,+44 20 7493 4545,45 Park Lane,375,False,5,45 Park Lane,2019-03-07,2
2663,Toronto,1,+1 416-663-9500,Best Western Plus Toronto North York Hotel & Suites,225,False,3,"50 Norfinch Drive, North York, Ontario M3N 1X1, Canada",2019-03-08,5
2664,London,2,+44 20 7402 0281,Abbey Court Hotel (Hyde Park),270,True,3,Sussex Gardens,2019-03-07,1
2665,Cape Town,2,+27 21 437 9000,12 Apostles Hotel & Spa,320,False,5,"Victoria Street, Camps Bay",,
2666,Cape Town,2,+27 21 469 8000,"15 On Orange Hotel, Autograph Collection",555,False,5,"Orange Street & Grey's Pass, Gardens",,
2667,Cape Town,2,+27 21 437 8300,Camps Bay Retreat Boutique Hotel,315,False,5,"7 Chilworth Road, Camps Bay",,
2668,Cape Town,2,+27 21 410 7100,Cape Grace Hotel,390,False,5,"West Quay Road, Victoria & Alfred Waterfront",,
2669,Cape Town,2,+27 21 437 8300,Camps Bay Retreat Boutique Hotel,555,False,5,"7 Chilworth Road, Camps Bay",2019-03-04,1
2670,Delhi,1,+91 11 4222 2000,Holiday Inn New Delhi International Airport,145,False,5,"Hospitality District, Asset Area 12, Aerocity Access Road, Aerocity, New Delhi",,
2671,Delhi,2,+91 11 4521 2121,Jw Marriott Hotel New Delhi Aerocity,200,False,5,"Asset Area 4 - Hospitality District Delhi, Aerocity, New Delhi",,
2672,Delhi,3,+91 11 2371 0101,Le MeRidien New Delhi,420,False,5,"Windsor Place, New Delhi",,
2673,Delhi,2,+91 11 3090 8000,Radisson Blu Dwarka,270,True,5,"Plot 4, Sector 13, New Delhi",,
2674,Delhi,2,+91 11 4639 9999,Radisson Blu Hotel Paschim Vihar,310,True,5,"Plot D, Near, Outer Ring Road, Paschim Vihar, New Delhi",,
2675,Delhi,3,+91 11 2677 9191,Radisson Blu Plaza Delhi Airport,465,True,5,"Nh 8, near Mahipalpur Extension, New Delhi",,
2676,Delhi,2,+91 11 7155 8800,Roseate House,200,True,5,"Asset 10, Northern Access Road, Aerocity, Hospitality District, Indira Gandhi International Airport, New Delhi",,
2677,Delhi,1,+91 11 4903 1234,Andaz Delhi - A Concept By Hyatt,210,False,5,"Asset No.1, Aerocity, New Delhi",2019-03-09,5
2678,Sydney,2,+61 2 9696 2500,Amora Hotel Jamison Sydney,230,False,5,11 Jamison Street,,
2679,Sydney,1,+61 2 9240 3100,Establishment Hotel,115,False,5,5 Bridge Lane,,
2680,Sydney,2,+61 2 8823 8888,Fraser Suites Sydney,380,False,5,488 Kent Street,,
2681,Sydney,3,+61 2 9238 8888,Hotel SwissoTel Sydney,330,False,5,68 Market Street,,
2682,Sydney,2,+61 2 8388 8388,Intercontinental Sydney Double Bay,210,False,5,"33 Cross Street, Double Bay",,
2683,Sydney,1,+61 2 9277 1125,Meriton Suites Bondi Junction,155,False,5,"97 Grafton Street, Bondi Junction New South Wales 2022, Australia",,
2684,Sydney,2,+61 2 9277 1125,"Meriton Suites Campbell Street, Sydney",290,False,5,6 Campbell Street,,
2685,Sydney,2,+61 2 9277 1125,Meriton Suites Chatswood,220,False,5,"79 Albert Avenue, Chatswood New South Wales 2067, Australia",,
2686,Sydney,2,+61 2 9277 1125,"Meriton Suites Kent Street, Sydney",220,True,5,528 Kent Street,,
2687,Sydney,3,+61 2 9277 1125,Meriton Suites Mascot Central,435,True,5,"8 Jackson Drive, Mascot New South Wales 2020, Australia",,
2688,Sydney,2,+61 2 9696 2500,Amora Hotel Jamison Sydney,555,False,5,11 Jamison Street,2019-03-09,1
2689,Anaheim,1,+1 714-635-8070,Alamo Inn & Suites,108,False,2,1140 West Katella Avenue,2019-03-09,5
2690,New York,2,+1 212-749-4000,Aloft Harlem,156,False,3,2296 Frederick Douglass Boulevard,2019-03-07,3
2691,New York,1,+1 212-204-3000,6 Columbus - Central Park Hotel,232,True,4,308 West 58th Street,2019-03-09,5
2692,Sydney,1,+61 2 9265 8888,1831 Boutique Hotel,132,True,3,631-635 George Street,2019-03-10,4
2693,London,2,+44 20 7493 4545,45 Park Lane,450,False,5,45 Park Lane,2019-03-02,6
2694,San Francisco,1,+1 415-673-3277,Amsterdam Hostel San Francisco,32,False,1,749 Taylor Street,2019-03-09,5
2695,San Francisco,2,+1 415-673-3277,Amsterdam Hostel San Francisco,105,False,1,749 Taylor Street,2019-03-01,4
2696,Rio de Janeiro,1,+55 21 2548-0011,Atlantico Copacabana Hotel,132,False,2,"Rua Siqueira Campos, 90 - Copacabana",2019-03-04,4
2697,Paris,1,+33 1 84 82 49 09,Ac Hotel By Marriott Paris Porte Maillot,116,False,4,"6 Rue Gustave Charpentier, 75017",2019-03-04,5
2698,London,1,+44 20 7402 0281,Abbey Court Hotel (Hyde Park),216,True,3,Sussex Gardens,2019-03-08,2
2699,London,1,+44 20 7613 9800,Ace Hotel London,128,False,4,100 Shoreditch High Street,2019-03-09,3
2700,San Diego,3,+1 619-297-8800,Days Inn San Diego Hotel Circle Near Seaworld,261,True,3,543 Hotel Circle South,,
2701,San Diego,3,+1 619-298-0511,Handlery Hotel San Diego,324,True,3,950 Hotel Circle North,,
2702,San Diego,1,+1 619-881-6800,Homewood Suites By Hilton San Diego Hotel Circle/Seaworld Area,102,True,3,2201 Hotel Circle South,,
2703,San Diego,3,+1 858-523-0500,Homewood Suites By Hilton San Diego-Del Mar,189,True,3,11025 Vista Sorrento Parkway,,
2704,San Diego,1,+1 619-295-6886,La Quinta Inn & Suites By Wyndham San Diego Seaworld/Zoo,90,True,3,641 Camino del Rio South,,
2705,San Diego,2,+1 619-224-3481,Ocean Villa Inn,84,True,2,5142 West Point Loma Boulevard,,
2706,San Diego,2,+1 619-260-8024,Old Town Inn,156,True,2,4444 Pacific Highway,,
2707,San Diego,1,+1 619-233-7500,Best Western Plus Bayside Inn,270,True,3,555 West Ash Street,2019-03-07,5
2708,Chicago,1,+1 312-981-6600,Ac Hotel By Marriott Chicago Downtown,102,False,3,630 North Rush Street,2019-03-02,6
2709,Sacramento,2,+1 916-929-7900,Courtyard By Marriott Sacramento Cal Expo,342,False,3,1782 Tribute Road,2019-03-07,7
2710,Cape Town,3,+27 21 437 9000,12 Apostles Hotel & Spa,360,False,5,"Victoria Street, Camps Bay",2019-03-01,7
2711,Anaheim,1,+1 714-772-5050,Anaheim Desert Inn And Suites,64,False,2,1600 South Harbor Boulevard,2019-03-07,6
2712,London,2,+44 20 7723 2939,Days Inn By Wyndham London Hyde Park,333,True,3,148-152 Sussex Gardens,,
2713,London,2,+44 20 7834 0367,Hanover Hotel Victoria,216,True,3,30-32 Saint George's Drive,,
2714,Paris,1,+33 1 84 82 49 09,Ac Hotel By Marriott Paris Porte Maillot,312,False,4,"6 Rue Gustave Charpentier, 75017",2019-03-06,4
2715,New York,1,+1 347-696-2500,1 Hotel Brooklyn Bridge,360,True,5,"60 Furman Street, Brooklyn",2019-03-05,6
2716,Vancouver,2,+1 604-254-1000,Atrium Inn Vancouver,189,False,3,2889 East Hastings Street,2019-03-05,4
2717,Rio de Janeiro,1,+55 21 2548-0011,Atlantico Copacabana Hotel,174,False,2,"Rua Siqueira Campos, 90 - Copacabana",,
2718,Rio de Janeiro,1,+55 800 600 0995,Everest Rio Hotel,248,True,4,"Rua Prudente de Morais, 1117 - Ipanema",,
2719,Rio de Janeiro,1,+55 21 3348-1000,Hilton Barra Rio De Janeiro,260,True,5,"Avenida Embaixador Abelardo Bueno, 1430",,
2720,Rio de Janeiro,1,+55 21 2257-1990,Clh Suites Copacabana Domingos Ferreira,243,True,3,"Rua Domingos Ferreira, 71 - Copacabana",2019-03-09,1
2721,New York,1,+1 212-235-1111,11 Howard,63,True,3,11 Howard Street,2019-03-08,3
2722,London,1,+44 20 7402 0281,Abbey Court Hotel (Hyde Park),90,True,3,Sussex Gardens,2019-03-05,6
2723,Paris,1,+33 1 84 82 49 09,Ac Hotel By Marriott Paris Porte Maillot,108,False,4,"6 Rue Gustave Charpentier, 75017",2019-03-01,3
2724,New York,1,+1 347-696-2500,1 Hotel Brooklyn Bridge,155,True,5,"60 Furman Street, Brooklyn",2019-03-11,2
2725,San Francisco,1,+1 877-828-4478,Hotel G,396,True,4,386 Geary Street,2019-03-12,2
2726,Toronto,1,+1 416-663-9500,Best Western Plus Toronto North York Hotel & Suites,117,False,3,"50 Norfinch Drive, North York, Ontario M3N 1X1, Canada",2019-03-02,4
2727,Paris,1,+33 1 87 86 28 00,Fauchon L'HoTel,135,True,5,"4 Boulevard Malesherbes, 75008",,
2728,Paris,2,+33 1 53 23 75 75,Hotel De Sers,360,True,5,"41 Avenue Pierre 1er de Serbie, 75008",,
2729,Paris,1,+33 1 80 50 91 91,HoTel Parister,120,True,5,"19 Rue Saulnier, 75009",,
2730,Paris,3,+33 1 55 35 28 00,La Clef Louvre Paris,570,True,5,"8 Rue de Richelieu, 75001",,
2731,Paris,2,+33 1 58 36 60 60,La ReServe Paris Hotel And Spa,310,True,5,"42 Avenue Gabriel, 75008",,
2732,Paris,3,+33 1 70 83 00 00,Le Roch Hotel & Spa,465,True,5,"28 Rue Saint-Roch, 75001",,
2733,Paris,2,+33 1 53 23 43 43,"Radisson Blu Hotel, Champs-ElyseEs Paris",200,True,5,"78bis Avenue Marceau, 75008",,
2734,Paris,3,+33 1 42 72 20 00,Sinner Paris,465,True,5,"116 Rue du Temple, 75003",,
2735,Paris,1,+33 1 44 30 10 00,Brach Paris,480,True,5,"1-7 Rue Jean Richepin, 75016",2019-03-07,3
2736,Toronto,1,+1 416-663-9500,Best Western Plus Toronto North York Hotel & Suites,117,False,3,"50 Norfinch Drive, North York, Ontario M3N 1X1, Canada",2019-03-03,7
2737,London,1,+44 20 7493 4545,45 Park Lane,165,False,5,45 Park Lane,2019-03-06,4
2738,San Diego,2,+1 619-275-5700,Best Western Mission Bay,186,False,2,2575 Clairemont Drive,,
2739,San Diego,2,+1 619-233-7500,Best Western Plus Bayside Inn,225,True,3,555 West Ash Street,,
2740,San Diego,2,+1 619-222-0561,Best Western Plus Island Palms Hotel & Marina,180,False,3,2051 Shelter Island Drive,,
2741,San Diego,2,+1 619-291-1300,Best Western Seven Seas,225,False,3,411 Hotel Circle South,,
2742,San Diego,2,+1 858-488-4700,Blue Sea Beach Hotel,180,False,3,707 Pacific Beach Drive,,
2743,San Diego,2,+1 619-275-5700,Best Western Mission Bay,156,False,2,2575 Clairemont Drive,2019-03-02,7
2744,Kuala Lumpur,1,+60 3-2144 2200,Concorde Hotel Kuala Lumpur,372,True,4,"2, Jalan Sultan Ismail, Kuala Lumpur, 50250 Kuala Lumpur, Wilayah Persekutuan",,
2745,Kuala Lumpur,1,+60 3-2716 1000,Dorsett Kuala Lumpur,240,True,4,"172, Jalan Imbi, Pudu, 55100 Kuala Lumpur, Wilayah Persekutuan",,
2746,Kuala Lumpur,1,+60 3-2148 6888,Hotel Royal Kuala Lumpur,456,True,4,"Jalan Walter Granier, Bukit Bintang, 55100 Kuala Lumpur, Wilayah Persekutuan",,
2747,Kuala Lumpur,1,+60 3-6419 8688,"Hyatt House Kuala Lumpur, Mont'Kiara",84,True,4,"G-2, Arcoris, No. 10, Jalan Kiara, Mont Kiara, 50480, Wilayah Persekutuan",,
2748,Kuala Lumpur,1,+60 3-2778 3333,Ibis Kuala Lumpur City Centre,200,True,4,"32, Jalan Yap Kwan Seng, 50450",,
2749,Kuala Lumpur,1,+60 3-2785 2828,Melia Kuala Lumpur,148,True,4,"16, Jalan Imbi, 55100",,
2750,Kuala Lumpur,1,+60 3-2720 3888,Oakwood Hotel & Residence Kuala Lumpur,108,True,4,"222, Jalan Ampang, 50450 Kuala Lumpur, Wilayah Persekutuan",,
2751,Kuala Lumpur,1,+60 3-2726 6788,"Oasia Suites Kuala Lumpur, Malaysia",92,True,4,"10, Lorong P Ramlee, Kuala Lumpur, 50250",,
2752,Kuala Lumpur,1,+60 3-2386 0888,Capri By Fraser Kuala Lumpur,160,True,4,"5, Jalan Kerinchi, Bangsar South, 59200 Kuala Lumpur, Wilayah Persekutuan",2019-03-03,6
2753,Sydney,1,+61 2 9102 2828,28 Hotel Sydney,324,False,4,"28 Regent Street, Chippendale New South Wales 2008, Australia",2019-03-02,2
2754,London,1,+44 20 7493 4545,45 Park Lane,540,False,5,45 Park Lane,2019-03-04,7
2755,Long Beach,1,+1 562-599-5555,Best Western Of Long Beach,279,False,3,1725 Long Beach Boulevard,2019-03-01,6
2756,Atlanta,1,+1 470-231-3030,Ac Hotel By Marriott Atlanta Buckhead At Phipps Plaza,128,False,4,3600 Wieuca Road Northeast,2019-03-11,2
2757,London,1,+44 20 7493 4545,45 Park Lane,135,False,5,45 Park Lane,2019-03-05,5
2758,Paris,1,+33 1 44 72 42 00,Aparthotel Adagio Access Paris La Villette,198,False,3,"28bis Avenue Corentin Cariou, 75019",2019-03-07,6
2759,Paris,2,+33 1 44 72 42 00,Aparthotel Adagio Access Paris La Villette,174,False,3,"28bis Avenue Corentin Cariou, 75019",2019-03-01,5
2760,Kuala Lumpur,3,+60 3-2268 3888,Alila Bangsar,555,False,5,"East Side, 58, Jalan Ang Seng, Brickfields, 50470",2019-03-10,4
2761,Portland,3,+1 503-200-5678,Aloft Portland Airport At Cascade Station,207,False,3,9920 Northeast Cascades Parkway,2019-03-10,3
2762,San Francisco,2,+1 415-673-3277,Amsterdam Hostel San Francisco,56,False,1,749 Taylor Street,2019-03-12,1
2763,San Diego,3,+1 858-314-2000,Hotel Fairmont Grand Del Mar,540,False,5,5300 Grand Del Mar Court,,
2764,San Diego,2,+1 619-738-7000,Pendry San Diego,240,True,5,550 J Street,,
2765,San Diego,1,+1 858-314-2000,Hotel Fairmont Grand Del Mar,310,False,5,5300 Grand Del Mar Court,2019-03-02,3
2766,London,2,+44 20 7493 4545,45 Park Lane,370,False,5,45 Park Lane,2019-03-04,4
2767,Los Angeles,1,+1 323-852-7000,Ac Hotel By Marriott Beverly Hills,90,False,3,6399 Wilshire Boulevard,2019-03-05,6
2768,Kuala Lumpur,2,+60 3-2723 1188,Aloft Kuala Lumpur Sentral,288,False,4,"No. 5, Jalan Stesen Sentral, 50470 Kuala Lumpur, Wilayah Persekutuan",,
2769,Kuala Lumpur,2,+60 3-2268 3888,Alila Bangsar,360,False,5,"East Side, 58, Jalan Ang Seng, Brickfields, 50470",2019-03-08,4
2770,Paris,2,+33 1 84 82 49 09,Ac Hotel By Marriott Paris Porte Maillot,192,False,4,"6 Rue Gustave Charpentier, 75017",2019-03-12,1
