,car_name,car_type,dropoff_date,pickup_city,pickup_date,pickup_location,pickup_time,total_price
0,Chevrolet Cruze,Standard,2019-03-13,Mexico City,2019-03-10,Estacion Buenavista,09:30,51
1,Honda Civic,Standard,2019-03-13,Mexico City,2019-03-10,Estacion Buenavista,09:30,66
2,Toyota Camry,Standard,2019-03-13,Mexico City,2019-03-10,Estacion Buenavista,09:30,60
3,Toyota Prius,Standard,2019-03-13,Mexico City,2019-03-10,Estacion Buenavista,09:30,60
4,Chevrolet Cruze,Standard,2019-03-13,,2019-03-10,Estacion Buenavista,09:30,51
5,Chevrolet Equinox,Full-size,2019-03-09,Toronto,2019-03-05,Toronto Pearson International Airport,17:00,196
6,Hyundai Tucson,Full-size,2019-03-09,Toronto,2019-03-05,Toronto Pearson International Airport,17:00,168
7,Subaru Forester,Full-size,2019-03-09,Toronto,2019-03-05,Toronto Pearson International Airport,17:00,196
8,Honda Fit,Compact,2019-03-09,Toronto,2019-03-05,Toronto Pearson International Airport,17:00,112
9,Kia Forte,Compact,2019-03-09,Toronto,2019-03-05,Toronto Pearson International Airport,17:00,116
10,Mini Cooper,Compact,2019-03-09,Toronto,2019-03-05,Toronto Pearson International Airport,17:00,120
11,Volkswagen GTI,Compact,2019-03-09,Toronto,2019-03-05,Toronto Pearson International Airport,17:00,96
12,Honda Accord,Standard,2019-03-09,New York,2019-03-07,Grand Central Station,13:30,64
13,Honda Civic,Standard,2019-03-09,New York,2019-03-07,JFK International Airport,13:30,68
14,Hyundai Elantra,Standard,2019-03-09,New York,2019-03-07,Port Authority Station,13:30,64
15,Nissan Altima,Standard,2019-03-09,New York,2019-03-07,Port Authority Station,13:30,60
16,Toyota Camry,Standard,2019-03-09,New York,2019-03-07,JFK International Airport,13:30,62
17,Toyota Corolla,Standard,2019-03-09,New York,2019-03-07,Grand Central Station,13:30,56
18,Toyota Prius,Standard,2019-03-09,New York,2019-03-07,Port Authority Station,13:30,60
19,Hyundai Elantra,Standard,2019-03-08,New York,2019-03-02,Port Authority Station,15:00,144
20,Toyota Corolla,Standard,2019-03-08,New York,2019-03-02,Grand Central Station,15:00,192
21,Hyundai Tucson,Full-size,2019-03-08,Anaheim,2019-03-02,Anaheim Intermodal Center,15:00,216
22,Hyundai Tucson,Full-size,2019-03-08,,2019-03-02,Anaheim Intermodal Center,15:00,216
23,Chevrolet Cruze,Standard,2019-03-05,London,2019-03-03,Heathrow International Airport,12:00,58
24,Honda Accord,Standard,2019-03-05,London,2019-03-03,Gatwick International Airport,12:00,68
25,Hyundai Elantra,Standard,2019-03-05,London,2019-03-03,Heathrow International Airport,12:00,70
26,Nissan Altima,Standard,2019-03-05,London,2019-03-03,Heathrow International Airport,12:00,72
27,Toyota Prius,Standard,2019-03-05,London,2019-03-03,Heathrow International Airport,12:00,66
28,Chevrolet Cruze,Standard,2019-03-05,,2019-03-03,Heathrow International Airport,12:00,58
29,Chevrolet Cruze,Standard,2019-03-13,Mexico City,2019-03-11,Estacion Buenavista,11:00,38
30,Honda Civic,Standard,2019-03-13,Mexico City,2019-03-11,Estacion Buenavista,11:00,36
31,Toyota Camry,Standard,2019-03-13,Mexico City,2019-03-11,Estacion Buenavista,11:00,38
32,Toyota Prius,Standard,2019-03-13,Mexico City,2019-03-11,Estacion Buenavista,11:00,40
33,Chevrolet Cruze,Standard,2019-03-07,Anaheim,2019-03-04,John Wayne Airport,16:30,99
34,Ford Fusion,Standard,2019-03-07,Anaheim,2019-03-04,John Wayne Airport,16:30,78
35,Honda Accord,Standard,2019-03-07,Anaheim,2019-03-04,John Wayne Airport,16:30,102
36,Hyundai Elantra,Standard,2019-03-07,Anaheim,2019-03-04,Anaheim Intermodal Center,16:30,96
37,Nissan Altima,Standard,2019-03-07,Anaheim,2019-03-04,John Wayne Airport,16:30,99
38,Toyota Camry,Standard,2019-03-07,Anaheim,2019-03-04,Anaheim Intermodal Center,16:30,87
39,Chevrolet Bolt,Compact,2019-03-07,Anaheim,2019-03-02,John Wayne Airport,16:30,165
40,Honda Fit,Compact,2019-03-07,Anaheim,2019-03-02,Anaheim Intermodal Center,16:30,105
41,Kia Forte,Compact,2019-03-07,Anaheim,2019-03-02,Anaheim Intermodal Center,16:30,130
42,Volkswagen GTI,Compact,2019-03-07,Anaheim,2019-03-02,John Wayne Airport,16:30,120
43,Volkswagen Golf,Compact,2019-03-07,Anaheim,2019-03-02,John Wayne Airport,16:30,175
44,Honda Fit,Compact,2019-03-07,,2019-03-02,Anaheim Intermodal Center,16:30,105
45,Hyundai Elantra,Standard,2019-03-11,Seattle,2019-03-05,King Street Station,14:00,168
46,Toyota Prius,Standard,2019-03-11,Seattle,2019-03-05,King Street Station,14:00,168
47,Toyota Prius,Standard,2019-03-11,,2019-03-05,King Street Station,14:00,168
48,Chevrolet Bolt,Compact,2019-03-11,San Francisco,2019-03-07,Salesforce Transit Center,17:00,92
49,Kia Forte,Compact,2019-03-11,San Francisco,2019-03-07,SFO International Airport,17:00,112
50,Mini Cooper,Compact,2019-03-11,San Francisco,2019-03-07,SFO International Airport,17:00,88
51,Nissan Leaf,Compact,2019-03-11,San Francisco,2019-03-07,SFO International Airport,17:00,128
52,Volkswagen GTI,Compact,2019-03-11,San Francisco,2019-03-07,SFO International Airport,17:00,104
53,Honda Accord,Standard,2019-03-12,New York,2019-03-10,Grand Central Station,15:30,70
54,Honda Civic,Standard,2019-03-12,New York,2019-03-10,JFK International Airport,15:30,60
55,Hyundai Elantra,Standard,2019-03-12,New York,2019-03-10,Port Authority Station,15:30,70
56,Nissan Altima,Standard,2019-03-12,New York,2019-03-10,Port Authority Station,15:30,62
57,Toyota Camry,Standard,2019-03-12,New York,2019-03-10,JFK International Airport,15:30,58
58,Toyota Corolla,Standard,2019-03-12,New York,2019-03-10,Grand Central Station,15:30,70
59,Toyota Prius,Standard,2019-03-12,New York,2019-03-10,Port Authority Station,15:30,70
60,Honda Civic,Standard,2019-03-12,,2019-03-10,JFK International Airport,15:30,60
61,Honda Accord,Standard,2019-03-09,Washington,2019-03-07,Union Station,13:30,52
62,Honda Civic,Standard,2019-03-09,Washington,2019-03-07,Union Station,13:30,62
63,Toyota Camry,Standard,2019-03-09,Washington,2019-03-07,Dulles International Airport,13:30,60
64,Toyota Prius,Standard,2019-03-09,Washington,2019-03-07,Dulles International Airport,13:30,70
65,Honda Accord,Standard,2019-03-09,,2019-03-07,Union Station,13:30,52
66,Chevrolet Cruze,Standard,2019-03-11,Mexico City,2019-03-07,Estacion Buenavista,09:30,80
67,Honda Civic,Standard,2019-03-11,Mexico City,2019-03-07,Estacion Buenavista,09:30,72
68,Toyota Camry,Standard,2019-03-11,Mexico City,2019-03-07,Estacion Buenavista,09:30,72
69,Toyota Prius,Standard,2019-03-11,Mexico City,2019-03-07,Estacion Buenavista,09:30,76
70,Chevrolet Bolt,Compact,2019-03-05,Vancouver,2019-03-03,YVR International Airport,16:30,54
71,Chevrolet Cruze,Standard,2019-03-05,Vancouver,2019-03-03,Pacific Central Station,16:30,66
72,Chevrolet Equinox,Full-size,2019-03-05,Vancouver,2019-03-03,Pacific Central Station,16:30,74
73,Honda Accord,Standard,2019-03-05,Vancouver,2019-03-03,YVR International Airport,16:30,74
74,Honda Fit,Compact,2019-03-05,Vancouver,2019-03-03,YVR International Airport,16:30,60
75,Hyundai Elantra,Standard,2019-03-05,Vancouver,2019-03-03,YVR International Airport,16:30,64
76,Hyundai Tucson,Full-size,2019-03-05,Vancouver,2019-03-03,Pacific Central Station,16:30,74
77,Kia Forte,Compact,2019-03-05,Vancouver,2019-03-03,Pacific Central Station,16:30,56
78,Mini Cooper,Compact,2019-03-05,Vancouver,2019-03-03,YVR International Airport,16:30,56
79,Nissan Altima,Standard,2019-03-05,Vancouver,2019-03-03,YVR International Airport,16:30,72
80,Chevrolet Bolt,Compact,2019-03-11,Vancouver,2019-03-09,YVR International Airport,16:30,60
81,Chevrolet Cruze,Standard,2019-03-11,Vancouver,2019-03-09,Pacific Central Station,16:30,58
82,Chevrolet Equinox,Full-size,2019-03-11,Vancouver,2019-03-09,Pacific Central Station,16:30,88
83,Honda Accord,Standard,2019-03-11,Vancouver,2019-03-09,YVR International Airport,16:30,68
84,Honda Fit,Compact,2019-03-11,Vancouver,2019-03-09,YVR International Airport,16:30,50
85,Hyundai Elantra,Standard,2019-03-11,Vancouver,2019-03-09,YVR International Airport,16:30,64
86,Hyundai Tucson,Full-size,2019-03-11,Vancouver,2019-03-09,Pacific Central Station,16:30,78
87,Kia Forte,Compact,2019-03-11,Vancouver,2019-03-09,Pacific Central Station,16:30,56
88,Mini Cooper,Compact,2019-03-11,Vancouver,2019-03-09,YVR International Airport,16:30,48
89,Chevrolet Cruze,Standard,2019-03-11,,2019-03-09,Pacific Central Station,16:30,58
90,Honda Accord,Standard,2019-03-09,Chicago,2019-03-04,O'Hare International Airport,20:00,175
91,Nissan Altima,Standard,2019-03-09,Chicago,2019-03-04,O'Hare International Airport,20:00,155
92,Toyota Prius,Standard,2019-03-09,Chicago,2019-03-04,O'Hare International Airport,20:00,165
93,Honda Accord,Standard,2019-03-09,,2019-03-04,O'Hare International Airport,20:00,175
94,Chevrolet Cruze,Standard,2019-03-09,Anaheim,2019-03-06,John Wayne Airport,15:30,99
95,Ford Fusion,Standard,2019-03-09,Anaheim,2019-03-06,John Wayne Airport,15:30,93
96,Honda Accord,Standard,2019-03-09,Anaheim,2019-03-06,John Wayne Airport,15:30,102
97,Hyundai Elantra,Standard,2019-03-09,Anaheim,2019-03-06,Anaheim Intermodal Center,15:30,99
98,Nissan Altima,Standard,2019-03-09,Anaheim,2019-03-06,John Wayne Airport,15:30,102
99,Toyota Camry,Standard,2019-03-09,Anaheim,2019-03-06,Anaheim Intermodal Center,15:30,72
100,Honda Accord,Standard,2019-03-09,,2019-03-06,John Wayne Airport,15:30,102
101,Chevrolet Equinox,Full-size,2019-03-10,Sacramento,2019-03-08,SMF International Airport,15:00,96
102,Honda CR-V,Full-size,2019-03-10,Sacramento,2019-03-08,Sacramento Valley Station,15:00,76
103,Nissan Rogue,Full-size,2019-03-10,Sacramento,2019-03-08,Sacramento Valley Station,15:00,86
104,Toyota Highlander,Full-size,2019-03-10,Sacramento,2019-03-08,SMF International Airport,15:00,86
105,Nissan Rogue,Full-size,2019-03-10,,2019-03-08,Sacramento Valley Station,15:00,86
106,Honda Accord,Standard,2019-03-05,New York,2019-03-04,Grand Central Station,14:00,24
107,Honda Civic,Standard,2019-03-05,New York,2019-03-04,JFK International Airport,14:00,33
108,Hyundai Elantra,Standard,2019-03-05,New York,2019-03-04,Port Authority Station,14:00,31
109,Nissan Altima,Standard,2019-03-05,New York,2019-03-04,Port Authority Station,14:00,26
110,Toyota Camry,Standard,2019-03-05,New York,2019-03-04,JFK International Airport,14:00,36
111,Toyota Corolla,Standard,2019-03-05,New York,2019-03-04,Grand Central Station,14:00,27
112,Toyota Prius,Standard,2019-03-05,New York,2019-03-04,Port Authority Station,14:00,27
113,Chevrolet Bolt,Compact,2019-03-05,New York,2019-03-04,Port Authority Station,15:00,24
114,Honda Fit,Compact,2019-03-05,New York,2019-03-04,Grand Central Station,15:00,25
115,Kia Forte,Compact,2019-03-05,New York,2019-03-04,Port Authority Station,15:00,28
116,Mini Cooper,Compact,2019-03-05,New York,2019-03-04,JFK International Airport,15:00,28
117,Nissan Leaf,Compact,2019-03-05,New York,2019-03-04,Port Authority Station,15:00,22
118,Volkswagen Golf,Compact,2019-03-05,New York,2019-03-04,Port Authority Station,15:00,30
119,Honda Fit,Compact,2019-03-05,,2019-03-04,Grand Central Station,15:00,25
120,Honda Civic,Standard,2019-03-13,Los Angeles,2019-03-08,Union Station,10:00,165
121,Toyota Corolla,Standard,2019-03-13,Los Angeles,2019-03-08,Union Station,10:00,150
122,Honda Civic,Standard,2019-03-13,,2019-03-08,Union Station,10:00,165
123,Chevrolet Cruze,Standard,2019-03-10,Los Angeles,2019-03-09,Union Station,10:00,37
124,Honda Civic,Standard,2019-03-10,Los Angeles,2019-03-09,Union Station,10:00,32
125,Honda Fit,Compact,2019-03-10,Los Angeles,2019-03-09,Union Station,10:00,20
126,Hyundai Elantra,Standard,2019-03-10,Los Angeles,2019-03-09,Union Station,10:00,28
127,Jeep Cherokee,Full-size,2019-03-10,Los Angeles,2019-03-09,Union Station,10:00,43
128,Toyota Corolla,Standard,2019-03-10,Los Angeles,2019-03-09,Union Station,10:00,31
129,Toyota Highlander,Full-size,2019-03-10,Los Angeles,2019-03-09,Union Station,10:00,46
130,Toyota RAV4,Full-size,2019-03-10,Los Angeles,2019-03-09,Union Station,10:00,42
131,Volkswagen GTI,Compact,2019-03-10,Los Angeles,2019-03-09,Union Station,10:00,23
132,Chevrolet Cruze,Standard,2019-03-10,,2019-03-09,Union Station,10:00,37
133,Ford Fusion,Standard,2019-03-04,Seattle,2019-03-01,King Street Station,18:30,93
134,Honda Civic,Standard,2019-03-04,Seattle,2019-03-01,King Street Station,18:30,87
135,Hyundai Elantra,Standard,2019-03-04,Seattle,2019-03-01,King Street Station,18:30,69
136,Toyota Prius,Standard,2019-03-04,Seattle,2019-03-01,King Street Station,18:30,87
137,Hyundai Elantra,Standard,2019-03-04,,2019-03-01,King Street Station,18:30,69
138,Chevrolet Cruze,Standard,2019-03-07,Toronto,2019-03-04,Toronto Pearson International Airport,16:30,132
139,Toyota Camry,Standard,2019-03-07,Toronto,2019-03-04,Toronto Pearson International Airport,16:30,87
140,Toyota Camry,Standard,2019-03-07,,2019-03-04,Toronto Pearson International Airport,16:30,87
141,Ford Fusion,Standard,2019-03-07,Delhi,2019-03-06,Indira Gandhi International Airport,17:00,36
142,Honda Accord,Standard,2019-03-07,Delhi,2019-03-06,Indira Gandhi International Airport,17:00,33
143,Hyundai Elantra,Standard,2019-03-07,Delhi,2019-03-06,Indira Gandhi International Airport,17:00,31
144,Ford Fusion,Standard,2019-03-07,Delhi,2019-03-04,Indira Gandhi International Airport,15:30,93
145,Honda Accord,Standard,2019-03-07,Delhi,2019-03-04,Indira Gandhi International Airport,15:30,75
146,Chevrolet Bolt,Compact,2019-03-07,Delhi,2019-03-04,Indira Gandhi International Airport,15:30,90
147,Honda Fit,Compact,2019-03-07,Delhi,2019-03-04,Indira Gandhi International Airport,15:30,84
148,Volkswagen Golf,Compact,2019-03-07,Delhi,2019-03-04,Indira Gandhi International Airport,15:30,75
149,Chevrolet Bolt,Compact,2019-03-07,,2019-03-04,Indira Gandhi International Airport,15:30,90
150,Chevrolet Cruze,Standard,2019-03-09,San Francisco,2019-03-06,SFO International Airport,19:30,114
151,Ford Fusion,Standard,2019-03-09,San Francisco,2019-03-06,SFO International Airport,19:30,102
152,Nissan Altima,Standard,2019-03-09,San Francisco,2019-03-06,SFO International Airport,19:30,102
153,Toyota Prius,Standard,2019-03-09,San Francisco,2019-03-06,SFO International Airport,19:30,111
154,Toyota Prius,Standard,2019-03-08,Phoenix,2019-03-01,Sky Harbor International Airport,13:30,210
155,Chevrolet Cruze,Standard,2019-03-06,London,2019-03-02,Heathrow International Airport,17:00,148
156,Honda Accord,Standard,2019-03-06,London,2019-03-02,Gatwick International Airport,17:00,132
157,Hyundai Elantra,Standard,2019-03-06,London,2019-03-02,Heathrow International Airport,17:00,116
158,Nissan Altima,Standard,2019-03-06,London,2019-03-02,Heathrow International Airport,17:00,140
159,Toyota Prius,Standard,2019-03-06,London,2019-03-02,Heathrow International Airport,17:00,120
160,Chevrolet Cruze,Standard,2019-03-06,Sydney,2019-03-02,Kingsford Smith International Airport,17:00,128
161,Ford Fusion,Standard,2019-03-06,Sydney,2019-03-02,Kingsford Smith International Airport,17:00,132
162,Hyundai Elantra,Standard,2019-03-06,Sydney,2019-03-02,Kingsford Smith International Airport,17:00,124
163,Toyota Corolla,Standard,2019-03-06,Sydney,2019-03-02,Kingsford Smith International Airport,17:00,128
164,Ford Fusion,Standard,2019-03-06,,2019-03-02,Kingsford Smith International Airport,17:00,132
165,Chevrolet Cruze,Standard,2019-03-06,Philadelphia,2019-03-04,PHL International Airport,18:30,56
166,Ford Fusion,Standard,2019-03-06,Philadelphia,2019-03-04,PHL International Airport,18:30,62
167,Honda Civic,Standard,2019-03-06,Philadelphia,2019-03-04,PHL International Airport,18:30,68
168,Hyundai Elantra,Standard,2019-03-06,Philadelphia,2019-03-04,Intercity Terminal,18:30,58
169,Nissan Altima,Standard,2019-03-06,Philadelphia,2019-03-04,Intercity Terminal,18:30,66
170,Toyota Corolla,Standard,2019-03-06,Philadelphia,2019-03-04,Intercity Terminal,18:30,64
171,Toyota Prius,Standard,2019-03-06,Philadelphia,2019-03-04,Intercity Terminal,18:30,66
172,Honda Fit,Compact,2019-03-06,Philadelphia,2019-03-02,Intercity Terminal,18:30,100
173,Kia Forte,Compact,2019-03-06,Philadelphia,2019-03-02,PHL International Airport,18:30,116
174,Mini Cooper,Compact,2019-03-06,Philadelphia,2019-03-02,Intercity Terminal,18:30,116
175,Volkswagen GTI,Compact,2019-03-06,Philadelphia,2019-03-02,PHL International Airport,18:30,128
176,Honda Fit,Compact,2019-03-06,,2019-03-02,Intercity Terminal,18:30,100
177,Chevrolet Cruze,Standard,2019-03-10,Anaheim,2019-03-09,John Wayne Airport,15:00,33
178,Ford Fusion,Standard,2019-03-10,Anaheim,2019-03-09,John Wayne Airport,15:00,41
179,Honda Accord,Standard,2019-03-10,Anaheim,2019-03-09,John Wayne Airport,15:00,31
180,Hyundai Elantra,Standard,2019-03-10,Anaheim,2019-03-09,Anaheim Intermodal Center,15:00,29
181,Nissan Altima,Standard,2019-03-10,Anaheim,2019-03-09,John Wayne Airport,15:00,37
182,Toyota Camry,Standard,2019-03-10,Anaheim,2019-03-09,Anaheim Intermodal Center,15:00,27
183,Chevrolet Cruze,Standard,2019-03-09,London,2019-03-06,Heathrow International Airport,17:00,93
184,Honda Accord,Standard,2019-03-09,London,2019-03-06,Gatwick International Airport,17:00,102
185,Hyundai Elantra,Standard,2019-03-09,London,2019-03-06,Heathrow International Airport,17:00,87
186,Nissan Altima,Standard,2019-03-09,London,2019-03-06,Heathrow International Airport,17:00,96
187,Toyota Prius,Standard,2019-03-09,London,2019-03-06,Heathrow International Airport,17:00,90
188,Honda Accord,Standard,2019-03-09,,2019-03-06,Gatwick International Airport,17:00,102
189,Nissan Rogue,Full-size,2019-03-09,Washington,2019-03-07,Union Station,15:30,82
190,Subaru Forester,Full-size,2019-03-09,Washington,2019-03-07,Dulles International Airport,15:30,80
191,Nissan Rogue,Full-size,2019-03-09,,2019-03-07,Union Station,15:30,82
192,Chevrolet Cruze,Standard,2019-03-12,Philadelphia,2019-03-08,30th Street Station,11:00,140
193,Ford Fusion,Standard,2019-03-12,Philadelphia,2019-03-08,30th Street Station,11:00,132
194,Hyundai Elantra,Standard,2019-03-12,Philadelphia,2019-03-08,Intercity Terminal,11:00,116
195,Nissan Altima,Standard,2019-03-12,Philadelphia,2019-03-08,30th Street Station,11:00,120
196,Nissan Sentra,Standard,2019-03-12,Philadelphia,2019-03-08,30th Street Station,11:00,116
197,Toyota Corolla,Standard,2019-03-12,Philadelphia,2019-03-08,Intercity Terminal,11:00,124
198,Toyota Prius,Standard,2019-03-12,Philadelphia,2019-03-08,Intercity Terminal,11:00,132
199,Chevrolet Cruze,Standard,2019-03-12,,2019-03-08,30th Street Station,11:00,140
200,Honda Civic,Standard,2019-03-07,New York,2019-03-06,JFK International Airport,10:30,35
201,Hyundai Elantra,Standard,2019-03-07,New York,2019-03-06,Port Authority Station,10:30,33
202,Nissan Altima,Standard,2019-03-07,New York,2019-03-06,Port Authority Station,10:30,26
203,Toyota Camry,Standard,2019-03-07,New York,2019-03-06,JFK International Airport,10:30,32
204,Toyota Corolla,Standard,2019-03-07,New York,2019-03-06,JFK International Airport,10:30,33
205,Toyota Prius,Standard,2019-03-07,New York,2019-03-06,Port Authority Station,10:30,33
206,Honda Civic,Standard,2019-03-07,,2019-03-06,JFK International Airport,10:30,35
207,Chevrolet Cruze,Standard,2019-03-07,Paris,2019-03-05,Charles de Gaulle International Airport,15:00,62
208,Honda Accord,Standard,2019-03-07,Paris,2019-03-05,Charles de Gaulle International Airport,15:00,68
209,Nissan Sentra,Standard,2019-03-07,Paris,2019-03-05,Charles de Gaulle International Airport,15:00,70
210,Toyota Prius,Standard,2019-03-07,Paris,2019-03-05,Charles de Gaulle International Airport,15:00,58
211,Chevrolet Cruze,Standard,2019-03-07,Paris,2019-03-03,Charles de Gaulle International Airport,15:00,104
212,Honda Accord,Standard,2019-03-07,Paris,2019-03-03,Charles de Gaulle International Airport,15:00,128
213,Nissan Sentra,Standard,2019-03-07,Paris,2019-03-03,Charles de Gaulle International Airport,15:00,160
214,Honda Accord,Standard,2019-03-07,,2019-03-03,Charles de Gaulle International Airport,15:00,128
215,Chevrolet Cruze,Standard,2019-03-13,Anaheim,2019-03-08,John Wayne Airport,14:00,155
216,Ford Fusion,Standard,2019-03-13,Anaheim,2019-03-08,John Wayne Airport,14:00,165
217,Honda Accord,Standard,2019-03-13,Anaheim,2019-03-08,John Wayne Airport,14:00,180
218,Hyundai Elantra,Standard,2019-03-13,Anaheim,2019-03-08,Anaheim Intermodal Center,14:00,140
219,Nissan Altima,Standard,2019-03-13,Anaheim,2019-03-08,John Wayne Airport,14:00,160
220,Chevrolet Bolt,Compact,2019-03-13,Anaheim,2019-03-08,John Wayne Airport,14:00,125
221,Honda Fit,Compact,2019-03-13,Anaheim,2019-03-08,Anaheim Intermodal Center,14:00,130
222,Kia Forte,Compact,2019-03-13,Anaheim,2019-03-08,Anaheim Intermodal Center,14:00,110
223,Nissan Leaf,Compact,2019-03-13,Anaheim,2019-03-08,Anaheim Intermodal Center,14:00,135
224,Volkswagen GTI,Compact,2019-03-13,Anaheim,2019-03-08,John Wayne Airport,14:00,120
225,Volkswagen Golf,Compact,2019-03-13,Anaheim,2019-03-08,John Wayne Airport,14:00,140
226,Ford Escape,Full-size,2019-03-13,Anaheim,2019-03-08,John Wayne Airport,14:00,220
227,Hyundai Tucson,Full-size,2019-03-13,Anaheim,2019-03-08,Anaheim Intermodal Center,14:00,165
228,Chevrolet Cruze,Standard,2019-03-06,Paris,2019-03-04,Charles de Gaulle International Airport,16:30,68
229,Honda Accord,Standard,2019-03-06,Paris,2019-03-04,Charles de Gaulle International Airport,16:30,76
230,Nissan Sentra,Standard,2019-03-06,Paris,2019-03-04,Charles de Gaulle International Airport,16:30,66
231,Toyota Prius,Standard,2019-03-06,Paris,2019-03-04,Charles de Gaulle International Airport,16:30,58
232,Honda Accord,Standard,2019-03-06,,2019-03-04,Charles de Gaulle International Airport,16:30,76
233,Hyundai Elantra,Standard,2019-03-11,Vancouver,2019-03-06,YVR International Airport,12:30,175
234,Nissan Altima,Standard,2019-03-11,Vancouver,2019-03-06,YVR International Airport,12:30,135
235,Toyota Corolla,Standard,2019-03-11,Vancouver,2019-03-06,YVR International Airport,12:30,145
236,Chevrolet Cruze,Standard,2019-03-11,Vancouver,2019-03-06,Pacific Central Station,13:00,150
237,Toyota Prius,Standard,2019-03-11,Vancouver,2019-03-06,Pacific Central Station,13:00,150
238,Toyota Corolla,Standard,2019-03-11,,2019-03-06,YVR International Airport,12:30,145
239,Chevrolet Equinox,Full-size,2019-03-14,Vancouver,2019-03-11,Pacific Central Station,13:00,135
240,Hyundai Tucson,Full-size,2019-03-14,Vancouver,2019-03-11,Pacific Central Station,13:00,138
241,Subaru Forester,Full-size,2019-03-14,Vancouver,2019-03-11,YVR International Airport,12:30,132
242,Chevrolet Equinox,Full-size,2019-03-14,,2019-03-11,Pacific Central Station,13:00,135
243,Kia Forte,Compact,2019-03-09,Toronto,2019-03-02,Toronto Pearson International Airport,16:30,140
244,Mini Cooper,Compact,2019-03-09,Toronto,2019-03-02,Toronto Pearson International Airport,16:30,203
245,Honda Accord,Standard,2019-03-14,Washington,2019-03-11,Union Station,16:30,87
246,Honda Civic,Standard,2019-03-14,Washington,2019-03-11,Union Station,16:30,93
247,Toyota Camry,Standard,2019-03-14,Washington,2019-03-11,Dulles International Airport,16:30,93
248,Toyota Prius,Standard,2019-03-14,Washington,2019-03-11,Dulles International Airport,16:30,102
249,Toyota Camry,Standard,2019-03-14,,2019-03-11,Dulles International Airport,16:30,93
250,Chevrolet Cruze,Standard,2019-03-12,Atlanta,2019-03-11,Hartsfield-Jackson International Airport,15:00,29
251,Nissan Sentra,Standard,2019-03-12,Atlanta,2019-03-11,Hartsfield-Jackson International Airport,15:00,35
252,Toyota Camry,Standard,2019-03-12,Atlanta,2019-03-11,Hartsfield-Jackson International Airport,15:00,33
253,Toyota Prius,Standard,2019-03-12,Atlanta,2019-03-11,Peachtree Station,15:00,33
254,Ford Fusion,Standard,2019-03-11,Seattle,2019-03-08,King Street Station,13:30,93
255,Honda Civic,Standard,2019-03-11,Seattle,2019-03-08,Seattle-Tacoma International Airport,13:30,111
256,Hyundai Elantra,Standard,2019-03-11,Seattle,2019-03-08,King Street Station,13:30,78
257,Nissan Sentra,Standard,2019-03-11,Seattle,2019-03-08,Seattle-Tacoma International Airport,13:30,90
258,Toyota Prius,Standard,2019-03-11,Seattle,2019-03-08,Seattle-Tacoma International Airport,13:30,90
259,Honda Civic,Standard,2019-03-11,,2019-03-08,Seattle-Tacoma International Airport,13:30,111
260,Honda Civic,Standard,2019-03-12,New York,2019-03-06,JFK International Airport,10:30,210
261,Toyota Corolla,Standard,2019-03-12,New York,2019-03-06,JFK International Airport,10:30,216
262,Chevrolet Cruze,Standard,2019-03-05,Portland,2019-03-04,PDX International Airport,13:00,33
263,Ford Fusion,Standard,2019-03-05,Portland,2019-03-04,Union Station,13:00,29
264,Honda Accord,Standard,2019-03-05,Portland,2019-03-04,PDX International Airport,13:00,37
265,Honda Civic,Standard,2019-03-05,Portland,2019-03-04,PDX International Airport,13:00,34
266,Nissan Sentra,Standard,2019-03-05,Portland,2019-03-04,Portland Bus Station,13:00,26
267,Toyota Camry,Standard,2019-03-05,Portland,2019-03-04,Portland Bus Station,13:00,31
268,Toyota Corolla,Standard,2019-03-05,Portland,2019-03-04,Union Station,13:00,32
269,Toyota Prius,Standard,2019-03-05,Portland,2019-03-04,PDX International Airport,13:00,40
270,Honda Accord,Standard,2019-03-05,Portland,2019-03-04,Portland Bus Station,20:00,35
271,Nissan Sentra,Standard,2019-03-05,Portland,2019-03-04,Portland Bus Station,20:00,26
272,Toyota Camry,Standard,2019-03-05,Portland,2019-03-04,Portland Bus Station,20:00,31
273,Toyota Prius,Standard,2019-03-05,Portland,2019-03-04,Portland Bus Station,20:00,31
274,Honda Accord,Standard,2019-03-05,,2019-03-04,Portland Bus Station,20:00,35
275,Chevrolet Cruze,Standard,2019-03-03,Anaheim,2019-03-01,John Wayne Airport,14:00,72
276,Ford Fusion,Standard,2019-03-03,Anaheim,2019-03-01,John Wayne Airport,14:00,68
277,Honda Accord,Standard,2019-03-03,Anaheim,2019-03-01,John Wayne Airport,14:00,62
278,Hyundai Elantra,Standard,2019-03-03,Anaheim,2019-03-01,Anaheim Intermodal Center,14:00,60
279,Nissan Altima,Standard,2019-03-03,Anaheim,2019-03-01,John Wayne Airport,14:00,64
280,Toyota Camry,Standard,2019-03-03,Anaheim,2019-03-01,Anaheim Intermodal Center,14:00,56
281,Honda Accord,Standard,2019-03-03,,2019-03-01,John Wayne Airport,14:00,62
282,Ford Fusion,Standard,2019-03-08,Delhi,2019-03-06,Indira Gandhi International Airport,17:00,62
283,Honda Accord,Standard,2019-03-08,Delhi,2019-03-06,Indira Gandhi International Airport,17:00,74
284,Hyundai Elantra,Standard,2019-03-08,Delhi,2019-03-06,Indira Gandhi International Airport,17:00,66
285,Ford Fusion,Standard,2019-03-08,,2019-03-06,Indira Gandhi International Airport,17:00,62
286,Chevrolet Cruze,Standard,2019-03-06,Long Beach,2019-03-02,LGB Airport,18:00,140
287,Ford Fusion,Standard,2019-03-06,Long Beach,2019-03-02,Downtown Station,18:00,124
288,Honda Accord,Standard,2019-03-06,Long Beach,2019-03-02,LGB Airport,18:00,144
289,Toyota Corolla,Standard,2019-03-06,Long Beach,2019-03-02,LGB Airport,18:00,108
290,Toyota Prius,Standard,2019-03-06,Long Beach,2019-03-02,Downtown Station,18:00,120
291,Chevrolet Cruze,Standard,2019-03-06,,2019-03-02,LGB Airport,18:00,140
292,Chevrolet Cruze,Standard,2019-03-07,San Francisco,2019-03-05,SFO International Airport,12:30,72
293,Ford Fusion,Standard,2019-03-07,San Francisco,2019-03-05,SFO International Airport,12:30,62
294,Honda Civic,Standard,2019-03-07,San Francisco,2019-03-05,Salesforce Transit Center,12:30,70
295,Nissan Altima,Standard,2019-03-07,San Francisco,2019-03-05,SFO International Airport,12:30,76
296,Nissan Sentra,Standard,2019-03-07,San Francisco,2019-03-05,Salesforce Transit Center,12:30,58
297,Toyota Prius,Standard,2019-03-07,San Francisco,2019-03-05,SFO International Airport,12:30,70
298,Chevrolet Cruze,Standard,2019-03-07,Atlanta,2019-03-05,Hartsfield-Jackson International Airport,15:30,60
299,Nissan Sentra,Standard,2019-03-07,Atlanta,2019-03-05,Hartsfield-Jackson International Airport,15:30,64
300,Toyota Camry,Standard,2019-03-07,Atlanta,2019-03-05,Hartsfield-Jackson International Airport,15:30,74
301,Nissan Sentra,Standard,2019-03-07,,2019-03-05,Hartsfield-Jackson International Airport,15:30,64
302,Honda CR-V,Full-size,2019-03-11,Nairobi,2019-03-09,Jomo Kenyatta International Airport,10:00,68
303,Jeep Cherokee,Full-size,2019-03-11,Nairobi,2019-03-09,Jomo Kenyatta International Airport,10:00,68
304,Honda CR-V,Full-size,2019-03-11,,2019-03-09,Jomo Kenyatta International Airport,10:00,68
305,Ford Fusion,Standard,2019-03-12,San Diego,2019-03-08,SAN International Airport,15:30,136
306,Honda Accord,Standard,2019-03-12,San Diego,2019-03-08,Santa Fe Depot,15:30,108
307,Honda Civic,Standard,2019-03-12,San Diego,2019-03-08,Santa Fe Depot,15:30,112
308,Hyundai Elantra,Standard,2019-03-12,San Diego,2019-03-08,SAN International Airport,15:30,168
309,Nissan Sentra,Standard,2019-03-12,San Diego,2019-03-08,Santa Fe Depot,15:30,108
310,Toyota Camry,Standard,2019-03-12,San Diego,2019-03-08,SAN International Airport,15:30,108
311,Ford Fusion,Standard,2019-03-12,,2019-03-08,SAN International Airport,15:30,136
312,Chevrolet Cruze,Standard,2019-03-06,Anaheim,2019-03-05,John Wayne Airport,13:30,29
313,Ford Fusion,Standard,2019-03-06,Anaheim,2019-03-05,John Wayne Airport,13:30,31
314,Honda Accord,Standard,2019-03-06,Anaheim,2019-03-05,John Wayne Airport,13:30,29
315,Hyundai Elantra,Standard,2019-03-06,Anaheim,2019-03-05,Anaheim Intermodal Center,13:30,33
316,Nissan Altima,Standard,2019-03-06,Anaheim,2019-03-05,John Wayne Airport,13:30,36
317,Toyota Camry,Standard,2019-03-06,Anaheim,2019-03-05,Anaheim Intermodal Center,13:30,34
318,Honda Accord,Standard,2019-03-06,,2019-03-05,John Wayne Airport,13:30,29
319,Chevrolet Cruze,Standard,2019-03-13,Fresno,2019-03-11,Fresno Station,17:00,56
320,Honda Accord,Standard,2019-03-13,Fresno,2019-03-11,Fresno Station,17:00,58
321,Nissan Altima,Standard,2019-03-13,Fresno,2019-03-11,Fresno Yosemite International Airport,17:00,60
322,Nissan Sentra,Standard,2019-03-13,Fresno,2019-03-11,Fresno Yosemite International Airport,17:00,64
323,Toyota Camry,Standard,2019-03-13,Fresno,2019-03-11,Fresno Yosemite International Airport,17:00,66
324,Toyota Corolla,Standard,2019-03-13,Fresno,2019-03-11,Fresno Yosemite International Airport,17:00,80
325,Chevrolet Bolt,Compact,2019-03-13,Fresno,2019-03-11,Fresno Yosemite International Airport,13:30,54
326,Honda Fit,Compact,2019-03-13,Fresno,2019-03-11,Fresno Yosemite International Airport,13:30,64
327,Kia Forte,Compact,2019-03-13,Fresno,2019-03-11,Fresno Yosemite International Airport,13:30,56
328,Mini Cooper,Compact,2019-03-13,Fresno,2019-03-11,Fresno Station,13:30,54
329,Chevrolet Bolt,Compact,2019-03-13,,2019-03-11,Fresno Yosemite International Airport,13:30,54
330,Honda Accord,Standard,2019-03-06,Washington,2019-03-01,Union Station,12:00,150
331,Toyota Camry,Standard,2019-03-06,Washington,2019-03-01,Dulles International Airport,12:00,170
332,Toyota Prius,Standard,2019-03-06,Washington,2019-03-01,Dulles International Airport,12:00,150
333,Ford Fusion,Standard,2019-03-13,Delhi,2019-03-11,Indira Gandhi International Airport,12:00,54
334,Honda Accord,Standard,2019-03-13,Delhi,2019-03-11,Indira Gandhi International Airport,12:00,54
335,Hyundai Elantra,Standard,2019-03-13,Delhi,2019-03-11,Indira Gandhi International Airport,12:00,72
336,Honda Accord,Standard,2019-03-10,Washington,2019-03-08,Union Station,15:00,64
337,Honda Civic,Standard,2019-03-10,Washington,2019-03-08,Union Station,15:00,66
338,Toyota Camry,Standard,2019-03-10,Washington,2019-03-08,Dulles International Airport,15:00,68
339,Toyota Prius,Standard,2019-03-10,Washington,2019-03-08,Dulles International Airport,15:00,64
340,Honda Accord,Standard,2019-03-10,,2019-03-08,Union Station,15:00,64
341,Honda Accord,Standard,2019-03-11,New York,2019-03-10,Grand Central Station,15:00,22
342,Honda Civic,Standard,2019-03-11,New York,2019-03-10,JFK International Airport,15:00,38
343,Hyundai Elantra,Standard,2019-03-11,New York,2019-03-10,Port Authority Station,15:00,35
344,Nissan Altima,Standard,2019-03-11,New York,2019-03-10,Port Authority Station,15:00,27
345,Toyota Camry,Standard,2019-03-11,New York,2019-03-10,JFK International Airport,15:00,34
346,Toyota Corolla,Standard,2019-03-11,New York,2019-03-10,Grand Central Station,15:00,29
347,Toyota Prius,Standard,2019-03-11,New York,2019-03-10,Port Authority Station,15:00,28
348,Chevrolet Equinox,Full-size,2019-03-11,New York,2019-03-05,Port Authority Station,15:00,282
349,Ford Escape,Full-size,2019-03-11,New York,2019-03-05,JFK International Airport,15:00,246
350,Hyundai Tucson,Full-size,2019-03-11,New York,2019-03-05,Port Authority Station,15:00,246
351,Jeep Cherokee,Full-size,2019-03-11,New York,2019-03-05,Grand Central Station,15:00,192
352,Subaru Forester,Full-size,2019-03-11,New York,2019-03-05,Grand Central Station,15:00,222
353,Chevrolet Equinox,Full-size,2019-03-11,,2019-03-05,Port Authority Station,15:00,282
354,Chevrolet Equinox,Full-size,2019-03-08,Sacramento,2019-03-03,SMF International Airport,14:00,230
355,Honda CR-V,Full-size,2019-03-08,Sacramento,2019-03-03,Sacramento Valley Station,14:00,245
356,Chevrolet Equinox,Full-size,2019-03-08,,2019-03-03,SMF International Airport,14:00,230
357,Chevrolet Cruze,Standard,2019-03-11,Portland,2019-03-06,PDX International Airport,15:00,140
358,Honda Accord,Standard,2019-03-11,Portland,2019-03-06,PDX International Airport,15:00,190
359,Honda Civic,Standard,2019-03-11,Portland,2019-03-06,PDX International Airport,15:00,155
360,Nissan Sentra,Standard,2019-03-11,Portland,2019-03-06,Portland Bus Station,15:00,150
361,Toyota Corolla,Standard,2019-03-11,Portland,2019-03-06,Union Station,15:00,140
362,Toyota Prius,Standard,2019-03-11,Portland,2019-03-06,PDX International Airport,15:00,165
363,Chevrolet Cruze,Standard,2019-03-11,,2019-03-06,PDX International Airport,15:00,140
364,Ford Fusion,Standard,2019-03-11,Chicago,2019-03-08,Chicago Union Station,13:00,84
365,Nissan Sentra,Standard,2019-03-11,Chicago,2019-03-08,Chicago Union Station,13:00,84
366,Honda Accord,Standard,2019-03-11,Chicago,2019-03-08,O'Hare International Airport,12:30,84
367,Nissan Altima,Standard,2019-03-11,Chicago,2019-03-08,O'Hare International Airport,12:30,108
368,Toyota Prius,Standard,2019-03-11,Chicago,2019-03-08,O'Hare International Airport,12:30,105
369,Nissan Sentra,Standard,2019-03-11,,2019-03-08,Chicago Union Station,13:00,84
370,Ford Fusion,Standard,2019-03-14,Philadelphia,2019-03-08,PHL International Airport,18:00,156
371,Nissan Altima,Standard,2019-03-14,Philadelphia,2019-03-08,Intercity Terminal,18:00,204
372,Chevrolet Cruze,Standard,2019-03-06,Mexico City,2019-03-04,Estacion Buenavista,16:30,40
373,Honda Civic,Standard,2019-03-06,Mexico City,2019-03-04,Estacion Buenavista,16:30,40
374,Nissan Sentra,Standard,2019-03-06,Mexico City,2019-03-04,Benito Juarez International Airport,16:30,44
375,Toyota Camry,Standard,2019-03-06,Mexico City,2019-03-04,Estacion Buenavista,16:30,44
376,Toyota Corolla,Standard,2019-03-06,Mexico City,2019-03-04,Benito Juarez International Airport,16:30,48
377,Toyota Prius,Standard,2019-03-06,Mexico City,2019-03-04,Benito Juarez International Airport,16:30,44
378,Chevrolet Cruze,Standard,2019-03-06,,2019-03-04,Estacion Buenavista,16:30,40
379,Toyota Camry,Standard,2019-03-10,Sacramento,2019-03-05,Sacramento Valley Station,11:00,160
380,Toyota Corolla,Standard,2019-03-10,Sacramento,2019-03-05,Sacramento Valley Station,11:00,180
381,Honda CR-V,Full-size,2019-03-10,Sacramento,2019-03-05,Sacramento Valley Station,11:00,195
382,Nissan Rogue,Full-size,2019-03-10,Sacramento,2019-03-05,Sacramento Valley Station,11:00,235
383,Honda CR-V,Full-size,2019-03-10,Sacramento,2019-03-09,Sacramento Valley Station,11:00,40
384,Nissan Rogue,Full-size,2019-03-10,Sacramento,2019-03-09,Sacramento Valley Station,11:00,47
385,Hyundai Elantra,Standard,2019-03-10,Philadelphia,2019-03-09,Intercity Terminal,19:30,29
386,Nissan Altima,Standard,2019-03-10,Philadelphia,2019-03-09,Intercity Terminal,19:30,34
387,Toyota Corolla,Standard,2019-03-10,Philadelphia,2019-03-09,Intercity Terminal,19:30,28
388,Toyota Prius,Standard,2019-03-10,Philadelphia,2019-03-09,Intercity Terminal,19:30,28
389,Nissan Altima,Standard,2019-03-10,,2019-03-09,Intercity Terminal,19:30,34
390,Chevrolet Cruze,Standard,2019-03-12,Philadelphia,2019-03-08,PHL International Airport,17:00,144
391,Ford Fusion,Standard,2019-03-12,Philadelphia,2019-03-08,PHL International Airport,17:00,132
392,Honda Civic,Standard,2019-03-12,Philadelphia,2019-03-08,PHL International Airport,17:00,128
393,Hyundai Elantra,Standard,2019-03-12,Philadelphia,2019-03-08,Intercity Terminal,17:00,116
394,Nissan Altima,Standard,2019-03-12,Philadelphia,2019-03-08,30th Street Station,17:00,120
395,Nissan Sentra,Standard,2019-03-12,Philadelphia,2019-03-08,30th Street Station,17:00,116
396,Toyota Corolla,Standard,2019-03-12,Philadelphia,2019-03-08,Intercity Terminal,17:00,124
397,Toyota Prius,Standard,2019-03-12,Philadelphia,2019-03-08,Intercity Terminal,17:00,132
398,Hyundai Elantra,Standard,2019-03-12,Philadelphia,2019-03-08,Intercity Terminal,09:00,116
399,Nissan Altima,Standard,2019-03-12,Philadelphia,2019-03-08,Intercity Terminal,09:00,128
400,Toyota Corolla,Standard,2019-03-12,Philadelphia,2019-03-08,Intercity Terminal,09:00,124
401,Toyota Prius,Standard,2019-03-12,Philadelphia,2019-03-08,Intercity Terminal,09:00,132
402,Hyundai Elantra,Standard,2019-03-12,,2019-03-08,Intercity Terminal,09:00,116
403,Chevrolet Cruze,Standard,2019-03-09,Paris,2019-03-05,Charles de Gaulle International Airport,17:00,124
404,Honda Accord,Standard,2019-03-09,Paris,2019-03-05,Charles de Gaulle International Airport,17:00,156
405,Nissan Sentra,Standard,2019-03-09,Paris,2019-03-05,Charles de Gaulle International Airport,17:00,136
406,Toyota Prius,Standard,2019-03-09,Paris,2019-03-05,Charles de Gaulle International Airport,17:00,132
407,Nissan Sentra,Standard,2019-03-09,,2019-03-05,Charles de Gaulle International Airport,17:00,136
408,Chevrolet Cruze,Standard,2019-03-13,San Francisco,2019-03-10,SFO International Airport,16:30,102
409,Ford Fusion,Standard,2019-03-13,San Francisco,2019-03-10,SFO International Airport,16:30,99
410,Honda Civic,Standard,2019-03-13,San Francisco,2019-03-10,Salesforce Transit Center,16:30,84
411,Nissan Altima,Standard,2019-03-13,San Francisco,2019-03-10,SFO International Airport,16:30,99
412,Nissan Sentra,Standard,2019-03-13,San Francisco,2019-03-10,Salesforce Transit Center,16:30,90
413,Toyota Prius,Standard,2019-03-13,San Francisco,2019-03-10,SFO International Airport,16:30,123
414,Chevrolet Bolt,Compact,2019-03-14,San Francisco,2019-03-10,Salesforce Transit Center,16:30,88
415,Kia Forte,Compact,2019-03-14,San Francisco,2019-03-10,SFO International Airport,16:30,120
416,Mini Cooper,Compact,2019-03-14,San Francisco,2019-03-10,SFO International Airport,16:30,88
417,Nissan Leaf,Compact,2019-03-14,San Francisco,2019-03-10,SFO International Airport,16:30,128
418,Volkswagen GTI,Compact,2019-03-14,San Francisco,2019-03-10,SFO International Airport,16:30,96
419,Chevrolet Bolt,Compact,2019-03-14,,2019-03-10,Salesforce Transit Center,16:30,88
420,Chevrolet Cruze,Standard,2019-03-10,London,2019-03-06,Heathrow International Airport,16:30,120
421,Honda Accord,Standard,2019-03-10,London,2019-03-06,Gatwick International Airport,16:30,156
422,Hyundai Elantra,Standard,2019-03-10,London,2019-03-06,Heathrow International Airport,16:30,132
423,Nissan Altima,Standard,2019-03-10,London,2019-03-06,Heathrow International Airport,16:30,136
424,Toyota Prius,Standard,2019-03-10,London,2019-03-06,Heathrow International Airport,16:30,116
425,Hyundai Elantra,Standard,2019-03-10,,2019-03-06,Heathrow International Airport,16:30,132
426,Chevrolet Bolt,Compact,2019-03-12,Chicago,2019-03-08,Chicago Union Station,15:00,108
427,Kia Forte,Compact,2019-03-12,Chicago,2019-03-08,O'Hare International Airport,15:00,108
428,Mini Cooper,Compact,2019-03-12,Chicago,2019-03-08,O'Hare International Airport,15:00,104
429,Nissan Leaf,Compact,2019-03-12,Chicago,2019-03-08,Chicago Union Station,15:00,108
430,Volkswagen Golf,Compact,2019-03-12,Chicago,2019-03-08,Chicago Union Station,15:00,100
431,Kia Forte,Compact,2019-03-12,,2019-03-08,O'Hare International Airport,15:00,108
432,Honda Accord,Standard,2019-03-12,Phoenix,2019-03-09,Sky Harbor International Airport,15:00,87
433,Toyota Camry,Standard,2019-03-12,Phoenix,2019-03-09,Sky Harbor International Airport,15:00,117
434,Toyota Prius,Standard,2019-03-12,Phoenix,2019-03-09,Sky Harbor International Airport,15:00,111
435,Honda Accord,Standard,2019-03-12,,2019-03-09,Sky Harbor International Airport,15:00,87
436,Chevrolet Bolt,Compact,2019-03-09,New York,2019-03-04,Port Authority Station,12:30,130
437,Honda Fit,Compact,2019-03-09,New York,2019-03-04,Grand Central Station,12:30,120
438,Kia Forte,Compact,2019-03-09,New York,2019-03-04,JFK International Airport,12:30,140
439,Mini Cooper,Compact,2019-03-09,New York,2019-03-04,JFK International Airport,12:30,150
440,Nissan Leaf,Compact,2019-03-09,New York,2019-03-04,Port Authority Station,12:30,140
441,Volkswagen Golf,Compact,2019-03-09,New York,2019-03-04,Port Authority Station,12:30,120
442,Chevrolet Cruze,Standard,2019-03-10,Philadelphia,2019-03-08,PHL International Airport,17:00,70
443,Ford Fusion,Standard,2019-03-10,Philadelphia,2019-03-08,PHL International Airport,17:00,72
444,Honda Civic,Standard,2019-03-10,Philadelphia,2019-03-08,PHL International Airport,17:00,62
445,Hyundai Elantra,Standard,2019-03-10,Philadelphia,2019-03-08,Intercity Terminal,17:00,62
446,Nissan Altima,Standard,2019-03-10,Philadelphia,2019-03-08,30th Street Station,17:00,60
447,Nissan Sentra,Standard,2019-03-10,Philadelphia,2019-03-08,30th Street Station,17:00,52
448,Toyota Corolla,Standard,2019-03-10,Philadelphia,2019-03-08,Intercity Terminal,17:00,78
449,Toyota Prius,Standard,2019-03-10,Philadelphia,2019-03-08,Intercity Terminal,17:00,62
450,Honda Accord,Standard,2019-03-07,Washington,2019-03-03,Union Station,16:30,124
451,Honda Civic,Standard,2019-03-07,Washington,2019-03-03,Union Station,16:30,140
452,Toyota Camry,Standard,2019-03-07,Washington,2019-03-03,Dulles International Airport,16:30,140
453,Toyota Prius,Standard,2019-03-07,Washington,2019-03-03,Dulles International Airport,16:30,120
454,Honda Accord,Standard,2019-03-07,,2019-03-03,Union Station,16:30,124
455,Honda Fit,Compact,2019-03-06,Mexico City,2019-03-05,Benito Juarez International Airport,17:00,17
456,Kia Forte,Compact,2019-03-06,Mexico City,2019-03-05,Benito Juarez International Airport,17:00,17
457,Mini Cooper,Compact,2019-03-06,Mexico City,2019-03-05,Benito Juarez International Airport,17:00,20
458,Volkswagen Golf,Compact,2019-03-06,Mexico City,2019-03-05,Benito Juarez International Airport,17:00,19
459,Honda Fit,Compact,2019-03-06,,2019-03-05,Benito Juarez International Airport,17:00,17
460,Chevrolet Cruze,Standard,2019-03-14,Los Angeles,2019-03-11,Union Station,16:30,102
461,Ford Fusion,Standard,2019-03-14,Los Angeles,2019-03-11,LAX International Airport,16:30,105
462,Honda Civic,Standard,2019-03-14,Los Angeles,2019-03-11,Union Station,16:30,99
463,Hyundai Elantra,Standard,2019-03-14,Los Angeles,2019-03-11,LAX International Airport,16:30,114
464,Toyota Camry,Standard,2019-03-14,Los Angeles,2019-03-11,LAX International Airport,16:30,99
465,Toyota Corolla,Standard,2019-03-14,Los Angeles,2019-03-11,LAX International Airport,16:30,93
466,Chevrolet Cruze,Standard,2019-03-12,Los Angeles,2019-03-11,Union Station,16:30,26
467,Ford Fusion,Standard,2019-03-12,Los Angeles,2019-03-11,LAX International Airport,16:30,33
468,Honda Civic,Standard,2019-03-12,Los Angeles,2019-03-11,Union Station,16:30,30
469,Hyundai Elantra,Standard,2019-03-12,Los Angeles,2019-03-11,LAX International Airport,16:30,32
470,Toyota Camry,Standard,2019-03-12,Los Angeles,2019-03-11,LAX International Airport,16:30,31
471,Chevrolet Cruze,Standard,2019-03-12,Portland,2019-03-11,PDX International Airport,16:30,27
472,Ford Fusion,Standard,2019-03-12,Portland,2019-03-11,Union Station,16:30,26
473,Honda Accord,Standard,2019-03-12,Portland,2019-03-11,PDX International Airport,16:30,35
474,Honda Civic,Standard,2019-03-12,Portland,2019-03-11,PDX International Airport,16:30,37
475,Nissan Sentra,Standard,2019-03-12,Portland,2019-03-11,Portland Bus Station,16:30,30
476,Toyota Camry,Standard,2019-03-12,Portland,2019-03-11,Portland Bus Station,16:30,24
477,Chevrolet Cruze,Standard,2019-03-14,Vancouver,2019-03-12,Pacific Central Station,14:00,60
478,Honda Accord,Standard,2019-03-14,Vancouver,2019-03-12,YVR International Airport,14:00,70
479,Hyundai Elantra,Standard,2019-03-14,Vancouver,2019-03-12,YVR International Airport,14:00,76
480,Nissan Altima,Standard,2019-03-14,Vancouver,2019-03-12,YVR International Airport,14:00,64
481,Nissan Sentra,Standard,2019-03-14,Vancouver,2019-03-12,Pacific Central Station,14:00,58
482,Toyota Corolla,Standard,2019-03-14,Vancouver,2019-03-12,YVR International Airport,14:00,70
483,Toyota Prius,Standard,2019-03-14,Vancouver,2019-03-12,Pacific Central Station,14:00,62
484,Chevrolet Cruze,Standard,2019-03-13,Atlanta,2019-03-07,Hartsfield-Jackson International Airport,16:30,210
485,Nissan Sentra,Standard,2019-03-13,Atlanta,2019-03-07,Peachtree Station,16:30,180
486,Chevrolet Cruze,Standard,2019-03-13,,2019-03-07,Hartsfield-Jackson International Airport,16:30,210
487,Chevrolet Cruze,Standard,2019-03-09,Portland,2019-03-04,PDX International Airport,15:00,190
488,Ford Fusion,Standard,2019-03-09,Portland,2019-03-04,Union Station,15:00,130
489,Honda Accord,Standard,2019-03-09,Portland,2019-03-04,PDX International Airport,15:00,135
490,Honda Civic,Standard,2019-03-09,Portland,2019-03-04,PDX International Airport,15:00,180
491,Nissan Sentra,Standard,2019-03-09,Portland,2019-03-04,Portland Bus Station,15:00,150
492,Toyota Camry,Standard,2019-03-09,Portland,2019-03-04,Portland Bus Station,15:00,145
493,Toyota Corolla,Standard,2019-03-09,Portland,2019-03-04,Union Station,15:00,155
494,Toyota Prius,Standard,2019-03-09,Portland,2019-03-04,PDX International Airport,15:00,150
495,Chevrolet Cruze,Standard,2019-03-07,Portland,2019-03-06,PDX International Airport,15:00,31
496,Ford Fusion,Standard,2019-03-07,Portland,2019-03-06,Union Station,15:00,34
497,Honda Accord,Standard,2019-03-07,Portland,2019-03-06,PDX International Airport,15:00,28
498,Honda Civic,Standard,2019-03-07,Portland,2019-03-06,PDX International Airport,15:00,37
499,Nissan Sentra,Standard,2019-03-07,Portland,2019-03-06,Portland Bus Station,15:00,32
500,Toyota Camry,Standard,2019-03-07,Portland,2019-03-06,Portland Bus Station,15:00,28
501,Toyota Corolla,Standard,2019-03-07,Portland,2019-03-06,Union Station,15:00,29
502,Toyota Prius,Standard,2019-03-07,Portland,2019-03-06,PDX International Airport,15:00,32
503,Honda Accord,Standard,2019-03-07,,2019-03-06,PDX International Airport,15:00,28
504,Honda Accord,Standard,2019-03-07,New York,2019-03-05,Grand Central Station,13:30,64
505,Honda Civic,Standard,2019-03-07,New York,2019-03-05,JFK International Airport,13:30,56
506,Hyundai Elantra,Standard,2019-03-07,New York,2019-03-05,Port Authority Station,13:30,60
507,Nissan Altima,Standard,2019-03-07,New York,2019-03-05,Port Authority Station,13:30,64
508,Toyota Camry,Standard,2019-03-07,New York,2019-03-05,JFK International Airport,13:30,72
509,Toyota Corolla,Standard,2019-03-07,New York,2019-03-05,Grand Central Station,13:30,64
510,Toyota Prius,Standard,2019-03-07,New York,2019-03-05,Port Authority Station,13:30,64
511,Hyundai Elantra,Standard,2019-03-07,New York,2019-03-01,Port Authority Station,13:30,174
512,Nissan Altima,Standard,2019-03-07,New York,2019-03-01,Port Authority Station,13:30,162
513,Toyota Camry,Standard,2019-03-07,New York,2019-03-01,JFK International Airport,13:30,186
514,Toyota Corolla,Standard,2019-03-07,New York,2019-03-01,JFK International Airport,13:30,204
515,Toyota Prius,Standard,2019-03-07,New York,2019-03-01,Port Authority Station,13:30,156
516,Nissan Altima,Standard,2019-03-07,,2019-03-01,Port Authority Station,13:30,162
517,Honda Civic,Standard,2019-03-11,Los Angeles,2019-03-06,Union Station,12:30,150
518,Ford Fusion,Standard,2019-03-11,Los Angeles,2019-03-06,LAX International Airport,13:00,165
519,Hyundai Elantra,Standard,2019-03-11,Los Angeles,2019-03-06,LAX International Airport,13:00,160
520,Toyota Camry,Standard,2019-03-11,Los Angeles,2019-03-06,LAX International Airport,13:00,185
521,Toyota Corolla,Standard,2019-03-11,Los Angeles,2019-03-06,LAX International Airport,13:00,175
522,Honda Civic,Standard,2019-03-05,Las Vegas,2019-03-02,McCarran International Airport,13:30,96
523,Hyundai Elantra,Standard,2019-03-05,Las Vegas,2019-03-02,McCarran International Airport,13:30,96
524,Nissan Sentra,Standard,2019-03-05,Las Vegas,2019-03-02,McCarran International Airport,13:30,108
525,Toyota Prius,Standard,2019-03-05,Las Vegas,2019-03-02,McCarran International Airport,13:30,102
526,Honda Civic,Standard,2019-03-05,,2019-03-02,McCarran International Airport,13:30,96
527,Ford Fusion,Standard,2019-03-09,Delhi,2019-03-04,Indira Gandhi International Airport,10:30,175
528,Hyundai Elantra,Standard,2019-03-09,Delhi,2019-03-04,Indira Gandhi International Airport,10:30,165
529,Ford Escape,Full-size,2019-03-09,Delhi,2019-03-04,Indira Gandhi International Airport,17:00,230
530,Subaru Forester,Full-size,2019-03-09,Delhi,2019-03-04,Indira Gandhi International Airport,17:00,220
531,Ford Escape,Full-size,2019-03-09,San Francisco,2019-03-04,SFO International Airport,17:00,235
532,Hyundai Tucson,Full-size,2019-03-09,San Francisco,2019-03-04,Salesforce Transit Center,17:00,210
533,Hyundai Tucson,Full-size,2019-03-09,,2019-03-04,Salesforce Transit Center,17:00,210
534,Honda Accord,Standard,2019-03-06,Kuala Lumpur,2019-03-03,KLIA International Airport,15:00,63
535,Honda Civic,Standard,2019-03-06,Kuala Lumpur,2019-03-03,KLIA International Airport,15:00,84
536,Hyundai Elantra,Standard,2019-03-06,Kuala Lumpur,2019-03-03,KLIA International Airport,15:00,60
537,Toyota Camry,Standard,2019-03-06,Kuala Lumpur,2019-03-03,KLIA International Airport,15:00,60
538,Chevrolet Cruze,Standard,2019-03-05,Vancouver,2019-03-03,Pacific Central Station,14:00,66
539,Honda Accord,Standard,2019-03-05,Vancouver,2019-03-03,YVR International Airport,14:00,74
540,Hyundai Elantra,Standard,2019-03-05,Vancouver,2019-03-03,YVR International Airport,14:00,64
541,Nissan Altima,Standard,2019-03-05,Vancouver,2019-03-03,YVR International Airport,14:00,72
542,Nissan Sentra,Standard,2019-03-05,Vancouver,2019-03-03,Pacific Central Station,14:00,58
543,Toyota Corolla,Standard,2019-03-05,Vancouver,2019-03-03,YVR International Airport,14:00,80
544,Toyota Prius,Standard,2019-03-05,Vancouver,2019-03-03,Pacific Central Station,14:00,62
545,Chevrolet Cruze,Standard,2019-03-05,,2019-03-03,Pacific Central Station,14:00,66
546,Ford Fusion,Standard,2019-03-04,Seattle,2019-03-01,King Street Station,17:00,93
547,Honda Civic,Standard,2019-03-04,Seattle,2019-03-01,Seattle-Tacoma International Airport,17:00,102
548,Hyundai Elantra,Standard,2019-03-04,Seattle,2019-03-01,King Street Station,17:00,69
549,Nissan Sentra,Standard,2019-03-04,Seattle,2019-03-01,Seattle-Tacoma International Airport,17:00,102
550,Toyota Prius,Standard,2019-03-04,Seattle,2019-03-01,Seattle-Tacoma International Airport,17:00,105
551,Hyundai Elantra,Standard,2019-03-04,,2019-03-01,King Street Station,17:00,69
552,Kia Forte,Compact,2019-03-09,Philadelphia,2019-03-04,PHL International Airport,19:00,140
553,Mini Cooper,Compact,2019-03-09,Philadelphia,2019-03-04,Intercity Terminal,19:00,135
554,Volkswagen GTI,Compact,2019-03-09,Philadelphia,2019-03-04,PHL International Airport,19:00,150
555,Kia Forte,Compact,2019-03-09,Philadelphia,2019-03-04,PHL International Airport,15:00,140
556,Mini Cooper,Compact,2019-03-09,Philadelphia,2019-03-04,Intercity Terminal,15:00,135
557,Nissan Leaf,Compact,2019-03-09,Philadelphia,2019-03-04,30th Street Station,15:00,115
558,Volkswagen GTI,Compact,2019-03-09,Philadelphia,2019-03-04,PHL International Airport,15:00,150
559,Volkswagen Golf,Compact,2019-03-09,Philadelphia,2019-03-04,30th Street Station,15:00,145
560,Mini Cooper,Compact,2019-03-09,,2019-03-04,Intercity Terminal,15:00,135
561,Chevrolet Cruze,Standard,2019-03-03,Portland,2019-03-01,PDX International Airport,16:30,58
562,Ford Fusion,Standard,2019-03-03,Portland,2019-03-01,Union Station,16:30,68
563,Honda Accord,Standard,2019-03-03,Portland,2019-03-01,PDX International Airport,16:30,72
564,Honda Civic,Standard,2019-03-03,Portland,2019-03-01,PDX International Airport,16:30,52
565,Nissan Sentra,Standard,2019-03-03,Portland,2019-03-01,Portland Bus Station,16:30,58
566,Toyota Camry,Standard,2019-03-03,Portland,2019-03-01,Portland Bus Station,16:30,52
567,Toyota Corolla,Standard,2019-03-03,Portland,2019-03-01,Union Station,16:30,54
568,Toyota Prius,Standard,2019-03-03,Portland,2019-03-01,PDX International Airport,16:30,60
569,Chevrolet Cruze,Standard,2019-03-03,,2019-03-01,PDX International Airport,16:30,58
570,Honda Accord,Standard,2019-03-07,Washington,2019-03-05,Union Station,14:00,70
571,Honda Civic,Standard,2019-03-07,Washington,2019-03-05,Union Station,14:00,68
572,Toyota Camry,Standard,2019-03-07,Washington,2019-03-05,Dulles International Airport,14:00,64
573,Toyota Prius,Standard,2019-03-07,Washington,2019-03-05,Dulles International Airport,14:00,84
574,Toyota Camry,Standard,2019-03-07,,2019-03-05,Dulles International Airport,14:00,64
575,Chevrolet Cruze,Standard,2019-03-03,London,2019-03-02,Heathrow International Airport,15:30,29
576,Honda Accord,Standard,2019-03-03,London,2019-03-02,Gatwick International Airport,15:30,33
577,Hyundai Elantra,Standard,2019-03-03,London,2019-03-02,Heathrow International Airport,15:30,24
578,Nissan Altima,Standard,2019-03-03,London,2019-03-02,Heathrow International Airport,15:30,28
579,Toyota Prius,Standard,2019-03-03,London,2019-03-02,Heathrow International Airport,15:30,37
580,Chevrolet Cruze,Standard,2019-03-03,London,2019-03-02,Heathrow International Airport,12:30,29
581,Honda Accord,Standard,2019-03-03,London,2019-03-02,Gatwick International Airport,12:30,33
582,Hyundai Elantra,Standard,2019-03-03,London,2019-03-02,Heathrow International Airport,12:30,24
583,Nissan Altima,Standard,2019-03-03,London,2019-03-02,Heathrow International Airport,12:30,28
584,Toyota Prius,Standard,2019-03-03,London,2019-03-02,Heathrow International Airport,12:30,37
585,Hyundai Elantra,Standard,2019-03-03,,2019-03-02,Heathrow International Airport,12:30,24
586,Chevrolet Cruze,Standard,2019-03-08,Philadelphia,2019-03-07,PHL International Airport,13:00,30
587,Ford Fusion,Standard,2019-03-08,Philadelphia,2019-03-07,PHL International Airport,13:00,32
588,Honda Civic,Standard,2019-03-08,Philadelphia,2019-03-07,PHL International Airport,13:00,39
589,Hyundai Elantra,Standard,2019-03-08,Philadelphia,2019-03-07,Intercity Terminal,12:30,35
590,Nissan Altima,Standard,2019-03-08,Philadelphia,2019-03-07,30th Street Station,12:30,29
591,Nissan Sentra,Standard,2019-03-08,Philadelphia,2019-03-07,30th Street Station,12:30,27
592,Toyota Corolla,Standard,2019-03-08,Philadelphia,2019-03-07,Intercity Terminal,12:30,27
593,Toyota Prius,Standard,2019-03-08,Philadelphia,2019-03-07,Intercity Terminal,12:30,27
594,Chevrolet Cruze,Standard,2019-03-08,,2019-03-07,PHL International Airport,13:00,30
595,Ford Fusion,Standard,2019-03-14,Los Angeles,2019-03-08,LAX International Airport,13:00,186
596,Hyundai Elantra,Standard,2019-03-14,Los Angeles,2019-03-08,LAX International Airport,13:00,192
597,Toyota Camry,Standard,2019-03-14,Los Angeles,2019-03-08,LAX International Airport,13:00,198
598,Toyota Corolla,Standard,2019-03-14,Los Angeles,2019-03-08,LAX International Airport,13:00,228
599,Ford Fusion,Standard,2019-03-14,Los Angeles,2019-03-08,LAX International Airport,18:00,186
600,Hyundai Elantra,Standard,2019-03-14,Los Angeles,2019-03-08,LAX International Airport,18:00,192
601,Toyota Camry,Standard,2019-03-14,Los Angeles,2019-03-08,LAX International Airport,18:00,198
602,Ford Fusion,Standard,2019-03-07,Seattle,2019-03-05,King Street Station,15:00,56
603,Honda Civic,Standard,2019-03-07,Seattle,2019-03-05,Seattle-Tacoma International Airport,15:00,60
604,Hyundai Elantra,Standard,2019-03-07,Seattle,2019-03-05,King Street Station,15:00,64
605,Nissan Sentra,Standard,2019-03-07,Seattle,2019-03-05,Seattle-Tacoma International Airport,15:00,70
606,Toyota Prius,Standard,2019-03-07,Seattle,2019-03-05,Seattle-Tacoma International Airport,15:00,70
607,Ford Fusion,Standard,2019-03-07,,2019-03-05,King Street Station,15:00,56
608,Chevrolet Cruze,Standard,2019-03-02,Mexico City,2019-03-01,Estacion Buenavista,15:30,19
609,Honda Civic,Standard,2019-03-02,Mexico City,2019-03-01,Estacion Buenavista,15:30,17
610,Nissan Sentra,Standard,2019-03-02,Mexico City,2019-03-01,Benito Juarez International Airport,15:30,23
611,Toyota Camry,Standard,2019-03-02,Mexico City,2019-03-01,Estacion Buenavista,15:30,20
612,Toyota Corolla,Standard,2019-03-02,Mexico City,2019-03-01,Benito Juarez International Airport,15:30,21
613,Toyota Prius,Standard,2019-03-02,Mexico City,2019-03-01,Benito Juarez International Airport,15:30,23
614,Chevrolet Cruze,Standard,2019-03-02,,2019-03-01,Estacion Buenavista,15:30,19
615,Chevrolet Equinox,Full-size,2019-03-10,Chicago,2019-03-05,Chicago Union Station,14:00,195
616,Honda CR-V,Full-size,2019-03-10,Chicago,2019-03-05,O'Hare International Airport,14:00,210
617,Toyota RAV4,Full-size,2019-03-10,Chicago,2019-03-05,O'Hare International Airport,14:00,215
618,Chevrolet Equinox,Full-size,2019-03-06,Chicago,2019-03-03,Chicago Union Station,14:00,120
619,Honda CR-V,Full-size,2019-03-06,Chicago,2019-03-03,O'Hare International Airport,14:00,135
620,Chevrolet Cruze,Standard,2019-03-14,Fresno,2019-03-07,Fresno Station,16:30,175
621,Nissan Sentra,Standard,2019-03-14,Fresno,2019-03-07,Fresno Yosemite International Airport,16:30,224
622,Chevrolet Bolt,Compact,2019-03-08,Fresno,2019-03-07,Fresno Yosemite International Airport,16:30,34
623,Honda Fit,Compact,2019-03-08,Fresno,2019-03-07,Fresno Yosemite International Airport,16:30,29
624,Kia Forte,Compact,2019-03-08,Fresno,2019-03-07,Fresno Yosemite International Airport,16:30,24
625,Mini Cooper,Compact,2019-03-08,Fresno,2019-03-07,Fresno Station,16:30,24
626,Chevrolet Cruze,Standard,2019-03-12,Mexico City,2019-03-08,Estacion Buenavista,15:00,68
627,Honda Civic,Standard,2019-03-12,Mexico City,2019-03-08,Estacion Buenavista,15:00,68
628,Nissan Sentra,Standard,2019-03-12,Mexico City,2019-03-08,Benito Juarez International Airport,15:00,104
629,Toyota Camry,Standard,2019-03-12,Mexico City,2019-03-08,Estacion Buenavista,15:00,76
630,Toyota Corolla,Standard,2019-03-12,Mexico City,2019-03-08,Benito Juarez International Airport,15:00,100
631,Toyota Prius,Standard,2019-03-12,Mexico City,2019-03-08,Benito Juarez International Airport,15:00,112
632,Chevrolet Cruze,Standard,2019-03-12,,2019-03-08,Estacion Buenavista,15:00,68
633,Honda Civic,Standard,2019-03-14,Las Vegas,2019-03-12,McCarran International Airport,15:00,68
634,Hyundai Elantra,Standard,2019-03-14,Las Vegas,2019-03-12,McCarran International Airport,15:00,54
635,Nissan Sentra,Standard,2019-03-14,Las Vegas,2019-03-12,McCarran International Airport,15:00,66
636,Toyota Prius,Standard,2019-03-14,Las Vegas,2019-03-12,McCarran International Airport,15:00,68
637,Honda Civic,Standard,2019-03-14,,2019-03-12,McCarran International Airport,15:00,68
638,Honda Accord,Standard,2019-03-07,Washington,2019-03-05,Union Station,12:30,70
639,Honda Civic,Standard,2019-03-07,Washington,2019-03-05,Union Station,12:30,68
640,Toyota Camry,Standard,2019-03-07,Washington,2019-03-05,Dulles International Airport,12:30,64
641,Toyota Prius,Standard,2019-03-07,Washington,2019-03-05,Dulles International Airport,12:30,84
642,Honda Accord,Standard,2019-03-14,Portland,2019-03-11,Portland Bus Station,19:30,90
643,Honda CR-V,Full-size,2019-03-14,Portland,2019-03-11,Portland Bus Station,19:30,150
644,Kia Forte,Compact,2019-03-14,Portland,2019-03-11,Portland Bus Station,19:30,66
645,Nissan Leaf,Compact,2019-03-14,Portland,2019-03-11,Portland Bus Station,19:30,63
646,Nissan Sentra,Standard,2019-03-14,Portland,2019-03-11,Portland Bus Station,19:30,93
647,Toyota Camry,Standard,2019-03-14,Portland,2019-03-11,Portland Bus Station,19:30,105
648,Toyota Prius,Standard,2019-03-14,Portland,2019-03-11,Portland Bus Station,19:30,93
649,Volkswagen Golf,Compact,2019-03-14,Portland,2019-03-11,Portland Bus Station,19:30,87
650,Honda Accord,Standard,2019-03-07,Kuala Lumpur,2019-03-03,KLIA International Airport,15:00,96
651,Honda Civic,Standard,2019-03-07,Kuala Lumpur,2019-03-03,KLIA International Airport,15:00,96
652,Hyundai Elantra,Standard,2019-03-07,Kuala Lumpur,2019-03-03,KLIA International Airport,15:00,80
653,Toyota Camry,Standard,2019-03-07,Kuala Lumpur,2019-03-03,KLIA International Airport,15:00,84
654,Honda Accord,Standard,2019-03-07,,2019-03-03,KLIA International Airport,15:00,96
655,Ford Fusion,Standard,2019-03-13,Chicago,2019-03-08,Chicago Union Station,14:00,165
656,Honda Accord,Standard,2019-03-13,Chicago,2019-03-08,O'Hare International Airport,14:00,170
657,Nissan Altima,Standard,2019-03-13,Chicago,2019-03-08,O'Hare International Airport,14:00,170
658,Nissan Sentra,Standard,2019-03-13,Chicago,2019-03-08,Chicago Union Station,14:00,160
659,Toyota Prius,Standard,2019-03-13,Chicago,2019-03-08,O'Hare International Airport,14:00,190
660,Ford Fusion,Standard,2019-03-13,Chicago,2019-03-12,Chicago Union Station,14:00,31
661,Honda Accord,Standard,2019-03-13,Chicago,2019-03-12,O'Hare International Airport,14:00,31
662,Nissan Altima,Standard,2019-03-13,Chicago,2019-03-12,O'Hare International Airport,14:00,36
663,Nissan Sentra,Standard,2019-03-13,Chicago,2019-03-12,Chicago Union Station,14:00,33
664,Toyota Prius,Standard,2019-03-13,Chicago,2019-03-12,O'Hare International Airport,14:00,31
665,Nissan Altima,Standard,2019-03-13,,2019-03-12,O'Hare International Airport,14:00,36
666,Ford Fusion,Standard,2019-03-10,Delhi,2019-03-06,Indira Gandhi International Airport,13:30,128
667,Honda Accord,Standard,2019-03-10,Delhi,2019-03-06,Indira Gandhi International Airport,13:30,128
668,Hyundai Elantra,Standard,2019-03-10,Delhi,2019-03-06,Indira Gandhi International Airport,13:30,132
669,Ford Fusion,Standard,2019-03-10,,2019-03-06,Indira Gandhi International Airport,13:30,128
670,Honda Accord,Standard,2019-03-14,Vancouver,2019-03-11,YVR International Airport,11:00,99
671,Hyundai Elantra,Standard,2019-03-14,Vancouver,2019-03-11,YVR International Airport,11:00,102
672,Nissan Altima,Standard,2019-03-14,Vancouver,2019-03-11,YVR International Airport,11:00,105
673,Toyota Corolla,Standard,2019-03-14,Vancouver,2019-03-11,YVR International Airport,11:00,108
674,Nissan Altima,Standard,2019-03-14,,2019-03-11,YVR International Airport,11:00,105
675,Chevrolet Cruze,Standard,2019-03-13,Long Beach,2019-03-10,LGB Airport,13:30,96
676,Ford Fusion,Standard,2019-03-13,Long Beach,2019-03-10,Downtown Station,13:30,96
677,Honda Accord,Standard,2019-03-13,Long Beach,2019-03-10,LGB Airport,13:30,87
678,Toyota Corolla,Standard,2019-03-13,Long Beach,2019-03-10,LGB Airport,13:30,102
679,Toyota Prius,Standard,2019-03-13,Long Beach,2019-03-10,Downtown Station,13:30,84
680,Ford Fusion,Standard,2019-03-13,,2019-03-10,Downtown Station,13:30,96
681,Chevrolet Cruze,Standard,2019-03-14,Anaheim,2019-03-07,John Wayne Airport,10:30,224
682,Ford Fusion,Standard,2019-03-14,Anaheim,2019-03-07,John Wayne Airport,10:30,301
683,Honda Fit,Compact,2019-03-14,Anaheim,2019-03-07,Anaheim Intermodal Center,10:30,154
684,Nissan Altima,Standard,2019-03-14,Anaheim,2019-03-07,John Wayne Airport,10:30,252
685,Nissan Leaf,Compact,2019-03-14,Anaheim,2019-03-07,Anaheim Intermodal Center,10:30,189
686,Nissan Rogue,Full-size,2019-03-14,Anaheim,2019-03-07,Anaheim Intermodal Center,10:30,252
687,Ford Fusion,Standard,2019-03-14,,2019-03-07,John Wayne Airport,10:30,301
688,Chevrolet Cruze,Standard,2019-03-07,San Francisco,2019-03-03,SFO International Airport,19:30,148
689,Ford Fusion,Standard,2019-03-07,San Francisco,2019-03-03,SFO International Airport,19:30,124
690,Nissan Altima,Standard,2019-03-07,San Francisco,2019-03-03,SFO International Airport,19:30,128
691,Toyota Prius,Standard,2019-03-07,San Francisco,2019-03-03,SFO International Airport,19:30,124
692,Chevrolet Cruze,Standard,2019-03-07,,2019-03-03,SFO International Airport,19:30,148
693,Ford Fusion,Standard,2019-03-05,Chicago,2019-03-01,Chicago Union Station,13:00,116
694,Nissan Sentra,Standard,2019-03-05,Chicago,2019-03-01,Chicago Union Station,13:00,128
695,Honda Accord,Standard,2019-03-05,Chicago,2019-03-01,O'Hare International Airport,12:30,144
696,Nissan Altima,Standard,2019-03-05,Chicago,2019-03-01,O'Hare International Airport,12:30,144
697,Toyota Prius,Standard,2019-03-05,Chicago,2019-03-01,O'Hare International Airport,12:30,144
698,Honda Accord,Standard,2019-03-05,,2019-03-01,O'Hare International Airport,12:30,144
699,Chevrolet Cruze,Standard,2019-03-09,Los Angeles,2019-03-05,Union Station,12:00,112
700,Honda Civic,Standard,2019-03-09,Los Angeles,2019-03-05,Union Station,12:00,116
701,Hyundai Elantra,Standard,2019-03-09,Los Angeles,2019-03-05,Union Station,12:00,124
702,Toyota Corolla,Standard,2019-03-09,Los Angeles,2019-03-05,Union Station,12:00,140
703,Chevrolet Cruze,Standard,2019-03-09,,2019-03-05,Union Station,12:00,112
704,Chevrolet Cruze,Standard,2019-03-05,Mexico City,2019-03-04,Estacion Buenavista,11:00,17
705,Honda Civic,Standard,2019-03-05,Mexico City,2019-03-04,Estacion Buenavista,11:00,17
706,Toyota Camry,Standard,2019-03-05,Mexico City,2019-03-04,Estacion Buenavista,11:00,18
707,Toyota Prius,Standard,2019-03-05,Mexico City,2019-03-04,Estacion Buenavista,11:00,19
708,Chevrolet Cruze,Standard,2019-03-05,Anaheim,2019-03-04,John Wayne Airport,11:00,31
709,Ford Fusion,Standard,2019-03-05,Anaheim,2019-03-04,John Wayne Airport,11:00,34
710,Honda Accord,Standard,2019-03-05,Anaheim,2019-03-04,John Wayne Airport,11:00,38
711,Hyundai Elantra,Standard,2019-03-05,Anaheim,2019-03-04,Anaheim Intermodal Center,11:00,28
712,Nissan Altima,Standard,2019-03-05,Anaheim,2019-03-04,John Wayne Airport,11:00,30
713,Toyota Camry,Standard,2019-03-05,Anaheim,2019-03-04,Anaheim Intermodal Center,11:00,31
714,Ford Fusion,Standard,2019-03-05,,2019-03-04,John Wayne Airport,11:00,34
715,Honda Accord,Standard,2019-03-05,Phoenix,2019-03-03,Sky Harbor International Airport,18:00,66
716,Toyota Camry,Standard,2019-03-05,Phoenix,2019-03-03,Sky Harbor International Airport,18:00,58
717,Toyota Prius,Standard,2019-03-05,Phoenix,2019-03-03,Sky Harbor International Airport,18:00,56
718,Chevrolet Bolt,Compact,2019-03-05,Phoenix,2019-03-03,Phoenix Union Station,18:00,48
719,Honda Fit,Compact,2019-03-05,Phoenix,2019-03-03,Phoenix Union Station,18:00,56
720,Mini Cooper,Compact,2019-03-05,Phoenix,2019-03-03,Sky Harbor International Airport,18:00,62
721,Nissan Leaf,Compact,2019-03-05,Phoenix,2019-03-03,Sky Harbor International Airport,18:00,52
722,Volkswagen GTI,Compact,2019-03-05,Phoenix,2019-03-03,Sky Harbor International Airport,18:00,64
723,Honda Fit,Compact,2019-03-05,,2019-03-03,Phoenix Union Station,18:00,56
724,Chevrolet Bolt,Compact,2019-03-09,Paris,2019-03-08,Charles de Gaulle International Airport,17:00,30
725,Honda Fit,Compact,2019-03-09,Paris,2019-03-08,Charles de Gaulle International Airport,17:00,24
726,Mini Cooper,Compact,2019-03-09,Paris,2019-03-08,Charles de Gaulle International Airport,17:00,28
727,Nissan Leaf,Compact,2019-03-09,Paris,2019-03-08,Charles de Gaulle International Airport,17:00,29
728,Chevrolet Bolt,Compact,2019-03-09,,2019-03-08,Charles de Gaulle International Airport,17:00,30
729,Kia Forte,Compact,2019-03-07,San Francisco,2019-03-02,SFO International Airport,09:00,135
730,Volkswagen GTI,Compact,2019-03-07,San Francisco,2019-03-02,SFO International Airport,09:00,140
731,Kia Forte,Compact,2019-03-07,,2019-03-02,SFO International Airport,09:00,135
732,Chevrolet Cruze,Standard,2019-03-11,Long Beach,2019-03-06,LGB Airport,18:00,175
733,Ford Fusion,Standard,2019-03-11,Long Beach,2019-03-06,Downtown Station,18:00,140
734,Honda Accord,Standard,2019-03-11,Long Beach,2019-03-06,LGB Airport,18:00,160
735,Toyota Prius,Standard,2019-03-11,Long Beach,2019-03-06,Downtown Station,18:00,175
736,Chevrolet Cruze,Standard,2019-03-11,Long Beach,2019-03-06,LGB Airport,12:30,175
737,Honda Accord,Standard,2019-03-11,Long Beach,2019-03-06,LGB Airport,12:30,160
738,Ford Fusion,Standard,2019-03-11,Long Beach,2019-03-06,Downtown Station,13:00,140
739,Toyota Prius,Standard,2019-03-11,Long Beach,2019-03-06,Downtown Station,13:00,175
740,Honda Accord,Standard,2019-03-11,,2019-03-06,LGB Airport,12:30,160
741,Chevrolet Cruze,Standard,2019-03-07,Sydney,2019-03-03,Kingsford Smith International Airport,12:30,116
742,Ford Fusion,Standard,2019-03-07,Sydney,2019-03-03,Kingsford Smith International Airport,12:30,112
743,Hyundai Elantra,Standard,2019-03-07,Sydney,2019-03-03,Kingsford Smith International Airport,12:30,116
744,Toyota Corolla,Standard,2019-03-07,Sydney,2019-03-03,Kingsford Smith International Airport,12:30,124
745,Chevrolet Cruze,Standard,2019-03-07,,2019-03-03,Kingsford Smith International Airport,12:30,116
746,Ford Fusion,Standard,2019-03-14,Los Angeles,2019-03-09,LAX International Airport,14:00,175
747,Honda Civic,Standard,2019-03-14,Los Angeles,2019-03-09,Union Station,14:00,145
748,Hyundai Elantra,Standard,2019-03-14,Los Angeles,2019-03-09,LAX International Airport,14:00,165
749,Toyota Corolla,Standard,2019-03-14,Los Angeles,2019-03-09,LAX International Airport,14:00,170
750,Chevrolet Bolt,Compact,2019-03-11,Los Angeles,2019-03-09,LAX International Airport,14:00,54
751,Chevrolet Cruze,Standard,2019-03-11,Los Angeles,2019-03-09,Union Station,14:00,68
752,Chevrolet Equinox,Full-size,2019-03-11,Los Angeles,2019-03-09,LAX International Airport,14:00,96
753,Ford Fusion,Standard,2019-03-11,Los Angeles,2019-03-09,LAX International Airport,14:00,78
754,Honda Civic,Standard,2019-03-11,Los Angeles,2019-03-09,Union Station,14:00,58
755,Honda Fit,Compact,2019-03-11,Los Angeles,2019-03-09,LAX International Airport,14:00,52
756,Hyundai Elantra,Standard,2019-03-11,Los Angeles,2019-03-09,LAX International Airport,14:00,64
757,Jeep Cherokee,Full-size,2019-03-11,Los Angeles,2019-03-09,LAX International Airport,14:00,102
758,Subaru Forester,Full-size,2019-03-11,Los Angeles,2019-03-09,LAX International Airport,14:00,82
759,Chevrolet Bolt,Compact,2019-03-11,,2019-03-09,LAX International Airport,14:00,54
760,Honda Accord,Standard,2019-03-11,San Diego,2019-03-09,Santa Fe Depot,18:30,58
761,Honda Civic,Standard,2019-03-11,San Diego,2019-03-09,Santa Fe Depot,18:30,60
762,Nissan Sentra,Standard,2019-03-11,San Diego,2019-03-09,Santa Fe Depot,18:30,68
763,Honda Accord,Standard,2019-03-11,,2019-03-09,Santa Fe Depot,18:30,58
764,Chevrolet Bolt,Compact,2019-03-13,New York,2019-03-09,Port Authority Station,12:30,108
765,Honda Fit,Compact,2019-03-13,New York,2019-03-09,Grand Central Station,12:30,100
766,Kia Forte,Compact,2019-03-13,New York,2019-03-09,Port Authority Station,12:30,108
767,Mini Cooper,Compact,2019-03-13,New York,2019-03-09,JFK International Airport,12:30,120
768,Nissan Leaf,Compact,2019-03-13,New York,2019-03-09,Port Authority Station,12:30,112
769,Volkswagen Golf,Compact,2019-03-13,New York,2019-03-09,Port Authority Station,12:30,104
770,Honda Accord,Standard,2019-03-13,New York,2019-03-09,Grand Central Station,12:30,104
771,Honda Civic,Standard,2019-03-13,New York,2019-03-09,JFK International Airport,12:30,120
772,Hyundai Elantra,Standard,2019-03-13,New York,2019-03-09,Port Authority Station,12:30,116
773,Nissan Altima,Standard,2019-03-13,New York,2019-03-09,Port Authority Station,12:30,96
774,Toyota Camry,Standard,2019-03-13,New York,2019-03-09,JFK International Airport,12:30,136
775,Toyota Corolla,Standard,2019-03-13,New York,2019-03-09,Grand Central Station,12:30,136
776,Toyota Prius,Standard,2019-03-13,New York,2019-03-09,Port Authority Station,12:30,116
777,Honda Accord,Standard,2019-03-13,,2019-03-09,Grand Central Station,12:30,104
778,Chevrolet Cruze,Standard,2019-03-07,Philadelphia,2019-03-04,PHL International Airport,16:30,96
779,Ford Fusion,Standard,2019-03-07,Philadelphia,2019-03-04,PHL International Airport,16:30,81
780,Honda Civic,Standard,2019-03-07,Philadelphia,2019-03-04,PHL International Airport,16:30,96
781,Hyundai Elantra,Standard,2019-03-07,Philadelphia,2019-03-04,Intercity Terminal,16:30,93
782,Nissan Altima,Standard,2019-03-07,Philadelphia,2019-03-04,30th Street Station,16:30,81
783,Nissan Sentra,Standard,2019-03-07,Philadelphia,2019-03-04,30th Street Station,16:30,96
784,Toyota Corolla,Standard,2019-03-07,Philadelphia,2019-03-04,Intercity Terminal,16:30,75
785,Toyota Prius,Standard,2019-03-07,Philadelphia,2019-03-04,Intercity Terminal,16:30,81
786,Chevrolet Cruze,Standard,2019-03-07,,2019-03-04,PHL International Airport,16:30,96
787,Ford Fusion,Standard,2019-03-04,Chicago,2019-03-01,Chicago Union Station,15:00,93
788,Honda Accord,Standard,2019-03-04,Chicago,2019-03-01,O'Hare International Airport,15:00,120
789,Nissan Altima,Standard,2019-03-04,Chicago,2019-03-01,O'Hare International Airport,15:00,90
790,Nissan Sentra,Standard,2019-03-04,Chicago,2019-03-01,Chicago Union Station,15:00,96
791,Toyota Prius,Standard,2019-03-04,Chicago,2019-03-01,O'Hare International Airport,15:00,90
792,Honda Accord,Standard,2019-03-04,,2019-03-01,O'Hare International Airport,15:00,120
793,Nissan Altima,Standard,2019-03-13,New York,2019-03-07,Port Authority Station,12:00,180
794,Toyota Camry,Standard,2019-03-13,New York,2019-03-07,JFK International Airport,12:00,186
795,Toyota Prius,Standard,2019-03-13,New York,2019-03-07,Port Authority Station,12:00,192
796,Nissan Altima,Standard,2019-03-13,,2019-03-07,Port Authority Station,12:00,180
797,Honda Civic,Standard,2019-03-10,New York,2019-03-03,JFK International Airport,10:30,189
798,Nissan Altima,Standard,2019-03-10,New York,2019-03-03,Port Authority Station,10:30,224
799,Toyota Corolla,Standard,2019-03-10,New York,2019-03-03,JFK International Airport,10:30,231
800,Toyota Prius,Standard,2019-03-10,New York,2019-03-03,Port Authority Station,10:30,238
801,Chevrolet Bolt,Compact,2019-03-05,New York,2019-03-03,Port Authority Station,10:30,54
802,Kia Forte,Compact,2019-03-05,New York,2019-03-03,Port Authority Station,10:30,56
803,Mini Cooper,Compact,2019-03-05,New York,2019-03-03,JFK International Airport,10:30,52
804,Nissan Leaf,Compact,2019-03-05,New York,2019-03-03,Port Authority Station,10:30,48
805,Volkswagen Golf,Compact,2019-03-05,New York,2019-03-03,Port Authority Station,10:30,50
806,Kia Forte,Compact,2019-03-05,,2019-03-03,Port Authority Station,10:30,56
807,Honda Accord,Standard,2019-03-06,New York,2019-03-02,Grand Central Station,13:30,108
808,Honda Civic,Standard,2019-03-06,New York,2019-03-02,JFK International Airport,13:30,128
809,Hyundai Elantra,Standard,2019-03-06,New York,2019-03-02,Port Authority Station,13:30,128
810,Nissan Altima,Standard,2019-03-06,New York,2019-03-02,Port Authority Station,13:30,100
811,Toyota Camry,Standard,2019-03-06,New York,2019-03-02,JFK International Airport,13:30,140
812,Toyota Corolla,Standard,2019-03-06,New York,2019-03-02,Grand Central Station,13:30,132
813,Toyota Prius,Standard,2019-03-06,New York,2019-03-02,Port Authority Station,13:30,148
814,Honda Accord,Standard,2019-03-06,New York,2019-03-02,Grand Central Station,15:00,108
815,Honda Civic,Standard,2019-03-06,New York,2019-03-02,JFK International Airport,15:00,128
816,Hyundai Elantra,Standard,2019-03-06,New York,2019-03-02,Port Authority Station,15:00,128
817,Nissan Altima,Standard,2019-03-06,New York,2019-03-02,Port Authority Station,15:00,100
818,Toyota Camry,Standard,2019-03-06,New York,2019-03-02,JFK International Airport,15:00,140
819,Toyota Corolla,Standard,2019-03-06,New York,2019-03-02,Grand Central Station,15:00,132
820,Toyota Prius,Standard,2019-03-06,New York,2019-03-02,Port Authority Station,15:00,148
821,Honda Civic,Standard,2019-03-06,,2019-03-02,JFK International Airport,15:00,128
822,Honda Accord,Standard,2019-03-14,Phoenix,2019-03-08,Sky Harbor International Airport,18:00,186
823,Toyota Prius,Standard,2019-03-14,Phoenix,2019-03-08,Phoenix Union Station,18:00,180
824,Honda Accord,Standard,2019-03-14,Phoenix,2019-03-08,Sky Harbor International Airport,15:30,186
825,Toyota Prius,Standard,2019-03-14,Phoenix,2019-03-08,Phoenix Union Station,15:30,180
826,Toyota Prius,Standard,2019-03-14,,2019-03-08,Phoenix Union Station,15:30,180
827,Chevrolet Cruze,Standard,2019-03-13,San Francisco,2019-03-09,SFO International Airport,13:30,140
828,Ford Fusion,Standard,2019-03-13,San Francisco,2019-03-09,SFO International Airport,13:30,156
829,Honda Civic,Standard,2019-03-13,San Francisco,2019-03-09,Salesforce Transit Center,13:30,112
830,Nissan Altima,Standard,2019-03-13,San Francisco,2019-03-09,SFO International Airport,13:30,136
831,Nissan Sentra,Standard,2019-03-13,San Francisco,2019-03-09,Salesforce Transit Center,13:30,112
832,Toyota Prius,Standard,2019-03-13,San Francisco,2019-03-09,SFO International Airport,13:30,152
833,Chevrolet Cruze,Standard,2019-03-13,,2019-03-09,SFO International Airport,13:30,140
834,Chevrolet Cruze,Standard,2019-03-14,Los Angeles,2019-03-12,Union Station,15:30,66
835,Ford Fusion,Standard,2019-03-14,Los Angeles,2019-03-12,LAX International Airport,15:30,58
836,Honda Civic,Standard,2019-03-14,Los Angeles,2019-03-12,Union Station,15:30,70
837,Hyundai Elantra,Standard,2019-03-14,Los Angeles,2019-03-12,LAX International Airport,15:30,66
838,Toyota Camry,Standard,2019-03-14,Los Angeles,2019-03-12,LAX International Airport,15:30,64
839,Toyota Corolla,Standard,2019-03-14,Los Angeles,2019-03-12,LAX International Airport,15:30,80
840,Chevrolet Cruze,Standard,2019-03-14,,2019-03-12,Union Station,15:30,66
841,Honda Accord,Standard,2019-03-14,New York,2019-03-08,Grand Central Station,15:00,174
842,Nissan Altima,Standard,2019-03-14,New York,2019-03-08,Port Authority Station,15:00,198
843,Toyota Corolla,Standard,2019-03-14,New York,2019-03-08,Grand Central Station,15:00,216
844,Honda Accord,Standard,2019-03-14,,2019-03-08,Grand Central Station,15:00,174
845,Honda CR-V,Full-size,2019-03-14,Portland,2019-03-10,PDX International Airport,15:30,196
846,Jeep Cherokee,Full-size,2019-03-14,Portland,2019-03-10,Union Station,15:30,188
847,Toyota RAV4,Full-size,2019-03-14,Portland,2019-03-10,PDX International Airport,15:30,188
848,Honda CR-V,Full-size,2019-03-14,Portland,2019-03-10,PDX International Airport,12:00,196
849,Jeep Cherokee,Full-size,2019-03-14,Portland,2019-03-10,Union Station,12:00,188
850,Honda CR-V,Full-size,2019-03-13,Portland,2019-03-07,Portland Bus Station,12:00,288
851,Toyota RAV4,Full-size,2019-03-13,,2019-03-07,PDX International Airport,12:00,252
852,Honda Accord,Standard,2019-03-08,New York,2019-03-04,Grand Central Station,15:30,116
853,Honda Civic,Standard,2019-03-08,New York,2019-03-04,JFK International Airport,15:30,116
854,Hyundai Elantra,Standard,2019-03-08,New York,2019-03-04,Port Authority Station,15:30,116
855,Nissan Altima,Standard,2019-03-08,New York,2019-03-04,Port Authority Station,15:30,120
856,Toyota Camry,Standard,2019-03-08,New York,2019-03-04,JFK International Airport,15:30,140
857,Toyota Corolla,Standard,2019-03-08,New York,2019-03-04,Grand Central Station,15:30,120
858,Toyota Prius,Standard,2019-03-08,New York,2019-03-04,Port Authority Station,15:30,112
859,Honda Accord,Standard,2019-03-08,,2019-03-04,Grand Central Station,15:30,116
860,Chevrolet Bolt,Compact,2019-03-14,New York,2019-03-11,Port Authority Station,12:00,69
861,Chevrolet Equinox,Full-size,2019-03-14,New York,2019-03-11,Port Authority Station,12:00,120
862,Ford Escape,Full-size,2019-03-14,New York,2019-03-11,JFK International Airport,12:00,126
863,Honda Accord,Standard,2019-03-14,New York,2019-03-11,Grand Central Station,12:00,96
864,Honda Civic,Standard,2019-03-14,New York,2019-03-11,JFK International Airport,12:00,108
865,Honda Fit,Compact,2019-03-14,New York,2019-03-11,Grand Central Station,12:00,78
866,Hyundai Elantra,Standard,2019-03-14,New York,2019-03-11,Port Authority Station,12:00,102
867,Hyundai Tucson,Full-size,2019-03-14,New York,2019-03-11,Port Authority Station,12:00,120
868,Jeep Cherokee,Full-size,2019-03-14,New York,2019-03-11,Grand Central Station,12:00,126
869,Kia Forte,Compact,2019-03-14,New York,2019-03-11,Port Authority Station,12:00,66
870,Chevrolet Bolt,Compact,2019-03-12,New York,2019-03-11,Port Authority Station,12:00,26
871,Chevrolet Equinox,Full-size,2019-03-12,New York,2019-03-11,Port Authority Station,12:00,42
872,Ford Escape,Full-size,2019-03-12,New York,2019-03-11,JFK International Airport,12:00,35
873,Honda Accord,Standard,2019-03-12,New York,2019-03-11,Grand Central Station,12:00,35
874,Honda Civic,Standard,2019-03-12,New York,2019-03-11,JFK International Airport,12:00,34
875,Honda Fit,Compact,2019-03-12,New York,2019-03-11,Grand Central Station,12:00,26
876,Hyundai Elantra,Standard,2019-03-12,New York,2019-03-11,Port Authority Station,12:00,25
877,Hyundai Tucson,Full-size,2019-03-12,New York,2019-03-11,Port Authority Station,12:00,40
878,Jeep Cherokee,Full-size,2019-03-12,New York,2019-03-11,Grand Central Station,12:00,36
879,Kia Forte,Compact,2019-03-12,New York,2019-03-11,Port Authority Station,12:00,26
880,Chevrolet Equinox,Full-size,2019-03-12,New York,2019-03-06,Port Authority Station,17:00,216
881,Honda Civic,Standard,2019-03-12,New York,2019-03-06,JFK International Airport,17:00,210
882,Honda Fit,Compact,2019-03-12,New York,2019-03-06,Grand Central Station,17:00,156
883,Hyundai Tucson,Full-size,2019-03-12,New York,2019-03-06,JFK International Airport,17:00,252
884,Nissan Leaf,Compact,2019-03-12,New York,2019-03-06,Port Authority Station,17:00,132
885,Subaru Forester,Full-size,2019-03-12,New York,2019-03-06,Grand Central Station,17:00,264
886,Toyota Corolla,Standard,2019-03-12,New York,2019-03-06,Grand Central Station,17:00,192
887,Volkswagen Golf,Compact,2019-03-12,New York,2019-03-06,Port Authority Station,17:00,144
888,Honda Civic,Standard,2019-03-12,,2019-03-06,JFK International Airport,17:00,210
889,Chevrolet Cruze,Standard,2019-03-12,Vancouver,2019-03-10,Pacific Central Station,15:00,64
890,Honda Accord,Standard,2019-03-12,Vancouver,2019-03-10,YVR International Airport,15:00,60
891,Hyundai Elantra,Standard,2019-03-12,Vancouver,2019-03-10,YVR International Airport,15:00,60
892,Nissan Altima,Standard,2019-03-12,Vancouver,2019-03-10,YVR International Airport,15:00,64
893,Nissan Sentra,Standard,2019-03-12,Vancouver,2019-03-10,Pacific Central Station,15:00,60
894,Toyota Corolla,Standard,2019-03-12,Vancouver,2019-03-10,YVR International Airport,15:00,76
895,Toyota Prius,Standard,2019-03-12,Vancouver,2019-03-10,Pacific Central Station,15:00,50
896,Chevrolet Cruze,Standard,2019-03-12,,2019-03-10,Pacific Central Station,15:00,64
897,Honda Accord,Standard,2019-03-07,Anaheim,2019-03-01,Anaheim Intermodal Center,14:00,180
898,Hyundai Elantra,Standard,2019-03-07,Anaheim,2019-03-01,Anaheim Intermodal Center,14:00,174
899,Honda Accord,Standard,2019-03-07,,2019-03-01,Anaheim Intermodal Center,14:00,180
900,Honda Accord,Standard,2019-03-06,,2019-03-02,Grand Central Station,15:00,108
901,Ford Fusion,Standard,2019-03-05,Seattle,2019-03-01,King Street Station,11:00,120
902,Honda Civic,Standard,2019-03-05,Seattle,2019-03-01,King Street Station,11:00,112
903,Hyundai Elantra,Standard,2019-03-05,Seattle,2019-03-01,King Street Station,11:00,128
904,Toyota Prius,Standard,2019-03-05,Seattle,2019-03-01,King Street Station,11:00,144
905,Ford Fusion,Standard,2019-03-05,,2019-03-01,King Street Station,11:00,120
906,Ford Fusion,Standard,2019-03-06,Chicago,2019-03-02,Chicago Union Station,13:00,116
907,Nissan Sentra,Standard,2019-03-06,Chicago,2019-03-02,Chicago Union Station,13:00,132
908,Honda Accord,Standard,2019-03-06,Chicago,2019-03-02,O'Hare International Airport,12:30,136
909,Nissan Altima,Standard,2019-03-06,Chicago,2019-03-02,O'Hare International Airport,12:30,112
910,Toyota Prius,Standard,2019-03-06,Chicago,2019-03-02,O'Hare International Airport,12:30,128
911,Ford Fusion,Standard,2019-03-06,,2019-03-02,Chicago Union Station,13:00,116
912,Honda Accord,Standard,2019-03-06,Chicago,2019-03-02,O'Hare International Airport,18:00,136
913,Nissan Altima,Standard,2019-03-06,Chicago,2019-03-02,O'Hare International Airport,18:00,112
914,Toyota Prius,Standard,2019-03-06,Chicago,2019-03-02,O'Hare International Airport,18:00,128
915,Honda Accord,Standard,2019-03-06,,2019-03-02,O'Hare International Airport,18:00,136
916,Chevrolet Cruze,Standard,2019-03-10,Los Angeles,2019-03-04,Union Station,15:00,144
917,Ford Fusion,Standard,2019-03-10,Los Angeles,2019-03-04,LAX International Airport,15:00,174
918,Honda Civic,Standard,2019-03-10,Los Angeles,2019-03-04,Union Station,15:00,174
919,Hyundai Elantra,Standard,2019-03-10,Los Angeles,2019-03-04,LAX International Airport,15:00,168
920,Toyota Camry,Standard,2019-03-10,Los Angeles,2019-03-04,LAX International Airport,15:00,210
921,Chevrolet Cruze,Standard,2019-03-10,,2019-03-04,Union Station,15:00,144
922,Honda Accord,Standard,2019-03-13,Phoenix,2019-03-09,Sky Harbor International Airport,16:30,152
923,Toyota Camry,Standard,2019-03-13,Phoenix,2019-03-09,Sky Harbor International Airport,16:30,120
924,Toyota Prius,Standard,2019-03-13,Phoenix,2019-03-09,Sky Harbor International Airport,16:30,152
925,Honda Accord,Standard,2019-03-13,,2019-03-09,Sky Harbor International Airport,16:30,152
926,Honda Accord,Standard,2019-03-13,New York,2019-03-11,Grand Central Station,11:00,56
927,Honda Civic,Standard,2019-03-13,New York,2019-03-11,JFK International Airport,11:00,62
928,Hyundai Elantra,Standard,2019-03-13,New York,2019-03-11,Port Authority Station,11:00,54
929,Nissan Altima,Standard,2019-03-13,New York,2019-03-11,Port Authority Station,11:00,60
930,Toyota Camry,Standard,2019-03-13,New York,2019-03-11,JFK International Airport,11:00,66
931,Toyota Corolla,Standard,2019-03-13,New York,2019-03-11,Grand Central Station,11:00,64
932,Toyota Prius,Standard,2019-03-13,New York,2019-03-11,Port Authority Station,11:00,58
933,Chevrolet Bolt,Compact,2019-03-13,New York,2019-03-11,Port Authority Station,11:00,54
934,Chevrolet Equinox,Full-size,2019-03-13,New York,2019-03-11,Port Authority Station,11:00,78
935,Ford Escape,Full-size,2019-03-13,New York,2019-03-11,JFK International Airport,11:00,86
936,Honda Fit,Compact,2019-03-13,New York,2019-03-11,Grand Central Station,11:00,62
937,Hyundai Tucson,Full-size,2019-03-13,New York,2019-03-11,Port Authority Station,11:00,88
938,Jeep Cherokee,Full-size,2019-03-13,New York,2019-03-11,Grand Central Station,11:00,90
939,Kia Forte,Compact,2019-03-13,New York,2019-03-11,Port Authority Station,11:00,50
940,Chevrolet Bolt,Compact,2019-03-13,,2019-03-11,Port Authority Station,11:00,54
941,Chevrolet Bolt,Compact,2019-03-06,New York,2019-03-02,Port Authority Station,14:00,100
942,Honda Fit,Compact,2019-03-06,New York,2019-03-02,Grand Central Station,14:00,96
943,Kia Forte,Compact,2019-03-06,New York,2019-03-02,Port Authority Station,14:00,92
944,Mini Cooper,Compact,2019-03-06,New York,2019-03-02,JFK International Airport,14:00,100
945,Nissan Leaf,Compact,2019-03-06,New York,2019-03-02,Port Authority Station,14:00,80
946,Volkswagen Golf,Compact,2019-03-06,New York,2019-03-02,Port Authority Station,14:00,108
947,Chevrolet Bolt,Compact,2019-03-06,,2019-03-02,Port Authority Station,14:00,100
948,Nissan Altima,Standard,2019-03-11,New York,2019-03-04,Port Authority Station,09:30,196
949,Toyota Prius,Standard,2019-03-11,New York,2019-03-04,Port Authority Station,09:30,175
950,Toyota Camry,Standard,2019-03-11,New York,2019-03-04,JFK International Airport,10:00,273
951,Toyota Prius,Standard,2019-03-11,,2019-03-04,Port Authority Station,09:30,175
952,Honda Accord,Standard,2019-03-14,New York,2019-03-13,Grand Central Station,16:30,29
953,Honda Civic,Standard,2019-03-14,New York,2019-03-13,JFK International Airport,16:30,34
954,Hyundai Elantra,Standard,2019-03-14,New York,2019-03-13,Port Authority Station,16:30,25
955,Nissan Altima,Standard,2019-03-14,New York,2019-03-13,Port Authority Station,16:30,29
956,Toyota Camry,Standard,2019-03-14,New York,2019-03-13,JFK International Airport,16:30,38
957,Toyota Corolla,Standard,2019-03-14,New York,2019-03-13,Grand Central Station,16:30,28
958,Toyota Prius,Standard,2019-03-14,New York,2019-03-13,Port Authority Station,16:30,36
959,Chevrolet Bolt,Compact,2019-03-14,New York,2019-03-13,Port Authority Station,16:30,28
960,Honda Fit,Compact,2019-03-14,New York,2019-03-13,Grand Central Station,16:30,24
961,Kia Forte,Compact,2019-03-14,New York,2019-03-13,Port Authority Station,16:30,22
962,Mini Cooper,Compact,2019-03-14,New York,2019-03-13,JFK International Airport,16:30,33
963,Nissan Leaf,Compact,2019-03-14,New York,2019-03-13,Port Authority Station,16:30,25
964,Volkswagen Golf,Compact,2019-03-14,New York,2019-03-13,Port Authority Station,16:30,23
965,Chevrolet Bolt,Compact,2019-03-14,,2019-03-13,Port Authority Station,16:30,28
966,Chevrolet Cruze,Standard,2019-03-14,San Francisco,2019-03-11,SFO International Airport,18:00,126
967,Ford Fusion,Standard,2019-03-14,San Francisco,2019-03-11,SFO International Airport,18:00,93
968,Honda Civic,Standard,2019-03-14,San Francisco,2019-03-11,Salesforce Transit Center,18:00,102
969,Nissan Altima,Standard,2019-03-14,San Francisco,2019-03-11,SFO International Airport,18:00,81
970,Nissan Sentra,Standard,2019-03-14,San Francisco,2019-03-11,Salesforce Transit Center,18:00,81
971,Toyota Prius,Standard,2019-03-14,San Francisco,2019-03-11,SFO International Airport,18:00,102
972,Chevrolet Cruze,Standard,2019-03-14,,2019-03-11,SFO International Airport,18:00,126
973,Chevrolet Bolt,Compact,2019-03-04,Las Vegas,2019-03-01,McCarran International Airport,15:30,87
974,Honda Fit,Compact,2019-03-04,Las Vegas,2019-03-01,Union Plaza,15:30,72
975,Mini Cooper,Compact,2019-03-04,Las Vegas,2019-03-01,McCarran International Airport,15:30,90
976,Volkswagen GTI,Compact,2019-03-04,Las Vegas,2019-03-01,Union Plaza,15:30,90
977,Volkswagen Golf,Compact,2019-03-04,Las Vegas,2019-03-01,McCarran International Airport,15:30,84
978,Mini Cooper,Compact,2019-03-04,,2019-03-01,McCarran International Airport,15:30,90
979,Ford Fusion,Standard,2019-03-10,San Diego,2019-03-08,SAN International Airport,11:00,72
980,Hyundai Elantra,Standard,2019-03-10,San Diego,2019-03-08,SAN International Airport,11:00,74
981,Toyota Camry,Standard,2019-03-10,San Diego,2019-03-08,SAN International Airport,11:00,62
982,Kia Forte,Compact,2019-03-10,San Diego,2019-03-06,SAN International Airport,11:00,108
983,Volkswagen GTI,Compact,2019-03-10,San Diego,2019-03-06,SAN International Airport,11:00,96
984,Kia Forte,Compact,2019-03-10,,2019-03-06,SAN International Airport,11:00,108
985,Chevrolet Bolt,Compact,2019-03-05,San Diego,2019-03-03,Santa Fe Depot,15:00,52
986,Chevrolet Equinox,Full-size,2019-03-05,San Diego,2019-03-03,Santa Fe Depot,15:00,90
987,Ford Escape,Full-size,2019-03-05,San Diego,2019-03-03,Santa Fe Depot,15:00,82
988,Ford Fusion,Standard,2019-03-05,San Diego,2019-03-03,SAN International Airport,15:00,66
989,Honda Accord,Standard,2019-03-05,San Diego,2019-03-03,Santa Fe Depot,15:00,60
990,Honda Civic,Standard,2019-03-05,San Diego,2019-03-03,Santa Fe Depot,15:00,62
991,Honda Fit,Compact,2019-03-05,San Diego,2019-03-03,Santa Fe Depot,15:00,46
992,Hyundai Elantra,Standard,2019-03-05,San Diego,2019-03-03,SAN International Airport,15:00,54
993,Hyundai Tucson,Full-size,2019-03-05,San Diego,2019-03-03,SAN International Airport,15:00,80
994,Jeep Cherokee,Full-size,2019-03-05,San Diego,2019-03-03,Santa Fe Depot,15:00,84
995,Chevrolet Bolt,Compact,2019-03-05,,2019-03-03,Santa Fe Depot,15:00,52
996,Honda Civic,Standard,2019-03-08,Seattle,2019-03-01,King Street Station,12:30,196
997,Honda Civic,Standard,2019-03-08,,2019-03-01,King Street Station,12:30,196
998,Honda Accord,Standard,2019-03-07,New York,2019-03-03,Grand Central Station,13:30,112
999,Honda Civic,Standard,2019-03-07,New York,2019-03-03,JFK International Airport,13:30,132
1000,Hyundai Elantra,Standard,2019-03-07,New York,2019-03-03,Port Authority Station,13:30,136
1001,Nissan Altima,Standard,2019-03-07,New York,2019-03-03,Port Authority Station,13:30,104
1002,Toyota Camry,Standard,2019-03-07,New York,2019-03-03,JFK International Airport,13:30,116
1003,Toyota Corolla,Standard,2019-03-07,New York,2019-03-03,Grand Central Station,13:30,128
1004,Toyota Prius,Standard,2019-03-07,New York,2019-03-03,Port Authority Station,13:30,136
1005,Honda Accord,Standard,2019-03-07,,2019-03-03,Grand Central Station,13:30,112
1006,Mini Cooper,Compact,2019-03-14,Philadelphia,2019-03-09,Intercity Terminal,11:00,140
1007,Nissan Leaf,Compact,2019-03-14,Philadelphia,2019-03-09,30th Street Station,11:00,140
1008,Volkswagen GTI,Compact,2019-03-14,Philadelphia,2019-03-09,30th Street Station,11:00,125
1009,Volkswagen Golf,Compact,2019-03-14,Philadelphia,2019-03-09,30th Street Station,11:00,155
1010,Nissan Leaf,Compact,2019-03-14,,2019-03-09,30th Street Station,11:00,140
1011,Chevrolet Cruze,Standard,2019-03-09,San Francisco,2019-03-04,Salesforce Transit Center,17:00,145
1012,Honda Civic,Standard,2019-03-09,San Francisco,2019-03-04,Salesforce Transit Center,17:00,175
1013,Toyota Prius,Standard,2019-03-09,San Francisco,2019-03-04,Salesforce Transit Center,17:00,125
1014,Chevrolet Cruze,Standard,2019-03-09,,2019-03-04,Salesforce Transit Center,17:00,145
1015,Honda Accord,Standard,2019-03-14,New York,2019-03-11,Grand Central Station,11:00,96
1016,Honda Civic,Standard,2019-03-14,New York,2019-03-11,JFK International Airport,11:00,108
1017,Hyundai Elantra,Standard,2019-03-14,New York,2019-03-11,Port Authority Station,11:00,102
1018,Nissan Altima,Standard,2019-03-14,New York,2019-03-11,Port Authority Station,11:00,93
1019,Toyota Camry,Standard,2019-03-14,New York,2019-03-11,JFK International Airport,11:00,96
1020,Toyota Corolla,Standard,2019-03-14,New York,2019-03-11,Grand Central Station,11:00,99
1021,Toyota Prius,Standard,2019-03-14,New York,2019-03-11,Port Authority Station,11:00,75
1022,Chevrolet Bolt,Compact,2019-03-14,New York,2019-03-09,Port Authority Station,11:00,130
1023,Kia Forte,Compact,2019-03-14,New York,2019-03-09,Port Authority Station,11:00,110
1024,Mini Cooper,Compact,2019-03-14,New York,2019-03-09,JFK International Airport,11:00,155
1025,Nissan Leaf,Compact,2019-03-14,New York,2019-03-09,Grand Central Station,11:00,115
1026,Volkswagen Golf,Compact,2019-03-14,New York,2019-03-09,Port Authority Station,11:00,130
1027,Chevrolet Bolt,Compact,2019-03-14,,2019-03-09,Port Authority Station,11:00,130
1028,Honda Civic,Standard,2019-03-05,New York,2019-03-04,JFK International Airport,10:00,33
1029,Toyota Camry,Standard,2019-03-05,New York,2019-03-04,JFK International Airport,10:00,36
1030,Toyota Corolla,Standard,2019-03-05,New York,2019-03-04,JFK International Airport,10:00,30
1031,Hyundai Elantra,Standard,2019-03-05,New York,2019-03-04,Port Authority Station,09:30,31
1032,Nissan Altima,Standard,2019-03-05,New York,2019-03-04,Port Authority Station,09:30,26
1033,Toyota Prius,Standard,2019-03-05,New York,2019-03-04,Port Authority Station,09:30,27
1034,Honda Civic,Standard,2019-03-05,,2019-03-04,JFK International Airport,10:00,33
1035,Chevrolet Cruze,Standard,2019-03-14,San Francisco,2019-03-10,SFO International Airport,15:00,156
1036,Ford Fusion,Standard,2019-03-14,San Francisco,2019-03-10,SFO International Airport,15:00,144
1037,Honda Civic,Standard,2019-03-14,San Francisco,2019-03-10,Salesforce Transit Center,15:00,128
1038,Nissan Altima,Standard,2019-03-14,San Francisco,2019-03-10,SFO International Airport,15:00,140
1039,Nissan Sentra,Standard,2019-03-14,San Francisco,2019-03-10,Salesforce Transit Center,15:00,132
1040,Toyota Prius,Standard,2019-03-14,San Francisco,2019-03-10,SFO International Airport,15:00,116
1041,Chevrolet Cruze,Standard,2019-03-14,,2019-03-10,SFO International Airport,15:00,156
1042,Honda Accord,Standard,2019-03-13,San Diego,2019-03-08,Santa Fe Depot,13:00,145
1043,Honda Civic,Standard,2019-03-13,San Diego,2019-03-08,Santa Fe Depot,13:00,135
1044,Nissan Sentra,Standard,2019-03-13,San Diego,2019-03-08,Santa Fe Depot,13:00,140
1045,Ford Fusion,Standard,2019-03-13,San Diego,2019-03-08,SAN International Airport,12:30,170
1046,Hyundai Elantra,Standard,2019-03-13,San Diego,2019-03-08,SAN International Airport,12:30,180
1047,Toyota Camry,Standard,2019-03-13,San Diego,2019-03-08,SAN International Airport,12:30,170
1048,Chevrolet Bolt,Compact,2019-03-14,San Diego,2019-03-08,Santa Fe Depot,13:00,156
1049,Kia Forte,Compact,2019-03-14,San Diego,2019-03-08,SAN International Airport,12:30,144
1050,Volkswagen GTI,Compact,2019-03-14,San Diego,2019-03-08,SAN International Airport,12:30,138
1051,Chevrolet Bolt,Compact,2019-03-14,,2019-03-08,Santa Fe Depot,13:00,156
1052,Chevrolet Bolt,Compact,2019-03-09,San Diego,2019-03-02,Santa Fe Depot,18:00,175
1053,Volkswagen GTI,Compact,2019-03-09,San Diego,2019-03-02,SAN International Airport,18:00,203
1054,Chevrolet Bolt,Compact,2019-03-09,,2019-03-02,Santa Fe Depot,18:00,175
1055,Chevrolet Bolt,Compact,2019-03-13,,2019-03-09,Orly International Airport,19:00,108
1056,Subaru Forester,Full-size,2019-03-06,,2019-03-03,YVR International Airport,15:30,123
1057,Kia Forte,Compact,2019-03-09,,2019-03-05,Fresno Yosemite International Airport,11:30,148
1058,Nissan Leaf,Compact,2019-03-13,,2019-03-10,JFK International Airport,17:30,78
1059,Jeep Cherokee,Full-size,2019-03-05,,2019-03-01,Intercity Terminal,15:30,156
1060,Ford Fusion,Standard,2019-03-07,,2019-03-05,SAN International Airport,10:00,62
1061,Nissan Altima,Standard,2019-03-11,,2019-03-09,SFO International Airport,16:30,64
1062,Nissan Leaf,Compact,2019-03-08,,2019-03-02,Gatwick International Airport,18:30,198
1063,Hyundai Tucson,Full-size,2019-03-10,,2019-03-09,Pacific Central Station,15:30,42
1064,Nissan Leaf,Compact,2019-03-03,,2019-03-02,JFK International Airport,13:00,27
1065,Chevrolet Bolt,Compact,2019-03-05,,2019-03-02,Port Authority Station,16:00,78
1066,Kia Forte,Compact,2019-03-10,,2019-03-07,Portland Bus Station,16:30,81
1067,Volkswagen GTI,Compact,2019-03-10,,2019-03-08,PHL International Airport,18:00,62
1068,Toyota Prius,Standard,2019-03-08,,2019-03-07,Sky Harbor International Airport,12:30,29
1069,Honda Accord,Standard,2019-03-02,,2019-03-01,SMF International Airport,19:30,30
1070,Chevrolet Equinox,Full-size,2019-03-13,,2019-03-09,LAX International Airport,18:00,160
1071,Ford Escape,Full-size,2019-03-06,,2019-03-02,JFK International Airport,19:00,164
1072,Ford Fusion,Standard,2019-03-07,,2019-03-06,Chicago Union Station,13:00,34
1073,Toyota Prius,Standard,2019-03-14,,2019-03-08,Phoenix Union Station,18:00,180
1074,Ford Fusion,Standard,2019-03-11,,2019-03-10,King Street Station,10:30,25
1075,Nissan Sentra,Standard,2019-03-08,,2019-03-03,Salesforce Transit Center,13:30,155
1076,Honda Accord,Standard,2019-03-02,,2019-03-01,Gatwick International Airport,14:00,35
1077,Nissan Sentra,Standard,2019-03-11,,2019-03-10,Charles de Gaulle International Airport,17:00,29
1078,Mini Cooper,Compact,2019-03-02,,2019-03-01,Intercity Terminal,09:30,22
1079,Kia Forte,Compact,2019-03-05,,2019-03-02,Portland Bus Station,15:30,81
1080,Chevrolet Cruze,Standard,2019-03-13,,2019-03-08,Heathrow International Airport,16:00,170
1081,Toyota Highlander,Full-size,2019-03-05,,2019-03-04,Charles de Gaulle International Airport,18:00,41
1082,Honda Accord,Standard,2019-03-11,,2019-03-07,Fresno Station,14:00,120
1083,Jeep Cherokee,Full-size,2019-03-11,,2019-03-09,Fresno Station,15:00,84
1084,Kia Forte,Compact,2019-03-04,,2019-03-03,Fresno Station,15:30,27
1085,Honda Civic,Standard,2019-03-06,,2019-03-02,KLIA International Airport,15:30,96
1086,Kia Forte,Compact,2019-03-09,,2019-03-04,Pacific Central Station,19:00,100
1087,Kia Forte,Compact,2019-03-05,,2019-03-01,Pacific Central Station,19:00,96
1088,Volkswagen Golf,Compact,2019-03-05,,2019-03-01,Indira Gandhi International Airport,17:30,92
1089,Kia Forte,Compact,2019-03-08,,2019-03-02,Salesforce Transit Center,11:00,162
1090,Mini Cooper,Compact,2019-03-04,,2019-03-02,Intercity Terminal,10:30,48
1091,Hyundai Tucson,Full-size,2019-03-08,,2019-03-05,SAN International Airport,12:30,129
1092,Honda CR-V,Full-size,2019-03-03,,2019-03-02,Sacramento Valley Station,16:30,35
1093,Nissan Leaf,Compact,2019-03-14,,2019-03-09,Gatwick International Airport,17:00,120
1094,Honda Fit,Compact,2019-03-05,,2019-03-04,Downtown Station,17:30,26
1095,Chevrolet Cruze,Standard,2019-03-14,,2019-03-10,PDX International Airport,10:00,124
1096,Ford Fusion,Standard,2019-03-02,,2019-03-01,King Street Station,15:00,33
1097,Mini Cooper,Compact,2019-03-08,,2019-03-03,PDX International Airport,18:00,155
1098,Nissan Leaf,Compact,2019-03-03,,2019-03-02,Gatwick International Airport,11:30,30
1099,Honda Accord,Standard,2019-03-11,,2019-03-09,SMF International Airport,16:00,66
1100,Nissan Sentra,Standard,2019-03-14,,2019-03-09,Charles de Gaulle International Airport,12:00,185
1101,Toyota Camry,Standard,2019-03-09,,2019-03-03,Anaheim Intermodal Center,10:00,210
1102,Toyota Highlander,Full-size,2019-03-12,,2019-03-05,Charles de Gaulle International Airport,18:30,322
1103,Kia Forte,Compact,2019-03-07,,2019-03-02,Salesforce Transit Center,17:30,155
1104,Toyota Prius,Standard,2019-03-14,,2019-03-12,McCarran International Airport,15:00,68
1105,Honda Civic,Standard,2019-03-12,,2019-03-10,Salesforce Transit Center,12:00,54
1106,Nissan Leaf,Compact,2019-03-02,,2019-03-01,Charles de Gaulle International Airport,18:00,26
1107,Kia Forte,Compact,2019-03-10,,2019-03-09,Fresno Yosemite International Airport,16:30,24
1108,Ford Fusion,Standard,2019-03-14,,2019-03-09,SAN International Airport,12:30,150
1109,Nissan Leaf,Compact,2019-03-08,,2019-03-07,Charles de Gaulle International Airport,18:30,25
1110,Chevrolet Bolt,Compact,2019-03-03,,2019-03-02,Port Authority Station,12:00,25
1111,Nissan Leaf,Compact,2019-03-08,,2019-03-07,Charles de Gaulle International Airport,12:00,25
1112,Chevrolet Cruze,Standard,2019-03-12,,2019-03-11,PDX International Airport,16:30,27
1113,Mini Cooper,Compact,2019-03-07,,2019-03-04,SFO International Airport,11:30,75
1114,Honda Fit,Compact,2019-03-14,,2019-03-11,Toronto Pearson International Airport,11:00,90
1115,Toyota Highlander,Full-size,2019-03-07,,2019-03-02,Charles de Gaulle International Airport,14:00,255
1116,Honda Fit,Compact,2019-03-05,,2019-03-03,Jomo Kenyatta International Airport,10:30,32
1117,Honda Fit,Compact,2019-03-13,,2019-03-10,Grand Central Station,12:30,87
1118,Mini Cooper,Compact,2019-03-06,,2019-03-02,SFO International Airport,14:00,96
1119,Toyota Prius,Standard,2019-03-13,,2019-03-11,Sky Harbor International Airport,15:30,72
1120,Toyota Highlander,Full-size,2019-03-05,,2019-03-04,Charles de Gaulle International Airport,11:30,41
1121,Subaru Forester,Full-size,2019-03-05,,2019-03-02,Grand Central Station,18:30,111
1122,Kia Forte,Compact,2019-03-05,,2019-03-02,Pacific Central Station,17:30,81
1123,Jeep Cherokee,Full-size,2019-03-04,,2019-03-02,Fresno Yosemite International Airport,16:30,84
1124,Hyundai Tucson,Full-size,2019-03-12,,2019-03-08,Toronto Pearson International Airport,16:00,164
1125,Subaru Forester,Full-size,2019-03-02,,2019-03-01,YVR International Airport,12:30,44
1126,Toyota Highlander,Full-size,2019-03-11,,2019-03-08,Charles de Gaulle International Airport,18:00,135
1127,Toyota Highlander,Full-size,2019-03-06,,2019-03-04,Charles de Gaulle International Airport,11:00,84
1128,Chevrolet Equinox,Full-size,2019-03-13,,2019-03-09,Peachtree Station,17:00,160
1129,Volkswagen GTI,Compact,2019-03-10,,2019-03-09,Hartsfield-Jackson International Airport,16:30,27
1130,Mini Cooper,Compact,2019-03-08,,2019-03-02,McCarran International Airport,13:30,162
1131,Nissan Sentra,Standard,2019-03-10,,2019-03-07,30th Street Station,16:30,84
1132,Mini Cooper,Compact,2019-03-04,,2019-03-03,Intercity Terminal,09:30,20
1133,Honda Civic,Standard,2019-03-13,Seattle,2019-03-08,Seattle-Tacoma International Airport,14:00,150
1134,Hyundai Elantra,Standard,2019-03-13,Seattle,2019-03-08,King Street Station,14:00,145
1135,Toyota Prius,Standard,2019-03-13,Seattle,2019-03-08,Seattle-Tacoma International Airport,14:00,150
1136,Honda Civic,Standard,2019-03-13,,2019-03-08,Seattle-Tacoma International Airport,14:00,150
1137,Ford Fusion,Standard,2019-03-06,Seattle,2019-03-03,King Street Station,12:30,93
1138,Hyundai Elantra,Standard,2019-03-06,Seattle,2019-03-03,King Street Station,12:30,99
1139,Honda Civic,Standard,2019-03-06,Seattle,2019-03-03,Seattle-Tacoma International Airport,13:00,87
1140,Nissan Sentra,Standard,2019-03-06,Seattle,2019-03-03,Seattle-Tacoma International Airport,13:00,96
1141,Toyota Prius,Standard,2019-03-06,Seattle,2019-03-03,Seattle-Tacoma International Airport,13:00,99
1142,Honda Fit,Compact,2019-03-06,Seattle,2019-03-01,King Street Station,12:30,105
1143,Nissan Leaf,Compact,2019-03-06,Seattle,2019-03-01,King Street Station,12:30,130
1144,Chevrolet Bolt,Compact,2019-03-06,Seattle,2019-03-01,Seattle-Tacoma International Airport,13:00,135
1145,Kia Forte,Compact,2019-03-06,Seattle,2019-03-01,Seattle-Tacoma International Airport,13:00,120
1146,Volkswagen GTI,Compact,2019-03-06,Seattle,2019-03-01,Seattle-Tacoma International Airport,13:00,105
1147,Nissan Leaf,Compact,2019-03-06,,2019-03-01,King Street Station,12:30,130
1148,Chevrolet Bolt,Compact,2019-03-07,New York,2019-03-02,Port Authority Station,16:30,145
1149,Honda Fit,Compact,2019-03-07,New York,2019-03-02,Grand Central Station,16:30,135
1150,Kia Forte,Compact,2019-03-07,New York,2019-03-02,Port Authority Station,16:30,130
1151,Nissan Leaf,Compact,2019-03-07,New York,2019-03-02,Port Authority Station,16:30,125
1152,Volkswagen Golf,Compact,2019-03-07,New York,2019-03-02,Port Authority Station,16:30,120
1153,Chevrolet Bolt,Compact,2019-03-07,,2019-03-02,Port Authority Station,16:30,145
1154,Ford Fusion,Standard,2019-03-10,San Diego,2019-03-03,SAN International Airport,15:00,252
1155,Ford Fusion,Standard,2019-03-10,,2019-03-03,SAN International Airport,15:00,252
1156,Chevrolet Cruze,Standard,2019-03-10,Vancouver,2019-03-09,Pacific Central Station,13:30,34
1157,Honda Accord,Standard,2019-03-10,Vancouver,2019-03-09,YVR International Airport,13:30,31
1158,Hyundai Elantra,Standard,2019-03-10,Vancouver,2019-03-09,YVR International Airport,13:30,30
1159,Nissan Altima,Standard,2019-03-10,Vancouver,2019-03-09,YVR International Airport,13:30,37
1160,Nissan Sentra,Standard,2019-03-10,Vancouver,2019-03-09,Pacific Central Station,13:30,32
1161,Toyota Corolla,Standard,2019-03-10,Vancouver,2019-03-09,YVR International Airport,13:30,32
1162,Toyota Prius,Standard,2019-03-10,Vancouver,2019-03-09,Pacific Central Station,13:30,39
1163,Chevrolet Cruze,Standard,2019-03-10,,2019-03-09,Pacific Central Station,13:30,34
1164,Chevrolet Bolt,Compact,2019-03-09,Vancouver,2019-03-02,YVR International Airport,15:30,217
1165,Volkswagen Golf,Compact,2019-03-09,Vancouver,2019-03-02,Pacific Central Station,15:30,154
1166,Hyundai Elantra,Standard,2019-03-09,Vancouver,2019-03-02,YVR International Airport,15:30,252
1167,Hyundai Elantra,Standard,2019-03-09,,2019-03-02,YVR International Airport,15:30,252
1168,Chevrolet Equinox,Full-size,2019-03-13,Toronto,2019-03-10,Toronto Pearson International Airport,14:00,120
1169,Hyundai Tucson,Full-size,2019-03-13,Toronto,2019-03-10,Toronto Pearson International Airport,14:00,138
1170,Subaru Forester,Full-size,2019-03-13,Toronto,2019-03-10,Toronto Pearson International Airport,14:00,138
1171,Chevrolet Equinox,Full-size,2019-03-13,,2019-03-10,Toronto Pearson International Airport,14:00,120
1172,Ford Fusion,Standard,2019-03-09,Seattle,2019-03-02,King Street Station,15:30,252
1173,Honda Civic,Standard,2019-03-09,Seattle,2019-03-02,King Street Station,15:30,203
1174,Hyundai Elantra,Standard,2019-03-09,Seattle,2019-03-02,King Street Station,15:30,224
1175,Nissan Sentra,Standard,2019-03-09,Seattle,2019-03-02,Seattle-Tacoma International Airport,15:30,217
1176,Ford Fusion,Standard,2019-03-09,,2019-03-02,King Street Station,15:30,252
1177,Honda Accord,Standard,2019-03-11,Phoenix,2019-03-06,Sky Harbor International Airport,16:30,170
1178,Toyota Camry,Standard,2019-03-11,Phoenix,2019-03-06,Sky Harbor International Airport,16:30,170
1179,Toyota Prius,Standard,2019-03-11,Phoenix,2019-03-06,Sky Harbor International Airport,16:30,160
1180,Hyundai Tucson,Full-size,2019-03-11,Phoenix,2019-03-06,Sky Harbor International Airport,16:30,210
1181,Nissan Rogue,Full-size,2019-03-11,Phoenix,2019-03-06,Phoenix Union Station,16:30,170
1182,Toyota RAV4,Full-size,2019-03-11,Phoenix,2019-03-06,Sky Harbor International Airport,16:30,205
1183,Hyundai Tucson,Full-size,2019-03-11,,2019-03-06,Sky Harbor International Airport,16:30,210
1184,Chevrolet Bolt,Compact,2019-03-06,Vancouver,2019-03-04,YVR International Airport,12:00,58
1185,Honda Fit,Compact,2019-03-06,Vancouver,2019-03-04,YVR International Airport,12:00,58
1186,Mini Cooper,Compact,2019-03-06,Vancouver,2019-03-04,YVR International Airport,12:00,46
1187,Honda Fit,Compact,2019-03-06,,2019-03-04,YVR International Airport,12:00,58
1188,Chevrolet Equinox,Full-size,2019-03-05,Philadelphia,2019-03-03,30th Street Station,12:00,76
1189,Jeep Cherokee,Full-size,2019-03-05,Philadelphia,2019-03-03,Intercity Terminal,12:00,82
1190,Nissan Rogue,Full-size,2019-03-05,Philadelphia,2019-03-03,30th Street Station,12:00,80
1191,Subaru Forester,Full-size,2019-03-05,Philadelphia,2019-03-03,Intercity Terminal,12:00,76
1192,Nissan Rogue,Full-size,2019-03-05,,2019-03-03,30th Street Station,12:00,80
1193,Kia Forte,Compact,2019-03-03,Chicago,2019-03-01,O'Hare International Airport,12:00,60
1194,Mini Cooper,Compact,2019-03-03,Chicago,2019-03-01,O'Hare International Airport,12:00,62
1195,Kia Forte,Compact,2019-03-03,,2019-03-01,O'Hare International Airport,12:00,60
1196,Hyundai Elantra,Standard,2019-03-12,New York,2019-03-05,Port Authority Station,12:00,224
1197,Nissan Altima,Standard,2019-03-12,New York,2019-03-05,Port Authority Station,12:00,217
1198,Hyundai Elantra,Standard,2019-03-12,,2019-03-05,Port Authority Station,12:00,224
1199,Chevrolet Cruze,Standard,2019-03-12,San Francisco,2019-03-10,SFO International Airport,17:00,58
1200,Ford Fusion,Standard,2019-03-12,San Francisco,2019-03-10,SFO International Airport,17:00,62
1201,Honda Civic,Standard,2019-03-12,San Francisco,2019-03-10,Salesforce Transit Center,17:00,54
1202,Nissan Altima,Standard,2019-03-12,San Francisco,2019-03-10,SFO International Airport,17:00,62
1203,Nissan Sentra,Standard,2019-03-12,San Francisco,2019-03-10,Salesforce Transit Center,17:00,60
1204,Toyota Prius,Standard,2019-03-12,San Francisco,2019-03-10,SFO International Airport,17:00,60
1205,Chevrolet Cruze,Standard,2019-03-12,,2019-03-10,SFO International Airport,17:00,58
1206,Chevrolet Cruze,Standard,2019-03-08,Philadelphia,2019-03-04,PHL International Airport,15:30,160
1207,Ford Fusion,Standard,2019-03-08,Philadelphia,2019-03-04,PHL International Airport,15:30,140
1208,Honda Civic,Standard,2019-03-08,Philadelphia,2019-03-04,PHL International Airport,15:30,124
1209,Hyundai Elantra,Standard,2019-03-08,Philadelphia,2019-03-04,Intercity Terminal,15:30,120
1210,Nissan Altima,Standard,2019-03-08,Philadelphia,2019-03-04,30th Street Station,15:30,108
1211,Nissan Sentra,Standard,2019-03-08,Philadelphia,2019-03-04,30th Street Station,15:30,136
1212,Toyota Corolla,Standard,2019-03-08,Philadelphia,2019-03-04,Intercity Terminal,15:30,128
1213,Toyota Prius,Standard,2019-03-08,Philadelphia,2019-03-04,Intercity Terminal,15:30,136
1214,Honda Fit,Compact,2019-03-08,Philadelphia,2019-03-04,Intercity Terminal,15:30,108
1215,Kia Forte,Compact,2019-03-08,Philadelphia,2019-03-04,PHL International Airport,15:30,124
1216,Mini Cooper,Compact,2019-03-08,Philadelphia,2019-03-04,Intercity Terminal,15:30,92
1217,Nissan Leaf,Compact,2019-03-08,Philadelphia,2019-03-04,30th Street Station,15:30,96
1218,Volkswagen GTI,Compact,2019-03-08,Philadelphia,2019-03-04,PHL International Airport,15:30,108
1219,Volkswagen Golf,Compact,2019-03-08,Philadelphia,2019-03-04,30th Street Station,15:30,108
1220,Honda Fit,Compact,2019-03-08,,2019-03-04,Intercity Terminal,15:30,108
1221,Honda Fit,Compact,2019-03-08,Toronto,2019-03-01,Toronto Pearson International Airport,11:00,196
1222,Honda Fit,Compact,2019-03-08,,2019-03-01,Toronto Pearson International Airport,11:00,196
1223,Ford Fusion,Standard,2019-03-07,San Diego,2019-03-02,SAN International Airport,12:30,165
1224,Hyundai Elantra,Standard,2019-03-07,San Diego,2019-03-02,SAN International Airport,12:30,145
1225,Honda Accord,Standard,2019-03-07,San Diego,2019-03-02,Santa Fe Depot,13:00,175
1226,Nissan Sentra,Standard,2019-03-07,San Diego,2019-03-02,Santa Fe Depot,13:00,150
1227,Ford Fusion,Standard,2019-03-07,,2019-03-02,SAN International Airport,12:30,165
1228,Chevrolet Cruze,Standard,2019-03-10,San Francisco,2019-03-06,SFO International Airport,12:30,152
1229,Ford Fusion,Standard,2019-03-10,San Francisco,2019-03-06,SFO International Airport,12:30,128
1230,Honda Civic,Standard,2019-03-10,San Francisco,2019-03-06,Salesforce Transit Center,12:30,136
1231,Nissan Altima,Standard,2019-03-10,San Francisco,2019-03-06,SFO International Airport,12:30,124
1232,Nissan Sentra,Standard,2019-03-10,San Francisco,2019-03-06,Salesforce Transit Center,12:30,112
1233,Toyota Prius,Standard,2019-03-10,San Francisco,2019-03-06,SFO International Airport,12:30,120
1234,Kia Forte,Compact,2019-03-11,San Francisco,2019-03-06,SFO International Airport,12:30,140
1235,Mini Cooper,Compact,2019-03-11,San Francisco,2019-03-06,SFO International Airport,12:30,130
1236,Nissan Leaf,Compact,2019-03-11,San Francisco,2019-03-06,SFO International Airport,12:30,140
1237,Volkswagen GTI,Compact,2019-03-11,San Francisco,2019-03-06,SFO International Airport,12:30,140
1238,Mini Cooper,Compact,2019-03-11,,2019-03-06,SFO International Airport,12:30,130
1239,Honda Accord,Standard,2019-03-14,New York,2019-03-08,Grand Central Station,11:00,174
1240,Nissan Altima,Standard,2019-03-14,New York,2019-03-08,Port Authority Station,11:00,198
1241,Toyota Corolla,Standard,2019-03-14,New York,2019-03-08,Grand Central Station,11:00,216
1242,Toyota Corolla,Standard,2019-03-14,,2019-03-08,Grand Central Station,11:00,216
1243,Chevrolet Cruze,Standard,2019-03-05,Los Angeles,2019-03-02,Union Station,15:00,90
1244,Ford Fusion,Standard,2019-03-05,Los Angeles,2019-03-02,LAX International Airport,15:00,120
1245,Honda Civic,Standard,2019-03-05,Los Angeles,2019-03-02,Union Station,15:00,87
1246,Hyundai Elantra,Standard,2019-03-05,Los Angeles,2019-03-02,LAX International Airport,15:00,102
1247,Toyota Camry,Standard,2019-03-05,Los Angeles,2019-03-02,LAX International Airport,15:00,96
1248,Toyota Corolla,Standard,2019-03-05,Los Angeles,2019-03-02,LAX International Airport,15:00,90
1249,Ford Fusion,Standard,2019-03-05,,2019-03-02,LAX International Airport,15:00,120
1250,Honda Accord,Standard,2019-03-06,Phoenix,2019-03-01,Sky Harbor International Airport,13:30,130
1251,Toyota Camry,Standard,2019-03-06,Phoenix,2019-03-01,Sky Harbor International Airport,13:30,150
1252,Toyota Prius,Standard,2019-03-06,Phoenix,2019-03-01,Sky Harbor International Airport,13:30,145
1253,Honda Accord,Standard,2019-03-06,,2019-03-01,Sky Harbor International Airport,13:30,130
1254,Honda Civic,Standard,2019-03-14,Los Angeles,2019-03-09,Union Station,11:00,145
1255,Hyundai Elantra,Standard,2019-03-14,Los Angeles,2019-03-09,Union Station,11:00,185
1256,Toyota Corolla,Standard,2019-03-14,Los Angeles,2019-03-09,Union Station,11:00,165
1257,Honda Civic,Standard,2019-03-14,,2019-03-09,Union Station,11:00,170
1258,Honda Civic,Standard,2019-03-08,Las Vegas,2019-03-01,McCarran International Airport,12:00,266
1259,Toyota Prius,Standard,2019-03-08,Las Vegas,2019-03-01,Union Plaza,12:00,196
1260,Honda Civic,Standard,2019-03-08,,2019-03-01,McCarran International Airport,12:00,266
1261,Chevrolet Cruze,Standard,2019-03-06,San Francisco,2019-03-02,SFO International Airport,11:00,116
1262,Ford Fusion,Standard,2019-03-06,San Francisco,2019-03-02,SFO International Airport,11:00,160
1263,Honda Civic,Standard,2019-03-06,San Francisco,2019-03-02,Salesforce Transit Center,11:00,128
1264,Nissan Altima,Standard,2019-03-06,San Francisco,2019-03-02,SFO International Airport,11:00,124
1265,Nissan Sentra,Standard,2019-03-06,San Francisco,2019-03-02,Salesforce Transit Center,11:00,132
1266,Toyota Prius,Standard,2019-03-06,San Francisco,2019-03-02,SFO International Airport,11:00,144
1267,Chevrolet Cruze,Standard,2019-03-06,,2019-03-02,SFO International Airport,11:00,116
1268,Nissan Rogue,Full-size,2019-03-05,Seattle,2019-03-01,Seattle-Tacoma International Airport,15:00,184
1269,Subaru Forester,Full-size,2019-03-05,Seattle,2019-03-01,Seattle-Tacoma International Airport,15:00,172
1270,Toyota RAV4,Full-size,2019-03-05,Seattle,2019-03-01,King Street Station,15:00,184
1271,Toyota RAV4,Full-size,2019-03-05,,2019-03-01,King Street Station,15:00,184
1272,Honda Fit,Compact,2019-03-06,Toronto,2019-03-01,Toronto Pearson International Airport,15:00,155
1273,Kia Forte,Compact,2019-03-06,Toronto,2019-03-01,Toronto Pearson International Airport,15:00,150
1274,Honda Fit,Compact,2019-03-06,,2019-03-01,Toronto Pearson International Airport,15:00,155
1275,Chevrolet Cruze,Standard,2019-03-12,Philadelphia,2019-03-07,PHL International Airport,13:00,145
1276,Ford Fusion,Standard,2019-03-12,Philadelphia,2019-03-07,PHL International Airport,13:00,185
1277,Honda Civic,Standard,2019-03-12,Philadelphia,2019-03-07,PHL International Airport,13:00,155
1278,Hyundai Elantra,Standard,2019-03-12,Philadelphia,2019-03-07,Intercity Terminal,12:30,175
1279,Nissan Altima,Standard,2019-03-12,Philadelphia,2019-03-07,30th Street Station,12:30,125
1280,Toyota Corolla,Standard,2019-03-12,Philadelphia,2019-03-07,Intercity Terminal,12:30,155
1281,Toyota Prius,Standard,2019-03-12,Philadelphia,2019-03-07,Intercity Terminal,12:30,155
1282,Ford Fusion,Standard,2019-03-12,,2019-03-07,PHL International Airport,13:00,185
1283,Chevrolet Equinox,Full-size,2019-03-14,Toronto,2019-03-11,Toronto Pearson International Airport,09:30,129
1284,Hyundai Tucson,Full-size,2019-03-14,Toronto,2019-03-11,Toronto Pearson International Airport,09:30,111
1285,Subaru Forester,Full-size,2019-03-14,Toronto,2019-03-11,Toronto Pearson International Airport,09:30,138
1286,Chevrolet Equinox,Full-size,2019-03-14,,2019-03-11,Toronto Pearson International Airport,09:30,129
1287,Chevrolet Equinox,Full-size,2019-03-11,New York,2019-03-08,Port Authority Station,09:30,123
1288,Hyundai Tucson,Full-size,2019-03-11,New York,2019-03-08,Port Authority Station,09:30,126
1289,Ford Escape,Full-size,2019-03-11,New York,2019-03-08,JFK International Airport,10:00,129
1290,Subaru Forester,Full-size,2019-03-11,New York,2019-03-08,JFK International Airport,10:00,147
1291,Chevrolet Equinox,Full-size,2019-03-11,,2019-03-08,Port Authority Station,09:30,123
1292,Chevrolet Cruze,Standard,2019-03-13,Philadelphia,2019-03-11,30th Street Station,11:00,64
1293,Ford Fusion,Standard,2019-03-13,Philadelphia,2019-03-11,30th Street Station,11:00,54
1294,Hyundai Elantra,Standard,2019-03-13,Philadelphia,2019-03-11,Intercity Terminal,11:00,64
1295,Nissan Altima,Standard,2019-03-13,Philadelphia,2019-03-11,30th Street Station,11:00,66
1296,Nissan Sentra,Standard,2019-03-13,Philadelphia,2019-03-11,30th Street Station,11:00,66
1297,Toyota Corolla,Standard,2019-03-13,Philadelphia,2019-03-11,Intercity Terminal,11:00,58
1298,Toyota Prius,Standard,2019-03-13,Philadelphia,2019-03-11,Intercity Terminal,11:00,58
1299,Chevrolet Cruze,Standard,2019-03-13,,2019-03-11,30th Street Station,11:00,64
1300,Nissan Altima,Standard,2019-03-12,New York,2019-03-07,Port Authority Station,12:00,130
1301,Toyota Camry,Standard,2019-03-12,New York,2019-03-07,JFK International Airport,12:00,155
1302,Toyota Corolla,Standard,2019-03-12,New York,2019-03-07,Grand Central Station,12:00,140
1303,Toyota Prius,Standard,2019-03-12,New York,2019-03-07,Port Authority Station,12:00,155
1304,Toyota Corolla,Standard,2019-03-12,,2019-03-07,Grand Central Station,12:00,140
1305,Hyundai Tucson,Full-size,2019-03-02,Anaheim,2019-03-01,Anaheim Intermodal Center,10:00,48
1306,Nissan Rogue,Full-size,2019-03-02,Anaheim,2019-03-01,Anaheim Intermodal Center,10:00,47
1307,Toyota Highlander,Full-size,2019-03-02,Anaheim,2019-03-01,Anaheim Intermodal Center,10:00,34
1308,Ford Escape,Full-size,2019-03-02,Anaheim,2019-03-01,John Wayne Airport,09:30,48
1309,Subaru Forester,Full-size,2019-03-02,Anaheim,2019-03-01,John Wayne Airport,09:30,42
1310,Nissan Rogue,Full-size,2019-03-02,,2019-03-01,Anaheim Intermodal Center,10:00,47
1311,Honda Accord,Standard,2019-03-09,New York,2019-03-06,Grand Central Station,15:30,90
1312,Honda Civic,Standard,2019-03-09,New York,2019-03-06,JFK International Airport,15:30,93
1313,Hyundai Elantra,Standard,2019-03-09,New York,2019-03-06,Port Authority Station,15:30,96
1314,Nissan Altima,Standard,2019-03-09,New York,2019-03-06,Port Authority Station,15:30,96
1315,Toyota Camry,Standard,2019-03-09,New York,2019-03-06,JFK International Airport,15:30,108
1316,Toyota Corolla,Standard,2019-03-09,New York,2019-03-06,Grand Central Station,15:30,78
1317,Toyota Prius,Standard,2019-03-09,New York,2019-03-06,Port Authority Station,15:30,99
1318,Hyundai Elantra,Standard,2019-03-09,New York,2019-03-02,Port Authority Station,15:30,224
1319,Toyota Corolla,Standard,2019-03-09,New York,2019-03-02,Grand Central Station,15:30,203
1320,Chevrolet Bolt,Compact,2019-03-09,New York,2019-03-02,Port Authority Station,15:30,175
1321,Honda Fit,Compact,2019-03-09,New York,2019-03-02,Grand Central Station,15:30,182
1322,Kia Forte,Compact,2019-03-09,New York,2019-03-02,JFK International Airport,15:30,196
1323,Nissan Leaf,Compact,2019-03-09,New York,2019-03-02,Port Authority Station,15:30,175
1324,Chevrolet Bolt,Compact,2019-03-09,,2019-03-02,Port Authority Station,15:30,175
1325,Chevrolet Cruze,Standard,2019-03-04,Philadelphia,2019-03-03,30th Street Station,12:00,29
1326,Chevrolet Equinox,Full-size,2019-03-04,Philadelphia,2019-03-03,30th Street Station,12:00,37
1327,Ford Fusion,Standard,2019-03-04,Philadelphia,2019-03-03,30th Street Station,12:00,25
1328,Honda Fit,Compact,2019-03-04,Philadelphia,2019-03-03,Intercity Terminal,12:00,26
1329,Hyundai Elantra,Standard,2019-03-04,Philadelphia,2019-03-03,Intercity Terminal,12:00,31
1330,Jeep Cherokee,Full-size,2019-03-04,Philadelphia,2019-03-03,Intercity Terminal,12:00,36
1331,Mini Cooper,Compact,2019-03-04,Philadelphia,2019-03-03,Intercity Terminal,12:00,20
1332,Nissan Altima,Standard,2019-03-04,Philadelphia,2019-03-03,30th Street Station,12:00,31
1333,Nissan Leaf,Compact,2019-03-04,Philadelphia,2019-03-03,30th Street Station,12:00,22
1334,Nissan Rogue,Full-size,2019-03-04,Philadelphia,2019-03-03,30th Street Station,12:00,34
1335,Chevrolet Cruze,Standard,2019-03-04,,2019-03-03,30th Street Station,12:00,29
1336,Ford Fusion,Standard,2019-03-07,San Diego,2019-03-02,SAN International Airport,17:00,165
1337,Honda Accord,Standard,2019-03-07,San Diego,2019-03-02,Santa Fe Depot,17:00,175
1338,Hyundai Elantra,Standard,2019-03-07,San Diego,2019-03-02,SAN International Airport,17:00,145
1339,Nissan Sentra,Standard,2019-03-07,San Diego,2019-03-02,Santa Fe Depot,17:00,150
1340,Honda Accord,Standard,2019-03-07,,2019-03-02,Santa Fe Depot,17:00,175
1341,Honda Civic,Standard,2019-03-11,New York,2019-03-09,JFK International Airport,10:30,72
1342,Hyundai Elantra,Standard,2019-03-11,New York,2019-03-09,Port Authority Station,10:30,66
1343,Nissan Altima,Standard,2019-03-11,New York,2019-03-09,Port Authority Station,10:30,60
1344,Toyota Camry,Standard,2019-03-11,New York,2019-03-09,JFK International Airport,10:30,82
1345,Toyota Corolla,Standard,2019-03-11,New York,2019-03-09,JFK International Airport,10:30,64
1346,Toyota Prius,Standard,2019-03-11,New York,2019-03-09,Port Authority Station,10:30,64
1347,Honda Civic,Standard,2019-03-11,,2019-03-09,JFK International Airport,10:30,72
1348,Chevrolet Cruze,Standard,2019-03-12,,2019-03-10,Heathrow International Airport,16:30,64
1349,Mini Cooper,Compact,2019-03-08,,2019-03-07,O'Hare International Airport,18:00,27
1350,Toyota Camry,Standard,2019-03-12,,2019-03-10,LAX International Airport,17:30,62
1351,Toyota Corolla,Standard,2019-03-09,,2019-03-07,JFK International Airport,18:00,54
1352,Ford Escape,Full-size,2019-03-08,,2019-03-07,SFO International Airport,13:30,41
1353,Mini Cooper,Compact,2019-03-08,,2019-03-07,SFO International Airport,13:30,25
1354,Kia Forte,Compact,2019-03-13,,2019-03-12,SAN International Airport,18:00,29
1355,Chevrolet Bolt,Compact,2019-03-10,,2019-03-09,YVR International Airport,16:30,29
1356,Ford Escape,Full-size,2019-03-05,,2019-03-04,JFK International Airport,10:30,49
1357,Mini Cooper,Compact,2019-03-08,,2019-03-07,SFO International Airport,12:00,25
1358,Mini Cooper,Compact,2019-03-11,,2019-03-10,SFO International Airport,20:00,28
1359,Nissan Rogue,Full-size,2019-03-09,,2019-03-08,Heathrow International Airport,14:00,38
1360,Nissan Sentra,Standard,2019-03-08,,2019-03-05,Charles de Gaulle International Airport,13:30,96
1361,Chevrolet Cruze,Standard,2019-03-04,,2019-03-03,Hartsfield-Jackson International Airport,15:00,32
1362,Nissan Leaf,Compact,2019-03-12,,2019-03-11,JFK International Airport,13:00,34
1363,Ford Escape,Full-size,2019-03-10,,2019-03-07,JFK International Airport,11:30,114
1364,Honda CR-V,Full-size,2019-03-11,,2019-03-09,O'Hare International Airport,19:30,78
1365,Nissan Leaf,Compact,2019-03-05,,2019-03-03,Charles de Gaulle International Airport,16:30,52
1366,Jeep Cherokee,Full-size,2019-03-10,,2019-03-05,Intercity Terminal,19:30,180
1367,Mini Cooper,Compact,2019-03-10,,2019-03-06,SFO International Airport,17:30,120
1368,Hyundai Elantra,Standard,2019-03-03,,2019-03-02,YVR International Airport,16:30,36
1369,Chevrolet Cruze,Standard,2019-03-03,,2019-03-02,Hartsfield-Jackson International Airport,13:30,31
1370,Honda CR-V,Full-size,2019-03-09,,2019-03-06,O'Hare International Airport,20:00,117
1371,Chevrolet Bolt,Compact,2019-03-09,,2019-03-07,LAX International Airport,13:30,62
1372,Chevrolet Cruze,Standard,2019-03-12,,2019-03-11,PHL International Airport,18:00,33
1373,Chevrolet Bolt,Compact,2019-03-10,,2019-03-07,YVR International Airport,18:30,84
1374,Volkswagen GTI,Compact,2019-03-08,,2019-03-04,PHL International Airport,18:00,108
1375,Toyota Prius,Standard,2019-03-13,,2019-03-12,Sky Harbor International Airport,14:00,29
1376,Hyundai Elantra,Standard,2019-03-06,,2019-03-04,YVR International Airport,15:00,70
1377,Toyota Corolla,Standard,2019-03-03,,2019-03-02,JFK International Airport,17:00,31
1378,Chevrolet Bolt,Compact,2019-03-05,,2019-03-04,LAX International Airport,13:30,26
1379,Toyota Corolla,Standard,2019-03-11,,2019-03-10,JFK International Airport,14:00,38
1380,Chevrolet Cruze,Standard,2019-03-05,,2019-03-03,PHL International Airport,18:00,68
1381,Chevrolet Bolt,Compact,2019-03-08,,2019-03-04,LAX International Airport,17:00,96
1382,Toyota Corolla,Standard,2019-03-05,,2019-03-03,JFK International Airport,15:30,78
1383,Honda Civic,Standard,2019-03-11,,2019-03-09,Seattle-Tacoma International Airport,15:30,72
1384,Nissan Leaf,Compact,2019-03-09,,2019-03-05,Charles de Gaulle International Airport,16:30,104
1385,Nissan Altima,Standard,2019-03-07,,2019-03-06,SFO International Airport,20:00,29
1386,Kia Forte,Compact,2019-03-05,,2019-03-03,Heathrow International Airport,09:30,58
1387,Honda CR-V,Full-size,2019-03-11,,2019-03-06,O'Hare International Airport,18:00,235
1388,Toyota Corolla,Standard,2019-03-10,,2019-03-07,JFK International Airport,15:30,87
1389,Mini Cooper,Compact,2019-03-08,,2019-03-06,O'Hare International Airport,15:30,70
1390,Hyundai Elantra,Standard,2019-03-05,,2019-03-04,YVR International Airport,15:30,30
1391,Nissan Rogue,Full-size,2019-03-06,,2019-03-05,Sky Harbor International Airport,17:30,46
1392,Mini Cooper,Compact,2019-03-11,,2019-03-09,McCarran International Airport,17:00,66
1393,Toyota Highlander,Full-size,2019-03-06,,2019-03-04,Charles de Gaulle International Airport,19:00,84
1394,Volkswagen GTI,Compact,2019-03-05,,2019-03-03,Sky Harbor International Airport,18:00,64
1395,Mini Cooper,Compact,2019-03-10,,2019-03-06,SFO International Airport,19:30,120
1396,Chevrolet Equinox,Full-size,2019-03-11,,2019-03-07,LAX International Airport,16:00,196
1397,Nissan Leaf,Compact,2019-03-09,,2019-03-04,JFK International Airport,10:30,150
1398,Nissan Rogue,Full-size,2019-03-10,,2019-03-06,Sky Harbor International Airport,16:30,136
1399,Chevrolet Bolt,Compact,2019-03-07,,2019-03-05,Seattle-Tacoma International Airport,17:00,62
1400,Chevrolet Cruze,Standard,2019-03-07,,2019-03-02,Heathrow International Airport,15:30,130
1401,Kia Forte,Compact,2019-03-07,,2019-03-02,Heathrow International Airport,15:30,145
1402,Nissan Leaf,Compact,2019-03-10,,2019-03-08,Charles de Gaulle International Airport,16:30,52
1403,Nissan Sentra,Standard,2019-03-11,,2019-03-09,Benito Juarez International Airport,14:30,50
1404,Hyundai Tucson,Full-size,2019-03-05,,2019-03-04,Benito Juarez International Airport,14:00,33
1405,Honda Fit,Compact,2019-03-13,,2019-03-08,Charles de Gaulle International Airport,18:00,125
1406,Ford Escape,Full-size,2019-03-07,,2019-03-04,JFK International Airport,17:00,141
1407,Volkswagen GTI,Compact,2019-03-07,,2019-03-05,Sky Harbor International Airport,15:00,54
1408,Toyota Prius,Standard,2019-03-03,,2019-03-02,O'Hare International Airport,16:30,39
1409,Toyota Prius,Standard,2019-03-13,,2019-03-11,Sky Harbor International Airport,19:30,72
1410,Volkswagen GTI,Compact,2019-03-11,,2019-03-07,Hartsfield-Jackson International Airport,16:30,132
1411,Chevrolet Equinox,Full-size,2019-03-12,,2019-03-11,LAX International Airport,15:30,41
1412,Toyota Prius,Standard,2019-03-08,,2019-03-02,Charles de Gaulle International Airport,16:30,234
1413,Volkswagen GTI,Compact,2019-03-12,,2019-03-07,Hartsfield-Jackson International Airport,14:00,150
1414,Honda CR-V,Full-size,2019-03-08,,2019-03-04,O'Hare International Airport,12:30,176
1415,Nissan Leaf,Compact,2019-03-03,,2019-03-02,Charles de Gaulle International Airport,16:00,29
1416,Toyota Prius,Standard,2019-03-08,,2019-03-05,Sky Harbor International Airport,10:30,96
1417,Toyota Highlander,Full-size,2019-03-08,,2019-03-07,Charles de Gaulle International Airport,14:00,48
1418,Honda CR-V,Full-size,2019-03-05,,2019-03-02,O'Hare International Airport,18:30,150
1419,Ford Escape,Full-size,2019-03-08,,2019-03-07,SFO International Airport,16:00,41
1420,Nissan Leaf,Compact,2019-03-04,,2019-03-03,Charles de Gaulle International Airport,17:00,29
1421,Volkswagen GTI,Compact,2019-03-09,,2019-03-07,Hartsfield-Jackson International Airport,15:00,52
1422,Subaru Forester,Full-size,2019-03-09,,2019-03-06,Seattle-Tacoma International Airport,15:00,120
1423,Honda CR-V,Full-size,2019-03-09,,2019-03-08,O'Hare International Airport,19:30,50
1424,Volkswagen GTI,Compact,2019-03-13,,2019-03-08,Hartsfield-Jackson International Airport,14:00,170
1425,Chevrolet Cruze,Standard,2019-03-09,,2019-03-07,Heathrow International Airport,17:30,74
1426,Chevrolet Cruze,Standard,2019-03-08,San Francisco,2019-03-07,SFO International Airport,15:30,30
1427,Ford Fusion,Standard,2019-03-08,San Francisco,2019-03-07,SFO International Airport,15:30,29
1428,Honda Civic,Standard,2019-03-08,San Francisco,2019-03-07,Salesforce Transit Center,15:30,31
1429,Nissan Altima,Standard,2019-03-08,San Francisco,2019-03-07,SFO International Airport,15:30,37
1430,Nissan Sentra,Standard,2019-03-08,San Francisco,2019-03-07,Salesforce Transit Center,15:30,28
1431,Toyota Prius,Standard,2019-03-08,San Francisco,2019-03-07,SFO International Airport,15:30,34
1432,Chevrolet Cruze,Standard,2019-03-08,,2019-03-07,SFO International Airport,15:30,30
1433,Chevrolet Bolt,Compact,2019-03-05,San Francisco,2019-03-02,Salesforce Transit Center,12:00,69
1434,Kia Forte,Compact,2019-03-05,San Francisco,2019-03-02,SFO International Airport,12:00,81
1435,Mini Cooper,Compact,2019-03-05,San Francisco,2019-03-02,SFO International Airport,12:00,78
1436,Nissan Leaf,Compact,2019-03-05,San Francisco,2019-03-02,SFO International Airport,12:00,84
1437,Volkswagen GTI,Compact,2019-03-05,San Francisco,2019-03-02,SFO International Airport,12:00,84
1438,Chevrolet Bolt,Compact,2019-03-05,,2019-03-02,Salesforce Transit Center,12:00,69
1439,Chevrolet Cruze,Standard,2019-03-13,San Francisco,2019-03-11,SFO International Airport,09:30,78
1440,Ford Fusion,Standard,2019-03-13,San Francisco,2019-03-11,SFO International Airport,09:30,68
1441,Nissan Altima,Standard,2019-03-13,San Francisco,2019-03-11,SFO International Airport,09:30,68
1442,Toyota Prius,Standard,2019-03-13,San Francisco,2019-03-11,SFO International Airport,09:30,60
1443,Chevrolet Cruze,Standard,2019-03-13,,2019-03-11,SFO International Airport,09:30,78
1444,Chevrolet Cruze,Standard,2019-03-11,San Francisco,2019-03-10,SFO International Airport,14:00,35
1445,Ford Fusion,Standard,2019-03-11,San Francisco,2019-03-10,SFO International Airport,14:00,35
1446,Honda Civic,Standard,2019-03-11,San Francisco,2019-03-10,Salesforce Transit Center,14:00,27
1447,Nissan Altima,Standard,2019-03-11,San Francisco,2019-03-10,SFO International Airport,14:00,33
1448,Nissan Sentra,Standard,2019-03-11,San Francisco,2019-03-10,Salesforce Transit Center,14:00,34
1449,Toyota Prius,Standard,2019-03-11,San Francisco,2019-03-10,SFO International Airport,14:00,35
1450,Chevrolet Cruze,Standard,2019-03-11,,2019-03-10,SFO International Airport,14:00,35
1451,Chevrolet Cruze,Standard,2019-03-14,San Francisco,2019-03-13,SFO International Airport,12:00,28
1452,Ford Fusion,Standard,2019-03-14,San Francisco,2019-03-13,SFO International Airport,12:00,35
1453,Honda Civic,Standard,2019-03-14,San Francisco,2019-03-13,Salesforce Transit Center,12:00,33
1454,Nissan Altima,Standard,2019-03-14,San Francisco,2019-03-13,SFO International Airport,12:00,37
1455,Nissan Sentra,Standard,2019-03-14,San Francisco,2019-03-13,Salesforce Transit Center,12:00,37
1456,Toyota Prius,Standard,2019-03-14,San Francisco,2019-03-13,SFO International Airport,12:00,33
1457,Ford Fusion,Standard,2019-03-14,,2019-03-13,SFO International Airport,12:00,35
1458,Chevrolet Cruze,Standard,2019-03-04,San Francisco,2019-03-02,SFO International Airport,11:00,64
1459,Ford Fusion,Standard,2019-03-04,San Francisco,2019-03-02,SFO International Airport,11:00,74
1460,Honda Civic,Standard,2019-03-04,San Francisco,2019-03-02,Salesforce Transit Center,11:00,74
1461,Nissan Altima,Standard,2019-03-04,San Francisco,2019-03-02,SFO International Airport,11:00,74
1462,Nissan Sentra,Standard,2019-03-04,San Francisco,2019-03-02,Salesforce Transit Center,11:00,54
1463,Toyota Prius,Standard,2019-03-04,San Francisco,2019-03-02,SFO International Airport,11:00,72
1464,Chevrolet Cruze,Standard,2019-03-04,,2019-03-02,SFO International Airport,11:00,64
1465,Chevrolet Cruze,Standard,2019-03-10,San Francisco,2019-03-06,SFO International Airport,09:30,152
1466,Ford Fusion,Standard,2019-03-10,San Francisco,2019-03-06,SFO International Airport,09:30,128
1467,Nissan Altima,Standard,2019-03-10,San Francisco,2019-03-06,SFO International Airport,09:30,124
1468,Toyota Prius,Standard,2019-03-10,San Francisco,2019-03-06,SFO International Airport,09:30,120
1469,Chevrolet Cruze,Standard,2019-03-10,,2019-03-06,SFO International Airport,09:30,152
1470,Chevrolet Cruze,Standard,2019-03-09,San Francisco,2019-03-05,SFO International Airport,16:30,144
1471,Ford Fusion,Standard,2019-03-09,San Francisco,2019-03-05,SFO International Airport,16:30,136
1472,Honda Civic,Standard,2019-03-09,San Francisco,2019-03-05,Salesforce Transit Center,16:30,116
1473,Nissan Altima,Standard,2019-03-09,San Francisco,2019-03-05,SFO International Airport,16:30,156
1474,Nissan Sentra,Standard,2019-03-09,San Francisco,2019-03-05,Salesforce Transit Center,16:30,108
1475,Toyota Prius,Standard,2019-03-09,San Francisco,2019-03-05,SFO International Airport,16:30,136
1476,Chevrolet Cruze,Standard,2019-03-09,,2019-03-05,SFO International Airport,16:30,144
1477,Chevrolet Cruze,Standard,2019-03-02,San Francisco,2019-03-01,SFO International Airport,18:30,33
1478,Ford Fusion,Standard,2019-03-02,San Francisco,2019-03-01,SFO International Airport,18:30,37
1479,Nissan Altima,Standard,2019-03-02,San Francisco,2019-03-01,SFO International Airport,18:30,34
1480,Toyota Prius,Standard,2019-03-02,San Francisco,2019-03-01,SFO International Airport,18:30,34
1481,Chevrolet Cruze,Standard,2019-03-02,,2019-03-01,SFO International Airport,18:30,33
1482,Chevrolet Cruze,Standard,2019-03-12,San Francisco,2019-03-10,SFO International Airport,11:00,58
1483,Ford Fusion,Standard,2019-03-12,San Francisco,2019-03-10,SFO International Airport,11:00,62
1484,Honda Civic,Standard,2019-03-12,San Francisco,2019-03-10,Salesforce Transit Center,11:00,54
1485,Nissan Altima,Standard,2019-03-12,San Francisco,2019-03-10,SFO International Airport,11:00,62
1486,Nissan Sentra,Standard,2019-03-12,San Francisco,2019-03-10,Salesforce Transit Center,11:00,60
1487,Toyota Prius,Standard,2019-03-12,San Francisco,2019-03-10,SFO International Airport,11:00,60
1488,Chevrolet Cruze,Standard,2019-03-12,,2019-03-10,SFO International Airport,11:00,58
1489,Chevrolet Cruze,Standard,2019-03-11,San Francisco,2019-03-04,Salesforce Transit Center,12:00,231
1490,Chevrolet Cruze,Standard,2019-03-11,,2019-03-04,Salesforce Transit Center,12:00,231
1491,Chevrolet Cruze,Standard,2019-03-08,San Francisco,2019-03-03,SFO International Airport,10:30,175
1492,Ford Fusion,Standard,2019-03-08,San Francisco,2019-03-03,SFO International Airport,10:30,150
1493,Nissan Altima,Standard,2019-03-08,San Francisco,2019-03-03,SFO International Airport,10:30,180
1494,Toyota Prius,Standard,2019-03-08,San Francisco,2019-03-03,SFO International Airport,10:30,155
1495,Chevrolet Cruze,Standard,2019-03-08,,2019-03-03,SFO International Airport,10:30,175
1496,Chevrolet Cruze,Standard,2019-03-07,San Francisco,2019-03-02,SFO International Airport,19:30,145
1497,Nissan Altima,Standard,2019-03-07,San Francisco,2019-03-02,SFO International Airport,19:30,165
1498,Toyota Prius,Standard,2019-03-07,San Francisco,2019-03-02,SFO International Airport,19:30,135
1499,Nissan Altima,Standard,2019-03-07,,2019-03-02,SFO International Airport,19:30,165
1500,Chevrolet Cruze,Standard,2019-03-08,San Francisco,2019-03-02,SFO International Airport,14:00,186
1501,Nissan Altima,Standard,2019-03-08,San Francisco,2019-03-02,SFO International Airport,14:00,192
1502,Nissan Sentra,Standard,2019-03-08,San Francisco,2019-03-02,Salesforce Transit Center,14:00,162
1503,Chevrolet Cruze,Standard,2019-03-08,,2019-03-02,SFO International Airport,14:00,186
1504,Chevrolet Cruze,Standard,2019-03-11,San Francisco,2019-03-08,SFO International Airport,14:00,102
1505,Ford Fusion,Standard,2019-03-11,San Francisco,2019-03-08,SFO International Airport,14:00,105
1506,Honda Civic,Standard,2019-03-11,San Francisco,2019-03-08,Salesforce Transit Center,14:00,84
1507,Nissan Altima,Standard,2019-03-11,San Francisco,2019-03-08,SFO International Airport,14:00,102
1508,Nissan Sentra,Standard,2019-03-11,San Francisco,2019-03-08,Salesforce Transit Center,14:00,93
1509,Toyota Prius,Standard,2019-03-11,San Francisco,2019-03-08,SFO International Airport,14:00,81
1510,Chevrolet Cruze,Standard,2019-03-11,,2019-03-08,SFO International Airport,14:00,102
1511,Chevrolet Cruze,Standard,2019-03-10,San Francisco,2019-03-07,SFO International Airport,13:30,114
1512,Ford Fusion,Standard,2019-03-10,San Francisco,2019-03-07,SFO International Airport,13:30,102
1513,Honda Civic,Standard,2019-03-10,San Francisco,2019-03-07,Salesforce Transit Center,13:30,96
1514,Nissan Altima,Standard,2019-03-10,San Francisco,2019-03-07,SFO International Airport,13:30,87
1515,Nissan Sentra,Standard,2019-03-10,San Francisco,2019-03-07,Salesforce Transit Center,13:30,87
1516,Toyota Prius,Standard,2019-03-10,San Francisco,2019-03-07,SFO International Airport,13:30,105
1517,Ford Fusion,Standard,2019-03-10,,2019-03-07,SFO International Airport,13:30,102
1518,Chevrolet Cruze,Standard,2019-03-13,San Francisco,2019-03-09,SFO International Airport,14:00,140
1519,Ford Fusion,Standard,2019-03-13,San Francisco,2019-03-09,SFO International Airport,14:00,156
1520,Honda Civic,Standard,2019-03-13,San Francisco,2019-03-09,Salesforce Transit Center,14:00,112
1521,Nissan Altima,Standard,2019-03-13,San Francisco,2019-03-09,SFO International Airport,14:00,136
1522,Nissan Sentra,Standard,2019-03-13,San Francisco,2019-03-09,Salesforce Transit Center,14:00,112
1523,Toyota Prius,Standard,2019-03-13,San Francisco,2019-03-09,SFO International Airport,14:00,152
1524,Ford Fusion,Standard,2019-03-13,,2019-03-09,SFO International Airport,14:00,156
1525,Chevrolet Cruze,Standard,2019-03-05,San Francisco,2019-03-04,SFO International Airport,18:30,33
1526,Ford Fusion,Standard,2019-03-05,San Francisco,2019-03-04,SFO International Airport,18:30,36
1527,Nissan Altima,Standard,2019-03-05,San Francisco,2019-03-04,SFO International Airport,18:30,29
1528,Toyota Prius,Standard,2019-03-05,San Francisco,2019-03-04,SFO International Airport,18:30,29
1529,Chevrolet Cruze,Standard,2019-03-05,,2019-03-04,SFO International Airport,18:30,33
1530,Chevrolet Cruze,Standard,2019-03-09,San Francisco,2019-03-07,SFO International Airport,13:30,68
1531,Ford Fusion,Standard,2019-03-09,San Francisco,2019-03-07,SFO International Airport,13:30,62
1532,Honda Civic,Standard,2019-03-09,San Francisco,2019-03-07,Salesforce Transit Center,13:30,64
1533,Nissan Altima,Standard,2019-03-09,San Francisco,2019-03-07,SFO International Airport,13:30,62
1534,Nissan Sentra,Standard,2019-03-09,San Francisco,2019-03-07,Salesforce Transit Center,13:30,56
1535,Toyota Prius,Standard,2019-03-09,San Francisco,2019-03-07,SFO International Airport,13:30,68
1536,Chevrolet Cruze,Standard,2019-03-09,,2019-03-07,SFO International Airport,13:30,68
1537,Chevrolet Cruze,Standard,2019-03-08,San Francisco,2019-03-06,SFO International Airport,12:00,64
1538,Ford Fusion,Standard,2019-03-08,San Francisco,2019-03-06,SFO International Airport,12:00,76
1539,Honda Civic,Standard,2019-03-08,San Francisco,2019-03-06,Salesforce Transit Center,12:00,70
1540,Nissan Altima,Standard,2019-03-08,San Francisco,2019-03-06,SFO International Airport,12:00,62
1541,Nissan Sentra,Standard,2019-03-08,San Francisco,2019-03-06,Salesforce Transit Center,12:00,64
1542,Toyota Prius,Standard,2019-03-08,San Francisco,2019-03-06,SFO International Airport,12:00,72
1543,Chevrolet Cruze,Standard,2019-03-08,,2019-03-06,SFO International Airport,12:00,64
1544,Chevrolet Cruze,Standard,2019-03-06,San Francisco,2019-03-04,SFO International Airport,14:00,74
1545,Ford Fusion,Standard,2019-03-06,San Francisco,2019-03-04,SFO International Airport,14:00,56
1546,Honda Civic,Standard,2019-03-06,San Francisco,2019-03-04,Salesforce Transit Center,14:00,64
1547,Nissan Altima,Standard,2019-03-06,San Francisco,2019-03-04,SFO International Airport,14:00,64
1548,Nissan Sentra,Standard,2019-03-06,San Francisco,2019-03-04,Salesforce Transit Center,14:00,60
1549,Toyota Prius,Standard,2019-03-06,San Francisco,2019-03-04,SFO International Airport,14:00,64
1550,Ford Fusion,Standard,2019-03-06,,2019-03-04,SFO International Airport,14:00,56
1551,Chevrolet Cruze,Standard,2019-03-04,San Francisco,2019-03-02,SFO International Airport,14:00,64
1552,Ford Fusion,Standard,2019-03-04,San Francisco,2019-03-02,SFO International Airport,14:00,74
1553,Honda Civic,Standard,2019-03-04,San Francisco,2019-03-02,Salesforce Transit Center,14:00,74
1554,Nissan Altima,Standard,2019-03-04,San Francisco,2019-03-02,SFO International Airport,14:00,74
1555,Nissan Sentra,Standard,2019-03-04,San Francisco,2019-03-02,Salesforce Transit Center,14:00,54
1556,Toyota Prius,Standard,2019-03-04,San Francisco,2019-03-02,SFO International Airport,14:00,72
1557,Chevrolet Cruze,Standard,2019-03-04,,2019-03-02,SFO International Airport,14:00,64
1558,Chevrolet Cruze,Standard,2019-03-10,San Francisco,2019-03-07,SFO International Airport,12:00,114
1559,Ford Fusion,Standard,2019-03-10,San Francisco,2019-03-07,SFO International Airport,12:00,102
1560,Honda Civic,Standard,2019-03-10,San Francisco,2019-03-07,Salesforce Transit Center,12:00,96
1561,Nissan Altima,Standard,2019-03-10,San Francisco,2019-03-07,SFO International Airport,12:00,87
1562,Nissan Sentra,Standard,2019-03-10,San Francisco,2019-03-07,Salesforce Transit Center,12:00,87
1563,Toyota Prius,Standard,2019-03-10,San Francisco,2019-03-07,SFO International Airport,12:00,105
1564,Ford Fusion,Standard,2019-03-10,,2019-03-07,SFO International Airport,12:00,102
1565,Chevrolet Bolt,Compact,2019-03-05,San Francisco,2019-03-03,Salesforce Transit Center,12:30,52
1566,Kia Forte,Compact,2019-03-05,San Francisco,2019-03-03,SFO International Airport,12:30,64
1567,Mini Cooper,Compact,2019-03-05,San Francisco,2019-03-03,SFO International Airport,12:30,50
1568,Nissan Leaf,Compact,2019-03-05,San Francisco,2019-03-03,SFO International Airport,12:30,58
1569,Volkswagen GTI,Compact,2019-03-05,San Francisco,2019-03-03,SFO International Airport,12:30,66
1570,Chevrolet Bolt,Compact,2019-03-05,,2019-03-03,Salesforce Transit Center,12:30,52
1571,Chevrolet Cruze,Standard,2019-03-11,San Francisco,2019-03-10,SFO International Airport,09:30,35
1572,Ford Fusion,Standard,2019-03-11,San Francisco,2019-03-10,SFO International Airport,09:30,35
1573,Nissan Altima,Standard,2019-03-11,San Francisco,2019-03-10,SFO International Airport,09:30,33
1574,Toyota Prius,Standard,2019-03-11,San Francisco,2019-03-10,SFO International Airport,09:30,35
1575,Chevrolet Cruze,Standard,2019-03-11,,2019-03-10,SFO International Airport,09:30,35
1576,Chevrolet Cruze,Standard,2019-03-08,San Francisco,2019-03-04,SFO International Airport,09:30,140
1577,Ford Fusion,Standard,2019-03-08,San Francisco,2019-03-04,SFO International Airport,09:30,148
1578,Nissan Altima,Standard,2019-03-08,San Francisco,2019-03-04,SFO International Airport,09:30,144
1579,Toyota Prius,Standard,2019-03-08,San Francisco,2019-03-04,SFO International Airport,09:30,148
1580,Ford Fusion,Standard,2019-03-08,,2019-03-04,SFO International Airport,09:30,148
1581,Chevrolet Cruze,Standard,2019-03-12,San Francisco,2019-03-08,SFO International Airport,14:00,152
1582,Ford Fusion,Standard,2019-03-12,San Francisco,2019-03-08,SFO International Airport,14:00,124
1583,Honda Civic,Standard,2019-03-12,San Francisco,2019-03-08,Salesforce Transit Center,14:00,124
1584,Nissan Altima,Standard,2019-03-12,San Francisco,2019-03-08,SFO International Airport,14:00,124
1585,Nissan Sentra,Standard,2019-03-12,San Francisco,2019-03-08,Salesforce Transit Center,14:00,108
1586,Toyota Prius,Standard,2019-03-12,San Francisco,2019-03-08,SFO International Airport,14:00,124
1587,Chevrolet Cruze,Standard,2019-03-12,,2019-03-08,SFO International Airport,14:00,152
1588,Chevrolet Bolt,Compact,2019-03-09,San Francisco,2019-03-08,Salesforce Transit Center,14:00,26
1589,Kia Forte,Compact,2019-03-09,San Francisco,2019-03-08,SFO International Airport,14:00,27
1590,Mini Cooper,Compact,2019-03-09,San Francisco,2019-03-08,SFO International Airport,14:00,24
1591,Nissan Leaf,Compact,2019-03-09,San Francisco,2019-03-08,SFO International Airport,14:00,30
1592,Volkswagen GTI,Compact,2019-03-09,San Francisco,2019-03-08,SFO International Airport,14:00,34
1593,Chevrolet Bolt,Compact,2019-03-09,,2019-03-08,Salesforce Transit Center,14:00,26
1594,Kia Forte,Compact,2019-03-07,San Francisco,2019-03-01,SFO International Airport,15:30,174
1595,Mini Cooper,Compact,2019-03-07,San Francisco,2019-03-01,SFO International Airport,15:30,162
1596,Nissan Leaf,Compact,2019-03-07,San Francisco,2019-03-01,SFO International Airport,15:30,162
1597,Volkswagen GTI,Compact,2019-03-07,San Francisco,2019-03-01,SFO International Airport,15:30,156
1598,Kia Forte,Compact,2019-03-07,,2019-03-01,SFO International Airport,15:30,174
1599,Chevrolet Cruze,Standard,2019-03-06,San Francisco,2019-03-05,SFO International Airport,14:00,30
1600,Ford Fusion,Standard,2019-03-06,San Francisco,2019-03-05,SFO International Airport,14:00,39
1601,Honda Civic,Standard,2019-03-06,San Francisco,2019-03-05,Salesforce Transit Center,14:00,33
1602,Nissan Altima,Standard,2019-03-06,San Francisco,2019-03-05,SFO International Airport,14:00,32
1603,Nissan Sentra,Standard,2019-03-06,San Francisco,2019-03-05,Salesforce Transit Center,14:00,28
1604,Toyota Prius,Standard,2019-03-06,San Francisco,2019-03-05,SFO International Airport,14:00,28
1605,Chevrolet Cruze,Standard,2019-03-06,,2019-03-05,SFO International Airport,14:00,30
1606,Chevrolet Cruze,Standard,2019-03-09,San Jose,2019-03-06,Diridon Station,10:30,102
1607,Honda Civic,Standard,2019-03-09,San Jose,2019-03-06,Diridon Station,10:30,75
1608,Hyundai Elantra,Standard,2019-03-09,San Jose,2019-03-06,Diridon Station,10:30,81
1609,Toyota Corolla,Standard,2019-03-09,San Jose,2019-03-06,Diridon Station,10:30,84
1610,Honda Civic,Standard,2019-03-09,,2019-03-06,Diridon Station,10:30,75
1611,Chevrolet Cruze,Standard,2019-03-03,San Francisco,2019-03-02,SFO International Airport,16:30,35
1612,Ford Fusion,Standard,2019-03-03,San Francisco,2019-03-02,SFO International Airport,16:30,30
1613,Honda Civic,Standard,2019-03-03,San Francisco,2019-03-02,Salesforce Transit Center,16:30,26
1614,Nissan Altima,Standard,2019-03-03,San Francisco,2019-03-02,SFO International Airport,16:30,36
1615,Nissan Sentra,Standard,2019-03-03,San Francisco,2019-03-02,Salesforce Transit Center,16:30,29
1616,Toyota Prius,Standard,2019-03-03,San Francisco,2019-03-02,SFO International Airport,16:30,36
1617,Chevrolet Bolt,Compact,2019-03-03,San Francisco,2019-03-02,Salesforce Transit Center,16:30,25
1618,Ford Escape,Full-size,2019-03-03,San Francisco,2019-03-02,SFO International Airport,16:30,40
1619,Hyundai Tucson,Full-size,2019-03-03,San Francisco,2019-03-02,Salesforce Transit Center,16:30,40
1620,Kia Forte,Compact,2019-03-03,San Francisco,2019-03-02,SFO International Airport,16:30,26
1621,Mini Cooper,Compact,2019-03-03,San Francisco,2019-03-02,SFO International Airport,16:30,24
1622,Nissan Leaf,Compact,2019-03-03,San Francisco,2019-03-02,SFO International Airport,16:30,29
1623,Chevrolet Bolt,Compact,2019-03-03,,2019-03-02,Salesforce Transit Center,16:30,25
1624,Ford Escape,Full-size,2019-03-04,San Francisco,2019-03-01,SFO International Airport,15:00,135
1625,Hyundai Tucson,Full-size,2019-03-04,San Francisco,2019-03-01,Salesforce Transit Center,15:00,126
1626,Toyota Highlander,Full-size,2019-03-04,San Francisco,2019-03-01,Salesforce Transit Center,15:00,129
1627,Ford Escape,Full-size,2019-03-04,,2019-03-01,SFO International Airport,15:00,135
1628,Chevrolet Cruze,Standard,2019-03-10,,2019-03-07,SFO International Airport,12:00,114
1629,Chevrolet Cruze,Standard,2019-03-04,San Francisco,2019-03-03,SFO International Airport,13:30,38
1630,Ford Fusion,Standard,2019-03-04,San Francisco,2019-03-03,SFO International Airport,13:30,35
1631,Honda Civic,Standard,2019-03-04,San Francisco,2019-03-03,Salesforce Transit Center,13:30,31
1632,Nissan Altima,Standard,2019-03-04,San Francisco,2019-03-03,SFO International Airport,13:30,30
1633,Nissan Sentra,Standard,2019-03-04,San Francisco,2019-03-03,Salesforce Transit Center,13:30,27
1634,Toyota Prius,Standard,2019-03-04,San Francisco,2019-03-03,SFO International Airport,13:30,30
1635,Chevrolet Cruze,Standard,2019-03-04,,2019-03-03,SFO International Airport,13:30,38
1636,Chevrolet Cruze,Standard,2019-03-11,San Francisco,2019-03-08,SFO International Airport,12:30,102
1637,Ford Fusion,Standard,2019-03-11,San Francisco,2019-03-08,SFO International Airport,12:30,105
1638,Honda Civic,Standard,2019-03-11,San Francisco,2019-03-08,Salesforce Transit Center,12:30,84
1639,Nissan Altima,Standard,2019-03-11,San Francisco,2019-03-08,SFO International Airport,12:30,102
1640,Nissan Sentra,Standard,2019-03-11,San Francisco,2019-03-08,Salesforce Transit Center,12:30,93
1641,Toyota Prius,Standard,2019-03-11,San Francisco,2019-03-08,SFO International Airport,12:30,81
1642,Chevrolet Cruze,Standard,2019-03-11,,2019-03-08,SFO International Airport,12:30,102
1643,Chevrolet Cruze,Standard,2019-03-12,San Francisco,2019-03-10,SFO International Airport,16:30,58
1644,Ford Fusion,Standard,2019-03-12,San Francisco,2019-03-10,SFO International Airport,16:30,62
1645,Honda Civic,Standard,2019-03-12,San Francisco,2019-03-10,Salesforce Transit Center,16:30,54
1646,Nissan Altima,Standard,2019-03-12,San Francisco,2019-03-10,SFO International Airport,16:30,62
1647,Nissan Sentra,Standard,2019-03-12,San Francisco,2019-03-10,Salesforce Transit Center,16:30,60
1648,Toyota Prius,Standard,2019-03-12,San Francisco,2019-03-10,SFO International Airport,16:30,60
1649,Chevrolet Cruze,Standard,2019-03-12,,2019-03-10,SFO International Airport,16:30,58
1650,Ford Escape,Full-size,2019-03-08,San Francisco,2019-03-06,SFO International Airport,14:00,86
1651,Hyundai Tucson,Full-size,2019-03-08,San Francisco,2019-03-06,Salesforce Transit Center,14:00,80
1652,Toyota Highlander,Full-size,2019-03-08,San Francisco,2019-03-06,Salesforce Transit Center,14:00,82
1653,Ford Escape,Full-size,2019-03-08,,2019-03-06,SFO International Airport,14:00,86
1654,Chevrolet Cruze,Standard,2019-03-08,San Francisco,2019-03-05,SFO International Airport,15:00,108
1655,Ford Fusion,Standard,2019-03-08,San Francisco,2019-03-05,SFO International Airport,15:00,81
1656,Honda Civic,Standard,2019-03-08,San Francisco,2019-03-05,Salesforce Transit Center,15:00,90
1657,Nissan Altima,Standard,2019-03-08,San Francisco,2019-03-05,SFO International Airport,15:00,96
1658,Nissan Sentra,Standard,2019-03-08,San Francisco,2019-03-05,Salesforce Transit Center,15:00,69
1659,Toyota Prius,Standard,2019-03-08,San Francisco,2019-03-05,SFO International Airport,15:00,111
1660,Chevrolet Cruze,Standard,2019-03-08,San Francisco,2019-03-02,SFO International Airport,15:00,186
1661,Nissan Altima,Standard,2019-03-08,San Francisco,2019-03-02,SFO International Airport,15:00,192
1662,Nissan Altima,Standard,2019-03-08,,2019-03-02,SFO International Airport,15:00,192
1663,Chevrolet Cruze,Standard,2019-03-03,San Francisco,2019-03-02,SFO International Airport,18:30,35
1664,Ford Fusion,Standard,2019-03-03,San Francisco,2019-03-02,SFO International Airport,18:30,30
1665,Nissan Altima,Standard,2019-03-03,San Francisco,2019-03-02,SFO International Airport,18:30,36
1666,Toyota Prius,Standard,2019-03-03,San Francisco,2019-03-02,SFO International Airport,18:30,36
1667,Chevrolet Cruze,Standard,2019-03-03,,2019-03-02,SFO International Airport,18:30,35
1668,Honda Civic,Standard,2019-03-14,San Francisco,2019-03-07,Salesforce Transit Center,11:00,189
1669,Nissan Altima,Standard,2019-03-14,San Francisco,2019-03-07,SFO International Airport,11:00,252
1670,Nissan Sentra,Standard,2019-03-14,San Francisco,2019-03-07,Salesforce Transit Center,11:00,175
1671,Nissan Altima,Standard,2019-03-14,,2019-03-07,SFO International Airport,11:00,252
1672,Chevrolet Cruze,Standard,2019-03-12,San Francisco,2019-03-08,SFO International Airport,15:00,152
1673,Ford Fusion,Standard,2019-03-12,San Francisco,2019-03-08,SFO International Airport,15:00,124
1674,Honda Civic,Standard,2019-03-12,San Francisco,2019-03-08,Salesforce Transit Center,15:00,124
1675,Nissan Altima,Standard,2019-03-12,San Francisco,2019-03-08,SFO International Airport,15:00,124
1676,Nissan Sentra,Standard,2019-03-12,San Francisco,2019-03-08,Salesforce Transit Center,15:00,108
1677,Toyota Prius,Standard,2019-03-12,San Francisco,2019-03-08,SFO International Airport,15:00,124
1678,Kia Forte,Compact,2019-03-12,San Francisco,2019-03-07,SFO International Airport,15:00,100
1679,Mini Cooper,Compact,2019-03-12,San Francisco,2019-03-07,SFO International Airport,15:00,155
1680,Nissan Leaf,Compact,2019-03-12,San Francisco,2019-03-07,SFO International Airport,15:00,125
1681,Volkswagen GTI,Compact,2019-03-12,San Francisco,2019-03-07,Salesforce Transit Center,15:00,150
1682,Mini Cooper,Compact,2019-03-12,,2019-03-07,SFO International Airport,15:00,155
1683,Chevrolet Cruze,Standard,2019-03-08,San Francisco,2019-03-05,SFO International Airport,12:30,108
1684,Ford Fusion,Standard,2019-03-08,San Francisco,2019-03-05,SFO International Airport,12:30,81
1685,Honda Civic,Standard,2019-03-08,San Francisco,2019-03-05,Salesforce Transit Center,12:30,90
1686,Nissan Altima,Standard,2019-03-08,San Francisco,2019-03-05,SFO International Airport,12:30,96
1687,Nissan Sentra,Standard,2019-03-08,San Francisco,2019-03-05,Salesforce Transit Center,12:30,69
1688,Toyota Prius,Standard,2019-03-08,San Francisco,2019-03-05,SFO International Airport,12:30,111
1689,Chevrolet Bolt,Compact,2019-03-08,San Francisco,2019-03-05,Salesforce Transit Center,12:30,72
1690,Kia Forte,Compact,2019-03-08,San Francisco,2019-03-05,SFO International Airport,12:30,84
1691,Mini Cooper,Compact,2019-03-08,San Francisco,2019-03-05,SFO International Airport,12:30,90
1692,Nissan Leaf,Compact,2019-03-08,San Francisco,2019-03-05,SFO International Airport,12:30,93
1693,Volkswagen GTI,Compact,2019-03-08,San Francisco,2019-03-05,SFO International Airport,12:30,75
1694,Chevrolet Bolt,Compact,2019-03-08,,2019-03-05,Salesforce Transit Center,12:30,72
1695,Chevrolet Cruze,Standard,2019-03-03,San Francisco,2019-03-01,SFO International Airport,18:00,50
1696,Ford Fusion,Standard,2019-03-03,San Francisco,2019-03-01,SFO International Airport,18:00,76
1697,Honda Civic,Standard,2019-03-03,San Francisco,2019-03-01,Salesforce Transit Center,18:00,58
1698,Nissan Altima,Standard,2019-03-03,San Francisco,2019-03-01,SFO International Airport,18:00,62
1699,Nissan Sentra,Standard,2019-03-03,San Francisco,2019-03-01,Salesforce Transit Center,18:00,70
1700,Toyota Prius,Standard,2019-03-03,San Francisco,2019-03-01,SFO International Airport,18:00,62
1701,Chevrolet Cruze,Standard,2019-03-03,,2019-03-01,SFO International Airport,18:00,50
1702,Honda Accord,Standard,2019-03-07,Washington,2019-03-04,Union Station,14:00,102
1703,Honda Civic,Standard,2019-03-07,Washington,2019-03-04,Union Station,14:00,93
1704,Toyota Camry,Standard,2019-03-07,Washington,2019-03-04,Dulles International Airport,14:00,105
1705,Toyota Prius,Standard,2019-03-07,Washington,2019-03-04,Dulles International Airport,14:00,102
1706,Toyota Corolla,Standard,2019-03-13,Philadelphia,2019-03-06,Intercity Terminal,10:30,210
1707,Toyota Prius,Standard,2019-03-13,Philadelphia,2019-03-06,Intercity Terminal,10:30,224
1708,Honda Accord,Standard,2019-03-14,Vancouver,2019-03-10,YVR International Airport,12:00,144
1709,Hyundai Elantra,Standard,2019-03-14,Vancouver,2019-03-10,YVR International Airport,12:00,152
1710,Nissan Altima,Standard,2019-03-14,Vancouver,2019-03-10,YVR International Airport,12:00,132
1711,Toyota Corolla,Standard,2019-03-14,Vancouver,2019-03-10,YVR International Airport,12:00,148
1712,Nissan Sentra,Standard,2019-03-05,Vancouver,2019-03-03,Pacific Central Station,16:30,58
1713,Toyota Corolla,Standard,2019-03-05,Vancouver,2019-03-03,YVR International Airport,16:30,80
1714,Toyota Prius,Standard,2019-03-05,Vancouver,2019-03-03,Pacific Central Station,16:30,62
1715,Chevrolet Cruze,Standard,2019-03-07,San Francisco,2019-03-03,SFO International Airport,15:00,148
1716,Ford Fusion,Standard,2019-03-07,San Francisco,2019-03-03,SFO International Airport,15:00,124
1717,Honda Civic,Standard,2019-03-07,San Francisco,2019-03-03,Salesforce Transit Center,15:00,116
1718,Nissan Altima,Standard,2019-03-07,San Francisco,2019-03-03,SFO International Airport,15:00,128
1719,Nissan Sentra,Standard,2019-03-07,San Francisco,2019-03-03,Salesforce Transit Center,15:00,116
1720,Toyota Prius,Standard,2019-03-07,San Francisco,2019-03-03,SFO International Airport,15:00,124
1721,Chevrolet Cruze,Standard,2019-03-06,Philadelphia,2019-03-03,PHL International Airport,15:00,90
1722,Ford Fusion,Standard,2019-03-06,Philadelphia,2019-03-03,PHL International Airport,15:00,105
1723,Honda Civic,Standard,2019-03-06,Philadelphia,2019-03-03,PHL International Airport,15:00,93
1724,Hyundai Elantra,Standard,2019-03-06,Philadelphia,2019-03-03,Intercity Terminal,15:00,81
1725,Nissan Altima,Standard,2019-03-06,Philadelphia,2019-03-03,30th Street Station,15:00,90
1726,Nissan Sentra,Standard,2019-03-06,Philadelphia,2019-03-03,30th Street Station,15:00,81
1727,Toyota Corolla,Standard,2019-03-06,Philadelphia,2019-03-03,Intercity Terminal,15:00,96
1728,Toyota Prius,Standard,2019-03-06,Philadelphia,2019-03-03,Intercity Terminal,15:00,105
1729,Honda Accord,Standard,2019-03-04,Washington,2019-03-02,Union Station,15:00,58
1730,Honda Civic,Standard,2019-03-04,Washington,2019-03-02,Union Station,15:00,60
1731,Toyota Camry,Standard,2019-03-04,Washington,2019-03-02,Dulles International Airport,15:00,54
1732,Toyota Prius,Standard,2019-03-04,Washington,2019-03-02,Dulles International Airport,15:00,62
1733,Chevrolet Bolt,Compact,2019-03-04,Washington,2019-03-02,Dulles International Airport,12:00,56
1734,Honda Fit,Compact,2019-03-04,Washington,2019-03-02,Dulles International Airport,12:00,58
1735,Nissan Leaf,Compact,2019-03-04,Washington,2019-03-02,Dulles International Airport,12:00,48
1736,Volkswagen Golf,Compact,2019-03-04,Washington,2019-03-02,Dulles International Airport,12:00,60
1737,Hyundai Elantra,Standard,2019-03-13,Philadelphia,2019-03-08,Intercity Terminal,19:30,145
1738,Nissan Altima,Standard,2019-03-13,Philadelphia,2019-03-08,Intercity Terminal,19:30,170
1739,Toyota Corolla,Standard,2019-03-13,Philadelphia,2019-03-08,Intercity Terminal,19:30,135
1740,Toyota Prius,Standard,2019-03-13,Philadelphia,2019-03-08,Intercity Terminal,19:30,130
1741,Honda Accord,Standard,2019-03-12,New York,2019-03-09,Grand Central Station,16:30,81
1742,Honda Civic,Standard,2019-03-12,New York,2019-03-09,JFK International Airport,16:30,114
1743,Hyundai Elantra,Standard,2019-03-12,New York,2019-03-09,Port Authority Station,16:30,90
1744,Nissan Altima,Standard,2019-03-12,New York,2019-03-09,Port Authority Station,16:30,90
1745,Toyota Camry,Standard,2019-03-12,New York,2019-03-09,JFK International Airport,16:30,105
1746,Toyota Corolla,Standard,2019-03-12,New York,2019-03-09,Grand Central Station,16:30,84
1747,Toyota Prius,Standard,2019-03-12,New York,2019-03-09,Port Authority Station,16:30,84
1748,Honda Accord,Standard,2019-03-10,New York,2019-03-06,Grand Central Station,14:00,104
1749,Honda Civic,Standard,2019-03-10,New York,2019-03-06,JFK International Airport,14:00,120
1750,Hyundai Elantra,Standard,2019-03-10,New York,2019-03-06,Port Authority Station,14:00,128
1751,Nissan Altima,Standard,2019-03-10,New York,2019-03-06,Port Authority Station,14:00,128
1752,Toyota Camry,Standard,2019-03-10,New York,2019-03-06,JFK International Airport,14:00,148
1753,Toyota Corolla,Standard,2019-03-10,New York,2019-03-06,Grand Central Station,14:00,148
1754,Toyota Prius,Standard,2019-03-10,New York,2019-03-06,Port Authority Station,14:00,116
1755,Ford Fusion,Standard,2019-03-14,Seattle,2019-03-10,King Street Station,16:30,104
1756,Honda Civic,Standard,2019-03-14,Seattle,2019-03-10,Seattle-Tacoma International Airport,16:30,116
1757,Hyundai Elantra,Standard,2019-03-14,Seattle,2019-03-10,King Street Station,16:30,108
1758,Nissan Sentra,Standard,2019-03-14,Seattle,2019-03-10,Seattle-Tacoma International Airport,16:30,132
1759,Toyota Prius,Standard,2019-03-14,Seattle,2019-03-10,Seattle-Tacoma International Airport,16:30,136
1760,Chevrolet Bolt,Compact,2019-03-14,Seattle,2019-03-10,Seattle-Tacoma International Airport,16:30,96
1761,Honda Fit,Compact,2019-03-14,Seattle,2019-03-10,King Street Station,16:30,92
1762,Kia Forte,Compact,2019-03-14,Seattle,2019-03-10,Seattle-Tacoma International Airport,16:30,116
1763,Nissan Leaf,Compact,2019-03-14,Seattle,2019-03-10,King Street Station,16:30,92
1764,Volkswagen GTI,Compact,2019-03-14,Seattle,2019-03-10,Seattle-Tacoma International Airport,16:30,108
1765,Honda Accord,Standard,2019-03-11,Portland,2019-03-07,Portland Bus Station,20:00,152
1766,Nissan Sentra,Standard,2019-03-11,Portland,2019-03-07,Portland Bus Station,20:00,120
1767,Toyota Camry,Standard,2019-03-11,Portland,2019-03-07,Portland Bus Station,20:00,120
1768,Toyota Prius,Standard,2019-03-11,Portland,2019-03-07,Portland Bus Station,20:00,128
1769,Hyundai Elantra,Standard,2019-03-11,Philadelphia,2019-03-07,Intercity Terminal,20:00,116
1770,Nissan Altima,Standard,2019-03-11,Philadelphia,2019-03-07,Intercity Terminal,20:00,124
1771,Toyota Corolla,Standard,2019-03-11,Philadelphia,2019-03-07,Intercity Terminal,20:00,116
1772,Toyota Prius,Standard,2019-03-11,Philadelphia,2019-03-07,Intercity Terminal,20:00,120
1773,Hyundai Elantra,Standard,2019-03-11,Philadelphia,2019-03-06,Intercity Terminal,20:00,135
1774,Toyota Corolla,Standard,2019-03-11,Philadelphia,2019-03-06,Intercity Terminal,20:00,150
1775,Honda Civic,Standard,2019-03-08,Seattle,2019-03-07,Seattle-Tacoma International Airport,13:00,34
1776,Nissan Sentra,Standard,2019-03-08,Seattle,2019-03-07,Seattle-Tacoma International Airport,13:00,28
1777,Toyota Prius,Standard,2019-03-08,Seattle,2019-03-07,Seattle-Tacoma International Airport,13:00,41
1778,Ford Fusion,Standard,2019-03-08,Seattle,2019-03-07,King Street Station,12:30,29
1779,Hyundai Elantra,Standard,2019-03-08,Seattle,2019-03-07,King Street Station,12:30,36
1780,Chevrolet Bolt,Compact,2019-03-08,Seattle,2019-03-02,Seattle-Tacoma International Airport,13:00,144
1781,Volkswagen GTI,Compact,2019-03-08,Seattle,2019-03-02,Seattle-Tacoma International Airport,13:00,186
1782,Honda Accord,Standard,2019-03-14,New York,2019-03-08,Grand Central Station,12:30,174
1783,Nissan Altima,Standard,2019-03-14,New York,2019-03-08,Port Authority Station,12:30,198
1784,Toyota Corolla,Standard,2019-03-14,New York,2019-03-08,Grand Central Station,12:30,216
1785,Honda Accord,Standard,2019-03-09,New York,2019-03-08,Grand Central Station,12:30,32
1786,Honda Civic,Standard,2019-03-09,New York,2019-03-08,JFK International Airport,12:30,30
1787,Hyundai Elantra,Standard,2019-03-09,New York,2019-03-08,Port Authority Station,12:30,33
1788,Nissan Altima,Standard,2019-03-09,New York,2019-03-08,Port Authority Station,12:30,32
1789,Toyota Camry,Standard,2019-03-09,New York,2019-03-08,JFK International Airport,12:30,29
1790,Toyota Corolla,Standard,2019-03-09,New York,2019-03-08,Grand Central Station,12:30,31
1791,Toyota Prius,Standard,2019-03-09,New York,2019-03-08,Port Authority Station,12:30,34
1792,Ford Fusion,Standard,2019-03-11,Seattle,2019-03-06,King Street Station,16:30,185
1793,Honda Civic,Standard,2019-03-11,Seattle,2019-03-06,Seattle-Tacoma International Airport,16:30,170
1794,Hyundai Elantra,Standard,2019-03-11,Seattle,2019-03-06,King Street Station,16:30,160
1795,Nissan Sentra,Standard,2019-03-11,Seattle,2019-03-06,Seattle-Tacoma International Airport,16:30,160
1796,Toyota Prius,Standard,2019-03-11,Seattle,2019-03-06,Seattle-Tacoma International Airport,16:30,160
1797,Hyundai Elantra,Standard,2019-03-14,Philadelphia,2019-03-11,Intercity Terminal,12:30,93
1798,Nissan Altima,Standard,2019-03-14,Philadelphia,2019-03-11,30th Street Station,12:30,90
1799,Nissan Sentra,Standard,2019-03-14,Philadelphia,2019-03-11,30th Street Station,12:30,84
1800,Toyota Corolla,Standard,2019-03-14,Philadelphia,2019-03-11,Intercity Terminal,12:30,90
1801,Toyota Prius,Standard,2019-03-14,Philadelphia,2019-03-11,Intercity Terminal,12:30,99
1802,Chevrolet Cruze,Standard,2019-03-14,Philadelphia,2019-03-11,PHL International Airport,13:00,87
1803,Ford Fusion,Standard,2019-03-14,Philadelphia,2019-03-11,PHL International Airport,13:00,93
1804,Honda Civic,Standard,2019-03-14,Philadelphia,2019-03-11,PHL International Airport,13:00,102
1805,Honda Accord,Standard,2019-03-14,Portland,2019-03-08,Portland Bus Station,19:30,174
1806,Nissan Sentra,Standard,2019-03-14,Portland,2019-03-08,Portland Bus Station,19:30,174
1807,Toyota Camry,Standard,2019-03-14,Portland,2019-03-08,Portland Bus Station,19:30,174
1808,Toyota Prius,Standard,2019-03-14,Portland,2019-03-08,Portland Bus Station,19:30,168
1809,Honda Accord,Standard,2019-03-08,New York,2019-03-04,Grand Central Station,11:00,116
1810,Honda Civic,Standard,2019-03-08,New York,2019-03-04,JFK International Airport,11:00,116
1811,Hyundai Elantra,Standard,2019-03-08,New York,2019-03-04,Port Authority Station,11:00,116
1812,Nissan Altima,Standard,2019-03-08,New York,2019-03-04,Port Authority Station,11:00,120
1813,Toyota Camry,Standard,2019-03-08,New York,2019-03-04,JFK International Airport,11:00,140
1814,Toyota Corolla,Standard,2019-03-08,New York,2019-03-04,Grand Central Station,11:00,120
1815,Toyota Prius,Standard,2019-03-08,New York,2019-03-04,Port Authority Station,11:00,112
1816,Chevrolet Equinox,Full-size,2019-03-14,New York,2019-03-12,Port Authority Station,18:00,86
1817,Ford Escape,Full-size,2019-03-14,New York,2019-03-12,JFK International Airport,18:00,94
1818,Hyundai Tucson,Full-size,2019-03-14,New York,2019-03-12,Port Authority Station,18:00,80
1819,Jeep Cherokee,Full-size,2019-03-14,New York,2019-03-12,Grand Central Station,18:00,74
1820,Subaru Forester,Full-size,2019-03-14,New York,2019-03-12,Grand Central Station,18:00,90
1821,Chevrolet Equinox,Full-size,2019-03-13,New York,2019-03-12,Port Authority Station,18:00,40
1822,Ford Escape,Full-size,2019-03-13,New York,2019-03-12,JFK International Airport,18:00,43
1823,Hyundai Tucson,Full-size,2019-03-13,New York,2019-03-12,Port Authority Station,18:00,45
1824,Jeep Cherokee,Full-size,2019-03-13,New York,2019-03-12,Grand Central Station,18:00,35
1825,Subaru Forester,Full-size,2019-03-13,New York,2019-03-12,Grand Central Station,18:00,35
1826,Honda Accord,Standard,2019-03-11,Washington,2019-03-08,Union Station,14:00,102
1827,Honda Civic,Standard,2019-03-11,Washington,2019-03-08,Union Station,14:00,102
1828,Toyota Camry,Standard,2019-03-11,Washington,2019-03-08,Dulles International Airport,14:00,108
1829,Toyota Prius,Standard,2019-03-11,Washington,2019-03-08,Dulles International Airport,14:00,84
1830,Chevrolet Cruze,Standard,2019-03-08,Philadelphia,2019-03-05,PHL International Airport,16:30,87
1831,Ford Fusion,Standard,2019-03-08,Philadelphia,2019-03-05,PHL International Airport,16:30,96
1832,Honda Civic,Standard,2019-03-08,Philadelphia,2019-03-05,PHL International Airport,16:30,99
1833,Hyundai Elantra,Standard,2019-03-08,Philadelphia,2019-03-05,Intercity Terminal,16:30,90
1834,Nissan Altima,Standard,2019-03-08,Philadelphia,2019-03-05,30th Street Station,16:30,102
1835,Nissan Sentra,Standard,2019-03-08,Philadelphia,2019-03-05,30th Street Station,16:30,78
1836,Toyota Corolla,Standard,2019-03-08,Philadelphia,2019-03-05,Intercity Terminal,16:30,78
1837,Toyota Prius,Standard,2019-03-08,Philadelphia,2019-03-05,Intercity Terminal,16:30,93
1838,Honda Fit,Compact,2019-03-08,Philadelphia,2019-03-04,Intercity Terminal,16:30,108
1839,Kia Forte,Compact,2019-03-08,Philadelphia,2019-03-04,PHL International Airport,16:30,124
1840,Mini Cooper,Compact,2019-03-08,Philadelphia,2019-03-04,Intercity Terminal,16:30,92
1841,Nissan Leaf,Compact,2019-03-08,Philadelphia,2019-03-04,30th Street Station,16:30,96
1842,Volkswagen GTI,Compact,2019-03-08,Philadelphia,2019-03-04,PHL International Airport,16:30,108
1843,Volkswagen Golf,Compact,2019-03-08,Philadelphia,2019-03-04,30th Street Station,16:30,108
1844,Honda Civic,Standard,2019-03-09,Seattle,2019-03-03,Seattle-Tacoma International Airport,13:00,186
1845,Nissan Sentra,Standard,2019-03-09,Seattle,2019-03-03,Seattle-Tacoma International Airport,13:00,204
1846,Toyota Prius,Standard,2019-03-09,Seattle,2019-03-03,King Street Station,12:30,216
1847,Hyundai Elantra,Standard,2019-03-09,Philadelphia,2019-03-02,Intercity Terminal,09:00,210
1848,Toyota Corolla,Standard,2019-03-09,Philadelphia,2019-03-02,Intercity Terminal,09:00,168
1849,Chevrolet Cruze,Standard,2019-03-10,Portland,2019-03-07,PDX International Airport,12:00,105
1850,Ford Fusion,Standard,2019-03-10,Portland,2019-03-07,Union Station,12:00,90
1851,Honda Accord,Standard,2019-03-10,Portland,2019-03-07,PDX International Airport,12:00,84
1852,Honda Civic,Standard,2019-03-10,Portland,2019-03-07,PDX International Airport,12:00,111
1853,Nissan Sentra,Standard,2019-03-10,Portland,2019-03-07,Portland Bus Station,12:00,81
1854,Toyota Camry,Standard,2019-03-10,Portland,2019-03-07,Portland Bus Station,12:00,102
1855,Toyota Corolla,Standard,2019-03-10,Portland,2019-03-07,Union Station,12:00,69
1856,Toyota Prius,Standard,2019-03-10,Portland,2019-03-07,PDX International Airport,12:00,87
1857,Ford Fusion,Standard,2019-03-09,Seattle,2019-03-07,King Street Station,16:30,48
1858,Honda Civic,Standard,2019-03-09,Seattle,2019-03-07,Seattle-Tacoma International Airport,16:30,54
1859,Hyundai Elantra,Standard,2019-03-09,Seattle,2019-03-07,King Street Station,16:30,62
1860,Nissan Sentra,Standard,2019-03-09,Seattle,2019-03-07,Seattle-Tacoma International Airport,16:30,62
1861,Toyota Prius,Standard,2019-03-09,Seattle,2019-03-07,Seattle-Tacoma International Airport,16:30,62
1862,Honda Fit,Compact,2019-03-12,Philadelphia,2019-03-10,Intercity Terminal,10:30,48
1863,Mini Cooper,Compact,2019-03-12,Philadelphia,2019-03-10,Intercity Terminal,10:30,50
1864,Nissan Leaf,Compact,2019-03-12,Philadelphia,2019-03-10,30th Street Station,10:30,48
1865,Volkswagen GTI,Compact,2019-03-12,Philadelphia,2019-03-10,30th Street Station,10:30,54
1866,Volkswagen Golf,Compact,2019-03-12,Philadelphia,2019-03-10,30th Street Station,10:30,48
1867,Chevrolet Cruze,Standard,2019-03-10,San Francisco,2019-03-07,SFO International Airport,15:00,114
1868,Ford Fusion,Standard,2019-03-10,San Francisco,2019-03-07,SFO International Airport,15:00,102
1869,Honda Civic,Standard,2019-03-10,San Francisco,2019-03-07,Salesforce Transit Center,15:00,96
1870,Nissan Altima,Standard,2019-03-10,San Francisco,2019-03-07,SFO International Airport,15:00,87
1871,Nissan Sentra,Standard,2019-03-10,San Francisco,2019-03-07,Salesforce Transit Center,15:00,87
1872,Toyota Prius,Standard,2019-03-10,San Francisco,2019-03-07,SFO International Airport,15:00,105
1873,Honda Fit,Compact,2019-03-13,Philadelphia,2019-03-11,Intercity Terminal,15:00,50
1874,Kia Forte,Compact,2019-03-13,Philadelphia,2019-03-11,PHL International Airport,15:00,54
1875,Mini Cooper,Compact,2019-03-13,Philadelphia,2019-03-11,Intercity Terminal,15:00,52
1876,Nissan Leaf,Compact,2019-03-13,Philadelphia,2019-03-11,30th Street Station,15:00,44
1877,Volkswagen GTI,Compact,2019-03-13,Philadelphia,2019-03-11,PHL International Airport,15:00,58
1878,Volkswagen Golf,Compact,2019-03-13,Philadelphia,2019-03-11,30th Street Station,15:00,56
1879,Chevrolet Equinox,Full-size,2019-03-08,San Diego,2019-03-05,Santa Fe Depot,18:30,117
1880,Ford Escape,Full-size,2019-03-08,San Diego,2019-03-05,Santa Fe Depot,18:30,108
1881,Jeep Cherokee,Full-size,2019-03-08,San Diego,2019-03-05,Santa Fe Depot,18:30,144
1882,Chevrolet Equinox,Full-size,2019-03-12,New York,2019-03-08,Port Authority Station,12:30,156
1883,Ford Escape,Full-size,2019-03-12,New York,2019-03-08,JFK International Airport,12:30,172
1884,Hyundai Tucson,Full-size,2019-03-12,New York,2019-03-08,Port Authority Station,12:30,184
1885,Jeep Cherokee,Full-size,2019-03-12,New York,2019-03-08,Grand Central Station,12:30,152
1886,Subaru Forester,Full-size,2019-03-12,New York,2019-03-08,Grand Central Station,12:30,144
1887,Honda Accord,Standard,2019-03-11,Washington,2019-03-06,Union Station,11:00,150
1888,Honda Civic,Standard,2019-03-11,Washington,2019-03-06,Union Station,11:00,160
1889,Toyota Camry,Standard,2019-03-11,Washington,2019-03-06,Dulles International Airport,11:00,165
1890,Toyota Prius,Standard,2019-03-11,Washington,2019-03-06,Dulles International Airport,11:00,165
1891,Chevrolet Equinox,Full-size,2019-03-09,Philadelphia,2019-03-07,30th Street Station,14:00,82
1892,Jeep Cherokee,Full-size,2019-03-09,Philadelphia,2019-03-07,PHL International Airport,14:00,84
1893,Nissan Rogue,Full-size,2019-03-09,Philadelphia,2019-03-07,30th Street Station,14:00,90
1894,Subaru Forester,Full-size,2019-03-09,Philadelphia,2019-03-07,Intercity Terminal,14:00,82
1895,Chevrolet Cruze,Standard,2019-03-09,Mexico City,2019-03-08,Estacion Buenavista,09:30,19
1896,Honda Civic,Standard,2019-03-09,Mexico City,2019-03-08,Estacion Buenavista,09:30,20
1897,Toyota Camry,Standard,2019-03-09,Mexico City,2019-03-08,Estacion Buenavista,09:30,20
1898,Toyota Prius,Standard,2019-03-09,Mexico City,2019-03-08,Estacion Buenavista,09:30,19
1899,Hyundai Elantra,Standard,2019-03-09,Philadelphia,2019-03-08,Intercity Terminal,09:30,31
1900,Toyota Corolla,Standard,2019-03-09,Philadelphia,2019-03-08,Intercity Terminal,09:30,26
1901,Toyota Prius,Standard,2019-03-09,Philadelphia,2019-03-08,Intercity Terminal,09:30,34
1902,Chevrolet Cruze,Standard,2019-03-09,Philadelphia,2019-03-08,30th Street Station,10:00,26
1903,Ford Fusion,Standard,2019-03-09,Philadelphia,2019-03-08,30th Street Station,10:00,33
1904,Nissan Altima,Standard,2019-03-09,Philadelphia,2019-03-08,30th Street Station,10:00,30
1905,Nissan Sentra,Standard,2019-03-09,Philadelphia,2019-03-08,30th Street Station,10:00,31
1906,Chevrolet Cruze,Standard,2019-03-13,Philadelphia,2019-03-12,PHL International Airport,16:30,30
1907,Ford Fusion,Standard,2019-03-13,Philadelphia,2019-03-12,PHL International Airport,16:30,33
1908,Honda Civic,Standard,2019-03-13,Philadelphia,2019-03-12,PHL International Airport,16:30,29
1909,Hyundai Elantra,Standard,2019-03-13,Philadelphia,2019-03-12,Intercity Terminal,16:30,31
1910,Nissan Altima,Standard,2019-03-13,Philadelphia,2019-03-12,30th Street Station,16:30,30
1911,Nissan Sentra,Standard,2019-03-13,Philadelphia,2019-03-12,30th Street Station,16:30,31
1912,Toyota Corolla,Standard,2019-03-13,Philadelphia,2019-03-12,Intercity Terminal,16:30,26
1913,Toyota Prius,Standard,2019-03-13,Philadelphia,2019-03-12,Intercity Terminal,16:30,32
1914,Nissan Altima,Standard,2019-03-12,New York,2019-03-07,Port Authority Station,17:00,130
1915,Toyota Camry,Standard,2019-03-12,New York,2019-03-07,JFK International Airport,17:00,155
1916,Toyota Corolla,Standard,2019-03-12,New York,2019-03-07,Grand Central Station,17:00,140
1917,Toyota Prius,Standard,2019-03-12,New York,2019-03-07,Port Authority Station,17:00,155
1918,Ford Fusion,Standard,2019-03-12,Delhi,2019-03-06,Indira Gandhi International Airport,09:30,210
1919,Honda Accord,Standard,2019-03-12,Delhi,2019-03-06,Indira Gandhi International Airport,09:30,198
1920,Hyundai Elantra,Standard,2019-03-12,Delhi,2019-03-06,Indira Gandhi International Airport,09:30,216
1921,Nissan Leaf,Compact,2019-03-12,Philadelphia,2019-03-06,30th Street Station,10:00,144
1922,Volkswagen Golf,Compact,2019-03-12,Philadelphia,2019-03-06,30th Street Station,10:00,168
1923,Honda Fit,Compact,2019-03-12,Philadelphia,2019-03-06,Intercity Terminal,09:30,138
1924,Mini Cooper,Compact,2019-03-12,Philadelphia,2019-03-06,Intercity Terminal,09:30,180
1925,Volkswagen GTI,Compact,2019-03-12,Philadelphia,2019-03-06,Intercity Terminal,09:30,156
1926,Honda Accord,Standard,2019-03-07,New York,2019-03-05,Grand Central Station,15:00,64
1927,Honda Civic,Standard,2019-03-07,New York,2019-03-05,JFK International Airport,15:00,56
1928,Hyundai Elantra,Standard,2019-03-07,New York,2019-03-05,Port Authority Station,15:00,60
1929,Nissan Altima,Standard,2019-03-07,New York,2019-03-05,Port Authority Station,15:00,64
1930,Toyota Camry,Standard,2019-03-07,New York,2019-03-05,JFK International Airport,15:00,72
1931,Toyota Corolla,Standard,2019-03-07,New York,2019-03-05,Grand Central Station,15:00,64
1932,Toyota Prius,Standard,2019-03-07,New York,2019-03-05,Port Authority Station,15:00,64
1933,Honda Accord,Standard,2019-03-06,New York,2019-03-02,Grand Central Station,15:30,108
1934,Honda Civic,Standard,2019-03-06,New York,2019-03-02,JFK International Airport,15:30,128
1935,Hyundai Elantra,Standard,2019-03-06,New York,2019-03-02,Port Authority Station,15:30,128
1936,Nissan Altima,Standard,2019-03-06,New York,2019-03-02,Port Authority Station,15:30,100
1937,Toyota Camry,Standard,2019-03-06,New York,2019-03-02,JFK International Airport,15:30,140
1938,Toyota Corolla,Standard,2019-03-06,New York,2019-03-02,Grand Central Station,15:30,132
1939,Toyota Prius,Standard,2019-03-06,New York,2019-03-02,Port Authority Station,15:30,148
1940,Honda Accord,Standard,2019-03-06,New York,2019-03-02,Grand Central Station,16:30,108
1941,Honda Civic,Standard,2019-03-06,New York,2019-03-02,JFK International Airport,16:30,128
1942,Hyundai Elantra,Standard,2019-03-06,New York,2019-03-02,Port Authority Station,16:30,128
1943,Nissan Altima,Standard,2019-03-06,New York,2019-03-02,Port Authority Station,16:30,100
1944,Toyota Camry,Standard,2019-03-06,New York,2019-03-02,JFK International Airport,16:30,140
1945,Toyota Corolla,Standard,2019-03-06,New York,2019-03-02,Grand Central Station,16:30,132
1946,Toyota Prius,Standard,2019-03-06,New York,2019-03-02,Port Authority Station,16:30,148
1947,Ford Fusion,Standard,2019-03-13,San Diego,2019-03-10,SAN International Airport,15:30,81
1948,Honda Accord,Standard,2019-03-13,San Diego,2019-03-10,Santa Fe Depot,15:30,87
1949,Honda Civic,Standard,2019-03-13,San Diego,2019-03-10,Santa Fe Depot,15:30,102
1950,Hyundai Elantra,Standard,2019-03-13,San Diego,2019-03-10,SAN International Airport,15:30,105
1951,Nissan Sentra,Standard,2019-03-13,San Diego,2019-03-10,Santa Fe Depot,15:30,99
1952,Toyota Camry,Standard,2019-03-13,San Diego,2019-03-10,SAN International Airport,15:30,84
1953,Hyundai Tucson,Full-size,2019-03-07,San Diego,2019-03-03,SAN International Airport,11:00,180
1954,Toyota Highlander,Full-size,2019-03-07,San Diego,2019-03-03,SAN International Airport,11:00,168
1955,Toyota RAV4,Full-size,2019-03-07,San Diego,2019-03-03,SAN International Airport,11:00,152
1956,Chevrolet Cruze,Standard,2019-03-12,Philadelphia,2019-03-07,30th Street Station,10:00,170
1957,Nissan Altima,Standard,2019-03-12,Philadelphia,2019-03-07,30th Street Station,10:00,125
1958,Hyundai Elantra,Standard,2019-03-12,Philadelphia,2019-03-07,Intercity Terminal,09:30,175
1959,Toyota Corolla,Standard,2019-03-12,Philadelphia,2019-03-07,Intercity Terminal,09:30,155
1960,Toyota Prius,Standard,2019-03-12,Philadelphia,2019-03-07,Intercity Terminal,09:30,155
1961,Honda Accord,Standard,2019-03-12,New York,2019-03-08,Grand Central Station,13:30,120
1962,Honda Civic,Standard,2019-03-12,New York,2019-03-08,JFK International Airport,13:30,120
1963,Hyundai Elantra,Standard,2019-03-12,New York,2019-03-08,Port Authority Station,13:30,116
1964,Nissan Altima,Standard,2019-03-12,New York,2019-03-08,Port Authority Station,13:30,116
1965,Toyota Camry,Standard,2019-03-12,New York,2019-03-08,JFK International Airport,13:30,140
1966,Toyota Corolla,Standard,2019-03-12,New York,2019-03-08,Grand Central Station,13:30,136
1967,Toyota Prius,Standard,2019-03-12,New York,2019-03-08,Port Authority Station,13:30,128
1968,Hyundai Elantra,Standard,2019-03-14,Philadelphia,2019-03-12,Intercity Terminal,12:30,60
1969,Nissan Altima,Standard,2019-03-14,Philadelphia,2019-03-12,30th Street Station,12:30,52
1970,Nissan Sentra,Standard,2019-03-14,Philadelphia,2019-03-12,30th Street Station,12:30,66
1971,Toyota Corolla,Standard,2019-03-14,Philadelphia,2019-03-12,Intercity Terminal,12:30,54
1972,Toyota Prius,Standard,2019-03-14,Philadelphia,2019-03-12,Intercity Terminal,12:30,60
1973,Chevrolet Cruze,Standard,2019-03-14,Philadelphia,2019-03-12,PHL International Airport,13:00,60
1974,Ford Fusion,Standard,2019-03-14,Philadelphia,2019-03-12,PHL International Airport,13:00,62
1975,Honda Civic,Standard,2019-03-14,Philadelphia,2019-03-12,PHL International Airport,13:00,64
1976,Ford Fusion,Standard,2019-03-09,Seattle,2019-03-07,King Street Station,14:30,48
1977,Honda Civic,Standard,2019-03-09,Seattle,2019-03-07,Seattle-Tacoma International Airport,14:30,54
1978,Hyundai Elantra,Standard,2019-03-09,Seattle,2019-03-07,King Street Station,14:30,62
1979,Nissan Sentra,Standard,2019-03-09,Seattle,2019-03-07,Seattle-Tacoma International Airport,14:30,62
1980,Toyota Prius,Standard,2019-03-09,Seattle,2019-03-07,Seattle-Tacoma International Airport,14:30,62
1981,Chevrolet Bolt,Compact,2019-03-09,Seattle,2019-03-07,Seattle-Tacoma International Airport,15:00,52
1982,Ford Fusion,Standard,2019-03-09,Seattle,2019-03-07,King Street Station,15:00,48
1983,Honda Civic,Standard,2019-03-09,Seattle,2019-03-07,Seattle-Tacoma International Airport,15:00,54
1984,Honda Fit,Compact,2019-03-09,Seattle,2019-03-07,King Street Station,15:00,48
1985,Hyundai Elantra,Standard,2019-03-09,Seattle,2019-03-07,King Street Station,15:00,62
1986,Kia Forte,Compact,2019-03-09,Seattle,2019-03-07,Seattle-Tacoma International Airport,15:00,58
1987,Nissan Leaf,Compact,2019-03-09,Seattle,2019-03-07,King Street Station,15:00,48
1988,Nissan Rogue,Full-size,2019-03-09,Seattle,2019-03-07,Seattle-Tacoma International Airport,15:00,76
1989,Nissan Sentra,Standard,2019-03-09,Seattle,2019-03-07,Seattle-Tacoma International Airport,15:00,62
1990,Subaru Forester,Full-size,2019-03-09,Seattle,2019-03-07,Seattle-Tacoma International Airport,15:00,86
1991,Ford Fusion,Standard,2019-03-14,Seattle,2019-03-11,King Street Station,13:30,84
1992,Honda Civic,Standard,2019-03-14,Seattle,2019-03-11,Seattle-Tacoma International Airport,13:30,102
1993,Hyundai Elantra,Standard,2019-03-14,Seattle,2019-03-11,King Street Station,13:30,90
1994,Nissan Sentra,Standard,2019-03-14,Seattle,2019-03-11,Seattle-Tacoma International Airport,13:30,96
1995,Toyota Prius,Standard,2019-03-14,Seattle,2019-03-11,Seattle-Tacoma International Airport,13:30,87
1996,Chevrolet Bolt,Compact,2019-03-14,Seattle,2019-03-07,Seattle-Tacoma International Airport,13:30,224
1997,Kia Forte,Compact,2019-03-14,Seattle,2019-03-07,Seattle-Tacoma International Airport,13:30,210
1998,Nissan Leaf,Compact,2019-03-14,Seattle,2019-03-07,King Street Station,13:30,161
1999,Nissan Altima,Standard,2019-03-10,Philadelphia,2019-03-03,30th Street Station,16:30,210
2000,Honda Accord,Standard,2019-03-11,New York,2019-03-05,Grand Central Station,14:00,204
2001,Hyundai Elantra,Standard,2019-03-11,New York,2019-03-05,Port Authority Station,14:00,156
2002,Nissan Altima,Standard,2019-03-11,New York,2019-03-05,Port Authority Station,14:00,210
2003,Toyota Camry,Standard,2019-03-11,New York,2019-03-05,JFK International Airport,14:00,180
2004,Ford Fusion,Standard,2019-03-14,Portland,2019-03-07,Union Station,13:30,210
2005,Nissan Sentra,Standard,2019-03-14,Portland,2019-03-07,Portland Bus Station,13:30,217
2006,Toyota Camry,Standard,2019-03-14,Portland,2019-03-07,Portland Bus Station,13:30,238
2007,Chevrolet Cruze,Standard,2019-03-05,Portland,2019-03-02,PDX International Airport,11:00,117
2008,Honda Accord,Standard,2019-03-05,Portland,2019-03-02,PDX International Airport,11:00,90
2009,Honda Civic,Standard,2019-03-05,Portland,2019-03-02,PDX International Airport,11:00,90
2010,Nissan Sentra,Standard,2019-03-05,Portland,2019-03-02,Portland Bus Station,11:00,81
2011,Toyota Camry,Standard,2019-03-05,Portland,2019-03-02,Portland Bus Station,11:00,99
2012,Toyota Prius,Standard,2019-03-05,Portland,2019-03-02,PDX International Airport,11:00,105
2013,Nissan Altima,Standard,2019-03-10,New York,2019-03-04,Port Authority Station,11:00,168
2014,Toyota Camry,Standard,2019-03-10,New York,2019-03-04,JFK International Airport,11:00,192
2015,Toyota Prius,Standard,2019-03-10,New York,2019-03-04,Port Authority Station,11:00,186
2016,Ford Escape,Full-size,2019-03-10,New York,2019-03-04,JFK International Airport,10:00,264
2017,Subaru Forester,Full-size,2019-03-10,New York,2019-03-04,JFK International Airport,10:00,312
2018,Hyundai Tucson,Full-size,2019-03-10,New York,2019-03-04,Port Authority Station,09:30,234
2019,Honda Accord,Standard,2019-03-11,New York,2019-03-09,Grand Central Station,13:30,48
2020,Honda Civic,Standard,2019-03-11,New York,2019-03-09,JFK International Airport,13:30,72
2021,Hyundai Elantra,Standard,2019-03-11,New York,2019-03-09,Port Authority Station,13:30,66
2022,Nissan Altima,Standard,2019-03-11,New York,2019-03-09,Port Authority Station,13:30,60
2023,Toyota Camry,Standard,2019-03-11,New York,2019-03-09,JFK International Airport,13:30,82
2024,Toyota Corolla,Standard,2019-03-11,New York,2019-03-09,Grand Central Station,13:30,64
2025,Toyota Prius,Standard,2019-03-11,New York,2019-03-09,Port Authority Station,13:30,64
2026,Ford Fusion,Standard,2019-03-09,Fremont,2019-03-04,Fremont BART Station,15:00,160
2027,Honda Accord,Standard,2019-03-09,Fremont,2019-03-04,Fremont BART Station,15:00,200
2028,Hyundai Elantra,Standard,2019-03-09,Fremont,2019-03-04,Central District,15:00,115
2029,Toyota Camry,Standard,2019-03-09,Fremont,2019-03-04,Central District,15:00,135
2030,Ford Fusion,Standard,2019-03-09,,2019-03-04,Fremont BART Station,15:00,160
2031,Chevrolet Cruze,Standard,2019-03-09,San Jose,2019-03-07,Diridon Station,15:00,50
2032,Ford Fusion,Standard,2019-03-09,San Jose,2019-03-07,SJC International Airport,15:00,54
2033,Honda Civic,Standard,2019-03-09,San Jose,2019-03-07,Diridon Station,15:00,64
2034,Hyundai Elantra,Standard,2019-03-09,San Jose,2019-03-07,SJC International Airport,15:00,54
2035,Toyota Camry,Standard,2019-03-09,San Jose,2019-03-07,SJC International Airport,15:00,60
2036,Toyota Corolla,Standard,2019-03-09,San Jose,2019-03-07,SJC International Airport,15:00,64
2037,Chevrolet Cruze,Standard,2019-03-09,,2019-03-07,Diridon Station,15:00,50
2038,Ford Escape,Full-size,2019-03-12,Fremont,2019-03-09,Fremont BART Station,11:00,120
2039,Hyundai Tucson,Full-size,2019-03-12,Fremont,2019-03-09,Central District,11:00,117
2040,Nissan Rogue,Full-size,2019-03-12,Fremont,2019-03-09,Central District,11:00,126
2041,Subaru Forester,Full-size,2019-03-12,Fremont,2019-03-09,Fremont BART Station,11:00,123
2042,Toyota Highlander,Full-size,2019-03-12,Fremont,2019-03-09,Central District,11:00,123
2043,Ford Escape,Full-size,2019-03-12,,2019-03-09,Fremont BART Station,11:00,120
2044,Chevrolet Cruze,Standard,2019-03-05,Concord,2019-03-01,Canterbury Village,13:30,120
2045,Ford Fusion,Standard,2019-03-05,Concord,2019-03-01,Canterbury Village,13:30,124
2046,Honda Accord,Standard,2019-03-05,Concord,2019-03-01,Canterbury Village,13:30,156
2047,Honda Civic,Standard,2019-03-05,Concord,2019-03-01,Canterbury Village,13:30,136
2048,Nissan Sentra,Standard,2019-03-05,Concord,2019-03-01,Clayton Valley,13:30,128
2049,Toyota Camry,Standard,2019-03-05,Concord,2019-03-01,Clayton Valley,13:30,132
2050,Toyota Corolla,Standard,2019-03-05,Concord,2019-03-01,Canterbury Village,13:30,116
2051,Toyota Prius,Standard,2019-03-05,Concord,2019-03-01,Canterbury Village,13:30,128
2052,Chevrolet Cruze,Standard,2019-03-05,,2019-03-01,Canterbury Village,13:30,120
2053,Chevrolet Cruze,Standard,2019-03-04,Concord,2019-03-02,Canterbury Village,13:30,64
2054,Ford Fusion,Standard,2019-03-04,Concord,2019-03-02,Canterbury Village,13:30,62
2055,Honda Accord,Standard,2019-03-04,Concord,2019-03-02,Canterbury Village,13:30,70
2056,Honda Civic,Standard,2019-03-04,Concord,2019-03-02,Canterbury Village,13:30,68
2057,Nissan Sentra,Standard,2019-03-04,Concord,2019-03-02,Clayton Valley,13:30,46
2058,Toyota Camry,Standard,2019-03-04,Concord,2019-03-02,Clayton Valley,13:30,50
2059,Toyota Corolla,Standard,2019-03-04,Concord,2019-03-02,Canterbury Village,13:30,58
2060,Toyota Prius,Standard,2019-03-04,Concord,2019-03-02,Canterbury Village,13:30,64
2061,Chevrolet Cruze,Standard,2019-03-04,,2019-03-02,Canterbury Village,13:30,64
2062,Chevrolet Cruze,Standard,2019-03-06,San Francisco,2019-03-05,SFO International Airport,13:30,30
2063,Ford Fusion,Standard,2019-03-06,San Francisco,2019-03-05,SFO International Airport,13:30,39
2064,Honda Civic,Standard,2019-03-06,San Francisco,2019-03-05,Salesforce Transit Center,13:30,33
2065,Nissan Altima,Standard,2019-03-06,San Francisco,2019-03-05,SFO International Airport,13:30,32
2066,Nissan Sentra,Standard,2019-03-06,San Francisco,2019-03-05,Salesforce Transit Center,13:30,28
2067,Toyota Prius,Standard,2019-03-06,San Francisco,2019-03-05,SFO International Airport,13:30,28
2068,Chevrolet Cruze,Standard,2019-03-06,San Francisco,2019-03-05,SFO International Airport,10:30,30
2069,Ford Fusion,Standard,2019-03-06,San Francisco,2019-03-05,SFO International Airport,10:30,39
2070,Nissan Altima,Standard,2019-03-06,San Francisco,2019-03-05,SFO International Airport,10:30,32
2071,Nissan Altima,Standard,2019-03-06,,2019-03-05,SFO International Airport,10:30,32
2072,Ford Fusion,Standard,2019-03-10,Walnut Creek,2019-03-09,BART Station,18:00,36
2073,Honda Accord,Standard,2019-03-10,Walnut Creek,2019-03-09,BART Station,18:00,35
2074,Honda Civic,Standard,2019-03-10,Walnut Creek,2019-03-09,BART Station,18:00,26
2075,Toyota Camry,Standard,2019-03-10,Walnut Creek,2019-03-09,BART Station,18:00,33
2076,Honda Accord,Standard,2019-03-10,,2019-03-09,BART Station,18:00,35
2077,Chevrolet Cruze,Standard,2019-03-08,San Jose,2019-03-05,Diridon Station,18:30,90
2078,Honda Civic,Standard,2019-03-08,San Jose,2019-03-05,Diridon Station,18:30,96
2079,Hyundai Elantra,Standard,2019-03-08,San Jose,2019-03-05,Diridon Station,18:30,99
2080,Toyota Corolla,Standard,2019-03-08,San Jose,2019-03-05,Diridon Station,18:30,99
2081,Chevrolet Cruze,Standard,2019-03-08,San Jose,2019-03-05,Diridon Station,10:00,90
2082,Honda Civic,Standard,2019-03-08,San Jose,2019-03-05,Diridon Station,10:00,96
2083,Hyundai Elantra,Standard,2019-03-08,San Jose,2019-03-05,Diridon Station,10:00,99
2084,Honda Civic,Standard,2019-03-08,,2019-03-05,Diridon Station,10:00,96
2085,Chevrolet Cruze,Standard,2019-03-08,San Francisco,2019-03-06,SFO International Airport,13:30,64
2086,Ford Fusion,Standard,2019-03-08,San Francisco,2019-03-06,SFO International Airport,13:30,76
2087,Honda Civic,Standard,2019-03-08,San Francisco,2019-03-06,Salesforce Transit Center,13:30,70
2088,Nissan Altima,Standard,2019-03-08,San Francisco,2019-03-06,SFO International Airport,13:30,62
2089,Nissan Sentra,Standard,2019-03-08,San Francisco,2019-03-06,Salesforce Transit Center,13:30,64
2090,Toyota Prius,Standard,2019-03-08,San Francisco,2019-03-06,SFO International Airport,13:30,72
2091,Ford Fusion,Standard,2019-03-08,,2019-03-06,SFO International Airport,13:30,76
2092,Toyota Camry,Standard,2019-03-09,Walnut Creek,2019-03-04,Downtown,12:00,140
2093,Toyota Corolla,Standard,2019-03-09,Walnut Creek,2019-03-04,Downtown,12:00,165
2094,Toyota Corolla,Standard,2019-03-09,,2019-03-04,Downtown,12:00,165
2095,Chevrolet Bolt,Compact,2019-03-07,Fremont,2019-03-05,Fremont BART Station,14:00,68
2096,Honda Fit,Compact,2019-03-07,Fremont,2019-03-05,Central District,14:00,46
2097,Kia Forte,Compact,2019-03-07,Fremont,2019-03-05,Central District,14:00,48
2098,Nissan Leaf,Compact,2019-03-07,Fremont,2019-03-05,Central District,14:00,50
2099,Volkswagen GTI,Compact,2019-03-07,Fremont,2019-03-05,Fremont BART Station,14:00,62
2100,Volkswagen Golf,Compact,2019-03-07,Fremont,2019-03-05,Fremont BART Station,14:00,46
2101,Chevrolet Bolt,Compact,2019-03-07,,2019-03-05,Fremont BART Station,14:00,68
2102,Chevrolet Cruze,Standard,2019-03-04,San Francisco,2019-03-01,SFO International Airport,17:00,96
2103,Ford Fusion,Standard,2019-03-04,San Francisco,2019-03-01,SFO International Airport,17:00,105
2104,Honda Civic,Standard,2019-03-04,San Francisco,2019-03-01,Salesforce Transit Center,17:00,87
2105,Nissan Altima,Standard,2019-03-04,San Francisco,2019-03-01,SFO International Airport,17:00,111
2106,Nissan Sentra,Standard,2019-03-04,San Francisco,2019-03-01,Salesforce Transit Center,17:00,81
2107,Toyota Prius,Standard,2019-03-04,San Francisco,2019-03-01,SFO International Airport,17:00,93
2108,Chevrolet Cruze,Standard,2019-03-04,,2019-03-01,SFO International Airport,17:00,96
2109,Chevrolet Cruze,Standard,2019-03-07,Fremont,2019-03-05,Fremont BART Station,19:30,60
2110,Ford Fusion,Standard,2019-03-07,Fremont,2019-03-05,Fremont BART Station,19:30,78
2111,Honda Accord,Standard,2019-03-07,Fremont,2019-03-05,Fremont BART Station,19:30,66
2112,Nissan Altima,Standard,2019-03-07,Fremont,2019-03-05,Fremont BART Station,19:30,64
2113,Chevrolet Cruze,Standard,2019-03-07,,2019-03-05,Fremont BART Station,19:30,60
2114,Chevrolet Cruze,Standard,2019-03-10,Sunnyvale,2019-03-04,Sunnyvale CalTrain Station,15:30,210
2115,Ford Fusion,Standard,2019-03-10,Sunnyvale,2019-03-04,Downtown,15:30,198
2116,Honda Accord,Standard,2019-03-10,Sunnyvale,2019-03-04,Sunnyvale CalTrain Station,15:30,204
2117,Toyota Corolla,Standard,2019-03-10,Sunnyvale,2019-03-04,Sunnyvale CalTrain Station,15:30,222
2118,Toyota Prius,Standard,2019-03-10,Sunnyvale,2019-03-04,Downtown,15:30,150
2119,Ford Fusion,Standard,2019-03-10,,2019-03-04,Downtown,15:30,198
2120,Chevrolet Bolt,Compact,2019-03-06,Sunnyvale,2019-03-04,Sunnyvale CalTrain Station,12:30,56
2121,Honda Fit,Compact,2019-03-06,Sunnyvale,2019-03-04,Sunnyvale CalTrain Station,12:30,62
2122,Nissan Leaf,Compact,2019-03-06,Sunnyvale,2019-03-04,Downtown,13:00,54
2123,Chevrolet Bolt,Compact,2019-03-06,,2019-03-04,Sunnyvale CalTrain Station,12:30,56
2124,Chevrolet Bolt,Compact,2019-03-10,Fremont,2019-03-09,Fremont BART Station,14:00,27
2125,Honda Fit,Compact,2019-03-10,Fremont,2019-03-09,Central District,14:00,26
2126,Kia Forte,Compact,2019-03-10,Fremont,2019-03-09,Central District,14:00,28
2127,Nissan Leaf,Compact,2019-03-10,Fremont,2019-03-09,Central District,14:00,25
2128,Volkswagen GTI,Compact,2019-03-10,Fremont,2019-03-09,Fremont BART Station,14:00,30
2129,Volkswagen Golf,Compact,2019-03-10,Fremont,2019-03-09,Fremont BART Station,14:00,25
2130,Honda Fit,Compact,2019-03-10,,2019-03-09,Central District,14:00,26
2131,Chevrolet Cruze,Standard,2019-03-05,San Jose,2019-03-01,Diridon Station,14:00,116
2132,Ford Fusion,Standard,2019-03-05,San Jose,2019-03-01,SJC International Airport,14:00,160
2133,Honda Civic,Standard,2019-03-05,San Jose,2019-03-01,Diridon Station,14:00,120
2134,Hyundai Elantra,Standard,2019-03-05,San Jose,2019-03-01,SJC International Airport,14:00,112
2135,Toyota Camry,Standard,2019-03-05,San Jose,2019-03-01,SJC International Airport,14:00,136
2136,Toyota Corolla,Standard,2019-03-05,San Jose,2019-03-01,SJC International Airport,14:00,132
2137,Chevrolet Cruze,Standard,2019-03-05,,2019-03-01,Diridon Station,14:00,116
2138,Ford Fusion,Standard,2019-03-11,Fremont,2019-03-04,Fremont BART Station,14:00,245
2139,Honda Accord,Standard,2019-03-11,Fremont,2019-03-04,Fremont BART Station,14:00,245
2140,Toyota Camry,Standard,2019-03-11,Fremont,2019-03-04,Central District,14:00,245
2141,Ford Fusion,Standard,2019-03-11,,2019-03-04,Fremont BART Station,14:00,245
2142,Chevrolet Cruze,Standard,2019-03-05,San Francisco,2019-03-03,SFO International Airport,12:30,70
2143,Ford Fusion,Standard,2019-03-05,San Francisco,2019-03-03,SFO International Airport,12:30,52
2144,Honda Civic,Standard,2019-03-05,San Francisco,2019-03-03,Salesforce Transit Center,12:30,58
2145,Nissan Altima,Standard,2019-03-05,San Francisco,2019-03-03,SFO International Airport,12:30,40
2146,Nissan Sentra,Standard,2019-03-05,San Francisco,2019-03-03,Salesforce Transit Center,12:30,56
2147,Toyota Prius,Standard,2019-03-05,San Francisco,2019-03-03,SFO International Airport,12:30,64
2148,Chevrolet Cruze,Standard,2019-03-05,,2019-03-03,SFO International Airport,12:30,70
2149,Ford Fusion,Standard,2019-03-06,Walnut Creek,2019-03-05,BART Station,17:00,33
2150,Honda Accord,Standard,2019-03-06,Walnut Creek,2019-03-05,BART Station,17:00,31
2151,Honda Civic,Standard,2019-03-06,Walnut Creek,2019-03-05,BART Station,17:00,33
2152,Toyota Camry,Standard,2019-03-06,Walnut Creek,2019-03-05,BART Station,17:00,32
2153,Toyota Corolla,Standard,2019-03-06,Walnut Creek,2019-03-05,Downtown,17:00,31
2154,Ford Fusion,Standard,2019-03-06,,2019-03-05,BART Station,17:00,33
2155,Chevrolet Cruze,Standard,2019-03-05,Sunnyvale,2019-03-04,Sunnyvale CalTrain Station,17:00,32
2156,Ford Fusion,Standard,2019-03-05,Sunnyvale,2019-03-04,Downtown,17:00,29
2157,Honda Accord,Standard,2019-03-05,Sunnyvale,2019-03-04,Sunnyvale CalTrain Station,17:00,33
2158,Toyota Corolla,Standard,2019-03-05,Sunnyvale,2019-03-04,Sunnyvale CalTrain Station,17:00,38
2159,Toyota Prius,Standard,2019-03-05,Sunnyvale,2019-03-04,Downtown,17:00,33
2160,Chevrolet Cruze,Standard,2019-03-05,,2019-03-04,Sunnyvale CalTrain Station,17:00,32
2161,Ford Escape,Full-size,2019-03-13,Fremont,2019-03-09,Fremont BART Station,13:30,168
2162,Hyundai Tucson,Full-size,2019-03-13,Fremont,2019-03-09,Central District,13:30,164
2163,Nissan Rogue,Full-size,2019-03-13,Fremont,2019-03-09,Central District,13:30,176
2164,Subaru Forester,Full-size,2019-03-13,Fremont,2019-03-09,Fremont BART Station,13:30,176
2165,Toyota Highlander,Full-size,2019-03-13,Fremont,2019-03-09,Central District,13:30,188
2166,Ford Escape,Full-size,2019-03-13,,2019-03-09,Fremont BART Station,13:30,168
2167,Chevrolet Cruze,Standard,2019-03-14,Concord,2019-03-08,Canterbury Village,17:00,204
2168,Honda Accord,Standard,2019-03-14,Concord,2019-03-08,Clayton Valley,17:00,174
2169,Nissan Sentra,Standard,2019-03-14,Concord,2019-03-08,Clayton Valley,17:00,174
2170,Toyota Camry,Standard,2019-03-14,Concord,2019-03-08,Clayton Valley,17:00,174
2171,Toyota Prius,Standard,2019-03-14,Concord,2019-03-08,Canterbury Village,17:00,168
2172,Chevrolet Cruze,Standard,2019-03-14,,2019-03-08,Canterbury Village,17:00,204
2173,Chevrolet Cruze,Standard,2019-03-04,Concord,2019-03-03,Canterbury Village,12:00,33
2174,Ford Fusion,Standard,2019-03-04,Concord,2019-03-03,Canterbury Village,12:00,29
2175,Honda Accord,Standard,2019-03-04,Concord,2019-03-03,Canterbury Village,12:00,30
2176,Honda Civic,Standard,2019-03-04,Concord,2019-03-03,Canterbury Village,12:00,37
2177,Nissan Sentra,Standard,2019-03-04,Concord,2019-03-03,Clayton Valley,12:00,27
2178,Toyota Camry,Standard,2019-03-04,Concord,2019-03-03,Clayton Valley,12:00,32
2179,Toyota Corolla,Standard,2019-03-04,Concord,2019-03-03,Canterbury Village,12:00,30
2180,Toyota Prius,Standard,2019-03-04,Concord,2019-03-03,Canterbury Village,12:00,32
2181,Chevrolet Cruze,Standard,2019-03-04,,2019-03-03,Canterbury Village,12:00,33
2182,Chevrolet Cruze,Standard,2019-03-08,San Francisco,2019-03-03,SFO International Airport,12:30,175
2183,Ford Fusion,Standard,2019-03-08,San Francisco,2019-03-03,SFO International Airport,12:30,150
2184,Nissan Altima,Standard,2019-03-08,San Francisco,2019-03-03,SFO International Airport,12:30,180
2185,Nissan Sentra,Standard,2019-03-08,San Francisco,2019-03-03,Salesforce Transit Center,12:30,155
2186,Toyota Prius,Standard,2019-03-08,San Francisco,2019-03-03,SFO International Airport,12:30,155
2187,Chevrolet Cruze,Standard,2019-03-08,,2019-03-03,SFO International Airport,12:30,175
2188,Chevrolet Cruze,Standard,2019-03-08,San Jose,2019-03-06,Diridon Station,18:00,58
2189,Ford Fusion,Standard,2019-03-08,San Jose,2019-03-06,SJC International Airport,18:00,72
2190,Honda Civic,Standard,2019-03-08,San Jose,2019-03-06,Diridon Station,18:00,66
2191,Hyundai Elantra,Standard,2019-03-08,San Jose,2019-03-06,SJC International Airport,18:00,82
2192,Toyota Camry,Standard,2019-03-08,San Jose,2019-03-06,SJC International Airport,18:00,72
2193,Toyota Corolla,Standard,2019-03-08,San Jose,2019-03-06,SJC International Airport,18:00,66
2194,Chevrolet Cruze,Standard,2019-03-08,,2019-03-06,Diridon Station,18:00,58
2195,Ford Escape,Full-size,2019-03-04,San Francisco,2019-03-02,SFO International Airport,10:30,84
2196,Ford Escape,Full-size,2019-03-04,,2019-03-02,SFO International Airport,10:30,84
2197,Chevrolet Cruze,Standard,2019-03-11,San Francisco,2019-03-09,SFO International Airport,16:30,64
2198,Ford Fusion,Standard,2019-03-11,San Francisco,2019-03-09,SFO International Airport,16:30,62
2199,Honda Civic,Standard,2019-03-11,San Francisco,2019-03-09,Salesforce Transit Center,16:30,76
2200,Nissan Altima,Standard,2019-03-11,San Francisco,2019-03-09,SFO International Airport,16:30,64
2201,Nissan Sentra,Standard,2019-03-11,San Francisco,2019-03-09,Salesforce Transit Center,16:30,56
2202,Toyota Prius,Standard,2019-03-11,San Francisco,2019-03-09,SFO International Airport,16:30,72
2203,Chevrolet Cruze,Standard,2019-03-11,,2019-03-09,SFO International Airport,16:30,64
2204,Ford Fusion,Standard,2019-03-06,Walnut Creek,2019-03-02,BART Station,14:00,128
2205,Honda Accord,Standard,2019-03-06,Walnut Creek,2019-03-02,BART Station,14:00,120
2206,Honda Civic,Standard,2019-03-06,Walnut Creek,2019-03-02,BART Station,14:00,128
2207,Toyota Camry,Standard,2019-03-06,Walnut Creek,2019-03-02,BART Station,14:00,136
2208,Toyota Corolla,Standard,2019-03-06,Walnut Creek,2019-03-02,Downtown,14:00,120
2209,Ford Fusion,Standard,2019-03-06,,2019-03-02,BART Station,14:00,128
2210,Ford Escape,Full-size,2019-03-04,San Francisco,2019-03-03,SFO International Airport,17:00,50
2211,Hyundai Tucson,Full-size,2019-03-04,San Francisco,2019-03-03,Salesforce Transit Center,17:00,36
2212,Toyota Highlander,Full-size,2019-03-04,San Francisco,2019-03-03,Salesforce Transit Center,17:00,38
2213,Ford Escape,Full-size,2019-03-04,,2019-03-03,SFO International Airport,17:00,50
2214,Ford Escape,Full-size,2019-03-11,San Francisco,2019-03-08,SFO International Airport,16:30,132
2215,Hyundai Tucson,Full-size,2019-03-11,San Francisco,2019-03-08,Salesforce Transit Center,16:30,129
2216,Toyota Highlander,Full-size,2019-03-11,San Francisco,2019-03-08,Salesforce Transit Center,16:30,111
2217,Ford Escape,Full-size,2019-03-11,,2019-03-08,SFO International Airport,16:30,132
2218,Chevrolet Cruze,Standard,2019-03-05,San Jose,2019-03-04,Diridon Station,18:00,30
2219,Ford Fusion,Standard,2019-03-05,San Jose,2019-03-04,SJC International Airport,18:00,33
2220,Honda Civic,Standard,2019-03-05,San Jose,2019-03-04,Diridon Station,18:00,35
2221,Hyundai Elantra,Standard,2019-03-05,San Jose,2019-03-04,SJC International Airport,18:00,33
2222,Toyota Camry,Standard,2019-03-05,San Jose,2019-03-04,SJC International Airport,18:00,30
2223,Toyota Corolla,Standard,2019-03-05,San Jose,2019-03-04,SJC International Airport,18:00,41
2224,Chevrolet Bolt,Compact,2019-03-06,San Jose,2019-03-04,SJC International Airport,18:00,44
2225,Chevrolet Cruze,Standard,2019-03-06,San Jose,2019-03-04,Diridon Station,18:00,56
2226,Chevrolet Equinox,Full-size,2019-03-06,San Jose,2019-03-04,SJC International Airport,18:00,96
2227,Ford Fusion,Standard,2019-03-06,San Jose,2019-03-04,SJC International Airport,18:00,64
2228,Honda Civic,Standard,2019-03-06,San Jose,2019-03-04,Diridon Station,18:00,68
2229,Honda Fit,Compact,2019-03-06,San Jose,2019-03-04,SJC International Airport,18:00,50
2230,Hyundai Elantra,Standard,2019-03-06,San Jose,2019-03-04,SJC International Airport,18:00,70
2231,Jeep Cherokee,Full-size,2019-03-06,San Jose,2019-03-04,SJC International Airport,18:00,98
2232,Subaru Forester,Full-size,2019-03-06,San Jose,2019-03-04,SJC International Airport,18:00,96
2233,Chevrolet Bolt,Compact,2019-03-06,,2019-03-04,SJC International Airport,18:00,44
2234,Honda Accord,Standard,2019-03-07,Concord,2019-03-02,Clayton Valley,19:30,145
2235,Nissan Sentra,Standard,2019-03-07,Concord,2019-03-02,Clayton Valley,19:30,140
2236,Toyota Camry,Standard,2019-03-07,Concord,2019-03-02,Clayton Valley,19:30,155
2237,Toyota Prius,Standard,2019-03-07,Concord,2019-03-02,Clayton Valley,19:30,150
2238,Honda Accord,Standard,2019-03-07,,2019-03-02,Clayton Valley,19:30,145
2239,Ford Fusion,Standard,2019-03-04,Walnut Creek,2019-03-01,BART Station,18:30,102
2240,Honda Accord,Standard,2019-03-04,Walnut Creek,2019-03-01,BART Station,18:30,84
2241,Honda Civic,Standard,2019-03-04,Walnut Creek,2019-03-01,BART Station,18:30,99
2242,Toyota Camry,Standard,2019-03-04,Walnut Creek,2019-03-01,BART Station,18:30,114
2243,Chevrolet Bolt,Compact,2019-03-04,Walnut Creek,2019-03-01,BART Station,16:30,81
2244,Kia Forte,Compact,2019-03-04,Walnut Creek,2019-03-01,BART Station,16:30,87
2245,Mini Cooper,Compact,2019-03-04,Walnut Creek,2019-03-01,Downtown,16:30,87
2246,Nissan Leaf,Compact,2019-03-04,Walnut Creek,2019-03-01,Downtown,16:30,81
2247,Volkswagen Golf,Compact,2019-03-04,Walnut Creek,2019-03-01,Downtown,16:30,72
2248,Chevrolet Bolt,Compact,2019-03-04,,2019-03-01,BART Station,16:30,81
2249,Chevrolet Equinox,Full-size,2019-03-14,San Jose,2019-03-11,SJC International Airport,18:00,126
2250,Jeep Cherokee,Full-size,2019-03-14,San Jose,2019-03-11,SJC International Airport,18:00,111
2251,Subaru Forester,Full-size,2019-03-14,San Jose,2019-03-11,SJC International Airport,18:00,120
2252,Toyota Highlander,Full-size,2019-03-14,San Jose,2019-03-11,Diridon Station,18:00,108
2253,Toyota RAV4,Full-size,2019-03-14,San Jose,2019-03-11,Diridon Station,18:00,108
2254,Chevrolet Equinox,Full-size,2019-03-14,,2019-03-11,SJC International Airport,18:00,126
2255,Chevrolet Bolt,Compact,2019-03-10,Concord,2019-03-08,Canterbury Village,12:00,46
2256,Chevrolet Cruze,Standard,2019-03-10,Concord,2019-03-08,Canterbury Village,12:00,70
2257,Ford Fusion,Standard,2019-03-10,Concord,2019-03-08,Canterbury Village,12:00,64
2258,Honda Accord,Standard,2019-03-10,Concord,2019-03-08,Canterbury Village,12:00,62
2259,Honda CR-V,Full-size,2019-03-10,Concord,2019-03-08,Canterbury Village,12:00,84
2260,Honda Civic,Standard,2019-03-10,Concord,2019-03-08,Canterbury Village,12:00,52
2261,Jeep Cherokee,Full-size,2019-03-10,Concord,2019-03-08,Canterbury Village,12:00,94
2262,Kia Forte,Compact,2019-03-10,Concord,2019-03-08,Canterbury Village,12:00,42
2263,Mini Cooper,Compact,2019-03-10,Concord,2019-03-08,Canterbury Village,12:00,56
2264,Nissan Leaf,Compact,2019-03-10,Concord,2019-03-08,Clayton Valley,12:00,46
2265,Chevrolet Bolt,Compact,2019-03-10,,2019-03-08,Canterbury Village,12:00,46
2266,Chevrolet Cruze,Standard,2019-03-11,Atlanta,2019-03-06,Hartsfield-Jackson International Airport,13:00,145
2267,Nissan Sentra,Standard,2019-03-11,Atlanta,2019-03-06,Peachtree Station,13:00,130
2268,Chevrolet Cruze,Standard,2019-03-02,Atlanta,2019-03-01,Hartsfield-Jackson International Airport,13:00,33
2269,Nissan Sentra,Standard,2019-03-02,Atlanta,2019-03-01,Hartsfield-Jackson International Airport,13:00,37
2270,Toyota Camry,Standard,2019-03-02,Atlanta,2019-03-01,Hartsfield-Jackson International Airport,13:00,32
2271,Toyota Prius,Standard,2019-03-02,Atlanta,2019-03-01,Peachtree Station,13:00,30
2272,Ford Fusion,Standard,2019-03-02,Walnut Creek,2019-03-01,BART Station,14:00,34
2273,Honda Accord,Standard,2019-03-02,Walnut Creek,2019-03-01,BART Station,14:00,30
2274,Honda Civic,Standard,2019-03-02,Walnut Creek,2019-03-01,BART Station,14:00,37
2275,Toyota Camry,Standard,2019-03-02,Walnut Creek,2019-03-01,BART Station,14:00,35
2276,Toyota Corolla,Standard,2019-03-02,Walnut Creek,2019-03-01,Downtown,14:00,32
2277,Ford Fusion,Standard,2019-03-02,,2019-03-01,BART Station,14:00,34
2278,Chevrolet Cruze,Standard,2019-03-11,San Jose,2019-03-10,Diridon Station,16:30,26
2279,Ford Fusion,Standard,2019-03-11,San Jose,2019-03-10,SJC International Airport,16:30,36
2280,Honda Civic,Standard,2019-03-11,San Jose,2019-03-10,Diridon Station,16:30,28
2281,Hyundai Elantra,Standard,2019-03-11,San Jose,2019-03-10,SJC International Airport,16:30,28
2282,Toyota Camry,Standard,2019-03-11,San Jose,2019-03-10,SJC International Airport,16:30,31
2283,Toyota Corolla,Standard,2019-03-11,San Jose,2019-03-10,SJC International Airport,16:30,24
2284,Chevrolet Cruze,Standard,2019-03-11,,2019-03-10,Diridon Station,16:30,26
2285,Chevrolet Cruze,Standard,2019-03-10,Sunnyvale,2019-03-09,Sunnyvale CalTrain Station,15:00,32
2286,Ford Fusion,Standard,2019-03-10,Sunnyvale,2019-03-09,Downtown,15:00,33
2287,Honda Accord,Standard,2019-03-10,Sunnyvale,2019-03-09,Sunnyvale CalTrain Station,15:00,33
2288,Toyota Corolla,Standard,2019-03-10,Sunnyvale,2019-03-09,Sunnyvale CalTrain Station,15:00,30
2289,Toyota Prius,Standard,2019-03-10,Sunnyvale,2019-03-09,Downtown,15:00,28
2290,Chevrolet Cruze,Standard,2019-03-10,,2019-03-09,Sunnyvale CalTrain Station,15:00,32
2291,Chevrolet Cruze,Standard,2019-03-08,Sunnyvale,2019-03-04,Sunnyvale CalTrain Station,15:30,136
2292,Ford Fusion,Standard,2019-03-08,Sunnyvale,2019-03-04,Downtown,15:30,124
2293,Honda Accord,Standard,2019-03-08,Sunnyvale,2019-03-04,Sunnyvale CalTrain Station,15:30,152
2294,Toyota Corolla,Standard,2019-03-08,Sunnyvale,2019-03-04,Sunnyvale CalTrain Station,15:30,152
2295,Toyota Prius,Standard,2019-03-08,Sunnyvale,2019-03-04,Downtown,15:30,96
2296,Chevrolet Cruze,Standard,2019-03-08,Sunnyvale,2019-03-03,Sunnyvale CalTrain Station,15:30,180
2297,Ford Fusion,Standard,2019-03-08,Sunnyvale,2019-03-03,Downtown,15:30,145
2298,Honda Accord,Standard,2019-03-08,Sunnyvale,2019-03-03,Sunnyvale CalTrain Station,15:30,150
2299,Ford Fusion,Standard,2019-03-08,,2019-03-03,Downtown,15:30,145
2300,Chevrolet Bolt,Compact,2019-03-12,Fremont,2019-03-10,Fremont BART Station,18:30,48
2301,Volkswagen GTI,Compact,2019-03-12,Fremont,2019-03-10,Fremont BART Station,18:30,56
2302,Volkswagen Golf,Compact,2019-03-12,Fremont,2019-03-10,Fremont BART Station,18:30,56
2303,Chevrolet Bolt,Compact,2019-03-12,,2019-03-10,Fremont BART Station,18:30,48
2304,Toyota Camry,Standard,2019-03-09,Walnut Creek,2019-03-05,Downtown,11:00,112
2305,Toyota Corolla,Standard,2019-03-09,Walnut Creek,2019-03-05,Downtown,11:00,140
2306,Toyota Camry,Standard,2019-03-09,,2019-03-05,Downtown,11:00,112
2307,Chevrolet Cruze,Standard,2019-03-12,San Jose,2019-03-08,Diridon Station,18:30,96
2308,Honda Civic,Standard,2019-03-12,San Jose,2019-03-08,Diridon Station,18:30,120
2309,Hyundai Elantra,Standard,2019-03-12,San Jose,2019-03-08,Diridon Station,18:30,136
2310,Toyota Corolla,Standard,2019-03-12,San Jose,2019-03-08,Diridon Station,18:30,124
2311,Honda Fit,Compact,2019-03-12,San Jose,2019-03-08,Diridon Station,18:30,104
2312,Jeep Cherokee,Full-size,2019-03-12,San Jose,2019-03-08,Diridon Station,18:30,152
2313,Toyota Highlander,Full-size,2019-03-12,San Jose,2019-03-08,Diridon Station,18:30,136
2314,Toyota RAV4,Full-size,2019-03-12,San Jose,2019-03-08,Diridon Station,18:30,136
2315,Volkswagen GTI,Compact,2019-03-12,San Jose,2019-03-08,Diridon Station,18:30,112
2316,Honda Fit,Compact,2019-03-12,,2019-03-08,Diridon Station,18:30,104
2317,Ford Fusion,Standard,2019-03-13,Walnut Creek,2019-03-10,BART Station,14:00,102
2318,Honda Accord,Standard,2019-03-13,Walnut Creek,2019-03-10,BART Station,14:00,93
2319,Honda Civic,Standard,2019-03-13,Walnut Creek,2019-03-10,BART Station,14:00,111
2320,Toyota Camry,Standard,2019-03-13,Walnut Creek,2019-03-10,BART Station,14:00,99
2321,Toyota Corolla,Standard,2019-03-13,Walnut Creek,2019-03-10,Downtown,14:00,96
2322,Ford Fusion,Standard,2019-03-13,,2019-03-10,BART Station,14:00,102
2323,Chevrolet Cruze,Standard,2019-03-07,San Francisco,2019-03-01,SFO International Airport,09:30,198
2324,Kia Forte,Compact,2019-03-07,San Francisco,2019-03-01,SFO International Airport,09:30,174
2325,Mini Cooper,Compact,2019-03-07,San Francisco,2019-03-01,SFO International Airport,09:30,162
2326,Nissan Leaf,Compact,2019-03-07,San Francisco,2019-03-01,SFO International Airport,09:30,162
2327,Volkswagen GTI,Compact,2019-03-07,San Francisco,2019-03-01,SFO International Airport,09:30,156
2328,Kia Forte,Compact,2019-03-07,,2019-03-01,SFO International Airport,09:30,174
2329,Chevrolet Cruze,Standard,2019-03-06,Sunnyvale,2019-03-04,Sunnyvale CalTrain Station,15:30,78
2330,Ford Fusion,Standard,2019-03-06,Sunnyvale,2019-03-04,Downtown,15:30,58
2331,Honda Accord,Standard,2019-03-06,Sunnyvale,2019-03-04,Sunnyvale CalTrain Station,15:30,68
2332,Toyota Corolla,Standard,2019-03-06,Sunnyvale,2019-03-04,Sunnyvale CalTrain Station,15:30,62
2333,Toyota Prius,Standard,2019-03-06,Sunnyvale,2019-03-04,Downtown,15:30,64
2334,Chevrolet Cruze,Standard,2019-03-06,,2019-03-04,Sunnyvale CalTrain Station,15:30,78
2335,Chevrolet Cruze,Standard,2019-03-11,San Jose,2019-03-07,Diridon Station,15:00,108
2336,Ford Fusion,Standard,2019-03-11,San Jose,2019-03-07,SJC International Airport,15:00,120
2337,Honda Civic,Standard,2019-03-11,San Jose,2019-03-07,Diridon Station,15:00,124
2338,Hyundai Elantra,Standard,2019-03-11,San Jose,2019-03-07,SJC International Airport,15:00,120
2339,Toyota Camry,Standard,2019-03-11,San Jose,2019-03-07,SJC International Airport,15:00,136
2340,Toyota Corolla,Standard,2019-03-11,San Jose,2019-03-07,SJC International Airport,15:00,144
2341,Chevrolet Cruze,Standard,2019-03-11,,2019-03-07,Diridon Station,15:00,108
2342,Chevrolet Cruze,Standard,2019-03-06,Concord,2019-03-01,Canterbury Village,18:30,170
2343,Nissan Sentra,Standard,2019-03-06,Concord,2019-03-01,Clayton Valley,18:30,140
2344,Toyota Camry,Standard,2019-03-06,Concord,2019-03-01,Clayton Valley,18:30,130
2345,Toyota Prius,Standard,2019-03-06,Concord,2019-03-01,Canterbury Village,18:30,195
2346,Chevrolet Cruze,Standard,2019-03-06,,2019-03-01,Canterbury Village,18:30,170
2347,Chevrolet Cruze,Standard,2019-03-13,Fremont,2019-03-07,Fremont BART Station,20:00,192
2348,Ford Fusion,Standard,2019-03-13,Fremont,2019-03-07,Fremont BART Station,20:00,192
2349,Honda Accord,Standard,2019-03-13,Fremont,2019-03-07,Fremont BART Station,20:00,228
2350,Nissan Altima,Standard,2019-03-13,Fremont,2019-03-07,Fremont BART Station,20:00,168
2351,Volkswagen GTI,Compact,2019-03-13,Fremont,2019-03-07,Fremont BART Station,20:00,186
2352,Volkswagen Golf,Compact,2019-03-13,Fremont,2019-03-07,Fremont BART Station,20:00,186
2353,Volkswagen GTI,Compact,2019-03-13,,2019-03-07,Fremont BART Station,20:00,186
2354,Chevrolet Equinox,Full-size,2019-03-06,San Jose,2019-03-05,SJC International Airport,17:00,41
2355,Jeep Cherokee,Full-size,2019-03-06,San Jose,2019-03-05,SJC International Airport,17:00,42
2356,Subaru Forester,Full-size,2019-03-06,San Jose,2019-03-05,SJC International Airport,17:00,45
2357,Toyota Highlander,Full-size,2019-03-06,San Jose,2019-03-05,Diridon Station,17:00,41
2358,Toyota RAV4,Full-size,2019-03-06,San Jose,2019-03-05,Diridon Station,17:00,39
2359,Chevrolet Bolt,Compact,2019-03-06,San Jose,2019-03-05,SJC International Airport,17:00,27
2360,Honda Fit,Compact,2019-03-06,San Jose,2019-03-05,SJC International Airport,17:00,26
2361,Volkswagen GTI,Compact,2019-03-06,San Jose,2019-03-05,SJC International Airport,17:00,31
2362,Volkswagen Golf,Compact,2019-03-06,San Jose,2019-03-05,SJC International Airport,17:00,27
2363,Chevrolet Bolt,Compact,2019-03-06,,2019-03-05,SJC International Airport,17:00,27
2364,Chevrolet Cruze,Standard,2019-03-07,Fremont,2019-03-04,Fremont BART Station,15:30,99
2365,Ford Fusion,Standard,2019-03-07,Fremont,2019-03-04,Fremont BART Station,15:30,78
2366,Honda Accord,Standard,2019-03-07,Fremont,2019-03-04,Fremont BART Station,15:30,102
2367,Hyundai Elantra,Standard,2019-03-07,Fremont,2019-03-04,Central District,15:30,96
2368,Nissan Altima,Standard,2019-03-07,Fremont,2019-03-04,Fremont BART Station,15:30,99
2369,Toyota Camry,Standard,2019-03-07,Fremont,2019-03-04,Central District,15:30,87
2370,Chevrolet Cruze,Standard,2019-03-07,,2019-03-04,Fremont BART Station,15:30,99
2371,Ford Fusion,Standard,2019-03-08,Concord,2019-03-03,Canterbury Village,13:30,130
2372,Honda Accord,Standard,2019-03-08,Concord,2019-03-03,Canterbury Village,13:30,130
2373,Honda Civic,Standard,2019-03-08,Concord,2019-03-03,Canterbury Village,13:30,135
2374,Nissan Sentra,Standard,2019-03-08,Concord,2019-03-03,Clayton Valley,13:30,165
2375,Toyota Corolla,Standard,2019-03-08,Concord,2019-03-03,Canterbury Village,13:30,155
2376,Toyota Prius,Standard,2019-03-08,Concord,2019-03-03,Canterbury Village,13:30,160
2377,Ford Fusion,Standard,2019-03-08,,2019-03-03,Canterbury Village,13:30,130
2378,Chevrolet Cruze,Standard,2019-03-05,San Jose,2019-03-02,Diridon Station,16:30,90
2379,Ford Fusion,Standard,2019-03-05,San Jose,2019-03-02,SJC International Airport,16:30,120
2380,Honda Civic,Standard,2019-03-05,San Jose,2019-03-02,Diridon Station,16:30,87
2381,Hyundai Elantra,Standard,2019-03-05,San Jose,2019-03-02,SJC International Airport,16:30,102
2382,Toyota Camry,Standard,2019-03-05,San Jose,2019-03-02,SJC International Airport,16:30,96
2383,Toyota Corolla,Standard,2019-03-05,San Jose,2019-03-02,SJC International Airport,16:30,90
2384,Chevrolet Cruze,Standard,2019-03-05,,2019-03-02,Diridon Station,16:30,90
2385,Ford Fusion,Standard,2019-03-09,Fremont,2019-03-04,Fremont BART Station,12:00,160
2386,Honda Accord,Standard,2019-03-09,Fremont,2019-03-04,Fremont BART Station,12:00,200
2387,Hyundai Elantra,Standard,2019-03-09,Fremont,2019-03-04,Central District,12:00,115
2388,Toyota Camry,Standard,2019-03-09,Fremont,2019-03-04,Central District,12:00,135
2389,Ford Fusion,Standard,2019-03-09,,2019-03-04,Fremont BART Station,12:00,160
2390,Chevrolet Bolt,Compact,2019-03-08,San Jose,2019-03-06,SJC International Airport,14:00,56
2391,Honda Fit,Compact,2019-03-08,San Jose,2019-03-06,SJC International Airport,14:00,60
2392,Volkswagen GTI,Compact,2019-03-08,San Jose,2019-03-06,SJC International Airport,14:00,50
2393,Volkswagen Golf,Compact,2019-03-08,San Jose,2019-03-06,SJC International Airport,14:00,64
2394,Chevrolet Bolt,Compact,2019-03-08,,2019-03-06,SJC International Airport,14:00,56
2395,Chevrolet Cruze,Standard,2019-03-04,Fremont,2019-03-02,Fremont BART Station,13:30,70
2396,Ford Fusion,Standard,2019-03-04,Fremont,2019-03-02,Fremont BART Station,13:30,64
2397,Honda Accord,Standard,2019-03-04,Fremont,2019-03-02,Fremont BART Station,13:30,68
2398,Hyundai Elantra,Standard,2019-03-04,Fremont,2019-03-02,Central District,13:30,68
2399,Nissan Altima,Standard,2019-03-04,Fremont,2019-03-02,Fremont BART Station,13:30,76
2400,Toyota Camry,Standard,2019-03-04,Fremont,2019-03-02,Central District,13:30,64
2401,Ford Escape,Full-size,2019-03-04,Fremont,2019-03-02,Fremont BART Station,13:30,92
2402,Hyundai Tucson,Full-size,2019-03-04,Fremont,2019-03-02,Central District,13:30,86
2403,Nissan Rogue,Full-size,2019-03-04,Fremont,2019-03-02,Central District,13:30,82
2404,Subaru Forester,Full-size,2019-03-04,Fremont,2019-03-02,Fremont BART Station,13:30,86
2405,Toyota Highlander,Full-size,2019-03-04,Fremont,2019-03-02,Central District,13:30,92
2406,Ford Escape,Full-size,2019-03-04,,2019-03-02,Fremont BART Station,13:30,92
2407,Ford Fusion,Standard,2019-03-05,Walnut Creek,2019-03-02,BART Station,16:30,111
2408,Honda Accord,Standard,2019-03-05,Walnut Creek,2019-03-02,BART Station,16:30,87
2409,Honda Civic,Standard,2019-03-05,Walnut Creek,2019-03-02,BART Station,16:30,90
2410,Toyota Camry,Standard,2019-03-05,Walnut Creek,2019-03-02,BART Station,16:30,99
2411,Toyota Corolla,Standard,2019-03-05,Walnut Creek,2019-03-02,Downtown,16:30,75
2412,Ford Fusion,Standard,2019-03-05,,2019-03-02,BART Station,16:30,111
2413,Chevrolet Cruze,Standard,2019-03-09,Concord,2019-03-08,Canterbury Village,10:30,29
2414,Honda Accord,Standard,2019-03-09,Concord,2019-03-08,Canterbury Village,10:30,29
2415,Honda Civic,Standard,2019-03-09,Concord,2019-03-08,Canterbury Village,10:30,30
2416,Nissan Sentra,Standard,2019-03-09,Concord,2019-03-08,Clayton Valley,10:30,33
2417,Toyota Camry,Standard,2019-03-09,Concord,2019-03-08,Clayton Valley,10:30,24
2418,Toyota Prius,Standard,2019-03-09,Concord,2019-03-08,Canterbury Village,10:30,26
2419,Honda Accord,Standard,2019-03-09,,2019-03-08,Canterbury Village,10:30,29
2420,Chevrolet Cruze,Standard,2019-03-13,Fremont,2019-03-12,Fremont BART Station,13:30,31
2421,Ford Fusion,Standard,2019-03-13,Fremont,2019-03-12,Fremont BART Station,13:30,29
2422,Honda Accord,Standard,2019-03-13,Fremont,2019-03-12,Fremont BART Station,13:30,34
2423,Hyundai Elantra,Standard,2019-03-13,Fremont,2019-03-12,Central District,13:30,25
2424,Nissan Altima,Standard,2019-03-13,Fremont,2019-03-12,Fremont BART Station,13:30,30
2425,Toyota Camry,Standard,2019-03-13,Fremont,2019-03-12,Central District,13:30,30
2426,Chevrolet Cruze,Standard,2019-03-13,,2019-03-12,Fremont BART Station,13:30,31
2427,Toyota Corolla,Standard,2019-03-14,San Jose,2019-03-07,Diridon Station,14:00,217
2428,Toyota Corolla,Standard,2019-03-14,,2019-03-07,Diridon Station,14:00,217
2429,Ford Fusion,Standard,2019-03-10,Walnut Creek,2019-03-06,BART Station,13:30,124
2430,Honda Accord,Standard,2019-03-10,Walnut Creek,2019-03-06,BART Station,13:30,140
2431,Honda Civic,Standard,2019-03-10,Walnut Creek,2019-03-06,BART Station,13:30,116
2432,Toyota Camry,Standard,2019-03-10,Walnut Creek,2019-03-06,BART Station,13:30,128
2433,Toyota Corolla,Standard,2019-03-10,Walnut Creek,2019-03-06,Downtown,13:30,124
2434,Ford Fusion,Standard,2019-03-10,,2019-03-06,BART Station,13:30,124
2435,Chevrolet Cruze,Standard,2019-03-08,Concord,2019-03-04,Canterbury Village,17:00,108
2436,Ford Fusion,Standard,2019-03-08,Concord,2019-03-04,Canterbury Village,17:00,124
2437,Honda Accord,Standard,2019-03-08,Concord,2019-03-04,Canterbury Village,17:00,152
2438,Honda Civic,Standard,2019-03-08,Concord,2019-03-04,Canterbury Village,17:00,124
2439,Nissan Sentra,Standard,2019-03-08,Concord,2019-03-04,Clayton Valley,17:00,116
2440,Toyota Camry,Standard,2019-03-08,Concord,2019-03-04,Clayton Valley,17:00,128
2441,Toyota Corolla,Standard,2019-03-08,Concord,2019-03-04,Canterbury Village,17:00,96
2442,Toyota Prius,Standard,2019-03-08,Concord,2019-03-04,Canterbury Village,17:00,168
2443,Chevrolet Cruze,Standard,2019-03-08,,2019-03-04,Canterbury Village,17:00,108
2444,Chevrolet Cruze,Standard,2019-03-05,Fremont,2019-03-03,Fremont BART Station,15:00,62
2445,Ford Fusion,Standard,2019-03-05,Fremont,2019-03-03,Fremont BART Station,15:00,68
2446,Honda Accord,Standard,2019-03-05,Fremont,2019-03-03,Fremont BART Station,15:00,52
2447,Hyundai Elantra,Standard,2019-03-05,Fremont,2019-03-03,Central District,15:00,56
2448,Nissan Altima,Standard,2019-03-05,Fremont,2019-03-03,Fremont BART Station,15:00,68
2449,Toyota Camry,Standard,2019-03-05,Fremont,2019-03-03,Central District,15:00,56
2450,Chevrolet Cruze,Standard,2019-03-05,,2019-03-03,Fremont BART Station,15:00,62
2451,Chevrolet Cruze,Standard,2019-03-06,Concord,2019-03-04,Canterbury Village,14:00,72
2452,Ford Fusion,Standard,2019-03-06,Concord,2019-03-04,Canterbury Village,14:00,56
2453,Honda Accord,Standard,2019-03-06,Concord,2019-03-04,Canterbury Village,14:00,56
2454,Honda Civic,Standard,2019-03-06,Concord,2019-03-04,Canterbury Village,14:00,68
2455,Nissan Sentra,Standard,2019-03-06,Concord,2019-03-04,Clayton Valley,14:00,62
2456,Toyota Camry,Standard,2019-03-06,Concord,2019-03-04,Clayton Valley,14:00,58
2457,Toyota Corolla,Standard,2019-03-06,Concord,2019-03-04,Canterbury Village,14:00,58
2458,Toyota Prius,Standard,2019-03-06,Concord,2019-03-04,Canterbury Village,14:00,62
2459,Chevrolet Cruze,Standard,2019-03-06,,2019-03-04,Canterbury Village,14:00,72
2460,Chevrolet Cruze,Standard,2019-03-04,San Jose,2019-03-01,Diridon Station,14:00,84
2461,Ford Fusion,Standard,2019-03-04,San Jose,2019-03-01,SJC International Airport,14:00,90
2462,Honda Civic,Standard,2019-03-04,San Jose,2019-03-01,Diridon Station,14:00,81
2463,Hyundai Elantra,Standard,2019-03-04,San Jose,2019-03-01,SJC International Airport,14:00,105
2464,Toyota Camry,Standard,2019-03-04,San Jose,2019-03-01,SJC International Airport,14:00,99
2465,Toyota Corolla,Standard,2019-03-04,San Jose,2019-03-01,SJC International Airport,14:00,111
2466,Ford Fusion,Standard,2019-03-04,,2019-03-01,SJC International Airport,14:00,90
2467,Chevrolet Bolt,Compact,2019-03-12,Fremont,2019-03-08,Fremont BART Station,12:30,124
2468,Honda Fit,Compact,2019-03-12,Fremont,2019-03-08,Central District,12:30,92
2469,Kia Forte,Compact,2019-03-12,Fremont,2019-03-08,Central District,12:30,84
2470,Nissan Leaf,Compact,2019-03-12,Fremont,2019-03-08,Central District,12:30,96
2471,Volkswagen GTI,Compact,2019-03-12,Fremont,2019-03-08,Fremont BART Station,12:30,116
2472,Volkswagen Golf,Compact,2019-03-12,Fremont,2019-03-08,Fremont BART Station,12:30,124
2473,Chevrolet Bolt,Compact,2019-03-12,,2019-03-08,Fremont BART Station,12:30,124
2474,Chevrolet Bolt,Compact,2019-03-11,San Francisco,2019-03-08,Salesforce Transit Center,15:30,90
2475,Kia Forte,Compact,2019-03-11,San Francisco,2019-03-08,SFO International Airport,15:30,96
2476,Mini Cooper,Compact,2019-03-11,San Francisco,2019-03-08,SFO International Airport,15:30,84
2477,Nissan Leaf,Compact,2019-03-11,San Francisco,2019-03-08,SFO International Airport,15:30,84
2478,Volkswagen GTI,Compact,2019-03-11,San Francisco,2019-03-08,SFO International Airport,15:30,69
2479,Chevrolet Bolt,Compact,2019-03-11,,2019-03-08,Salesforce Transit Center,15:30,90
2480,Chevrolet Cruze,Standard,2019-03-12,San Francisco,2019-03-11,SFO International Airport,12:30,33
2481,Ford Fusion,Standard,2019-03-12,San Francisco,2019-03-11,SFO International Airport,12:30,35
2482,Honda Civic,Standard,2019-03-12,San Francisco,2019-03-11,Salesforce Transit Center,12:30,25
2483,Nissan Altima,Standard,2019-03-12,San Francisco,2019-03-11,SFO International Airport,12:30,34
2484,Nissan Sentra,Standard,2019-03-12,San Francisco,2019-03-11,Salesforce Transit Center,12:30,31
2485,Toyota Prius,Standard,2019-03-12,San Francisco,2019-03-11,SFO International Airport,12:30,31
2486,Chevrolet Cruze,Standard,2019-03-12,,2019-03-11,SFO International Airport,12:30,33
2487,Chevrolet Equinox,Full-size,2019-03-06,San Jose,2019-03-02,SJC International Airport,18:00,192
2488,Jeep Cherokee,Full-size,2019-03-06,San Jose,2019-03-02,SJC International Airport,18:00,188
2489,Subaru Forester,Full-size,2019-03-06,San Jose,2019-03-02,SJC International Airport,18:00,176
2490,Toyota Highlander,Full-size,2019-03-06,San Jose,2019-03-02,Diridon Station,18:00,188
2491,Toyota RAV4,Full-size,2019-03-06,San Jose,2019-03-02,Diridon Station,18:00,188
2492,Chevrolet Equinox,Full-size,2019-03-06,,2019-03-02,SJC International Airport,18:00,192
2493,Ford Fusion,Standard,2019-03-03,Walnut Creek,2019-03-02,BART Station,13:30,33
2494,Honda Accord,Standard,2019-03-03,Walnut Creek,2019-03-02,BART Station,13:30,34
2495,Honda Civic,Standard,2019-03-03,Walnut Creek,2019-03-02,BART Station,13:30,30
2496,Toyota Camry,Standard,2019-03-03,Walnut Creek,2019-03-02,BART Station,13:30,35
2497,Toyota Corolla,Standard,2019-03-03,Walnut Creek,2019-03-02,Downtown,13:30,31
2498,Ford Fusion,Standard,2019-03-03,,2019-03-02,BART Station,13:30,33
2499,Chevrolet Cruze,Standard,2019-03-09,Concord,2019-03-08,Canterbury Village,17:00,29
2500,Ford Fusion,Standard,2019-03-09,Concord,2019-03-08,Canterbury Village,17:00,23
2501,Honda Accord,Standard,2019-03-09,Concord,2019-03-08,Canterbury Village,17:00,29
2502,Honda Civic,Standard,2019-03-09,Concord,2019-03-08,Canterbury Village,17:00,30
2503,Nissan Sentra,Standard,2019-03-09,Concord,2019-03-08,Clayton Valley,17:00,33
2504,Toyota Camry,Standard,2019-03-09,Concord,2019-03-08,Clayton Valley,17:00,24
2505,Toyota Corolla,Standard,2019-03-09,Concord,2019-03-08,Canterbury Village,17:00,29
2506,Toyota Prius,Standard,2019-03-09,Concord,2019-03-08,Canterbury Village,17:00,26
2507,Chevrolet Cruze,Standard,2019-03-09,,2019-03-08,Canterbury Village,17:00,29
2508,Chevrolet Equinox,Full-size,2019-03-09,San Jose,2019-03-08,SJC International Airport,15:30,43
2509,Jeep Cherokee,Full-size,2019-03-09,San Jose,2019-03-08,SJC International Airport,15:30,48
2510,Subaru Forester,Full-size,2019-03-09,San Jose,2019-03-08,SJC International Airport,15:30,42
2511,Toyota Highlander,Full-size,2019-03-09,San Jose,2019-03-08,Diridon Station,15:30,39
2512,Toyota RAV4,Full-size,2019-03-09,San Jose,2019-03-08,Diridon Station,15:30,42
2513,Chevrolet Equinox,Full-size,2019-03-09,,2019-03-08,SJC International Airport,15:30,43
2514,Ford Escape,Full-size,2019-03-10,Fremont,2019-03-08,Fremont BART Station,17:00,86
2515,Hyundai Tucson,Full-size,2019-03-10,Fremont,2019-03-08,Central District,17:00,78
2516,Nissan Rogue,Full-size,2019-03-10,Fremont,2019-03-08,Central District,17:00,92
2517,Subaru Forester,Full-size,2019-03-10,Fremont,2019-03-08,Fremont BART Station,17:00,84
2518,Toyota Highlander,Full-size,2019-03-10,Fremont,2019-03-08,Central District,17:00,74
2519,Ford Escape,Full-size,2019-03-10,,2019-03-08,Fremont BART Station,17:00,86
2520,Chevrolet Cruze,Standard,2019-03-05,San Jose,2019-03-01,Diridon Station,18:00,116
2521,Ford Fusion,Standard,2019-03-05,San Jose,2019-03-01,SJC International Airport,18:00,160
2522,Honda Civic,Standard,2019-03-05,San Jose,2019-03-01,Diridon Station,18:00,120
2523,Hyundai Elantra,Standard,2019-03-05,San Jose,2019-03-01,SJC International Airport,18:00,112
2524,Toyota Camry,Standard,2019-03-05,San Jose,2019-03-01,SJC International Airport,18:00,136
2525,Toyota Corolla,Standard,2019-03-05,San Jose,2019-03-01,SJC International Airport,18:00,132
2526,Chevrolet Cruze,Standard,2019-03-05,,2019-03-01,Diridon Station,18:00,116
2527,Nissan Sentra,Standard,2019-03-13,Concord,2019-03-12,Clayton Valley,10:00,29
2528,Toyota Camry,Standard,2019-03-13,Concord,2019-03-12,Clayton Valley,10:00,30
2529,Chevrolet Cruze,Standard,2019-03-13,Concord,2019-03-12,Canterbury Village,09:30,31
2530,Honda Accord,Standard,2019-03-13,Concord,2019-03-12,Canterbury Village,09:30,31
2531,Honda Civic,Standard,2019-03-13,Concord,2019-03-12,Canterbury Village,09:30,32
2532,Toyota Prius,Standard,2019-03-13,Concord,2019-03-12,Canterbury Village,09:30,29
2533,Nissan Sentra,Standard,2019-03-13,,2019-03-12,Clayton Valley,10:00,29
2534,Ford Fusion,Standard,2019-03-06,Walnut Creek,2019-03-03,BART Station,14:00,93
2535,Honda Accord,Standard,2019-03-06,Walnut Creek,2019-03-03,BART Station,14:00,111
2536,Honda Civic,Standard,2019-03-06,Walnut Creek,2019-03-03,BART Station,14:00,99
2537,Toyota Camry,Standard,2019-03-06,Walnut Creek,2019-03-03,BART Station,14:00,96
2538,Toyota Corolla,Standard,2019-03-06,Walnut Creek,2019-03-03,Downtown,14:00,105
2539,Ford Fusion,Standard,2019-03-06,,2019-03-03,BART Station,14:00,93
2540,Chevrolet Cruze,Standard,2019-03-03,Concord,2019-03-02,Canterbury Village,16:30,32
2541,Ford Fusion,Standard,2019-03-03,Concord,2019-03-02,Canterbury Village,16:30,37
2542,Honda Accord,Standard,2019-03-03,Concord,2019-03-02,Canterbury Village,16:30,33
2543,Honda Civic,Standard,2019-03-03,Concord,2019-03-02,Canterbury Village,16:30,33
2544,Nissan Sentra,Standard,2019-03-03,Concord,2019-03-02,Clayton Valley,16:30,33
2545,Toyota Camry,Standard,2019-03-03,Concord,2019-03-02,Clayton Valley,16:30,34
2546,Toyota Corolla,Standard,2019-03-03,Concord,2019-03-02,Canterbury Village,16:30,28
2547,Toyota Prius,Standard,2019-03-03,Concord,2019-03-02,Canterbury Village,16:30,41
2548,Chevrolet Cruze,Standard,2019-03-03,,2019-03-02,Canterbury Village,16:30,32
2549,Chevrolet Cruze,Standard,2019-03-13,Concord,2019-03-07,Canterbury Village,12:00,198
2550,Ford Fusion,Standard,2019-03-13,Concord,2019-03-07,Canterbury Village,12:00,186
2551,Honda CR-V,Full-size,2019-03-13,Concord,2019-03-07,Clayton Valley,12:00,288
2552,Honda Civic,Standard,2019-03-13,Concord,2019-03-07,Canterbury Village,12:00,192
2553,Kia Forte,Compact,2019-03-13,Concord,2019-03-07,Canterbury Village,12:00,144
2554,Mini Cooper,Compact,2019-03-13,Concord,2019-03-07,Canterbury Village,12:00,126
2555,Nissan Leaf,Compact,2019-03-13,Concord,2019-03-07,Clayton Valley,12:00,168
2556,Nissan Sentra,Standard,2019-03-13,Concord,2019-03-07,Clayton Valley,12:00,198
2557,Toyota Camry,Standard,2019-03-13,Concord,2019-03-07,Clayton Valley,12:00,222
2558,Toyota Prius,Standard,2019-03-13,Concord,2019-03-07,Canterbury Village,12:00,144
2559,Chevrolet Cruze,Standard,2019-03-13,,2019-03-07,Canterbury Village,12:00,198
2560,Chevrolet Cruze,Standard,2019-03-12,San Francisco,2019-03-11,SFO International Airport,16:30,33
2561,Ford Fusion,Standard,2019-03-12,San Francisco,2019-03-11,SFO International Airport,16:30,35
2562,Honda Civic,Standard,2019-03-12,San Francisco,2019-03-11,Salesforce Transit Center,16:30,25
2563,Nissan Altima,Standard,2019-03-12,San Francisco,2019-03-11,SFO International Airport,16:30,34
2564,Nissan Sentra,Standard,2019-03-12,San Francisco,2019-03-11,Salesforce Transit Center,16:30,31
2565,Toyota Prius,Standard,2019-03-12,San Francisco,2019-03-11,SFO International Airport,16:30,31
2566,Chevrolet Cruze,Standard,2019-03-12,,2019-03-11,SFO International Airport,16:30,33
2567,Chevrolet Cruze,Standard,2019-03-05,Concord,2019-03-04,Canterbury Village,15:30,33
2568,Ford Fusion,Standard,2019-03-05,Concord,2019-03-04,Canterbury Village,15:30,29
2569,Honda Accord,Standard,2019-03-05,Concord,2019-03-04,Canterbury Village,15:30,37
2570,Honda Civic,Standard,2019-03-05,Concord,2019-03-04,Canterbury Village,15:30,34
2571,Nissan Sentra,Standard,2019-03-05,Concord,2019-03-04,Clayton Valley,15:30,26
2572,Toyota Camry,Standard,2019-03-05,Concord,2019-03-04,Clayton Valley,15:30,31
2573,Toyota Corolla,Standard,2019-03-05,Concord,2019-03-04,Canterbury Village,15:30,32
2574,Toyota Prius,Standard,2019-03-05,Concord,2019-03-04,Canterbury Village,15:30,40
2575,Chevrolet Cruze,Standard,2019-03-05,,2019-03-04,Canterbury Village,15:30,33
2576,Chevrolet Bolt,Compact,2019-03-06,Fremont,2019-03-01,Fremont BART Station,20:00,125
2577,Volkswagen GTI,Compact,2019-03-06,Fremont,2019-03-01,Fremont BART Station,20:00,150
2578,Volkswagen Golf,Compact,2019-03-06,Fremont,2019-03-01,Fremont BART Station,20:00,150
2579,Chevrolet Bolt,Compact,2019-03-06,,2019-03-01,Fremont BART Station,20:00,125
2580,Chevrolet Cruze,Standard,2019-03-04,Fremont,2019-03-01,Fremont BART Station,15:00,114
2581,Ford Fusion,Standard,2019-03-04,Fremont,2019-03-01,Fremont BART Station,15:00,96
2582,Honda Accord,Standard,2019-03-04,Fremont,2019-03-01,Fremont BART Station,15:00,102
2583,Hyundai Elantra,Standard,2019-03-04,Fremont,2019-03-01,Central District,15:00,75
2584,Nissan Altima,Standard,2019-03-04,Fremont,2019-03-01,Fremont BART Station,15:00,96
2585,Toyota Camry,Standard,2019-03-04,Fremont,2019-03-01,Central District,15:00,99
2586,Chevrolet Cruze,Standard,2019-03-04,,2019-03-01,Fremont BART Station,15:00,114
2587,Chevrolet Bolt,Compact,2019-03-05,Walnut Creek,2019-03-04,BART Station,15:30,29
2588,Kia Forte,Compact,2019-03-05,Walnut Creek,2019-03-04,BART Station,15:30,28
2589,Mini Cooper,Compact,2019-03-05,Walnut Creek,2019-03-04,Downtown,15:30,24
2590,Nissan Leaf,Compact,2019-03-05,Walnut Creek,2019-03-04,Downtown,15:30,25
2591,Volkswagen Golf,Compact,2019-03-05,Walnut Creek,2019-03-04,Downtown,15:30,28
2592,Kia Forte,Compact,2019-03-05,Concord,2019-03-04,Clayton Valley,10:30,26
2593,Mini Cooper,Compact,2019-03-05,Concord,2019-03-04,Canterbury Village,10:30,29
2594,Nissan Leaf,Compact,2019-03-05,Concord,2019-03-04,Clayton Valley,10:30,24
2595,Volkswagen Golf,Compact,2019-03-05,Concord,2019-03-04,Canterbury Village,10:30,25
2596,Kia Forte,Compact,2019-03-05,,2019-03-04,Clayton Valley,10:30,26
2597,Chevrolet Equinox,Full-size,2019-03-10,Sunnyvale,2019-03-08,Downtown,18:30,70
2598,Honda Fit,Compact,2019-03-10,Sunnyvale,2019-03-04,Downtown,18:30,138
2599,Nissan Leaf,Compact,2019-03-10,Sunnyvale,2019-03-04,Downtown,18:30,180
2600,Honda Fit,Compact,2019-03-10,,2019-03-04,Downtown,18:30,138
2601,Chevrolet Cruze,Standard,2019-03-11,San Francisco,2019-03-08,SFO International Airport,18:00,102
2602,Ford Fusion,Standard,2019-03-11,San Francisco,2019-03-08,SFO International Airport,18:00,105
2603,Honda Civic,Standard,2019-03-11,San Francisco,2019-03-08,Salesforce Transit Center,18:00,84
2604,Nissan Altima,Standard,2019-03-11,San Francisco,2019-03-08,SFO International Airport,18:00,102
2605,Nissan Sentra,Standard,2019-03-11,San Francisco,2019-03-08,Salesforce Transit Center,18:00,93
2606,Toyota Prius,Standard,2019-03-11,San Francisco,2019-03-08,SFO International Airport,18:00,81
2607,Chevrolet Cruze,Standard,2019-03-11,,2019-03-08,SFO International Airport,18:00,102
2608,Chevrolet Cruze,Standard,2019-03-05,San Jose,2019-03-03,Diridon Station,16:30,68
2609,Ford Fusion,Standard,2019-03-05,San Jose,2019-03-03,SJC International Airport,16:30,76
2610,Honda Civic,Standard,2019-03-05,San Jose,2019-03-03,Diridon Station,16:30,62
2611,Hyundai Elantra,Standard,2019-03-05,San Jose,2019-03-03,SJC International Airport,16:30,60
2612,Toyota Camry,Standard,2019-03-05,San Jose,2019-03-03,SJC International Airport,16:30,62
2613,Toyota Corolla,Standard,2019-03-05,San Jose,2019-03-03,SJC International Airport,16:30,62
2614,Chevrolet Cruze,Standard,2019-03-05,,2019-03-03,Diridon Station,16:30,68
2615,Chevrolet Cruze,Standard,2019-03-13,San Francisco,2019-03-11,SFO International Airport,14:00,78
2616,Ford Fusion,Standard,2019-03-13,San Francisco,2019-03-11,SFO International Airport,14:00,68
2617,Honda Civic,Standard,2019-03-13,San Francisco,2019-03-11,Salesforce Transit Center,14:00,68
2618,Nissan Altima,Standard,2019-03-13,San Francisco,2019-03-11,SFO International Airport,14:00,68
2619,Nissan Sentra,Standard,2019-03-13,San Francisco,2019-03-11,Salesforce Transit Center,14:00,80
2620,Toyota Prius,Standard,2019-03-13,San Francisco,2019-03-11,SFO International Airport,14:00,60
2621,Chevrolet Cruze,Standard,2019-03-13,,2019-03-11,SFO International Airport,14:00,78
2622,Chevrolet Cruze,Standard,2019-03-11,San Jose,2019-03-09,Diridon Station,15:00,68
2623,Ford Fusion,Standard,2019-03-11,San Jose,2019-03-09,SJC International Airport,15:00,78
2624,Honda Civic,Standard,2019-03-11,San Jose,2019-03-09,Diridon Station,15:00,58
2625,Hyundai Elantra,Standard,2019-03-11,San Jose,2019-03-09,SJC International Airport,15:00,64
2626,Toyota Camry,Standard,2019-03-11,San Jose,2019-03-09,SJC International Airport,15:00,64
2627,Toyota Corolla,Standard,2019-03-11,San Jose,2019-03-09,SJC International Airport,15:00,74
2628,Chevrolet Bolt,Compact,2019-03-10,San Jose,2019-03-09,SJC International Airport,15:00,22
2629,Chevrolet Cruze,Standard,2019-03-10,San Jose,2019-03-09,Diridon Station,15:00,37
2630,Chevrolet Equinox,Full-size,2019-03-10,San Jose,2019-03-09,SJC International Airport,15:00,47
2631,Ford Fusion,Standard,2019-03-10,San Jose,2019-03-09,SJC International Airport,15:00,31
2632,Honda Civic,Standard,2019-03-10,San Jose,2019-03-09,Diridon Station,15:00,32
2633,Honda Fit,Compact,2019-03-10,San Jose,2019-03-09,SJC International Airport,15:00,28
2634,Hyundai Elantra,Standard,2019-03-10,San Jose,2019-03-09,SJC International Airport,15:00,33
2635,Jeep Cherokee,Full-size,2019-03-10,San Jose,2019-03-09,SJC International Airport,15:00,45
2636,Subaru Forester,Full-size,2019-03-10,San Jose,2019-03-09,SJC International Airport,15:00,44
2637,Chevrolet Bolt,Compact,2019-03-10,,2019-03-09,SJC International Airport,15:00,22
2638,Chevrolet Equinox,Full-size,2019-03-11,San Jose,2019-03-07,SJC International Airport,14:00,196
2639,Jeep Cherokee,Full-size,2019-03-11,San Jose,2019-03-07,SJC International Airport,14:00,180
2640,Subaru Forester,Full-size,2019-03-11,San Jose,2019-03-07,SJC International Airport,14:00,168
2641,Toyota Highlander,Full-size,2019-03-11,San Jose,2019-03-07,Diridon Station,14:00,156
2642,Toyota RAV4,Full-size,2019-03-11,San Jose,2019-03-07,Diridon Station,14:00,160
2643,Chevrolet Equinox,Full-size,2019-03-11,San Jose,2019-03-06,SJC International Airport,14:00,235
2644,Jeep Cherokee,Full-size,2019-03-11,San Jose,2019-03-06,SJC International Airport,14:00,180
2645,Subaru Forester,Full-size,2019-03-11,San Jose,2019-03-06,SJC International Airport,14:00,235
2646,Toyota Highlander,Full-size,2019-03-11,San Jose,2019-03-06,Diridon Station,14:00,195
2647,Toyota RAV4,Full-size,2019-03-11,San Jose,2019-03-06,Diridon Station,14:00,150
2648,Subaru Forester,Full-size,2019-03-11,,2019-03-06,SJC International Airport,14:00,235
2649,Chevrolet Cruze,Standard,2019-03-13,Paris,2019-03-09,Charles de Gaulle International Airport,15:00,148
2650,Honda Accord,Standard,2019-03-13,Paris,2019-03-09,Charles de Gaulle International Airport,15:00,136
2651,Nissan Sentra,Standard,2019-03-13,Paris,2019-03-09,Charles de Gaulle International Airport,15:00,120
2652,Toyota Prius,Standard,2019-03-13,Paris,2019-03-09,Charles de Gaulle International Airport,15:00,144
2653,Chevrolet Cruze,Standard,2019-03-10,Paris,2019-03-09,Charles de Gaulle International Airport,15:00,34
2654,Honda Accord,Standard,2019-03-10,Paris,2019-03-09,Charles de Gaulle International Airport,15:00,39
2655,Nissan Sentra,Standard,2019-03-10,Paris,2019-03-09,Charles de Gaulle International Airport,15:00,28
2656,Nissan Sentra,Standard,2019-03-10,,2019-03-09,Charles de Gaulle International Airport,15:00,28
2657,Chevrolet Cruze,Standard,2019-03-05,Portland,2019-03-03,PDX International Airport,09:30,74
2658,Honda Accord,Standard,2019-03-05,Portland,2019-03-03,PDX International Airport,09:30,56
2659,Honda Civic,Standard,2019-03-05,Portland,2019-03-03,PDX International Airport,09:30,80
2660,Toyota Prius,Standard,2019-03-05,Portland,2019-03-03,PDX International Airport,09:30,56
2661,Nissan Sentra,Standard,2019-03-05,Portland,2019-03-03,Portland Bus Station,10:00,60
2662,Toyota Camry,Standard,2019-03-05,Portland,2019-03-03,Portland Bus Station,10:00,74
2663,Chevrolet Cruze,Standard,2019-03-05,,2019-03-03,PDX International Airport,09:30,74
2664,Chevrolet Cruze,Standard,2019-03-05,Philadelphia,2019-03-03,30th Street Station,12:00,60
2665,Ford Fusion,Standard,2019-03-05,Philadelphia,2019-03-03,30th Street Station,12:00,68
2666,Hyundai Elantra,Standard,2019-03-05,Philadelphia,2019-03-03,Intercity Terminal,12:00,60
2667,Nissan Altima,Standard,2019-03-05,Philadelphia,2019-03-03,30th Street Station,12:00,52
2668,Nissan Sentra,Standard,2019-03-05,Philadelphia,2019-03-03,30th Street Station,12:00,54
2669,Toyota Corolla,Standard,2019-03-05,Philadelphia,2019-03-03,Intercity Terminal,12:00,58
2670,Toyota Prius,Standard,2019-03-05,Philadelphia,2019-03-03,Intercity Terminal,12:00,60
2671,Chevrolet Cruze,Standard,2019-03-05,,2019-03-03,30th Street Station,12:00,60
2672,Ford Fusion,Standard,2019-03-08,Sacramento,2019-03-03,SMF International Airport,17:00,155
2673,Honda Accord,Standard,2019-03-08,Sacramento,2019-03-03,SMF International Airport,17:00,150
2674,Honda Civic,Standard,2019-03-08,Sacramento,2019-03-03,SMF International Airport,17:00,165
2675,Toyota Camry,Standard,2019-03-08,Sacramento,2019-03-03,SMF International Airport,17:00,170
2676,Toyota Corolla,Standard,2019-03-08,Sacramento,2019-03-03,Sacramento Valley Station,17:00,155
2677,Ford Fusion,Standard,2019-03-08,,2019-03-03,SMF International Airport,17:00,155
2678,Ford Fusion,Standard,2019-03-14,Sacramento,2019-03-10,SMF International Airport,16:30,144
2679,Honda Accord,Standard,2019-03-14,Sacramento,2019-03-10,SMF International Airport,16:30,100
2680,Honda Civic,Standard,2019-03-14,Sacramento,2019-03-10,SMF International Airport,16:30,120
2681,Toyota Camry,Standard,2019-03-14,Sacramento,2019-03-10,SMF International Airport,16:30,136
2682,Toyota Corolla,Standard,2019-03-14,Sacramento,2019-03-10,Sacramento Valley Station,16:30,120
2683,Ford Fusion,Standard,2019-03-14,,2019-03-10,SMF International Airport,16:30,144
2684,Toyota Corolla,Standard,2019-03-13,New York,2019-03-06,JFK International Airport,12:00,224
2685,Toyota Corolla,Standard,2019-03-13,,2019-03-06,JFK International Airport,12:00,224
2686,Chevrolet Cruze,Standard,2019-03-10,Paris,2019-03-09,Charles de Gaulle International Airport,12:00,34
2687,Honda Accord,Standard,2019-03-10,Paris,2019-03-09,Charles de Gaulle International Airport,12:00,39
2688,Nissan Sentra,Standard,2019-03-10,Paris,2019-03-09,Charles de Gaulle International Airport,12:00,28
2689,Toyota Prius,Standard,2019-03-10,Paris,2019-03-09,Charles de Gaulle International Airport,12:00,38
2690,Chevrolet Cruze,Standard,2019-03-10,,2019-03-09,Charles de Gaulle International Airport,12:00,34
2691,Honda Fit,Compact,2019-03-11,Mexico City,2019-03-09,Benito Juarez International Airport,18:00,34
2692,Kia Forte,Compact,2019-03-11,Mexico City,2019-03-09,Benito Juarez International Airport,18:00,36
2693,Mini Cooper,Compact,2019-03-11,Mexico City,2019-03-09,Benito Juarez International Airport,18:00,34
2694,Volkswagen Golf,Compact,2019-03-11,Mexico City,2019-03-09,Benito Juarez International Airport,18:00,34
2695,Chevrolet Cruze,Standard,2019-03-11,Mexico City,2019-03-06,Estacion Buenavista,18:00,110
2696,Honda Civic,Standard,2019-03-11,Mexico City,2019-03-06,Estacion Buenavista,18:00,105
2697,Nissan Sentra,Standard,2019-03-11,Mexico City,2019-03-06,Benito Juarez International Airport,18:00,100
2698,Toyota Camry,Standard,2019-03-11,Mexico City,2019-03-06,Estacion Buenavista,18:00,110
2699,Toyota Corolla,Standard,2019-03-11,Mexico City,2019-03-06,Benito Juarez International Airport,18:00,95
2700,Chevrolet Cruze,Standard,2019-03-11,,2019-03-06,Estacion Buenavista,18:00,110
2701,Hyundai Elantra,Standard,2019-03-11,Nairobi,2019-03-05,Jomo Kenyatta International Airport,13:30,132
2702,Toyota Prius,Standard,2019-03-11,Nairobi,2019-03-05,Jomo Kenyatta International Airport,13:30,138
2703,Toyota Prius,Standard,2019-03-11,,2019-03-05,Jomo Kenyatta International Airport,13:30,138
2704,Chevrolet Cruze,Standard,2019-03-10,Anaheim,2019-03-07,John Wayne Airport,12:00,105
2705,Ford Fusion,Standard,2019-03-10,Anaheim,2019-03-07,John Wayne Airport,12:00,96
2706,Honda Accord,Standard,2019-03-10,Anaheim,2019-03-07,John Wayne Airport,12:00,111
2707,Hyundai Elantra,Standard,2019-03-10,Anaheim,2019-03-07,Anaheim Intermodal Center,12:00,75
2708,Nissan Altima,Standard,2019-03-10,Anaheim,2019-03-07,John Wayne Airport,12:00,99
2709,Toyota Camry,Standard,2019-03-10,Anaheim,2019-03-07,Anaheim Intermodal Center,12:00,96
2710,Chevrolet Bolt,Compact,2019-03-10,Anaheim,2019-03-04,John Wayne Airport,12:00,174
2711,Volkswagen Golf,Compact,2019-03-10,Anaheim,2019-03-04,John Wayne Airport,12:00,150
2712,Chevrolet Bolt,Compact,2019-03-10,,2019-03-04,John Wayne Airport,12:00,174
2713,Ford Fusion,Standard,2019-03-05,Chicago,2019-03-01,Chicago Union Station,16:30,116
2714,Honda Accord,Standard,2019-03-05,Chicago,2019-03-01,O'Hare International Airport,16:30,144
2715,Nissan Altima,Standard,2019-03-05,Chicago,2019-03-01,O'Hare International Airport,16:30,144
2716,Nissan Sentra,Standard,2019-03-05,Chicago,2019-03-01,Chicago Union Station,16:30,128
2717,Toyota Prius,Standard,2019-03-05,Chicago,2019-03-01,O'Hare International Airport,16:30,144
2718,Ford Fusion,Standard,2019-03-05,,2019-03-01,Chicago Union Station,16:30,116
2719,Chevrolet Bolt,Compact,2019-03-07,Fresno,2019-03-06,Fresno Yosemite International Airport,15:00,28
2720,Honda Fit,Compact,2019-03-07,Fresno,2019-03-06,Fresno Yosemite International Airport,15:00,27
2721,Kia Forte,Compact,2019-03-07,Fresno,2019-03-06,Fresno Yosemite International Airport,15:00,25
2722,Mini Cooper,Compact,2019-03-07,Fresno,2019-03-06,Fresno Station,15:00,27
2723,Chevrolet Cruze,Standard,2019-03-07,Fresno,2019-03-06,Fresno Station,15:00,28
2724,Honda Accord,Standard,2019-03-07,Fresno,2019-03-06,Fresno Station,15:00,29
2725,Nissan Altima,Standard,2019-03-07,Fresno,2019-03-06,Fresno Yosemite International Airport,15:00,31
2726,Nissan Sentra,Standard,2019-03-07,Fresno,2019-03-06,Fresno Yosemite International Airport,15:00,29
2727,Toyota Camry,Standard,2019-03-07,Fresno,2019-03-06,Fresno Yosemite International Airport,15:00,34
2728,Toyota Corolla,Standard,2019-03-07,Fresno,2019-03-06,Fresno Yosemite International Airport,15:00,35
2729,Honda Accord,Standard,2019-03-07,,2019-03-06,Fresno Station,15:00,29
2730,Honda Civic,Standard,2019-03-14,Sacramento,2019-03-09,SMF International Airport,16:30,180
2731,Toyota Camry,Standard,2019-03-14,Sacramento,2019-03-09,SMF International Airport,16:30,150
2732,Toyota Corolla,Standard,2019-03-14,Sacramento,2019-03-09,Sacramento Valley Station,16:30,135
2733,Ford Fusion,Standard,2019-03-10,Sacramento,2019-03-09,SMF International Airport,16:30,36
2734,Honda Accord,Standard,2019-03-10,Sacramento,2019-03-09,SMF International Airport,16:30,35
2735,Honda Civic,Standard,2019-03-10,Sacramento,2019-03-09,SMF International Airport,16:30,26
2736,Toyota Camry,Standard,2019-03-10,Sacramento,2019-03-09,SMF International Airport,16:30,33
2737,Toyota Corolla,Standard,2019-03-10,Sacramento,2019-03-09,Sacramento Valley Station,16:30,33
2738,Ford Fusion,Standard,2019-03-10,,2019-03-09,SMF International Airport,16:30,36
2739,Chevrolet Cruze,Standard,2019-03-10,Anaheim,2019-03-06,John Wayne Airport,19:30,112
2740,Ford Fusion,Standard,2019-03-10,Anaheim,2019-03-06,John Wayne Airport,19:30,128
2741,Honda Accord,Standard,2019-03-10,Anaheim,2019-03-06,John Wayne Airport,19:30,124
2742,Nissan Altima,Standard,2019-03-10,Anaheim,2019-03-06,John Wayne Airport,19:30,136
2743,Chevrolet Cruze,Standard,2019-03-10,,2019-03-06,John Wayne Airport,19:30,112
2744,Honda Civic,Standard,2019-03-08,,2019-03-04,JFK International Airport,11:00,116
2745,Chevrolet Cruze,Standard,2019-03-14,Los Angeles,2019-03-11,Union Station,15:30,102
2746,Ford Fusion,Standard,2019-03-14,Los Angeles,2019-03-11,LAX International Airport,15:30,105
2747,Honda Civic,Standard,2019-03-14,Los Angeles,2019-03-11,Union Station,15:30,99
2748,Hyundai Elantra,Standard,2019-03-14,Los Angeles,2019-03-11,LAX International Airport,15:30,114
2749,Toyota Camry,Standard,2019-03-14,Los Angeles,2019-03-11,LAX International Airport,15:30,99
2750,Toyota Corolla,Standard,2019-03-14,Los Angeles,2019-03-11,LAX International Airport,15:30,93
2751,Chevrolet Bolt,Compact,2019-03-14,Paris,2019-03-11,Charles de Gaulle International Airport,15:30,84
2752,Honda Fit,Compact,2019-03-14,Paris,2019-03-11,Charles de Gaulle International Airport,15:30,72
2753,Mini Cooper,Compact,2019-03-14,Paris,2019-03-11,Charles de Gaulle International Airport,15:30,78
2754,Nissan Leaf,Compact,2019-03-14,Paris,2019-03-11,Charles de Gaulle International Airport,15:30,96
2755,Chevrolet Bolt,Compact,2019-03-14,,2019-03-11,Charles de Gaulle International Airport,15:30,84
2756,Chevrolet Cruze,Standard,2019-03-11,Paris,2019-03-06,Charles de Gaulle International Airport,18:30,180
2757,Honda Accord,Standard,2019-03-11,Paris,2019-03-06,Charles de Gaulle International Airport,18:30,175
2758,Nissan Sentra,Standard,2019-03-11,Paris,2019-03-06,Charles de Gaulle International Airport,18:30,155
2759,Toyota Prius,Standard,2019-03-11,Paris,2019-03-06,Charles de Gaulle International Airport,18:30,140
2760,Chevrolet Cruze,Standard,2019-03-11,,2019-03-06,Charles de Gaulle International Airport,18:30,180
2761,Honda Civic,Standard,2019-03-09,Las Vegas,2019-03-06,McCarran International Airport,10:30,87
2762,Hyundai Elantra,Standard,2019-03-09,Las Vegas,2019-03-06,McCarran International Airport,10:30,105
2763,Nissan Sentra,Standard,2019-03-09,Las Vegas,2019-03-06,McCarran International Airport,10:30,102
2764,Toyota Prius,Standard,2019-03-09,Las Vegas,2019-03-06,McCarran International Airport,10:30,93
2765,Honda Civic,Standard,2019-03-09,,2019-03-06,McCarran International Airport,10:30,87
2766,Chevrolet Cruze,Standard,2019-03-11,Anaheim,2019-03-08,John Wayne Airport,15:30,93
2767,Ford Fusion,Standard,2019-03-11,Anaheim,2019-03-08,John Wayne Airport,15:30,87
2768,Honda Accord,Standard,2019-03-11,Anaheim,2019-03-08,John Wayne Airport,15:30,81
2769,Hyundai Elantra,Standard,2019-03-11,Anaheim,2019-03-08,Anaheim Intermodal Center,15:30,90
2770,Nissan Altima,Standard,2019-03-11,Anaheim,2019-03-08,John Wayne Airport,15:30,93
2771,Toyota Camry,Standard,2019-03-11,Anaheim,2019-03-08,Anaheim Intermodal Center,15:30,102
2772,Chevrolet Cruze,Standard,2019-03-11,,2019-03-08,John Wayne Airport,15:30,93
2773,Ford Fusion,Standard,2019-03-08,San Diego,2019-03-05,SAN International Airport,12:30,111
2774,Hyundai Elantra,Standard,2019-03-08,San Diego,2019-03-05,SAN International Airport,12:30,114
2775,Hyundai Tucson,Full-size,2019-03-08,San Diego,2019-03-05,SAN International Airport,12:30,129
2776,Kia Forte,Compact,2019-03-08,San Diego,2019-03-05,SAN International Airport,12:30,87
2777,Toyota Camry,Standard,2019-03-08,San Diego,2019-03-05,SAN International Airport,12:30,90
2778,Toyota Highlander,Full-size,2019-03-08,San Diego,2019-03-05,SAN International Airport,12:30,120
2779,Toyota RAV4,Full-size,2019-03-08,San Diego,2019-03-05,SAN International Airport,12:30,129
2780,Volkswagen GTI,Compact,2019-03-08,San Diego,2019-03-05,SAN International Airport,12:30,93
2781,Chevrolet Bolt,Compact,2019-03-08,San Diego,2019-03-05,Santa Fe Depot,13:00,84
2782,Chevrolet Equinox,Full-size,2019-03-08,San Diego,2019-03-05,Santa Fe Depot,13:00,117
2783,Ford Fusion,Standard,2019-03-08,,2019-03-05,SAN International Airport,12:30,111
2784,Chevrolet Cruze,Standard,2019-03-09,Philadelphia,2019-03-05,PHL International Airport,13:30,140
2785,Ford Fusion,Standard,2019-03-09,Philadelphia,2019-03-05,PHL International Airport,13:30,124
2786,Honda Civic,Standard,2019-03-09,Philadelphia,2019-03-05,PHL International Airport,13:30,160
2787,Hyundai Elantra,Standard,2019-03-09,Philadelphia,2019-03-05,Intercity Terminal,13:30,128
2788,Nissan Altima,Standard,2019-03-09,Philadelphia,2019-03-05,30th Street Station,13:30,140
2789,Nissan Sentra,Standard,2019-03-09,Philadelphia,2019-03-05,30th Street Station,13:30,128
2790,Toyota Corolla,Standard,2019-03-09,Philadelphia,2019-03-05,Intercity Terminal,13:30,116
2791,Toyota Prius,Standard,2019-03-09,Philadelphia,2019-03-05,Intercity Terminal,13:30,108
2792,Chevrolet Cruze,Standard,2019-03-09,,2019-03-05,PHL International Airport,13:30,140
2793,Chevrolet Bolt,Compact,2019-03-12,Phoenix,2019-03-10,Phoenix Union Station,11:00,46
2794,Honda Fit,Compact,2019-03-12,Phoenix,2019-03-10,Phoenix Union Station,11:00,50
2795,Mini Cooper,Compact,2019-03-12,Phoenix,2019-03-10,Sky Harbor International Airport,11:00,60
2796,Nissan Leaf,Compact,2019-03-12,Phoenix,2019-03-10,Sky Harbor International Airport,11:00,58
2797,Volkswagen GTI,Compact,2019-03-12,Phoenix,2019-03-10,Sky Harbor International Airport,11:00,58
2798,Chevrolet Bolt,Compact,2019-03-12,Paris,2019-03-06,Charles de Gaulle International Airport,11:00,168
2799,Honda Fit,Compact,2019-03-12,Paris,2019-03-06,Charles de Gaulle International Airport,11:00,144
2800,Nissan Leaf,Compact,2019-03-12,Paris,2019-03-06,Charles de Gaulle International Airport,11:00,162
2801,Honda Fit,Compact,2019-03-12,,2019-03-06,Charles de Gaulle International Airport,11:00,144
2802,Ford Fusion,Standard,2019-03-10,Chicago,2019-03-07,Chicago Union Station,15:30,90
2803,Honda Accord,Standard,2019-03-10,Chicago,2019-03-07,O'Hare International Airport,15:30,93
2804,Nissan Altima,Standard,2019-03-10,Chicago,2019-03-07,O'Hare International Airport,15:30,96
2805,Nissan Sentra,Standard,2019-03-10,Chicago,2019-03-07,Chicago Union Station,15:30,84
2806,Toyota Prius,Standard,2019-03-10,Chicago,2019-03-07,O'Hare International Airport,15:30,105
2807,Honda Accord,Standard,2019-03-10,,2019-03-07,O'Hare International Airport,15:30,93
2808,Chevrolet Cruze,Standard,2019-03-09,London,2019-03-06,Heathrow International Airport,12:00,93
2809,Honda Accord,Standard,2019-03-09,London,2019-03-06,Gatwick International Airport,12:00,102
2810,Hyundai Elantra,Standard,2019-03-09,London,2019-03-06,Heathrow International Airport,12:00,87
2811,Nissan Altima,Standard,2019-03-09,London,2019-03-06,Heathrow International Airport,12:00,96
2812,Toyota Prius,Standard,2019-03-09,London,2019-03-06,Heathrow International Airport,12:00,90
2813,Chevrolet Cruze,Standard,2019-03-09,Portland,2019-03-06,PDX International Airport,17:00,120
2814,Ford Fusion,Standard,2019-03-09,Portland,2019-03-06,Union Station,17:00,87
2815,Honda Accord,Standard,2019-03-09,Portland,2019-03-06,PDX International Airport,17:00,90
2816,Honda Civic,Standard,2019-03-09,Portland,2019-03-06,PDX International Airport,17:00,102
2817,Nissan Sentra,Standard,2019-03-09,Portland,2019-03-06,Portland Bus Station,17:00,84
2818,Toyota Camry,Standard,2019-03-09,Portland,2019-03-06,Portland Bus Station,17:00,90
2819,Toyota Corolla,Standard,2019-03-09,Portland,2019-03-06,Union Station,17:00,90
2820,Toyota Prius,Standard,2019-03-09,Portland,2019-03-06,PDX International Airport,17:00,102
2821,Ford Fusion,Standard,2019-03-09,,2019-03-06,Union Station,17:00,87
2822,Chevrolet Cruze,Standard,2019-03-08,Vancouver,2019-03-02,Pacific Central Station,18:30,192
2823,Honda Accord,Standard,2019-03-08,Vancouver,2019-03-02,YVR International Airport,18:30,216
2824,Hyundai Elantra,Standard,2019-03-08,Vancouver,2019-03-02,YVR International Airport,18:30,168
2825,Nissan Altima,Standard,2019-03-08,Vancouver,2019-03-02,YVR International Airport,18:30,216
2826,Nissan Sentra,Standard,2019-03-08,Vancouver,2019-03-02,Pacific Central Station,18:30,222
2827,Toyota Corolla,Standard,2019-03-08,Vancouver,2019-03-02,YVR International Airport,18:30,186
2828,Toyota Prius,Standard,2019-03-08,Vancouver,2019-03-02,Pacific Central Station,18:30,174
2829,Chevrolet Cruze,Standard,2019-03-08,,2019-03-02,Pacific Central Station,18:30,192
2830,Chevrolet Cruze,Standard,2019-03-06,Portland,2019-03-03,PDX International Airport,17:00,99
2831,Ford Fusion,Standard,2019-03-06,Portland,2019-03-03,Union Station,17:00,87
2832,Honda Accord,Standard,2019-03-06,Portland,2019-03-03,PDX International Airport,17:00,87
2833,Honda Civic,Standard,2019-03-06,Portland,2019-03-03,PDX International Airport,17:00,90
2834,Nissan Sentra,Standard,2019-03-06,Portland,2019-03-03,Portland Bus Station,17:00,87
2835,Toyota Camry,Standard,2019-03-06,Portland,2019-03-03,Portland Bus Station,17:00,78
2836,Toyota Corolla,Standard,2019-03-06,Portland,2019-03-03,Union Station,17:00,93
2837,Toyota Prius,Standard,2019-03-06,Portland,2019-03-03,PDX International Airport,17:00,111
2838,Chevrolet Cruze,Standard,2019-03-06,,2019-03-03,PDX International Airport,17:00,99
2839,Chevrolet Bolt,Compact,2019-03-14,Portland,2019-03-10,Union Station,15:00,104
2840,Kia Forte,Compact,2019-03-14,Portland,2019-03-10,Union Station,15:00,112
2841,Mini Cooper,Compact,2019-03-14,Portland,2019-03-10,PDX International Airport,15:00,120
2842,Nissan Leaf,Compact,2019-03-14,Portland,2019-03-10,Portland Bus Station,15:00,116
2843,Volkswagen Golf,Compact,2019-03-14,Portland,2019-03-10,PDX International Airport,15:00,124
2844,Chevrolet Bolt,Compact,2019-03-13,Portland,2019-03-10,Union Station,12:00,66
2845,Kia Forte,Compact,2019-03-13,Portland,2019-03-10,Union Station,12:00,78
2846,Mini Cooper,Compact,2019-03-13,Portland,2019-03-10,PDX International Airport,12:00,81
2847,Nissan Leaf,Compact,2019-03-13,Portland,2019-03-10,Portland Bus Station,12:00,69
2848,Volkswagen Golf,Compact,2019-03-13,Portland,2019-03-10,PDX International Airport,12:00,87
2849,Kia Forte,Compact,2019-03-13,,2019-03-10,Union Station,12:00,78
2850,Chevrolet Cruze,Standard,2019-03-11,Portland,2019-03-06,PDX International Airport,16:30,140
2851,Honda Accord,Standard,2019-03-11,Portland,2019-03-06,PDX International Airport,16:30,190
2852,Honda Civic,Standard,2019-03-11,Portland,2019-03-06,PDX International Airport,16:30,155
2853,Nissan Sentra,Standard,2019-03-11,Portland,2019-03-06,Portland Bus Station,16:30,150
2854,Toyota Corolla,Standard,2019-03-11,Portland,2019-03-06,Union Station,16:30,140
2855,Toyota Prius,Standard,2019-03-11,Portland,2019-03-06,PDX International Airport,16:30,165
2856,Chevrolet Bolt,Compact,2019-03-11,Portland,2019-03-06,Union Station,16:30,140
2857,Kia Forte,Compact,2019-03-11,Portland,2019-03-06,Union Station,16:30,125
2858,Mini Cooper,Compact,2019-03-11,Portland,2019-03-06,PDX International Airport,16:30,130
2859,Volkswagen Golf,Compact,2019-03-11,Portland,2019-03-06,PDX International Airport,16:30,155
2860,Chevrolet Bolt,Compact,2019-03-11,Paris,2019-03-06,Charles de Gaulle International Airport,16:30,125
2861,Honda Fit,Compact,2019-03-11,Paris,2019-03-06,Charles de Gaulle International Airport,16:30,135
2862,Nissan Leaf,Compact,2019-03-11,Paris,2019-03-06,Charles de Gaulle International Airport,16:30,140
2863,Honda Fit,Compact,2019-03-11,,2019-03-06,Charles de Gaulle International Airport,16:30,135
2864,Jeep Cherokee,Full-size,2019-03-07,Fresno,2019-03-06,Fresno Yosemite International Airport,12:00,33
2865,Nissan Rogue,Full-size,2019-03-07,Fresno,2019-03-06,Fresno Yosemite International Airport,12:00,45
2866,Nissan Rogue,Full-size,2019-03-07,,2019-03-06,Fresno Yosemite International Airport,12:00,45
2867,Honda Civic,Standard,2019-03-12,Seattle,2019-03-07,Seattle-Tacoma International Airport,17:00,165
2868,Hyundai Elantra,Standard,2019-03-12,Seattle,2019-03-07,King Street Station,17:00,155
2869,Nissan Sentra,Standard,2019-03-12,Seattle,2019-03-07,Seattle-Tacoma International Airport,17:00,200
2870,Toyota Prius,Standard,2019-03-12,Seattle,2019-03-07,Seattle-Tacoma International Airport,17:00,155
2871,Honda Civic,Standard,2019-03-12,,2019-03-07,Seattle-Tacoma International Airport,17:00,165
2872,Chevrolet Cruze,Standard,2019-03-11,Atlanta,2019-03-10,Hartsfield-Jackson International Airport,13:30,34
2873,Nissan Sentra,Standard,2019-03-11,Atlanta,2019-03-10,Hartsfield-Jackson International Airport,13:30,33
2874,Toyota Camry,Standard,2019-03-11,Atlanta,2019-03-10,Hartsfield-Jackson International Airport,13:30,30
2875,Toyota Prius,Standard,2019-03-11,Atlanta,2019-03-10,Peachtree Station,13:30,31
2876,Chevrolet Cruze,Standard,2019-03-11,,2019-03-10,Hartsfield-Jackson International Airport,13:30,34
2877,Chevrolet Bolt,Compact,2019-03-12,Vancouver,2019-03-10,YVR International Airport,14:00,50
2878,Honda Fit,Compact,2019-03-12,Vancouver,2019-03-10,YVR International Airport,14:00,58
2879,Kia Forte,Compact,2019-03-12,Vancouver,2019-03-10,Pacific Central Station,14:00,46
2880,Mini Cooper,Compact,2019-03-12,Vancouver,2019-03-10,YVR International Airport,14:00,60
2881,Volkswagen Golf,Compact,2019-03-12,Vancouver,2019-03-10,Pacific Central Station,14:00,56
2882,Chevrolet Bolt,Compact,2019-03-12,,2019-03-10,YVR International Airport,14:00,50
2883,Hyundai Elantra,Standard,2019-03-13,Nairobi,2019-03-10,Jomo Kenyatta International Airport,10:30,78
2884,Toyota Prius,Standard,2019-03-13,Nairobi,2019-03-10,Jomo Kenyatta International Airport,10:30,63
2885,Chevrolet Cruze,Standard,2019-03-13,Philadelphia,2019-03-10,30th Street Station,10:30,84
2886,Ford Fusion,Standard,2019-03-13,Philadelphia,2019-03-10,30th Street Station,10:30,96
2887,Hyundai Elantra,Standard,2019-03-13,Philadelphia,2019-03-10,Intercity Terminal,10:30,84
2888,Nissan Altima,Standard,2019-03-13,Philadelphia,2019-03-10,30th Street Station,10:30,90
2889,Nissan Sentra,Standard,2019-03-13,Philadelphia,2019-03-10,30th Street Station,10:30,114
2890,Toyota Corolla,Standard,2019-03-13,Philadelphia,2019-03-10,Intercity Terminal,10:30,99
2891,Toyota Prius,Standard,2019-03-13,Philadelphia,2019-03-10,Intercity Terminal,10:30,114
2892,Chevrolet Cruze,Standard,2019-03-13,Philadelphia,2019-03-10,30th Street Station,10:00,84
2893,Ford Fusion,Standard,2019-03-13,Philadelphia,2019-03-10,30th Street Station,10:00,96
2894,Nissan Altima,Standard,2019-03-13,Philadelphia,2019-03-10,30th Street Station,10:00,90
2895,Nissan Sentra,Standard,2019-03-13,Philadelphia,2019-03-10,30th Street Station,10:00,114
2896,Hyundai Elantra,Standard,2019-03-13,Philadelphia,2019-03-10,Intercity Terminal,09:30,84
2897,Ford Fusion,Standard,2019-03-13,,2019-03-10,30th Street Station,10:00,96
2898,Chevrolet Cruze,Standard,2019-03-12,Toronto,2019-03-06,Toronto Pearson International Airport,17:00,162
2899,Chevrolet Cruze,Standard,2019-03-12,,2019-03-06,Toronto Pearson International Airport,17:00,162
2900,Chevrolet Cruze,Standard,2019-03-11,Anaheim,2019-03-07,John Wayne Airport,16:30,128
2901,Ford Fusion,Standard,2019-03-11,Anaheim,2019-03-07,John Wayne Airport,16:30,148
2902,Honda Accord,Standard,2019-03-11,Anaheim,2019-03-07,John Wayne Airport,16:30,132
2903,Hyundai Elantra,Standard,2019-03-11,Anaheim,2019-03-07,Anaheim Intermodal Center,16:30,100
2904,Nissan Altima,Standard,2019-03-11,Anaheim,2019-03-07,John Wayne Airport,16:30,128
2905,Toyota Camry,Standard,2019-03-11,Anaheim,2019-03-07,Anaheim Intermodal Center,16:30,108
2906,Honda Accord,Standard,2019-03-11,,2019-03-07,John Wayne Airport,16:30,132
2907,Chevrolet Equinox,Full-size,2019-03-09,Philadelphia,2019-03-08,30th Street Station,10:00,41
2908,Jeep Cherokee,Full-size,2019-03-09,Philadelphia,2019-03-08,Intercity Terminal,10:00,34
2909,Nissan Rogue,Full-size,2019-03-09,Philadelphia,2019-03-08,30th Street Station,10:00,43
2910,Subaru Forester,Full-size,2019-03-09,Philadelphia,2019-03-08,Intercity Terminal,10:00,35
2911,Chevrolet Equinox,Full-size,2019-03-09,Philadelphia,2019-03-08,30th Street Station,13:30,41
2912,Jeep Cherokee,Full-size,2019-03-09,Philadelphia,2019-03-08,PHL International Airport,13:30,50
2913,Nissan Rogue,Full-size,2019-03-09,Philadelphia,2019-03-08,30th Street Station,13:30,43
2914,Honda Fit,Compact,2019-03-10,Philadelphia,2019-03-08,Intercity Terminal,13:30,46
2915,Kia Forte,Compact,2019-03-10,Philadelphia,2019-03-08,PHL International Airport,13:30,58
2916,Mini Cooper,Compact,2019-03-10,Philadelphia,2019-03-08,Intercity Terminal,13:30,52
2917,Nissan Leaf,Compact,2019-03-10,Philadelphia,2019-03-08,30th Street Station,13:30,50
2918,Volkswagen GTI,Compact,2019-03-10,Philadelphia,2019-03-08,PHL International Airport,13:30,62
2919,Volkswagen Golf,Compact,2019-03-10,Philadelphia,2019-03-08,30th Street Station,13:30,52
2920,Honda Fit,Compact,2019-03-10,,2019-03-08,Intercity Terminal,13:30,46
2921,Chevrolet Bolt,Compact,2019-03-05,Long Beach,2019-03-03,LGB Airport,15:30,58
2922,Honda Fit,Compact,2019-03-05,Long Beach,2019-03-03,LGB Airport,15:30,62
2923,Nissan Leaf,Compact,2019-03-05,Long Beach,2019-03-03,Downtown Station,15:30,44
2924,Chevrolet Cruze,Standard,2019-03-05,Paris,2019-03-03,Charles de Gaulle International Airport,15:30,66
2925,Honda Accord,Standard,2019-03-05,Paris,2019-03-03,Charles de Gaulle International Airport,15:30,68
2926,Nissan Sentra,Standard,2019-03-05,Paris,2019-03-03,Charles de Gaulle International Airport,15:30,78
2927,Toyota Prius,Standard,2019-03-05,Paris,2019-03-03,Charles de Gaulle International Airport,15:30,62
2928,Chevrolet Cruze,Standard,2019-03-05,,2019-03-03,Charles de Gaulle International Airport,15:30,66
2929,Ford Fusion,Standard,2019-03-06,Delhi,2019-03-03,Indira Gandhi International Airport,09:00,105
2930,Honda Accord,Standard,2019-03-06,Delhi,2019-03-03,Indira Gandhi International Airport,09:00,105
2931,Hyundai Elantra,Standard,2019-03-06,Delhi,2019-03-03,Indira Gandhi International Airport,09:00,105
2932,Ford Fusion,Standard,2019-03-06,,2019-03-03,Indira Gandhi International Airport,09:00,105
2933,Honda Civic,Standard,2019-03-05,Las Vegas,2019-03-04,McCarran International Airport,15:30,37
2934,Hyundai Elantra,Standard,2019-03-05,Las Vegas,2019-03-04,McCarran International Airport,15:30,34
2935,Nissan Sentra,Standard,2019-03-05,Las Vegas,2019-03-04,McCarran International Airport,15:30,34
2936,Toyota Prius,Standard,2019-03-05,Las Vegas,2019-03-04,McCarran International Airport,15:30,35
2937,Hyundai Elantra,Standard,2019-03-05,,2019-03-04,McCarran International Airport,15:30,34
2938,Chevrolet Cruze,Standard,2019-03-14,San Francisco,2019-03-09,Salesforce Transit Center,14:00,155
2939,Ford Fusion,Standard,2019-03-14,San Francisco,2019-03-09,SFO International Airport,14:00,180
2940,Honda Civic,Standard,2019-03-14,San Francisco,2019-03-09,Salesforce Transit Center,14:00,185
2941,Nissan Sentra,Standard,2019-03-14,San Francisco,2019-03-09,Salesforce Transit Center,14:00,155
2942,Toyota Prius,Standard,2019-03-14,San Francisco,2019-03-09,Salesforce Transit Center,14:00,185
2943,Chevrolet Cruze,Standard,2019-03-14,,2019-03-09,Salesforce Transit Center,14:00,155
2944,Chevrolet Cruze,Standard,2019-03-13,Portland,2019-03-09,PDX International Airport,15:30,116
2945,Ford Fusion,Standard,2019-03-13,Portland,2019-03-09,Union Station,15:30,124
2946,Honda Accord,Standard,2019-03-13,Portland,2019-03-09,PDX International Airport,15:30,128
2947,Honda Civic,Standard,2019-03-13,Portland,2019-03-09,PDX International Airport,15:30,124
2948,Nissan Sentra,Standard,2019-03-13,Portland,2019-03-09,Portland Bus Station,15:30,144
2949,Toyota Camry,Standard,2019-03-13,Portland,2019-03-09,Portland Bus Station,15:30,116
2950,Toyota Corolla,Standard,2019-03-13,Portland,2019-03-09,Union Station,15:30,120
2951,Toyota Prius,Standard,2019-03-13,Portland,2019-03-09,PDX International Airport,15:30,132
2952,Chevrolet Cruze,Standard,2019-03-13,,2019-03-09,PDX International Airport,15:30,116
2953,Ford Fusion,Standard,2019-03-13,Sacramento,2019-03-09,SMF International Airport,15:30,140
2954,Honda Accord,Standard,2019-03-13,Sacramento,2019-03-09,SMF International Airport,15:30,144
2955,Honda Civic,Standard,2019-03-13,Sacramento,2019-03-09,SMF International Airport,15:30,128
2956,Toyota Camry,Standard,2019-03-13,Sacramento,2019-03-09,SMF International Airport,15:30,148
2957,Toyota Corolla,Standard,2019-03-13,Sacramento,2019-03-09,Sacramento Valley Station,15:30,112
2958,Ford Fusion,Standard,2019-03-13,,2019-03-09,SMF International Airport,15:30,140
2959,Honda Civic,Standard,2019-03-14,Las Vegas,2019-03-13,McCarran International Airport,12:30,30
2960,Hyundai Elantra,Standard,2019-03-14,Las Vegas,2019-03-13,McCarran International Airport,12:30,27
2961,Nissan Sentra,Standard,2019-03-14,Las Vegas,2019-03-13,McCarran International Airport,12:30,31
2962,Toyota Prius,Standard,2019-03-14,Las Vegas,2019-03-13,McCarran International Airport,12:30,39
2963,Chevrolet Bolt,Compact,2019-03-14,Las Vegas,2019-03-09,McCarran International Airport,12:30,115
2964,Mini Cooper,Compact,2019-03-14,Las Vegas,2019-03-09,McCarran International Airport,12:30,150
2965,Volkswagen Golf,Compact,2019-03-14,Las Vegas,2019-03-09,McCarran International Airport,12:30,135
2966,Mini Cooper,Compact,2019-03-14,,2019-03-09,McCarran International Airport,12:30,150
2967,Honda Accord,Standard,2019-03-13,Vancouver,2019-03-12,YVR International Airport,11:00,32
2968,Hyundai Elantra,Standard,2019-03-13,Vancouver,2019-03-12,YVR International Airport,11:00,35
2969,Nissan Altima,Standard,2019-03-13,Vancouver,2019-03-12,YVR International Airport,11:00,33
2970,Toyota Corolla,Standard,2019-03-13,Vancouver,2019-03-12,YVR International Airport,11:00,32
2971,Honda Accord,Standard,2019-03-13,,2019-03-12,YVR International Airport,11:00,32
2972,Toyota Corolla,Standard,2019-03-14,Long Beach,2019-03-09,LGB Airport,14:00,150
2973,Toyota Prius,Standard,2019-03-14,Long Beach,2019-03-09,Downtown Station,14:00,165
2974,Chevrolet Bolt,Compact,2019-03-10,Long Beach,2019-03-09,LGB Airport,14:00,28
2975,Honda Fit,Compact,2019-03-10,Long Beach,2019-03-09,LGB Airport,14:00,30
2976,Nissan Leaf,Compact,2019-03-10,Long Beach,2019-03-09,Downtown Station,14:00,26
2977,Honda Fit,Compact,2019-03-10,,2019-03-09,LGB Airport,14:00,30
2978,Chevrolet Bolt,Compact,2019-03-12,Anaheim,2019-03-10,John Wayne Airport,09:30,48
2979,Volkswagen GTI,Compact,2019-03-12,Anaheim,2019-03-10,John Wayne Airport,09:30,56
2980,Volkswagen Golf,Compact,2019-03-12,Anaheim,2019-03-10,John Wayne Airport,09:30,56
2981,Honda Fit,Compact,2019-03-12,Anaheim,2019-03-10,Anaheim Intermodal Center,10:00,60
2982,Kia Forte,Compact,2019-03-12,Anaheim,2019-03-10,Anaheim Intermodal Center,10:00,42
2983,Nissan Leaf,Compact,2019-03-12,Anaheim,2019-03-10,Anaheim Intermodal Center,10:00,60
2984,Chevrolet Bolt,Compact,2019-03-12,,2019-03-10,John Wayne Airport,09:30,48
2985,Ford Fusion,Standard,2019-03-12,Sacramento,2019-03-08,SMF International Airport,17:00,136
2986,Honda Accord,Standard,2019-03-12,Sacramento,2019-03-08,SMF International Airport,17:00,128
2987,Honda Civic,Standard,2019-03-12,Sacramento,2019-03-08,SMF International Airport,17:00,152
2988,Toyota Camry,Standard,2019-03-12,Sacramento,2019-03-08,SMF International Airport,17:00,136
2989,Toyota Corolla,Standard,2019-03-12,Sacramento,2019-03-08,Sacramento Valley Station,17:00,124
2990,Mini Cooper,Compact,2019-03-12,Sacramento,2019-03-08,Sacramento Valley Station,12:30,92
2991,Nissan Leaf,Compact,2019-03-12,Sacramento,2019-03-08,Sacramento Valley Station,12:30,96
2992,Volkswagen Golf,Compact,2019-03-12,Sacramento,2019-03-08,Sacramento Valley Station,12:30,88
2993,Chevrolet Bolt,Compact,2019-03-12,Sacramento,2019-03-08,SMF International Airport,13:00,96
2994,Kia Forte,Compact,2019-03-12,Sacramento,2019-03-08,SMF International Airport,13:00,116
2995,Chevrolet Bolt,Compact,2019-03-12,Paris,2019-03-08,Charles de Gaulle International Airport,12:30,112
2996,Honda Fit,Compact,2019-03-12,Paris,2019-03-08,Charles de Gaulle International Airport,12:30,104
2997,Mini Cooper,Compact,2019-03-12,Paris,2019-03-08,Charles de Gaulle International Airport,12:30,120
2998,Nissan Leaf,Compact,2019-03-12,Paris,2019-03-08,Charles de Gaulle International Airport,12:30,88
2999,Chevrolet Bolt,Compact,2019-03-12,,2019-03-08,Charles de Gaulle International Airport,12:30,112
3000,Chevrolet Bolt,Compact,2019-03-11,San Francisco,2019-03-10,Salesforce Transit Center,14:00,26
3001,Kia Forte,Compact,2019-03-11,San Francisco,2019-03-10,SFO International Airport,14:00,21
3002,Mini Cooper,Compact,2019-03-11,San Francisco,2019-03-10,SFO International Airport,14:00,28
3003,Nissan Leaf,Compact,2019-03-11,San Francisco,2019-03-10,SFO International Airport,14:00,24
3004,Volkswagen GTI,Compact,2019-03-11,San Francisco,2019-03-10,SFO International Airport,14:00,25
3005,Mini Cooper,Compact,2019-03-11,,2019-03-10,SFO International Airport,14:00,28
3006,Ford Fusion,Standard,2019-03-13,Sacramento,2019-03-12,SMF International Airport,17:00,32
3007,Honda Accord,Standard,2019-03-13,Sacramento,2019-03-12,SMF International Airport,17:00,33
3008,Honda Civic,Standard,2019-03-13,Sacramento,2019-03-12,SMF International Airport,17:00,33
3009,Toyota Camry,Standard,2019-03-13,Sacramento,2019-03-12,SMF International Airport,17:00,33
3010,Toyota Corolla,Standard,2019-03-13,Sacramento,2019-03-12,Sacramento Valley Station,17:00,30
3011,Ford Fusion,Standard,2019-03-13,,2019-03-12,SMF International Airport,17:00,32
3012,Honda Accord,Standard,2019-03-09,New York,2019-03-08,Grand Central Station,12:00,32
3013,Honda Civic,Standard,2019-03-09,New York,2019-03-08,JFK International Airport,12:00,30
3014,Hyundai Elantra,Standard,2019-03-09,New York,2019-03-08,Port Authority Station,12:00,33
3015,Nissan Altima,Standard,2019-03-09,New York,2019-03-08,Port Authority Station,12:00,32
3016,Toyota Camry,Standard,2019-03-09,New York,2019-03-08,JFK International Airport,12:00,29
3017,Toyota Corolla,Standard,2019-03-09,New York,2019-03-08,Grand Central Station,12:00,31
3018,Toyota Prius,Standard,2019-03-09,New York,2019-03-08,Port Authority Station,12:00,34
3019,Chevrolet Bolt,Compact,2019-03-10,New York,2019-03-08,Port Authority Station,12:00,56
3020,Honda Fit,Compact,2019-03-10,New York,2019-03-08,Grand Central Station,12:00,56
3021,Kia Forte,Compact,2019-03-10,New York,2019-03-08,Port Authority Station,12:00,44
3022,Mini Cooper,Compact,2019-03-10,New York,2019-03-08,JFK International Airport,12:00,64
3023,Nissan Leaf,Compact,2019-03-10,New York,2019-03-08,Port Authority Station,12:00,52
3024,Volkswagen Golf,Compact,2019-03-10,New York,2019-03-08,Port Authority Station,12:00,44
3025,Chevrolet Bolt,Compact,2019-03-10,Paris,2019-03-08,Charles de Gaulle International Airport,12:00,54
3026,Honda Fit,Compact,2019-03-10,Paris,2019-03-08,Charles de Gaulle International Airport,12:00,56
3027,Mini Cooper,Compact,2019-03-10,Paris,2019-03-08,Charles de Gaulle International Airport,12:00,64
3028,Nissan Leaf,Compact,2019-03-10,Paris,2019-03-08,Charles de Gaulle International Airport,12:00,52
3029,Honda Fit,Compact,2019-03-10,,2019-03-08,Charles de Gaulle International Airport,12:00,56
3030,Honda Accord,Standard,2019-03-06,New York,2019-03-04,Grand Central Station,16:30,54
3031,Honda Civic,Standard,2019-03-06,New York,2019-03-04,JFK International Airport,16:30,72
3032,Hyundai Elantra,Standard,2019-03-06,New York,2019-03-04,Port Authority Station,16:30,58
3033,Nissan Altima,Standard,2019-03-06,New York,2019-03-04,Port Authority Station,16:30,56
3034,Toyota Camry,Standard,2019-03-06,New York,2019-03-04,JFK International Airport,16:30,52
3035,Toyota Corolla,Standard,2019-03-06,New York,2019-03-04,Grand Central Station,16:30,66
3036,Toyota Prius,Standard,2019-03-06,New York,2019-03-04,Port Authority Station,16:30,60
3037,Honda Accord,Standard,2019-03-06,,2019-03-04,Grand Central Station,16:30,54
3038,Chevrolet Bolt,Compact,2019-03-07,Chicago,2019-03-05,Chicago Union Station,16:30,48
3039,Kia Forte,Compact,2019-03-07,Chicago,2019-03-05,O'Hare International Airport,16:30,54
3040,Mini Cooper,Compact,2019-03-07,Chicago,2019-03-05,O'Hare International Airport,16:30,58
3041,Nissan Leaf,Compact,2019-03-07,Chicago,2019-03-05,Chicago Union Station,16:30,50
3042,Volkswagen Golf,Compact,2019-03-07,Chicago,2019-03-05,Chicago Union Station,16:30,62
3043,Kia Forte,Compact,2019-03-07,,2019-03-05,O'Hare International Airport,16:30,54
3044,Chevrolet Bolt,Compact,2019-03-11,Las Vegas,2019-03-10,McCarran International Airport,15:30,24
3045,Honda Fit,Compact,2019-03-11,Las Vegas,2019-03-10,Union Plaza,15:30,29
3046,Mini Cooper,Compact,2019-03-11,Las Vegas,2019-03-10,McCarran International Airport,15:30,25
3047,Volkswagen GTI,Compact,2019-03-11,Las Vegas,2019-03-10,Union Plaza,15:30,25
3048,Volkswagen Golf,Compact,2019-03-11,Las Vegas,2019-03-10,McCarran International Airport,15:30,24
3049,Honda Fit,Compact,2019-03-11,,2019-03-10,Union Plaza,15:30,29
3050,Chevrolet Cruze,Standard,2019-03-11,Portland,2019-03-09,PDX International Airport,15:00,72
3051,Ford Fusion,Standard,2019-03-11,Portland,2019-03-09,Union Station,15:00,58
3052,Honda Accord,Standard,2019-03-11,Portland,2019-03-09,PDX International Airport,15:00,52
3053,Honda Civic,Standard,2019-03-11,Portland,2019-03-09,PDX International Airport,15:00,58
3054,Nissan Sentra,Standard,2019-03-11,Portland,2019-03-09,Portland Bus Station,15:00,56
3055,Toyota Camry,Standard,2019-03-11,Portland,2019-03-09,Portland Bus Station,15:00,56
3056,Toyota Corolla,Standard,2019-03-11,Portland,2019-03-09,Union Station,15:00,60
3057,Toyota Prius,Standard,2019-03-11,Portland,2019-03-09,PDX International Airport,15:00,76
3058,Chevrolet Cruze,Standard,2019-03-11,,2019-03-09,PDX International Airport,15:00,72
3059,Chevrolet Cruze,Standard,2019-03-10,London,2019-03-08,Heathrow International Airport,13:30,74
3060,Honda Accord,Standard,2019-03-10,London,2019-03-08,Gatwick International Airport,13:30,64
3061,Hyundai Elantra,Standard,2019-03-10,London,2019-03-08,Heathrow International Airport,13:30,70
3062,Nissan Altima,Standard,2019-03-10,London,2019-03-08,Heathrow International Airport,13:30,62
3063,Toyota Prius,Standard,2019-03-10,London,2019-03-08,Heathrow International Airport,13:30,68
3064,Kia Forte,Compact,2019-03-10,London,2019-03-08,Gatwick International Airport,18:30,46
3065,Nissan Leaf,Compact,2019-03-10,London,2019-03-08,Gatwick International Airport,18:30,52
3066,Kia Forte,Compact,2019-03-10,,2019-03-08,Gatwick International Airport,18:30,46
3067,Chevrolet Cruze,Standard,2019-03-05,Los Angeles,2019-03-04,Union Station,13:30,30
3068,Ford Fusion,Standard,2019-03-05,Los Angeles,2019-03-04,LAX International Airport,13:30,33
3069,Honda Civic,Standard,2019-03-05,Los Angeles,2019-03-04,Union Station,13:30,35
3070,Hyundai Elantra,Standard,2019-03-05,Los Angeles,2019-03-04,LAX International Airport,13:30,33
3071,Toyota Camry,Standard,2019-03-05,Los Angeles,2019-03-04,LAX International Airport,13:30,30
3072,Toyota Corolla,Standard,2019-03-05,Los Angeles,2019-03-04,LAX International Airport,13:30,41
3073,Chevrolet Cruze,Standard,2019-03-05,,2019-03-04,Union Station,13:30,30
3074,Chevrolet Cruze,Standard,2019-03-11,Philadelphia,2019-03-10,30th Street Station,11:00,34
3075,Ford Fusion,Standard,2019-03-11,Philadelphia,2019-03-10,30th Street Station,11:00,30
3076,Hyundai Elantra,Standard,2019-03-11,Philadelphia,2019-03-10,Intercity Terminal,11:00,31
3077,Nissan Altima,Standard,2019-03-11,Philadelphia,2019-03-10,30th Street Station,11:00,32
3078,Nissan Sentra,Standard,2019-03-11,Philadelphia,2019-03-10,30th Street Station,11:00,24
3079,Toyota Corolla,Standard,2019-03-11,Philadelphia,2019-03-10,Intercity Terminal,11:00,31
3080,Toyota Prius,Standard,2019-03-11,Philadelphia,2019-03-10,Intercity Terminal,11:00,26
3081,Chevrolet Cruze,Standard,2019-03-11,,2019-03-10,30th Street Station,11:00,34
3082,Honda Accord,Standard,2019-03-11,,2019-03-06,Sky Harbor International Airport,16:30,170
3083,Hyundai Elantra,Standard,2019-03-14,Anaheim,2019-03-11,Anaheim Intermodal Center,10:00,96
3084,Toyota Camry,Standard,2019-03-14,Anaheim,2019-03-11,Anaheim Intermodal Center,10:00,105
3085,Chevrolet Cruze,Standard,2019-03-14,Anaheim,2019-03-11,John Wayne Airport,09:30,96
3086,Ford Fusion,Standard,2019-03-14,Anaheim,2019-03-11,John Wayne Airport,09:30,102
3087,Honda Accord,Standard,2019-03-14,Anaheim,2019-03-11,John Wayne Airport,09:30,90
3088,Nissan Altima,Standard,2019-03-14,Anaheim,2019-03-11,John Wayne Airport,09:30,129
3089,Hyundai Elantra,Standard,2019-03-14,,2019-03-11,Anaheim Intermodal Center,10:00,96
3090,Chevrolet Cruze,Standard,2019-03-14,Portland,2019-03-13,PDX International Airport,17:00,38
3091,Ford Fusion,Standard,2019-03-14,Portland,2019-03-13,Union Station,17:00,30
3092,Honda Accord,Standard,2019-03-14,Portland,2019-03-13,PDX International Airport,17:00,38
3093,Honda Civic,Standard,2019-03-14,Portland,2019-03-13,PDX International Airport,17:00,37
3094,Nissan Sentra,Standard,2019-03-14,Portland,2019-03-13,Portland Bus Station,17:00,27
3095,Toyota Camry,Standard,2019-03-14,Portland,2019-03-13,Portland Bus Station,17:00,31
3096,Toyota Corolla,Standard,2019-03-14,Portland,2019-03-13,Union Station,17:00,33
3097,Toyota Prius,Standard,2019-03-14,Portland,2019-03-13,PDX International Airport,17:00,38
3098,Chevrolet Cruze,Standard,2019-03-14,Portland,2019-03-13,PDX International Airport,11:00,38
3099,Honda Accord,Standard,2019-03-14,Portland,2019-03-13,PDX International Airport,11:00,38
3100,Honda Civic,Standard,2019-03-14,Portland,2019-03-13,PDX International Airport,11:00,37
3101,Nissan Sentra,Standard,2019-03-14,Portland,2019-03-13,Portland Bus Station,11:00,27
3102,Toyota Camry,Standard,2019-03-14,Portland,2019-03-13,Portland Bus Station,11:00,31
3103,Toyota Prius,Standard,2019-03-14,Portland,2019-03-13,PDX International Airport,11:00,38
3104,Honda Accord,Standard,2019-03-14,,2019-03-13,PDX International Airport,11:00,38
3105,Kia Forte,Compact,2019-03-14,Sacramento,2019-03-08,SMF International Airport,13:00,156
3106,Chevrolet Bolt,Compact,2019-03-14,Sacramento,2019-03-08,Sacramento Valley Station,12:30,168
3107,Mini Cooper,Compact,2019-03-14,Sacramento,2019-03-08,Sacramento Valley Station,12:30,156
3108,Volkswagen Golf,Compact,2019-03-14,Sacramento,2019-03-08,Sacramento Valley Station,12:30,126
3109,Ford Fusion,Standard,2019-03-09,Sacramento,2019-03-08,SMF International Airport,13:00,29
3110,Honda Accord,Standard,2019-03-09,Sacramento,2019-03-08,SMF International Airport,13:00,31
3111,Honda Civic,Standard,2019-03-09,Sacramento,2019-03-08,SMF International Airport,13:00,33
3112,Toyota Camry,Standard,2019-03-09,Sacramento,2019-03-08,SMF International Airport,13:00,30
3113,Toyota Corolla,Standard,2019-03-09,Sacramento,2019-03-08,Sacramento Valley Station,12:30,24
3114,Ford Fusion,Standard,2019-03-09,,2019-03-08,SMF International Airport,13:00,29
3115,Nissan Sentra,Standard,2019-03-10,Portland,2019-03-06,Portland Bus Station,10:00,104
3116,Toyota Camry,Standard,2019-03-10,Portland,2019-03-06,Portland Bus Station,10:00,120
3117,Chevrolet Cruze,Standard,2019-03-10,Portland,2019-03-06,PDX International Airport,09:30,108
3118,Honda Accord,Standard,2019-03-10,Portland,2019-03-06,PDX International Airport,09:30,116
3119,Honda Civic,Standard,2019-03-10,Portland,2019-03-06,PDX International Airport,09:30,124
3120,Toyota Prius,Standard,2019-03-10,Portland,2019-03-06,PDX International Airport,09:30,136
3121,Toyota Camry,Standard,2019-03-10,,2019-03-06,Portland Bus Station,10:00,120
3122,Ford Fusion,Standard,2019-03-12,Anaheim,2019-03-05,John Wayne Airport,13:30,252
3123,Hyundai Elantra,Standard,2019-03-12,Anaheim,2019-03-05,Anaheim Intermodal Center,13:30,217
3124,Nissan Altima,Standard,2019-03-12,Anaheim,2019-03-05,John Wayne Airport,13:30,217
3125,Chevrolet Cruze,Standard,2019-03-12,Anaheim,2019-03-07,John Wayne Airport,13:30,150
3126,Ford Fusion,Standard,2019-03-12,Anaheim,2019-03-07,John Wayne Airport,13:30,170
3127,Honda Accord,Standard,2019-03-12,Anaheim,2019-03-07,John Wayne Airport,13:30,165
3128,Hyundai Elantra,Standard,2019-03-12,Anaheim,2019-03-07,Anaheim Intermodal Center,13:30,180
3129,Honda Accord,Standard,2019-03-12,,2019-03-07,John Wayne Airport,13:30,165
3130,Ford Fusion,Standard,2019-03-11,San Diego,2019-03-07,SAN International Airport,16:30,124
3131,Honda Accord,Standard,2019-03-11,San Diego,2019-03-07,Santa Fe Depot,16:30,132
3132,Honda Civic,Standard,2019-03-11,San Diego,2019-03-07,Santa Fe Depot,16:30,136
3133,Hyundai Elantra,Standard,2019-03-11,San Diego,2019-03-07,SAN International Airport,16:30,140
3134,Nissan Sentra,Standard,2019-03-11,San Diego,2019-03-07,Santa Fe Depot,16:30,96
3135,Toyota Camry,Standard,2019-03-11,San Diego,2019-03-07,SAN International Airport,16:30,152
3136,Chevrolet Cruze,Standard,2019-03-11,Paris,2019-03-07,Charles de Gaulle International Airport,16:30,140
3137,Honda Accord,Standard,2019-03-11,Paris,2019-03-07,Charles de Gaulle International Airport,16:30,116
3138,Nissan Sentra,Standard,2019-03-11,Paris,2019-03-07,Charles de Gaulle International Airport,16:30,140
3139,Toyota Prius,Standard,2019-03-11,Paris,2019-03-07,Charles de Gaulle International Airport,16:30,144
3140,Honda Accord,Standard,2019-03-11,,2019-03-07,Charles de Gaulle International Airport,16:30,116
3141,Ford Fusion,Standard,2019-03-10,Chicago,2019-03-09,Chicago Union Station,14:00,31
3142,Honda Accord,Standard,2019-03-10,Chicago,2019-03-09,O'Hare International Airport,14:00,31
3143,Nissan Altima,Standard,2019-03-10,Chicago,2019-03-09,O'Hare International Airport,14:00,37
3144,Nissan Sentra,Standard,2019-03-10,Chicago,2019-03-09,Chicago Union Station,14:00,29
3145,Toyota Prius,Standard,2019-03-10,Chicago,2019-03-09,O'Hare International Airport,14:00,30
3146,Ford Fusion,Standard,2019-03-10,,2019-03-09,Chicago Union Station,14:00,31
3147,Honda Fit,Compact,2019-03-02,Philadelphia,2019-03-01,Intercity Terminal,09:30,23
3148,Hyundai Elantra,Standard,2019-03-02,Philadelphia,2019-03-01,Intercity Terminal,09:30,27
3149,Jeep Cherokee,Full-size,2019-03-02,Philadelphia,2019-03-01,Intercity Terminal,09:30,39
3150,Mini Cooper,Compact,2019-03-02,Philadelphia,2019-03-01,Intercity Terminal,09:30,22
3151,Subaru Forester,Full-size,2019-03-02,Philadelphia,2019-03-01,Intercity Terminal,09:30,39
3152,Toyota Corolla,Standard,2019-03-02,Philadelphia,2019-03-01,Intercity Terminal,09:30,26
3153,Toyota Prius,Standard,2019-03-02,Philadelphia,2019-03-01,Intercity Terminal,09:30,36
3154,Chevrolet Cruze,Standard,2019-03-02,Philadelphia,2019-03-01,30th Street Station,10:00,27
3155,Chevrolet Equinox,Full-size,2019-03-02,Philadelphia,2019-03-01,30th Street Station,10:00,43
3156,Ford Fusion,Standard,2019-03-02,Philadelphia,2019-03-01,30th Street Station,10:00,25
3157,Hyundai Elantra,Standard,2019-03-02,,2019-03-01,Intercity Terminal,09:30,27
3158,Honda Accord,Standard,2019-03-05,New York,2019-03-03,Grand Central Station,17:00,56
3159,Honda Civic,Standard,2019-03-05,New York,2019-03-03,JFK International Airport,17:00,60
3160,Hyundai Elantra,Standard,2019-03-05,New York,2019-03-03,Port Authority Station,17:00,62
3161,Nissan Altima,Standard,2019-03-05,New York,2019-03-03,Port Authority Station,17:00,62
3162,Toyota Camry,Standard,2019-03-05,New York,2019-03-03,JFK International Airport,17:00,64
3163,Toyota Corolla,Standard,2019-03-05,New York,2019-03-03,Grand Central Station,17:00,52
3164,Toyota Prius,Standard,2019-03-05,New York,2019-03-03,Port Authority Station,17:00,64
3165,Hyundai Elantra,Standard,2019-03-05,New York,2019-03-02,Port Authority Station,09:30,81
3166,Nissan Altima,Standard,2019-03-05,New York,2019-03-02,Port Authority Station,09:30,78
3167,Toyota Prius,Standard,2019-03-05,New York,2019-03-02,Port Authority Station,09:30,84
3168,Honda Civic,Standard,2019-03-05,New York,2019-03-02,JFK International Airport,10:00,90
3169,Toyota Camry,Standard,2019-03-05,New York,2019-03-02,JFK International Airport,10:00,105
3170,Toyota Corolla,Standard,2019-03-05,New York,2019-03-02,JFK International Airport,10:00,90
3171,Hyundai Elantra,Standard,2019-03-05,,2019-03-02,Port Authority Station,09:30,81
3172,Chevrolet Equinox,Full-size,2019-03-06,Philadelphia,2019-03-04,30th Street Station,10:00,76
3173,Nissan Rogue,Full-size,2019-03-06,Philadelphia,2019-03-04,30th Street Station,10:00,62
3174,Jeep Cherokee,Full-size,2019-03-06,Philadelphia,2019-03-04,Intercity Terminal,09:30,78
3175,Subaru Forester,Full-size,2019-03-06,Philadelphia,2019-03-04,Intercity Terminal,09:30,80
3176,Chevrolet Equinox,Full-size,2019-03-05,Philadelphia,2019-03-04,30th Street Station,10:00,43
3177,Nissan Rogue,Full-size,2019-03-05,Philadelphia,2019-03-04,30th Street Station,10:00,39
3178,Jeep Cherokee,Full-size,2019-03-05,Philadelphia,2019-03-04,Intercity Terminal,09:30,44
3179,Subaru Forester,Full-size,2019-03-05,Philadelphia,2019-03-04,Intercity Terminal,09:30,40
3180,Nissan Rogue,Full-size,2019-03-05,,2019-03-04,30th Street Station,10:00,39
3181,Chevrolet Cruze,Standard,2019-03-06,Portland,2019-03-04,PDX International Airport,13:30,72
3182,Ford Fusion,Standard,2019-03-06,Portland,2019-03-04,Union Station,13:30,56
3183,Honda Accord,Standard,2019-03-06,Portland,2019-03-04,PDX International Airport,13:30,56
3184,Honda Civic,Standard,2019-03-06,Portland,2019-03-04,PDX International Airport,13:30,68
3185,Nissan Sentra,Standard,2019-03-06,Portland,2019-03-04,Portland Bus Station,13:30,62
3186,Toyota Camry,Standard,2019-03-06,Portland,2019-03-04,Portland Bus Station,13:30,58
3187,Toyota Corolla,Standard,2019-03-06,Portland,2019-03-04,Union Station,13:30,58
3188,Toyota Prius,Standard,2019-03-06,Portland,2019-03-04,PDX International Airport,13:30,62
3189,Chevrolet Cruze,Standard,2019-03-06,,2019-03-04,PDX International Airport,13:30,72
3190,Ford Fusion,Standard,2019-03-13,San Diego,2019-03-12,SAN International Airport,14:00,33
3191,Honda Accord,Standard,2019-03-13,San Diego,2019-03-12,Santa Fe Depot,14:00,30
3192,Honda Civic,Standard,2019-03-13,San Diego,2019-03-12,Santa Fe Depot,14:00,33
3193,Hyundai Elantra,Standard,2019-03-13,San Diego,2019-03-12,SAN International Airport,14:00,37
3194,Nissan Sentra,Standard,2019-03-13,San Diego,2019-03-12,Santa Fe Depot,14:00,29
3195,Toyota Camry,Standard,2019-03-13,San Diego,2019-03-12,SAN International Airport,14:00,30
3196,Ford Fusion,Standard,2019-03-13,,2019-03-12,SAN International Airport,14:00,33
3197,Chevrolet Cruze,Standard,2019-03-09,Anaheim,2019-03-06,John Wayne Airport,14:00,99
3198,Ford Fusion,Standard,2019-03-09,Anaheim,2019-03-06,John Wayne Airport,14:00,93
3199,Honda Accord,Standard,2019-03-09,Anaheim,2019-03-06,John Wayne Airport,14:00,102
3200,Hyundai Elantra,Standard,2019-03-09,Anaheim,2019-03-06,Anaheim Intermodal Center,14:00,99
3201,Nissan Altima,Standard,2019-03-09,Anaheim,2019-03-06,John Wayne Airport,14:00,102
3202,Toyota Camry,Standard,2019-03-09,Anaheim,2019-03-06,Anaheim Intermodal Center,14:00,72
3203,Chevrolet Cruze,Standard,2019-03-09,Anaheim,2019-03-07,John Wayne Airport,13:30,72
3204,Ford Fusion,Standard,2019-03-09,Anaheim,2019-03-07,John Wayne Airport,13:30,74
3205,Honda Accord,Standard,2019-03-09,Anaheim,2019-03-07,John Wayne Airport,13:30,78
3206,Hyundai Elantra,Standard,2019-03-09,Anaheim,2019-03-07,Anaheim Intermodal Center,13:30,62
3207,Nissan Altima,Standard,2019-03-09,Anaheim,2019-03-07,John Wayne Airport,13:30,66
3208,Toyota Camry,Standard,2019-03-09,Anaheim,2019-03-07,Anaheim Intermodal Center,13:30,64
3209,Ford Fusion,Standard,2019-03-09,,2019-03-07,John Wayne Airport,13:30,74
3210,Chevrolet Bolt,Compact,2019-03-02,Long Beach,2019-03-01,LGB Airport,17:00,32
3211,Honda Fit,Compact,2019-03-02,Long Beach,2019-03-01,LGB Airport,17:00,23
3212,Nissan Leaf,Compact,2019-03-02,Long Beach,2019-03-01,Downtown Station,17:00,23
3213,Honda Fit,Compact,2019-03-02,,2019-03-01,LGB Airport,17:00,23
3214,Chevrolet Cruze,Standard,2019-03-10,Vancouver,2019-03-09,Pacific Central Station,13:00,34
3215,Honda Accord,Standard,2019-03-10,Vancouver,2019-03-09,YVR International Airport,12:30,31
3216,Hyundai Elantra,Standard,2019-03-10,Vancouver,2019-03-09,YVR International Airport,12:30,30
3217,Nissan Altima,Standard,2019-03-10,Vancouver,2019-03-09,YVR International Airport,12:30,37
3218,Nissan Sentra,Standard,2019-03-10,Vancouver,2019-03-09,Pacific Central Station,13:00,32
3219,Toyota Corolla,Standard,2019-03-10,Vancouver,2019-03-09,YVR International Airport,12:30,32
3220,Toyota Prius,Standard,2019-03-10,Vancouver,2019-03-09,Pacific Central Station,13:00,39
3221,Chevrolet Cruze,Standard,2019-03-10,Vancouver,2019-03-09,Pacific Central Station,17:00,34
3222,Honda Accord,Standard,2019-03-10,Vancouver,2019-03-09,YVR International Airport,17:00,31
3223,Hyundai Elantra,Standard,2019-03-10,Vancouver,2019-03-09,YVR International Airport,17:00,30
3224,Nissan Altima,Standard,2019-03-10,Vancouver,2019-03-09,YVR International Airport,17:00,37
3225,Nissan Sentra,Standard,2019-03-10,Vancouver,2019-03-09,Pacific Central Station,17:00,32
3226,Hyundai Elantra,Standard,2019-03-10,,2019-03-09,YVR International Airport,17:00,30
3227,Ford Fusion,Standard,2019-03-12,Portland,2019-03-05,Union Station,17:00,217
3228,Honda Accord,Standard,2019-03-12,Portland,2019-03-05,Portland Bus Station,17:00,238
3229,Nissan Sentra,Standard,2019-03-12,Portland,2019-03-05,Portland Bus Station,17:00,266
3230,Toyota Camry,Standard,2019-03-12,Portland,2019-03-05,Portland Bus Station,17:00,245
3231,Honda Accord,Standard,2019-03-12,,2019-03-05,Portland Bus Station,17:00,238
3232,Chevrolet Cruze,Standard,2019-03-08,Fresno,2019-03-05,Fresno Station,18:00,93
3233,Honda Accord,Standard,2019-03-08,Fresno,2019-03-05,Fresno Station,18:00,99
3234,Toyota Camry,Standard,2019-03-08,Fresno,2019-03-05,Fresno Station,18:00,96
3235,Chevrolet Cruze,Standard,2019-03-08,,2019-03-05,Fresno Station,18:00,93
3236,Chevrolet Cruze,Standard,2019-03-10,Toronto,2019-03-07,Toronto Pearson International Airport,18:00,84
3237,Toyota Camry,Standard,2019-03-10,Toronto,2019-03-07,Toronto Pearson International Airport,18:00,96
3238,Toyota Camry,Standard,2019-03-10,,2019-03-07,Toronto Pearson International Airport,18:00,96
3239,Honda Civic,Standard,2019-03-13,New York,2019-03-11,JFK International Airport,10:30,62
3240,Hyundai Elantra,Standard,2019-03-13,New York,2019-03-11,Port Authority Station,10:30,54
3241,Nissan Altima,Standard,2019-03-13,New York,2019-03-11,Port Authority Station,10:30,60
3242,Toyota Camry,Standard,2019-03-13,New York,2019-03-11,JFK International Airport,10:30,66
3243,Toyota Corolla,Standard,2019-03-13,New York,2019-03-11,JFK International Airport,10:30,46
3244,Toyota Prius,Standard,2019-03-13,New York,2019-03-11,Port Authority Station,10:30,58
3245,Honda Civic,Standard,2019-03-13,,2019-03-11,JFK International Airport,10:30,62
3246,Chevrolet Bolt,Compact,2019-03-02,Paris,2019-03-01,Charles de Gaulle International Airport,14:00,29
3247,Honda Fit,Compact,2019-03-02,Paris,2019-03-01,Charles de Gaulle International Airport,14:00,28
3248,Mini Cooper,Compact,2019-03-02,Paris,2019-03-01,Charles de Gaulle International Airport,14:00,33
3249,Nissan Leaf,Compact,2019-03-02,Paris,2019-03-01,Charles de Gaulle International Airport,14:00,26
3250,Chevrolet Bolt,Compact,2019-03-02,,2019-03-01,Charles de Gaulle International Airport,14:00,29
3251,Chevrolet Cruze,Standard,2019-03-13,Anaheim,2019-03-12,John Wayne Airport,09:30,31
3252,Ford Fusion,Standard,2019-03-13,Anaheim,2019-03-12,John Wayne Airport,09:30,29
3253,Honda Accord,Standard,2019-03-13,Anaheim,2019-03-12,John Wayne Airport,09:30,34
3254,Nissan Altima,Standard,2019-03-13,Anaheim,2019-03-12,John Wayne Airport,09:30,30
3255,Hyundai Elantra,Standard,2019-03-13,Anaheim,2019-03-12,Anaheim Intermodal Center,10:00,25
3256,Toyota Camry,Standard,2019-03-13,Anaheim,2019-03-12,Anaheim Intermodal Center,10:00,30
3257,Chevrolet Cruze,Standard,2019-03-13,,2019-03-12,John Wayne Airport,09:30,31
3258,Honda Accord,Standard,2019-03-07,New York,2019-03-03,Grand Central Station,18:30,112
3259,Honda Civic,Standard,2019-03-07,New York,2019-03-03,JFK International Airport,18:30,132
3260,Hyundai Elantra,Standard,2019-03-07,New York,2019-03-03,JFK International Airport,18:30,116
3261,Toyota Camry,Standard,2019-03-07,New York,2019-03-03,JFK International Airport,18:30,116
3262,Toyota Corolla,Standard,2019-03-07,New York,2019-03-03,Grand Central Station,18:30,128
3263,Hyundai Elantra,Standard,2019-03-07,,2019-03-03,JFK International Airport,18:30,116
3264,Chevrolet Cruze,Standard,2019-03-13,Philadelphia,2019-03-11,PHL International Airport,18:00,68
3265,Ford Fusion,Standard,2019-03-13,Philadelphia,2019-03-11,PHL International Airport,18:00,62
3266,Honda Civic,Standard,2019-03-13,Philadelphia,2019-03-11,PHL International Airport,18:00,58
3267,Hyundai Elantra,Standard,2019-03-13,Philadelphia,2019-03-11,Intercity Terminal,18:00,64
3268,Nissan Altima,Standard,2019-03-13,Philadelphia,2019-03-11,30th Street Station,18:00,66
3269,Nissan Sentra,Standard,2019-03-13,Philadelphia,2019-03-11,30th Street Station,18:00,66
3270,Toyota Corolla,Standard,2019-03-13,Philadelphia,2019-03-11,Intercity Terminal,18:00,58
3271,Toyota Prius,Standard,2019-03-13,Philadelphia,2019-03-11,Intercity Terminal,18:00,58
3272,Chevrolet Bolt,Compact,2019-03-13,Paris,2019-03-11,Charles de Gaulle International Airport,18:00,60
3273,Honda Fit,Compact,2019-03-13,Paris,2019-03-11,Charles de Gaulle International Airport,18:00,62
3274,Mini Cooper,Compact,2019-03-13,Paris,2019-03-11,Charles de Gaulle International Airport,18:00,56
3275,Nissan Leaf,Compact,2019-03-13,Paris,2019-03-11,Charles de Gaulle International Airport,18:00,58
3276,Chevrolet Bolt,Compact,2019-03-13,,2019-03-11,Charles de Gaulle International Airport,18:00,60
3277,Honda Accord,Standard,2019-03-04,Kuala Lumpur,2019-03-02,KLIA International Airport,15:00,48
3278,Honda Civic,Standard,2019-03-04,Kuala Lumpur,2019-03-02,KLIA International Airport,15:00,40
3279,Hyundai Elantra,Standard,2019-03-04,Kuala Lumpur,2019-03-02,KLIA International Airport,15:00,50
3280,Toyota Camry,Standard,2019-03-04,Kuala Lumpur,2019-03-02,KLIA International Airport,15:00,48
3281,Honda Accord,Standard,2019-03-04,,2019-03-02,KLIA International Airport,15:00,48
3282,Jeep Cherokee,Full-size,2019-03-12,Los Angeles,2019-03-08,Union Station,18:30,152
3283,Toyota Highlander,Full-size,2019-03-12,Los Angeles,2019-03-08,Union Station,18:30,136
3284,Toyota RAV4,Full-size,2019-03-12,Los Angeles,2019-03-08,Union Station,18:30,136
3285,Jeep Cherokee,Full-size,2019-03-12,,2019-03-08,Union Station,18:30,152
3286,Honda Accord,Standard,2019-03-14,New York,2019-03-11,Grand Central Station,12:30,96
3287,Honda Civic,Standard,2019-03-14,New York,2019-03-11,JFK International Airport,12:30,108
3288,Hyundai Elantra,Standard,2019-03-14,New York,2019-03-11,Port Authority Station,12:30,102
3289,Nissan Altima,Standard,2019-03-14,New York,2019-03-11,Port Authority Station,12:30,93
3290,Toyota Camry,Standard,2019-03-14,New York,2019-03-11,JFK International Airport,12:30,96
3291,Toyota Corolla,Standard,2019-03-14,New York,2019-03-11,Grand Central Station,12:30,99
3292,Toyota Prius,Standard,2019-03-14,New York,2019-03-11,Port Authority Station,12:30,75
3293,Honda Accord,Standard,2019-03-14,,2019-03-11,Grand Central Station,12:30,96
3294,Honda Accord,Standard,2019-03-07,San Diego,2019-03-01,Santa Fe Depot,18:30,186
3295,Honda Civic,Standard,2019-03-07,San Diego,2019-03-01,Santa Fe Depot,18:30,186
3296,Nissan Sentra,Standard,2019-03-07,San Diego,2019-03-01,Santa Fe Depot,18:30,138
3297,Honda Accord,Standard,2019-03-07,,2019-03-01,Santa Fe Depot,18:30,186
3298,Kia Forte,Compact,2019-03-14,Portland,2019-03-12,Portland Bus Station,18:30,50
3299,Mini Cooper,Compact,2019-03-14,Portland,2019-03-12,PDX International Airport,18:30,50
3300,Nissan Leaf,Compact,2019-03-14,Portland,2019-03-12,Portland Bus Station,18:30,44
3301,Volkswagen Golf,Compact,2019-03-14,Portland,2019-03-12,PDX International Airport,18:30,54
3302,Kia Forte,Compact,2019-03-14,,2019-03-12,Portland Bus Station,18:30,50
3303,Chevrolet Cruze,Standard,2019-03-11,Vancouver,2019-03-08,Pacific Central Station,15:00,90
3304,Honda Accord,Standard,2019-03-11,Vancouver,2019-03-08,YVR International Airport,15:00,96
3305,Hyundai Elantra,Standard,2019-03-11,Vancouver,2019-03-08,YVR International Airport,15:00,102
3306,Nissan Altima,Standard,2019-03-11,Vancouver,2019-03-08,YVR International Airport,15:00,99
3307,Nissan Sentra,Standard,2019-03-11,Vancouver,2019-03-08,Pacific Central Station,15:00,87
3308,Toyota Corolla,Standard,2019-03-11,Vancouver,2019-03-08,YVR International Airport,15:00,93
3309,Toyota Prius,Standard,2019-03-11,Vancouver,2019-03-08,Pacific Central Station,15:00,84
3310,Chevrolet Cruze,Standard,2019-03-11,Vancouver,2019-03-08,Pacific Central Station,14:00,90
3311,Honda Accord,Standard,2019-03-11,Vancouver,2019-03-08,YVR International Airport,14:00,96
3312,Hyundai Elantra,Standard,2019-03-11,Vancouver,2019-03-08,YVR International Airport,14:00,102
3313,Nissan Altima,Standard,2019-03-11,Vancouver,2019-03-08,YVR International Airport,14:00,99
3314,Nissan Sentra,Standard,2019-03-11,Vancouver,2019-03-08,Pacific Central Station,14:00,87
3315,Toyota Corolla,Standard,2019-03-11,Vancouver,2019-03-08,YVR International Airport,14:00,93
3316,Toyota Prius,Standard,2019-03-11,Vancouver,2019-03-08,Pacific Central Station,14:00,84
3317,Chevrolet Bolt,Compact,2019-03-09,Vancouver,2019-03-08,YVR International Airport,14:00,31
3318,Honda Fit,Compact,2019-03-09,Vancouver,2019-03-08,YVR International Airport,14:00,29
3319,Kia Forte,Compact,2019-03-09,Vancouver,2019-03-08,Pacific Central Station,14:00,28
3320,Mini Cooper,Compact,2019-03-09,Vancouver,2019-03-08,YVR International Airport,14:00,28
3321,Volkswagen Golf,Compact,2019-03-09,Vancouver,2019-03-08,Pacific Central Station,14:00,25
3322,Chevrolet Bolt,Compact,2019-03-09,,2019-03-08,YVR International Airport,14:00,31
3323,Honda Accord,Standard,2019-03-09,Portland,2019-03-03,PDX International Airport,12:30,204
3324,Nissan Sentra,Standard,2019-03-09,Portland,2019-03-03,Portland Bus Station,12:30,162
3325,Toyota Corolla,Standard,2019-03-09,Portland,2019-03-03,Union Station,12:30,174
3326,Toyota Prius,Standard,2019-03-09,Portland,2019-03-03,PDX International Airport,12:30,210
3327,Honda Accord,Standard,2019-03-09,,2019-03-03,PDX International Airport,12:30,204
3328,Ford Fusion,Standard,2019-03-06,Seattle,2019-03-05,King Street Station,17:00,30
3329,Honda Civic,Standard,2019-03-06,Seattle,2019-03-05,Seattle-Tacoma International Airport,17:00,32
3330,Hyundai Elantra,Standard,2019-03-06,Seattle,2019-03-05,King Street Station,17:00,25
3331,Nissan Sentra,Standard,2019-03-06,Seattle,2019-03-05,Seattle-Tacoma International Airport,17:00,32
3332,Toyota Prius,Standard,2019-03-06,Seattle,2019-03-05,Seattle-Tacoma International Airport,17:00,31
3333,Nissan Rogue,Full-size,2019-03-06,Seattle,2019-03-05,Seattle-Tacoma International Airport,17:00,50
3334,Subaru Forester,Full-size,2019-03-06,Seattle,2019-03-05,Seattle-Tacoma International Airport,17:00,43
3335,Toyota RAV4,Full-size,2019-03-06,Seattle,2019-03-05,King Street Station,17:00,34
3336,Nissan Rogue,Full-size,2019-03-06,Seattle,2019-03-02,Seattle-Tacoma International Airport,17:00,160
3337,Subaru Forester,Full-size,2019-03-06,Seattle,2019-03-02,Seattle-Tacoma International Airport,17:00,168
3338,Toyota RAV4,Full-size,2019-03-06,Seattle,2019-03-02,King Street Station,17:00,164
3339,Subaru Forester,Full-size,2019-03-06,,2019-03-02,Seattle-Tacoma International Airport,17:00,168
3340,Chevrolet Cruze,Standard,2019-03-11,Los Angeles,2019-03-10,Union Station,10:30,26
3341,Honda Civic,Standard,2019-03-11,Los Angeles,2019-03-10,Union Station,10:30,28
3342,Hyundai Elantra,Standard,2019-03-11,Los Angeles,2019-03-10,Union Station,10:30,32
3343,Toyota Corolla,Standard,2019-03-11,Los Angeles,2019-03-10,Union Station,10:30,32
3344,Chevrolet Cruze,Standard,2019-03-11,,2019-03-10,Union Station,10:30,26
3345,Honda Accord,Standard,2019-03-03,Chicago,2019-03-01,O'Hare International Airport,12:30,62
3346,Nissan Altima,Standard,2019-03-03,Chicago,2019-03-01,O'Hare International Airport,12:30,74
3347,Toyota Prius,Standard,2019-03-03,Chicago,2019-03-01,O'Hare International Airport,12:30,68
3348,Ford Fusion,Standard,2019-03-03,Chicago,2019-03-01,Chicago Union Station,13:00,60
3349,Nissan Sentra,Standard,2019-03-03,Chicago,2019-03-01,Chicago Union Station,13:00,56
3350,Honda Accord,Standard,2019-03-03,,2019-03-01,O'Hare International Airport,12:30,62
3351,Chevrolet Cruze,Standard,2019-03-08,Philadelphia,2019-03-06,30th Street Station,10:30,64
3352,Ford Fusion,Standard,2019-03-08,Philadelphia,2019-03-06,30th Street Station,10:30,58
3353,Hyundai Elantra,Standard,2019-03-08,Philadelphia,2019-03-06,Intercity Terminal,10:30,62
3354,Nissan Altima,Standard,2019-03-08,Philadelphia,2019-03-06,30th Street Station,10:30,52
3355,Nissan Sentra,Standard,2019-03-08,Philadelphia,2019-03-06,30th Street Station,10:30,58
3356,Toyota Corolla,Standard,2019-03-08,Philadelphia,2019-03-06,Intercity Terminal,10:30,60
3357,Toyota Prius,Standard,2019-03-08,Philadelphia,2019-03-06,Intercity Terminal,10:30,54
3358,Chevrolet Cruze,Standard,2019-03-08,,2019-03-06,30th Street Station,10:30,64
3359,Chevrolet Cruze,Standard,2019-03-12,London,2019-03-10,Heathrow International Airport,16:30,64
3360,Ford Escape,Full-size,2019-03-12,London,2019-03-10,Gatwick International Airport,16:30,86
3361,Honda Accord,Standard,2019-03-12,London,2019-03-10,Gatwick International Airport,16:30,64
3362,Honda Fit,Compact,2019-03-12,London,2019-03-10,Heathrow International Airport,16:30,66
3363,Hyundai Elantra,Standard,2019-03-12,London,2019-03-10,Heathrow International Airport,16:30,72
3364,Kia Forte,Compact,2019-03-12,London,2019-03-10,Heathrow International Airport,16:30,52
3365,Nissan Altima,Standard,2019-03-12,London,2019-03-10,Heathrow International Airport,16:30,64
3366,Nissan Leaf,Compact,2019-03-12,London,2019-03-10,Gatwick International Airport,16:30,62
3367,Nissan Rogue,Full-size,2019-03-12,London,2019-03-10,Heathrow International Airport,16:30,98
3368,Toyota Highlander,Full-size,2019-03-12,London,2019-03-10,Heathrow International Airport,16:30,84
3369,Honda Accord,Standard,2019-03-12,,2019-03-10,Gatwick International Airport,16:30,64
3370,Chevrolet Cruze,Standard,2019-03-09,Anaheim,2019-03-07,John Wayne Airport,09:00,72
3371,Ford Fusion,Standard,2019-03-09,Anaheim,2019-03-07,John Wayne Airport,09:00,74
3372,Honda Accord,Standard,2019-03-09,Anaheim,2019-03-07,John Wayne Airport,09:00,78
3373,Nissan Altima,Standard,2019-03-09,Anaheim,2019-03-07,John Wayne Airport,09:00,66
3374,Chevrolet Cruze,Standard,2019-03-09,,2019-03-07,John Wayne Airport,09:00,72
3375,Ford Fusion,Standard,2019-03-13,Chicago,2019-03-08,Chicago Union Station,13:00,165
3376,Nissan Sentra,Standard,2019-03-13,Chicago,2019-03-08,Chicago Union Station,13:00,160
3377,Honda Accord,Standard,2019-03-13,Chicago,2019-03-08,O'Hare International Airport,12:30,170
3378,Nissan Altima,Standard,2019-03-13,Chicago,2019-03-08,O'Hare International Airport,12:30,170
3379,Toyota Prius,Standard,2019-03-13,Chicago,2019-03-08,O'Hare International Airport,12:30,190
3380,Ford Fusion,Standard,2019-03-13,,2019-03-08,Chicago Union Station,13:00,165
3381,Ford Fusion,Standard,2019-03-13,San Diego,2019-03-09,SAN International Airport,17:00,140
3382,Honda Accord,Standard,2019-03-13,San Diego,2019-03-09,Santa Fe Depot,17:00,116
3383,Honda Civic,Standard,2019-03-13,San Diego,2019-03-09,Santa Fe Depot,17:00,96
3384,Hyundai Elantra,Standard,2019-03-13,San Diego,2019-03-09,SAN International Airport,17:00,128
3385,Nissan Sentra,Standard,2019-03-13,San Diego,2019-03-09,Santa Fe Depot,17:00,140
3386,Toyota Camry,Standard,2019-03-13,San Diego,2019-03-09,SAN International Airport,17:00,116
3387,Ford Fusion,Standard,2019-03-13,,2019-03-09,SAN International Airport,17:00,140
3388,Chevrolet Cruze,Standard,2019-03-10,Fresno,2019-03-06,Fresno Station,12:30,100
3389,Honda Accord,Standard,2019-03-10,Fresno,2019-03-06,Fresno Station,12:30,132
3390,Nissan Altima,Standard,2019-03-10,Fresno,2019-03-06,Fresno Yosemite International Airport,12:30,144
3391,Nissan Sentra,Standard,2019-03-10,Fresno,2019-03-06,Fresno Yosemite International Airport,12:30,140
3392,Toyota Camry,Standard,2019-03-10,Fresno,2019-03-06,Fresno Yosemite International Airport,12:30,148
3393,Toyota Corolla,Standard,2019-03-10,Fresno,2019-03-06,Fresno Yosemite International Airport,12:30,112
3394,Honda Accord,Standard,2019-03-10,,2019-03-06,Fresno Station,12:30,132
3395,Chevrolet Cruze,Standard,2019-03-09,Anaheim,2019-03-07,John Wayne Airport,12:00,72
3396,Ford Fusion,Standard,2019-03-09,Anaheim,2019-03-07,John Wayne Airport,12:00,74
3397,Honda Accord,Standard,2019-03-09,Anaheim,2019-03-07,John Wayne Airport,12:00,78
3398,Hyundai Elantra,Standard,2019-03-09,Anaheim,2019-03-07,Anaheim Intermodal Center,12:00,62
3399,Nissan Altima,Standard,2019-03-09,Anaheim,2019-03-07,John Wayne Airport,12:00,66
3400,Toyota Camry,Standard,2019-03-09,Anaheim,2019-03-07,Anaheim Intermodal Center,12:00,64
3401,Honda Accord,Standard,2019-03-09,,2019-03-07,John Wayne Airport,12:00,78
3402,Chevrolet Cruze,Standard,2019-03-06,Anaheim,2019-03-02,John Wayne Airport,15:00,124
3403,Ford Fusion,Standard,2019-03-06,Anaheim,2019-03-02,John Wayne Airport,15:00,128
3404,Honda Accord,Standard,2019-03-06,Anaheim,2019-03-02,John Wayne Airport,15:00,124
3405,Hyundai Elantra,Standard,2019-03-06,Anaheim,2019-03-02,Anaheim Intermodal Center,15:00,112
3406,Nissan Altima,Standard,2019-03-06,Anaheim,2019-03-02,John Wayne Airport,15:00,136
3407,Toyota Camry,Standard,2019-03-06,Anaheim,2019-03-02,Anaheim Intermodal Center,15:00,128
3408,Chevrolet Cruze,Standard,2019-03-06,,2019-03-02,John Wayne Airport,15:00,124
3409,Hyundai Tucson,Full-size,2019-03-06,Phoenix,2019-03-05,Sky Harbor International Airport,20:00,42
3410,Nissan Rogue,Full-size,2019-03-06,Phoenix,2019-03-05,Sky Harbor International Airport,20:00,46
3411,Toyota RAV4,Full-size,2019-03-06,Phoenix,2019-03-05,Sky Harbor International Airport,20:00,39
3412,Hyundai Tucson,Full-size,2019-03-06,,2019-03-05,Sky Harbor International Airport,20:00,42
3413,Toyota Camry,Standard,2019-03-06,Sacramento,2019-03-05,Sacramento Valley Station,11:00,29
3414,Toyota Corolla,Standard,2019-03-06,Sacramento,2019-03-05,Sacramento Valley Station,11:00,31
3415,Chevrolet Bolt,Compact,2019-03-06,Paris,2019-03-05,Charles de Gaulle International Airport,11:00,29
3416,Honda Fit,Compact,2019-03-06,Paris,2019-03-05,Charles de Gaulle International Airport,11:00,26
3417,Mini Cooper,Compact,2019-03-06,Paris,2019-03-05,Charles de Gaulle International Airport,11:00,30
3418,Nissan Leaf,Compact,2019-03-06,Paris,2019-03-05,Charles de Gaulle International Airport,11:00,29
3419,Chevrolet Bolt,Compact,2019-03-06,,2019-03-05,Charles de Gaulle International Airport,11:00,29
3420,Hyundai Elantra,Standard,2019-03-08,Philadelphia,2019-03-07,Intercity Terminal,19:30,35
3421,Nissan Altima,Standard,2019-03-08,Philadelphia,2019-03-07,Intercity Terminal,19:30,29
3422,Toyota Corolla,Standard,2019-03-08,Philadelphia,2019-03-07,Intercity Terminal,19:30,27
3423,Toyota Prius,Standard,2019-03-08,Philadelphia,2019-03-07,Intercity Terminal,19:30,27
3424,Nissan Altima,Standard,2019-03-08,,2019-03-07,Intercity Terminal,19:30,29
3425,Hyundai Elantra,Standard,2019-03-08,Anaheim,2019-03-05,Anaheim Intermodal Center,10:00,93
3426,Toyota Camry,Standard,2019-03-08,Anaheim,2019-03-05,Anaheim Intermodal Center,10:00,63
3427,Chevrolet Cruze,Standard,2019-03-08,Anaheim,2019-03-05,John Wayne Airport,09:30,81
3428,Ford Fusion,Standard,2019-03-08,Anaheim,2019-03-05,John Wayne Airport,09:30,102
3429,Honda Accord,Standard,2019-03-08,Anaheim,2019-03-05,John Wayne Airport,09:30,93
3430,Nissan Altima,Standard,2019-03-08,Anaheim,2019-03-05,John Wayne Airport,09:30,96
3431,Hyundai Elantra,Standard,2019-03-08,,2019-03-05,Anaheim Intermodal Center,10:00,93
3432,Chevrolet Cruze,Standard,2019-03-14,London,2019-03-11,Heathrow International Airport,09:00,105
3433,Hyundai Elantra,Standard,2019-03-14,London,2019-03-11,Heathrow International Airport,09:00,102
3434,Nissan Altima,Standard,2019-03-14,London,2019-03-11,Heathrow International Airport,09:00,93
3435,Toyota Prius,Standard,2019-03-14,London,2019-03-11,Heathrow International Airport,09:00,111
3436,Chevrolet Cruze,Standard,2019-03-14,,2019-03-11,Heathrow International Airport,09:00,105
3437,Ford Fusion,Standard,2019-03-11,Los Angeles,2019-03-06,LAX International Airport,17:00,165
3438,Honda Civic,Standard,2019-03-11,Los Angeles,2019-03-06,Union Station,17:00,150
3439,Hyundai Elantra,Standard,2019-03-11,Los Angeles,2019-03-06,LAX International Airport,17:00,160
3440,Toyota Camry,Standard,2019-03-11,Los Angeles,2019-03-06,LAX International Airport,17:00,185
3441,Toyota Corolla,Standard,2019-03-11,Los Angeles,2019-03-06,LAX International Airport,17:00,175
3442,Chevrolet Equinox,Full-size,2019-03-11,Los Angeles,2019-03-06,LAX International Airport,15:30,235
3443,Jeep Cherokee,Full-size,2019-03-11,Los Angeles,2019-03-06,LAX International Airport,15:30,180
3444,Subaru Forester,Full-size,2019-03-11,Los Angeles,2019-03-06,LAX International Airport,15:30,235
3445,Toyota Highlander,Full-size,2019-03-11,Los Angeles,2019-03-06,Union Station,15:30,195
3446,Toyota RAV4,Full-size,2019-03-11,Los Angeles,2019-03-06,Union Station,15:30,150
3447,Chevrolet Equinox,Full-size,2019-03-11,,2019-03-06,LAX International Airport,15:30,235
3448,Ford Fusion,Standard,2019-03-13,Chicago,2019-03-09,Chicago Union Station,14:00,108
3449,Honda Accord,Standard,2019-03-13,Chicago,2019-03-09,O'Hare International Airport,14:00,136
3450,Nissan Altima,Standard,2019-03-13,Chicago,2019-03-09,O'Hare International Airport,14:00,140
3451,Nissan Sentra,Standard,2019-03-13,Chicago,2019-03-09,Chicago Union Station,14:00,108
3452,Toyota Prius,Standard,2019-03-13,Chicago,2019-03-09,O'Hare International Airport,14:00,128
3453,Ford Fusion,Standard,2019-03-13,,2019-03-09,Chicago Union Station,14:00,108
3454,Honda Accord,Standard,2019-03-13,New York,2019-03-08,Grand Central Station,18:00,180
3455,Hyundai Elantra,Standard,2019-03-13,New York,2019-03-08,Port Authority Station,18:00,165
3456,Nissan Altima,Standard,2019-03-13,New York,2019-03-08,Port Authority Station,18:00,160
3457,Toyota Corolla,Standard,2019-03-13,New York,2019-03-08,Grand Central Station,18:00,155
3458,Toyota Prius,Standard,2019-03-13,New York,2019-03-08,Port Authority Station,18:00,145
3459,Toyota Corolla,Standard,2019-03-13,Sacramento,2019-03-08,Sacramento Valley Station,12:30,135
3460,Toyota Camry,Standard,2019-03-13,Sacramento,2019-03-08,SMF International Airport,13:00,165
3461,Toyota Corolla,Standard,2019-03-13,,2019-03-08,Sacramento Valley Station,12:30,135
3462,Chevrolet Cruze,Standard,2019-03-05,Anaheim,2019-03-02,John Wayne Airport,13:30,84
3463,Ford Fusion,Standard,2019-03-05,Anaheim,2019-03-02,John Wayne Airport,13:30,111
3464,Honda Accord,Standard,2019-03-05,Anaheim,2019-03-02,John Wayne Airport,13:30,108
3465,Hyundai Elantra,Standard,2019-03-05,Anaheim,2019-03-02,Anaheim Intermodal Center,13:30,87
3466,Nissan Altima,Standard,2019-03-05,Anaheim,2019-03-02,John Wayne Airport,13:30,99
3467,Toyota Camry,Standard,2019-03-05,Anaheim,2019-03-02,Anaheim Intermodal Center,13:30,96
3468,Chevrolet Bolt,Compact,2019-03-05,Anaheim,2019-03-01,John Wayne Airport,13:30,100
3469,Chevrolet Cruze,Standard,2019-03-05,Anaheim,2019-03-01,John Wayne Airport,13:30,140
3470,Ford Escape,Full-size,2019-03-05,Anaheim,2019-03-01,John Wayne Airport,13:30,168
3471,Ford Fusion,Standard,2019-03-05,Anaheim,2019-03-01,John Wayne Airport,13:30,132
3472,Honda Accord,Standard,2019-03-05,Anaheim,2019-03-01,John Wayne Airport,13:30,144
3473,Honda Fit,Compact,2019-03-05,Anaheim,2019-03-01,Anaheim Intermodal Center,13:30,88
3474,Hyundai Elantra,Standard,2019-03-05,Anaheim,2019-03-01,Anaheim Intermodal Center,13:30,108
3475,Hyundai Tucson,Full-size,2019-03-05,Anaheim,2019-03-01,Anaheim Intermodal Center,13:30,172
3476,Kia Forte,Compact,2019-03-05,Anaheim,2019-03-01,Anaheim Intermodal Center,13:30,104
3477,Nissan Altima,Standard,2019-03-05,Anaheim,2019-03-01,John Wayne Airport,13:30,136
3478,Chevrolet Bolt,Compact,2019-03-05,,2019-03-01,John Wayne Airport,13:30,100
3479,Chevrolet Cruze,Standard,2019-03-10,London,2019-03-07,Heathrow International Airport,18:00,90
3480,Honda Accord,Standard,2019-03-10,London,2019-03-07,Gatwick International Airport,18:00,96
3481,Hyundai Elantra,Standard,2019-03-10,London,2019-03-07,Heathrow International Airport,18:00,99
3482,Nissan Altima,Standard,2019-03-10,London,2019-03-07,Heathrow International Airport,18:00,114
3483,Toyota Prius,Standard,2019-03-10,London,2019-03-07,Heathrow International Airport,18:00,81
3484,Chevrolet Cruze,Standard,2019-03-10,,2019-03-07,Heathrow International Airport,18:00,90
3485,Chevrolet Bolt,Compact,2019-03-14,San Diego,2019-03-11,Santa Fe Depot,16:30,63
3486,Chevrolet Equinox,Full-size,2019-03-14,San Diego,2019-03-11,Santa Fe Depot,16:30,123
3487,Ford Escape,Full-size,2019-03-14,San Diego,2019-03-11,Santa Fe Depot,16:30,123
3488,Ford Fusion,Standard,2019-03-14,San Diego,2019-03-11,SAN International Airport,16:30,93
3489,Honda Accord,Standard,2019-03-14,San Diego,2019-03-11,Santa Fe Depot,16:30,93
3490,Honda Civic,Standard,2019-03-14,San Diego,2019-03-11,Santa Fe Depot,16:30,69
3491,Honda Fit,Compact,2019-03-14,San Diego,2019-03-11,Santa Fe Depot,16:30,87
3492,Hyundai Elantra,Standard,2019-03-14,San Diego,2019-03-11,SAN International Airport,16:30,96
3493,Hyundai Tucson,Full-size,2019-03-14,San Diego,2019-03-11,SAN International Airport,16:30,117
3494,Jeep Cherokee,Full-size,2019-03-14,San Diego,2019-03-11,Santa Fe Depot,16:30,132
3495,Chevrolet Bolt,Compact,2019-03-14,,2019-03-11,Santa Fe Depot,16:30,63
3496,Chevrolet Cruze,Standard,2019-03-05,Toronto,2019-03-03,Toronto Pearson International Airport,16:30,68
3497,Toyota Camry,Standard,2019-03-05,Toronto,2019-03-03,Toronto Pearson International Airport,16:30,62
3498,Toyota Camry,Standard,2019-03-05,,2019-03-03,Toronto Pearson International Airport,16:30,62
3499,Chevrolet Cruze,Standard,2019-03-05,Atlanta,2019-03-01,Hartsfield-Jackson International Airport,16:30,120
3500,Nissan Sentra,Standard,2019-03-05,Atlanta,2019-03-01,Hartsfield-Jackson International Airport,16:30,124
3501,Toyota Camry,Standard,2019-03-05,Atlanta,2019-03-01,Hartsfield-Jackson International Airport,16:30,124
3502,Toyota Prius,Standard,2019-03-05,Atlanta,2019-03-01,Peachtree Station,16:30,116
3503,Chevrolet Cruze,Standard,2019-03-05,,2019-03-01,Hartsfield-Jackson International Airport,16:30,120
3504,Ford Fusion,Standard,2019-03-06,Chicago,2019-03-05,Chicago Union Station,17:00,25
3505,Honda Accord,Standard,2019-03-06,Chicago,2019-03-05,O'Hare International Airport,17:00,26
3506,Nissan Altima,Standard,2019-03-06,Chicago,2019-03-05,O'Hare International Airport,17:00,40
3507,Nissan Sentra,Standard,2019-03-06,Chicago,2019-03-05,Chicago Union Station,17:00,30
3508,Toyota Prius,Standard,2019-03-06,Chicago,2019-03-05,O'Hare International Airport,17:00,37
3509,Ford Fusion,Standard,2019-03-06,,2019-03-05,Chicago Union Station,17:00,25
3510,Chevrolet Cruze,Standard,2019-03-09,Philadelphia,2019-03-06,PHL International Airport,17:00,108
3511,Ford Fusion,Standard,2019-03-09,Philadelphia,2019-03-06,PHL International Airport,17:00,114
3512,Honda Civic,Standard,2019-03-09,Philadelphia,2019-03-06,PHL International Airport,17:00,129
3513,Hyundai Elantra,Standard,2019-03-09,Philadelphia,2019-03-06,Intercity Terminal,17:00,99
3514,Nissan Altima,Standard,2019-03-09,Philadelphia,2019-03-06,30th Street Station,17:00,90
3515,Nissan Sentra,Standard,2019-03-09,Philadelphia,2019-03-06,30th Street Station,17:00,75
3516,Toyota Corolla,Standard,2019-03-09,Philadelphia,2019-03-06,Intercity Terminal,17:00,90
3517,Toyota Prius,Standard,2019-03-09,Philadelphia,2019-03-06,Intercity Terminal,17:00,87
3518,Chevrolet Equinox,Full-size,2019-03-09,Philadelphia,2019-03-06,30th Street Station,17:00,117
3519,Jeep Cherokee,Full-size,2019-03-09,Philadelphia,2019-03-06,PHL International Airport,17:00,123
3520,Nissan Rogue,Full-size,2019-03-09,Philadelphia,2019-03-06,30th Street Station,17:00,120
3521,Subaru Forester,Full-size,2019-03-09,Philadelphia,2019-03-06,Intercity Terminal,17:00,123
3522,Chevrolet Equinox,Full-size,2019-03-09,,2019-03-06,30th Street Station,17:00,117
3523,Chevrolet Cruze,Standard,2019-03-08,Toronto,2019-03-05,Toronto Pearson International Airport,12:30,87
3524,Toyota Camry,Standard,2019-03-08,Toronto,2019-03-05,Toronto Pearson International Airport,12:30,90
3525,Chevrolet Cruze,Standard,2019-03-08,,2019-03-05,Toronto Pearson International Airport,12:30,87
3526,Honda Civic,Standard,2019-03-07,Las Vegas,2019-03-05,McCarran International Airport,14:00,66
3527,Hyundai Elantra,Standard,2019-03-07,Las Vegas,2019-03-05,McCarran International Airport,14:00,74
3528,Nissan Sentra,Standard,2019-03-07,Las Vegas,2019-03-05,McCarran International Airport,14:00,72
3529,Toyota Prius,Standard,2019-03-07,Las Vegas,2019-03-05,McCarran International Airport,14:00,68
3530,Chevrolet Bolt,Compact,2019-03-07,Las Vegas,2019-03-05,McCarran International Airport,14:00,54
3531,Honda Fit,Compact,2019-03-07,Las Vegas,2019-03-05,Union Plaza,14:00,44
3532,Mini Cooper,Compact,2019-03-07,Las Vegas,2019-03-05,McCarran International Airport,14:00,62
3533,Volkswagen GTI,Compact,2019-03-07,Las Vegas,2019-03-05,Union Plaza,14:00,54
3534,Volkswagen Golf,Compact,2019-03-07,Las Vegas,2019-03-05,McCarran International Airport,14:00,48
3535,Chevrolet Bolt,Compact,2019-03-07,Paris,2019-03-02,Charles de Gaulle International Airport,14:00,120
3536,Honda Fit,Compact,2019-03-07,Paris,2019-03-02,Charles de Gaulle International Airport,14:00,135
3537,Mini Cooper,Compact,2019-03-07,Paris,2019-03-02,Charles de Gaulle International Airport,14:00,130
3538,Nissan Leaf,Compact,2019-03-07,Paris,2019-03-02,Charles de Gaulle International Airport,14:00,160
3539,Honda Fit,Compact,2019-03-07,,2019-03-02,Charles de Gaulle International Airport,14:00,135
3540,Ford Fusion,Standard,2019-03-04,Sacramento,2019-03-03,SMF International Airport,14:00,35
3541,Honda Accord,Standard,2019-03-04,Sacramento,2019-03-03,SMF International Airport,14:00,29
3542,Honda Civic,Standard,2019-03-04,Sacramento,2019-03-03,SMF International Airport,14:00,30
3543,Toyota Camry,Standard,2019-03-04,Sacramento,2019-03-03,SMF International Airport,14:00,32
3544,Toyota Corolla,Standard,2019-03-04,Sacramento,2019-03-03,Sacramento Valley Station,14:00,30
3545,Chevrolet Bolt,Compact,2019-03-04,Sacramento,2019-03-03,SMF International Airport,15:30,30
3546,Kia Forte,Compact,2019-03-04,Sacramento,2019-03-03,SMF International Airport,15:30,24
3547,Mini Cooper,Compact,2019-03-04,Sacramento,2019-03-03,Sacramento Valley Station,15:30,20
3548,Nissan Leaf,Compact,2019-03-04,Sacramento,2019-03-03,Sacramento Valley Station,15:30,24
3549,Volkswagen Golf,Compact,2019-03-04,Sacramento,2019-03-03,Sacramento Valley Station,15:30,27
3550,Chevrolet Bolt,Compact,2019-03-04,,2019-03-03,SMF International Airport,15:30,30
3551,Ford Fusion,Standard,2019-03-13,Delhi,2019-03-09,Indira Gandhi International Airport,11:00,132
3552,Honda Accord,Standard,2019-03-13,Delhi,2019-03-09,Indira Gandhi International Airport,11:00,140
3553,Hyundai Elantra,Standard,2019-03-13,Delhi,2019-03-09,Indira Gandhi International Airport,11:00,140
3554,Ford Fusion,Standard,2019-03-13,,2019-03-09,Indira Gandhi International Airport,11:00,132
3555,Chevrolet Cruze,Standard,2019-03-02,London,2019-03-01,Heathrow International Airport,14:00,34
3556,Honda Accord,Standard,2019-03-02,London,2019-03-01,Gatwick International Airport,14:00,35
3557,Hyundai Elantra,Standard,2019-03-02,London,2019-03-01,Heathrow International Airport,14:00,36
3558,Nissan Altima,Standard,2019-03-02,London,2019-03-01,Heathrow International Airport,14:00,35
3559,Toyota Prius,Standard,2019-03-02,London,2019-03-01,Heathrow International Airport,14:00,29
3560,Chevrolet Cruze,Standard,2019-03-07,Portland,2019-03-03,PDX International Airport,15:00,116
3561,Ford Fusion,Standard,2019-03-07,Portland,2019-03-03,Union Station,15:00,100
3562,Honda Accord,Standard,2019-03-07,Portland,2019-03-03,PDX International Airport,15:00,136
3563,Honda Civic,Standard,2019-03-07,Portland,2019-03-03,PDX International Airport,15:00,136
3564,Nissan Sentra,Standard,2019-03-07,Portland,2019-03-03,Portland Bus Station,15:00,140
3565,Toyota Camry,Standard,2019-03-07,Portland,2019-03-03,Portland Bus Station,15:00,124
3566,Toyota Corolla,Standard,2019-03-07,Portland,2019-03-03,Union Station,15:00,112
3567,Toyota Prius,Standard,2019-03-07,Portland,2019-03-03,PDX International Airport,15:00,140
3568,Ford Fusion,Standard,2019-03-07,,2019-03-03,Union Station,15:00,100
3569,Honda Fit,Compact,2019-03-11,Philadelphia,2019-03-10,Intercity Terminal,18:00,26
3570,Kia Forte,Compact,2019-03-11,Philadelphia,2019-03-10,PHL International Airport,18:00,30
3571,Mini Cooper,Compact,2019-03-11,Philadelphia,2019-03-10,Intercity Terminal,18:00,21
3572,Nissan Leaf,Compact,2019-03-11,Philadelphia,2019-03-10,30th Street Station,18:00,25
3573,Volkswagen GTI,Compact,2019-03-11,Philadelphia,2019-03-10,PHL International Airport,18:00,31
3574,Volkswagen Golf,Compact,2019-03-11,Philadelphia,2019-03-10,30th Street Station,18:00,21
3575,Honda Fit,Compact,2019-03-11,,2019-03-10,Intercity Terminal,18:00,26
3576,Chevrolet Cruze,Standard,2019-03-04,Portland,2019-03-03,PDX International Airport,14:00,33
3577,Ford Fusion,Standard,2019-03-04,Portland,2019-03-03,Union Station,14:00,29
3578,Honda Accord,Standard,2019-03-04,Portland,2019-03-03,PDX International Airport,14:00,30
3579,Honda Civic,Standard,2019-03-04,Portland,2019-03-03,PDX International Airport,14:00,37
3580,Nissan Sentra,Standard,2019-03-04,Portland,2019-03-03,Portland Bus Station,14:00,27
3581,Toyota Camry,Standard,2019-03-04,Portland,2019-03-03,Portland Bus Station,14:00,32
3582,Toyota Corolla,Standard,2019-03-04,Portland,2019-03-03,Union Station,14:00,30
3583,Toyota Prius,Standard,2019-03-04,Portland,2019-03-03,PDX International Airport,14:00,32
3584,Honda CR-V,Full-size,2019-03-04,Portland,2019-03-03,PDX International Airport,09:30,46
3585,Toyota RAV4,Full-size,2019-03-04,Portland,2019-03-03,PDX International Airport,09:30,42
3586,Honda CR-V,Full-size,2019-03-04,,2019-03-03,PDX International Airport,09:30,46
3587,Chevrolet Cruze,Standard,2019-03-03,Philadelphia,2019-03-01,PHL International Airport,15:00,70
3588,Ford Fusion,Standard,2019-03-03,Philadelphia,2019-03-01,PHL International Airport,15:00,68
3589,Honda Civic,Standard,2019-03-03,Philadelphia,2019-03-01,PHL International Airport,15:00,72
3590,Hyundai Elantra,Standard,2019-03-03,Philadelphia,2019-03-01,Intercity Terminal,15:00,54
3591,Nissan Altima,Standard,2019-03-03,Philadelphia,2019-03-01,30th Street Station,15:00,52
3592,Nissan Sentra,Standard,2019-03-03,Philadelphia,2019-03-01,30th Street Station,15:00,62
3593,Toyota Corolla,Standard,2019-03-03,Philadelphia,2019-03-01,Intercity Terminal,15:00,62
3594,Toyota Prius,Standard,2019-03-03,Philadelphia,2019-03-01,Intercity Terminal,15:00,62
3595,Chevrolet Cruze,Standard,2019-03-03,,2019-03-01,PHL International Airport,15:00,70
3596,Ford Fusion,Standard,2019-03-11,San Diego,2019-03-08,SAN International Airport,15:00,93
3597,Honda Accord,Standard,2019-03-11,San Diego,2019-03-08,Santa Fe Depot,15:00,90
3598,Honda Civic,Standard,2019-03-11,San Diego,2019-03-08,Santa Fe Depot,15:00,102
3599,Hyundai Elantra,Standard,2019-03-11,San Diego,2019-03-08,SAN International Airport,15:00,93
3600,Nissan Sentra,Standard,2019-03-11,San Diego,2019-03-08,Santa Fe Depot,15:00,69
3601,Toyota Camry,Standard,2019-03-11,San Diego,2019-03-08,SAN International Airport,15:00,105
3602,Honda Civic,Standard,2019-03-11,,2019-03-08,Santa Fe Depot,15:00,102
3603,Chevrolet Cruze,Standard,2019-03-14,Portland,2019-03-12,PDX International Airport,12:30,58
3604,Ford Fusion,Standard,2019-03-14,Portland,2019-03-12,Union Station,12:30,60
3605,Honda Accord,Standard,2019-03-14,Portland,2019-03-12,PDX International Airport,12:30,66
3606,Honda Civic,Standard,2019-03-14,Portland,2019-03-12,PDX International Airport,12:30,62
3607,Nissan Sentra,Standard,2019-03-14,Portland,2019-03-12,Portland Bus Station,12:30,56
3608,Toyota Camry,Standard,2019-03-14,Portland,2019-03-12,Portland Bus Station,12:30,58
3609,Toyota Corolla,Standard,2019-03-14,Portland,2019-03-12,Union Station,12:30,68
3610,Toyota Prius,Standard,2019-03-14,Portland,2019-03-12,PDX International Airport,12:30,72
3611,Chevrolet Cruze,Standard,2019-03-14,,2019-03-12,PDX International Airport,12:30,58
3612,Chevrolet Cruze,Standard,2019-03-08,Paris,2019-03-04,Charles de Gaulle International Airport,17:00,132
3613,Honda Accord,Standard,2019-03-08,Paris,2019-03-04,Charles de Gaulle International Airport,17:00,132
3614,Nissan Sentra,Standard,2019-03-08,Paris,2019-03-04,Charles de Gaulle International Airport,17:00,144
3615,Toyota Prius,Standard,2019-03-08,Paris,2019-03-04,Charles de Gaulle International Airport,17:00,120
3616,Honda Accord,Standard,2019-03-08,,2019-03-04,Charles de Gaulle International Airport,17:00,132
3617,Chevrolet Cruze,Standard,2019-03-06,Philadelphia,2019-03-02,30th Street Station,11:00,120
3618,Ford Fusion,Standard,2019-03-06,Philadelphia,2019-03-02,30th Street Station,11:00,116
3619,Hyundai Elantra,Standard,2019-03-06,Philadelphia,2019-03-02,Intercity Terminal,11:00,108
3620,Nissan Altima,Standard,2019-03-06,Philadelphia,2019-03-02,30th Street Station,11:00,120
3621,Nissan Sentra,Standard,2019-03-06,Philadelphia,2019-03-02,30th Street Station,11:00,116
3622,Toyota Corolla,Standard,2019-03-06,Philadelphia,2019-03-02,Intercity Terminal,11:00,128
3623,Toyota Prius,Standard,2019-03-06,Philadelphia,2019-03-02,Intercity Terminal,11:00,128
3624,Ford Fusion,Standard,2019-03-06,,2019-03-02,30th Street Station,11:00,116
3625,Chevrolet Cruze,Standard,2019-03-07,Atlanta,2019-03-02,Hartsfield-Jackson International Airport,15:30,145
3626,Toyota Camry,Standard,2019-03-07,Atlanta,2019-03-02,Hartsfield-Jackson International Airport,15:30,160
3627,Toyota Prius,Standard,2019-03-07,Atlanta,2019-03-02,Peachtree Station,15:30,150
3628,Chevrolet Cruze,Standard,2019-03-07,,2019-03-02,Hartsfield-Jackson International Airport,15:30,145
3629,Honda Civic,Standard,2019-03-09,Seattle,2019-03-03,King Street Station,09:30,186
3630,Toyota Prius,Standard,2019-03-09,Seattle,2019-03-03,King Street Station,09:30,216
3631,Toyota Prius,Standard,2019-03-09,,2019-03-03,King Street Station,09:30,216
3632,Ford Fusion,Standard,2019-03-09,Seattle,2019-03-08,King Street Station,14:00,32
3633,Honda Civic,Standard,2019-03-09,Seattle,2019-03-08,Seattle-Tacoma International Airport,14:00,31
3634,Hyundai Elantra,Standard,2019-03-09,Seattle,2019-03-08,King Street Station,14:00,31
3635,Nissan Sentra,Standard,2019-03-09,Seattle,2019-03-08,Seattle-Tacoma International Airport,14:00,29
3636,Toyota Prius,Standard,2019-03-09,Seattle,2019-03-08,Seattle-Tacoma International Airport,14:00,31
3637,Ford Fusion,Standard,2019-03-09,,2019-03-08,King Street Station,14:00,32
3638,Honda Accord,Standard,2019-03-03,New York,2019-03-01,Grand Central Station,15:30,62
3639,Honda Civic,Standard,2019-03-03,New York,2019-03-01,JFK International Airport,15:30,58
3640,Hyundai Elantra,Standard,2019-03-03,New York,2019-03-01,Port Authority Station,15:30,60
3641,Nissan Altima,Standard,2019-03-03,New York,2019-03-01,Port Authority Station,15:30,62
3642,Toyota Camry,Standard,2019-03-03,New York,2019-03-01,JFK International Airport,15:30,66
3643,Toyota Corolla,Standard,2019-03-03,New York,2019-03-01,Grand Central Station,15:30,70
3644,Toyota Prius,Standard,2019-03-03,New York,2019-03-01,Port Authority Station,15:30,64
3645,Honda Civic,Standard,2019-03-03,,2019-03-01,JFK International Airport,15:30,58
3646,Chevrolet Equinox,Full-size,2019-03-13,New York,2019-03-10,Port Authority Station,15:30,135
3647,Ford Escape,Full-size,2019-03-13,New York,2019-03-10,JFK International Airport,15:30,123
3648,Hyundai Tucson,Full-size,2019-03-13,New York,2019-03-10,Port Authority Station,15:30,111
3649,Jeep Cherokee,Full-size,2019-03-13,New York,2019-03-10,Grand Central Station,15:30,120
3650,Subaru Forester,Full-size,2019-03-13,New York,2019-03-10,Grand Central Station,15:30,117
3651,Chevrolet Bolt,Compact,2019-03-11,New York,2019-03-10,Port Authority Station,15:30,24
3652,Honda Fit,Compact,2019-03-11,New York,2019-03-10,Grand Central Station,15:30,23
3653,Kia Forte,Compact,2019-03-11,New York,2019-03-10,Port Authority Station,15:30,26
3654,Mini Cooper,Compact,2019-03-11,New York,2019-03-10,JFK International Airport,15:30,29
3655,Nissan Leaf,Compact,2019-03-11,New York,2019-03-10,Port Authority Station,15:30,25
3656,Volkswagen Golf,Compact,2019-03-11,New York,2019-03-10,Port Authority Station,15:30,28
3657,Chevrolet Bolt,Compact,2019-03-11,New York,2019-03-08,Port Authority Station,17:00,78
3658,Honda Fit,Compact,2019-03-11,New York,2019-03-08,Grand Central Station,17:00,81
3659,Kia Forte,Compact,2019-03-11,New York,2019-03-08,Port Authority Station,17:00,90
3660,Mini Cooper,Compact,2019-03-11,New York,2019-03-08,JFK International Airport,17:00,75
3661,Nissan Leaf,Compact,2019-03-11,New York,2019-03-08,Port Authority Station,17:00,78
3662,Honda Fit,Compact,2019-03-11,,2019-03-08,Grand Central Station,17:00,81
3663,Ford Fusion,Standard,2019-03-07,Sacramento,2019-03-02,SMF International Airport,15:30,170
3664,Honda Accord,Standard,2019-03-07,Sacramento,2019-03-02,SMF International Airport,15:30,175
3665,Honda Civic,Standard,2019-03-07,Sacramento,2019-03-02,SMF International Airport,15:30,180
3666,Toyota Camry,Standard,2019-03-07,Sacramento,2019-03-02,Sacramento Valley Station,15:30,135
3667,Toyota Corolla,Standard,2019-03-07,Sacramento,2019-03-02,Sacramento Valley Station,15:30,160
3668,Ford Fusion,Standard,2019-03-07,,2019-03-02,SMF International Airport,15:30,170
3669,Chevrolet Cruze,Standard,2019-03-07,Anaheim,2019-03-06,John Wayne Airport,17:00,35
3670,Ford Fusion,Standard,2019-03-07,Anaheim,2019-03-06,John Wayne Airport,17:00,35
3671,Honda Accord,Standard,2019-03-07,Anaheim,2019-03-06,John Wayne Airport,17:00,27
3672,Hyundai Elantra,Standard,2019-03-07,Anaheim,2019-03-06,Anaheim Intermodal Center,17:00,30
3673,Nissan Altima,Standard,2019-03-07,Anaheim,2019-03-06,John Wayne Airport,17:00,37
3674,Toyota Camry,Standard,2019-03-07,Anaheim,2019-03-06,Anaheim Intermodal Center,17:00,31
3675,Chevrolet Cruze,Standard,2019-03-07,,2019-03-06,John Wayne Airport,17:00,35
3676,Honda Accord,Standard,2019-03-10,New York,2019-03-07,Grand Central Station,15:00,102
3677,Honda Civic,Standard,2019-03-10,New York,2019-03-07,JFK International Airport,15:00,102
3678,Hyundai Elantra,Standard,2019-03-10,New York,2019-03-07,Port Authority Station,15:00,84
3679,Nissan Altima,Standard,2019-03-10,New York,2019-03-07,Port Authority Station,15:00,84
3680,Toyota Camry,Standard,2019-03-10,New York,2019-03-07,JFK International Airport,15:00,81
3681,Toyota Corolla,Standard,2019-03-10,New York,2019-03-07,Grand Central Station,15:00,87
3682,Toyota Prius,Standard,2019-03-10,New York,2019-03-07,Port Authority Station,15:00,93
3683,Hyundai Elantra,Standard,2019-03-10,,2019-03-07,Port Authority Station,15:00,84
3684,Chevrolet Cruze,Standard,2019-03-11,Atlanta,2019-03-10,Hartsfield-Jackson International Airport,15:30,34
3685,Nissan Sentra,Standard,2019-03-11,Atlanta,2019-03-10,Hartsfield-Jackson International Airport,15:30,33
3686,Toyota Camry,Standard,2019-03-11,Atlanta,2019-03-10,Hartsfield-Jackson International Airport,15:30,30
3687,Toyota Prius,Standard,2019-03-11,Atlanta,2019-03-10,Peachtree Station,15:30,31
3688,Chevrolet Cruze,Standard,2019-03-11,,2019-03-10,Hartsfield-Jackson International Airport,15:30,34
3689,Chevrolet Cruze,Standard,2019-03-13,Fresno,2019-03-11,Fresno Station,15:30,56
3690,Honda Accord,Standard,2019-03-13,Fresno,2019-03-11,Fresno Station,15:30,58
3691,Nissan Altima,Standard,2019-03-13,Fresno,2019-03-11,Fresno Yosemite International Airport,15:30,60
3692,Nissan Sentra,Standard,2019-03-13,Fresno,2019-03-11,Fresno Yosemite International Airport,15:30,64
3693,Toyota Camry,Standard,2019-03-13,Fresno,2019-03-11,Fresno Yosemite International Airport,15:30,66
3694,Toyota Corolla,Standard,2019-03-13,Fresno,2019-03-11,Fresno Yosemite International Airport,15:30,80
3695,Chevrolet Cruze,Standard,2019-03-13,,2019-03-11,Fresno Station,15:30,56
3696,Chevrolet Cruze,Standard,2019-03-11,London,2019-03-05,Heathrow International Airport,12:30,204
3697,Hyundai Elantra,Standard,2019-03-11,London,2019-03-05,Heathrow International Airport,12:30,210
3698,Nissan Altima,Standard,2019-03-11,London,2019-03-05,Heathrow International Airport,12:30,216
3699,Toyota Prius,Standard,2019-03-11,London,2019-03-05,Heathrow International Airport,12:30,186
3700,Chevrolet Cruze,Standard,2019-03-11,,2019-03-05,Heathrow International Airport,12:30,204
3701,Chevrolet Bolt,Compact,2019-03-03,Sydney,2019-03-02,Kingsford Smith International Airport,16:30,28
3702,Kia Forte,Compact,2019-03-03,Sydney,2019-03-02,Kingsford Smith International Airport,16:30,29
3703,Volkswagen GTI,Compact,2019-03-03,Sydney,2019-03-02,Kingsford Smith International Airport,16:30,27
3704,Volkswagen Golf,Compact,2019-03-03,Sydney,2019-03-02,Kingsford Smith International Airport,16:30,26
3705,Chevrolet Bolt,Compact,2019-03-03,,2019-03-02,Kingsford Smith International Airport,16:30,28
3706,Honda Civic,Standard,2019-03-08,Las Vegas,2019-03-06,McCarran International Airport,17:00,54
3707,Hyundai Elantra,Standard,2019-03-08,Las Vegas,2019-03-06,McCarran International Airport,17:00,62
3708,Nissan Sentra,Standard,2019-03-08,Las Vegas,2019-03-06,McCarran International Airport,17:00,72
3709,Toyota Prius,Standard,2019-03-08,Las Vegas,2019-03-06,McCarran International Airport,17:00,72
3710,Honda Civic,Standard,2019-03-08,,2019-03-06,McCarran International Airport,17:00,54
3711,Ford Fusion,Standard,2019-03-05,Chicago,2019-03-02,Chicago Union Station,13:00,72
3712,Nissan Sentra,Standard,2019-03-05,Chicago,2019-03-02,Chicago Union Station,13:00,93
3713,Honda Accord,Standard,2019-03-05,Chicago,2019-03-02,O'Hare International Airport,12:30,84
3714,Nissan Altima,Standard,2019-03-05,Chicago,2019-03-02,O'Hare International Airport,12:30,93
3715,Toyota Prius,Standard,2019-03-05,Chicago,2019-03-02,O'Hare International Airport,12:30,114
3716,Nissan Sentra,Standard,2019-03-05,,2019-03-02,Chicago Union Station,13:00,93
3717,Chevrolet Cruze,Standard,2019-03-05,San Francisco,2019-03-01,SFO International Airport,12:30,152
3718,Ford Fusion,Standard,2019-03-05,San Francisco,2019-03-01,SFO International Airport,12:30,120
3719,Honda Civic,Standard,2019-03-05,San Francisco,2019-03-01,Salesforce Transit Center,12:30,140
3720,Nissan Altima,Standard,2019-03-05,San Francisco,2019-03-01,SFO International Airport,12:30,132
3721,Nissan Sentra,Standard,2019-03-05,San Francisco,2019-03-01,Salesforce Transit Center,12:30,124
3722,Toyota Prius,Standard,2019-03-05,San Francisco,2019-03-01,SFO International Airport,12:30,124
3723,Ford Fusion,Standard,2019-03-05,,2019-03-01,SFO International Airport,12:30,120
3724,Chevrolet Cruze,Standard,2019-03-09,Anaheim,2019-03-06,John Wayne Airport,18:30,99
3725,Ford Fusion,Standard,2019-03-09,Anaheim,2019-03-06,John Wayne Airport,18:30,93
3726,Honda Accord,Standard,2019-03-09,Anaheim,2019-03-06,John Wayne Airport,18:30,102
3727,Nissan Altima,Standard,2019-03-09,Anaheim,2019-03-06,John Wayne Airport,18:30,102
3728,Chevrolet Cruze,Standard,2019-03-09,,2019-03-06,John Wayne Airport,18:30,99
3729,Chevrolet Cruze,Standard,2019-03-02,Portland,2019-03-01,PDX International Airport,18:30,28
3730,Honda Accord,Standard,2019-03-02,Portland,2019-03-01,PDX International Airport,18:30,36
3731,Honda Civic,Standard,2019-03-02,Portland,2019-03-01,PDX International Airport,18:30,30
3732,Nissan Sentra,Standard,2019-03-02,Portland,2019-03-01,Portland Bus Station,18:30,29
3733,Toyota Camry,Standard,2019-03-02,Portland,2019-03-01,Portland Bus Station,18:30,34
3734,Toyota Prius,Standard,2019-03-02,Portland,2019-03-01,PDX International Airport,18:30,28
3735,Chevrolet Cruze,Standard,2019-03-02,,2019-03-01,PDX International Airport,18:30,28
3736,Chevrolet Cruze,Standard,2019-03-08,Atlanta,2019-03-04,Hartsfield-Jackson International Airport,13:00,144
3737,Nissan Sentra,Standard,2019-03-08,Atlanta,2019-03-04,Hartsfield-Jackson International Airport,13:00,108
3738,Toyota Camry,Standard,2019-03-08,Atlanta,2019-03-04,Hartsfield-Jackson International Airport,13:00,132
3739,Toyota Prius,Standard,2019-03-08,Atlanta,2019-03-04,Peachtree Station,13:00,100
3740,Chevrolet Cruze,Standard,2019-03-08,,2019-03-04,Hartsfield-Jackson International Airport,13:00,144
3741,Chevrolet Cruze,Standard,2019-03-05,Los Angeles,2019-03-04,Union Station,15:00,30
3742,Ford Fusion,Standard,2019-03-05,Los Angeles,2019-03-04,LAX International Airport,15:00,33
3743,Honda Civic,Standard,2019-03-05,Los Angeles,2019-03-04,Union Station,15:00,35
3744,Hyundai Elantra,Standard,2019-03-05,Los Angeles,2019-03-04,LAX International Airport,15:00,33
3745,Toyota Camry,Standard,2019-03-05,Los Angeles,2019-03-04,LAX International Airport,15:00,30
3746,Toyota Corolla,Standard,2019-03-05,Los Angeles,2019-03-04,LAX International Airport,15:00,41
3747,Chevrolet Cruze,Standard,2019-03-06,Los Angeles,2019-03-04,Union Station,15:00,56
3748,Ford Fusion,Standard,2019-03-06,Los Angeles,2019-03-04,LAX International Airport,15:00,64
3749,Honda Civic,Standard,2019-03-06,Los Angeles,2019-03-04,Union Station,15:00,68
3750,Hyundai Elantra,Standard,2019-03-06,Los Angeles,2019-03-04,LAX International Airport,15:00,70
3751,Toyota Camry,Standard,2019-03-06,Los Angeles,2019-03-04,LAX International Airport,15:00,72
3752,Toyota Corolla,Standard,2019-03-06,Los Angeles,2019-03-04,LAX International Airport,15:00,52
3753,Honda Civic,Standard,2019-03-06,,2019-03-04,Union Station,15:00,68
3754,Chevrolet Bolt,Compact,2019-03-02,Phoenix,2019-03-01,Phoenix Union Station,14:00,25
3755,Honda Fit,Compact,2019-03-02,Phoenix,2019-03-01,Phoenix Union Station,14:00,26
3756,Mini Cooper,Compact,2019-03-02,Phoenix,2019-03-01,Sky Harbor International Airport,14:00,30
3757,Nissan Leaf,Compact,2019-03-02,Phoenix,2019-03-01,Sky Harbor International Airport,14:00,18
3758,Volkswagen GTI,Compact,2019-03-02,Phoenix,2019-03-01,Sky Harbor International Airport,14:00,27
3759,Honda Fit,Compact,2019-03-02,,2019-03-01,Phoenix Union Station,14:00,26
3760,Chevrolet Cruze,Standard,2019-03-08,Mexico City,2019-03-05,Estacion Buenavista,12:30,66
3761,Honda Civic,Standard,2019-03-08,Mexico City,2019-03-05,Estacion Buenavista,12:30,57
3762,Nissan Sentra,Standard,2019-03-08,Mexico City,2019-03-05,Benito Juarez International Airport,12:30,60
3763,Toyota Camry,Standard,2019-03-08,Mexico City,2019-03-05,Estacion Buenavista,12:30,51
3764,Toyota Corolla,Standard,2019-03-08,Mexico City,2019-03-05,Benito Juarez International Airport,12:30,63
3765,Toyota Prius,Standard,2019-03-08,Mexico City,2019-03-05,Benito Juarez International Airport,12:30,69
3766,Nissan Sentra,Standard,2019-03-08,Paris,2019-03-01,Charles de Gaulle International Airport,12:30,252
3767,Toyota Prius,Standard,2019-03-08,Paris,2019-03-01,Orly International Airport,12:30,196
3768,Nissan Sentra,Standard,2019-03-08,,2019-03-01,Charles de Gaulle International Airport,12:30,252
3769,Chevrolet Cruze,Standard,2019-03-13,Toronto,2019-03-11,Toronto Pearson International Airport,15:00,68
3770,Toyota Camry,Standard,2019-03-13,Toronto,2019-03-11,Toronto Pearson International Airport,15:00,74
3771,Chevrolet Cruze,Standard,2019-03-13,,2019-03-11,Toronto Pearson International Airport,15:00,68
3772,Chevrolet Cruze,Standard,2019-03-05,Portland,2019-03-04,PDX International Airport,11:00,33
3773,Honda Accord,Standard,2019-03-05,Portland,2019-03-04,PDX International Airport,11:00,37
3774,Honda Civic,Standard,2019-03-05,Portland,2019-03-04,PDX International Airport,11:00,34
3775,Nissan Sentra,Standard,2019-03-05,Portland,2019-03-04,Portland Bus Station,11:00,26
3776,Toyota Camry,Standard,2019-03-05,Portland,2019-03-04,Portland Bus Station,11:00,31
3777,Toyota Prius,Standard,2019-03-05,Portland,2019-03-04,PDX International Airport,11:00,40
3778,Chevrolet Cruze,Standard,2019-03-05,,2019-03-04,PDX International Airport,11:00,33
3779,Ford Fusion,Standard,2019-03-11,San Diego,2019-03-08,SAN International Airport,17:00,93
3780,Honda Accord,Standard,2019-03-11,San Diego,2019-03-08,Santa Fe Depot,17:00,90
3781,Honda Civic,Standard,2019-03-11,San Diego,2019-03-08,Santa Fe Depot,17:00,102
3782,Hyundai Elantra,Standard,2019-03-11,San Diego,2019-03-08,SAN International Airport,17:00,93
3783,Nissan Sentra,Standard,2019-03-11,San Diego,2019-03-08,Santa Fe Depot,17:00,69
3784,Toyota Camry,Standard,2019-03-11,San Diego,2019-03-08,SAN International Airport,17:00,105
3785,Honda Accord,Standard,2019-03-11,,2019-03-08,Santa Fe Depot,17:00,90
3786,Honda Accord,Standard,2019-03-14,Kuala Lumpur,2019-03-10,KLIA International Airport,10:30,100
3787,Honda Civic,Standard,2019-03-14,Kuala Lumpur,2019-03-10,KLIA International Airport,10:30,100
3788,Hyundai Elantra,Standard,2019-03-14,Kuala Lumpur,2019-03-10,KLIA International Airport,10:30,104
3789,Toyota Camry,Standard,2019-03-14,Kuala Lumpur,2019-03-10,KLIA International Airport,10:30,80
3790,Honda Civic,Standard,2019-03-14,,2019-03-10,KLIA International Airport,10:30,100
3791,Chevrolet Cruze,Standard,2019-03-13,Philadelphia,2019-03-11,PHL International Airport,15:30,68
3792,Ford Fusion,Standard,2019-03-13,Philadelphia,2019-03-11,PHL International Airport,15:30,62
3793,Honda Civic,Standard,2019-03-13,Philadelphia,2019-03-11,PHL International Airport,15:30,58
3794,Hyundai Elantra,Standard,2019-03-13,Philadelphia,2019-03-11,Intercity Terminal,15:30,64
3795,Nissan Altima,Standard,2019-03-13,Philadelphia,2019-03-11,30th Street Station,15:30,66
3796,Nissan Sentra,Standard,2019-03-13,Philadelphia,2019-03-11,30th Street Station,15:30,66
3797,Toyota Corolla,Standard,2019-03-13,Philadelphia,2019-03-11,Intercity Terminal,15:30,58
3798,Toyota Prius,Standard,2019-03-13,Philadelphia,2019-03-11,Intercity Terminal,15:30,58
3799,Chevrolet Cruze,Standard,2019-03-13,,2019-03-11,PHL International Airport,15:30,68
3800,Honda Accord,Standard,2019-03-08,Sacramento,2019-03-02,SMF International Airport,15:30,168
3801,Honda Civic,Standard,2019-03-08,Sacramento,2019-03-02,SMF International Airport,15:30,228
3802,Toyota Camry,Standard,2019-03-08,Sacramento,2019-03-02,Sacramento Valley Station,15:30,192
3803,Toyota Corolla,Standard,2019-03-08,Sacramento,2019-03-02,Sacramento Valley Station,15:30,204
3804,Chevrolet Bolt,Compact,2019-03-08,Paris,2019-03-02,Charles de Gaulle International Airport,15:30,156
3805,Honda Fit,Compact,2019-03-08,Paris,2019-03-02,Orly International Airport,15:30,156
3806,Mini Cooper,Compact,2019-03-08,Paris,2019-03-02,Charles de Gaulle International Airport,15:30,168
3807,Nissan Leaf,Compact,2019-03-08,Paris,2019-03-02,Charles de Gaulle International Airport,15:30,186
3808,Honda Fit,Compact,2019-03-08,,2019-03-02,Orly International Airport,15:30,156
3809,Honda Civic,Standard,2019-03-06,Las Vegas,2019-03-04,McCarran International Airport,11:00,68
3810,Hyundai Elantra,Standard,2019-03-06,Las Vegas,2019-03-04,McCarran International Airport,11:00,84
3811,Nissan Sentra,Standard,2019-03-06,Las Vegas,2019-03-04,McCarran International Airport,11:00,56
3812,Toyota Prius,Standard,2019-03-06,Las Vegas,2019-03-04,McCarran International Airport,11:00,74
3813,Honda Civic,Standard,2019-03-06,,2019-03-04,McCarran International Airport,11:00,68
3814,Honda Accord,Standard,2019-03-08,San Diego,2019-03-04,Santa Fe Depot,13:00,116
3815,Honda Civic,Standard,2019-03-08,San Diego,2019-03-04,Santa Fe Depot,13:00,112
3816,Nissan Sentra,Standard,2019-03-08,San Diego,2019-03-04,Santa Fe Depot,13:00,112
3817,Ford Fusion,Standard,2019-03-08,San Diego,2019-03-04,SAN International Airport,12:30,128
3818,Hyundai Elantra,Standard,2019-03-08,San Diego,2019-03-04,SAN International Airport,12:30,124
3819,Toyota Camry,Standard,2019-03-08,San Diego,2019-03-04,SAN International Airport,12:30,116
3820,Nissan Sentra,Standard,2019-03-08,,2019-03-04,Santa Fe Depot,13:00,112
3821,Chevrolet Cruze,Standard,2019-03-06,Anaheim,2019-03-05,John Wayne Airport,12:30,29
3822,Ford Fusion,Standard,2019-03-06,Anaheim,2019-03-05,John Wayne Airport,12:30,31
3823,Honda Accord,Standard,2019-03-06,Anaheim,2019-03-05,John Wayne Airport,12:30,29
3824,Hyundai Elantra,Standard,2019-03-06,Anaheim,2019-03-05,Anaheim Intermodal Center,12:30,33
3825,Nissan Altima,Standard,2019-03-06,Anaheim,2019-03-05,John Wayne Airport,12:30,36
3826,Toyota Camry,Standard,2019-03-06,Anaheim,2019-03-05,Anaheim Intermodal Center,12:30,34
3827,Honda Accord,Standard,2019-03-06,,2019-03-05,John Wayne Airport,12:30,29
3828,Chevrolet Cruze,Standard,2019-03-11,Paris,2019-03-06,Charles de Gaulle International Airport,15:30,180
3829,Honda Accord,Standard,2019-03-11,Paris,2019-03-06,Charles de Gaulle International Airport,15:30,175
3830,Nissan Sentra,Standard,2019-03-11,Paris,2019-03-06,Charles de Gaulle International Airport,15:30,155
3831,Toyota Prius,Standard,2019-03-11,Paris,2019-03-06,Charles de Gaulle International Airport,15:30,140
3832,Chevrolet Bolt,Compact,2019-03-11,Paris,2019-03-06,Charles de Gaulle International Airport,13:30,125
3833,Honda Fit,Compact,2019-03-11,Paris,2019-03-06,Charles de Gaulle International Airport,13:30,135
3834,Nissan Leaf,Compact,2019-03-11,Paris,2019-03-06,Charles de Gaulle International Airport,13:30,140
3835,Honda Fit,Compact,2019-03-11,,2019-03-06,Charles de Gaulle International Airport,13:30,135
3836,Kia Forte,Compact,2019-03-12,Portland,2019-03-07,Union Station,12:00,125
3837,Mini Cooper,Compact,2019-03-12,Portland,2019-03-07,PDX International Airport,12:00,150
3838,Nissan Leaf,Compact,2019-03-12,Portland,2019-03-07,Portland Bus Station,12:00,135
3839,Volkswagen Golf,Compact,2019-03-12,Portland,2019-03-07,PDX International Airport,12:00,150
3840,Kia Forte,Compact,2019-03-12,,2019-03-07,Union Station,12:00,125
3841,Chevrolet Cruze,Standard,2019-03-10,Portland,2019-03-09,PDX International Airport,12:30,28
3842,Ford Fusion,Standard,2019-03-10,Portland,2019-03-09,Union Station,12:30,29
3843,Honda Accord,Standard,2019-03-10,Portland,2019-03-09,PDX International Airport,12:30,34
3844,Honda Civic,Standard,2019-03-10,Portland,2019-03-09,PDX International Airport,12:30,31
3845,Nissan Sentra,Standard,2019-03-10,Portland,2019-03-09,Portland Bus Station,12:30,31
3846,Toyota Camry,Standard,2019-03-10,Portland,2019-03-09,Portland Bus Station,12:30,30
3847,Toyota Corolla,Standard,2019-03-10,Portland,2019-03-09,Union Station,12:30,30
3848,Toyota Prius,Standard,2019-03-10,Portland,2019-03-09,PDX International Airport,12:30,39
3849,Chevrolet Cruze,Standard,2019-03-10,,2019-03-09,PDX International Airport,12:30,28
3850,Chevrolet Cruze,Standard,2019-03-09,Atlanta,2019-03-06,Hartsfield-Jackson International Airport,14:00,99
3851,Nissan Sentra,Standard,2019-03-09,Atlanta,2019-03-06,Hartsfield-Jackson International Airport,14:00,114
3852,Toyota Camry,Standard,2019-03-09,Atlanta,2019-03-06,Hartsfield-Jackson International Airport,14:00,99
3853,Toyota Prius,Standard,2019-03-09,Atlanta,2019-03-06,Peachtree Station,14:00,99
3854,Chevrolet Cruze,Standard,2019-03-09,,2019-03-06,Hartsfield-Jackson International Airport,14:00,99
3855,Chevrolet Bolt,Compact,2019-03-09,Portland,2019-03-06,Union Station,15:00,63
3856,Kia Forte,Compact,2019-03-09,Portland,2019-03-06,Union Station,15:00,81
3857,Mini Cooper,Compact,2019-03-09,Portland,2019-03-06,PDX International Airport,15:00,87
3858,Nissan Leaf,Compact,2019-03-09,Portland,2019-03-06,Portland Bus Station,15:00,81
3859,Volkswagen Golf,Compact,2019-03-09,Portland,2019-03-06,PDX International Airport,15:00,81
3860,Chevrolet Bolt,Compact,2019-03-09,,2019-03-06,Union Station,15:00,75
3861,Chevrolet Bolt,Compact,2019-03-13,Vancouver,2019-03-09,YVR International Airport,16:30,132
3862,Honda Fit,Compact,2019-03-13,Vancouver,2019-03-09,YVR International Airport,16:30,124
3863,Kia Forte,Compact,2019-03-13,Vancouver,2019-03-09,Pacific Central Station,16:30,100
3864,Mini Cooper,Compact,2019-03-13,Vancouver,2019-03-09,YVR International Airport,16:30,100
3865,Volkswagen Golf,Compact,2019-03-13,Vancouver,2019-03-09,Pacific Central Station,16:30,104
3866,Chevrolet Bolt,Compact,2019-03-13,Vancouver,2019-03-09,YVR International Airport,12:30,132
3867,Honda Fit,Compact,2019-03-13,Vancouver,2019-03-09,YVR International Airport,12:30,124
3868,Mini Cooper,Compact,2019-03-13,Vancouver,2019-03-09,YVR International Airport,12:30,100
3869,Kia Forte,Compact,2019-03-13,Vancouver,2019-03-09,Pacific Central Station,13:00,100
3870,Volkswagen Golf,Compact,2019-03-13,Vancouver,2019-03-09,Pacific Central Station,13:00,104
3871,Honda Fit,Compact,2019-03-13,,2019-03-09,YVR International Airport,12:30,124
3872,Chevrolet Cruze,Standard,2019-03-11,Sydney,2019-03-08,Kingsford Smith International Airport,15:30,93
3873,Ford Fusion,Standard,2019-03-11,Sydney,2019-03-08,Kingsford Smith International Airport,15:30,87
3874,Hyundai Elantra,Standard,2019-03-11,Sydney,2019-03-08,Kingsford Smith International Airport,15:30,108
3875,Toyota Corolla,Standard,2019-03-11,Sydney,2019-03-08,Kingsford Smith International Airport,15:30,93
3876,Chevrolet Cruze,Standard,2019-03-11,Sydney,2019-03-06,Kingsford Smith International Airport,14:00,155
3877,Ford Fusion,Standard,2019-03-11,Sydney,2019-03-06,Kingsford Smith International Airport,14:00,175
3878,Hyundai Elantra,Standard,2019-03-11,Sydney,2019-03-06,Kingsford Smith International Airport,14:00,165
3879,Hyundai Elantra,Standard,2019-03-11,,2019-03-06,Kingsford Smith International Airport,14:00,165
3880,Ford Fusion,Standard,2019-03-10,Portland,2019-03-05,Union Station,14:00,145
3881,Honda Accord,Standard,2019-03-10,Portland,2019-03-05,PDX International Airport,14:00,170
3882,Honda Civic,Standard,2019-03-10,Portland,2019-03-05,PDX International Airport,14:00,200
3883,Nissan Sentra,Standard,2019-03-10,Portland,2019-03-05,Portland Bus Station,14:00,145
3884,Toyota Camry,Standard,2019-03-10,Portland,2019-03-05,Portland Bus Station,14:00,160
3885,Toyota Corolla,Standard,2019-03-10,Portland,2019-03-05,Union Station,14:00,165
3886,Ford Fusion,Standard,2019-03-10,,2019-03-05,Union Station,14:00,145
3887,Ford Fusion,Standard,2019-03-02,Delhi,2019-03-01,Indira Gandhi International Airport,18:00,33
3888,Honda Accord,Standard,2019-03-02,Delhi,2019-03-01,Indira Gandhi International Airport,18:00,31
3889,Hyundai Elantra,Standard,2019-03-02,Delhi,2019-03-01,Indira Gandhi International Airport,18:00,38
3890,Ford Fusion,Standard,2019-03-02,,2019-03-01,Indira Gandhi International Airport,18:00,33
3891,Chevrolet Cruze,Standard,2019-03-04,Vancouver,2019-03-02,Pacific Central Station,16:30,54
3892,Honda Accord,Standard,2019-03-04,Vancouver,2019-03-02,YVR International Airport,16:30,54
3893,Hyundai Elantra,Standard,2019-03-04,Vancouver,2019-03-02,YVR International Airport,16:30,74
3894,Nissan Altima,Standard,2019-03-04,Vancouver,2019-03-02,YVR International Airport,16:30,66
3895,Nissan Sentra,Standard,2019-03-04,Vancouver,2019-03-02,Pacific Central Station,16:30,54
3896,Toyota Corolla,Standard,2019-03-04,Vancouver,2019-03-02,YVR International Airport,16:30,66
3897,Toyota Prius,Standard,2019-03-04,Vancouver,2019-03-02,Pacific Central Station,16:30,54
3898,Chevrolet Cruze,Standard,2019-03-03,Vancouver,2019-03-02,Pacific Central Station,16:30,30
3899,Honda Accord,Standard,2019-03-03,Vancouver,2019-03-02,YVR International Airport,16:30,30
3900,Hyundai Elantra,Standard,2019-03-03,Vancouver,2019-03-02,YVR International Airport,16:30,36
3901,Nissan Altima,Standard,2019-03-03,Vancouver,2019-03-02,YVR International Airport,16:30,30
3902,Nissan Sentra,Standard,2019-03-03,Vancouver,2019-03-02,Pacific Central Station,16:30,30
3903,Toyota Corolla,Standard,2019-03-03,Vancouver,2019-03-02,YVR International Airport,16:30,31
3904,Chevrolet Cruze,Standard,2019-03-12,Anaheim,2019-03-09,John Wayne Airport,11:00,105
3905,Ford Fusion,Standard,2019-03-12,Anaheim,2019-03-09,John Wayne Airport,11:00,108
3906,Honda Accord,Standard,2019-03-12,Anaheim,2019-03-09,John Wayne Airport,11:00,99
3907,Hyundai Elantra,Standard,2019-03-12,Anaheim,2019-03-09,Anaheim Intermodal Center,11:00,90
3908,Nissan Altima,Standard,2019-03-12,Anaheim,2019-03-09,John Wayne Airport,11:00,93
3909,Toyota Camry,Standard,2019-03-12,Anaheim,2019-03-09,Anaheim Intermodal Center,11:00,90
3910,Chevrolet Cruze,Standard,2019-03-12,,2019-03-09,John Wayne Airport,11:00,105
3911,Chevrolet Cruze,Standard,2019-03-04,Toronto,2019-03-02,Toronto Pearson International Airport,16:30,78
3912,Toyota Camry,Standard,2019-03-04,Toronto,2019-03-02,Toronto Pearson International Airport,16:30,62
3913,Chevrolet Cruze,Standard,2019-03-04,,2019-03-02,Toronto Pearson International Airport,16:30,78
3914,Chevrolet Bolt,Compact,2019-03-02,Paris,2019-03-01,Charles de Gaulle International Airport,13:30,29
3915,Chevrolet Cruze,Standard,2019-03-02,Paris,2019-03-01,Charles de Gaulle International Airport,13:30,29
3916,Honda Accord,Standard,2019-03-02,Paris,2019-03-01,Charles de Gaulle International Airport,13:30,33
3917,Honda CR-V,Full-size,2019-03-02,Paris,2019-03-01,Charles de Gaulle International Airport,13:30,44
3918,Honda Fit,Compact,2019-03-02,Paris,2019-03-01,Charles de Gaulle International Airport,13:30,28
3919,Mini Cooper,Compact,2019-03-02,Paris,2019-03-01,Charles de Gaulle International Airport,13:30,33
3920,Nissan Leaf,Compact,2019-03-02,Paris,2019-03-01,Charles de Gaulle International Airport,13:30,26
3921,Nissan Rogue,Full-size,2019-03-02,Paris,2019-03-01,Orly International Airport,13:30,38
3922,Nissan Sentra,Standard,2019-03-02,Paris,2019-03-01,Charles de Gaulle International Airport,13:30,38
3923,Subaru Forester,Full-size,2019-03-02,Paris,2019-03-01,Charles de Gaulle International Airport,13:30,41
3924,Chevrolet Bolt,Compact,2019-03-02,,2019-03-01,Charles de Gaulle International Airport,13:30,29
3925,Chevrolet Cruze,Standard,2019-03-07,Sydney,2019-03-05,Kingsford Smith International Airport,17:00,70
3926,Ford Fusion,Standard,2019-03-07,Sydney,2019-03-05,Kingsford Smith International Airport,17:00,66
3927,Hyundai Elantra,Standard,2019-03-07,Sydney,2019-03-05,Kingsford Smith International Airport,17:00,68
3928,Toyota Corolla,Standard,2019-03-07,Sydney,2019-03-05,Kingsford Smith International Airport,17:00,70
3929,Chevrolet Cruze,Standard,2019-03-07,London,2019-03-05,Heathrow International Airport,12:00,64
3930,Honda Accord,Standard,2019-03-07,London,2019-03-05,Gatwick International Airport,12:00,68
3931,Hyundai Elantra,Standard,2019-03-07,London,2019-03-05,Heathrow International Airport,12:00,62
3932,Nissan Altima,Standard,2019-03-07,London,2019-03-05,Heathrow International Airport,12:00,64
3933,Toyota Prius,Standard,2019-03-07,London,2019-03-05,Heathrow International Airport,12:00,60
3934,Honda Accord,Standard,2019-03-07,,2019-03-05,Gatwick International Airport,12:00,68
3935,Ford Fusion,Standard,2019-03-12,Delhi,2019-03-06,Indira Gandhi International Airport,12:00,210
3936,Honda Accord,Standard,2019-03-12,Delhi,2019-03-06,Indira Gandhi International Airport,12:00,198
3937,Hyundai Elantra,Standard,2019-03-12,Delhi,2019-03-06,Indira Gandhi International Airport,12:00,216
3938,Honda Accord,Standard,2019-03-12,,2019-03-06,Indira Gandhi International Airport,09:30,198
3939,Ford Fusion,Standard,2019-03-10,Seattle,2019-03-06,King Street Station,09:30,116
3940,Honda Civic,Standard,2019-03-10,Seattle,2019-03-06,King Street Station,09:30,92
3941,Hyundai Elantra,Standard,2019-03-10,Seattle,2019-03-06,King Street Station,09:30,124
3942,Toyota Prius,Standard,2019-03-10,Seattle,2019-03-06,King Street Station,09:30,124
3943,Hyundai Elantra,Standard,2019-03-10,Philadelphia,2019-03-06,Intercity Terminal,09:30,120
3944,Toyota Corolla,Standard,2019-03-10,Philadelphia,2019-03-06,Intercity Terminal,09:30,120
3945,Toyota Prius,Standard,2019-03-10,Philadelphia,2019-03-06,Intercity Terminal,09:30,136
3946,Chevrolet Cruze,Standard,2019-03-10,Philadelphia,2019-03-06,30th Street Station,10:00,120
3947,Ford Fusion,Standard,2019-03-10,Philadelphia,2019-03-06,30th Street Station,10:00,112
3948,Nissan Altima,Standard,2019-03-10,Philadelphia,2019-03-06,30th Street Station,10:00,100
3949,Hyundai Elantra,Standard,2019-03-10,,2019-03-06,Intercity Terminal,09:30,120
3950,Chevrolet Cruze,Standard,2019-03-08,Anaheim,2019-03-07,John Wayne Airport,17:00,36
3951,Ford Fusion,Standard,2019-03-08,Anaheim,2019-03-07,John Wayne Airport,17:00,41
3952,Honda Accord,Standard,2019-03-08,Anaheim,2019-03-07,John Wayne Airport,17:00,35
3953,Hyundai Elantra,Standard,2019-03-08,Anaheim,2019-03-07,Anaheim Intermodal Center,17:00,26
3954,Nissan Altima,Standard,2019-03-08,Anaheim,2019-03-07,John Wayne Airport,17:00,26
3955,Toyota Camry,Standard,2019-03-08,Anaheim,2019-03-07,Anaheim Intermodal Center,17:00,28
3956,Ford Fusion,Standard,2019-03-08,,2019-03-07,John Wayne Airport,17:00,41
3957,Chevrolet Cruze,Standard,2019-03-12,Atlanta,2019-03-09,Hartsfield-Jackson International Airport,17:00,93
3958,Nissan Sentra,Standard,2019-03-12,Atlanta,2019-03-09,Hartsfield-Jackson International Airport,17:00,114
3959,Toyota Camry,Standard,2019-03-12,Atlanta,2019-03-09,Hartsfield-Jackson International Airport,17:00,114
3960,Toyota Prius,Standard,2019-03-12,Atlanta,2019-03-09,Peachtree Station,17:00,78
3961,Chevrolet Cruze,Standard,2019-03-12,,2019-03-09,Hartsfield-Jackson International Airport,17:00,93
3962,Ford Fusion,Standard,2019-03-14,San Diego,2019-03-08,SAN International Airport,15:00,216
3963,Honda Accord,Standard,2019-03-14,San Diego,2019-03-08,Santa Fe Depot,15:00,156
3964,Hyundai Elantra,Standard,2019-03-14,San Diego,2019-03-08,SAN International Airport,15:00,204
3965,Toyota Camry,Standard,2019-03-14,San Diego,2019-03-08,SAN International Airport,15:00,210
3966,Honda Accord,Standard,2019-03-14,,2019-03-08,Santa Fe Depot,15:00,156
3967,Honda Accord,Standard,2019-03-08,Sacramento,2019-03-02,SMF International Airport,18:00,168
3968,Honda Civic,Standard,2019-03-08,Sacramento,2019-03-02,SMF International Airport,18:00,228
3969,Chevrolet Bolt,Compact,2019-03-08,Paris,2019-03-02,Charles de Gaulle International Airport,18:00,156
3970,Honda Fit,Compact,2019-03-08,Paris,2019-03-02,Orly International Airport,18:00,156
3971,Mini Cooper,Compact,2019-03-08,Paris,2019-03-02,Charles de Gaulle International Airport,18:00,168
3972,Nissan Leaf,Compact,2019-03-08,Paris,2019-03-02,Charles de Gaulle International Airport,18:00,186
3973,Chevrolet Bolt,Compact,2019-03-08,,2019-03-02,Charles de Gaulle International Airport,18:00,156
3974,Chevrolet Cruze,Standard,2019-03-06,Los Angeles,2019-03-02,Union Station,12:30,136
3975,Honda Civic,Standard,2019-03-06,Los Angeles,2019-03-02,Union Station,12:30,120
3976,Ford Fusion,Standard,2019-03-06,Los Angeles,2019-03-02,LAX International Airport,13:00,128
3977,Hyundai Elantra,Standard,2019-03-06,Los Angeles,2019-03-02,LAX International Airport,13:00,124
3978,Toyota Camry,Standard,2019-03-06,Los Angeles,2019-03-02,LAX International Airport,13:00,144
3979,Toyota Corolla,Standard,2019-03-06,Los Angeles,2019-03-02,LAX International Airport,13:00,152
3980,Volkswagen GTI,Compact,2019-03-06,Los Angeles,2019-03-01,Union Station,12:30,115
3981,Chevrolet Bolt,Compact,2019-03-06,Los Angeles,2019-03-01,LAX International Airport,13:00,125
3982,Honda Fit,Compact,2019-03-06,Los Angeles,2019-03-01,LAX International Airport,13:00,135
3983,Volkswagen Golf,Compact,2019-03-06,Los Angeles,2019-03-01,LAX International Airport,13:00,125
3984,Volkswagen GTI,Compact,2019-03-06,,2019-03-01,Union Station,12:30,115
3985,Honda Accord,Standard,2019-03-12,Washington,2019-03-06,Union Station,18:30,198
3986,Honda Civic,Standard,2019-03-12,Washington,2019-03-06,Union Station,18:30,198
3987,Toyota Camry,Standard,2019-03-12,Washington,2019-03-06,Dulles International Airport,18:30,216
3988,Toyota Prius,Standard,2019-03-12,Washington,2019-03-06,Dulles International Airport,18:30,234
3989,Chevrolet Cruze,Standard,2019-03-12,Paris,2019-03-06,Charles de Gaulle International Airport,18:30,216
3990,Honda Accord,Standard,2019-03-12,Paris,2019-03-06,Charles de Gaulle International Airport,18:30,156
3991,Nissan Sentra,Standard,2019-03-12,Paris,2019-03-06,Charles de Gaulle International Airport,18:30,180
3992,Toyota Prius,Standard,2019-03-12,Paris,2019-03-06,Charles de Gaulle International Airport,18:30,174
3993,Chevrolet Cruze,Standard,2019-03-12,,2019-03-06,Charles de Gaulle International Airport,18:30,216
3994,Chevrolet Cruze,Standard,2019-03-11,Philadelphia,2019-03-06,PHL International Airport,18:00,140
3995,Ford Fusion,Standard,2019-03-11,Philadelphia,2019-03-06,30th Street Station,18:00,140
3996,Honda Civic,Standard,2019-03-11,Philadelphia,2019-03-06,PHL International Airport,18:00,185
3997,Hyundai Elantra,Standard,2019-03-11,Philadelphia,2019-03-06,Intercity Terminal,18:00,135
3998,Nissan Sentra,Standard,2019-03-11,Philadelphia,2019-03-06,30th Street Station,18:00,135
3999,Toyota Corolla,Standard,2019-03-11,Philadelphia,2019-03-06,Intercity Terminal,18:00,150
4000,Toyota Prius,Standard,2019-03-11,Philadelphia,2019-03-06,Intercity Terminal,18:00,150
4001,Chevrolet Cruze,Standard,2019-03-11,,2019-03-06,PHL International Airport,18:00,140
4002,Ford Fusion,Standard,2019-03-07,Chicago,2019-03-03,Chicago Union Station,17:00,108
4003,Honda Accord,Standard,2019-03-07,Chicago,2019-03-03,O'Hare International Airport,17:00,156
4004,Nissan Altima,Standard,2019-03-07,Chicago,2019-03-03,O'Hare International Airport,17:00,164
4005,Nissan Sentra,Standard,2019-03-07,Chicago,2019-03-03,Chicago Union Station,17:00,108
4006,Toyota Prius,Standard,2019-03-07,Chicago,2019-03-03,O'Hare International Airport,17:00,120
4007,Ford Fusion,Standard,2019-03-07,,2019-03-03,Chicago Union Station,17:00,108
4008,Chevrolet Equinox,Full-size,2019-03-10,Toronto,2019-03-07,Toronto Pearson International Airport,18:00,132
4009,Honda Fit,Compact,2019-03-10,Toronto,2019-03-07,Toronto Pearson International Airport,18:00,87
4010,Hyundai Tucson,Full-size,2019-03-10,Toronto,2019-03-07,Toronto Pearson International Airport,18:00,111
4011,Kia Forte,Compact,2019-03-10,Toronto,2019-03-07,Toronto Pearson International Airport,18:00,75
4012,Mini Cooper,Compact,2019-03-10,Toronto,2019-03-07,Toronto Pearson International Airport,18:00,90
4013,Subaru Forester,Full-size,2019-03-10,Toronto,2019-03-07,Toronto Pearson International Airport,18:00,153
4014,Volkswagen GTI,Compact,2019-03-10,Toronto,2019-03-07,Toronto Pearson International Airport,18:00,93
4015,Chevrolet Cruze,Standard,2019-03-11,Toronto,2019-03-07,Toronto Pearson International Airport,16:30,136
4016,Chevrolet Equinox,Full-size,2019-03-11,Toronto,2019-03-07,Toronto Pearson International Airport,16:30,180
4017,Honda Fit,Compact,2019-03-11,Toronto,2019-03-07,Toronto Pearson International Airport,16:30,108
4018,Hyundai Tucson,Full-size,2019-03-11,Toronto,2019-03-07,Toronto Pearson International Airport,16:30,192
4019,Kia Forte,Compact,2019-03-11,Toronto,2019-03-07,Toronto Pearson International Airport,16:30,116
4020,Mini Cooper,Compact,2019-03-11,Toronto,2019-03-07,Toronto Pearson International Airport,16:30,100
4021,Subaru Forester,Full-size,2019-03-11,Toronto,2019-03-07,Toronto Pearson International Airport,16:30,160
4022,Toyota Camry,Standard,2019-03-11,Toronto,2019-03-07,Toronto Pearson International Airport,16:30,148
4023,Volkswagen GTI,Compact,2019-03-11,Toronto,2019-03-07,Toronto Pearson International Airport,16:30,104
4024,Honda Fit,Compact,2019-03-11,,2019-03-07,Toronto Pearson International Airport,16:30,108
4025,Chevrolet Cruze,Standard,2019-03-13,Sydney,2019-03-08,Kingsford Smith International Airport,16:30,175
4026,Ford Fusion,Standard,2019-03-13,Sydney,2019-03-08,Kingsford Smith International Airport,16:30,170
4027,Hyundai Elantra,Standard,2019-03-13,Sydney,2019-03-08,Kingsford Smith International Airport,16:30,165
4028,Toyota Corolla,Standard,2019-03-13,Sydney,2019-03-08,Kingsford Smith International Airport,16:30,135
4029,Chevrolet Cruze,Standard,2019-03-13,,2019-03-08,Kingsford Smith International Airport,16:30,175
4030,Chevrolet Cruze,Standard,2019-03-05,Anaheim,2019-03-03,John Wayne Airport,17:00,62
4031,Ford Fusion,Standard,2019-03-05,Anaheim,2019-03-03,John Wayne Airport,17:00,68
4032,Honda Accord,Standard,2019-03-05,Anaheim,2019-03-03,John Wayne Airport,17:00,52
4033,Hyundai Elantra,Standard,2019-03-05,Anaheim,2019-03-03,Anaheim Intermodal Center,17:00,56
4034,Nissan Altima,Standard,2019-03-05,Anaheim,2019-03-03,John Wayne Airport,17:00,68
4035,Toyota Camry,Standard,2019-03-05,Anaheim,2019-03-03,Anaheim Intermodal Center,17:00,56
4036,Chevrolet Cruze,Standard,2019-03-05,,2019-03-03,John Wayne Airport,17:00,62
4037,Chevrolet Cruze,Standard,2019-03-09,Philadelphia,2019-03-07,30th Street Station,11:00,46
4038,Ford Fusion,Standard,2019-03-09,Philadelphia,2019-03-07,30th Street Station,11:00,58
4039,Hyundai Elantra,Standard,2019-03-09,Philadelphia,2019-03-07,Intercity Terminal,11:00,72
4040,Nissan Altima,Standard,2019-03-09,Philadelphia,2019-03-07,30th Street Station,11:00,62
4041,Nissan Sentra,Standard,2019-03-09,Philadelphia,2019-03-07,30th Street Station,11:00,70
4042,Toyota Corolla,Standard,2019-03-09,Philadelphia,2019-03-07,Intercity Terminal,11:00,64
4043,Toyota Prius,Standard,2019-03-09,Philadelphia,2019-03-07,Intercity Terminal,11:00,66
4044,Hyundai Elantra,Standard,2019-03-09,Philadelphia,2019-03-07,Intercity Terminal,12:30,72
4045,Nissan Altima,Standard,2019-03-09,Philadelphia,2019-03-07,30th Street Station,12:30,62
4046,Nissan Sentra,Standard,2019-03-09,Philadelphia,2019-03-07,30th Street Station,12:30,70
4047,Toyota Corolla,Standard,2019-03-09,Philadelphia,2019-03-07,Intercity Terminal,12:30,64
4048,Toyota Prius,Standard,2019-03-09,Philadelphia,2019-03-07,Intercity Terminal,12:30,66
4049,Chevrolet Cruze,Standard,2019-03-09,Philadelphia,2019-03-07,PHL International Airport,13:00,60
4050,Ford Fusion,Standard,2019-03-09,Philadelphia,2019-03-07,PHL International Airport,13:00,70
4051,Hyundai Elantra,Standard,2019-03-09,,2019-03-07,Intercity Terminal,12:30,72
4052,Honda Accord,Standard,2019-03-11,Phoenix,2019-03-06,Sky Harbor International Airport,18:00,170
4053,Toyota Camry,Standard,2019-03-11,Phoenix,2019-03-06,Sky Harbor International Airport,18:00,170
4054,Toyota Prius,Standard,2019-03-11,Phoenix,2019-03-06,Sky Harbor International Airport,18:00,160
4055,Toyota Camry,Standard,2019-03-11,,2019-03-06,Sky Harbor International Airport,18:00,170
4056,Chevrolet Cruze,Standard,2019-03-10,Paris,2019-03-07,Charles de Gaulle International Airport,18:00,99
4057,Honda Accord,Standard,2019-03-10,Paris,2019-03-07,Charles de Gaulle International Airport,18:00,84
4058,Nissan Sentra,Standard,2019-03-10,Paris,2019-03-07,Charles de Gaulle International Airport,18:00,90
4059,Toyota Prius,Standard,2019-03-10,Paris,2019-03-07,Charles de Gaulle International Airport,18:00,105
4060,Chevrolet Cruze,Standard,2019-03-10,,2019-03-07,Charles de Gaulle International Airport,18:00,99
4061,Honda Civic,Standard,2019-03-14,Las Vegas,2019-03-12,McCarran International Airport,17:00,68
4062,Hyundai Elantra,Standard,2019-03-14,Las Vegas,2019-03-12,McCarran International Airport,17:00,54
4063,Nissan Sentra,Standard,2019-03-14,Las Vegas,2019-03-12,McCarran International Airport,17:00,66
4064,Toyota Prius,Standard,2019-03-14,Las Vegas,2019-03-12,McCarran International Airport,17:00,68
4065,Ford Escape,Full-size,2019-03-14,Las Vegas,2019-03-12,McCarran International Airport,17:00,86
4066,Nissan Rogue,Full-size,2019-03-14,Las Vegas,2019-03-12,Union Plaza,17:00,70
4067,Ford Escape,Full-size,2019-03-14,,2019-03-12,McCarran International Airport,17:00,86
4068,Honda Accord,Standard,2019-03-07,London,2019-03-05,Gatwick International Airport,18:30,68
4069,Toyota Prius,Standard,2019-03-07,London,2019-03-05,Gatwick International Airport,18:30,66
4070,Chevrolet Cruze,Standard,2019-03-07,London,2019-03-05,Heathrow International Airport,15:00,64
4071,Honda Accord,Standard,2019-03-07,London,2019-03-05,Gatwick International Airport,15:00,68
4072,Hyundai Elantra,Standard,2019-03-07,London,2019-03-05,Heathrow International Airport,15:00,62
4073,Nissan Altima,Standard,2019-03-07,London,2019-03-05,Heathrow International Airport,15:00,64
4074,Toyota Prius,Standard,2019-03-07,London,2019-03-05,Heathrow International Airport,15:00,60
4075,Chevrolet Cruze,Standard,2019-03-07,,2019-03-05,Heathrow International Airport,15:00,64
4076,Chevrolet Cruze,Standard,2019-03-14,Vancouver,2019-03-12,Pacific Central Station,16:30,60
4077,Honda Accord,Standard,2019-03-14,Vancouver,2019-03-12,YVR International Airport,16:30,70
4078,Hyundai Elantra,Standard,2019-03-14,Vancouver,2019-03-12,YVR International Airport,16:30,76
4079,Nissan Altima,Standard,2019-03-14,Vancouver,2019-03-12,YVR International Airport,16:30,64
4080,Nissan Sentra,Standard,2019-03-14,Vancouver,2019-03-12,Pacific Central Station,16:30,58
4081,Toyota Corolla,Standard,2019-03-14,Vancouver,2019-03-12,YVR International Airport,16:30,70
4082,Toyota Prius,Standard,2019-03-14,Vancouver,2019-03-12,Pacific Central Station,16:30,62
4083,Chevrolet Bolt,Compact,2019-03-14,Vancouver,2019-03-08,YVR International Airport,16:30,168
4084,Honda Fit,Compact,2019-03-14,Vancouver,2019-03-08,YVR International Airport,16:30,150
4085,Honda Fit,Compact,2019-03-14,,2019-03-08,YVR International Airport,16:30,150
4086,Chevrolet Bolt,Compact,2019-03-04,Anaheim,2019-03-01,John Wayne Airport,10:30,96
4087,Honda Fit,Compact,2019-03-04,Anaheim,2019-03-01,Anaheim Intermodal Center,10:30,75
4088,Kia Forte,Compact,2019-03-04,Anaheim,2019-03-01,Anaheim Intermodal Center,10:30,81
4089,Nissan Leaf,Compact,2019-03-04,Anaheim,2019-03-01,Anaheim Intermodal Center,10:30,75
4090,Volkswagen GTI,Compact,2019-03-04,Anaheim,2019-03-01,John Wayne Airport,10:30,75
4091,Volkswagen Golf,Compact,2019-03-04,Anaheim,2019-03-01,John Wayne Airport,10:30,84
4092,Chevrolet Bolt,Compact,2019-03-04,,2019-03-01,John Wayne Airport,10:30,96
4093,Chevrolet Cruze,Standard,2019-03-08,San Francisco,2019-03-05,SFO International Airport,16:30,108
4094,Ford Fusion,Standard,2019-03-08,San Francisco,2019-03-05,SFO International Airport,16:30,81
4095,Honda Civic,Standard,2019-03-08,San Francisco,2019-03-05,Salesforce Transit Center,16:30,90
4096,Nissan Altima,Standard,2019-03-08,San Francisco,2019-03-05,SFO International Airport,16:30,96
4097,Nissan Sentra,Standard,2019-03-08,San Francisco,2019-03-05,Salesforce Transit Center,16:30,69
4098,Toyota Prius,Standard,2019-03-08,San Francisco,2019-03-05,SFO International Airport,16:30,111
4099,Chevrolet Cruze,Standard,2019-03-06,San Francisco,2019-03-05,SFO International Airport,16:30,30
4100,Ford Fusion,Standard,2019-03-06,San Francisco,2019-03-05,SFO International Airport,16:30,39
4101,Honda Civic,Standard,2019-03-06,San Francisco,2019-03-05,Salesforce Transit Center,16:30,33
4102,Nissan Altima,Standard,2019-03-06,San Francisco,2019-03-05,SFO International Airport,16:30,32
4103,Nissan Sentra,Standard,2019-03-06,San Francisco,2019-03-05,Salesforce Transit Center,16:30,28
4104,Toyota Prius,Standard,2019-03-06,San Francisco,2019-03-05,SFO International Airport,16:30,28
4105,Honda Civic,Standard,2019-03-06,,2019-03-05,Salesforce Transit Center,16:30,33
