,car_name,car_type,city,end_date,pickup_location,pickup_time,price_per_day,start_date,add_insurance
0,Buick Regal Sportback,Sedan,Chicago,2019-03-07,Chicago Union Station,15:30,32.00,2019-03-01,
1,Lexus GS,Sedan,Chicago,2019-03-07,O'Hare International Airport,15:30,27.00,2019-03-01,
2,Skoda Octavia,Sedan,Chicago,2019-03-07,Chicago Union Station,15:30,25.00,2019-03-01,
3,Audi A8,Sedan,San Diego,2019-03-14,SAN International Airport,15:00,30.00,2019-03-12,
4,Buick Regal Sportback,Sedan,San Diego,2019-03-14,SAN International Airport,15:00,34.00,2019-03-12,
5,Subaru Impreza,Sedan,San Diego,2019-03-14,SAN International Airport,15:00,37.00,2019-03-12,
6,Volvo S90,Sedan,San Diego,2019-03-14,SAN International Airport,15:00,40.00,2019-03-12,
7,Buick Regal Sportback,Sedan,Portland,2019-03-10,PDX International Airport,09:30,27.00,2019-03-08,
8,Dodge Charger,Sedan,Portland,2019-03-10,PDX International Airport,09:30,36.00,2019-03-08,
9,GMC Terrain,SUV,Portland,2019-03-10,PDX International Airport,09:30,42.00,2019-03-08,
10,Jaguar F-Pace,SUV,Portland,2019-03-10,PDX International Airport,09:30,38.00,2019-03-08,
11,Kia Ceed,Hatchback,Portland,2019-03-10,PDX International Airport,09:30,30.00,2019-03-08,
12,Nissan Qashqai,Hatchback,Portland,2019-03-10,PDX International Airport,09:30,31.00,2019-03-08,
13,SEAT Cordoba,Sedan,Portland,2019-03-10,PDX International Airport,09:30,35.00,2019-03-08,
14,SEAT Leon,Hatchback,Portland,2019-03-10,PDX International Airport,09:30,25.00,2019-03-08,
15,Subaru Impreza,Sedan,Portland,2019-03-10,PDX International Airport,09:30,22.00,2019-03-08,
16,Dacia Duster,SUV,Portland,2019-03-10,Union Station,10:00,37.00,2019-03-08,
17,Buick Regal Sportback,Sedan,Philadelphia,2019-03-14,PHL International Airport,17:00,28.00,2019-03-13,
18,Citroen C5,SUV,Philadelphia,2019-03-14,PHL International Airport,17:00,47.00,2019-03-13,
19,Dodge Charger,Sedan,Philadelphia,2019-03-14,Intercity Terminal,17:00,34.00,2019-03-13,
20,Fiat Panda,Hatchback,Philadelphia,2019-03-14,Intercity Terminal,17:00,24.00,2019-03-13,
21,GMC Terrain,SUV,Philadelphia,2019-03-14,PHL International Airport,17:00,45.00,2019-03-13,
22,Hyundai Ioniq,Sedan,Philadelphia,2019-03-14,30th Street Station,17:00,25.00,2019-03-13,
23,Kia Ceed,Hatchback,Philadelphia,2019-03-14,PHL International Airport,17:00,27.00,2019-03-13,
24,Lexus GS,Sedan,Philadelphia,2019-03-14,30th Street Station,17:00,27.00,2019-03-13,
25,Mitsubishi Outlander,SUV,Philadelphia,2019-03-14,Intercity Terminal,17:00,44.00,2019-03-13,
26,Renault Clio,Hatchback,Philadelphia,2019-03-14,PHL International Airport,17:00,30.00,2019-03-13,
27,Audi A8,Sedan,Paris,2019-03-14,Charles de Gaulle International Airport,13:00,36.00,2019-03-09,
28,Citroen C5,SUV,Paris,2019-03-14,Orly International Airport,13:00,40.00,2019-03-09,
29,Dacia Duster,SUV,Paris,2019-03-14,Charles de Gaulle International Airport,13:00,46.00,2019-03-09,
30,Hyundai Ioniq,Sedan,Paris,2019-03-14,Charles de Gaulle International Airport,13:00,30.00,2019-03-09,
31,Kia Ceed,Hatchback,Paris,2019-03-14,Orly International Airport,13:00,32.00,2019-03-09,
32,Mazda CX-5,SUV,Paris,2019-03-14,Orly International Airport,13:00,45.00,2019-03-09,
33,Mitsubishi Outlander,SUV,Paris,2019-03-14,Orly International Airport,13:00,39.00,2019-03-09,
34,Peugeot 208,Hatchback,Paris,2019-03-14,Charles de Gaulle International Airport,13:00,25.00,2019-03-09,
35,SEAT Cordoba,Sedan,Paris,2019-03-14,Charles de Gaulle International Airport,13:00,34.00,2019-03-09,
36,SEAT Leon,Hatchback,Paris,2019-03-14,Orly International Airport,13:00,25.00,2019-03-09,
37,Fiat Panda,Hatchback,Rio de Janeiro,2019-03-06,Galeao International Airport,14:00,28.00,2019-03-03,
38,Kia Ceed,Hatchback,Rio de Janeiro,2019-03-06,Galeao International Airport,14:00,30.00,2019-03-03,
39,SEAT Leon,Hatchback,Rio de Janeiro,2019-03-06,Galeao International Airport,14:00,33.00,2019-03-03,
40,Vauxhaull Astra,Hatchback,Rio de Janeiro,2019-03-06,Galeao International Airport,14:00,33.00,2019-03-03,
41,Audi A8,Sedan,Los Angeles,2019-03-09,LAX International Airport,15:00,30.00,2019-03-06,
42,Buick Regal Sportback,Sedan,Los Angeles,2019-03-09,LAX International Airport,15:00,32.00,2019-03-06,
43,Dodge Charger,Sedan,Los Angeles,2019-03-09,Union Station,15:00,27.00,2019-03-06,
44,Fiat Panda,Hatchback,Los Angeles,2019-03-09,LAX International Airport,15:00,29.00,2019-03-06,
45,GMC Terrain,SUV,Los Angeles,2019-03-09,LAX International Airport,15:00,44.00,2019-03-06,
46,Hyundai Ioniq,Sedan,Los Angeles,2019-03-09,LAX International Airport,15:00,27.00,2019-03-06,
47,Kia Ceed,Hatchback,Los Angeles,2019-03-09,LAX International Airport,15:00,26.00,2019-03-06,
48,Lexus GS,Sedan,Los Angeles,2019-03-09,LAX International Airport,15:00,35.00,2019-03-06,
49,Mazda 3,Hatchback,Los Angeles,2019-03-09,LAX International Airport,15:00,26.00,2019-03-06,
50,Mitsubishi Outlander,SUV,Los Angeles,2019-03-09,Union Station,15:00,39.00,2019-03-06,
51,Audi A8,Sedan,Los Angeles,2019-03-07,Union Station,15:30,33.00,2019-03-01,
52,Buick Regal Sportback,Sedan,Los Angeles,2019-03-07,LAX International Airport,15:30,33.00,2019-03-01,
53,Fiat Panda,Hatchback,Los Angeles,2019-03-07,LAX International Airport,15:30,29.00,2019-03-01,
54,Kia Ceed,Hatchback,Los Angeles,2019-03-07,Union Station,15:30,22.00,2019-03-01,
55,Renault Clio,Hatchback,Los Angeles,2019-03-07,Union Station,15:30,23.00,2019-03-01,
56,SEAT Leon,Hatchback,Los Angeles,2019-03-07,LAX International Airport,15:30,29.00,2019-03-01,
57,Subaru Impreza,Sedan,Los Angeles,2019-03-07,Union Station,15:30,32.00,2019-03-01,
58,Alfa Romeo Stelvio,SUV,Las Vegas,2019-03-14,Union Plaza,16:30,38.00,2019-03-13,
59,Buick Regal Sportback,Sedan,Las Vegas,2019-03-14,McCarran International Airport,16:30,33.00,2019-03-13,
60,Dodge Charger,Sedan,Las Vegas,2019-03-14,McCarran International Airport,16:30,30.00,2019-03-13,
61,Fiat Panda,Hatchback,Las Vegas,2019-03-14,Union Plaza,16:30,27.00,2019-03-13,
62,Ford Focus,Hatchback,Las Vegas,2019-03-14,McCarran International Airport,16:30,31.00,2019-03-13,
63,Hyundai Ioniq,Sedan,Las Vegas,2019-03-14,McCarran International Airport,16:30,34.00,2019-03-13,
64,Jaguar F-Pace,SUV,Las Vegas,2019-03-14,McCarran International Airport,16:30,38.00,2019-03-13,
65,Mazda 3,Hatchback,Las Vegas,2019-03-14,McCarran International Airport,16:30,20.00,2019-03-13,
66,Renault Clio,Hatchback,Las Vegas,2019-03-14,Union Plaza,16:30,25.00,2019-03-13,
67,SEAT Cordoba,Sedan,Las Vegas,2019-03-14,McCarran International Airport,16:30,31.00,2019-03-13,
68,Audi A8,Sedan,Anaheim,2019-03-06,Anaheim Intermodal Center,14:00,32.00,2019-03-03,
69,Citroen C5,SUV,Anaheim,2019-03-06,John Wayne Airport,14:00,50.00,2019-03-03,
70,Dacia Duster,SUV,Anaheim,2019-03-06,John Wayne Airport,14:00,44.00,2019-03-03,
71,Dodge Charger,Sedan,Anaheim,2019-03-06,John Wayne Airport,14:00,26.00,2019-03-03,
72,Ford Focus,Hatchback,Anaheim,2019-03-06,Anaheim Intermodal Center,14:00,22.00,2019-03-03,
73,Kia Ceed,Hatchback,Anaheim,2019-03-06,John Wayne Airport,14:00,29.00,2019-03-03,
74,Lexus GS,Sedan,Anaheim,2019-03-06,John Wayne Airport,14:00,29.00,2019-03-03,
75,Mazda CX-5,SUV,Anaheim,2019-03-06,Anaheim Intermodal Center,14:00,51.00,2019-03-03,
76,Nissan Qashqai,Hatchback,Anaheim,2019-03-06,Anaheim Intermodal Center,14:00,22.00,2019-03-03,
77,Renault Clio,Hatchback,Anaheim,2019-03-06,John Wayne Airport,14:00,30.00,2019-03-03,
78,Alfa Romeo Stelvio,SUV,Las Vegas,2019-03-12,Union Plaza,17:00,43.00,2019-03-06,
79,Jaguar F-Pace,SUV,Las Vegas,2019-03-12,Union Plaza,17:00,36.00,2019-03-06,
80,Skoda Kodiaq,SUV,Las Vegas,2019-03-12,McCarran International Airport,17:00,38.00,2019-03-06,
81,Suzuki Grand Vitara,SUV,Las Vegas,2019-03-12,McCarran International Airport,17:00,44.00,2019-03-06,
82,Alfa Romeo Stelvio,SUV,Seattle,2019-03-13,King Street Station,14:00,36.00,2019-03-11,
83,Buick Regal Sportback,Sedan,Seattle,2019-03-13,Seattle-Tacoma International Airport,14:00,41.00,2019-03-11,
84,Citroen C5,SUV,Seattle,2019-03-13,Seattle-Tacoma International Airport,14:00,40.00,2019-03-11,
85,GMC Terrain,SUV,Seattle,2019-03-13,Seattle-Tacoma International Airport,14:00,43.00,2019-03-11,
86,Hyundai Ioniq,Sedan,Seattle,2019-03-13,Seattle-Tacoma International Airport,14:00,33.00,2019-03-11,
87,Jaguar F-Pace,SUV,Seattle,2019-03-13,Seattle-Tacoma International Airport,14:00,46.00,2019-03-11,
88,Kia Ceed,Hatchback,Seattle,2019-03-13,Seattle-Tacoma International Airport,14:00,24.00,2019-03-11,
89,Nissan Qashqai,Hatchback,Seattle,2019-03-13,Seattle-Tacoma International Airport,14:00,29.00,2019-03-11,
90,Peugeot 208,Hatchback,Seattle,2019-03-13,King Street Station,14:00,32.00,2019-03-11,
91,Renault Clio,Hatchback,Seattle,2019-03-13,Seattle-Tacoma International Airport,14:00,30.00,2019-03-11,
92,Alfa Romeo Stelvio,SUV,Portland,2019-03-09,Portland Bus Station,15:00,47.00,2019-03-05,
93,Dacia Duster,SUV,Portland,2019-03-09,Union Station,15:00,35.00,2019-03-05,
94,GMC Terrain,SUV,Portland,2019-03-09,PDX International Airport,15:00,45.00,2019-03-05,
95,Jaguar F-Pace,SUV,Portland,2019-03-09,PDX International Airport,15:00,44.00,2019-03-05,
96,Audi A8,Sedan,Anaheim,2019-03-13,Anaheim Intermodal Center,12:00,31.00,2019-03-11,
97,Citroen C5,SUV,Anaheim,2019-03-13,John Wayne Airport,12:00,45.00,2019-03-11,
98,Dacia Duster,SUV,Anaheim,2019-03-13,John Wayne Airport,12:00,37.00,2019-03-11,
99,Dodge Charger,Sedan,Anaheim,2019-03-13,John Wayne Airport,12:00,34.00,2019-03-11,
100,Ford Focus,Hatchback,Anaheim,2019-03-13,Anaheim Intermodal Center,12:00,25.00,2019-03-11,
101,Kia Ceed,Hatchback,Anaheim,2019-03-13,John Wayne Airport,12:00,29.00,2019-03-11,
102,Lexus GS,Sedan,Anaheim,2019-03-13,John Wayne Airport,12:00,38.00,2019-03-11,
103,Mazda CX-5,SUV,Anaheim,2019-03-13,Anaheim Intermodal Center,12:00,44.00,2019-03-11,
104,Nissan Qashqai,Hatchback,Anaheim,2019-03-13,Anaheim Intermodal Center,12:00,22.00,2019-03-11,
105,Renault Clio,Hatchback,Anaheim,2019-03-13,John Wayne Airport,12:00,25.00,2019-03-11,
106,Buick Regal Sportback,Sedan,Sacramento,2019-03-09,Sacramento Valley Station,14:00,29.00,2019-03-07,
107,Citroen C5,SUV,Sacramento,2019-03-09,SMF International Airport,14:00,45.00,2019-03-07,
108,Fiat Panda,Hatchback,Sacramento,2019-03-09,SMF International Airport,14:00,29.00,2019-03-07,
109,Hyundai Ioniq,Sedan,Sacramento,2019-03-09,Sacramento Valley Station,14:00,32.00,2019-03-07,
110,Jaguar F-Pace,SUV,Sacramento,2019-03-09,SMF International Airport,14:00,40.00,2019-03-07,
111,Kia Ceed,Hatchback,Sacramento,2019-03-09,Sacramento Valley Station,14:00,24.00,2019-03-07,
112,Nissan Qashqai,Hatchback,Sacramento,2019-03-09,Sacramento Valley Station,14:00,22.00,2019-03-07,
113,Renault Clio,Hatchback,Sacramento,2019-03-09,SMF International Airport,14:00,26.00,2019-03-07,
114,SEAT Leon,Hatchback,Sacramento,2019-03-09,Sacramento Valley Station,14:00,27.00,2019-03-07,
115,Skoda Octavia,Sedan,Sacramento,2019-03-09,SMF International Airport,14:00,36.00,2019-03-07,
116,Buick Regal Sportback,Sedan,Seattle,2019-03-09,Seattle-Tacoma International Airport,14:00,34.00,2019-03-06,
117,Hyundai Ioniq,Sedan,Seattle,2019-03-09,Seattle-Tacoma International Airport,14:00,32.00,2019-03-06,
118,Skoda Octavia,Sedan,Seattle,2019-03-09,King Street Station,14:00,30.00,2019-03-06,
119,Subaru Impreza,Sedan,Seattle,2019-03-09,King Street Station,14:00,36.00,2019-03-06,
120,Volvo S90,Sedan,Seattle,2019-03-09,King Street Station,14:00,33.00,2019-03-06,
121,Buick Regal Sportback,Sedan,Portland,2019-03-08,PDX International Airport,11:00,32.00,2019-03-05,
122,Dacia Duster,SUV,Portland,2019-03-08,Union Station,11:00,38.00,2019-03-05,
123,Dodge Charger,Sedan,Portland,2019-03-08,PDX International Airport,11:00,34.00,2019-03-05,
124,GMC Terrain,SUV,Portland,2019-03-08,PDX International Airport,11:00,42.00,2019-03-05,
125,Hyundai Ioniq,Sedan,Portland,2019-03-08,Union Station,11:00,29.00,2019-03-05,
126,Jaguar F-Pace,SUV,Portland,2019-03-08,PDX International Airport,11:00,44.00,2019-03-05,
127,Kia Ceed,Hatchback,Portland,2019-03-08,PDX International Airport,11:00,24.00,2019-03-05,
128,Nissan Qashqai,Hatchback,Portland,2019-03-08,PDX International Airport,11:00,31.00,2019-03-05,
129,Renault Clio,Hatchback,Portland,2019-03-08,Union Station,11:00,27.00,2019-03-05,
130,SEAT Cordoba,Sedan,Portland,2019-03-08,PDX International Airport,11:00,36.00,2019-03-05,
131,Alfa Romeo Stelvio,SUV,Chicago,2019-03-04,Chicago Union Station,19:00,35.00,2019-03-01,
132,Audi A8,Sedan,Chicago,2019-03-04,Chicago Union Station,19:00,31.00,2019-03-01,
133,Buick Regal Sportback,Sedan,Chicago,2019-03-04,O'Hare International Airport,19:00,36.00,2019-03-01,
134,Citroen C5,SUV,Chicago,2019-03-04,O'Hare International Airport,19:00,41.00,2019-03-01,
135,Dacia Duster,SUV,Chicago,2019-03-04,O'Hare International Airport,19:00,49.00,2019-03-01,
136,Dodge Charger,Sedan,Chicago,2019-03-04,Chicago Union Station,19:00,28.00,2019-03-01,
137,Fiat Panda,Hatchback,Chicago,2019-03-04,O'Hare International Airport,19:00,28.00,2019-03-01,
138,Ford Focus,Hatchback,Chicago,2019-03-04,Chicago Union Station,19:00,23.00,2019-03-01,
139,GMC Terrain,SUV,Chicago,2019-03-04,Chicago Union Station,19:00,42.00,2019-03-01,
140,Hyundai Ioniq,Sedan,Chicago,2019-03-04,O'Hare International Airport,19:00,36.00,2019-03-01,
141,Dodge Charger,Sedan,San Francisco,2019-03-08,Salesforce Transit Center,13:30,32.00,2019-03-04,
142,Fiat Panda,Hatchback,San Francisco,2019-03-08,SFO International Airport,13:30,28.00,2019-03-04,
143,Hyundai Ioniq,Sedan,San Francisco,2019-03-08,Salesforce Transit Center,13:30,31.00,2019-03-04,
144,Kia Ceed,Hatchback,San Francisco,2019-03-08,SFO International Airport,13:30,30.00,2019-03-04,
145,Mazda 3,Hatchback,San Francisco,2019-03-08,Salesforce Transit Center,13:30,27.00,2019-03-04,
146,Mitsubishi Outlander,SUV,San Francisco,2019-03-08,Salesforce Transit Center,13:30,46.00,2019-03-04,
147,Peugeot 208,Hatchback,San Francisco,2019-03-08,Salesforce Transit Center,13:30,26.00,2019-03-04,
148,Skoda Octavia,Sedan,San Francisco,2019-03-08,SFO International Airport,13:30,35.00,2019-03-04,
149,Subaru Impreza,Sedan,San Francisco,2019-03-08,SFO International Airport,13:30,40.00,2019-03-04,
150,Suzuki Grand Vitara,SUV,San Francisco,2019-03-08,SFO International Airport,13:30,36.00,2019-03-04,
151,Alfa Romeo Stelvio,SUV,Long Beach,2019-03-07,Downtown Station,11:00,38.00,2019-03-04,
152,Alfa Romeo Stelvio,SUV,Washington,2019-03-10,Dulles International Airport,12:30,49.00,2019-03-06,
153,Buick Regal Sportback,Sedan,Washington,2019-03-10,Union Station,12:30,33.00,2019-03-06,
154,Dodge Charger,Sedan,Washington,2019-03-10,Union Station,12:30,33.00,2019-03-06,
155,Hyundai Ioniq,Sedan,Washington,2019-03-10,Dulles International Airport,12:30,33.00,2019-03-06,
156,Kia Ceed,Hatchback,Washington,2019-03-10,Dulles International Airport,12:30,24.00,2019-03-06,
157,Mitsubishi Outlander,SUV,Washington,2019-03-10,Union Station,12:30,42.00,2019-03-06,
158,Nissan Qashqai,Hatchback,Washington,2019-03-10,Dulles International Airport,12:30,24.00,2019-03-06,
159,Renault Clio,Hatchback,Washington,2019-03-10,Union Station,12:30,20.00,2019-03-06,
160,SEAT Cordoba,Sedan,Washington,2019-03-10,Dulles International Airport,12:30,36.00,2019-03-06,
161,SEAT Leon,Hatchback,Washington,2019-03-10,Union Station,12:30,23.00,2019-03-06,
162,Dacia Duster,SUV,Fresno,2019-03-12,Fresno Yosemite International Airport,10:00,43.00,2019-03-11,
163,Dodge Charger,Sedan,Fresno,2019-03-12,Fresno Yosemite International Airport,10:00,35.00,2019-03-11,
164,Ford Focus,Hatchback,Fresno,2019-03-12,Fresno Yosemite International Airport,10:00,29.00,2019-03-11,
165,Peugeot 208,Hatchback,Fresno,2019-03-12,Fresno Yosemite International Airport,10:00,29.00,2019-03-11,
166,Renault Clio,Hatchback,Fresno,2019-03-12,Fresno Yosemite International Airport,10:00,23.00,2019-03-11,
167,SEAT Cordoba,Sedan,Fresno,2019-03-12,Fresno Yosemite International Airport,10:00,30.00,2019-03-11,
168,SEAT Leon,Hatchback,Fresno,2019-03-12,Fresno Yosemite International Airport,10:00,26.00,2019-03-11,
169,Volvo S90,Sedan,Fresno,2019-03-12,Fresno Yosemite International Airport,10:00,35.00,2019-03-11,
170,Audi A8,Sedan,Paris,2019-03-05,Charles de Gaulle International Airport,18:30,37.00,2019-03-03,
171,Citroen C5,SUV,Paris,2019-03-05,Orly International Airport,18:30,45.00,2019-03-03,
172,Dacia Duster,SUV,Paris,2019-03-05,Charles de Gaulle International Airport,18:30,49.00,2019-03-03,
173,Fiat Panda,Hatchback,Paris,2019-03-05,Orly International Airport,18:30,32.00,2019-03-03,
174,Hyundai Ioniq,Sedan,Paris,2019-03-05,Charles de Gaulle International Airport,18:30,33.00,2019-03-03,
175,Kia Ceed,Hatchback,Paris,2019-03-05,Orly International Airport,18:30,30.00,2019-03-03,
176,Mazda CX-5,SUV,Paris,2019-03-05,Orly International Airport,18:30,43.00,2019-03-03,
177,Mitsubishi Outlander,SUV,Paris,2019-03-05,Orly International Airport,18:30,51.00,2019-03-03,
178,Peugeot 208,Hatchback,Paris,2019-03-05,Charles de Gaulle International Airport,18:30,27.00,2019-03-03,
179,SEAT Cordoba,Sedan,Paris,2019-03-05,Charles de Gaulle International Airport,18:30,35.00,2019-03-03,
180,Mazda CX-5,SUV,,2019-03-05,Orly International Airport,18:30,43.00,2019-03-03,False
181,Buick Regal Sportback,Sedan,Philadelphia,2019-03-11,PHL International Airport,15:30,31.00,2019-03-10,
182,Citroen C5,SUV,Philadelphia,2019-03-11,PHL International Airport,15:30,42.00,2019-03-10,
183,Dodge Charger,Sedan,Philadelphia,2019-03-11,Intercity Terminal,15:30,29.00,2019-03-10,
184,Fiat Panda,Hatchback,Philadelphia,2019-03-11,Intercity Terminal,15:30,27.00,2019-03-10,
185,GMC Terrain,SUV,Philadelphia,2019-03-11,PHL International Airport,15:30,38.00,2019-03-10,
186,Hyundai Ioniq,Sedan,Philadelphia,2019-03-11,30th Street Station,15:30,28.00,2019-03-10,
187,Kia Ceed,Hatchback,Philadelphia,2019-03-11,PHL International Airport,15:30,31.00,2019-03-10,
188,Lexus GS,Sedan,Philadelphia,2019-03-11,30th Street Station,15:30,30.00,2019-03-10,
189,Mitsubishi Outlander,SUV,Philadelphia,2019-03-11,Intercity Terminal,15:30,37.00,2019-03-10,
190,Renault Clio,Hatchback,Philadelphia,2019-03-11,PHL International Airport,15:30,29.00,2019-03-10,
191,Skoda Octavia,Sedan,,2019-03-11,PHL International Airport,15:30,46.00,2019-03-10,True
192,Audi A8,Sedan,Anaheim,2019-03-14,Anaheim Intermodal Center,20:00,33.00,2019-03-13,
193,Dodge Charger,Sedan,Anaheim,2019-03-14,Anaheim Intermodal Center,20:00,37.00,2019-03-13,
194,Ford Focus,Hatchback,Anaheim,2019-03-14,Anaheim Intermodal Center,20:00,26.00,2019-03-13,
195,Mazda CX-5,SUV,Anaheim,2019-03-14,Anaheim Intermodal Center,20:00,38.00,2019-03-13,
196,Nissan Qashqai,Hatchback,Anaheim,2019-03-14,Anaheim Intermodal Center,20:00,21.00,2019-03-13,
197,SEAT Leon,Hatchback,Anaheim,2019-03-14,Anaheim Intermodal Center,20:00,23.00,2019-03-13,
198,Subaru Impreza,Sedan,Anaheim,2019-03-14,Anaheim Intermodal Center,20:00,25.00,2019-03-13,
199,Volvo S90,Sedan,Anaheim,2019-03-14,Anaheim Intermodal Center,20:00,30.00,2019-03-13,
200,Dodge Charger,Sedan,,2019-03-14,Anaheim Intermodal Center,20:00,37.00,2019-03-13,False
201,Kia Ceed,Hatchback,Rio de Janeiro,2019-03-11,Galeao International Airport,19:30,29.00,2019-03-04,
202,Kia Ceed,Hatchback,,2019-03-11,Galeao International Airport,19:30,29.00,2019-03-04,False
203,Alfa Romeo Stelvio,SUV,Las Vegas,2019-03-14,Union Plaza,14:00,44.00,2019-03-11,
204,Buick Regal Sportback,Sedan,Las Vegas,2019-03-14,McCarran International Airport,14:00,32.00,2019-03-11,
205,Dodge Charger,Sedan,Las Vegas,2019-03-14,McCarran International Airport,14:00,34.00,2019-03-11,
206,Fiat Panda,Hatchback,Las Vegas,2019-03-14,Union Plaza,14:00,30.00,2019-03-11,
207,Ford Focus,Hatchback,Las Vegas,2019-03-14,McCarran International Airport,14:00,24.00,2019-03-11,
208,Hyundai Ioniq,Sedan,Las Vegas,2019-03-14,McCarran International Airport,14:00,36.00,2019-03-11,
209,Jaguar F-Pace,SUV,Las Vegas,2019-03-14,McCarran International Airport,14:00,45.00,2019-03-11,
210,Mazda 3,Hatchback,Las Vegas,2019-03-14,McCarran International Airport,14:00,30.00,2019-03-11,
211,Renault Clio,Hatchback,Las Vegas,2019-03-14,Union Plaza,14:00,25.00,2019-03-11,
212,SEAT Cordoba,Sedan,Las Vegas,2019-03-14,McCarran International Airport,14:00,40.00,2019-03-11,
213,Alfa Romeo Stelvio,SUV,,2019-03-14,Union Plaza,14:00,58.00,2019-03-11,True
214,Alfa Romeo Stelvio,SUV,Washington,2019-03-06,Dulles International Airport,16:30,40.00,2019-03-02,
215,Buick Regal Sportback,Sedan,Washington,2019-03-06,Union Station,16:30,32.00,2019-03-02,
216,Dodge Charger,Sedan,Washington,2019-03-06,Union Station,16:30,34.00,2019-03-02,
217,Hyundai Ioniq,Sedan,Washington,2019-03-06,Dulles International Airport,16:30,39.00,2019-03-02,
218,Kia Ceed,Hatchback,Washington,2019-03-06,Dulles International Airport,16:30,27.00,2019-03-02,
219,Mitsubishi Outlander,SUV,Washington,2019-03-06,Union Station,16:30,38.00,2019-03-02,
220,Nissan Qashqai,Hatchback,Washington,2019-03-06,Dulles International Airport,16:30,31.00,2019-03-02,
221,Renault Clio,Hatchback,Washington,2019-03-06,Union Station,16:30,32.00,2019-03-02,
222,SEAT Cordoba,Sedan,Washington,2019-03-06,Dulles International Airport,16:30,30.00,2019-03-02,
223,SEAT Leon,Hatchback,Washington,2019-03-06,Union Station,16:30,26.00,2019-03-02,
224,Suzuki Grand Vitara,SUV,,2019-03-06,Dulles International Airport,16:30,45.00,2019-03-02,False
225,Audi A8,Sedan,New York,2019-03-08,JFK International Airport,18:30,34.00,2019-03-06,
226,Buick Regal Sportback,Sedan,New York,2019-03-08,Grand Central Station,18:30,28.00,2019-03-06,
227,Lexus GS,Sedan,New York,2019-03-08,Grand Central Station,18:30,31.00,2019-03-06,
228,Skoda Octavia,Sedan,New York,2019-03-08,Grand Central Station,18:30,35.00,2019-03-06,
229,Subaru Impreza,Sedan,New York,2019-03-08,Grand Central Station,18:30,30.00,2019-03-06,
230,Audi A8,Sedan,,2019-03-08,JFK International Airport,18:30,34.00,2019-03-06,False
231,Dodge Charger,Sedan,Sydney,2019-03-05,Kingsford Smith International Airport,17:00,37.00,2019-03-04,
232,Ford Focus,Hatchback,Sydney,2019-03-05,Kingsford Smith International Airport,17:00,28.00,2019-03-04,
233,Kia Ceed,Hatchback,Sydney,2019-03-05,Kingsford Smith International Airport,17:00,30.00,2019-03-04,
234,Mazda CX-5,SUV,Sydney,2019-03-05,Kingsford Smith International Airport,17:00,40.00,2019-03-04,
235,Nissan Qashqai,Hatchback,Sydney,2019-03-05,Kingsford Smith International Airport,17:00,28.00,2019-03-04,
236,Skoda Octavia,Sedan,Sydney,2019-03-05,Kingsford Smith International Airport,17:00,31.00,2019-03-04,
237,Kia Ceed,Hatchback,,2019-03-05,Kingsford Smith International Airport,17:00,30.00,2019-03-04,False
238,Fiat Panda,Hatchback,Fresno,2019-03-06,Fresno Station,15:30,27.00,2019-03-02,
239,Ford Focus,Hatchback,Fresno,2019-03-06,Fresno Yosemite International Airport,15:30,22.00,2019-03-02,
240,Nissan Qashqai,Hatchback,Fresno,2019-03-06,Fresno Station,15:30,24.00,2019-03-02,
241,Peugeot 208,Hatchback,Fresno,2019-03-06,Fresno Yosemite International Airport,15:30,24.00,2019-03-02,
242,Renault Clio,Hatchback,Fresno,2019-03-06,Fresno Yosemite International Airport,15:30,26.00,2019-03-02,
243,SEAT Leon,Hatchback,Fresno,2019-03-06,Fresno Yosemite International Airport,15:30,27.00,2019-03-02,
244,Nissan Qashqai,Hatchback,,2019-03-06,Fresno Station,15:30,24.00,2019-03-02,False
245,Skoda Kodiaq,SUV,Warsaw,2019-03-12,Warsaw Chopin Airport,16:30,48.00,2019-03-07,
246,Skoda Kodiaq,SUV,,2019-03-12,Warsaw Chopin Airport,16:30,48.00,2019-03-07,False
247,Citroen C5,SUV,Philadelphia,2019-03-14,PHL International Airport,15:00,40.00,2019-03-08,
248,Dodge Charger,Sedan,Philadelphia,2019-03-14,Intercity Terminal,15:00,30.00,2019-03-08,
249,Kia Ceed,Hatchback,Philadelphia,2019-03-14,30th Street Station,15:00,23.00,2019-03-08,
250,Lexus GS,Sedan,Philadelphia,2019-03-14,Intercity Terminal,15:00,30.00,2019-03-08,
251,Mitsubishi Outlander,SUV,Philadelphia,2019-03-14,Intercity Terminal,15:00,37.00,2019-03-08,
252,Skoda Kodiaq,SUV,Philadelphia,2019-03-14,PHL International Airport,15:00,37.00,2019-03-08,
253,Skoda Octavia,Sedan,Philadelphia,2019-03-14,Intercity Terminal,15:00,29.00,2019-03-08,
254,Vauxhaull Astra,Hatchback,Philadelphia,2019-03-14,Intercity Terminal,15:00,23.00,2019-03-08,
255,Volvo S90,Sedan,Philadelphia,2019-03-14,PHL International Airport,15:00,37.00,2019-03-08,
256,Skoda Octavia,Sedan,,2019-03-14,Intercity Terminal,15:00,29.00,2019-03-08,False
257,Audi A8,Sedan,Los Angeles,2019-03-14,LAX International Airport,14:00,33.00,2019-03-13,
258,Buick Regal Sportback,Sedan,Los Angeles,2019-03-14,LAX International Airport,14:00,34.00,2019-03-13,
259,Dodge Charger,Sedan,Los Angeles,2019-03-14,Union Station,14:00,30.00,2019-03-13,
260,Fiat Panda,Hatchback,Los Angeles,2019-03-14,LAX International Airport,14:00,29.00,2019-03-13,
261,GMC Terrain,SUV,Los Angeles,2019-03-14,LAX International Airport,14:00,45.00,2019-03-13,
262,Hyundai Ioniq,Sedan,Los Angeles,2019-03-14,LAX International Airport,14:00,38.00,2019-03-13,
263,Kia Ceed,Hatchback,Los Angeles,2019-03-14,LAX International Airport,14:00,31.00,2019-03-13,
264,Lexus GS,Sedan,Los Angeles,2019-03-14,LAX International Airport,14:00,28.00,2019-03-13,
265,Mazda 3,Hatchback,Los Angeles,2019-03-14,LAX International Airport,14:00,27.00,2019-03-13,
266,Mitsubishi Outlander,SUV,Los Angeles,2019-03-14,Union Station,14:00,42.00,2019-03-13,
267,Hyundai Ioniq,Sedan,,2019-03-14,LAX International Airport,14:00,38.00,2019-03-13,False
268,Audi A8,Sedan,Toronto,2019-03-06,Toronto Pearson International Airport,14:00,34.00,2019-03-02,
269,Buick Regal Sportback,Sedan,Toronto,2019-03-06,Toronto Pearson International Airport,14:00,30.00,2019-03-02,
270,Mazda CX-5,SUV,Toronto,2019-03-06,Toronto Pearson International Airport,14:00,48.00,2019-03-02,
271,Mitsubishi Outlander,SUV,Toronto,2019-03-06,Toronto Pearson International Airport,14:00,42.00,2019-03-02,
272,Nissan Qashqai,Hatchback,Toronto,2019-03-06,Toronto Pearson International Airport,14:00,28.00,2019-03-02,
273,Renault Clio,Hatchback,Toronto,2019-03-06,Toronto Pearson International Airport,14:00,26.00,2019-03-02,
274,Subaru Impreza,Sedan,Toronto,2019-03-06,Toronto Pearson International Airport,14:00,36.00,2019-03-02,
275,Vauxhaull Astra,Hatchback,Toronto,2019-03-06,Toronto Pearson International Airport,14:00,31.00,2019-03-02,
276,Nissan Qashqai,Hatchback,Toronto,2019-03-06,Toronto Pearson International Airport,14:00,27.00,2019-03-01,
277,Renault Clio,Hatchback,Toronto,2019-03-06,Toronto Pearson International Airport,14:00,29.00,2019-03-01,
278,Vauxhaull Astra,Hatchback,Toronto,2019-03-06,Toronto Pearson International Airport,14:00,28.00,2019-03-01,
279,Renault Clio,Hatchback,,2019-03-06,Toronto Pearson International Airport,14:00,47.00,2019-03-01,True
280,SEAT Cordoba,Sedan,Cape Town,2019-03-14,Cape Town International Airport,18:30,31.00,2019-03-10,
281,Skoda Octavia,Sedan,Cape Town,2019-03-14,Cape Town International Airport,18:30,38.00,2019-03-10,
282,SEAT Cordoba,Sedan,,2019-03-14,Cape Town International Airport,18:30,31.00,2019-03-10,False
283,Nissan Qashqai,Hatchback,San Diego,2019-03-12,Santa Fe Depot,19:30,23.00,2019-03-09,
284,Peugeot 208,Hatchback,San Diego,2019-03-12,SAN International Airport,19:30,28.00,2019-03-09,
285,Renault Clio,Hatchback,San Diego,2019-03-12,Santa Fe Depot,19:30,23.00,2019-03-09,
286,SEAT Leon,Hatchback,San Diego,2019-03-12,SAN International Airport,19:30,29.00,2019-03-09,
287,Nissan Qashqai,Hatchback,,2019-03-12,Santa Fe Depot,19:30,37.00,2019-03-09,True
288,Buick Regal Sportback,Sedan,Philadelphia,2019-03-03,PHL International Airport,14:00,34.00,2019-03-01,
289,Citroen C5,SUV,Philadelphia,2019-03-03,PHL International Airport,14:00,46.00,2019-03-01,
290,Dodge Charger,Sedan,Philadelphia,2019-03-03,Intercity Terminal,14:00,30.00,2019-03-01,
291,Fiat Panda,Hatchback,Philadelphia,2019-03-03,Intercity Terminal,14:00,30.00,2019-03-01,
292,GMC Terrain,SUV,Philadelphia,2019-03-03,PHL International Airport,14:00,45.00,2019-03-01,
293,Hyundai Ioniq,Sedan,Philadelphia,2019-03-03,30th Street Station,14:00,31.00,2019-03-01,
294,Kia Ceed,Hatchback,Philadelphia,2019-03-03,PHL International Airport,14:00,26.00,2019-03-01,
295,Lexus GS,Sedan,Philadelphia,2019-03-03,30th Street Station,14:00,27.00,2019-03-01,
296,Mitsubishi Outlander,SUV,Philadelphia,2019-03-03,Intercity Terminal,14:00,38.00,2019-03-01,
297,Renault Clio,Hatchback,Philadelphia,2019-03-03,PHL International Airport,14:00,29.00,2019-03-01,
298,Skoda Octavia,Sedan,,2019-03-03,PHL International Airport,14:00,34.00,2019-03-01,False
299,Alfa Romeo Stelvio,SUV,Las Vegas,2019-03-13,Union Plaza,16:30,44.00,2019-03-06,
300,Buick Regal Sportback,Sedan,Las Vegas,2019-03-13,McCarran International Airport,16:30,29.00,2019-03-06,
301,Dodge Charger,Sedan,Las Vegas,2019-03-13,Union Plaza,16:30,34.00,2019-03-06,
302,Fiat Panda,Hatchback,Las Vegas,2019-03-13,Union Plaza,16:30,25.00,2019-03-06,
303,SEAT Cordoba,Sedan,Las Vegas,2019-03-13,Union Plaza,16:30,29.00,2019-03-06,
304,Skoda Kodiaq,SUV,Las Vegas,2019-03-13,McCarran International Airport,16:30,42.00,2019-03-06,
305,Alfa Romeo Stelvio,SUV,,2019-03-13,Union Plaza,16:30,66.00,2019-03-06,True
306,Alfa Romeo Stelvio,SUV,Las Vegas,2019-03-03,Union Plaza,14:00,41.00,2019-03-02,
307,Buick Regal Sportback,Sedan,Las Vegas,2019-03-03,McCarran International Airport,14:00,35.00,2019-03-02,
308,Dodge Charger,Sedan,Las Vegas,2019-03-03,McCarran International Airport,14:00,33.00,2019-03-02,
309,Fiat Panda,Hatchback,Las Vegas,2019-03-03,Union Plaza,14:00,24.00,2019-03-02,
310,Ford Focus,Hatchback,Las Vegas,2019-03-03,McCarran International Airport,14:00,27.00,2019-03-02,
311,Hyundai Ioniq,Sedan,Las Vegas,2019-03-03,McCarran International Airport,14:00,33.00,2019-03-02,
312,Jaguar F-Pace,SUV,Las Vegas,2019-03-03,McCarran International Airport,14:00,42.00,2019-03-02,
313,Mazda 3,Hatchback,Las Vegas,2019-03-03,McCarran International Airport,14:00,26.00,2019-03-02,
314,Renault Clio,Hatchback,Las Vegas,2019-03-03,Union Plaza,14:00,24.00,2019-03-02,
315,SEAT Cordoba,Sedan,Las Vegas,2019-03-03,McCarran International Airport,14:00,37.00,2019-03-02,
316,Skoda Kodiaq,SUV,Las Vegas,2019-03-03,McCarran International Airport,14:00,41.00,2019-03-02,
317,Suzuki Grand Vitara,SUV,Las Vegas,2019-03-03,McCarran International Airport,14:00,48.00,2019-03-02,
318,Jaguar F-Pace,SUV,,2019-03-03,McCarran International Airport,14:00,42.00,2019-03-02,False
319,Audi A8,Sedan,New York,2019-03-14,JFK International Airport,19:30,29.00,2019-03-11,
320,Citroen C5,SUV,New York,2019-03-14,JFK International Airport,19:30,42.00,2019-03-11,
321,Ford Focus,Hatchback,New York,2019-03-14,JFK International Airport,19:30,25.00,2019-03-11,
322,Lexus GS,Sedan,New York,2019-03-14,JFK International Airport,19:30,38.00,2019-03-11,
323,Nissan Qashqai,Hatchback,New York,2019-03-14,JFK International Airport,19:30,26.00,2019-03-11,
324,SEAT Leon,Hatchback,New York,2019-03-14,JFK International Airport,19:30,27.00,2019-03-11,
325,Audi A8,Sedan,,2019-03-14,JFK International Airport,19:30,43.00,2019-03-11,True
326,Alfa Romeo Stelvio,SUV,Washington,2019-03-08,Dulles International Airport,13:30,44.00,2019-03-05,
327,Buick Regal Sportback,Sedan,Washington,2019-03-08,Union Station,13:30,30.00,2019-03-05,
328,Dodge Charger,Sedan,Washington,2019-03-08,Union Station,13:30,32.00,2019-03-05,
329,Hyundai Ioniq,Sedan,Washington,2019-03-08,Dulles International Airport,13:30,30.00,2019-03-05,
330,Kia Ceed,Hatchback,Washington,2019-03-08,Dulles International Airport,13:30,28.00,2019-03-05,
331,Mitsubishi Outlander,SUV,Washington,2019-03-08,Union Station,13:30,39.00,2019-03-05,
332,Nissan Qashqai,Hatchback,Washington,2019-03-08,Dulles International Airport,13:30,29.00,2019-03-05,
333,Renault Clio,Hatchback,Washington,2019-03-08,Union Station,13:30,25.00,2019-03-05,
334,SEAT Cordoba,Sedan,Washington,2019-03-08,Dulles International Airport,13:30,31.00,2019-03-05,
335,SEAT Leon,Hatchback,Washington,2019-03-08,Union Station,13:30,28.00,2019-03-05,
336,Suzuki Grand Vitara,SUV,,2019-03-08,Dulles International Airport,13:30,57.00,2019-03-05,True
337,Mazda 3,Hatchback,Warsaw,2019-03-13,Warsaw Chopin Airport,13:30,31.00,2019-03-07,
338,Nissan Qashqai,Hatchback,Warsaw,2019-03-13,Warsaw Chopin Airport,13:30,30.00,2019-03-07,
339,Vauxhaull Astra,Hatchback,Warsaw,2019-03-13,Warsaw Chopin Airport,13:30,31.00,2019-03-07,
340,Nissan Qashqai,Hatchback,,2019-03-13,Warsaw Chopin Airport,13:30,50.00,2019-03-07,True
341,Kia Ceed,Hatchback,Philadelphia,2019-03-04,PHL International Airport,18:00,24.00,2019-03-01,
342,Renault Clio,Hatchback,Philadelphia,2019-03-04,PHL International Airport,18:00,31.00,2019-03-01,
343,SEAT Leon,Hatchback,Philadelphia,2019-03-04,30th Street Station,18:00,24.00,2019-03-01,
344,Kia Ceed,Hatchback,,2019-03-04,PHL International Airport,18:00,38.00,2019-03-01,True
345,Mazda 3,Hatchback,Atlanta,2019-03-10,Peachtree Station,15:00,22.00,2019-03-04,
346,Peugeot 208,Hatchback,Atlanta,2019-03-10,Hartsfield-Jackson International Airport,15:00,28.00,2019-03-04,
347,SEAT Leon,Hatchback,Atlanta,2019-03-10,Hartsfield-Jackson International Airport,15:00,30.00,2019-03-04,
348,Vauxhaull Astra,Hatchback,Atlanta,2019-03-10,Hartsfield-Jackson International Airport,15:00,30.00,2019-03-04,
349,Mazda 3,Hatchback,,2019-03-10,Peachtree Station,15:00,42.00,2019-03-04,True
350,Alfa Romeo Stelvio,SUV,Washington,2019-03-07,Dulles International Airport,17:00,46.00,2019-03-03,
351,Buick Regal Sportback,Sedan,Washington,2019-03-07,Union Station,17:00,28.00,2019-03-03,
352,Dodge Charger,Sedan,Washington,2019-03-07,Union Station,17:00,29.00,2019-03-03,
353,Hyundai Ioniq,Sedan,Washington,2019-03-07,Dulles International Airport,17:00,35.00,2019-03-03,
354,Kia Ceed,Hatchback,Washington,2019-03-07,Dulles International Airport,17:00,28.00,2019-03-03,
355,Mitsubishi Outlander,SUV,Washington,2019-03-07,Union Station,17:00,40.00,2019-03-03,
356,Nissan Qashqai,Hatchback,Washington,2019-03-07,Dulles International Airport,17:00,26.00,2019-03-03,
357,Renault Clio,Hatchback,Washington,2019-03-07,Union Station,17:00,21.00,2019-03-03,
358,SEAT Cordoba,Sedan,Washington,2019-03-07,Dulles International Airport,17:00,36.00,2019-03-03,
359,SEAT Leon,Hatchback,Washington,2019-03-07,Union Station,17:00,28.00,2019-03-03,
360,Alfa Romeo Stelvio,SUV,Washington,2019-03-04,Dulles International Airport,17:00,42.00,2019-03-03,
361,Buick Regal Sportback,Sedan,Washington,2019-03-04,Union Station,17:00,29.00,2019-03-03,
362,Dodge Charger,Sedan,Washington,2019-03-04,Union Station,17:00,29.00,2019-03-03,
363,Hyundai Ioniq,Sedan,Washington,2019-03-04,Dulles International Airport,17:00,36.00,2019-03-03,
364,Kia Ceed,Hatchback,Washington,2019-03-04,Dulles International Airport,17:00,28.00,2019-03-03,
365,Mitsubishi Outlander,SUV,Washington,2019-03-04,Union Station,17:00,43.00,2019-03-03,
366,Nissan Qashqai,Hatchback,Washington,2019-03-04,Dulles International Airport,17:00,29.00,2019-03-03,
367,Renault Clio,Hatchback,Washington,2019-03-04,Union Station,17:00,24.00,2019-03-03,
368,SEAT Cordoba,Sedan,Washington,2019-03-04,Dulles International Airport,17:00,29.00,2019-03-03,
369,SEAT Leon,Hatchback,Washington,2019-03-04,Union Station,17:00,24.00,2019-03-03,
370,Dodge Charger,Sedan,,2019-03-04,Union Station,17:00,33.00,2019-03-03,False
371,Audi A8,Sedan,Anaheim,2019-03-10,Anaheim Intermodal Center,17:00,28.00,2019-03-06,
372,Citroen C5,SUV,Anaheim,2019-03-10,John Wayne Airport,17:00,39.00,2019-03-06,
373,Dacia Duster,SUV,Anaheim,2019-03-10,John Wayne Airport,17:00,38.00,2019-03-06,
374,Dodge Charger,Sedan,Anaheim,2019-03-10,John Wayne Airport,17:00,34.00,2019-03-06,
375,Ford Focus,Hatchback,Anaheim,2019-03-10,Anaheim Intermodal Center,17:00,25.00,2019-03-06,
376,Kia Ceed,Hatchback,Anaheim,2019-03-10,John Wayne Airport,17:00,27.00,2019-03-06,
377,Lexus GS,Sedan,Anaheim,2019-03-10,John Wayne Airport,17:00,36.00,2019-03-06,
378,Mazda CX-5,SUV,Anaheim,2019-03-10,Anaheim Intermodal Center,17:00,39.00,2019-03-06,
379,Nissan Qashqai,Hatchback,Anaheim,2019-03-10,Anaheim Intermodal Center,17:00,25.00,2019-03-06,
380,Renault Clio,Hatchback,Anaheim,2019-03-10,John Wayne Airport,17:00,27.00,2019-03-06,
381,Dodge Charger,Sedan,,2019-03-10,Anaheim Intermodal Center,17:00,46.00,2019-03-06,True
382,Fiat Panda,Hatchback,Sacramento,2019-03-14,SMF International Airport,12:00,32.00,2019-03-13,
383,Kia Ceed,Hatchback,Sacramento,2019-03-14,Sacramento Valley Station,12:00,26.00,2019-03-13,
384,Nissan Qashqai,Hatchback,Sacramento,2019-03-14,Sacramento Valley Station,12:00,24.00,2019-03-13,
385,Renault Clio,Hatchback,Sacramento,2019-03-14,SMF International Airport,12:00,25.00,2019-03-13,
386,SEAT Leon,Hatchback,Sacramento,2019-03-14,Sacramento Valley Station,12:00,29.00,2019-03-13,
387,Vauxhaull Astra,Hatchback,Sacramento,2019-03-14,SMF International Airport,12:00,28.00,2019-03-13,
388,Fiat Panda,Hatchback,,2019-03-14,SMF International Airport,12:00,32.00,2019-03-13,False
389,Buick Regal Sportback,Sedan,Warsaw,2019-03-11,Warsaw Chopin Airport,12:00,33.00,2019-03-10,
390,Mazda 3,Hatchback,Warsaw,2019-03-11,Warsaw Chopin Airport,12:00,29.00,2019-03-10,
391,Nissan Qashqai,Hatchback,Warsaw,2019-03-11,Warsaw Chopin Airport,12:00,29.00,2019-03-10,
392,SEAT Cordoba,Sedan,Warsaw,2019-03-11,Warsaw Chopin Airport,12:00,31.00,2019-03-10,
393,Skoda Kodiaq,SUV,Warsaw,2019-03-11,Warsaw Chopin Airport,12:00,46.00,2019-03-10,
394,Vauxhaull Astra,Hatchback,Warsaw,2019-03-11,Warsaw Chopin Airport,12:00,27.00,2019-03-10,
395,Volvo S90,Sedan,Warsaw,2019-03-11,Warsaw Chopin Airport,12:00,40.00,2019-03-10,
396,Nissan Qashqai,Hatchback,,2019-03-11,Warsaw Chopin Airport,12:00,29.00,2019-03-10,False
397,Buick Regal Sportback,Sedan,Warsaw,2019-03-04,Warsaw Chopin Airport,14:00,34.00,2019-03-03,
398,Mazda 3,Hatchback,Warsaw,2019-03-04,Warsaw Chopin Airport,14:00,32.00,2019-03-03,
399,Nissan Qashqai,Hatchback,Warsaw,2019-03-04,Warsaw Chopin Airport,14:00,27.00,2019-03-03,
400,SEAT Cordoba,Sedan,Warsaw,2019-03-04,Warsaw Chopin Airport,14:00,33.00,2019-03-03,
401,Skoda Kodiaq,SUV,Warsaw,2019-03-04,Warsaw Chopin Airport,14:00,41.00,2019-03-03,
402,Vauxhaull Astra,Hatchback,Warsaw,2019-03-04,Warsaw Chopin Airport,14:00,24.00,2019-03-03,
403,Volvo S90,Sedan,Warsaw,2019-03-04,Warsaw Chopin Airport,14:00,30.00,2019-03-03,
404,Buick Regal Sportback,Sedan,,2019-03-04,Warsaw Chopin Airport,14:00,34.00,2019-03-03,False
405,Audi A8,Sedan,Mexico City,2019-03-06,Benito Juarez International Airport,18:30,21.00,2019-03-03,
406,Dodge Charger,Sedan,Mexico City,2019-03-06,Benito Juarez International Airport,18:30,27.00,2019-03-03,
407,Jaguar F-Pace,SUV,Mexico City,2019-03-06,Benito Juarez International Airport,18:30,35.00,2019-03-03,
408,Kia Ceed,Hatchback,Mexico City,2019-03-06,Benito Juarez International Airport,18:30,21.00,2019-03-03,
409,Mazda 3,Hatchback,Mexico City,2019-03-06,Benito Juarez International Airport,18:30,16.00,2019-03-03,
410,SEAT Leon,Hatchback,Mexico City,2019-03-06,Benito Juarez International Airport,18:30,17.00,2019-03-03,
411,Subaru Impreza,Sedan,Mexico City,2019-03-06,Benito Juarez International Airport,18:30,24.00,2019-03-03,
412,Vauxhaull Astra,Hatchback,Mexico City,2019-03-06,Benito Juarez International Airport,18:30,19.00,2019-03-03,
413,Audi A8,Sedan,Mexico City,2019-03-04,Benito Juarez International Airport,18:30,23.00,2019-03-03,
414,Dodge Charger,Sedan,Mexico City,2019-03-04,Benito Juarez International Airport,18:30,25.00,2019-03-03,
415,Jaguar F-Pace,SUV,Mexico City,2019-03-04,Benito Juarez International Airport,18:30,32.00,2019-03-03,
416,Kia Ceed,Hatchback,Mexico City,2019-03-04,Benito Juarez International Airport,18:30,16.00,2019-03-03,
417,Mazda 3,Hatchback,Mexico City,2019-03-04,Benito Juarez International Airport,18:30,17.00,2019-03-03,
418,SEAT Leon,Hatchback,Mexico City,2019-03-04,Benito Juarez International Airport,18:30,18.00,2019-03-03,
419,Subaru Impreza,Sedan,Mexico City,2019-03-04,Benito Juarez International Airport,18:30,23.00,2019-03-03,
420,Subaru Impreza,Sedan,,2019-03-04,Benito Juarez International Airport,18:30,23.00,2019-03-03,False
421,Kia Ceed,Hatchback,Paris,2019-03-09,Orly International Airport,10:30,31.00,2019-03-02,
422,Mazda CX-5,SUV,Paris,2019-03-09,Orly International Airport,10:30,45.00,2019-03-02,
423,Mazda CX-5,SUV,,2019-03-09,Orly International Airport,10:30,67.00,2019-03-02,True
424,Audi A8,Sedan,Toronto,2019-03-04,Toronto Pearson International Airport,20:00,29.00,2019-03-02,
425,Buick Regal Sportback,Sedan,Toronto,2019-03-04,Toronto Pearson International Airport,20:00,27.00,2019-03-02,
426,Mazda CX-5,SUV,Toronto,2019-03-04,Toronto Pearson International Airport,20:00,42.00,2019-03-02,
427,Mitsubishi Outlander,SUV,Toronto,2019-03-04,Toronto Pearson International Airport,20:00,48.00,2019-03-02,
428,Nissan Qashqai,Hatchback,Toronto,2019-03-04,Toronto Pearson International Airport,20:00,29.00,2019-03-02,
429,Renault Clio,Hatchback,Toronto,2019-03-04,Toronto Pearson International Airport,20:00,30.00,2019-03-02,
430,Subaru Impreza,Sedan,Toronto,2019-03-04,Toronto Pearson International Airport,20:00,35.00,2019-03-02,
431,Vauxhaull Astra,Hatchback,Toronto,2019-03-04,Toronto Pearson International Airport,20:00,27.00,2019-03-02,
432,Alfa Romeo Stelvio,SUV,San Diego,2019-03-04,Santa Fe Depot,15:30,42.00,2019-03-02,
433,Audi A8,Sedan,San Diego,2019-03-04,SAN International Airport,15:30,34.00,2019-03-02,
434,Buick Regal Sportback,Sedan,San Diego,2019-03-04,SAN International Airport,15:30,34.00,2019-03-02,
435,Jaguar F-Pace,SUV,San Diego,2019-03-04,SAN International Airport,15:30,45.00,2019-03-02,
436,Mazda CX-5,SUV,San Diego,2019-03-04,Santa Fe Depot,15:30,44.00,2019-03-02,
437,Mitsubishi Outlander,SUV,San Diego,2019-03-04,Santa Fe Depot,15:30,40.00,2019-03-02,
438,Nissan Qashqai,Hatchback,San Diego,2019-03-04,Santa Fe Depot,15:30,29.00,2019-03-02,
439,Peugeot 208,Hatchback,San Diego,2019-03-04,SAN International Airport,15:30,27.00,2019-03-02,
440,Renault Clio,Hatchback,San Diego,2019-03-04,Santa Fe Depot,15:30,26.00,2019-03-02,
441,Alfa Romeo Stelvio,SUV,San Diego,2019-03-02,Santa Fe Depot,15:30,32.00,2019-03-01,
442,Audi A8,Sedan,San Diego,2019-03-02,SAN International Airport,15:30,39.00,2019-03-01,
443,Buick Regal Sportback,Sedan,San Diego,2019-03-02,SAN International Airport,15:30,35.00,2019-03-01,
444,Jaguar F-Pace,SUV,San Diego,2019-03-02,SAN International Airport,15:30,50.00,2019-03-01,
445,Mazda CX-5,SUV,San Diego,2019-03-02,Santa Fe Depot,15:30,44.00,2019-03-01,
446,Mitsubishi Outlander,SUV,San Diego,2019-03-02,Santa Fe Depot,15:30,34.00,2019-03-01,
447,Nissan Qashqai,Hatchback,San Diego,2019-03-02,Santa Fe Depot,15:30,27.00,2019-03-01,
448,Peugeot 208,Hatchback,San Diego,2019-03-02,SAN International Airport,15:30,26.00,2019-03-01,
449,Renault Clio,Hatchback,San Diego,2019-03-02,Santa Fe Depot,15:30,25.00,2019-03-01,
450,SEAT Leon,Hatchback,San Diego,2019-03-02,SAN International Airport,15:30,29.00,2019-03-01,
451,Audi A8,Sedan,,2019-03-02,SAN International Airport,15:30,49.00,2019-03-01,True
452,Alfa Romeo Stelvio,SUV,Long Beach,2019-03-12,Downtown Station,12:30,36.00,2019-03-08,
453,Lexus GS,Sedan,Long Beach,2019-03-12,Downtown Station,12:30,28.00,2019-03-08,
454,Mazda 3,Hatchback,Long Beach,2019-03-12,Downtown Station,12:30,24.00,2019-03-08,
455,SEAT Cordoba,Sedan,Long Beach,2019-03-12,Downtown Station,12:30,33.00,2019-03-08,
456,Skoda Octavia,Sedan,Long Beach,2019-03-12,Downtown Station,12:30,27.00,2019-03-08,
457,Audi A8,Sedan,Long Beach,2019-03-12,LGB Airport,13:00,32.00,2019-03-08,
458,Dodge Charger,Sedan,Long Beach,2019-03-12,LGB Airport,13:00,32.00,2019-03-08,
459,Nissan Qashqai,Hatchback,Long Beach,2019-03-12,LGB Airport,13:00,32.00,2019-03-08,
460,Peugeot 208,Hatchback,Long Beach,2019-03-12,LGB Airport,13:00,33.00,2019-03-08,
461,Renault Clio,Hatchback,Long Beach,2019-03-12,LGB Airport,13:00,28.00,2019-03-08,
462,Alfa Romeo Stelvio,SUV,,2019-03-12,Downtown Station,12:30,36.00,2019-03-08,False
463,Buick Regal Sportback,Sedan,Phoenix,2019-03-06,Phoenix Union Station,18:00,25.00,2019-03-04,
464,Hyundai Ioniq,Sedan,Phoenix,2019-03-06,Sky Harbor International Airport,18:00,32.00,2019-03-04,
465,Lexus GS,Sedan,Phoenix,2019-03-06,Sky Harbor International Airport,18:00,41.00,2019-03-04,
466,Skoda Octavia,Sedan,Phoenix,2019-03-06,Sky Harbor International Airport,18:00,34.00,2019-03-04,
467,Subaru Impreza,Sedan,Phoenix,2019-03-06,Sky Harbor International Airport,18:00,31.00,2019-03-04,
468,Subaru Impreza,Sedan,,2019-03-06,Phoenix Union Station,18:00,29.00,2019-03-04,False
469,Buick Regal Sportback,Sedan,Delhi,2019-03-12,Indira Gandhi International Airport,13:30,31.00,2019-03-11,
470,Citroen C5,SUV,Delhi,2019-03-12,Indira Gandhi International Airport,13:30,49.00,2019-03-11,
471,Lexus GS,Sedan,Delhi,2019-03-12,Indira Gandhi International Airport,13:30,34.00,2019-03-11,
472,Peugeot 208,Hatchback,Delhi,2019-03-12,Indira Gandhi International Airport,13:30,29.00,2019-03-11,
473,Renault Clio,Hatchback,Delhi,2019-03-12,Indira Gandhi International Airport,13:30,26.00,2019-03-11,
474,Skoda Kodiaq,SUV,Delhi,2019-03-12,Indira Gandhi International Airport,13:30,42.00,2019-03-11,
475,Suzuki Grand Vitara,SUV,Delhi,2019-03-12,Indira Gandhi International Airport,13:30,46.00,2019-03-11,
476,Volvo S90,Sedan,Delhi,2019-03-12,Indira Gandhi International Airport,13:30,42.00,2019-03-11,
477,Lexus GS,Sedan,,2019-03-12,Indira Gandhi International Airport,13:30,34.00,2019-03-11,False
478,Dodge Charger,Sedan,San Francisco,2019-03-06,Salesforce Transit Center,15:30,33.00,2019-03-05,
479,Hyundai Ioniq,Sedan,San Francisco,2019-03-06,Salesforce Transit Center,15:30,36.00,2019-03-05,
480,Skoda Octavia,Sedan,San Francisco,2019-03-06,SFO International Airport,15:30,28.00,2019-03-05,
481,Subaru Impreza,Sedan,San Francisco,2019-03-06,SFO International Airport,15:30,29.00,2019-03-05,
482,Hyundai Ioniq,Sedan,,2019-03-06,Salesforce Transit Center,15:30,46.00,2019-03-05,True
483,Alfa Romeo Stelvio,SUV,Atlanta,2019-03-12,Hartsfield-Jackson International Airport,17:00,41.00,2019-03-11,
484,Dacia Duster,SUV,Atlanta,2019-03-12,Peachtree Station,17:00,42.00,2019-03-11,
485,GMC Terrain,SUV,Atlanta,2019-03-12,Hartsfield-Jackson International Airport,17:00,40.00,2019-03-11,
486,Mazda 3,Hatchback,Atlanta,2019-03-12,Peachtree Station,17:00,28.00,2019-03-11,
487,Peugeot 208,Hatchback,Atlanta,2019-03-12,Hartsfield-Jackson International Airport,17:00,27.00,2019-03-11,
488,SEAT Cordoba,Sedan,Atlanta,2019-03-12,Peachtree Station,17:00,31.00,2019-03-11,
489,SEAT Leon,Hatchback,Atlanta,2019-03-12,Hartsfield-Jackson International Airport,17:00,29.00,2019-03-11,
490,Skoda Kodiaq,SUV,Atlanta,2019-03-12,Hartsfield-Jackson International Airport,17:00,39.00,2019-03-11,
491,Skoda Octavia,Sedan,Atlanta,2019-03-12,Hartsfield-Jackson International Airport,17:00,28.00,2019-03-11,
492,Subaru Impreza,Sedan,Atlanta,2019-03-12,Hartsfield-Jackson International Airport,17:00,37.00,2019-03-11,
493,Alfa Romeo Stelvio,SUV,,2019-03-12,Hartsfield-Jackson International Airport,17:00,41.00,2019-03-11,False
494,Dodge Charger,Sedan,Sydney,2019-03-14,Kingsford Smith International Airport,15:00,28.00,2019-03-11,
495,Ford Focus,Hatchback,Sydney,2019-03-14,Kingsford Smith International Airport,15:00,29.00,2019-03-11,
496,Kia Ceed,Hatchback,Sydney,2019-03-14,Kingsford Smith International Airport,15:00,32.00,2019-03-11,
497,Mazda CX-5,SUV,Sydney,2019-03-14,Kingsford Smith International Airport,15:00,44.00,2019-03-11,
498,Nissan Qashqai,Hatchback,Sydney,2019-03-14,Kingsford Smith International Airport,15:00,28.00,2019-03-11,
499,Skoda Octavia,Sedan,Sydney,2019-03-14,Kingsford Smith International Airport,15:00,33.00,2019-03-11,
500,Dodge Charger,Sedan,,2019-03-14,Kingsford Smith International Airport,15:00,28.00,2019-03-11,False
501,SEAT Cordoba,Sedan,Cape Town,2019-03-11,Cape Town International Airport,17:00,34.00,2019-03-05,
502,Skoda Octavia,Sedan,Cape Town,2019-03-11,Cape Town International Airport,17:00,36.00,2019-03-05,
503,SEAT Cordoba,Sedan,,2019-03-11,Cape Town International Airport,17:00,54.00,2019-03-05,True
504,Alfa Romeo Stelvio,SUV,Las Vegas,2019-03-12,Union Plaza,14:00,43.00,2019-03-06,
505,Buick Regal Sportback,Sedan,Las Vegas,2019-03-12,McCarran International Airport,14:00,41.00,2019-03-06,
506,Dodge Charger,Sedan,Las Vegas,2019-03-12,Union Plaza,14:00,34.00,2019-03-06,
507,Fiat Panda,Hatchback,Las Vegas,2019-03-12,Union Plaza,14:00,27.00,2019-03-06,
508,Hyundai Ioniq,Sedan,Las Vegas,2019-03-12,McCarran International Airport,14:00,31.00,2019-03-06,
509,Jaguar F-Pace,SUV,Las Vegas,2019-03-12,Union Plaza,14:00,36.00,2019-03-06,
510,Renault Clio,Hatchback,Las Vegas,2019-03-12,Union Plaza,14:00,21.00,2019-03-06,
511,SEAT Cordoba,Sedan,Las Vegas,2019-03-12,Union Plaza,14:00,27.00,2019-03-06,
512,Skoda Kodiaq,SUV,Las Vegas,2019-03-12,McCarran International Airport,14:00,38.00,2019-03-06,
513,Suzuki Grand Vitara,SUV,Las Vegas,2019-03-12,McCarran International Airport,14:00,44.00,2019-03-06,
514,Alfa Romeo Stelvio,SUV,,2019-03-12,Union Plaza,14:00,43.00,2019-03-06,False
515,Buick Regal Sportback,Sedan,Sacramento,2019-03-10,Sacramento Valley Station,18:00,29.00,2019-03-08,
516,Citroen C5,SUV,Sacramento,2019-03-10,SMF International Airport,18:00,47.00,2019-03-08,
517,Fiat Panda,Hatchback,Sacramento,2019-03-10,SMF International Airport,18:00,32.00,2019-03-08,
518,Hyundai Ioniq,Sedan,Sacramento,2019-03-10,Sacramento Valley Station,18:00,27.00,2019-03-08,
519,Jaguar F-Pace,SUV,Sacramento,2019-03-10,SMF International Airport,18:00,41.00,2019-03-08,
520,Kia Ceed,Hatchback,Sacramento,2019-03-10,Sacramento Valley Station,18:00,29.00,2019-03-08,
521,Nissan Qashqai,Hatchback,Sacramento,2019-03-10,Sacramento Valley Station,18:00,23.00,2019-03-08,
522,Renault Clio,Hatchback,Sacramento,2019-03-10,SMF International Airport,18:00,26.00,2019-03-08,
523,SEAT Leon,Hatchback,Sacramento,2019-03-10,Sacramento Valley Station,18:00,21.00,2019-03-08,
524,Skoda Octavia,Sedan,Sacramento,2019-03-10,SMF International Airport,18:00,35.00,2019-03-08,
525,Subaru Impreza,Sedan,,2019-03-10,Sacramento Valley Station,18:00,25.00,2019-03-08,False
526,Dodge Charger,Sedan,Sydney,2019-03-12,Kingsford Smith International Airport,15:30,39.00,2019-03-10,
527,Ford Focus,Hatchback,Sydney,2019-03-12,Kingsford Smith International Airport,15:30,28.00,2019-03-10,
528,Kia Ceed,Hatchback,Sydney,2019-03-12,Kingsford Smith International Airport,15:30,29.00,2019-03-10,
529,Mazda CX-5,SUV,Sydney,2019-03-12,Kingsford Smith International Airport,15:30,43.00,2019-03-10,
530,Nissan Qashqai,Hatchback,Sydney,2019-03-12,Kingsford Smith International Airport,15:30,31.00,2019-03-10,
531,Skoda Octavia,Sedan,Sydney,2019-03-12,Kingsford Smith International Airport,15:30,31.00,2019-03-10,
532,Kia Ceed,Hatchback,,2019-03-12,Kingsford Smith International Airport,15:30,29.00,2019-03-10,False
533,Alfa Romeo Stelvio,SUV,San Diego,2019-03-05,Santa Fe Depot,14:00,46.00,2019-03-04,
534,Jaguar F-Pace,SUV,San Diego,2019-03-05,SAN International Airport,14:00,44.00,2019-03-04,
535,Mazda CX-5,SUV,San Diego,2019-03-05,Santa Fe Depot,14:00,40.00,2019-03-04,
536,Mitsubishi Outlander,SUV,San Diego,2019-03-05,Santa Fe Depot,14:00,44.00,2019-03-04,
537,Jaguar F-Pace,SUV,San Diego,2019-03-05,SAN International Airport,12:00,44.00,2019-03-04,
538,Jaguar F-Pace,SUV,,2019-03-05,SAN International Airport,12:00,54.00,2019-03-04,True
539,Kia Ceed,Hatchback,Anaheim,2019-03-14,John Wayne Airport,17:00,25.00,2019-03-09,
540,Mazda 3,Hatchback,Anaheim,2019-03-14,Anaheim Intermodal Center,17:00,24.00,2019-03-09,
541,Peugeot 208,Hatchback,Anaheim,2019-03-14,John Wayne Airport,17:00,26.00,2019-03-09,
542,Renault Clio,Hatchback,Anaheim,2019-03-14,Anaheim Intermodal Center,17:00,24.00,2019-03-09,
543,SEAT Leon,Hatchback,Anaheim,2019-03-14,Anaheim Intermodal Center,17:00,19.00,2019-03-09,
544,Peugeot 208,Hatchback,,2019-03-14,John Wayne Airport,17:00,26.00,2019-03-09,False
545,Audi A8,Sedan,San Francisco,2019-03-14,Salesforce Transit Center,15:00,27.00,2019-03-13,
546,Buick Regal Sportback,Sedan,San Francisco,2019-03-14,Salesforce Transit Center,15:00,33.00,2019-03-13,
547,Fiat Panda,Hatchback,San Francisco,2019-03-14,SFO International Airport,15:00,28.00,2019-03-13,
548,GMC Terrain,SUV,San Francisco,2019-03-14,SFO International Airport,15:00,38.00,2019-03-13,
549,Hyundai Ioniq,Sedan,San Francisco,2019-03-14,SFO International Airport,15:00,24.00,2019-03-13,
550,Jaguar F-Pace,SUV,San Francisco,2019-03-14,Salesforce Transit Center,15:00,43.00,2019-03-13,
551,Kia Ceed,Hatchback,San Francisco,2019-03-14,SFO International Airport,15:00,28.00,2019-03-13,
552,Lexus GS,Sedan,San Francisco,2019-03-14,Salesforce Transit Center,15:00,28.00,2019-03-13,
553,Mazda 3,Hatchback,San Francisco,2019-03-14,Salesforce Transit Center,15:00,25.00,2019-03-13,
554,Mitsubishi Outlander,SUV,San Francisco,2019-03-14,SFO International Airport,15:00,43.00,2019-03-13,
555,Buick Regal Sportback,Sedan,,2019-03-14,Salesforce Transit Center,15:00,33.00,2019-03-13,False
556,Jaguar F-Pace,SUV,San Diego,2019-03-12,Santa Fe Depot,16:30,41.00,2019-03-07,
557,Lexus GS,Sedan,San Diego,2019-03-12,SAN International Airport,16:30,33.00,2019-03-07,
558,Mazda 3,Hatchback,San Diego,2019-03-12,SAN International Airport,16:30,28.00,2019-03-07,
559,Mitsubishi Outlander,SUV,San Diego,2019-03-12,SAN International Airport,16:30,39.00,2019-03-07,
560,SEAT Cordoba,Sedan,San Diego,2019-03-12,Santa Fe Depot,16:30,26.00,2019-03-07,
561,SEAT Leon,Hatchback,San Diego,2019-03-12,SAN International Airport,16:30,31.00,2019-03-07,
562,Skoda Octavia,Sedan,San Diego,2019-03-12,SAN International Airport,16:30,42.00,2019-03-07,
563,Volvo S90,Sedan,San Diego,2019-03-12,SAN International Airport,16:30,28.00,2019-03-07,
564,Jaguar F-Pace,SUV,,2019-03-12,Santa Fe Depot,16:30,41.00,2019-03-07,False
565,Audi A8,Sedan,Seattle,2019-03-11,King Street Station,18:00,30.00,2019-03-10,
566,Citroen C5,SUV,Seattle,2019-03-11,Seattle-Tacoma International Airport,18:00,46.00,2019-03-10,
567,Dacia Duster,SUV,Seattle,2019-03-11,King Street Station,18:00,42.00,2019-03-10,
568,Dodge Charger,Sedan,Seattle,2019-03-11,King Street Station,18:00,28.00,2019-03-10,
569,GMC Terrain,SUV,Seattle,2019-03-11,Seattle-Tacoma International Airport,18:00,48.00,2019-03-10,
570,Hyundai Ioniq,Sedan,Seattle,2019-03-11,Seattle-Tacoma International Airport,18:00,33.00,2019-03-10,
571,Lexus GS,Sedan,Seattle,2019-03-11,Seattle-Tacoma International Airport,18:00,33.00,2019-03-10,
572,Mazda 3,Hatchback,Seattle,2019-03-11,King Street Station,18:00,24.00,2019-03-10,
573,Mitsubishi Outlander,SUV,Seattle,2019-03-11,King Street Station,18:00,43.00,2019-03-10,
574,Nissan Qashqai,Hatchback,Seattle,2019-03-11,Seattle-Tacoma International Airport,18:00,24.00,2019-03-10,
575,Audi A8,Sedan,,2019-03-11,King Street Station,18:00,30.00,2019-03-10,False
576,Dacia Duster,SUV,Los Angeles,2019-03-14,LAX International Airport,12:00,46.00,2019-03-10,
577,Fiat Panda,Hatchback,Los Angeles,2019-03-14,LAX International Airport,12:00,28.00,2019-03-10,
578,Hyundai Ioniq,Sedan,Los Angeles,2019-03-14,LAX International Airport,12:00,30.00,2019-03-10,
579,Nissan Qashqai,Hatchback,Los Angeles,2019-03-14,LAX International Airport,12:00,28.00,2019-03-10,
580,Renault Clio,Hatchback,Los Angeles,2019-03-14,LAX International Airport,12:00,29.00,2019-03-10,
581,Skoda Kodiaq,SUV,Los Angeles,2019-03-14,LAX International Airport,12:00,40.00,2019-03-10,
582,Suzuki Grand Vitara,SUV,Los Angeles,2019-03-14,LAX International Airport,12:00,44.00,2019-03-10,
583,Volvo S90,Sedan,Los Angeles,2019-03-14,LAX International Airport,12:00,33.00,2019-03-10,
584,Skoda Kodiaq,SUV,,2019-03-14,LAX International Airport,12:00,56.00,2019-03-10,True
585,Dodge Charger,Sedan,Fresno,2019-03-12,Fresno Yosemite International Airport,12:30,37.00,2019-03-08,
586,Ford Focus,Hatchback,Fresno,2019-03-12,Fresno Station,12:30,24.00,2019-03-08,
587,GMC Terrain,SUV,Fresno,2019-03-12,Fresno Station,12:30,38.00,2019-03-08,
588,Jaguar F-Pace,SUV,Fresno,2019-03-12,Fresno Yosemite International Airport,12:30,45.00,2019-03-08,
589,Kia Ceed,Hatchback,Fresno,2019-03-12,Fresno Station,12:30,26.00,2019-03-08,
590,Lexus GS,Sedan,Fresno,2019-03-12,Fresno Station,12:30,32.00,2019-03-08,
591,Mazda CX-5,SUV,Fresno,2019-03-12,Fresno Station,12:30,34.00,2019-03-08,
592,Peugeot 208,Hatchback,Fresno,2019-03-12,Fresno Yosemite International Airport,12:30,30.00,2019-03-08,
593,SEAT Cordoba,Sedan,Fresno,2019-03-12,Fresno Yosemite International Airport,12:30,30.00,2019-03-08,
594,SEAT Leon,Hatchback,Fresno,2019-03-12,Fresno Station,12:30,27.00,2019-03-08,
595,Skoda Octavia,Sedan,,2019-03-12,Fresno Yosemite International Airport,12:30,48.00,2019-03-08,True
596,Dacia Duster,SUV,Anaheim,2019-03-13,Anaheim Intermodal Center,12:00,43.00,2019-03-12,
597,Skoda Kodiaq,SUV,Anaheim,2019-03-13,John Wayne Airport,12:00,39.00,2019-03-12,
598,Dacia Duster,SUV,,2019-03-13,Anaheim Intermodal Center,12:00,43.00,2019-03-12,False
599,Citroen C5,SUV,Washington,2019-03-14,Dulles International Airport,10:30,46.00,2019-03-13,
600,Dodge Charger,Sedan,Washington,2019-03-14,Dulles International Airport,10:30,33.00,2019-03-13,
601,Fiat Panda,Hatchback,Washington,2019-03-14,Dulles International Airport,10:30,28.00,2019-03-13,
602,Jaguar F-Pace,SUV,Washington,2019-03-14,Dulles International Airport,10:30,44.00,2019-03-13,
603,Renault Clio,Hatchback,Washington,2019-03-14,Dulles International Airport,10:30,24.00,2019-03-13,
604,Skoda Octavia,Sedan,Washington,2019-03-14,Dulles International Airport,10:30,29.00,2019-03-13,
605,Suzuki Grand Vitara,SUV,Washington,2019-03-14,Dulles International Airport,10:30,39.00,2019-03-13,
606,Jaguar F-Pace,SUV,,2019-03-14,Dulles International Airport,10:30,44.00,2019-03-13,False
607,Alfa Romeo Stelvio,SUV,Long Beach,2019-03-12,LGB Airport,18:00,46.00,2019-03-08,
608,Audi A8,Sedan,Long Beach,2019-03-12,LGB Airport,18:00,33.00,2019-03-08,
609,Buick Regal Sportback,Sedan,Long Beach,2019-03-12,Downtown Station,18:00,37.00,2019-03-08,
610,Citroen C5,SUV,Long Beach,2019-03-12,LGB Airport,18:00,43.00,2019-03-08,
611,Fiat Panda,Hatchback,Long Beach,2019-03-12,LGB Airport,18:00,28.00,2019-03-08,
612,Hyundai Ioniq,Sedan,Long Beach,2019-03-12,LGB Airport,18:00,33.00,2019-03-08,
613,Jaguar F-Pace,SUV,Long Beach,2019-03-12,Downtown Station,18:00,37.00,2019-03-08,
614,Kia Ceed,Hatchback,Long Beach,2019-03-12,Downtown Station,18:00,22.00,2019-03-08,
615,Mazda 3,Hatchback,Long Beach,2019-03-12,LGB Airport,18:00,25.00,2019-03-08,
616,Peugeot 208,Hatchback,Long Beach,2019-03-12,Downtown Station,18:00,22.00,2019-03-08,
617,Buick Regal Sportback,Sedan,,2019-03-12,Downtown Station,18:00,37.00,2019-03-08,False
618,GMC Terrain,SUV,Fresno,2019-03-08,Fresno Station,11:00,38.00,2019-03-05,
619,Jaguar F-Pace,SUV,Fresno,2019-03-08,Fresno Station,11:00,33.00,2019-03-05,
620,Mazda CX-5,SUV,Fresno,2019-03-08,Fresno Station,11:00,43.00,2019-03-05,
621,GMC Terrain,SUV,,2019-03-08,Fresno Station,11:00,38.00,2019-03-05,False
622,Alfa Romeo Stelvio,SUV,Sacramento,2019-03-14,Sacramento Valley Station,13:30,42.00,2019-03-07,
623,GMC Terrain,SUV,Sacramento,2019-03-14,SMF International Airport,13:30,47.00,2019-03-07,
624,Jaguar F-Pace,SUV,Sacramento,2019-03-14,Sacramento Valley Station,13:30,34.00,2019-03-07,
625,Kia Ceed,Hatchback,Sacramento,2019-03-14,Sacramento Valley Station,13:30,24.00,2019-03-07,
626,Mitsubishi Outlander,SUV,Sacramento,2019-03-14,Sacramento Valley Station,13:30,37.00,2019-03-07,
627,Nissan Qashqai,Hatchback,Sacramento,2019-03-14,Sacramento Valley Station,13:30,24.00,2019-03-07,
628,Mitsubishi Outlander,SUV,,2019-03-14,Sacramento Valley Station,13:30,37.00,2019-03-07,False
629,Dacia Duster,SUV,Los Angeles,2019-03-12,LAX International Airport,18:30,43.00,2019-03-07,
630,Dacia Duster,SUV,,2019-03-12,LAX International Airport,18:30,43.00,2019-03-07,False
631,Alfa Romeo Stelvio,SUV,Sacramento,2019-03-14,Sacramento Valley Station,15:00,36.00,2019-03-11,
632,Audi A8,Sedan,Sacramento,2019-03-14,SMF International Airport,15:00,31.00,2019-03-11,
633,Buick Regal Sportback,Sedan,Sacramento,2019-03-14,Sacramento Valley Station,15:00,31.00,2019-03-11,
634,Ford Focus,Hatchback,Sacramento,2019-03-14,SMF International Airport,15:00,28.00,2019-03-11,
635,GMC Terrain,SUV,Sacramento,2019-03-14,SMF International Airport,15:00,43.00,2019-03-11,
636,Jaguar F-Pace,SUV,Sacramento,2019-03-14,Sacramento Valley Station,15:00,40.00,2019-03-11,
637,Kia Ceed,Hatchback,Sacramento,2019-03-14,SMF International Airport,15:00,31.00,2019-03-11,
638,Lexus GS,Sedan,Sacramento,2019-03-14,SMF International Airport,15:00,35.00,2019-03-11,
639,Mitsubishi Outlander,SUV,Sacramento,2019-03-14,SMF International Airport,15:00,42.00,2019-03-11,
640,Nissan Qashqai,Hatchback,Sacramento,2019-03-14,Sacramento Valley Station,15:00,24.00,2019-03-11,
641,Mitsubishi Outlander,SUV,,2019-03-14,Sacramento Valley Station,15:00,41.00,2019-03-11,False
642,Alfa Romeo Stelvio,SUV,Long Beach,2019-03-12,LGB Airport,16:30,46.00,2019-03-09,
643,Audi A8,Sedan,Long Beach,2019-03-12,LGB Airport,16:30,33.00,2019-03-09,
644,Buick Regal Sportback,Sedan,Long Beach,2019-03-12,Downtown Station,16:30,29.00,2019-03-09,
645,Citroen C5,SUV,Long Beach,2019-03-12,LGB Airport,16:30,36.00,2019-03-09,
646,Fiat Panda,Hatchback,Long Beach,2019-03-12,LGB Airport,16:30,30.00,2019-03-09,
647,Hyundai Ioniq,Sedan,Long Beach,2019-03-12,LGB Airport,16:30,36.00,2019-03-09,
648,Jaguar F-Pace,SUV,Long Beach,2019-03-12,Downtown Station,16:30,41.00,2019-03-09,
649,Kia Ceed,Hatchback,Long Beach,2019-03-12,Downtown Station,16:30,25.00,2019-03-09,
650,Mazda 3,Hatchback,Long Beach,2019-03-12,LGB Airport,16:30,32.00,2019-03-09,
651,Peugeot 208,Hatchback,Long Beach,2019-03-12,Downtown Station,16:30,24.00,2019-03-09,
652,Citroen C5,SUV,,2019-03-12,LGB Airport,16:30,36.00,2019-03-09,False
653,Alfa Romeo Stelvio,SUV,Long Beach,2019-03-11,LGB Airport,16:30,53.00,2019-03-07,
654,Audi A8,Sedan,Long Beach,2019-03-11,LGB Airport,16:30,30.00,2019-03-07,
655,Buick Regal Sportback,Sedan,Long Beach,2019-03-11,Downtown Station,16:30,27.00,2019-03-07,
656,Citroen C5,SUV,Long Beach,2019-03-11,LGB Airport,16:30,44.00,2019-03-07,
657,Fiat Panda,Hatchback,Long Beach,2019-03-11,LGB Airport,16:30,28.00,2019-03-07,
658,Hyundai Ioniq,Sedan,Long Beach,2019-03-11,LGB Airport,16:30,32.00,2019-03-07,
659,Jaguar F-Pace,SUV,Long Beach,2019-03-11,Downtown Station,16:30,40.00,2019-03-07,
660,Kia Ceed,Hatchback,Long Beach,2019-03-11,Downtown Station,16:30,27.00,2019-03-07,
661,Mazda 3,Hatchback,Long Beach,2019-03-11,LGB Airport,16:30,28.00,2019-03-07,
662,Peugeot 208,Hatchback,Long Beach,2019-03-11,Downtown Station,16:30,28.00,2019-03-07,
663,Audi A8,Sedan,,2019-03-11,LGB Airport,16:30,30.00,2019-03-07,False
664,Dodge Charger,Sedan,Fresno,2019-03-12,Fresno Yosemite International Airport,14:00,32.00,2019-03-11,
665,Ford Focus,Hatchback,Fresno,2019-03-12,Fresno Station,14:00,21.00,2019-03-11,
666,GMC Terrain,SUV,Fresno,2019-03-12,Fresno Station,14:00,37.00,2019-03-11,
667,Jaguar F-Pace,SUV,Fresno,2019-03-12,Fresno Yosemite International Airport,14:00,46.00,2019-03-11,
668,Kia Ceed,Hatchback,Fresno,2019-03-12,Fresno Station,14:00,27.00,2019-03-11,
669,Lexus GS,Sedan,Fresno,2019-03-12,Fresno Station,14:00,33.00,2019-03-11,
670,Mazda CX-5,SUV,Fresno,2019-03-12,Fresno Station,14:00,41.00,2019-03-11,
671,Peugeot 208,Hatchback,Fresno,2019-03-12,Fresno Yosemite International Airport,14:00,34.00,2019-03-11,
672,SEAT Cordoba,Sedan,Fresno,2019-03-12,Fresno Yosemite International Airport,14:00,31.00,2019-03-11,
673,SEAT Leon,Hatchback,Fresno,2019-03-12,Fresno Station,14:00,26.00,2019-03-11,
674,GMC Terrain,SUV,,2019-03-12,Fresno Station,14:00,37.00,2019-03-11,False
675,Alfa Romeo Stelvio,SUV,Sacramento,2019-03-14,Sacramento Valley Station,17:00,45.00,2019-03-12,
676,Audi A8,Sedan,Sacramento,2019-03-14,SMF International Airport,17:00,31.00,2019-03-12,
677,Buick Regal Sportback,Sedan,Sacramento,2019-03-14,Sacramento Valley Station,17:00,27.00,2019-03-12,
678,Ford Focus,Hatchback,Sacramento,2019-03-14,SMF International Airport,17:00,27.00,2019-03-12,
679,GMC Terrain,SUV,Sacramento,2019-03-14,SMF International Airport,17:00,46.00,2019-03-12,
680,Jaguar F-Pace,SUV,Sacramento,2019-03-14,Sacramento Valley Station,17:00,39.00,2019-03-12,
681,Kia Ceed,Hatchback,Sacramento,2019-03-14,SMF International Airport,17:00,26.00,2019-03-12,
682,Lexus GS,Sedan,Sacramento,2019-03-14,SMF International Airport,17:00,37.00,2019-03-12,
683,Mitsubishi Outlander,SUV,Sacramento,2019-03-14,SMF International Airport,17:00,43.00,2019-03-12,
684,Nissan Qashqai,Hatchback,Sacramento,2019-03-14,Sacramento Valley Station,17:00,25.00,2019-03-12,
685,Mitsubishi Outlander,SUV,,2019-03-14,Sacramento Valley Station,17:00,39.00,2019-03-12,False
686,Buick Regal Sportback,Sedan,Anaheim,2019-03-08,John Wayne Airport,14:00,32.00,2019-03-05,
687,Dacia Duster,SUV,Anaheim,2019-03-08,Anaheim Intermodal Center,14:00,48.00,2019-03-05,
688,Hyundai Ioniq,Sedan,Anaheim,2019-03-08,Anaheim Intermodal Center,14:00,31.00,2019-03-05,
689,Kia Ceed,Hatchback,Anaheim,2019-03-08,John Wayne Airport,14:00,25.00,2019-03-05,
690,Mazda 3,Hatchback,Anaheim,2019-03-08,John Wayne Airport,14:00,23.00,2019-03-05,
691,Peugeot 208,Hatchback,Anaheim,2019-03-08,John Wayne Airport,14:00,32.00,2019-03-05,
692,Renault Clio,Hatchback,Anaheim,2019-03-08,John Wayne Airport,14:00,23.00,2019-03-05,
693,SEAT Leon,Hatchback,Anaheim,2019-03-08,Anaheim Intermodal Center,14:00,26.00,2019-03-05,
694,Skoda Kodiaq,SUV,Anaheim,2019-03-08,John Wayne Airport,14:00,43.00,2019-03-05,
695,Skoda Octavia,Sedan,Anaheim,2019-03-08,Anaheim Intermodal Center,14:00,24.00,2019-03-05,
696,Volvo S90,Sedan,,2019-03-08,John Wayne Airport,14:00,36.00,2019-03-05,False
697,Buick Regal Sportback,Sedan,Anaheim,2019-03-09,John Wayne Airport,16:30,36.00,2019-03-06,
698,Dacia Duster,SUV,Anaheim,2019-03-09,Anaheim Intermodal Center,16:30,41.00,2019-03-06,
699,Hyundai Ioniq,Sedan,Anaheim,2019-03-09,Anaheim Intermodal Center,16:30,32.00,2019-03-06,
700,Kia Ceed,Hatchback,Anaheim,2019-03-09,John Wayne Airport,16:30,27.00,2019-03-06,
701,Mazda 3,Hatchback,Anaheim,2019-03-09,John Wayne Airport,16:30,30.00,2019-03-06,
702,Peugeot 208,Hatchback,Anaheim,2019-03-09,John Wayne Airport,16:30,28.00,2019-03-06,
703,Renault Clio,Hatchback,Anaheim,2019-03-09,John Wayne Airport,16:30,29.00,2019-03-06,
704,SEAT Leon,Hatchback,Anaheim,2019-03-09,Anaheim Intermodal Center,16:30,23.00,2019-03-06,
705,Skoda Kodiaq,SUV,Anaheim,2019-03-09,John Wayne Airport,16:30,46.00,2019-03-06,
706,Skoda Octavia,Sedan,Anaheim,2019-03-09,Anaheim Intermodal Center,16:30,27.00,2019-03-06,
707,Volvo S90,Sedan,,2019-03-09,John Wayne Airport,16:30,52.00,2019-03-06,True
708,Audi A8,Sedan,San Francisco,2019-03-10,Salesforce Transit Center,17:00,31.00,2019-03-09,
709,Buick Regal Sportback,Sedan,San Francisco,2019-03-10,Salesforce Transit Center,17:00,32.00,2019-03-09,
710,Fiat Panda,Hatchback,San Francisco,2019-03-10,SFO International Airport,17:00,24.00,2019-03-09,
711,GMC Terrain,SUV,San Francisco,2019-03-10,SFO International Airport,17:00,42.00,2019-03-09,
712,Hyundai Ioniq,Sedan,San Francisco,2019-03-10,SFO International Airport,17:00,35.00,2019-03-09,
713,Jaguar F-Pace,SUV,San Francisco,2019-03-10,Salesforce Transit Center,17:00,41.00,2019-03-09,
714,Kia Ceed,Hatchback,San Francisco,2019-03-10,SFO International Airport,17:00,28.00,2019-03-09,
715,Lexus GS,Sedan,San Francisco,2019-03-10,Salesforce Transit Center,17:00,30.00,2019-03-09,
716,Mazda 3,Hatchback,San Francisco,2019-03-10,Salesforce Transit Center,17:00,31.00,2019-03-09,
717,Mitsubishi Outlander,SUV,San Francisco,2019-03-10,SFO International Airport,17:00,47.00,2019-03-09,
718,Buick Regal Sportback,Sedan,,2019-03-10,Salesforce Transit Center,17:00,32.00,2019-03-09,False
719,Fiat Panda,Hatchback,Long Beach,2019-03-14,LGB Airport,11:00,28.00,2019-03-12,
720,Mazda 3,Hatchback,Long Beach,2019-03-14,LGB Airport,11:00,25.00,2019-03-12,
721,Vauxhaull Astra,Hatchback,Long Beach,2019-03-14,LGB Airport,11:00,26.00,2019-03-12,
722,Mazda 3,Hatchback,,2019-03-14,LGB Airport,11:00,25.00,2019-03-12,False
723,Alfa Romeo Stelvio,SUV,Sacramento,2019-03-14,Sacramento Valley Station,19:30,52.00,2019-03-10,
724,Buick Regal Sportback,Sedan,Sacramento,2019-03-14,Sacramento Valley Station,19:30,33.00,2019-03-10,
725,Jaguar F-Pace,SUV,Sacramento,2019-03-14,Sacramento Valley Station,19:30,33.00,2019-03-10,
726,Kia Ceed,Hatchback,Sacramento,2019-03-14,Sacramento Valley Station,19:30,23.00,2019-03-10,
727,Mitsubishi Outlander,SUV,Sacramento,2019-03-14,Sacramento Valley Station,19:30,43.00,2019-03-10,
728,Nissan Qashqai,Hatchback,Sacramento,2019-03-14,Sacramento Valley Station,19:30,26.00,2019-03-10,
729,Renault Clio,Hatchback,Sacramento,2019-03-14,Sacramento Valley Station,19:30,26.00,2019-03-10,
730,Skoda Octavia,Sedan,Sacramento,2019-03-14,Sacramento Valley Station,19:30,33.00,2019-03-10,
731,Mitsubishi Outlander,SUV,,2019-03-14,Sacramento Valley Station,19:30,43.00,2019-03-10,False
732,Dacia Duster,SUV,Los Angeles,2019-03-07,LAX International Airport,13:30,41.00,2019-03-03,
733,Fiat Panda,Hatchback,Los Angeles,2019-03-07,LAX International Airport,13:30,28.00,2019-03-03,
734,Ford Focus,Hatchback,Los Angeles,2019-03-07,Union Station,13:30,27.00,2019-03-03,
735,GMC Terrain,SUV,Los Angeles,2019-03-07,Union Station,13:30,44.00,2019-03-03,
736,Hyundai Ioniq,Sedan,Los Angeles,2019-03-07,LAX International Airport,13:30,27.00,2019-03-03,
737,Lexus GS,Sedan,Los Angeles,2019-03-07,Union Station,13:30,28.00,2019-03-03,
738,Mitsubishi Outlander,SUV,Los Angeles,2019-03-07,Union Station,13:30,32.00,2019-03-03,
739,Nissan Qashqai,Hatchback,Los Angeles,2019-03-07,LAX International Airport,13:30,34.00,2019-03-03,
740,Renault Clio,Hatchback,Los Angeles,2019-03-07,LAX International Airport,13:30,27.00,2019-03-03,
741,SEAT Cordoba,Sedan,Los Angeles,2019-03-07,Union Station,13:30,26.00,2019-03-03,
742,Skoda Kodiaq,SUV,,2019-03-07,LAX International Airport,13:30,38.00,2019-03-03,False
743,Audi A8,Sedan,San Francisco,2019-03-14,Salesforce Transit Center,15:00,31.00,2019-03-12,
744,Buick Regal Sportback,Sedan,San Francisco,2019-03-14,Salesforce Transit Center,15:00,32.00,2019-03-12,
745,Fiat Panda,Hatchback,San Francisco,2019-03-14,SFO International Airport,15:00,30.00,2019-03-12,
746,GMC Terrain,SUV,San Francisco,2019-03-14,SFO International Airport,15:00,48.00,2019-03-12,
747,Hyundai Ioniq,Sedan,San Francisco,2019-03-14,SFO International Airport,15:00,33.00,2019-03-12,
748,Jaguar F-Pace,SUV,San Francisco,2019-03-14,Salesforce Transit Center,15:00,35.00,2019-03-12,
749,Kia Ceed,Hatchback,San Francisco,2019-03-14,SFO International Airport,15:00,26.00,2019-03-12,
750,Lexus GS,Sedan,San Francisco,2019-03-14,Salesforce Transit Center,15:00,32.00,2019-03-12,
751,Mazda 3,Hatchback,San Francisco,2019-03-14,Salesforce Transit Center,15:00,26.00,2019-03-12,
752,Mitsubishi Outlander,SUV,San Francisco,2019-03-14,SFO International Airport,15:00,45.00,2019-03-12,
753,Buick Regal Sportback,Sedan,,2019-03-14,Salesforce Transit Center,15:00,44.00,2019-03-12,True
754,Dodge Charger,Sedan,Fresno,2019-03-13,Fresno Yosemite International Airport,14:00,31.00,2019-03-11,
755,Ford Focus,Hatchback,Fresno,2019-03-13,Fresno Station,14:00,30.00,2019-03-11,
756,GMC Terrain,SUV,Fresno,2019-03-13,Fresno Station,14:00,46.00,2019-03-11,
757,Jaguar F-Pace,SUV,Fresno,2019-03-13,Fresno Yosemite International Airport,14:00,37.00,2019-03-11,
758,Kia Ceed,Hatchback,Fresno,2019-03-13,Fresno Station,14:00,24.00,2019-03-11,
759,Lexus GS,Sedan,Fresno,2019-03-13,Fresno Station,14:00,35.00,2019-03-11,
760,Mazda CX-5,SUV,Fresno,2019-03-13,Fresno Station,14:00,43.00,2019-03-11,
761,Peugeot 208,Hatchback,Fresno,2019-03-13,Fresno Yosemite International Airport,14:00,23.00,2019-03-11,
762,SEAT Cordoba,Sedan,Fresno,2019-03-13,Fresno Yosemite International Airport,14:00,32.00,2019-03-11,
763,SEAT Leon,Hatchback,Fresno,2019-03-13,Fresno Station,14:00,23.00,2019-03-11,
764,Skoda Octavia,Sedan,,2019-03-13,Fresno Yosemite International Airport,14:00,33.00,2019-03-11,False
765,Alfa Romeo Stelvio,SUV,Long Beach,2019-03-11,LGB Airport,12:00,49.00,2019-03-10,
766,Audi A8,Sedan,Long Beach,2019-03-11,LGB Airport,12:00,32.00,2019-03-10,
767,Buick Regal Sportback,Sedan,Long Beach,2019-03-11,Downtown Station,12:00,31.00,2019-03-10,
768,Citroen C5,SUV,Long Beach,2019-03-11,LGB Airport,12:00,40.00,2019-03-10,
769,Fiat Panda,Hatchback,Long Beach,2019-03-11,LGB Airport,12:00,28.00,2019-03-10,
770,Hyundai Ioniq,Sedan,Long Beach,2019-03-11,LGB Airport,12:00,37.00,2019-03-10,
771,Jaguar F-Pace,SUV,Long Beach,2019-03-11,Downtown Station,12:00,38.00,2019-03-10,
772,Kia Ceed,Hatchback,Long Beach,2019-03-11,Downtown Station,12:00,29.00,2019-03-10,
773,Mazda 3,Hatchback,Long Beach,2019-03-11,LGB Airport,12:00,29.00,2019-03-10,
774,Peugeot 208,Hatchback,Long Beach,2019-03-11,Downtown Station,12:00,29.00,2019-03-10,
775,Buick Regal Sportback,Sedan,,2019-03-11,Downtown Station,12:00,31.00,2019-03-10,False
776,Alfa Romeo Stelvio,SUV,Long Beach,2019-03-13,LGB Airport,17:00,41.00,2019-03-09,
777,Audi A8,Sedan,Long Beach,2019-03-13,LGB Airport,17:00,35.00,2019-03-09,
778,Buick Regal Sportback,Sedan,Long Beach,2019-03-13,Downtown Station,17:00,29.00,2019-03-09,
779,Citroen C5,SUV,Long Beach,2019-03-13,LGB Airport,17:00,38.00,2019-03-09,
780,Fiat Panda,Hatchback,Long Beach,2019-03-13,LGB Airport,17:00,26.00,2019-03-09,
781,Hyundai Ioniq,Sedan,Long Beach,2019-03-13,LGB Airport,17:00,32.00,2019-03-09,
782,Jaguar F-Pace,SUV,Long Beach,2019-03-13,Downtown Station,17:00,36.00,2019-03-09,
783,Kia Ceed,Hatchback,Long Beach,2019-03-13,Downtown Station,17:00,27.00,2019-03-09,
784,Mazda 3,Hatchback,Long Beach,2019-03-13,LGB Airport,17:00,24.00,2019-03-09,
785,Peugeot 208,Hatchback,Long Beach,2019-03-13,Downtown Station,17:00,28.00,2019-03-09,
786,Fiat Panda,Hatchback,Long Beach,2019-03-13,LGB Airport,17:00,26.00,2019-03-08,
787,Kia Ceed,Hatchback,Long Beach,2019-03-13,Downtown Station,17:00,27.00,2019-03-08,
788,Mazda 3,Hatchback,Long Beach,2019-03-13,LGB Airport,17:00,28.00,2019-03-08,
789,Peugeot 208,Hatchback,Long Beach,2019-03-13,Downtown Station,17:00,25.00,2019-03-08,
790,Vauxhaull Astra,Hatchback,Long Beach,2019-03-13,Downtown Station,17:00,29.00,2019-03-08,
791,Mazda 3,Hatchback,,2019-03-13,LGB Airport,17:00,28.00,2019-03-08,False
792,Alfa Romeo Stelvio,SUV,Sacramento,2019-03-12,Sacramento Valley Station,19:30,40.00,2019-03-09,
793,Buick Regal Sportback,Sedan,Sacramento,2019-03-12,Sacramento Valley Station,19:30,30.00,2019-03-09,
794,Jaguar F-Pace,SUV,Sacramento,2019-03-12,Sacramento Valley Station,19:30,48.00,2019-03-09,
795,Kia Ceed,Hatchback,Sacramento,2019-03-12,Sacramento Valley Station,19:30,24.00,2019-03-09,
796,Mitsubishi Outlander,SUV,Sacramento,2019-03-12,Sacramento Valley Station,19:30,41.00,2019-03-09,
797,Nissan Qashqai,Hatchback,Sacramento,2019-03-12,Sacramento Valley Station,19:30,20.00,2019-03-09,
798,Renault Clio,Hatchback,Sacramento,2019-03-12,Sacramento Valley Station,19:30,23.00,2019-03-09,
799,Skoda Octavia,Sedan,Sacramento,2019-03-12,Sacramento Valley Station,19:30,30.00,2019-03-09,
800,Mitsubishi Outlander,SUV,,2019-03-12,Sacramento Valley Station,19:30,41.00,2019-03-09,False
801,Jaguar F-Pace,SUV,Fresno,2019-03-09,Fresno Station,15:00,39.00,2019-03-03,
802,Lexus GS,Sedan,Fresno,2019-03-09,Fresno Station,15:00,27.00,2019-03-03,
803,Peugeot 208,Hatchback,Fresno,2019-03-09,Fresno Yosemite International Airport,15:00,30.00,2019-03-03,
804,SEAT Cordoba,Sedan,Fresno,2019-03-09,Fresno Yosemite International Airport,15:00,38.00,2019-03-03,
805,Skoda Octavia,Sedan,Fresno,2019-03-09,Fresno Station,15:00,29.00,2019-03-03,
806,Jaguar F-Pace,SUV,,2019-03-09,Fresno Station,15:00,39.00,2019-03-03,False
807,Dacia Duster,SUV,Vancouver,2019-03-08,YVR International Airport,10:30,43.00,2019-03-06,
808,Ford Focus,Hatchback,Vancouver,2019-03-08,YVR International Airport,10:30,25.00,2019-03-06,
809,Jaguar F-Pace,SUV,Vancouver,2019-03-08,YVR International Airport,10:30,45.00,2019-03-06,
810,Mazda 3,Hatchback,Vancouver,2019-03-08,YVR International Airport,10:30,29.00,2019-03-06,
811,Peugeot 208,Hatchback,Vancouver,2019-03-08,YVR International Airport,10:30,28.00,2019-03-06,
812,Skoda Octavia,Sedan,Vancouver,2019-03-08,YVR International Airport,10:30,33.00,2019-03-06,
813,Volvo S90,Sedan,Vancouver,2019-03-08,YVR International Airport,10:30,37.00,2019-03-06,
814,Dacia Duster,SUV,,2019-03-08,YVR International Airport,10:30,43.00,2019-03-06,False
815,Alfa Romeo Stelvio,SUV,Long Beach,2019-03-14,LGB Airport,17:00,40.00,2019-03-09,
816,Buick Regal Sportback,Sedan,Long Beach,2019-03-14,Downtown Station,17:00,24.00,2019-03-09,
817,Fiat Panda,Hatchback,Long Beach,2019-03-14,LGB Airport,17:00,31.00,2019-03-09,
818,Hyundai Ioniq,Sedan,Long Beach,2019-03-14,LGB Airport,17:00,33.00,2019-03-09,
819,Jaguar F-Pace,SUV,Long Beach,2019-03-14,Downtown Station,17:00,44.00,2019-03-09,
820,Kia Ceed,Hatchback,Long Beach,2019-03-14,Downtown Station,17:00,24.00,2019-03-09,
821,Mazda 3,Hatchback,Long Beach,2019-03-14,LGB Airport,17:00,25.00,2019-03-09,
822,Peugeot 208,Hatchback,Long Beach,2019-03-14,Downtown Station,17:00,25.00,2019-03-09,
823,Vauxhaull Astra,Hatchback,Long Beach,2019-03-14,Downtown Station,17:00,27.00,2019-03-09,
824,Volvo S90,Sedan,Long Beach,2019-03-14,Downtown Station,17:00,36.00,2019-03-09,
825,Mazda 3,Hatchback,,2019-03-14,LGB Airport,17:00,43.00,2019-03-09,True
826,Fiat Panda,Hatchback,San Francisco,2019-03-13,SFO International Airport,15:30,29.00,2019-03-12,
827,Kia Ceed,Hatchback,San Francisco,2019-03-13,SFO International Airport,15:30,24.00,2019-03-12,
828,Mazda 3,Hatchback,San Francisco,2019-03-13,Salesforce Transit Center,15:30,30.00,2019-03-12,
829,Renault Clio,Hatchback,San Francisco,2019-03-13,SFO International Airport,15:30,26.00,2019-03-12,
830,SEAT Leon,Hatchback,San Francisco,2019-03-13,SFO International Airport,15:30,26.00,2019-03-12,
831,Vauxhaull Astra,Hatchback,San Francisco,2019-03-13,Salesforce Transit Center,15:30,23.00,2019-03-12,
832,Fiat Panda,Hatchback,London,2019-03-13,Heathrow International Airport,12:00,26.00,2019-03-12,
833,Ford Focus,Hatchback,London,2019-03-13,Gatwick International Airport,12:00,31.00,2019-03-12,
834,Mazda 3,Hatchback,London,2019-03-13,Gatwick International Airport,12:00,28.00,2019-03-12,
835,Nissan Qashqai,Hatchback,London,2019-03-13,Heathrow International Airport,12:00,29.00,2019-03-12,
836,Renault Clio,Hatchback,London,2019-03-13,Gatwick International Airport,12:00,27.00,2019-03-12,
837,Mazda 3,Hatchback,,2019-03-13,Gatwick International Airport,12:00,38.00,2019-03-12,True
838,Alfa Romeo Stelvio,SUV,Sacramento,2019-03-06,Sacramento Valley Station,16:30,40.00,2019-03-04,
839,Audi A8,Sedan,Sacramento,2019-03-06,SMF International Airport,16:30,32.00,2019-03-04,
840,Buick Regal Sportback,Sedan,Sacramento,2019-03-06,Sacramento Valley Station,16:30,31.00,2019-03-04,
841,Ford Focus,Hatchback,Sacramento,2019-03-06,SMF International Airport,16:30,32.00,2019-03-04,
842,GMC Terrain,SUV,Sacramento,2019-03-06,SMF International Airport,16:30,43.00,2019-03-04,
843,Jaguar F-Pace,SUV,Sacramento,2019-03-06,Sacramento Valley Station,16:30,40.00,2019-03-04,
844,Kia Ceed,Hatchback,Sacramento,2019-03-06,SMF International Airport,16:30,30.00,2019-03-04,
845,Lexus GS,Sedan,Sacramento,2019-03-06,SMF International Airport,16:30,36.00,2019-03-04,
846,Mitsubishi Outlander,SUV,Sacramento,2019-03-06,SMF International Airport,16:30,51.00,2019-03-04,
847,Nissan Qashqai,Hatchback,Sacramento,2019-03-06,Sacramento Valley Station,16:30,21.00,2019-03-04,
848,Lexus GS,Sedan,,2019-03-06,SMF International Airport,16:30,36.00,2019-03-04,False
849,Ford Focus,Hatchback,Sacramento,2019-03-09,SMF International Airport,13:30,30.00,2019-03-08,
850,Kia Ceed,Hatchback,Sacramento,2019-03-09,SMF International Airport,13:30,30.00,2019-03-08,
851,Nissan Qashqai,Hatchback,Sacramento,2019-03-09,Sacramento Valley Station,13:30,26.00,2019-03-08,
852,Renault Clio,Hatchback,Sacramento,2019-03-09,Sacramento Valley Station,13:30,25.00,2019-03-08,
853,Kia Ceed,Hatchback,,2019-03-09,SMF International Airport,13:30,30.00,2019-03-08,False
854,Alfa Romeo Stelvio,SUV,Sacramento,2019-03-14,Sacramento Valley Station,18:00,36.00,2019-03-11,
855,Buick Regal Sportback,Sedan,Sacramento,2019-03-14,Sacramento Valley Station,18:00,31.00,2019-03-11,
856,Jaguar F-Pace,SUV,Sacramento,2019-03-14,Sacramento Valley Station,18:00,40.00,2019-03-11,
857,Kia Ceed,Hatchback,Sacramento,2019-03-14,Sacramento Valley Station,18:00,26.00,2019-03-11,
858,Mitsubishi Outlander,SUV,Sacramento,2019-03-14,Sacramento Valley Station,18:00,41.00,2019-03-11,
859,Nissan Qashqai,Hatchback,Sacramento,2019-03-14,Sacramento Valley Station,18:00,24.00,2019-03-11,
860,Renault Clio,Hatchback,Sacramento,2019-03-14,Sacramento Valley Station,18:00,28.00,2019-03-11,
861,Skoda Octavia,Sedan,Sacramento,2019-03-14,Sacramento Valley Station,18:00,29.00,2019-03-11,
862,Alfa Romeo Stelvio,SUV,Sacramento,2019-03-12,Sacramento Valley Station,18:00,40.00,2019-03-11,
863,Buick Regal Sportback,Sedan,Sacramento,2019-03-12,Sacramento Valley Station,18:00,31.00,2019-03-11,
864,Jaguar F-Pace,SUV,Sacramento,2019-03-12,Sacramento Valley Station,18:00,46.00,2019-03-11,
865,Kia Ceed,Hatchback,Sacramento,2019-03-12,Sacramento Valley Station,18:00,28.00,2019-03-11,
866,Mitsubishi Outlander,SUV,Sacramento,2019-03-12,Sacramento Valley Station,18:00,41.00,2019-03-11,
867,Nissan Qashqai,Hatchback,Sacramento,2019-03-12,Sacramento Valley Station,18:00,28.00,2019-03-11,
868,Renault Clio,Hatchback,Sacramento,2019-03-12,Sacramento Valley Station,18:00,23.00,2019-03-11,
869,Buick Regal Sportback,Sedan,,2019-03-12,Sacramento Valley Station,18:00,41.00,2019-03-11,True
870,Alfa Romeo Stelvio,SUV,Long Beach,2019-03-11,LGB Airport,15:30,49.00,2019-03-10,
871,Audi A8,Sedan,Long Beach,2019-03-11,LGB Airport,15:30,32.00,2019-03-10,
872,Buick Regal Sportback,Sedan,Long Beach,2019-03-11,Downtown Station,15:30,31.00,2019-03-10,
873,Citroen C5,SUV,Long Beach,2019-03-11,LGB Airport,15:30,40.00,2019-03-10,
874,Fiat Panda,Hatchback,Long Beach,2019-03-11,LGB Airport,15:30,28.00,2019-03-10,
875,Hyundai Ioniq,Sedan,Long Beach,2019-03-11,LGB Airport,15:30,37.00,2019-03-10,
876,Jaguar F-Pace,SUV,Long Beach,2019-03-11,Downtown Station,15:30,38.00,2019-03-10,
877,Kia Ceed,Hatchback,Long Beach,2019-03-11,Downtown Station,15:30,29.00,2019-03-10,
878,Mazda 3,Hatchback,Long Beach,2019-03-11,LGB Airport,15:30,29.00,2019-03-10,
879,Peugeot 208,Hatchback,Long Beach,2019-03-11,Downtown Station,15:30,29.00,2019-03-10,
880,Audi A8,Sedan,London,2019-03-11,Heathrow International Airport,15:30,36.00,2019-03-10,
881,Buick Regal Sportback,Sedan,London,2019-03-11,Gatwick International Airport,15:30,32.00,2019-03-10,
882,Citroen C5,SUV,London,2019-03-11,Heathrow International Airport,15:30,41.00,2019-03-10,
883,Dacia Duster,SUV,London,2019-03-11,Heathrow International Airport,15:30,41.00,2019-03-10,
884,Fiat Panda,Hatchback,London,2019-03-11,Heathrow International Airport,15:30,28.00,2019-03-10,
885,Ford Focus,Hatchback,London,2019-03-11,Gatwick International Airport,15:30,28.00,2019-03-10,
886,GMC Terrain,SUV,London,2019-03-11,Heathrow International Airport,15:30,44.00,2019-03-10,
887,Hyundai Ioniq,Sedan,London,2019-03-11,Gatwick International Airport,15:30,33.00,2019-03-10,
888,Lexus GS,Sedan,London,2019-03-11,Heathrow International Airport,15:30,35.00,2019-03-10,
889,Volvo S90,Sedan,,2019-03-11,Gatwick International Airport,15:30,33.00,2019-03-10,False
890,Dacia Duster,SUV,Los Angeles,2019-03-14,LAX International Airport,17:00,40.00,2019-03-13,
891,Fiat Panda,Hatchback,Los Angeles,2019-03-14,LAX International Airport,17:00,34.00,2019-03-13,
892,Ford Focus,Hatchback,Los Angeles,2019-03-14,Union Station,17:00,27.00,2019-03-13,
893,GMC Terrain,SUV,Los Angeles,2019-03-14,Union Station,17:00,42.00,2019-03-13,
894,Hyundai Ioniq,Sedan,Los Angeles,2019-03-14,LAX International Airport,17:00,32.00,2019-03-13,
895,Lexus GS,Sedan,Los Angeles,2019-03-14,Union Station,17:00,33.00,2019-03-13,
896,Mitsubishi Outlander,SUV,Los Angeles,2019-03-14,Union Station,17:00,43.00,2019-03-13,
897,Nissan Qashqai,Hatchback,Los Angeles,2019-03-14,LAX International Airport,17:00,25.00,2019-03-13,
898,Renault Clio,Hatchback,Los Angeles,2019-03-14,LAX International Airport,17:00,29.00,2019-03-13,
899,SEAT Cordoba,Sedan,Los Angeles,2019-03-14,Union Station,17:00,27.00,2019-03-13,
900,Skoda Kodiaq,SUV,,2019-03-14,LAX International Airport,17:00,43.00,2019-03-13,False
901,Audi A8,Sedan,San Francisco,2019-03-10,Salesforce Transit Center,18:00,31.00,2019-03-09,
902,Buick Regal Sportback,Sedan,San Francisco,2019-03-10,Salesforce Transit Center,18:00,32.00,2019-03-09,
903,Jaguar F-Pace,SUV,San Francisco,2019-03-10,Salesforce Transit Center,18:00,41.00,2019-03-09,
904,Lexus GS,Sedan,San Francisco,2019-03-10,Salesforce Transit Center,18:00,30.00,2019-03-09,
905,Mazda 3,Hatchback,San Francisco,2019-03-10,Salesforce Transit Center,18:00,31.00,2019-03-09,
906,SEAT Cordoba,Sedan,San Francisco,2019-03-10,Salesforce Transit Center,18:00,30.00,2019-03-09,
907,Vauxhaull Astra,Hatchback,San Francisco,2019-03-10,Salesforce Transit Center,18:00,25.00,2019-03-09,
908,Buick Regal Sportback,Sedan,,2019-03-10,Salesforce Transit Center,18:00,32.00,2019-03-09,False
909,Audi A8,Sedan,Seattle,2019-03-12,King Street Station,14:00,32.00,2019-03-08,
910,Citroen C5,SUV,Seattle,2019-03-12,Seattle-Tacoma International Airport,14:00,37.00,2019-03-08,
911,Dacia Duster,SUV,Seattle,2019-03-12,King Street Station,14:00,38.00,2019-03-08,
912,Dodge Charger,Sedan,Seattle,2019-03-12,King Street Station,14:00,28.00,2019-03-08,
913,GMC Terrain,SUV,Seattle,2019-03-12,Seattle-Tacoma International Airport,14:00,39.00,2019-03-08,
914,Hyundai Ioniq,Sedan,Seattle,2019-03-12,Seattle-Tacoma International Airport,14:00,40.00,2019-03-08,
915,Lexus GS,Sedan,Seattle,2019-03-12,Seattle-Tacoma International Airport,14:00,32.00,2019-03-08,
916,Mazda 3,Hatchback,Seattle,2019-03-12,King Street Station,14:00,21.00,2019-03-08,
917,Mitsubishi Outlander,SUV,Seattle,2019-03-12,King Street Station,14:00,39.00,2019-03-08,
918,Nissan Qashqai,Hatchback,Seattle,2019-03-12,Seattle-Tacoma International Airport,14:00,27.00,2019-03-08,
919,Audi A8,Sedan,,2019-03-12,King Street Station,14:00,48.00,2019-03-08,True
920,Citroen C5,SUV,San Diego,2019-03-14,SAN International Airport,13:30,40.00,2019-03-13,
921,Hyundai Ioniq,Sedan,San Diego,2019-03-14,Santa Fe Depot,13:30,30.00,2019-03-13,
922,Jaguar F-Pace,SUV,San Diego,2019-03-14,Santa Fe Depot,13:30,44.00,2019-03-13,
923,Lexus GS,Sedan,San Diego,2019-03-14,SAN International Airport,13:30,33.00,2019-03-13,
924,Mazda 3,Hatchback,San Diego,2019-03-14,SAN International Airport,13:30,26.00,2019-03-13,
925,Mitsubishi Outlander,SUV,San Diego,2019-03-14,SAN International Airport,13:30,41.00,2019-03-13,
926,SEAT Cordoba,Sedan,San Diego,2019-03-14,Santa Fe Depot,13:30,36.00,2019-03-13,
927,SEAT Leon,Hatchback,San Diego,2019-03-14,SAN International Airport,13:30,27.00,2019-03-13,
928,Skoda Octavia,Sedan,San Diego,2019-03-14,SAN International Airport,13:30,32.00,2019-03-13,
929,Vauxhaull Astra,Hatchback,San Diego,2019-03-14,SAN International Airport,13:30,31.00,2019-03-13,
930,Jaguar F-Pace,SUV,,2019-03-14,Santa Fe Depot,13:30,44.00,2019-03-13,False
931,Citroen C5,SUV,,2019-03-11,LGB Airport,12:00,40.00,2019-03-10,False
932,Buick Regal Sportback,Sedan,Anaheim,2019-03-14,John Wayne Airport,10:30,35.00,2019-03-13,
933,Dacia Duster,SUV,Anaheim,2019-03-14,Anaheim Intermodal Center,10:30,36.00,2019-03-13,
934,Hyundai Ioniq,Sedan,Anaheim,2019-03-14,Anaheim Intermodal Center,10:30,32.00,2019-03-13,
935,Kia Ceed,Hatchback,Anaheim,2019-03-14,John Wayne Airport,10:30,34.00,2019-03-13,
936,Mazda 3,Hatchback,Anaheim,2019-03-14,John Wayne Airport,10:30,24.00,2019-03-13,
937,Peugeot 208,Hatchback,Anaheim,2019-03-14,John Wayne Airport,10:30,25.00,2019-03-13,
938,Renault Clio,Hatchback,Anaheim,2019-03-14,John Wayne Airport,10:30,24.00,2019-03-13,
939,SEAT Leon,Hatchback,Anaheim,2019-03-14,Anaheim Intermodal Center,10:30,21.00,2019-03-13,
940,Skoda Kodiaq,SUV,Anaheim,2019-03-14,John Wayne Airport,10:30,40.00,2019-03-13,
941,Skoda Octavia,Sedan,Anaheim,2019-03-14,Anaheim Intermodal Center,10:30,27.00,2019-03-13,
942,Volvo S90,Sedan,,2019-03-14,John Wayne Airport,10:30,46.00,2019-03-13,True
943,Hyundai Ioniq,Sedan,San Diego,2019-03-11,Santa Fe Depot,13:30,36.00,2019-03-10,
944,Lexus GS,Sedan,San Diego,2019-03-11,SAN International Airport,13:30,43.00,2019-03-10,
945,SEAT Cordoba,Sedan,San Diego,2019-03-11,Santa Fe Depot,13:30,28.00,2019-03-10,
946,Skoda Octavia,Sedan,San Diego,2019-03-11,SAN International Airport,13:30,35.00,2019-03-10,
947,Volvo S90,Sedan,San Diego,2019-03-11,SAN International Airport,13:30,29.00,2019-03-10,
948,SEAT Cordoba,Sedan,,2019-03-11,Santa Fe Depot,13:30,38.00,2019-03-10,True
949,Audi A8,Sedan,Las Vegas,2019-03-06,Union Plaza,12:30,32.00,2019-03-05,
950,Buick Regal Sportback,Sedan,Las Vegas,2019-03-06,McCarran International Airport,12:30,37.00,2019-03-05,
951,Dodge Charger,Sedan,Las Vegas,2019-03-06,McCarran International Airport,12:30,36.00,2019-03-05,
952,Fiat Panda,Hatchback,Las Vegas,2019-03-06,McCarran International Airport,12:30,26.00,2019-03-05,
953,GMC Terrain,SUV,Las Vegas,2019-03-06,Union Plaza,12:30,42.00,2019-03-05,
954,Lexus GS,Sedan,Las Vegas,2019-03-06,Union Plaza,12:30,39.00,2019-03-05,
955,Mazda CX-5,SUV,Las Vegas,2019-03-06,McCarran International Airport,12:30,49.00,2019-03-05,
956,Nissan Qashqai,Hatchback,Las Vegas,2019-03-06,Union Plaza,12:30,26.00,2019-03-05,
957,Peugeot 208,Hatchback,Las Vegas,2019-03-06,McCarran International Airport,12:30,20.00,2019-03-05,
958,Renault Clio,Hatchback,Las Vegas,2019-03-06,McCarran International Airport,12:30,28.00,2019-03-05,
959,Dodge Charger,Sedan,,2019-03-06,McCarran International Airport,12:30,36.00,2019-03-05,False
960,Buick Regal Sportback,Sedan,Anaheim,2019-03-08,John Wayne Airport,11:00,31.00,2019-03-03,
961,Dacia Duster,SUV,Anaheim,2019-03-08,Anaheim Intermodal Center,11:00,42.00,2019-03-03,
962,Hyundai Ioniq,Sedan,Anaheim,2019-03-08,Anaheim Intermodal Center,11:00,26.00,2019-03-03,
963,Kia Ceed,Hatchback,Anaheim,2019-03-08,John Wayne Airport,11:00,26.00,2019-03-03,
964,Mazda 3,Hatchback,Anaheim,2019-03-08,John Wayne Airport,11:00,27.00,2019-03-03,
965,Renault Clio,Hatchback,Anaheim,2019-03-08,John Wayne Airport,11:00,24.00,2019-03-03,
966,Skoda Kodiaq,SUV,Anaheim,2019-03-08,John Wayne Airport,11:00,42.00,2019-03-03,
967,Subaru Impreza,Sedan,Anaheim,2019-03-08,John Wayne Airport,11:00,31.00,2019-03-03,
968,Volvo S90,Sedan,Anaheim,2019-03-08,John Wayne Airport,11:00,37.00,2019-03-03,
969,Volvo S90,Sedan,,2019-03-08,John Wayne Airport,11:00,55.00,2019-03-03,True
970,Buick Regal Sportback,Sedan,Anaheim,2019-03-12,John Wayne Airport,15:00,38.00,2019-03-08,
971,Dacia Duster,SUV,Anaheim,2019-03-12,Anaheim Intermodal Center,15:00,36.00,2019-03-08,
972,Hyundai Ioniq,Sedan,Anaheim,2019-03-12,Anaheim Intermodal Center,15:00,27.00,2019-03-08,
973,Kia Ceed,Hatchback,Anaheim,2019-03-12,John Wayne Airport,15:00,29.00,2019-03-08,
974,Mazda 3,Hatchback,Anaheim,2019-03-12,John Wayne Airport,15:00,31.00,2019-03-08,
975,Peugeot 208,Hatchback,Anaheim,2019-03-12,John Wayne Airport,15:00,22.00,2019-03-08,
976,Renault Clio,Hatchback,Anaheim,2019-03-12,John Wayne Airport,15:00,24.00,2019-03-08,
977,SEAT Leon,Hatchback,Anaheim,2019-03-12,Anaheim Intermodal Center,15:00,23.00,2019-03-08,
978,Skoda Kodiaq,SUV,Anaheim,2019-03-12,John Wayne Airport,15:00,37.00,2019-03-08,
979,Skoda Octavia,Sedan,Anaheim,2019-03-12,Anaheim Intermodal Center,15:00,31.00,2019-03-08,
980,Volvo S90,Sedan,,2019-03-12,John Wayne Airport,15:00,32.00,2019-03-08,False
981,Dacia Duster,SUV,Los Angeles,2019-03-08,LAX International Airport,17:00,40.00,2019-03-05,
982,GMC Terrain,SUV,Los Angeles,2019-03-08,Union Station,17:00,44.00,2019-03-05,
983,Mitsubishi Outlander,SUV,Los Angeles,2019-03-08,Union Station,17:00,39.00,2019-03-05,
984,Skoda Kodiaq,SUV,Los Angeles,2019-03-08,LAX International Airport,17:00,42.00,2019-03-05,
985,Suzuki Grand Vitara,SUV,Los Angeles,2019-03-08,LAX International Airport,17:00,40.00,2019-03-05,
986,Skoda Kodiaq,SUV,,2019-03-08,LAX International Airport,17:00,42.00,2019-03-05,False
987,Alfa Romeo Stelvio,SUV,Sacramento,2019-03-13,Sacramento Valley Station,13:30,38.00,2019-03-12,
988,Audi A8,Sedan,Sacramento,2019-03-13,SMF International Airport,13:30,34.00,2019-03-12,
989,Buick Regal Sportback,Sedan,Sacramento,2019-03-13,Sacramento Valley Station,13:30,31.00,2019-03-12,
990,Ford Focus,Hatchback,Sacramento,2019-03-13,SMF International Airport,13:30,31.00,2019-03-12,
991,GMC Terrain,SUV,Sacramento,2019-03-13,SMF International Airport,13:30,45.00,2019-03-12,
992,Jaguar F-Pace,SUV,Sacramento,2019-03-13,Sacramento Valley Station,13:30,35.00,2019-03-12,
993,Kia Ceed,Hatchback,Sacramento,2019-03-13,SMF International Airport,13:30,27.00,2019-03-12,
994,Lexus GS,Sedan,Sacramento,2019-03-13,SMF International Airport,13:30,35.00,2019-03-12,
995,Mitsubishi Outlander,SUV,Sacramento,2019-03-13,SMF International Airport,13:30,44.00,2019-03-12,
996,Nissan Qashqai,Hatchback,Sacramento,2019-03-13,Sacramento Valley Station,13:30,24.00,2019-03-12,
997,Mitsubishi Outlander,SUV,,2019-03-13,Sacramento Valley Station,13:30,44.00,2019-03-12,False
998,Alfa Romeo Stelvio,SUV,Long Beach,2019-03-10,LGB Airport,15:30,44.00,2019-03-09,
999,Audi A8,Sedan,Long Beach,2019-03-10,LGB Airport,15:30,36.00,2019-03-09,
1000,Buick Regal Sportback,Sedan,Long Beach,2019-03-10,Downtown Station,15:30,29.00,2019-03-09,
1001,Citroen C5,SUV,Long Beach,2019-03-10,LGB Airport,15:30,39.00,2019-03-09,
1002,Fiat Panda,Hatchback,Long Beach,2019-03-10,LGB Airport,15:30,31.00,2019-03-09,
1003,Hyundai Ioniq,Sedan,Long Beach,2019-03-10,LGB Airport,15:30,34.00,2019-03-09,
1004,Jaguar F-Pace,SUV,Long Beach,2019-03-10,Downtown Station,15:30,41.00,2019-03-09,
1005,Kia Ceed,Hatchback,Long Beach,2019-03-10,Downtown Station,15:30,24.00,2019-03-09,
1006,Mazda 3,Hatchback,Long Beach,2019-03-10,LGB Airport,15:30,24.00,2019-03-09,
1007,Peugeot 208,Hatchback,Long Beach,2019-03-10,Downtown Station,15:30,23.00,2019-03-09,
1008,Citroen C5,SUV,,2019-03-10,LGB Airport,15:30,39.00,2019-03-09,False
1009,Hyundai Ioniq,Sedan,Los Angeles,2019-03-12,LAX International Airport,19:30,31.00,2019-03-11,
1010,Volvo S90,Sedan,Los Angeles,2019-03-12,LAX International Airport,19:30,33.00,2019-03-11,
1011,Audi A8,Sedan,London,2019-03-12,Heathrow International Airport,14:30,32.00,2019-03-08,
1012,Buick Regal Sportback,Sedan,London,2019-03-12,Gatwick International Airport,14:30,34.00,2019-03-08,
1013,Citroen C5,SUV,London,2019-03-12,Heathrow International Airport,14:30,49.00,2019-03-08,
1014,Dacia Duster,SUV,London,2019-03-12,Heathrow International Airport,14:30,43.00,2019-03-08,
1015,Fiat Panda,Hatchback,London,2019-03-12,Heathrow International Airport,14:30,29.00,2019-03-08,
1016,Ford Focus,Hatchback,London,2019-03-12,Gatwick International Airport,14:30,29.00,2019-03-08,
1017,GMC Terrain,SUV,London,2019-03-12,Heathrow International Airport,14:30,46.00,2019-03-08,
1018,Hyundai Ioniq,Sedan,London,2019-03-12,Gatwick International Airport,14:30,33.00,2019-03-08,
1019,Lexus GS,Sedan,London,2019-03-12,Heathrow International Airport,14:30,33.00,2019-03-08,
1020,Mazda 3,Hatchback,London,2019-03-12,Gatwick International Airport,14:30,24.00,2019-03-08,
1021,Citroen C5,SUV,San Diego,2019-03-10,SAN International Airport,14:00,42.00,2019-03-07,
1022,Hyundai Ioniq,Sedan,San Diego,2019-03-10,Santa Fe Depot,14:00,35.00,2019-03-07,
1023,Jaguar F-Pace,SUV,San Diego,2019-03-10,Santa Fe Depot,14:00,37.00,2019-03-07,
1024,Lexus GS,Sedan,San Diego,2019-03-10,SAN International Airport,14:00,39.00,2019-03-07,
1025,Mazda 3,Hatchback,San Diego,2019-03-10,SAN International Airport,14:00,25.00,2019-03-07,
1026,Mitsubishi Outlander,SUV,San Diego,2019-03-10,SAN International Airport,14:00,44.00,2019-03-07,
1027,SEAT Cordoba,Sedan,San Diego,2019-03-10,Santa Fe Depot,14:00,34.00,2019-03-07,
1028,SEAT Leon,Hatchback,San Diego,2019-03-10,SAN International Airport,14:00,33.00,2019-03-07,
1029,Skoda Octavia,Sedan,San Diego,2019-03-10,SAN International Airport,14:00,39.00,2019-03-07,
1030,Vauxhaull Astra,Hatchback,San Diego,2019-03-10,SAN International Airport,14:00,26.00,2019-03-07,
1031,Citroen C5,SUV,Mexico City,2019-03-14,Benito Juarez International Airport,10:30,30.00,2019-03-09,
1032,Dodge Charger,Sedan,Mexico City,2019-03-14,Benito Juarez International Airport,10:30,23.00,2019-03-09,
1033,Fiat Panda,Hatchback,Mexico City,2019-03-14,Benito Juarez International Airport,10:30,16.00,2019-03-09,
1034,GMC Terrain,SUV,Mexico City,2019-03-14,Benito Juarez International Airport,10:30,33.00,2019-03-09,
1035,Hyundai Ioniq,Sedan,Mexico City,2019-03-14,Benito Juarez International Airport,10:30,25.00,2019-03-09,
1036,Lexus GS,Sedan,Mexico City,2019-03-14,Estacion Buenavista,10:30,19.00,2019-03-09,
1037,Mazda 3,Hatchback,Mexico City,2019-03-14,Estacion Buenavista,10:30,15.00,2019-03-09,
1038,Mitsubishi Outlander,SUV,Mexico City,2019-03-14,Estacion Buenavista,10:30,23.00,2019-03-09,
1039,Nissan Qashqai,Hatchback,Mexico City,2019-03-14,Benito Juarez International Airport,10:30,17.00,2019-03-09,
1040,Peugeot 208,Hatchback,Mexico City,2019-03-14,Estacion Buenavista,10:30,14.00,2019-03-09,
1041,Fiat Panda,Hatchback,Delhi,2019-03-13,Indira Gandhi International Airport,17:00,30.00,2019-03-11,
1042,Ford Focus,Hatchback,Delhi,2019-03-13,Indira Gandhi International Airport,17:00,34.00,2019-03-11,
1043,Renault Clio,Hatchback,Delhi,2019-03-13,Indira Gandhi International Airport,17:00,25.00,2019-03-11,
1044,SEAT Leon,Hatchback,Delhi,2019-03-13,Indira Gandhi International Airport,17:00,26.00,2019-03-11,
1045,Alfa Romeo Stelvio,SUV,Portland,2019-03-14,Portland Bus Station,19:30,43.00,2019-03-11,
1046,Dacia Duster,SUV,Portland,2019-03-14,Portland Bus Station,19:30,42.00,2019-03-11,
1047,Hyundai Ioniq,Sedan,Portland,2019-03-14,Portland Bus Station,19:30,33.00,2019-03-11,
1048,Kia Ceed,Hatchback,Portland,2019-03-14,Portland Bus Station,19:30,26.00,2019-03-11,
1049,Lexus GS,Sedan,Portland,2019-03-14,Portland Bus Station,19:30,33.00,2019-03-11,
1050,Renault Clio,Hatchback,Portland,2019-03-14,Portland Bus Station,19:30,20.00,2019-03-11,
1051,SEAT Cordoba,Sedan,Portland,2019-03-14,Portland Bus Station,19:30,27.00,2019-03-11,
1052,SEAT Leon,Hatchback,Portland,2019-03-14,Portland Bus Station,19:30,22.00,2019-03-11,
1053,Subaru Impreza,Sedan,Portland,2019-03-14,Portland Bus Station,19:30,33.00,2019-03-11,
1054,Vauxhaull Astra,Hatchback,Portland,2019-03-14,Portland Bus Station,19:30,28.00,2019-03-11,
1055,Alfa Romeo Stelvio,SUV,Portland,2019-03-14,Portland Bus Station,19:30,33.00,2019-03-13,
1056,Dacia Duster,SUV,Portland,2019-03-14,Portland Bus Station,19:30,37.00,2019-03-13,
1057,Hyundai Ioniq,Sedan,Portland,2019-03-14,Portland Bus Station,19:30,31.00,2019-03-13,
1058,Kia Ceed,Hatchback,Portland,2019-03-14,Portland Bus Station,19:30,25.00,2019-03-13,
1059,Lexus GS,Sedan,Portland,2019-03-14,Portland Bus Station,19:30,33.00,2019-03-13,
1060,Renault Clio,Hatchback,Portland,2019-03-14,Portland Bus Station,19:30,22.00,2019-03-13,
1061,SEAT Cordoba,Sedan,Portland,2019-03-14,Portland Bus Station,19:30,34.00,2019-03-13,
1062,SEAT Leon,Hatchback,Portland,2019-03-14,Portland Bus Station,19:30,30.00,2019-03-13,
1063,Subaru Impreza,Sedan,Portland,2019-03-14,Portland Bus Station,19:30,34.00,2019-03-13,
1064,Vauxhaull Astra,Hatchback,Portland,2019-03-14,Portland Bus Station,19:30,29.00,2019-03-13,
1065,Audi A8,Sedan,San Francisco,2019-03-13,Salesforce Transit Center,17:00,25.00,2019-03-09,
1066,Buick Regal Sportback,Sedan,San Francisco,2019-03-13,Salesforce Transit Center,17:00,31.00,2019-03-09,
1067,Fiat Panda,Hatchback,San Francisco,2019-03-13,SFO International Airport,17:00,25.00,2019-03-09,
1068,GMC Terrain,SUV,San Francisco,2019-03-13,SFO International Airport,17:00,50.00,2019-03-09,
1069,Hyundai Ioniq,Sedan,San Francisco,2019-03-13,SFO International Airport,17:00,36.00,2019-03-09,
1070,Jaguar F-Pace,SUV,San Francisco,2019-03-13,Salesforce Transit Center,17:00,48.00,2019-03-09,
1071,Kia Ceed,Hatchback,San Francisco,2019-03-13,SFO International Airport,17:00,26.00,2019-03-09,
1072,Lexus GS,Sedan,San Francisco,2019-03-13,Salesforce Transit Center,17:00,29.00,2019-03-09,
1073,Mazda 3,Hatchback,San Francisco,2019-03-13,Salesforce Transit Center,17:00,21.00,2019-03-09,
1074,Mitsubishi Outlander,SUV,San Francisco,2019-03-13,SFO International Airport,17:00,37.00,2019-03-09,
1075,Dacia Duster,SUV,Chicago,2019-03-11,Chicago Union Station,17:00,41.00,2019-03-10,
1076,Dodge Charger,Sedan,Chicago,2019-03-11,O'Hare International Airport,17:00,35.00,2019-03-10,
1077,Fiat Panda,Hatchback,Chicago,2019-03-11,O'Hare International Airport,17:00,33.00,2019-03-10,
1078,GMC Terrain,SUV,Chicago,2019-03-11,O'Hare International Airport,17:00,45.00,2019-03-10,
1079,Nissan Qashqai,Hatchback,Chicago,2019-03-11,Chicago Union Station,17:00,26.00,2019-03-10,
1080,Peugeot 208,Hatchback,Chicago,2019-03-11,Chicago Union Station,17:00,26.00,2019-03-10,
1081,SEAT Leon,Hatchback,Chicago,2019-03-11,O'Hare International Airport,17:00,30.00,2019-03-10,
1082,Skoda Kodiaq,SUV,Chicago,2019-03-11,O'Hare International Airport,17:00,55.00,2019-03-10,
1083,Subaru Impreza,Sedan,Chicago,2019-03-11,O'Hare International Airport,17:00,30.00,2019-03-10,
1084,Vauxhaull Astra,Hatchback,Chicago,2019-03-11,Chicago Union Station,17:00,25.00,2019-03-10,
1085,Dacia Duster,SUV,Chicago,2019-03-12,Chicago Union Station,17:00,36.00,2019-03-10,
1086,Dodge Charger,Sedan,Chicago,2019-03-12,O'Hare International Airport,17:00,34.00,2019-03-10,
1087,Fiat Panda,Hatchback,Chicago,2019-03-12,O'Hare International Airport,17:00,29.00,2019-03-10,
1088,GMC Terrain,SUV,Chicago,2019-03-12,O'Hare International Airport,17:00,39.00,2019-03-10,
1089,Nissan Qashqai,Hatchback,Chicago,2019-03-12,Chicago Union Station,17:00,23.00,2019-03-10,
1090,Peugeot 208,Hatchback,Chicago,2019-03-12,Chicago Union Station,17:00,23.00,2019-03-10,
1091,SEAT Leon,Hatchback,Chicago,2019-03-12,O'Hare International Airport,17:00,24.00,2019-03-10,
1092,Skoda Kodiaq,SUV,Chicago,2019-03-12,O'Hare International Airport,17:00,46.00,2019-03-10,
1093,Subaru Impreza,Sedan,Chicago,2019-03-12,O'Hare International Airport,17:00,31.00,2019-03-10,
1094,Vauxhaull Astra,Hatchback,Chicago,2019-03-12,Chicago Union Station,17:00,25.00,2019-03-10,
1095,Alfa Romeo Stelvio,SUV,New York,2019-03-10,Port Authority Station,15:30,36.00,2019-03-07,
1096,Audi A8,Sedan,New York,2019-03-10,JFK International Airport,15:30,34.00,2019-03-07,
1097,Buick Regal Sportback,Sedan,New York,2019-03-10,JFK International Airport,15:30,35.00,2019-03-07,
1098,Dodge Charger,Sedan,New York,2019-03-10,Grand Central Station,15:30,31.00,2019-03-07,
1099,Hyundai Ioniq,Sedan,New York,2019-03-10,Port Authority Station,15:30,31.00,2019-03-07,
1100,Jaguar F-Pace,SUV,New York,2019-03-10,JFK International Airport,15:30,39.00,2019-03-07,
1101,Kia Ceed,Hatchback,New York,2019-03-10,Port Authority Station,15:30,29.00,2019-03-07,
1102,Lexus GS,Sedan,New York,2019-03-10,Port Authority Station,15:30,28.00,2019-03-07,
1103,Peugeot 208,Hatchback,New York,2019-03-10,JFK International Airport,15:30,24.00,2019-03-07,
1104,Renault Clio,Hatchback,New York,2019-03-10,Grand Central Station,15:30,23.00,2019-03-07,
1105,Audi A8,Sedan,San Francisco,2019-03-12,Salesforce Transit Center,17:30,29.00,2019-03-11,
1106,Buick Regal Sportback,Sedan,San Francisco,2019-03-12,Salesforce Transit Center,17:30,30.00,2019-03-11,
1107,Jaguar F-Pace,SUV,San Francisco,2019-03-12,Salesforce Transit Center,17:30,41.00,2019-03-11,
1108,Lexus GS,Sedan,San Francisco,2019-03-12,Salesforce Transit Center,17:30,32.00,2019-03-11,
1109,Mazda 3,Hatchback,San Francisco,2019-03-12,Salesforce Transit Center,17:30,25.00,2019-03-11,
1110,SEAT Cordoba,Sedan,San Francisco,2019-03-12,Salesforce Transit Center,17:30,34.00,2019-03-11,
1111,Vauxhaull Astra,Hatchback,San Francisco,2019-03-12,Salesforce Transit Center,17:30,23.00,2019-03-11,
1112,Audi A8,Sedan,San Francisco,2019-03-08,Salesforce Transit Center,17:00,29.00,2019-03-07,
1113,Buick Regal Sportback,Sedan,San Francisco,2019-03-08,Salesforce Transit Center,17:00,29.00,2019-03-07,
1114,Fiat Panda,Hatchback,San Francisco,2019-03-08,SFO International Airport,17:00,28.00,2019-03-07,
1115,GMC Terrain,SUV,San Francisco,2019-03-08,SFO International Airport,17:00,43.00,2019-03-07,
1116,Hyundai Ioniq,Sedan,San Francisco,2019-03-08,SFO International Airport,17:00,29.00,2019-03-07,
1117,Jaguar F-Pace,SUV,San Francisco,2019-03-08,Salesforce Transit Center,17:00,43.00,2019-03-07,
1118,Kia Ceed,Hatchback,San Francisco,2019-03-08,SFO International Airport,17:00,25.00,2019-03-07,
1119,Lexus GS,Sedan,San Francisco,2019-03-08,Salesforce Transit Center,17:00,28.00,2019-03-07,
1120,Mazda 3,Hatchback,San Francisco,2019-03-08,Salesforce Transit Center,17:00,24.00,2019-03-07,
1121,Mitsubishi Outlander,SUV,San Francisco,2019-03-08,SFO International Airport,17:00,39.00,2019-03-07,
1122,Audi A8,Sedan,Delhi,2019-03-13,Indira Gandhi International Airport,18:30,39.00,2019-03-11,
1123,Fiat Panda,Hatchback,Delhi,2019-03-13,Indira Gandhi International Airport,18:30,30.00,2019-03-11,
1124,Ford Focus,Hatchback,Delhi,2019-03-13,Indira Gandhi International Airport,18:30,34.00,2019-03-11,
1125,Renault Clio,Hatchback,Delhi,2019-03-13,Indira Gandhi International Airport,18:30,25.00,2019-03-11,
1126,SEAT Cordoba,Sedan,Delhi,2019-03-13,Indira Gandhi International Airport,18:30,31.00,2019-03-11,
1127,SEAT Leon,Hatchback,Delhi,2019-03-13,Indira Gandhi International Airport,18:30,26.00,2019-03-11,
1128,Suzuki Grand Vitara,SUV,Delhi,2019-03-13,Indira Gandhi International Airport,18:30,43.00,2019-03-11,
1129,Volvo S90,Sedan,Delhi,2019-03-13,Indira Gandhi International Airport,18:30,30.00,2019-03-11,
1130,Dacia Duster,SUV,Toronto,2019-03-11,Toronto Pearson International Airport,20:00,44.00,2019-03-04,
1131,SEAT Cordoba,Sedan,Toronto,2019-03-11,Toronto Pearson International Airport,20:00,40.00,2019-03-04,
1132,Vauxhaull Astra,Hatchback,Toronto,2019-03-11,Toronto Pearson International Airport,20:00,28.00,2019-03-04,
1133,Audi A8,Sedan,Vancouver,2019-03-11,Pacific Central Station,15:00,29.00,2019-03-08,
1134,Dacia Duster,SUV,Vancouver,2019-03-11,YVR International Airport,15:00,51.00,2019-03-08,
1135,Dodge Charger,Sedan,Vancouver,2019-03-11,Pacific Central Station,15:00,34.00,2019-03-08,
1136,Ford Focus,Hatchback,Vancouver,2019-03-11,YVR International Airport,15:00,27.00,2019-03-08,
1137,Jaguar F-Pace,SUV,Vancouver,2019-03-11,YVR International Airport,15:00,49.00,2019-03-08,
1138,Kia Ceed,Hatchback,Vancouver,2019-03-11,Pacific Central Station,15:00,29.00,2019-03-08,
1139,Mazda 3,Hatchback,Vancouver,2019-03-11,YVR International Airport,15:00,27.00,2019-03-08,
1140,Nissan Qashqai,Hatchback,Vancouver,2019-03-11,Pacific Central Station,15:00,23.00,2019-03-08,
1141,Peugeot 208,Hatchback,Vancouver,2019-03-11,YVR International Airport,15:00,30.00,2019-03-08,
1142,SEAT Cordoba,Sedan,Vancouver,2019-03-11,Pacific Central Station,15:00,26.00,2019-03-08,
1143,Dacia Duster,SUV,Los Angeles,2019-03-04,LAX International Airport,13:30,42.00,2019-03-03,
1144,GMC Terrain,SUV,Los Angeles,2019-03-04,Union Station,13:30,45.00,2019-03-03,
1145,Mitsubishi Outlander,SUV,Los Angeles,2019-03-04,Union Station,13:30,37.00,2019-03-03,
1146,Skoda Kodiaq,SUV,Los Angeles,2019-03-04,LAX International Airport,13:30,46.00,2019-03-03,
1147,Suzuki Grand Vitara,SUV,Los Angeles,2019-03-04,LAX International Airport,13:30,48.00,2019-03-03,
1148,Audi A8,Sedan,Las Vegas,2019-03-07,Union Plaza,16:00,27.00,2019-03-03,
1149,Buick Regal Sportback,Sedan,Las Vegas,2019-03-07,McCarran International Airport,16:00,33.00,2019-03-03,
1150,Dodge Charger,Sedan,Las Vegas,2019-03-07,McCarran International Airport,16:00,27.00,2019-03-03,
1151,Fiat Panda,Hatchback,Las Vegas,2019-03-07,McCarran International Airport,16:00,29.00,2019-03-03,
1152,GMC Terrain,SUV,Las Vegas,2019-03-07,Union Plaza,16:00,36.00,2019-03-03,
1153,Lexus GS,Sedan,Las Vegas,2019-03-07,Union Plaza,16:00,30.00,2019-03-03,
1154,Mazda CX-5,SUV,Las Vegas,2019-03-07,McCarran International Airport,16:00,33.00,2019-03-03,
1155,Nissan Qashqai,Hatchback,Las Vegas,2019-03-07,Union Plaza,16:00,27.00,2019-03-03,
1156,Peugeot 208,Hatchback,Las Vegas,2019-03-07,McCarran International Airport,16:00,28.00,2019-03-03,
1157,Renault Clio,Hatchback,Las Vegas,2019-03-07,McCarran International Airport,16:00,27.00,2019-03-03,
1158,Dacia Duster,SUV,Chicago,2019-03-09,Chicago Union Station,15:30,43.00,2019-03-05,
1159,Dodge Charger,Sedan,Chicago,2019-03-09,O'Hare International Airport,15:30,37.00,2019-03-05,
1160,Fiat Panda,Hatchback,Chicago,2019-03-09,O'Hare International Airport,15:30,25.00,2019-03-05,
1161,GMC Terrain,SUV,Chicago,2019-03-09,O'Hare International Airport,15:30,36.00,2019-03-05,
1162,Nissan Qashqai,Hatchback,Chicago,2019-03-09,Chicago Union Station,15:30,25.00,2019-03-05,
1163,Peugeot 208,Hatchback,Chicago,2019-03-09,Chicago Union Station,15:30,21.00,2019-03-05,
1164,SEAT Leon,Hatchback,Chicago,2019-03-09,O'Hare International Airport,15:30,31.00,2019-03-05,
1165,Skoda Kodiaq,SUV,Chicago,2019-03-09,O'Hare International Airport,15:30,49.00,2019-03-05,
1166,Subaru Impreza,Sedan,Chicago,2019-03-09,O'Hare International Airport,15:30,27.00,2019-03-05,
1167,Vauxhaull Astra,Hatchback,Chicago,2019-03-09,Chicago Union Station,15:30,25.00,2019-03-05,
1168,Buick Regal Sportback,Sedan,Toronto,2019-03-14,Toronto Pearson International Airport,20:00,38.00,2019-03-12,
1169,Dacia Duster,SUV,Toronto,2019-03-14,Toronto Pearson International Airport,20:00,33.00,2019-03-12,
1170,GMC Terrain,SUV,Toronto,2019-03-14,Toronto Pearson International Airport,20:00,39.00,2019-03-12,
1171,Hyundai Ioniq,Sedan,Toronto,2019-03-14,Toronto Pearson International Airport,20:00,33.00,2019-03-12,
1172,Jaguar F-Pace,SUV,Toronto,2019-03-14,Toronto Pearson International Airport,20:00,43.00,2019-03-12,
1173,Kia Ceed,Hatchback,Toronto,2019-03-14,Toronto Pearson International Airport,20:00,29.00,2019-03-12,
1174,Mazda 3,Hatchback,Toronto,2019-03-14,Toronto Pearson International Airport,20:00,29.00,2019-03-12,
1175,Peugeot 208,Hatchback,Toronto,2019-03-14,Toronto Pearson International Airport,20:00,26.00,2019-03-12,
1176,SEAT Cordoba,Sedan,Toronto,2019-03-14,Toronto Pearson International Airport,20:00,33.00,2019-03-12,
1177,Skoda Octavia,Sedan,Toronto,2019-03-14,Toronto Pearson International Airport,20:00,31.00,2019-03-12,
1178,Audi A8,Sedan,San Francisco,2019-03-09,Salesforce Transit Center,10:00,32.00,2019-03-07,
1179,Buick Regal Sportback,Sedan,San Francisco,2019-03-09,Salesforce Transit Center,10:00,26.00,2019-03-07,
1180,Jaguar F-Pace,SUV,San Francisco,2019-03-09,Salesforce Transit Center,10:00,40.00,2019-03-07,
1181,Lexus GS,Sedan,San Francisco,2019-03-09,Salesforce Transit Center,10:00,32.00,2019-03-07,
1182,Mazda 3,Hatchback,San Francisco,2019-03-09,Salesforce Transit Center,10:00,27.00,2019-03-07,
1183,SEAT Cordoba,Sedan,San Francisco,2019-03-09,Salesforce Transit Center,10:00,33.00,2019-03-07,
1184,Vauxhaull Astra,Hatchback,San Francisco,2019-03-09,Salesforce Transit Center,10:00,23.00,2019-03-07,
1185,Hyundai Ioniq,Sedan,San Diego,2019-03-12,Santa Fe Depot,18:30,30.00,2019-03-10,
1186,SEAT Cordoba,Sedan,San Diego,2019-03-12,Santa Fe Depot,18:30,32.00,2019-03-10,
1187,Skoda Octavia,Sedan,San Diego,2019-03-12,Santa Fe Depot,18:30,34.00,2019-03-10,
1188,Dacia Duster,SUV,Los Angeles,2019-03-11,LAX International Airport,17:30,42.00,2019-03-09,
1189,Fiat Panda,Hatchback,Los Angeles,2019-03-11,LAX International Airport,17:30,26.00,2019-03-09,
1190,Ford Focus,Hatchback,Los Angeles,2019-03-11,Union Station,17:30,26.00,2019-03-09,
1191,GMC Terrain,SUV,Los Angeles,2019-03-11,Union Station,17:30,45.00,2019-03-09,
1192,Hyundai Ioniq,Sedan,Los Angeles,2019-03-11,LAX International Airport,17:30,31.00,2019-03-09,
1193,Lexus GS,Sedan,Los Angeles,2019-03-11,Union Station,17:30,33.00,2019-03-09,
1194,Mitsubishi Outlander,SUV,Los Angeles,2019-03-11,Union Station,17:30,41.00,2019-03-09,
1195,Nissan Qashqai,Hatchback,Los Angeles,2019-03-11,LAX International Airport,17:30,25.00,2019-03-09,
1196,Renault Clio,Hatchback,Los Angeles,2019-03-11,LAX International Airport,17:30,21.00,2019-03-09,
1197,SEAT Cordoba,Sedan,Los Angeles,2019-03-11,Union Station,17:30,33.00,2019-03-09,
1198,Audi A8,Sedan,Nairobi,2019-03-13,Jomo Kenyatta International Airport,12:30,22.00,2019-03-12,
1199,Buick Regal Sportback,Sedan,Nairobi,2019-03-13,Jomo Kenyatta International Airport,12:30,22.00,2019-03-12,
1200,Ford Focus,Hatchback,Nairobi,2019-03-13,Jomo Kenyatta International Airport,12:30,21.00,2019-03-12,
1201,Nissan Qashqai,Hatchback,Nairobi,2019-03-13,Jomo Kenyatta International Airport,12:30,16.00,2019-03-12,
1202,Suzuki Grand Vitara,SUV,Nairobi,2019-03-13,Jomo Kenyatta International Airport,12:30,36.00,2019-03-12,
1203,Buick Regal Sportback,Sedan,Toronto,2019-03-06,Toronto Pearson International Airport,16:00,35.00,2019-03-03,
1204,Dacia Duster,SUV,Toronto,2019-03-06,Toronto Pearson International Airport,16:00,43.00,2019-03-03,
1205,GMC Terrain,SUV,Toronto,2019-03-06,Toronto Pearson International Airport,16:00,45.00,2019-03-03,
1206,Hyundai Ioniq,Sedan,Toronto,2019-03-06,Toronto Pearson International Airport,16:00,38.00,2019-03-03,
1207,Jaguar F-Pace,SUV,Toronto,2019-03-06,Toronto Pearson International Airport,16:00,41.00,2019-03-03,
1208,Kia Ceed,Hatchback,Toronto,2019-03-06,Toronto Pearson International Airport,16:00,33.00,2019-03-03,
1209,Mazda 3,Hatchback,Toronto,2019-03-06,Toronto Pearson International Airport,16:00,31.00,2019-03-03,
1210,Peugeot 208,Hatchback,Toronto,2019-03-06,Toronto Pearson International Airport,16:00,30.00,2019-03-03,
1211,SEAT Cordoba,Sedan,Toronto,2019-03-06,Toronto Pearson International Airport,16:00,31.00,2019-03-03,
1212,Skoda Octavia,Sedan,Toronto,2019-03-06,Toronto Pearson International Airport,16:00,39.00,2019-03-03,
1213,Ford Focus,Hatchback,Los Angeles,2019-03-13,Union Station,16:30,25.00,2019-03-08,
1214,GMC Terrain,SUV,Los Angeles,2019-03-13,Union Station,16:30,43.00,2019-03-08,
1215,Hyundai Ioniq,Sedan,Los Angeles,2019-03-13,LAX International Airport,16:30,37.00,2019-03-08,
1216,Lexus GS,Sedan,Los Angeles,2019-03-13,Union Station,16:30,30.00,2019-03-08,
1217,Mitsubishi Outlander,SUV,Los Angeles,2019-03-13,Union Station,16:30,39.00,2019-03-08,
1218,Nissan Qashqai,Hatchback,Los Angeles,2019-03-13,LAX International Airport,16:30,27.00,2019-03-08,
1219,SEAT Cordoba,Sedan,Los Angeles,2019-03-13,Union Station,16:30,30.00,2019-03-08,
1220,Skoda Kodiaq,SUV,Los Angeles,2019-03-13,LAX International Airport,16:30,49.00,2019-03-08,
1221,Suzuki Grand Vitara,SUV,Los Angeles,2019-03-13,LAX International Airport,16:30,30.00,2019-03-08,
1222,Volvo S90,Sedan,Los Angeles,2019-03-13,LAX International Airport,16:30,33.00,2019-03-08,
1223,Alfa Romeo Stelvio,SUV,Portland,2019-03-13,Portland Bus Station,12:00,36.00,2019-03-11,
1224,Buick Regal Sportback,Sedan,Portland,2019-03-13,PDX International Airport,12:00,32.00,2019-03-11,
1225,Citroen C5,SUV,Portland,2019-03-13,Union Station,12:00,35.00,2019-03-11,
1226,Dacia Duster,SUV,Portland,2019-03-13,Portland Bus Station,12:00,38.00,2019-03-11,
1227,Ford Focus,Hatchback,Portland,2019-03-13,PDX International Airport,12:00,30.00,2019-03-11,
1228,Hyundai Ioniq,Sedan,Portland,2019-03-13,Portland Bus Station,12:00,28.00,2019-03-11,
1229,Jaguar F-Pace,SUV,Portland,2019-03-13,PDX International Airport,12:00,43.00,2019-03-11,
1230,Kia Ceed,Hatchback,Portland,2019-03-13,Union Station,12:00,23.00,2019-03-11,
1231,Lexus GS,Sedan,Portland,2019-03-13,Portland Bus Station,12:00,31.00,2019-03-11,
1232,Mazda 3,Hatchback,Portland,2019-03-13,PDX International Airport,12:00,33.00,2019-03-11,
1233,Citroen C5,SUV,San Diego,2019-03-13,SAN International Airport,17:00,42.00,2019-03-08,
1234,Hyundai Ioniq,Sedan,San Diego,2019-03-13,Santa Fe Depot,17:00,30.00,2019-03-08,
1235,Jaguar F-Pace,SUV,San Diego,2019-03-13,Santa Fe Depot,17:00,41.00,2019-03-08,
1236,Lexus GS,Sedan,San Diego,2019-03-13,SAN International Airport,17:00,40.00,2019-03-08,
1237,Mitsubishi Outlander,SUV,San Diego,2019-03-13,SAN International Airport,17:00,46.00,2019-03-08,
1238,SEAT Leon,Hatchback,San Diego,2019-03-13,Santa Fe Depot,17:00,24.00,2019-03-08,
1239,Skoda Octavia,Sedan,San Diego,2019-03-13,SAN International Airport,17:00,36.00,2019-03-08,
1240,Vauxhaull Astra,Hatchback,San Diego,2019-03-13,Santa Fe Depot,17:00,25.00,2019-03-08,
1241,Buick Regal Sportback,Sedan,Phoenix,2019-03-12,Sky Harbor International Airport,11:00,29.00,2019-03-11,
1242,Fiat Panda,Hatchback,Phoenix,2019-03-12,Sky Harbor International Airport,11:00,33.00,2019-03-11,
1243,GMC Terrain,SUV,Phoenix,2019-03-12,Sky Harbor International Airport,11:00,41.00,2019-03-11,
1244,Hyundai Ioniq,Sedan,Phoenix,2019-03-12,Sky Harbor International Airport,11:00,34.00,2019-03-11,
1245,Mazda CX-5,SUV,Phoenix,2019-03-12,Sky Harbor International Airport,11:00,46.00,2019-03-11,
1246,Mitsubishi Outlander,SUV,Phoenix,2019-03-12,Sky Harbor International Airport,11:00,47.00,2019-03-11,
1247,Peugeot 208,Hatchback,Phoenix,2019-03-12,Sky Harbor International Airport,11:00,21.00,2019-03-11,
1248,Subaru Impreza,Sedan,Phoenix,2019-03-12,Sky Harbor International Airport,11:00,35.00,2019-03-11,
1249,Audi A8,Sedan,London,2019-03-14,Heathrow International Airport,10:00,33.00,2019-03-13,
1250,Buick Regal Sportback,Sedan,London,2019-03-14,Gatwick International Airport,10:00,33.00,2019-03-13,
1251,Citroen C5,SUV,London,2019-03-14,Heathrow International Airport,10:00,48.00,2019-03-13,
1252,Dacia Duster,SUV,London,2019-03-14,Heathrow International Airport,10:00,39.00,2019-03-13,
1253,Fiat Panda,Hatchback,London,2019-03-14,Heathrow International Airport,10:00,24.00,2019-03-13,
1254,Ford Focus,Hatchback,London,2019-03-14,Gatwick International Airport,10:00,23.00,2019-03-13,
1255,GMC Terrain,SUV,London,2019-03-14,Heathrow International Airport,10:00,38.00,2019-03-13,
1256,Hyundai Ioniq,Sedan,London,2019-03-14,Gatwick International Airport,10:00,29.00,2019-03-13,
1257,Lexus GS,Sedan,London,2019-03-14,Heathrow International Airport,10:00,27.00,2019-03-13,
1258,Mazda 3,Hatchback,London,2019-03-14,Gatwick International Airport,10:00,25.00,2019-03-13,
1259,Hyundai Ioniq,Sedan,San Diego,2019-03-14,Santa Fe Depot,15:30,29.00,2019-03-09,
1260,Skoda Octavia,Sedan,San Diego,2019-03-14,SAN International Airport,15:30,28.00,2019-03-09,
1261,Citroen C5,SUV,Mexico City,2019-03-14,Benito Juarez International Airport,12:00,35.00,2019-03-10,
1262,Dodge Charger,Sedan,Mexico City,2019-03-14,Benito Juarez International Airport,12:00,21.00,2019-03-10,
1263,Fiat Panda,Hatchback,Mexico City,2019-03-14,Benito Juarez International Airport,12:00,18.00,2019-03-10,
1264,GMC Terrain,SUV,Mexico City,2019-03-14,Benito Juarez International Airport,12:00,27.00,2019-03-10,
1265,Hyundai Ioniq,Sedan,Mexico City,2019-03-14,Benito Juarez International Airport,12:00,23.00,2019-03-10,
1266,Jaguar F-Pace,SUV,Mexico City,2019-03-14,Estacion Buenavista,12:00,31.00,2019-03-10,
1267,Lexus GS,Sedan,Mexico City,2019-03-14,Estacion Buenavista,12:00,19.00,2019-03-10,
1268,Mazda 3,Hatchback,Mexico City,2019-03-14,Estacion Buenavista,12:00,16.00,2019-03-10,
1269,Mazda CX-5,SUV,Mexico City,2019-03-14,Benito Juarez International Airport,12:00,29.00,2019-03-10,
1270,Mitsubishi Outlander,SUV,Mexico City,2019-03-14,Estacion Buenavista,12:00,29.00,2019-03-10,
1271,Dodge Charger,Sedan,Mexico City,2019-03-14,Benito Juarez International Airport,11:00,21.00,2019-03-10,
1272,Hyundai Ioniq,Sedan,Mexico City,2019-03-14,Benito Juarez International Airport,11:00,23.00,2019-03-10,
1273,Lexus GS,Sedan,Mexico City,2019-03-14,Estacion Buenavista,11:00,19.00,2019-03-10,
1274,Skoda Octavia,Sedan,Mexico City,2019-03-14,Benito Juarez International Airport,11:00,21.00,2019-03-10,
1275,Subaru Impreza,Sedan,Mexico City,2019-03-14,Benito Juarez International Airport,11:00,22.00,2019-03-10,
1276,Volvo S90,Sedan,Mexico City,2019-03-14,Estacion Buenavista,11:00,24.00,2019-03-10,
1277,Audi A8,Sedan,San Francisco,2019-03-08,Salesforce Transit Center,19:30,28.00,2019-03-05,
1278,Buick Regal Sportback,Sedan,San Francisco,2019-03-08,Salesforce Transit Center,19:30,32.00,2019-03-05,
1279,Jaguar F-Pace,SUV,San Francisco,2019-03-08,Salesforce Transit Center,19:30,41.00,2019-03-05,
1280,Lexus GS,Sedan,San Francisco,2019-03-08,Salesforce Transit Center,19:30,29.00,2019-03-05,
1281,Mazda 3,Hatchback,San Francisco,2019-03-08,Salesforce Transit Center,19:30,26.00,2019-03-05,
1282,SEAT Cordoba,Sedan,San Francisco,2019-03-08,Salesforce Transit Center,19:30,27.00,2019-03-05,
1283,Vauxhaull Astra,Hatchback,San Francisco,2019-03-08,Salesforce Transit Center,19:30,29.00,2019-03-05,
1284,Buick Regal Sportback,Sedan,Toronto,2019-03-08,Toronto Pearson International Airport,17:00,36.00,2019-03-05,
1285,Hyundai Ioniq,Sedan,Toronto,2019-03-08,Toronto Pearson International Airport,17:00,33.00,2019-03-05,
1286,SEAT Cordoba,Sedan,Toronto,2019-03-08,Toronto Pearson International Airport,17:00,45.00,2019-03-05,
1287,Skoda Octavia,Sedan,Toronto,2019-03-08,Toronto Pearson International Airport,17:00,32.00,2019-03-05,
1288,Audi A8,Sedan,London,2019-03-14,Heathrow International Airport,09:30,30.00,2019-03-12,
1289,Buick Regal Sportback,Sedan,London,2019-03-14,Gatwick International Airport,09:30,31.00,2019-03-12,
1290,Citroen C5,SUV,London,2019-03-14,Heathrow International Airport,09:30,42.00,2019-03-12,
1291,Dacia Duster,SUV,London,2019-03-14,Heathrow International Airport,09:30,38.00,2019-03-12,
1292,Fiat Panda,Hatchback,London,2019-03-14,Heathrow International Airport,09:30,23.00,2019-03-12,
1293,Ford Focus,Hatchback,London,2019-03-14,Gatwick International Airport,09:30,21.00,2019-03-12,
1294,GMC Terrain,SUV,London,2019-03-14,Heathrow International Airport,09:30,45.00,2019-03-12,
1295,Hyundai Ioniq,Sedan,London,2019-03-14,Gatwick International Airport,09:30,37.00,2019-03-12,
1296,Lexus GS,Sedan,London,2019-03-14,Heathrow International Airport,09:30,34.00,2019-03-12,
1297,Mazda 3,Hatchback,London,2019-03-14,Gatwick International Airport,09:30,30.00,2019-03-12,
1298,Audi A8,Sedan,London,2019-03-06,Heathrow International Airport,15:30,32.00,2019-03-03,
1299,Buick Regal Sportback,Sedan,London,2019-03-06,Gatwick International Airport,15:30,36.00,2019-03-03,
1300,Hyundai Ioniq,Sedan,London,2019-03-06,Gatwick International Airport,15:30,26.00,2019-03-03,
1301,Lexus GS,Sedan,London,2019-03-06,Heathrow International Airport,15:30,29.00,2019-03-03,
1302,SEAT Cordoba,Sedan,London,2019-03-06,Heathrow International Airport,15:30,35.00,2019-03-03,
1303,Volvo S90,Sedan,London,2019-03-06,Heathrow International Airport,15:30,32.00,2019-03-03,
1304,Buick Regal Sportback,Sedan,Toronto,2019-03-06,Toronto Pearson International Airport,20:00,35.00,2019-03-03,
1305,Dacia Duster,SUV,Toronto,2019-03-06,Toronto Pearson International Airport,20:00,43.00,2019-03-03,
1306,GMC Terrain,SUV,Toronto,2019-03-06,Toronto Pearson International Airport,20:00,45.00,2019-03-03,
1307,Hyundai Ioniq,Sedan,Toronto,2019-03-06,Toronto Pearson International Airport,20:00,38.00,2019-03-03,
1308,Jaguar F-Pace,SUV,Toronto,2019-03-06,Toronto Pearson International Airport,20:00,41.00,2019-03-03,
1309,Kia Ceed,Hatchback,Toronto,2019-03-06,Toronto Pearson International Airport,20:00,33.00,2019-03-03,
1310,Mazda 3,Hatchback,Toronto,2019-03-06,Toronto Pearson International Airport,20:00,31.00,2019-03-03,
1311,Peugeot 208,Hatchback,Toronto,2019-03-06,Toronto Pearson International Airport,20:00,30.00,2019-03-03,
1312,SEAT Cordoba,Sedan,Toronto,2019-03-06,Toronto Pearson International Airport,20:00,31.00,2019-03-03,
1313,Skoda Octavia,Sedan,Toronto,2019-03-06,Toronto Pearson International Airport,20:00,39.00,2019-03-03,
1314,Dodge Charger,Sedan,Chicago,2019-03-07,O'Hare International Airport,19:30,42.00,2019-03-04,
1315,Fiat Panda,Hatchback,Chicago,2019-03-07,O'Hare International Airport,19:30,29.00,2019-03-04,
1316,GMC Terrain,SUV,Chicago,2019-03-07,O'Hare International Airport,19:30,41.00,2019-03-04,
1317,SEAT Leon,Hatchback,Chicago,2019-03-07,O'Hare International Airport,19:30,30.00,2019-03-04,
1318,Skoda Kodiaq,SUV,Chicago,2019-03-07,O'Hare International Airport,19:30,42.00,2019-03-04,
1319,Subaru Impreza,Sedan,Chicago,2019-03-07,O'Hare International Airport,19:30,30.00,2019-03-04,
1320,Hyundai Ioniq,Sedan,Los Angeles,2019-03-10,LAX International Airport,16:30,32.00,2019-03-07,
1321,Lexus GS,Sedan,Los Angeles,2019-03-10,Union Station,16:30,28.00,2019-03-07,
1322,SEAT Cordoba,Sedan,Los Angeles,2019-03-10,Union Station,16:30,31.00,2019-03-07,
1323,Volvo S90,Sedan,Los Angeles,2019-03-10,LAX International Airport,16:30,34.00,2019-03-07,
1324,Buick Regal Sportback,Sedan,Atlanta,2019-03-10,Hartsfield-Jackson International Airport,15:30,34.00,2019-03-07,
1325,Citroen C5,SUV,Atlanta,2019-03-10,Hartsfield-Jackson International Airport,15:30,44.00,2019-03-07,
1326,Dodge Charger,Sedan,Atlanta,2019-03-10,Hartsfield-Jackson International Airport,15:30,33.00,2019-03-07,
1327,Fiat Panda,Hatchback,Atlanta,2019-03-10,Hartsfield-Jackson International Airport,15:30,29.00,2019-03-07,
1328,GMC Terrain,SUV,Atlanta,2019-03-10,Peachtree Station,15:30,39.00,2019-03-07,
1329,Jaguar F-Pace,SUV,Atlanta,2019-03-10,Peachtree Station,15:30,37.00,2019-03-07,
1330,Kia Ceed,Hatchback,Atlanta,2019-03-10,Peachtree Station,15:30,25.00,2019-03-07,
1331,Mazda 3,Hatchback,Atlanta,2019-03-10,Peachtree Station,15:30,26.00,2019-03-07,
1332,Mitsubishi Outlander,SUV,Atlanta,2019-03-10,Peachtree Station,15:30,33.00,2019-03-07,
1333,Peugeot 208,Hatchback,Atlanta,2019-03-10,Hartsfield-Jackson International Airport,15:30,23.00,2019-03-07,
1334,Audi A8,Sedan,London,2019-03-12,Heathrow International Airport,13:30,36.00,2019-03-07,
1335,Buick Regal Sportback,Sedan,London,2019-03-12,Gatwick International Airport,13:30,39.00,2019-03-07,
1336,Fiat Panda,Hatchback,London,2019-03-12,Heathrow International Airport,13:30,32.00,2019-03-07,
1337,Ford Focus,Hatchback,London,2019-03-12,Gatwick International Airport,13:30,32.00,2019-03-07,
1338,Lexus GS,Sedan,London,2019-03-12,Heathrow International Airport,13:30,31.00,2019-03-07,
1339,Mazda 3,Hatchback,London,2019-03-12,Gatwick International Airport,13:30,28.00,2019-03-07,
1340,Nissan Qashqai,Hatchback,London,2019-03-12,Heathrow International Airport,13:30,31.00,2019-03-07,
1341,Renault Clio,Hatchback,London,2019-03-12,Gatwick International Airport,13:30,30.00,2019-03-07,
1342,SEAT Cordoba,Sedan,London,2019-03-12,Heathrow International Airport,13:30,35.00,2019-03-07,
1343,SEAT Leon,Hatchback,London,2019-03-12,Gatwick International Airport,13:30,31.00,2019-03-07,
1344,Hyundai Ioniq,Sedan,San Diego,2019-03-11,Santa Fe Depot,19:00,30.00,2019-03-07,
1345,Jaguar F-Pace,SUV,San Diego,2019-03-11,Santa Fe Depot,19:00,39.00,2019-03-07,
1346,SEAT Cordoba,Sedan,San Diego,2019-03-11,Santa Fe Depot,19:00,33.00,2019-03-07,
1347,SEAT Leon,Hatchback,San Diego,2019-03-11,Santa Fe Depot,19:00,26.00,2019-03-07,
1348,Skoda Octavia,Sedan,San Diego,2019-03-11,Santa Fe Depot,19:00,31.00,2019-03-07,
1349,Vauxhaull Astra,Hatchback,San Diego,2019-03-11,Santa Fe Depot,19:00,26.00,2019-03-07,
1350,Dacia Duster,SUV,Chicago,2019-03-14,Chicago Union Station,15:30,41.00,2019-03-13,
1351,Dodge Charger,Sedan,Chicago,2019-03-14,O'Hare International Airport,15:30,29.00,2019-03-13,
1352,Fiat Panda,Hatchback,Chicago,2019-03-14,O'Hare International Airport,15:30,34.00,2019-03-13,
1353,GMC Terrain,SUV,Chicago,2019-03-14,O'Hare International Airport,15:30,43.00,2019-03-13,
1354,Nissan Qashqai,Hatchback,Chicago,2019-03-14,Chicago Union Station,15:30,24.00,2019-03-13,
1355,Peugeot 208,Hatchback,Chicago,2019-03-14,Chicago Union Station,15:30,23.00,2019-03-13,
1356,SEAT Leon,Hatchback,Chicago,2019-03-14,O'Hare International Airport,15:30,30.00,2019-03-13,
1357,Skoda Kodiaq,SUV,Chicago,2019-03-14,O'Hare International Airport,15:30,54.00,2019-03-13,
1358,Subaru Impreza,Sedan,Chicago,2019-03-14,O'Hare International Airport,15:30,37.00,2019-03-13,
1359,Vauxhaull Astra,Hatchback,Chicago,2019-03-14,Chicago Union Station,15:30,22.00,2019-03-13,
1360,Audi A8,Sedan,Nairobi,2019-03-11,Jomo Kenyatta International Airport,16:30,21.00,2019-03-09,
1361,Buick Regal Sportback,Sedan,Nairobi,2019-03-11,Jomo Kenyatta International Airport,16:30,22.00,2019-03-09,
1362,Ford Focus,Hatchback,Nairobi,2019-03-11,Jomo Kenyatta International Airport,16:30,19.00,2019-03-09,
1363,Nissan Qashqai,Hatchback,Nairobi,2019-03-11,Jomo Kenyatta International Airport,16:30,20.00,2019-03-09,
1364,Suzuki Grand Vitara,SUV,Nairobi,2019-03-11,Jomo Kenyatta International Airport,16:30,34.00,2019-03-09,
1365,Buick Regal Sportback,Sedan,Phoenix,2019-03-09,Sky Harbor International Airport,15:30,31.00,2019-03-04,
1366,Fiat Panda,Hatchback,Phoenix,2019-03-09,Sky Harbor International Airport,15:30,25.00,2019-03-04,
1367,GMC Terrain,SUV,Phoenix,2019-03-09,Sky Harbor International Airport,15:30,45.00,2019-03-04,
1368,Hyundai Ioniq,Sedan,Phoenix,2019-03-09,Sky Harbor International Airport,15:30,31.00,2019-03-04,
1369,Mazda CX-5,SUV,Phoenix,2019-03-09,Sky Harbor International Airport,15:30,48.00,2019-03-04,
1370,Mitsubishi Outlander,SUV,Phoenix,2019-03-09,Phoenix Union Station,15:30,40.00,2019-03-04,
1371,Peugeot 208,Hatchback,Phoenix,2019-03-09,Sky Harbor International Airport,15:30,28.00,2019-03-04,
1372,Subaru Impreza,Sedan,Phoenix,2019-03-09,Sky Harbor International Airport,15:30,39.00,2019-03-04,
1373,Volvo S90,Sedan,Phoenix,2019-03-09,Phoenix Union Station,15:30,27.00,2019-03-04,
1374,Buick Regal Sportback,Sedan,Toronto,2019-03-14,Toronto Pearson International Airport,18:00,38.00,2019-03-12,
1375,Hyundai Ioniq,Sedan,Toronto,2019-03-14,Toronto Pearson International Airport,18:00,33.00,2019-03-12,
1376,SEAT Cordoba,Sedan,Toronto,2019-03-14,Toronto Pearson International Airport,18:00,33.00,2019-03-12,
1377,Skoda Octavia,Sedan,Toronto,2019-03-14,Toronto Pearson International Airport,18:00,31.00,2019-03-12,
1378,Buick Regal Sportback,Sedan,Toronto,2019-03-13,Toronto Pearson International Airport,18:00,35.00,2019-03-12,
1379,Hyundai Ioniq,Sedan,Toronto,2019-03-13,Toronto Pearson International Airport,18:00,31.00,2019-03-12,
1380,SEAT Cordoba,Sedan,Toronto,2019-03-13,Toronto Pearson International Airport,18:00,29.00,2019-03-12,
1381,Skoda Octavia,Sedan,Toronto,2019-03-13,Toronto Pearson International Airport,18:00,37.00,2019-03-12,
1382,Audi A8,Sedan,Phoenix,2019-03-11,Phoenix Union Station,19:30,29.00,2019-03-06,
1383,Dacia Duster,SUV,Phoenix,2019-03-11,Phoenix Union Station,19:30,32.00,2019-03-06,
1384,Peugeot 208,Hatchback,Phoenix,2019-03-11,Phoenix Union Station,19:30,22.00,2019-03-06,
1385,Skoda Octavia,Sedan,Phoenix,2019-03-11,Phoenix Union Station,19:30,35.00,2019-03-06,
1386,Subaru Impreza,Sedan,Phoenix,2019-03-11,Phoenix Union Station,19:30,32.00,2019-03-06,
1387,Volvo S90,Sedan,Phoenix,2019-03-11,Phoenix Union Station,19:30,30.00,2019-03-06,
1388,Alfa Romeo Stelvio,SUV,Portland,2019-03-12,Portland Bus Station,13:30,43.00,2019-03-11,
1389,Buick Regal Sportback,Sedan,Portland,2019-03-12,PDX International Airport,13:30,33.00,2019-03-11,
1390,Citroen C5,SUV,Portland,2019-03-12,Union Station,13:30,43.00,2019-03-11,
1391,Dacia Duster,SUV,Portland,2019-03-12,Portland Bus Station,13:30,35.00,2019-03-11,
1392,Ford Focus,Hatchback,Portland,2019-03-12,PDX International Airport,13:30,33.00,2019-03-11,
1393,Hyundai Ioniq,Sedan,Portland,2019-03-12,Portland Bus Station,13:30,35.00,2019-03-11,
1394,Jaguar F-Pace,SUV,Portland,2019-03-12,PDX International Airport,13:30,45.00,2019-03-11,
1395,Kia Ceed,Hatchback,Portland,2019-03-12,Union Station,13:30,26.00,2019-03-11,
1396,Lexus GS,Sedan,Portland,2019-03-12,Portland Bus Station,13:30,29.00,2019-03-11,
1397,Mazda 3,Hatchback,Portland,2019-03-12,PDX International Airport,13:30,29.00,2019-03-11,
1398,Alfa Romeo Stelvio,SUV,New York,2019-03-12,Port Authority Station,14:00,40.00,2019-03-09,
1399,Audi A8,Sedan,New York,2019-03-12,JFK International Airport,14:00,31.00,2019-03-09,
1400,Buick Regal Sportback,Sedan,New York,2019-03-12,JFK International Airport,14:00,34.00,2019-03-09,
1401,Dodge Charger,Sedan,New York,2019-03-12,Grand Central Station,14:00,30.00,2019-03-09,
1402,Hyundai Ioniq,Sedan,New York,2019-03-12,Port Authority Station,14:00,22.00,2019-03-09,
1403,Jaguar F-Pace,SUV,New York,2019-03-12,JFK International Airport,14:00,40.00,2019-03-09,
1404,Kia Ceed,Hatchback,New York,2019-03-12,Port Authority Station,14:00,23.00,2019-03-09,
1405,Lexus GS,Sedan,New York,2019-03-12,Port Authority Station,14:00,28.00,2019-03-09,
1406,Peugeot 208,Hatchback,New York,2019-03-12,JFK International Airport,14:00,27.00,2019-03-09,
1407,Renault Clio,Hatchback,New York,2019-03-12,Grand Central Station,14:00,26.00,2019-03-09,
1408,Mazda 3,Hatchback,San Francisco,2019-03-14,Salesforce Transit Center,18:30,25.00,2019-03-13,
1409,Vauxhaull Astra,Hatchback,San Francisco,2019-03-14,Salesforce Transit Center,18:30,27.00,2019-03-13,
1410,Alfa Romeo Stelvio,SUV,Philadelphia,2019-03-10,Intercity Terminal,15:00,40.00,2019-03-06,
1411,Dodge Charger,Sedan,Philadelphia,2019-03-10,30th Street Station,15:00,30.00,2019-03-06,
1412,Ford Focus,Hatchback,Philadelphia,2019-03-10,30th Street Station,15:00,24.00,2019-03-06,
1413,GMC Terrain,SUV,Philadelphia,2019-03-10,Intercity Terminal,15:00,46.00,2019-03-06,
1414,Hyundai Ioniq,Sedan,Philadelphia,2019-03-10,30th Street Station,15:00,28.00,2019-03-06,
1415,Jaguar F-Pace,SUV,Philadelphia,2019-03-10,Intercity Terminal,15:00,31.00,2019-03-06,
1416,Kia Ceed,Hatchback,Philadelphia,2019-03-10,30th Street Station,15:00,25.00,2019-03-06,
1417,Mazda 3,Hatchback,Philadelphia,2019-03-10,PHL International Airport,15:00,27.00,2019-03-06,
1418,Mitsubishi Outlander,SUV,Philadelphia,2019-03-10,PHL International Airport,15:00,46.00,2019-03-06,
1419,Renault Clio,Hatchback,Philadelphia,2019-03-10,Intercity Terminal,15:00,28.00,2019-03-06,
1420,Dodge Charger,Sedan,Philadelphia,2019-03-10,30th Street Station,18:30,30.00,2019-03-07,
1421,Ford Focus,Hatchback,Philadelphia,2019-03-10,30th Street Station,18:30,27.00,2019-03-07,
1422,Hyundai Ioniq,Sedan,Philadelphia,2019-03-10,30th Street Station,18:30,34.00,2019-03-07,
1423,Kia Ceed,Hatchback,Philadelphia,2019-03-10,30th Street Station,18:30,28.00,2019-03-07,
1424,Skoda Kodiaq,SUV,Philadelphia,2019-03-10,30th Street Station,18:30,43.00,2019-03-07,
1425,Audi A8,Sedan,Nairobi,2019-03-12,Jomo Kenyatta International Airport,14:30,22.00,2019-03-08,
1426,Buick Regal Sportback,Sedan,Nairobi,2019-03-12,Jomo Kenyatta International Airport,14:30,23.00,2019-03-08,
1427,Ford Focus,Hatchback,Nairobi,2019-03-12,Jomo Kenyatta International Airport,14:30,19.00,2019-03-08,
1428,Nissan Qashqai,Hatchback,Nairobi,2019-03-12,Jomo Kenyatta International Airport,14:30,19.00,2019-03-08,
1429,Suzuki Grand Vitara,SUV,Nairobi,2019-03-12,Jomo Kenyatta International Airport,14:30,37.00,2019-03-08,
1430,Audi A8,Sedan,San Francisco,2019-03-14,Salesforce Transit Center,20:00,30.00,2019-03-10,
1431,Buick Regal Sportback,Sedan,San Francisco,2019-03-14,Salesforce Transit Center,20:00,29.00,2019-03-10,
1432,Jaguar F-Pace,SUV,San Francisco,2019-03-14,Salesforce Transit Center,20:00,41.00,2019-03-10,
1433,Lexus GS,Sedan,San Francisco,2019-03-14,Salesforce Transit Center,20:00,29.00,2019-03-10,
1434,Mazda 3,Hatchback,San Francisco,2019-03-14,Salesforce Transit Center,20:00,30.00,2019-03-10,
1435,SEAT Cordoba,Sedan,San Francisco,2019-03-14,Salesforce Transit Center,20:00,30.00,2019-03-10,
1436,Vauxhaull Astra,Hatchback,San Francisco,2019-03-14,Salesforce Transit Center,20:00,23.00,2019-03-10,
1437,Audi A8,Sedan,San Francisco,2019-03-08,Salesforce Transit Center,14:30,29.00,2019-03-07,
1438,Buick Regal Sportback,Sedan,San Francisco,2019-03-08,Salesforce Transit Center,14:30,29.00,2019-03-07,
1439,Fiat Panda,Hatchback,San Francisco,2019-03-08,SFO International Airport,14:30,28.00,2019-03-07,
1440,GMC Terrain,SUV,San Francisco,2019-03-08,SFO International Airport,14:30,43.00,2019-03-07,
1441,Hyundai Ioniq,Sedan,San Francisco,2019-03-08,SFO International Airport,14:30,29.00,2019-03-07,
1442,Jaguar F-Pace,SUV,San Francisco,2019-03-08,Salesforce Transit Center,14:30,43.00,2019-03-07,
1443,Kia Ceed,Hatchback,San Francisco,2019-03-08,SFO International Airport,14:30,25.00,2019-03-07,
1444,Lexus GS,Sedan,San Francisco,2019-03-08,Salesforce Transit Center,14:30,28.00,2019-03-07,
1445,Mazda 3,Hatchback,San Francisco,2019-03-08,Salesforce Transit Center,14:30,24.00,2019-03-07,
1446,Mitsubishi Outlander,SUV,San Francisco,2019-03-08,SFO International Airport,14:30,39.00,2019-03-07,
1447,Citroen C5,SUV,San Diego,2019-03-13,SAN International Airport,16:30,53.00,2019-03-11,
1448,Hyundai Ioniq,Sedan,San Diego,2019-03-13,Santa Fe Depot,16:30,29.00,2019-03-11,
1449,Jaguar F-Pace,SUV,San Diego,2019-03-13,Santa Fe Depot,16:30,33.00,2019-03-11,
1450,Lexus GS,Sedan,San Diego,2019-03-13,SAN International Airport,16:30,34.00,2019-03-11,
1451,Mazda 3,Hatchback,San Diego,2019-03-13,SAN International Airport,16:30,26.00,2019-03-11,
1452,Mitsubishi Outlander,SUV,San Diego,2019-03-13,SAN International Airport,16:30,36.00,2019-03-11,
1453,SEAT Cordoba,Sedan,San Diego,2019-03-13,Santa Fe Depot,16:30,32.00,2019-03-11,
1454,SEAT Leon,Hatchback,San Diego,2019-03-13,SAN International Airport,16:30,29.00,2019-03-11,
1455,Skoda Octavia,Sedan,San Diego,2019-03-13,SAN International Airport,16:30,34.00,2019-03-11,
1456,Vauxhaull Astra,Hatchback,San Diego,2019-03-13,SAN International Airport,16:30,29.00,2019-03-11,
1457,Citroen C5,SUV,San Diego,2019-03-06,SAN International Airport,14:00,41.00,2019-03-05,
1458,Hyundai Ioniq,Sedan,San Diego,2019-03-06,Santa Fe Depot,14:00,27.00,2019-03-05,
1459,Jaguar F-Pace,SUV,San Diego,2019-03-06,Santa Fe Depot,14:00,41.00,2019-03-05,
1460,Lexus GS,Sedan,San Diego,2019-03-06,SAN International Airport,14:00,29.00,2019-03-05,
1461,Mazda 3,Hatchback,San Diego,2019-03-06,SAN International Airport,14:00,29.00,2019-03-05,
1462,Mitsubishi Outlander,SUV,San Diego,2019-03-06,SAN International Airport,14:00,37.00,2019-03-05,
1463,SEAT Cordoba,Sedan,San Diego,2019-03-06,Santa Fe Depot,14:00,29.00,2019-03-05,
1464,SEAT Leon,Hatchback,San Diego,2019-03-06,SAN International Airport,14:00,32.00,2019-03-05,
1465,Skoda Octavia,Sedan,San Diego,2019-03-06,SAN International Airport,14:00,33.00,2019-03-05,
1466,Vauxhaull Astra,Hatchback,San Diego,2019-03-06,SAN International Airport,14:00,28.00,2019-03-05,
1467,Hyundai Ioniq,Sedan,Portland,2019-03-07,Portland Bus Station,19:30,27.00,2019-03-06,
1468,Lexus GS,Sedan,Portland,2019-03-07,Portland Bus Station,19:30,30.00,2019-03-06,
1469,SEAT Cordoba,Sedan,Portland,2019-03-07,Portland Bus Station,19:30,27.00,2019-03-06,
1470,Subaru Impreza,Sedan,Portland,2019-03-07,Portland Bus Station,19:30,28.00,2019-03-06,
1471,Audi A8,Sedan,Seattle,2019-03-11,King Street Station,15:30,30.00,2019-03-05,
1472,Dacia Duster,SUV,Seattle,2019-03-11,King Street Station,15:30,37.00,2019-03-05,
1473,Hyundai Ioniq,Sedan,Seattle,2019-03-11,King Street Station,15:30,33.00,2019-03-05,
1474,Nissan Qashqai,Hatchback,Seattle,2019-03-11,King Street Station,15:30,28.00,2019-03-05,
1475,Suzuki Grand Vitara,SUV,Seattle,2019-03-11,Seattle-Tacoma International Airport,15:30,48.00,2019-03-05,
1476,Vauxhaull Astra,Hatchback,Seattle,2019-03-11,Seattle-Tacoma International Airport,15:30,27.00,2019-03-05,
1477,Buick Regal Sportback,Sedan,New York,2019-03-10,JFK International Airport,15:00,36.00,2019-03-05,
1478,Dodge Charger,Sedan,New York,2019-03-10,Grand Central Station,15:00,28.00,2019-03-05,
1479,Hyundai Ioniq,Sedan,New York,2019-03-10,Port Authority Station,15:00,27.00,2019-03-05,
1480,Jaguar F-Pace,SUV,New York,2019-03-10,JFK International Airport,15:00,36.00,2019-03-05,
1481,Kia Ceed,Hatchback,New York,2019-03-10,Port Authority Station,15:00,23.00,2019-03-05,
1482,Lexus GS,Sedan,New York,2019-03-10,Port Authority Station,15:00,29.00,2019-03-05,
1483,Peugeot 208,Hatchback,New York,2019-03-10,JFK International Airport,15:00,29.00,2019-03-05,
1484,Renault Clio,Hatchback,New York,2019-03-10,Grand Central Station,15:00,25.00,2019-03-05,
1485,SEAT Cordoba,Sedan,New York,2019-03-10,Grand Central Station,15:00,32.00,2019-03-05,
1486,Skoda Kodiaq,SUV,New York,2019-03-10,JFK International Airport,15:00,43.00,2019-03-05,
1487,Alfa Romeo Stelvio,SUV,Washington,2019-03-06,Union Station,13:30,45.00,2019-03-03,
1488,Buick Regal Sportback,Sedan,Washington,2019-03-06,Union Station,13:30,34.00,2019-03-03,
1489,Citroen C5,SUV,Washington,2019-03-06,Dulles International Airport,13:30,40.00,2019-03-03,
1490,Dacia Duster,SUV,Washington,2019-03-06,Union Station,13:30,33.00,2019-03-03,
1491,Dodge Charger,Sedan,Washington,2019-03-06,Dulles International Airport,13:30,32.00,2019-03-03,
1492,Fiat Panda,Hatchback,Washington,2019-03-06,Dulles International Airport,13:30,27.00,2019-03-03,
1493,Jaguar F-Pace,SUV,Washington,2019-03-06,Dulles International Airport,13:30,44.00,2019-03-03,
1494,Mazda 3,Hatchback,Washington,2019-03-06,Union Station,13:30,21.00,2019-03-03,
1495,Peugeot 208,Hatchback,Washington,2019-03-06,Union Station,13:30,22.00,2019-03-03,
1496,Renault Clio,Hatchback,Washington,2019-03-06,Dulles International Airport,13:30,29.00,2019-03-03,
1497,Dodge Charger,Sedan,Philadelphia,2019-03-12,30th Street Station,14:00,35.00,2019-03-08,
1498,Hyundai Ioniq,Sedan,Philadelphia,2019-03-12,30th Street Station,14:00,29.00,2019-03-08,
1499,SEAT Cordoba,Sedan,Philadelphia,2019-03-12,Intercity Terminal,14:00,35.00,2019-03-08,
1500,Skoda Octavia,Sedan,Philadelphia,2019-03-12,PHL International Airport,14:00,28.00,2019-03-08,
1501,Subaru Impreza,Sedan,Philadelphia,2019-03-12,PHL International Airport,14:00,35.00,2019-03-08,
1502,Volvo S90,Sedan,Philadelphia,2019-03-12,PHL International Airport,14:00,31.00,2019-03-08,
1503,Dodge Charger,Sedan,Philadelphia,2019-03-12,30th Street Station,12:30,35.00,2019-03-08,
1504,Hyundai Ioniq,Sedan,Philadelphia,2019-03-12,30th Street Station,12:30,29.00,2019-03-08,
1505,SEAT Cordoba,Sedan,Philadelphia,2019-03-12,Intercity Terminal,12:30,35.00,2019-03-08,
1506,Skoda Octavia,Sedan,Philadelphia,2019-03-12,PHL International Airport,12:30,28.00,2019-03-08,
1507,Subaru Impreza,Sedan,Philadelphia,2019-03-12,PHL International Airport,12:30,35.00,2019-03-08,
1508,Volvo S90,Sedan,Philadelphia,2019-03-12,PHL International Airport,12:30,31.00,2019-03-08,
1509,Alfa Romeo Stelvio,SUV,Philadelphia,2019-03-09,Intercity Terminal,10:00,34.00,2019-03-03,
1510,Renault Clio,Hatchback,Philadelphia,2019-03-09,Intercity Terminal,10:00,25.00,2019-03-03,
1511,Mazda 3,Hatchback,Philadelphia,2019-03-09,PHL International Airport,09:30,31.00,2019-03-03,
1512,SEAT Leon,Hatchback,Philadelphia,2019-03-09,PHL International Airport,09:30,27.00,2019-03-03,
1513,Skoda Octavia,Sedan,Philadelphia,2019-03-09,PHL International Airport,09:30,32.00,2019-03-03,
1514,Subaru Impreza,Sedan,Philadelphia,2019-03-09,PHL International Airport,09:30,38.00,2019-03-03,
1515,Alfa Romeo Stelvio,SUV,Portland,2019-03-13,Portland Bus Station,20:00,40.00,2019-03-10,
1516,Dacia Duster,SUV,Portland,2019-03-13,Portland Bus Station,20:00,43.00,2019-03-10,
1517,Hyundai Ioniq,Sedan,Portland,2019-03-13,Portland Bus Station,20:00,25.00,2019-03-10,
1518,Kia Ceed,Hatchback,Portland,2019-03-13,Portland Bus Station,20:00,23.00,2019-03-10,
1519,Lexus GS,Sedan,Portland,2019-03-13,Portland Bus Station,20:00,36.00,2019-03-10,
1520,Renault Clio,Hatchback,Portland,2019-03-13,Portland Bus Station,20:00,24.00,2019-03-10,
1521,SEAT Cordoba,Sedan,Portland,2019-03-13,Portland Bus Station,20:00,37.00,2019-03-10,
1522,SEAT Leon,Hatchback,Portland,2019-03-13,Portland Bus Station,20:00,26.00,2019-03-10,
1523,Subaru Impreza,Sedan,Portland,2019-03-13,Portland Bus Station,20:00,30.00,2019-03-10,
1524,Vauxhaull Astra,Hatchback,Portland,2019-03-13,Portland Bus Station,20:00,26.00,2019-03-10,
1525,Alfa Romeo Stelvio,SUV,New York,2019-03-04,Port Authority Station,12:00,43.00,2019-03-02,
1526,Audi A8,Sedan,New York,2019-03-04,JFK International Airport,12:00,23.00,2019-03-02,
1527,Buick Regal Sportback,Sedan,New York,2019-03-04,JFK International Airport,12:00,36.00,2019-03-02,
1528,Dodge Charger,Sedan,New York,2019-03-04,Grand Central Station,12:00,27.00,2019-03-02,
1529,Hyundai Ioniq,Sedan,New York,2019-03-04,Port Authority Station,12:00,35.00,2019-03-02,
1530,Jaguar F-Pace,SUV,New York,2019-03-04,JFK International Airport,12:00,42.00,2019-03-02,
1531,Kia Ceed,Hatchback,New York,2019-03-04,Port Authority Station,12:00,22.00,2019-03-02,
1532,Lexus GS,Sedan,New York,2019-03-04,Port Authority Station,12:00,30.00,2019-03-02,
1533,Peugeot 208,Hatchback,New York,2019-03-04,JFK International Airport,12:00,22.00,2019-03-02,
1534,Renault Clio,Hatchback,New York,2019-03-04,Grand Central Station,12:00,22.00,2019-03-02,
1535,Lexus GS,Sedan,Seattle,2019-03-14,Seattle-Tacoma International Airport,10:00,35.00,2019-03-07,
1536,Audi A8,Sedan,Seattle,2019-03-14,King Street Station,09:30,35.00,2019-03-07,
1537,Hyundai Ioniq,Sedan,Seattle,2019-03-14,Seattle-Tacoma International Airport,10:00,26.00,2019-03-08,
1538,Audi A8,Sedan,Seattle,2019-03-14,King Street Station,09:30,28.00,2019-03-08,
1539,Dodge Charger,Sedan,Seattle,2019-03-14,King Street Station,09:30,31.00,2019-03-08,
1540,Lexus GS,Sedan,Seattle,2019-03-14,King Street Station,09:30,28.00,2019-03-08,
1541,Alfa Romeo Stelvio,SUV,New York,2019-03-14,Port Authority Station,16:30,44.00,2019-03-13,
1542,Audi A8,Sedan,New York,2019-03-14,JFK International Airport,16:30,36.00,2019-03-13,
1543,Buick Regal Sportback,Sedan,New York,2019-03-14,JFK International Airport,16:30,31.00,2019-03-13,
1544,Dodge Charger,Sedan,New York,2019-03-14,Grand Central Station,16:30,30.00,2019-03-13,
1545,Hyundai Ioniq,Sedan,New York,2019-03-14,Port Authority Station,16:30,31.00,2019-03-13,
1546,Jaguar F-Pace,SUV,New York,2019-03-14,JFK International Airport,16:30,42.00,2019-03-13,
1547,Kia Ceed,Hatchback,New York,2019-03-14,Port Authority Station,16:30,28.00,2019-03-13,
1548,Lexus GS,Sedan,New York,2019-03-14,Port Authority Station,16:30,31.00,2019-03-13,
1549,Peugeot 208,Hatchback,New York,2019-03-14,JFK International Airport,16:30,26.00,2019-03-13,
1550,Renault Clio,Hatchback,New York,2019-03-14,Grand Central Station,16:30,25.00,2019-03-13,
1551,Alfa Romeo Stelvio,SUV,Philadelphia,2019-03-06,Intercity Terminal,10:00,35.00,2019-03-04,
1552,Dodge Charger,Sedan,Philadelphia,2019-03-06,Intercity Terminal,10:00,31.00,2019-03-04,
1553,GMC Terrain,SUV,Philadelphia,2019-03-06,Intercity Terminal,10:00,38.00,2019-03-04,
1554,Jaguar F-Pace,SUV,Philadelphia,2019-03-06,Intercity Terminal,10:00,43.00,2019-03-04,
1555,Renault Clio,Hatchback,Philadelphia,2019-03-06,Intercity Terminal,10:00,26.00,2019-03-04,
1556,SEAT Cordoba,Sedan,Philadelphia,2019-03-06,Intercity Terminal,10:00,27.00,2019-03-04,
1557,Mazda 3,Hatchback,Philadelphia,2019-03-06,PHL International Airport,09:30,29.00,2019-03-04,
1558,Mitsubishi Outlander,SUV,Philadelphia,2019-03-06,PHL International Airport,09:30,39.00,2019-03-04,
1559,SEAT Leon,Hatchback,Philadelphia,2019-03-06,PHL International Airport,09:30,26.00,2019-03-04,
1560,Skoda Octavia,Sedan,Philadelphia,2019-03-06,PHL International Airport,09:30,34.00,2019-03-04,
1561,Jaguar F-Pace,SUV,New York,2019-03-11,JFK International Airport,12:30,42.00,2019-03-05,
1562,Skoda Kodiaq,SUV,New York,2019-03-11,JFK International Airport,12:30,46.00,2019-03-05,
1563,Suzuki Grand Vitara,SUV,New York,2019-03-11,Port Authority Station,12:30,42.00,2019-03-05,
1564,Audi A8,Sedan,Las Vegas,2019-03-08,Union Plaza,15:00,31.00,2019-03-05,
1565,Buick Regal Sportback,Sedan,Las Vegas,2019-03-08,McCarran International Airport,15:00,29.00,2019-03-05,
1566,Dodge Charger,Sedan,Las Vegas,2019-03-08,McCarran International Airport,15:00,35.00,2019-03-05,
1567,Fiat Panda,Hatchback,Las Vegas,2019-03-08,McCarran International Airport,15:00,29.00,2019-03-05,
1568,GMC Terrain,SUV,Las Vegas,2019-03-08,Union Plaza,15:00,39.00,2019-03-05,
1569,Lexus GS,Sedan,Las Vegas,2019-03-08,Union Plaza,15:00,32.00,2019-03-05,
1570,Mazda CX-5,SUV,Las Vegas,2019-03-08,McCarran International Airport,15:00,41.00,2019-03-05,
1571,Nissan Qashqai,Hatchback,Las Vegas,2019-03-08,Union Plaza,15:00,26.00,2019-03-05,
1572,Peugeot 208,Hatchback,Las Vegas,2019-03-08,McCarran International Airport,15:00,26.00,2019-03-05,
1573,Renault Clio,Hatchback,Las Vegas,2019-03-08,McCarran International Airport,15:00,27.00,2019-03-05,
1574,Dacia Duster,SUV,Vancouver,2019-03-13,YVR International Airport,20:00,40.00,2019-03-09,
1575,Ford Focus,Hatchback,Vancouver,2019-03-13,YVR International Airport,20:00,22.00,2019-03-09,
1576,Jaguar F-Pace,SUV,Vancouver,2019-03-13,YVR International Airport,20:00,46.00,2019-03-09,
1577,Mazda 3,Hatchback,Vancouver,2019-03-13,YVR International Airport,20:00,28.00,2019-03-09,
1578,Peugeot 208,Hatchback,Vancouver,2019-03-13,YVR International Airport,20:00,32.00,2019-03-09,
1579,Skoda Octavia,Sedan,Vancouver,2019-03-13,YVR International Airport,20:00,35.00,2019-03-09,
1580,Volvo S90,Sedan,Vancouver,2019-03-13,YVR International Airport,20:00,28.00,2019-03-09,
1581,Audi A8,Sedan,Las Vegas,2019-03-08,Union Plaza,14:00,31.00,2019-03-03,
1582,Buick Regal Sportback,Sedan,Las Vegas,2019-03-08,McCarran International Airport,14:00,30.00,2019-03-03,
1583,Fiat Panda,Hatchback,Las Vegas,2019-03-08,McCarran International Airport,14:00,32.00,2019-03-03,
1584,Mazda CX-5,SUV,Las Vegas,2019-03-08,McCarran International Airport,14:00,41.00,2019-03-03,
1585,Nissan Qashqai,Hatchback,Las Vegas,2019-03-08,Union Plaza,14:00,22.00,2019-03-03,
1586,Skoda Kodiaq,SUV,Las Vegas,2019-03-08,Union Plaza,14:00,36.00,2019-03-03,
1587,Skoda Octavia,Sedan,Las Vegas,2019-03-08,Union Plaza,14:00,31.00,2019-03-03,
1588,Subaru Impreza,Sedan,Las Vegas,2019-03-08,Union Plaza,14:00,29.00,2019-03-03,
1589,Alfa Romeo Stelvio,SUV,New York,2019-03-14,Port Authority Station,14:00,44.00,2019-03-13,
1590,Audi A8,Sedan,New York,2019-03-14,JFK International Airport,14:00,36.00,2019-03-13,
1591,Buick Regal Sportback,Sedan,New York,2019-03-14,JFK International Airport,14:00,31.00,2019-03-13,
1592,Dodge Charger,Sedan,New York,2019-03-14,Grand Central Station,14:00,30.00,2019-03-13,
1593,Hyundai Ioniq,Sedan,New York,2019-03-14,Port Authority Station,14:00,31.00,2019-03-13,
1594,Jaguar F-Pace,SUV,New York,2019-03-14,JFK International Airport,14:00,42.00,2019-03-13,
1595,Kia Ceed,Hatchback,New York,2019-03-14,Port Authority Station,14:00,28.00,2019-03-13,
1596,Lexus GS,Sedan,New York,2019-03-14,Port Authority Station,14:00,31.00,2019-03-13,
1597,Peugeot 208,Hatchback,New York,2019-03-14,JFK International Airport,14:00,26.00,2019-03-13,
1598,Renault Clio,Hatchback,New York,2019-03-14,Grand Central Station,14:00,25.00,2019-03-13,
1599,Audi A8,Sedan,Las Vegas,2019-03-14,Union Plaza,16:30,34.00,2019-03-10,
1600,Buick Regal Sportback,Sedan,Las Vegas,2019-03-14,McCarran International Airport,16:30,36.00,2019-03-10,
1601,Dodge Charger,Sedan,Las Vegas,2019-03-14,McCarran International Airport,16:30,32.00,2019-03-10,
1602,Fiat Panda,Hatchback,Las Vegas,2019-03-14,McCarran International Airport,16:30,29.00,2019-03-10,
1603,GMC Terrain,SUV,Las Vegas,2019-03-14,Union Plaza,16:30,42.00,2019-03-10,
1604,Lexus GS,Sedan,Las Vegas,2019-03-14,Union Plaza,16:30,30.00,2019-03-10,
1605,Mazda CX-5,SUV,Las Vegas,2019-03-14,McCarran International Airport,16:30,38.00,2019-03-10,
1606,Nissan Qashqai,Hatchback,Las Vegas,2019-03-14,Union Plaza,16:30,25.00,2019-03-10,
1607,Peugeot 208,Hatchback,Las Vegas,2019-03-14,McCarran International Airport,16:30,31.00,2019-03-10,
1608,Renault Clio,Hatchback,Las Vegas,2019-03-14,McCarran International Airport,16:30,28.00,2019-03-10,
1609,Alfa Romeo Stelvio,SUV,Washington,2019-03-11,Union Station,15:30,35.00,2019-03-06,
1610,Citroen C5,SUV,Washington,2019-03-11,Dulles International Airport,15:30,50.00,2019-03-06,
1611,Dacia Duster,SUV,Washington,2019-03-11,Union Station,15:30,42.00,2019-03-06,
1612,Jaguar F-Pace,SUV,Washington,2019-03-11,Dulles International Airport,15:30,49.00,2019-03-06,
1613,Skoda Kodiaq,SUV,Washington,2019-03-11,Union Station,15:30,36.00,2019-03-06,
1614,Suzuki Grand Vitara,SUV,Washington,2019-03-11,Dulles International Airport,15:30,47.00,2019-03-06,
1615,Alfa Romeo Stelvio,SUV,Washington,2019-03-11,Union Station,18:00,35.00,2019-03-06,
1616,Buick Regal Sportback,Sedan,Washington,2019-03-11,Union Station,18:00,32.00,2019-03-06,
1617,Citroen C5,SUV,Washington,2019-03-11,Dulles International Airport,18:00,50.00,2019-03-06,
1618,Dacia Duster,SUV,Washington,2019-03-11,Union Station,18:00,42.00,2019-03-06,
1619,Dodge Charger,Sedan,Washington,2019-03-11,Dulles International Airport,18:00,30.00,2019-03-06,
1620,Fiat Panda,Hatchback,Washington,2019-03-11,Dulles International Airport,18:00,27.00,2019-03-06,
1621,Jaguar F-Pace,SUV,Washington,2019-03-11,Dulles International Airport,18:00,49.00,2019-03-06,
1622,Peugeot 208,Hatchback,Washington,2019-03-11,Union Station,18:00,28.00,2019-03-06,
1623,Renault Clio,Hatchback,Washington,2019-03-11,Dulles International Airport,18:00,26.00,2019-03-06,
1624,SEAT Cordoba,Sedan,Washington,2019-03-11,Union Station,18:00,29.00,2019-03-06,
1625,Alfa Romeo Stelvio,SUV,Philadelphia,2019-03-09,Intercity Terminal,13:30,31.00,2019-03-08,
1626,Dodge Charger,Sedan,Philadelphia,2019-03-09,30th Street Station,13:30,33.00,2019-03-08,
1627,Ford Focus,Hatchback,Philadelphia,2019-03-09,30th Street Station,13:30,20.00,2019-03-08,
1628,GMC Terrain,SUV,Philadelphia,2019-03-09,Intercity Terminal,13:30,45.00,2019-03-08,
1629,Hyundai Ioniq,Sedan,Philadelphia,2019-03-09,30th Street Station,13:30,32.00,2019-03-08,
1630,Jaguar F-Pace,SUV,Philadelphia,2019-03-09,Intercity Terminal,13:30,35.00,2019-03-08,
1631,Kia Ceed,Hatchback,Philadelphia,2019-03-09,30th Street Station,13:30,24.00,2019-03-08,
1632,Mazda 3,Hatchback,Philadelphia,2019-03-09,PHL International Airport,13:30,29.00,2019-03-08,
1633,Mitsubishi Outlander,SUV,Philadelphia,2019-03-09,PHL International Airport,13:30,37.00,2019-03-08,
1634,Renault Clio,Hatchback,Philadelphia,2019-03-09,Intercity Terminal,13:30,22.00,2019-03-08,
1635,Alfa Romeo Stelvio,SUV,New York,2019-03-10,Port Authority Station,15:00,44.00,2019-03-09,
1636,Audi A8,Sedan,New York,2019-03-10,JFK International Airport,15:00,37.00,2019-03-09,
1637,Buick Regal Sportback,Sedan,New York,2019-03-10,JFK International Airport,15:00,32.00,2019-03-09,
1638,Dodge Charger,Sedan,New York,2019-03-10,Grand Central Station,15:00,31.00,2019-03-09,
1639,Hyundai Ioniq,Sedan,New York,2019-03-10,Port Authority Station,15:00,31.00,2019-03-09,
1640,Jaguar F-Pace,SUV,New York,2019-03-10,JFK International Airport,15:00,38.00,2019-03-09,
1641,Kia Ceed,Hatchback,New York,2019-03-10,Port Authority Station,15:00,24.00,2019-03-09,
1642,Lexus GS,Sedan,New York,2019-03-10,Port Authority Station,15:00,31.00,2019-03-09,
1643,Peugeot 208,Hatchback,New York,2019-03-10,JFK International Airport,15:00,28.00,2019-03-09,
1644,Renault Clio,Hatchback,New York,2019-03-10,Grand Central Station,15:00,25.00,2019-03-09,
1645,Fiat Panda,Hatchback,Washington,2019-03-12,Dulles International Airport,09:30,28.00,2019-03-08,
1646,Renault Clio,Hatchback,Washington,2019-03-12,Dulles International Airport,09:30,26.00,2019-03-08,
1647,Fiat Panda,Hatchback,Washington,2019-03-12,Dulles International Airport,15:30,28.00,2019-03-08,
1648,Mazda 3,Hatchback,Washington,2019-03-12,Union Station,15:30,20.00,2019-03-08,
1649,Peugeot 208,Hatchback,Washington,2019-03-12,Union Station,15:30,20.00,2019-03-08,
1650,Renault Clio,Hatchback,Washington,2019-03-12,Dulles International Airport,15:30,26.00,2019-03-08,
1651,Audi A8,Sedan,San Francisco,2019-03-10,Salesforce Transit Center,15:30,30.00,2019-03-06,
1652,Buick Regal Sportback,Sedan,San Francisco,2019-03-10,Salesforce Transit Center,15:30,29.00,2019-03-06,
1653,Fiat Panda,Hatchback,San Francisco,2019-03-10,SFO International Airport,15:30,30.00,2019-03-06,
1654,GMC Terrain,SUV,San Francisco,2019-03-10,SFO International Airport,15:30,49.00,2019-03-06,
1655,Hyundai Ioniq,Sedan,San Francisco,2019-03-10,SFO International Airport,15:30,33.00,2019-03-06,
1656,Jaguar F-Pace,SUV,San Francisco,2019-03-10,Salesforce Transit Center,15:30,36.00,2019-03-06,
1657,Kia Ceed,Hatchback,San Francisco,2019-03-10,SFO International Airport,15:30,26.00,2019-03-06,
1658,Lexus GS,Sedan,San Francisco,2019-03-10,Salesforce Transit Center,15:30,29.00,2019-03-06,
1659,Mazda 3,Hatchback,San Francisco,2019-03-10,Salesforce Transit Center,15:30,27.00,2019-03-06,
1660,Mitsubishi Outlander,SUV,San Francisco,2019-03-10,SFO International Airport,15:30,42.00,2019-03-06,
1661,Audi A8,Sedan,Seattle,2019-03-13,King Street Station,17:00,28.00,2019-03-12,
1662,Citroen C5,SUV,Seattle,2019-03-13,Seattle-Tacoma International Airport,17:00,35.00,2019-03-12,
1663,Dacia Duster,SUV,Seattle,2019-03-13,King Street Station,17:00,43.00,2019-03-12,
1664,Dodge Charger,Sedan,Seattle,2019-03-13,King Street Station,17:00,37.00,2019-03-12,
1665,GMC Terrain,SUV,Seattle,2019-03-13,Seattle-Tacoma International Airport,17:00,42.00,2019-03-12,
1666,Hyundai Ioniq,Sedan,Seattle,2019-03-13,Seattle-Tacoma International Airport,17:00,33.00,2019-03-12,
1667,Lexus GS,Sedan,Seattle,2019-03-13,Seattle-Tacoma International Airport,17:00,28.00,2019-03-12,
1668,Mazda 3,Hatchback,Seattle,2019-03-13,King Street Station,17:00,25.00,2019-03-12,
1669,Mitsubishi Outlander,SUV,Seattle,2019-03-13,King Street Station,17:00,47.00,2019-03-12,
1670,Nissan Qashqai,Hatchback,Seattle,2019-03-13,Seattle-Tacoma International Airport,17:00,30.00,2019-03-12,
1671,Citroen C5,SUV,Seattle,2019-03-13,Seattle-Tacoma International Airport,17:00,39.00,2019-03-06,
1672,Dacia Duster,SUV,Seattle,2019-03-13,King Street Station,17:00,32.00,2019-03-06,
1673,Hyundai Ioniq,Sedan,Seattle,2019-03-13,Seattle-Tacoma International Airport,17:00,36.00,2019-03-06,
1674,Lexus GS,Sedan,Seattle,2019-03-13,King Street Station,17:00,29.00,2019-03-06,
1675,Mitsubishi Outlander,SUV,Seattle,2019-03-13,King Street Station,17:00,42.00,2019-03-06,
1676,SEAT Leon,Hatchback,Seattle,2019-03-13,Seattle-Tacoma International Airport,17:00,26.00,2019-03-06,
1677,Vauxhaull Astra,Hatchback,Seattle,2019-03-13,Seattle-Tacoma International Airport,17:00,28.00,2019-03-06,
1678,Alfa Romeo Stelvio,SUV,New York,2019-03-07,Port Authority Station,15:30,42.00,2019-03-06,
1679,Audi A8,Sedan,New York,2019-03-07,JFK International Airport,15:30,35.00,2019-03-06,
1680,Buick Regal Sportback,Sedan,New York,2019-03-07,JFK International Airport,15:30,34.00,2019-03-06,
1681,Dodge Charger,Sedan,New York,2019-03-07,Grand Central Station,15:30,30.00,2019-03-06,
1682,Hyundai Ioniq,Sedan,New York,2019-03-07,Port Authority Station,15:30,33.00,2019-03-06,
1683,Jaguar F-Pace,SUV,New York,2019-03-07,JFK International Airport,15:30,46.00,2019-03-06,
1684,Kia Ceed,Hatchback,New York,2019-03-07,Port Authority Station,15:30,23.00,2019-03-06,
1685,Lexus GS,Sedan,New York,2019-03-07,Port Authority Station,15:30,32.00,2019-03-06,
1686,Peugeot 208,Hatchback,New York,2019-03-07,JFK International Airport,15:30,34.00,2019-03-06,
1687,Renault Clio,Hatchback,New York,2019-03-07,Grand Central Station,15:30,26.00,2019-03-06,
1688,Alfa Romeo Stelvio,SUV,New York,2019-03-08,Port Authority Station,15:30,36.00,2019-03-06,
1689,Audi A8,Sedan,New York,2019-03-08,JFK International Airport,15:30,36.00,2019-03-06,
1690,Buick Regal Sportback,Sedan,New York,2019-03-08,JFK International Airport,15:30,31.00,2019-03-06,
1691,Dodge Charger,Sedan,New York,2019-03-08,Grand Central Station,15:30,33.00,2019-03-06,
1692,Hyundai Ioniq,Sedan,New York,2019-03-08,Port Authority Station,15:30,32.00,2019-03-06,
1693,Jaguar F-Pace,SUV,New York,2019-03-08,JFK International Airport,15:30,44.00,2019-03-06,
1694,Kia Ceed,Hatchback,New York,2019-03-08,Port Authority Station,15:30,25.00,2019-03-06,
1695,Lexus GS,Sedan,New York,2019-03-08,Port Authority Station,15:30,34.00,2019-03-06,
1696,Peugeot 208,Hatchback,New York,2019-03-08,JFK International Airport,15:30,25.00,2019-03-06,
1697,Renault Clio,Hatchback,New York,2019-03-08,Grand Central Station,15:30,23.00,2019-03-06,
1698,Alfa Romeo Stelvio,SUV,Washington,2019-03-14,Union Station,13:30,32.00,2019-03-09,
1699,Buick Regal Sportback,Sedan,Washington,2019-03-14,Union Station,13:30,36.00,2019-03-09,
1700,Citroen C5,SUV,Washington,2019-03-14,Dulles International Airport,13:30,37.00,2019-03-09,
1701,Dacia Duster,SUV,Washington,2019-03-14,Union Station,13:30,33.00,2019-03-09,
1702,Jaguar F-Pace,SUV,Washington,2019-03-14,Dulles International Airport,13:30,40.00,2019-03-09,
1703,Peugeot 208,Hatchback,Washington,2019-03-14,Union Station,13:30,24.00,2019-03-09,
1704,Renault Clio,Hatchback,Washington,2019-03-14,Union Station,13:30,20.00,2019-03-09,
1705,SEAT Cordoba,Sedan,Washington,2019-03-14,Union Station,13:30,32.00,2019-03-09,
1706,Skoda Kodiaq,SUV,Washington,2019-03-14,Union Station,13:30,43.00,2019-03-09,
1707,Skoda Octavia,Sedan,Washington,2019-03-14,Dulles International Airport,13:30,33.00,2019-03-09,
1708,Audi A8,Sedan,Seattle,2019-03-10,King Street Station,12:30,32.00,2019-03-09,
1709,Dodge Charger,Sedan,Seattle,2019-03-10,King Street Station,12:30,30.00,2019-03-09,
1710,Hyundai Ioniq,Sedan,Seattle,2019-03-10,Seattle-Tacoma International Airport,12:30,31.00,2019-03-09,
1711,Lexus GS,Sedan,Seattle,2019-03-10,Seattle-Tacoma International Airport,12:30,33.00,2019-03-09,
1712,Audi A8,Sedan,Seattle,2019-03-07,King Street Station,09:30,33.00,2019-03-05,
1713,Dacia Duster,SUV,Seattle,2019-03-07,King Street Station,09:30,41.00,2019-03-05,
1714,Dodge Charger,Sedan,Seattle,2019-03-07,King Street Station,09:30,25.00,2019-03-05,
1715,Mazda 3,Hatchback,Seattle,2019-03-07,King Street Station,09:30,22.00,2019-03-05,
1716,Mitsubishi Outlander,SUV,Seattle,2019-03-07,King Street Station,09:30,44.00,2019-03-05,
1717,Citroen C5,SUV,Seattle,2019-03-07,Seattle-Tacoma International Airport,10:00,36.00,2019-03-05,
1718,GMC Terrain,SUV,Seattle,2019-03-07,Seattle-Tacoma International Airport,10:00,41.00,2019-03-05,
1719,Hyundai Ioniq,Sedan,Seattle,2019-03-07,Seattle-Tacoma International Airport,10:00,32.00,2019-03-05,
1720,Lexus GS,Sedan,Seattle,2019-03-07,Seattle-Tacoma International Airport,10:00,36.00,2019-03-05,
1721,Nissan Qashqai,Hatchback,Seattle,2019-03-07,Seattle-Tacoma International Airport,10:00,32.00,2019-03-05,
1722,Alfa Romeo Stelvio,SUV,Philadelphia,2019-03-07,Intercity Terminal,14:00,34.00,2019-03-02,
1723,Dodge Charger,Sedan,Philadelphia,2019-03-07,30th Street Station,14:00,30.00,2019-03-02,
1724,Ford Focus,Hatchback,Philadelphia,2019-03-07,30th Street Station,14:00,23.00,2019-03-02,
1725,GMC Terrain,SUV,Philadelphia,2019-03-07,Intercity Terminal,14:00,39.00,2019-03-02,
1726,Hyundai Ioniq,Sedan,Philadelphia,2019-03-07,30th Street Station,14:00,35.00,2019-03-02,
1727,Jaguar F-Pace,SUV,Philadelphia,2019-03-07,Intercity Terminal,14:00,42.00,2019-03-02,
1728,Mazda 3,Hatchback,Philadelphia,2019-03-07,PHL International Airport,14:00,29.00,2019-03-02,
1729,Mitsubishi Outlander,SUV,Philadelphia,2019-03-07,PHL International Airport,14:00,45.00,2019-03-02,
1730,Renault Clio,Hatchback,Philadelphia,2019-03-07,Intercity Terminal,14:00,30.00,2019-03-02,
1731,SEAT Cordoba,Sedan,Philadelphia,2019-03-07,Intercity Terminal,14:00,33.00,2019-03-02,
1732,Audi A8,Sedan,Seattle,2019-03-08,King Street Station,12:00,29.00,2019-03-04,
1733,Citroen C5,SUV,Seattle,2019-03-08,Seattle-Tacoma International Airport,12:00,44.00,2019-03-04,
1734,Dacia Duster,SUV,Seattle,2019-03-08,King Street Station,12:00,40.00,2019-03-04,
1735,Dodge Charger,Sedan,Seattle,2019-03-08,King Street Station,12:00,30.00,2019-03-04,
1736,GMC Terrain,SUV,Seattle,2019-03-08,Seattle-Tacoma International Airport,12:00,34.00,2019-03-04,
1737,Hyundai Ioniq,Sedan,Seattle,2019-03-08,Seattle-Tacoma International Airport,12:00,36.00,2019-03-04,
1738,Lexus GS,Sedan,Seattle,2019-03-08,Seattle-Tacoma International Airport,12:00,32.00,2019-03-04,
1739,Mazda 3,Hatchback,Seattle,2019-03-08,King Street Station,12:00,23.00,2019-03-04,
1740,Mitsubishi Outlander,SUV,Seattle,2019-03-08,King Street Station,12:00,37.00,2019-03-04,
1741,Nissan Qashqai,Hatchback,Seattle,2019-03-08,Seattle-Tacoma International Airport,12:00,28.00,2019-03-04,
1742,Dodge Charger,Sedan,New York,2019-03-11,Grand Central Station,13:30,29.00,2019-03-04,
1743,Kia Ceed,Hatchback,New York,2019-03-11,Grand Central Station,13:30,25.00,2019-03-04,
1744,Lexus GS,Sedan,New York,2019-03-11,Port Authority Station,13:30,32.00,2019-03-04,
1745,Peugeot 208,Hatchback,New York,2019-03-11,JFK International Airport,13:30,29.00,2019-03-04,
1746,Renault Clio,Hatchback,New York,2019-03-11,Grand Central Station,13:30,25.00,2019-03-04,
1747,SEAT Cordoba,Sedan,New York,2019-03-11,Grand Central Station,13:30,27.00,2019-03-04,
1748,Alfa Romeo Stelvio,SUV,New York,2019-03-05,Port Authority Station,13:30,36.00,2019-03-04,
1749,Audi A8,Sedan,New York,2019-03-05,JFK International Airport,13:30,37.00,2019-03-04,
1750,Buick Regal Sportback,Sedan,New York,2019-03-05,JFK International Airport,13:30,34.00,2019-03-04,
1751,Dodge Charger,Sedan,New York,2019-03-05,Grand Central Station,13:30,25.00,2019-03-04,
1752,Hyundai Ioniq,Sedan,New York,2019-03-05,Port Authority Station,13:30,27.00,2019-03-04,
1753,Jaguar F-Pace,SUV,New York,2019-03-05,JFK International Airport,13:30,51.00,2019-03-04,
1754,Kia Ceed,Hatchback,New York,2019-03-05,Port Authority Station,13:30,28.00,2019-03-04,
1755,Lexus GS,Sedan,New York,2019-03-05,Port Authority Station,13:30,31.00,2019-03-04,
1756,Peugeot 208,Hatchback,New York,2019-03-05,JFK International Airport,13:30,27.00,2019-03-04,
1757,Renault Clio,Hatchback,New York,2019-03-05,Grand Central Station,13:30,25.00,2019-03-04,
1758,Dodge Charger,Sedan,Philadelphia,2019-03-04,Intercity Terminal,10:30,33.00,2019-03-03,
1759,SEAT Cordoba,Sedan,Philadelphia,2019-03-04,Intercity Terminal,10:30,32.00,2019-03-03,
1760,Skoda Octavia,Sedan,Philadelphia,2019-03-04,PHL International Airport,10:30,37.00,2019-03-03,
1761,Subaru Impreza,Sedan,Philadelphia,2019-03-04,PHL International Airport,10:30,36.00,2019-03-03,
1762,Volvo S90,Sedan,Philadelphia,2019-03-04,PHL International Airport,10:30,38.00,2019-03-03,
1763,Alfa Romeo Stelvio,SUV,Portland,2019-03-12,Portland Bus Station,13:30,44.00,2019-03-10,
1764,Buick Regal Sportback,Sedan,Portland,2019-03-12,PDX International Airport,13:30,34.00,2019-03-10,
1765,Citroen C5,SUV,Portland,2019-03-12,Union Station,13:30,43.00,2019-03-10,
1766,Dacia Duster,SUV,Portland,2019-03-12,Portland Bus Station,13:30,46.00,2019-03-10,
1767,Ford Focus,Hatchback,Portland,2019-03-12,PDX International Airport,13:30,26.00,2019-03-10,
1768,Hyundai Ioniq,Sedan,Portland,2019-03-12,Portland Bus Station,13:30,26.00,2019-03-10,
1769,Jaguar F-Pace,SUV,Portland,2019-03-12,PDX International Airport,13:30,43.00,2019-03-10,
1770,Kia Ceed,Hatchback,Portland,2019-03-12,Union Station,13:30,25.00,2019-03-10,
1771,Lexus GS,Sedan,Portland,2019-03-12,Portland Bus Station,13:30,30.00,2019-03-10,
1772,Mazda 3,Hatchback,Portland,2019-03-12,PDX International Airport,13:30,26.00,2019-03-10,
1773,Alfa Romeo Stelvio,SUV,Washington,2019-03-07,Union Station,16:30,42.00,2019-03-05,
1774,Buick Regal Sportback,Sedan,Washington,2019-03-07,Union Station,16:30,30.00,2019-03-05,
1775,Citroen C5,SUV,Washington,2019-03-07,Dulles International Airport,16:30,34.00,2019-03-05,
1776,Dacia Duster,SUV,Washington,2019-03-07,Union Station,16:30,44.00,2019-03-05,
1777,Dodge Charger,Sedan,Washington,2019-03-07,Dulles International Airport,16:30,30.00,2019-03-05,
1778,Fiat Panda,Hatchback,Washington,2019-03-07,Dulles International Airport,16:30,30.00,2019-03-05,
1779,Jaguar F-Pace,SUV,Washington,2019-03-07,Dulles International Airport,16:30,42.00,2019-03-05,
1780,Mazda 3,Hatchback,Washington,2019-03-07,Union Station,16:30,26.00,2019-03-05,
1781,Peugeot 208,Hatchback,Washington,2019-03-07,Union Station,16:30,25.00,2019-03-05,
1782,Renault Clio,Hatchback,Washington,2019-03-07,Dulles International Airport,16:30,28.00,2019-03-05,
1783,Alfa Romeo Stelvio,SUV,New York,2019-03-09,Port Authority Station,13:30,42.00,2019-03-06,
1784,Audi A8,Sedan,New York,2019-03-09,JFK International Airport,13:30,34.00,2019-03-06,
1785,Buick Regal Sportback,Sedan,New York,2019-03-09,JFK International Airport,13:30,33.00,2019-03-06,
1786,Dodge Charger,Sedan,New York,2019-03-09,Grand Central Station,13:30,30.00,2019-03-06,
1787,Hyundai Ioniq,Sedan,New York,2019-03-09,Port Authority Station,13:30,34.00,2019-03-06,
1788,Jaguar F-Pace,SUV,New York,2019-03-09,JFK International Airport,13:30,42.00,2019-03-06,
1789,Kia Ceed,Hatchback,New York,2019-03-09,Port Authority Station,13:30,26.00,2019-03-06,
1790,Lexus GS,Sedan,New York,2019-03-09,Port Authority Station,13:30,30.00,2019-03-06,
1791,Peugeot 208,Hatchback,New York,2019-03-09,JFK International Airport,13:30,25.00,2019-03-06,
1792,Renault Clio,Hatchback,New York,2019-03-09,Grand Central Station,13:30,26.00,2019-03-06,
1793,Audi A8,Sedan,Vancouver,2019-03-07,Pacific Central Station,16:30,26.00,2019-03-04,
1794,Dacia Duster,SUV,Vancouver,2019-03-07,YVR International Airport,16:30,36.00,2019-03-04,
1795,Dodge Charger,Sedan,Vancouver,2019-03-07,Pacific Central Station,16:30,32.00,2019-03-04,
1796,Ford Focus,Hatchback,Vancouver,2019-03-07,YVR International Airport,16:30,22.00,2019-03-04,
1797,Jaguar F-Pace,SUV,Vancouver,2019-03-07,YVR International Airport,16:30,42.00,2019-03-04,
1798,Kia Ceed,Hatchback,Vancouver,2019-03-07,Pacific Central Station,16:30,22.00,2019-03-04,
1799,Mazda 3,Hatchback,Vancouver,2019-03-07,YVR International Airport,16:30,24.00,2019-03-04,
1800,Nissan Qashqai,Hatchback,Vancouver,2019-03-07,Pacific Central Station,16:30,24.00,2019-03-04,
1801,Peugeot 208,Hatchback,Vancouver,2019-03-07,YVR International Airport,16:30,28.00,2019-03-04,
1802,SEAT Cordoba,Sedan,Vancouver,2019-03-07,Pacific Central Station,16:30,34.00,2019-03-04,
1803,Suzuki Grand Vitara,SUV,Vancouver,2019-03-07,Pacific Central Station,16:30,33.00,2019-03-04,
1804,Hyundai Ioniq,Sedan,San Diego,2019-03-12,Santa Fe Depot,12:30,35.00,2019-03-06,
1805,Skoda Octavia,Sedan,San Diego,2019-03-12,Santa Fe Depot,12:30,32.00,2019-03-06,
1806,Vauxhaull Astra,Hatchback,San Diego,2019-03-12,Santa Fe Depot,12:30,27.00,2019-03-06,
1807,Citroen C5,SUV,San Diego,2019-03-12,SAN International Airport,13:00,47.00,2019-03-06,
1808,Lexus GS,Sedan,San Diego,2019-03-12,SAN International Airport,13:00,34.00,2019-03-06,
1809,Mitsubishi Outlander,SUV,San Diego,2019-03-12,SAN International Airport,13:00,36.00,2019-03-06,
1810,SEAT Leon,Hatchback,San Diego,2019-03-12,SAN International Airport,13:00,26.00,2019-03-06,
1811,Volvo S90,Sedan,San Diego,2019-03-12,SAN International Airport,13:00,32.00,2019-03-06,
1812,Alfa Romeo Stelvio,SUV,Portland,2019-03-08,Portland Bus Station,12:30,44.00,2019-03-07,
1813,Buick Regal Sportback,Sedan,Portland,2019-03-08,PDX International Airport,12:30,36.00,2019-03-07,
1814,Citroen C5,SUV,Portland,2019-03-08,Union Station,12:30,38.00,2019-03-07,
1815,Dacia Duster,SUV,Portland,2019-03-08,Portland Bus Station,12:30,44.00,2019-03-07,
1816,Ford Focus,Hatchback,Portland,2019-03-08,PDX International Airport,12:30,27.00,2019-03-07,
1817,Hyundai Ioniq,Sedan,Portland,2019-03-08,Portland Bus Station,12:30,30.00,2019-03-07,
1818,Jaguar F-Pace,SUV,Portland,2019-03-08,PDX International Airport,12:30,48.00,2019-03-07,
1819,Kia Ceed,Hatchback,Portland,2019-03-08,Union Station,12:30,25.00,2019-03-07,
1820,Lexus GS,Sedan,Portland,2019-03-08,Portland Bus Station,12:30,28.00,2019-03-07,
1821,Mazda 3,Hatchback,Portland,2019-03-08,PDX International Airport,12:30,30.00,2019-03-07,
1822,Alfa Romeo Stelvio,SUV,Washington,2019-03-13,Union Station,12:00,41.00,2019-03-11,
1823,Buick Regal Sportback,Sedan,Washington,2019-03-13,Union Station,12:00,32.00,2019-03-11,
1824,Citroen C5,SUV,Washington,2019-03-13,Dulles International Airport,12:00,49.00,2019-03-11,
1825,Dacia Duster,SUV,Washington,2019-03-13,Union Station,12:00,31.00,2019-03-11,
1826,Dodge Charger,Sedan,Washington,2019-03-13,Dulles International Airport,12:00,31.00,2019-03-11,
1827,Fiat Panda,Hatchback,Washington,2019-03-13,Dulles International Airport,12:00,32.00,2019-03-11,
1828,Jaguar F-Pace,SUV,Washington,2019-03-13,Dulles International Airport,12:00,40.00,2019-03-11,
1829,Mazda 3,Hatchback,Washington,2019-03-13,Union Station,12:00,23.00,2019-03-11,
1830,Peugeot 208,Hatchback,Washington,2019-03-13,Union Station,12:00,26.00,2019-03-11,
1831,Renault Clio,Hatchback,Washington,2019-03-13,Dulles International Airport,12:00,25.00,2019-03-11,
1832,Alfa Romeo Stelvio,SUV,Washington,2019-03-06,Union Station,12:00,38.00,2019-03-02,
1833,Citroen C5,SUV,Washington,2019-03-06,Dulles International Airport,12:00,41.00,2019-03-02,
1834,Dacia Duster,SUV,Washington,2019-03-06,Union Station,12:00,47.00,2019-03-02,
1835,Jaguar F-Pace,SUV,Washington,2019-03-06,Dulles International Airport,12:00,48.00,2019-03-02,
1836,Skoda Kodiaq,SUV,Washington,2019-03-06,Union Station,12:00,49.00,2019-03-02,
1837,Suzuki Grand Vitara,SUV,Washington,2019-03-06,Dulles International Airport,12:00,43.00,2019-03-02,
1838,Alfa Romeo Stelvio,SUV,Philadelphia,2019-03-03,Intercity Terminal,11:00,37.00,2019-03-02,
1839,Dodge Charger,Sedan,Philadelphia,2019-03-03,Intercity Terminal,11:00,36.00,2019-03-02,
1840,GMC Terrain,SUV,Philadelphia,2019-03-03,Intercity Terminal,11:00,37.00,2019-03-02,
1841,Jaguar F-Pace,SUV,Philadelphia,2019-03-03,Intercity Terminal,11:00,35.00,2019-03-02,
1842,Mazda 3,Hatchback,Philadelphia,2019-03-03,PHL International Airport,11:00,34.00,2019-03-02,
1843,Mitsubishi Outlander,SUV,Philadelphia,2019-03-03,PHL International Airport,11:00,45.00,2019-03-02,
1844,Renault Clio,Hatchback,Philadelphia,2019-03-03,Intercity Terminal,11:00,25.00,2019-03-02,
1845,SEAT Cordoba,Sedan,Philadelphia,2019-03-03,Intercity Terminal,11:00,31.00,2019-03-02,
1846,SEAT Leon,Hatchback,Philadelphia,2019-03-03,PHL International Airport,11:00,28.00,2019-03-02,
1847,Skoda Octavia,Sedan,Philadelphia,2019-03-03,PHL International Airport,11:00,35.00,2019-03-02,
1848,Audi A8,Sedan,New York,2019-03-12,JFK International Airport,15:30,30.00,2019-03-11,
1849,Buick Regal Sportback,Sedan,New York,2019-03-12,JFK International Airport,15:30,34.00,2019-03-11,
1850,Dodge Charger,Sedan,New York,2019-03-12,Grand Central Station,15:30,27.00,2019-03-11,
1851,Hyundai Ioniq,Sedan,New York,2019-03-12,Port Authority Station,15:30,32.00,2019-03-11,
1852,Lexus GS,Sedan,New York,2019-03-12,Port Authority Station,15:30,26.00,2019-03-11,
1853,SEAT Cordoba,Sedan,New York,2019-03-12,Grand Central Station,15:30,29.00,2019-03-11,
1854,Skoda Octavia,Sedan,New York,2019-03-12,Port Authority Station,15:30,32.00,2019-03-11,
1855,Subaru Impreza,Sedan,New York,2019-03-12,Grand Central Station,15:30,31.00,2019-03-11,
1856,Buick Regal Sportback,Sedan,Washington,2019-03-07,Union Station,17:00,30.00,2019-03-02,
1857,SEAT Cordoba,Sedan,Washington,2019-03-07,Union Station,17:00,30.00,2019-03-02,
1858,Skoda Octavia,Sedan,Washington,2019-03-07,Dulles International Airport,17:00,34.00,2019-03-02,
1859,Subaru Impreza,Sedan,Washington,2019-03-07,Union Station,17:00,27.00,2019-03-02,
1860,Dacia Duster,SUV,Los Angeles,2019-03-12,LAX International Airport,13:30,48.00,2019-03-10,
1861,Fiat Panda,Hatchback,Los Angeles,2019-03-12,LAX International Airport,13:30,28.00,2019-03-10,
1862,Ford Focus,Hatchback,Los Angeles,2019-03-12,Union Station,13:30,23.00,2019-03-10,
1863,GMC Terrain,SUV,Los Angeles,2019-03-12,Union Station,13:30,38.00,2019-03-10,
1864,Hyundai Ioniq,Sedan,Los Angeles,2019-03-12,LAX International Airport,13:30,30.00,2019-03-10,
1865,Lexus GS,Sedan,Los Angeles,2019-03-12,Union Station,13:30,34.00,2019-03-10,
1866,Mitsubishi Outlander,SUV,Los Angeles,2019-03-12,Union Station,13:30,29.00,2019-03-10,
1867,Nissan Qashqai,Hatchback,Los Angeles,2019-03-12,LAX International Airport,13:30,26.00,2019-03-10,
1868,Renault Clio,Hatchback,Los Angeles,2019-03-12,LAX International Airport,13:30,24.00,2019-03-10,
1869,SEAT Cordoba,Sedan,Los Angeles,2019-03-12,Union Station,13:30,36.00,2019-03-10,
1870,Audi A8,Sedan,San Francisco,2019-03-07,Salesforce Transit Center,10:30,32.00,2019-03-06,
1871,Buick Regal Sportback,Sedan,San Francisco,2019-03-07,Salesforce Transit Center,10:30,29.00,2019-03-06,
1872,Jaguar F-Pace,SUV,San Francisco,2019-03-07,Salesforce Transit Center,10:30,42.00,2019-03-06,
1873,Lexus GS,Sedan,San Francisco,2019-03-07,Salesforce Transit Center,10:30,36.00,2019-03-06,
1874,Mazda 3,Hatchback,San Francisco,2019-03-07,Salesforce Transit Center,10:30,30.00,2019-03-06,
1875,SEAT Cordoba,Sedan,San Francisco,2019-03-07,Salesforce Transit Center,10:30,29.00,2019-03-06,
1876,Vauxhaull Astra,Hatchback,San Francisco,2019-03-07,Salesforce Transit Center,10:30,25.00,2019-03-06,
1877,Dodge Charger,Sedan,Washington,2019-03-13,Dulles International Airport,09:30,31.00,2019-03-08,
1878,Jaguar F-Pace,SUV,Washington,2019-03-13,Dulles International Airport,09:30,49.00,2019-03-08,
1879,Renault Clio,Hatchback,Washington,2019-03-13,Dulles International Airport,09:30,30.00,2019-03-08,
1880,Skoda Octavia,Sedan,Washington,2019-03-13,Dulles International Airport,09:30,33.00,2019-03-08,
1881,Suzuki Grand Vitara,SUV,Washington,2019-03-13,Dulles International Airport,09:30,42.00,2019-03-08,
1882,Mazda 3,Hatchback,Philadelphia,2019-03-09,PHL International Airport,09:30,26.00,2019-03-07,
1883,Mitsubishi Outlander,SUV,Philadelphia,2019-03-09,PHL International Airport,09:30,39.00,2019-03-07,
1884,SEAT Leon,Hatchback,Philadelphia,2019-03-09,PHL International Airport,09:30,30.00,2019-03-07,
1885,Skoda Octavia,Sedan,Philadelphia,2019-03-09,PHL International Airport,09:30,31.00,2019-03-07,
1886,Subaru Impreza,Sedan,Philadelphia,2019-03-09,PHL International Airport,09:30,36.00,2019-03-07,
1887,Volvo S90,Sedan,Philadelphia,2019-03-09,PHL International Airport,09:30,35.00,2019-03-07,
1888,Alfa Romeo Stelvio,SUV,Philadelphia,2019-03-09,Intercity Terminal,10:00,47.00,2019-03-07,
1889,Dodge Charger,Sedan,Philadelphia,2019-03-09,Intercity Terminal,10:00,36.00,2019-03-07,
1890,GMC Terrain,SUV,Philadelphia,2019-03-09,Intercity Terminal,10:00,40.00,2019-03-07,
1891,Jaguar F-Pace,SUV,Philadelphia,2019-03-09,Intercity Terminal,10:00,43.00,2019-03-07,
1892,Alfa Romeo Stelvio,SUV,New York,2019-03-05,Port Authority Station,17:00,36.00,2019-03-04,
1893,Audi A8,Sedan,New York,2019-03-05,JFK International Airport,17:00,37.00,2019-03-04,
1894,Buick Regal Sportback,Sedan,New York,2019-03-05,JFK International Airport,17:00,34.00,2019-03-04,
1895,Dodge Charger,Sedan,New York,2019-03-05,Grand Central Station,17:00,25.00,2019-03-04,
1896,Hyundai Ioniq,Sedan,New York,2019-03-05,Port Authority Station,17:00,27.00,2019-03-04,
1897,Jaguar F-Pace,SUV,New York,2019-03-05,JFK International Airport,17:00,51.00,2019-03-04,
1898,Kia Ceed,Hatchback,New York,2019-03-05,Port Authority Station,17:00,28.00,2019-03-04,
1899,Lexus GS,Sedan,New York,2019-03-05,Port Authority Station,17:00,31.00,2019-03-04,
1900,Peugeot 208,Hatchback,New York,2019-03-05,JFK International Airport,17:00,27.00,2019-03-04,
1901,Renault Clio,Hatchback,New York,2019-03-05,Grand Central Station,17:00,25.00,2019-03-04,
1902,Buick Regal Sportback,Sedan,Portland,2019-03-09,PDX International Airport,10:00,33.00,2019-03-08,
1903,Citroen C5,SUV,Portland,2019-03-09,Union Station,10:00,29.00,2019-03-08,
1904,Ford Focus,Hatchback,Portland,2019-03-09,PDX International Airport,10:00,32.00,2019-03-08,
1905,Jaguar F-Pace,SUV,Portland,2019-03-09,PDX International Airport,10:00,48.00,2019-03-08,
1906,Kia Ceed,Hatchback,Portland,2019-03-09,Union Station,10:00,32.00,2019-03-08,
1907,Mazda 3,Hatchback,Portland,2019-03-09,PDX International Airport,10:00,26.00,2019-03-08,
1908,Nissan Qashqai,Hatchback,Portland,2019-03-09,PDX International Airport,10:00,23.00,2019-03-08,
1909,SEAT Cordoba,Sedan,Portland,2019-03-09,PDX International Airport,10:00,30.00,2019-03-08,
1910,Subaru Impreza,Sedan,Portland,2019-03-09,Union Station,10:00,26.00,2019-03-08,
1911,Vauxhaull Astra,Hatchback,Portland,2019-03-09,PDX International Airport,10:00,25.00,2019-03-08,
1912,Alfa Romeo Stelvio,SUV,Washington,2019-03-14,Union Station,15:00,37.00,2019-03-13,
1913,Buick Regal Sportback,Sedan,Washington,2019-03-14,Union Station,15:00,31.00,2019-03-13,
1914,Citroen C5,SUV,Washington,2019-03-14,Dulles International Airport,15:00,46.00,2019-03-13,
1915,Dacia Duster,SUV,Washington,2019-03-14,Union Station,15:00,41.00,2019-03-13,
1916,Dodge Charger,Sedan,Washington,2019-03-14,Dulles International Airport,15:00,33.00,2019-03-13,
1917,Fiat Panda,Hatchback,Washington,2019-03-14,Dulles International Airport,15:00,28.00,2019-03-13,
1918,Jaguar F-Pace,SUV,Washington,2019-03-14,Dulles International Airport,15:00,44.00,2019-03-13,
1919,Mazda 3,Hatchback,Washington,2019-03-14,Union Station,15:00,31.00,2019-03-13,
1920,Peugeot 208,Hatchback,Washington,2019-03-14,Union Station,15:00,25.00,2019-03-13,
1921,Renault Clio,Hatchback,Washington,2019-03-14,Dulles International Airport,15:00,24.00,2019-03-13,
1922,Audi A8,Sedan,Vancouver,2019-03-14,Pacific Central Station,16:30,28.00,2019-03-11,
1923,Dacia Duster,SUV,Vancouver,2019-03-14,YVR International Airport,16:30,41.00,2019-03-11,
1924,Dodge Charger,Sedan,Vancouver,2019-03-14,Pacific Central Station,16:30,31.00,2019-03-11,
1925,Ford Focus,Hatchback,Vancouver,2019-03-14,YVR International Airport,16:30,32.00,2019-03-11,
1926,Jaguar F-Pace,SUV,Vancouver,2019-03-14,YVR International Airport,16:30,45.00,2019-03-11,
1927,Kia Ceed,Hatchback,Vancouver,2019-03-14,Pacific Central Station,16:30,27.00,2019-03-11,
1928,Mazda 3,Hatchback,Vancouver,2019-03-14,YVR International Airport,16:30,27.00,2019-03-11,
1929,Nissan Qashqai,Hatchback,Vancouver,2019-03-14,Pacific Central Station,16:30,26.00,2019-03-11,
1930,Peugeot 208,Hatchback,Vancouver,2019-03-14,YVR International Airport,16:30,29.00,2019-03-11,
1931,SEAT Cordoba,Sedan,Vancouver,2019-03-14,Pacific Central Station,16:30,34.00,2019-03-11,
1932,Alfa Romeo Stelvio,SUV,Sacramento,2019-03-09,Sacramento Valley Station,13:30,41.00,2019-03-06,
1933,Audi A8,Sedan,Sacramento,2019-03-09,SMF International Airport,13:30,33.00,2019-03-06,
1934,Buick Regal Sportback,Sedan,Sacramento,2019-03-09,Sacramento Valley Station,13:30,31.00,2019-03-06,
1935,Ford Focus,Hatchback,Sacramento,2019-03-09,SMF International Airport,13:30,27.00,2019-03-06,
1936,GMC Terrain,SUV,Sacramento,2019-03-09,SMF International Airport,13:30,41.00,2019-03-06,
1937,Jaguar F-Pace,SUV,Sacramento,2019-03-09,Sacramento Valley Station,13:30,38.00,2019-03-06,
1938,Kia Ceed,Hatchback,Sacramento,2019-03-09,SMF International Airport,13:30,31.00,2019-03-06,
1939,Lexus GS,Sedan,Sacramento,2019-03-09,SMF International Airport,13:30,34.00,2019-03-06,
1940,Mitsubishi Outlander,SUV,Sacramento,2019-03-09,SMF International Airport,13:30,36.00,2019-03-06,
1941,Nissan Qashqai,Hatchback,Sacramento,2019-03-09,Sacramento Valley Station,13:30,26.00,2019-03-06,
1942,Mitsubishi Outlander,SUV,,2019-03-09,Sacramento Valley Station,13:30,43.00,2019-03-06,False
1943,Alfa Romeo Stelvio,SUV,Washington,2019-03-07,Union Station,13:30,41.00,2019-03-06,
1944,Buick Regal Sportback,Sedan,Washington,2019-03-07,Union Station,13:30,26.00,2019-03-06,
1945,Citroen C5,SUV,Washington,2019-03-07,Dulles International Airport,13:30,37.00,2019-03-06,
1946,Dacia Duster,SUV,Washington,2019-03-07,Union Station,13:30,40.00,2019-03-06,
1947,Dodge Charger,Sedan,Washington,2019-03-07,Dulles International Airport,13:30,30.00,2019-03-06,
1948,Fiat Panda,Hatchback,Washington,2019-03-07,Dulles International Airport,13:30,26.00,2019-03-06,
1949,Jaguar F-Pace,SUV,Washington,2019-03-07,Dulles International Airport,13:30,40.00,2019-03-06,
1950,Mazda 3,Hatchback,Washington,2019-03-07,Union Station,13:30,26.00,2019-03-06,
1951,Peugeot 208,Hatchback,Washington,2019-03-07,Union Station,13:30,25.00,2019-03-06,
1952,Renault Clio,Hatchback,Washington,2019-03-07,Dulles International Airport,13:30,28.00,2019-03-06,
1953,GMC Terrain,SUV,,2019-03-07,Union Station,13:30,39.00,2019-03-06,False
1954,Audi A8,Sedan,Las Vegas,2019-03-07,Union Plaza,09:00,31.00,2019-03-06,
1955,Buick Regal Sportback,Sedan,Las Vegas,2019-03-07,McCarran International Airport,09:00,34.00,2019-03-06,
1956,Dodge Charger,Sedan,Las Vegas,2019-03-07,McCarran International Airport,09:00,30.00,2019-03-06,
1957,Fiat Panda,Hatchback,Las Vegas,2019-03-07,McCarran International Airport,09:00,29.00,2019-03-06,
1958,GMC Terrain,SUV,Las Vegas,2019-03-07,Union Plaza,09:00,37.00,2019-03-06,
1959,Lexus GS,Sedan,Las Vegas,2019-03-07,Union Plaza,09:00,27.00,2019-03-06,
1960,Mazda CX-5,SUV,Las Vegas,2019-03-07,McCarran International Airport,09:00,41.00,2019-03-06,
1961,Nissan Qashqai,Hatchback,Las Vegas,2019-03-07,Union Plaza,09:00,26.00,2019-03-06,
1962,Peugeot 208,Hatchback,Las Vegas,2019-03-07,McCarran International Airport,09:00,24.00,2019-03-06,
1963,Renault Clio,Hatchback,Las Vegas,2019-03-07,McCarran International Airport,09:00,24.00,2019-03-06,
1964,Dodge Charger,Sedan,,2019-03-07,McCarran International Airport,09:00,30.00,2019-03-06,False
1965,Alfa Romeo Stelvio,SUV,Long Beach,2019-03-08,Downtown Station,18:30,40.00,2019-03-07,
1966,Buick Regal Sportback,Sedan,Long Beach,2019-03-08,Downtown Station,18:30,31.00,2019-03-07,
1967,Fiat Panda,Hatchback,Long Beach,2019-03-08,Downtown Station,18:30,24.00,2019-03-07,
1968,Jaguar F-Pace,SUV,Long Beach,2019-03-08,Downtown Station,18:30,41.00,2019-03-07,
1969,Kia Ceed,Hatchback,Long Beach,2019-03-08,Downtown Station,18:30,26.00,2019-03-07,
1970,Peugeot 208,Hatchback,Long Beach,2019-03-08,Downtown Station,18:30,21.00,2019-03-07,
1971,Vauxhaull Astra,Hatchback,Long Beach,2019-03-08,Downtown Station,18:30,26.00,2019-03-07,
1972,Volvo S90,Sedan,Long Beach,2019-03-08,Downtown Station,18:30,28.00,2019-03-07,
1973,Alfa Romeo Stelvio,SUV,Long Beach,2019-03-08,LGB Airport,17:00,45.00,2019-03-07,
1974,Audi A8,Sedan,Long Beach,2019-03-08,LGB Airport,17:00,36.00,2019-03-07,
1975,Buick Regal Sportback,Sedan,Long Beach,2019-03-08,Downtown Station,17:00,31.00,2019-03-07,
1976,Citroen C5,SUV,Long Beach,2019-03-08,LGB Airport,17:00,36.00,2019-03-07,
1977,Fiat Panda,Hatchback,Long Beach,2019-03-08,LGB Airport,17:00,28.00,2019-03-07,
1978,Hyundai Ioniq,Sedan,Long Beach,2019-03-08,LGB Airport,17:00,38.00,2019-03-07,
1979,Jaguar F-Pace,SUV,Long Beach,2019-03-08,Downtown Station,17:00,41.00,2019-03-07,
1980,Kia Ceed,Hatchback,Long Beach,2019-03-08,Downtown Station,17:00,26.00,2019-03-07,
1981,Mazda 3,Hatchback,Long Beach,2019-03-08,LGB Airport,17:00,25.00,2019-03-07,
1982,Buick Regal Sportback,Sedan,,2019-03-08,Downtown Station,17:00,31.00,2019-03-07,False
1983,SEAT Leon,Hatchback,,2019-03-09,PHL International Airport,09:30,27.00,2019-03-03,False
1984,Alfa Romeo Stelvio,SUV,Long Beach,2019-03-08,LGB Airport,16:30,46.00,2019-03-05,
1985,Audi A8,Sedan,Long Beach,2019-03-08,LGB Airport,16:30,31.00,2019-03-05,
1986,Buick Regal Sportback,Sedan,Long Beach,2019-03-08,Downtown Station,16:30,29.00,2019-03-05,
1987,Citroen C5,SUV,Long Beach,2019-03-08,LGB Airport,16:30,34.00,2019-03-05,
1988,Fiat Panda,Hatchback,Long Beach,2019-03-08,LGB Airport,16:30,25.00,2019-03-05,
1989,Hyundai Ioniq,Sedan,Long Beach,2019-03-08,LGB Airport,16:30,29.00,2019-03-05,
1990,Jaguar F-Pace,SUV,Long Beach,2019-03-08,Downtown Station,16:30,47.00,2019-03-05,
1991,Kia Ceed,Hatchback,Long Beach,2019-03-08,Downtown Station,16:30,30.00,2019-03-05,
1992,Mazda 3,Hatchback,Long Beach,2019-03-08,LGB Airport,16:30,31.00,2019-03-05,
1993,Peugeot 208,Hatchback,Long Beach,2019-03-08,Downtown Station,16:30,28.00,2019-03-05,
1994,Citroen C5,SUV,,2019-03-08,LGB Airport,16:30,48.00,2019-03-05,True
1995,Dodge Charger,Sedan,Fresno,2019-03-05,Fresno Yosemite International Airport,12:30,31.00,2019-03-02,
1996,Ford Focus,Hatchback,Fresno,2019-03-05,Fresno Station,12:30,28.00,2019-03-02,
1997,GMC Terrain,SUV,Fresno,2019-03-05,Fresno Station,12:30,42.00,2019-03-02,
1998,Jaguar F-Pace,SUV,Fresno,2019-03-05,Fresno Yosemite International Airport,12:30,48.00,2019-03-02,
1999,Kia Ceed,Hatchback,Fresno,2019-03-05,Fresno Station,12:30,20.00,2019-03-02,
2000,Lexus GS,Sedan,Fresno,2019-03-05,Fresno Station,12:30,26.00,2019-03-02,
2001,Mazda CX-5,SUV,Fresno,2019-03-05,Fresno Station,12:30,32.00,2019-03-02,
2002,Peugeot 208,Hatchback,Fresno,2019-03-05,Fresno Yosemite International Airport,12:30,28.00,2019-03-02,
2003,SEAT Cordoba,Sedan,Fresno,2019-03-05,Fresno Yosemite International Airport,12:30,34.00,2019-03-02,
2004,SEAT Leon,Hatchback,Fresno,2019-03-05,Fresno Station,12:30,25.00,2019-03-02,
2005,Dodge Charger,Sedan,Fresno,2019-03-03,Fresno Yosemite International Airport,12:30,33.00,2019-03-02,
2006,Ford Focus,Hatchback,Fresno,2019-03-03,Fresno Station,12:30,26.00,2019-03-02,
2007,GMC Terrain,SUV,Fresno,2019-03-03,Fresno Station,12:30,41.00,2019-03-02,
2008,Jaguar F-Pace,SUV,Fresno,2019-03-03,Fresno Yosemite International Airport,12:30,44.00,2019-03-02,
2009,Kia Ceed,Hatchback,Fresno,2019-03-03,Fresno Station,12:30,28.00,2019-03-02,
2010,Lexus GS,Sedan,Fresno,2019-03-03,Fresno Station,12:30,28.00,2019-03-02,
2011,Mazda CX-5,SUV,Fresno,2019-03-03,Fresno Station,12:30,46.00,2019-03-02,
2012,Peugeot 208,Hatchback,Fresno,2019-03-03,Fresno Yosemite International Airport,12:30,27.00,2019-03-02,
2013,SEAT Cordoba,Sedan,Fresno,2019-03-03,Fresno Yosemite International Airport,12:30,35.00,2019-03-02,
2014,Kia Ceed,Hatchback,,2019-03-03,Fresno Station,12:30,28.00,2019-03-02,False
2015,Buick Regal Sportback,Sedan,Anaheim,2019-03-12,John Wayne Airport,12:00,33.00,2019-03-07,
2016,Dacia Duster,SUV,Anaheim,2019-03-12,Anaheim Intermodal Center,12:00,48.00,2019-03-07,
2017,Hyundai Ioniq,Sedan,Anaheim,2019-03-12,Anaheim Intermodal Center,12:00,31.00,2019-03-07,
2018,Kia Ceed,Hatchback,Anaheim,2019-03-12,John Wayne Airport,12:00,30.00,2019-03-07,
2019,Mazda 3,Hatchback,Anaheim,2019-03-12,John Wayne Airport,12:00,28.00,2019-03-07,
2020,Peugeot 208,Hatchback,Anaheim,2019-03-12,John Wayne Airport,12:00,34.00,2019-03-07,
2021,Renault Clio,Hatchback,Anaheim,2019-03-12,John Wayne Airport,12:00,31.00,2019-03-07,
2022,Skoda Octavia,Sedan,Anaheim,2019-03-12,Anaheim Intermodal Center,12:00,31.00,2019-03-07,
2023,Volvo S90,Sedan,Anaheim,2019-03-12,John Wayne Airport,12:00,38.00,2019-03-07,
2024,Volvo S90,Sedan,,2019-03-12,John Wayne Airport,12:00,38.00,2019-03-07,False
2025,Citroen C5,SUV,San Diego,2019-03-14,SAN International Airport,13:30,44.00,2019-03-12,
2026,Hyundai Ioniq,Sedan,San Diego,2019-03-14,Santa Fe Depot,13:30,30.00,2019-03-12,
2027,Jaguar F-Pace,SUV,San Diego,2019-03-14,Santa Fe Depot,13:30,45.00,2019-03-12,
2028,Lexus GS,Sedan,San Diego,2019-03-14,SAN International Airport,13:30,33.00,2019-03-12,
2029,Mazda 3,Hatchback,San Diego,2019-03-14,SAN International Airport,13:30,32.00,2019-03-12,
2030,Mitsubishi Outlander,SUV,San Diego,2019-03-14,SAN International Airport,13:30,49.00,2019-03-12,
2031,SEAT Cordoba,Sedan,San Diego,2019-03-14,Santa Fe Depot,13:30,30.00,2019-03-12,
2032,SEAT Leon,Hatchback,San Diego,2019-03-14,SAN International Airport,13:30,26.00,2019-03-12,
2033,Skoda Octavia,Sedan,San Diego,2019-03-14,SAN International Airport,13:30,36.00,2019-03-12,
2034,Vauxhaull Astra,Hatchback,San Diego,2019-03-14,SAN International Airport,13:30,27.00,2019-03-12,
2035,Mitsubishi Outlander,SUV,,2019-03-14,SAN International Airport,13:30,49.00,2019-03-12,False
2036,Ford Focus,Hatchback,Paris,2019-03-10,Orly International Airport,10:30,27.00,2019-03-04,
2037,Peugeot 208,Hatchback,Paris,2019-03-10,Orly International Airport,10:30,33.00,2019-03-04,
2038,SEAT Leon,Hatchback,Paris,2019-03-10,Orly International Airport,10:30,26.00,2019-03-04,
2039,Skoda Octavia,Sedan,Paris,2019-03-10,Orly International Airport,10:30,27.00,2019-03-04,
2040,Volvo S90,Sedan,Paris,2019-03-10,Orly International Airport,10:30,39.00,2019-03-04,
2041,Peugeot 208,Hatchback,,2019-03-10,Orly International Airport,10:30,53.00,2019-03-04,True
2042,GMC Terrain,SUV,Fresno,2019-03-06,Fresno Station,10:30,43.00,2019-03-03,
2043,Jaguar F-Pace,SUV,Fresno,2019-03-06,Fresno Station,10:30,41.00,2019-03-03,
2044,Mazda CX-5,SUV,Fresno,2019-03-06,Fresno Station,10:30,44.00,2019-03-03,
2045,GMC Terrain,SUV,,2019-03-06,Fresno Station,10:30,43.00,2019-03-03,False
2046,Alfa Romeo Stelvio,SUV,Long Beach,2019-03-14,Downtown Station,14:00,45.00,2019-03-07,
2047,Jaguar F-Pace,SUV,Long Beach,2019-03-14,Downtown Station,14:00,41.00,2019-03-07,
2048,Vauxhaull Astra,Hatchback,Long Beach,2019-03-14,LGB Airport,14:00,31.00,2019-03-07,
2049,Alfa Romeo Stelvio,SUV,,2019-03-14,Downtown Station,14:00,67.00,2019-03-07,True
2050,Buick Regal Sportback,Sedan,Washington,2019-03-06,Union Station,17:00,29.00,2019-03-01,
2051,SEAT Cordoba,Sedan,Washington,2019-03-06,Union Station,17:00,32.00,2019-03-01,
2052,Skoda Octavia,Sedan,Washington,2019-03-06,Dulles International Airport,17:00,37.00,2019-03-01,
2053,Subaru Impreza,Sedan,Washington,2019-03-06,Union Station,17:00,27.00,2019-03-01,
2054,SEAT Cordoba,Sedan,,2019-03-06,Union Station,17:00,35.00,2019-03-01,False
2055,Alfa Romeo Stelvio,SUV,Kuala Lumpur,2019-03-14,KLIA International Airport,16:30,35.00,2019-03-12,
2056,Dacia Duster,SUV,Kuala Lumpur,2019-03-14,KLIA International Airport,16:30,32.00,2019-03-12,
2057,Suzuki Grand Vitara,SUV,Kuala Lumpur,2019-03-14,KLIA International Airport,16:30,29.00,2019-03-12,
2058,Suzuki Grand Vitara,SUV,,2019-03-14,KLIA International Airport,16:30,29.00,2019-03-12,False
2059,Citroen C5,SUV,San Diego,2019-03-07,SAN International Airport,14:00,40.00,2019-03-02,
2060,Jaguar F-Pace,SUV,San Diego,2019-03-07,Santa Fe Depot,14:00,42.00,2019-03-02,
2061,Lexus GS,Sedan,San Diego,2019-03-07,SAN International Airport,14:00,34.00,2019-03-02,
2062,Mitsubishi Outlander,SUV,San Diego,2019-03-07,SAN International Airport,14:00,53.00,2019-03-02,
2063,SEAT Cordoba,Sedan,San Diego,2019-03-07,Santa Fe Depot,14:00,32.00,2019-03-02,
2064,SEAT Leon,Hatchback,San Diego,2019-03-07,SAN International Airport,14:00,36.00,2019-03-02,
2065,Skoda Octavia,Sedan,San Diego,2019-03-07,SAN International Airport,14:00,35.00,2019-03-02,
2066,Volvo S90,Sedan,San Diego,2019-03-07,SAN International Airport,14:00,32.00,2019-03-02,
2067,Mitsubishi Outlander,SUV,,2019-03-07,SAN International Airport,14:00,71.00,2019-03-02,True
2068,Audi A8,Sedan,Vancouver,2019-03-06,Pacific Central Station,15:00,33.00,2019-03-04,
2069,Dacia Duster,SUV,Vancouver,2019-03-06,YVR International Airport,15:00,42.00,2019-03-04,
2070,Dodge Charger,Sedan,Vancouver,2019-03-06,Pacific Central Station,15:00,26.00,2019-03-04,
2071,Ford Focus,Hatchback,Vancouver,2019-03-06,YVR International Airport,15:00,30.00,2019-03-04,
2072,Jaguar F-Pace,SUV,Vancouver,2019-03-06,YVR International Airport,15:00,46.00,2019-03-04,
2073,Kia Ceed,Hatchback,Vancouver,2019-03-06,Pacific Central Station,15:00,26.00,2019-03-04,
2074,Mazda 3,Hatchback,Vancouver,2019-03-06,YVR International Airport,15:00,20.00,2019-03-04,
2075,Nissan Qashqai,Hatchback,Vancouver,2019-03-06,Pacific Central Station,15:00,26.00,2019-03-04,
2076,Peugeot 208,Hatchback,Vancouver,2019-03-06,YVR International Airport,15:00,28.00,2019-03-04,
2077,SEAT Cordoba,Sedan,Vancouver,2019-03-06,Pacific Central Station,15:00,38.00,2019-03-04,
2078,Subaru Impreza,Sedan,,2019-03-06,Pacific Central Station,15:00,33.00,2019-03-04,False
2079,Dacia Duster,SUV,Los Angeles,2019-03-07,LAX International Airport,13:30,42.00,2019-03-06,
2080,Fiat Panda,Hatchback,Los Angeles,2019-03-07,LAX International Airport,13:30,27.00,2019-03-06,
2081,Ford Focus,Hatchback,Los Angeles,2019-03-07,Union Station,13:30,28.00,2019-03-06,
2082,GMC Terrain,SUV,Los Angeles,2019-03-07,Union Station,13:30,39.00,2019-03-06,
2083,Hyundai Ioniq,Sedan,Los Angeles,2019-03-07,LAX International Airport,13:30,34.00,2019-03-06,
2084,Lexus GS,Sedan,Los Angeles,2019-03-07,Union Station,13:30,31.00,2019-03-06,
2085,Mitsubishi Outlander,SUV,Los Angeles,2019-03-07,Union Station,13:30,44.00,2019-03-06,
2086,Nissan Qashqai,Hatchback,Los Angeles,2019-03-07,LAX International Airport,13:30,29.00,2019-03-06,
2087,Renault Clio,Hatchback,Los Angeles,2019-03-07,LAX International Airport,13:30,28.00,2019-03-06,
2088,SEAT Cordoba,Sedan,Los Angeles,2019-03-07,Union Station,13:30,29.00,2019-03-06,
2089,Skoda Kodiaq,SUV,,2019-03-07,LAX International Airport,13:30,37.00,2019-03-06,False
2090,Dodge Charger,Sedan,Mexico City,2019-03-13,Benito Juarez International Airport,15:30,24.00,2019-03-12,
2091,Hyundai Ioniq,Sedan,Mexico City,2019-03-13,Benito Juarez International Airport,15:30,20.00,2019-03-12,
2092,Lexus GS,Sedan,Mexico City,2019-03-13,Estacion Buenavista,15:30,20.00,2019-03-12,
2093,Skoda Octavia,Sedan,Mexico City,2019-03-13,Benito Juarez International Airport,15:30,23.00,2019-03-12,
2094,Subaru Impreza,Sedan,Mexico City,2019-03-13,Benito Juarez International Airport,15:30,25.00,2019-03-12,
2095,Volvo S90,Sedan,Mexico City,2019-03-13,Estacion Buenavista,15:30,20.00,2019-03-12,
2096,Dodge Charger,Sedan,,2019-03-13,Benito Juarez International Airport,15:30,34.00,2019-03-12,True
2097,Dacia Duster,SUV,Chicago,2019-03-13,Chicago Union Station,18:00,38.00,2019-03-12,
2098,Dodge Charger,Sedan,Chicago,2019-03-13,O'Hare International Airport,18:00,38.00,2019-03-12,
2099,Fiat Panda,Hatchback,Chicago,2019-03-13,O'Hare International Airport,18:00,31.00,2019-03-12,
2100,GMC Terrain,SUV,Chicago,2019-03-13,O'Hare International Airport,18:00,44.00,2019-03-12,
2101,Nissan Qashqai,Hatchback,Chicago,2019-03-13,Chicago Union Station,18:00,24.00,2019-03-12,
2102,Peugeot 208,Hatchback,Chicago,2019-03-13,Chicago Union Station,18:00,29.00,2019-03-12,
2103,SEAT Leon,Hatchback,Chicago,2019-03-13,O'Hare International Airport,18:00,27.00,2019-03-12,
2104,Skoda Kodiaq,SUV,Chicago,2019-03-13,O'Hare International Airport,18:00,43.00,2019-03-12,
2105,Subaru Impreza,Sedan,Chicago,2019-03-13,O'Hare International Airport,18:00,34.00,2019-03-12,
2106,Vauxhaull Astra,Hatchback,Chicago,2019-03-13,Chicago Union Station,18:00,28.00,2019-03-12,
2107,Dacia Duster,SUV,,2019-03-13,Chicago Union Station,18:00,38.00,2019-03-12,False
2108,Audi A8,Sedan,Long Beach,2019-03-14,LGB Airport,17:00,33.00,2019-03-12,
2109,Buick Regal Sportback,Sedan,Long Beach,2019-03-14,Downtown Station,17:00,29.00,2019-03-12,
2110,Hyundai Ioniq,Sedan,Long Beach,2019-03-14,LGB Airport,17:00,28.00,2019-03-12,
2111,Volvo S90,Sedan,Long Beach,2019-03-14,Downtown Station,17:00,25.00,2019-03-12,
2112,Audi A8,Sedan,,2019-03-14,LGB Airport,17:00,33.00,2019-03-12,False
2113,Audi A8,Sedan,London,2019-03-11,Heathrow International Airport,18:00,31.00,2019-03-06,
2114,Citroen C5,SUV,London,2019-03-11,Heathrow International Airport,18:00,37.00,2019-03-06,
2115,Dacia Duster,SUV,London,2019-03-11,Heathrow International Airport,18:00,51.00,2019-03-06,
2116,GMC Terrain,SUV,London,2019-03-11,Heathrow International Airport,18:00,44.00,2019-03-06,
2117,Lexus GS,Sedan,London,2019-03-11,Heathrow International Airport,18:00,34.00,2019-03-06,
2118,Nissan Qashqai,Hatchback,London,2019-03-11,Heathrow International Airport,18:00,28.00,2019-03-06,
2119,SEAT Cordoba,Sedan,London,2019-03-11,Heathrow International Airport,18:00,31.00,2019-03-06,
2120,Volvo S90,Sedan,London,2019-03-11,Heathrow International Airport,18:00,34.00,2019-03-06,
2121,Volvo S90,Sedan,,2019-03-11,Heathrow International Airport,18:00,52.00,2019-03-06,True
2122,Citroen C5,SUV,Mexico City,2019-03-05,Benito Juarez International Airport,15:00,38.00,2019-03-03,
2123,Dodge Charger,Sedan,Mexico City,2019-03-05,Benito Juarez International Airport,15:00,25.00,2019-03-03,
2124,Fiat Panda,Hatchback,Mexico City,2019-03-05,Benito Juarez International Airport,15:00,18.00,2019-03-03,
2125,GMC Terrain,SUV,Mexico City,2019-03-05,Benito Juarez International Airport,15:00,34.00,2019-03-03,
2126,Hyundai Ioniq,Sedan,Mexico City,2019-03-05,Benito Juarez International Airport,15:00,25.00,2019-03-03,
2127,Jaguar F-Pace,SUV,Mexico City,2019-03-05,Estacion Buenavista,15:00,32.00,2019-03-03,
2128,Lexus GS,Sedan,Mexico City,2019-03-05,Estacion Buenavista,15:00,21.00,2019-03-03,
2129,Mazda 3,Hatchback,Mexico City,2019-03-05,Estacion Buenavista,15:00,16.00,2019-03-03,
2130,Mazda CX-5,SUV,Mexico City,2019-03-05,Benito Juarez International Airport,15:00,40.00,2019-03-03,
2131,Mitsubishi Outlander,SUV,Mexico City,2019-03-05,Estacion Buenavista,15:00,32.00,2019-03-03,
2132,Mazda CX-5,SUV,,2019-03-05,Benito Juarez International Airport,15:00,40.00,2019-03-03,False
2133,Audi A8,Sedan,San Francisco,2019-03-05,Salesforce Transit Center,18:00,35.00,2019-03-04,
2134,Buick Regal Sportback,Sedan,San Francisco,2019-03-05,Salesforce Transit Center,18:00,28.00,2019-03-04,
2135,Jaguar F-Pace,SUV,San Francisco,2019-03-05,Salesforce Transit Center,18:00,37.00,2019-03-04,
2136,Lexus GS,Sedan,San Francisco,2019-03-05,Salesforce Transit Center,18:00,29.00,2019-03-04,
2137,Mazda 3,Hatchback,San Francisco,2019-03-05,Salesforce Transit Center,18:00,24.00,2019-03-04,
2138,SEAT Cordoba,Sedan,San Francisco,2019-03-05,Salesforce Transit Center,18:00,31.00,2019-03-04,
2139,Vauxhaull Astra,Hatchback,San Francisco,2019-03-05,Salesforce Transit Center,18:00,25.00,2019-03-04,
2140,Buick Regal Sportback,Sedan,,2019-03-05,Salesforce Transit Center,18:00,38.00,2019-03-04,True
2141,Citroen C5,SUV,San Diego,2019-03-06,SAN International Airport,15:00,36.00,2019-03-03,
2142,Jaguar F-Pace,SUV,San Diego,2019-03-06,Santa Fe Depot,15:00,46.00,2019-03-03,
2143,Mitsubishi Outlander,SUV,San Diego,2019-03-06,SAN International Airport,15:00,42.00,2019-03-03,
2144,Citroen C5,SUV,San Diego,2019-03-06,SAN International Airport,15:00,45.00,2019-03-01,
2145,Hyundai Ioniq,Sedan,San Diego,2019-03-06,Santa Fe Depot,15:00,28.00,2019-03-01,
2146,Jaguar F-Pace,SUV,San Diego,2019-03-06,Santa Fe Depot,15:00,42.00,2019-03-01,
2147,Mitsubishi Outlander,SUV,San Diego,2019-03-06,SAN International Airport,15:00,47.00,2019-03-01,
2148,SEAT Leon,Hatchback,San Diego,2019-03-06,SAN International Airport,15:00,26.00,2019-03-01,
2149,Skoda Octavia,Sedan,San Diego,2019-03-06,SAN International Airport,15:00,32.00,2019-03-01,
2150,Vauxhaull Astra,Hatchback,San Diego,2019-03-06,SAN International Airport,15:00,31.00,2019-03-01,
2151,Volvo S90,Sedan,San Diego,2019-03-06,SAN International Airport,15:00,33.00,2019-03-01,
2152,Skoda Octavia,Sedan,,2019-03-06,Santa Fe Depot,15:00,50.00,2019-03-01,True
2153,Audi A8,Sedan,Vancouver,2019-03-09,Pacific Central Station,15:00,30.00,2019-03-08,
2154,Dacia Duster,SUV,Vancouver,2019-03-09,YVR International Airport,15:00,37.00,2019-03-08,
2155,Dodge Charger,Sedan,Vancouver,2019-03-09,Pacific Central Station,15:00,27.00,2019-03-08,
2156,Ford Focus,Hatchback,Vancouver,2019-03-09,YVR International Airport,15:00,26.00,2019-03-08,
2157,Jaguar F-Pace,SUV,Vancouver,2019-03-09,YVR International Airport,15:00,41.00,2019-03-08,
2158,Kia Ceed,Hatchback,Vancouver,2019-03-09,Pacific Central Station,15:00,24.00,2019-03-08,
2159,Mazda 3,Hatchback,Vancouver,2019-03-09,YVR International Airport,15:00,28.00,2019-03-08,
2160,Nissan Qashqai,Hatchback,Vancouver,2019-03-09,Pacific Central Station,15:00,26.00,2019-03-08,
2161,Peugeot 208,Hatchback,Vancouver,2019-03-09,YVR International Airport,15:00,25.00,2019-03-08,
2162,SEAT Cordoba,Sedan,Vancouver,2019-03-09,Pacific Central Station,15:00,30.00,2019-03-08,
2163,Subaru Impreza,Sedan,,2019-03-09,Pacific Central Station,15:00,33.00,2019-03-08,False
2164,Audi A8,Sedan,Vancouver,2019-03-05,Pacific Central Station,17:00,27.00,2019-03-01,
2165,Dacia Duster,SUV,Vancouver,2019-03-05,YVR International Airport,17:00,35.00,2019-03-01,
2166,Dodge Charger,Sedan,Vancouver,2019-03-05,Pacific Central Station,17:00,27.00,2019-03-01,
2167,Ford Focus,Hatchback,Vancouver,2019-03-05,YVR International Airport,17:00,29.00,2019-03-01,
2168,Jaguar F-Pace,SUV,Vancouver,2019-03-05,YVR International Airport,17:00,44.00,2019-03-01,
2169,Kia Ceed,Hatchback,Vancouver,2019-03-05,Pacific Central Station,17:00,25.00,2019-03-01,
2170,Mazda 3,Hatchback,Vancouver,2019-03-05,YVR International Airport,17:00,28.00,2019-03-01,
2171,Nissan Qashqai,Hatchback,Vancouver,2019-03-05,Pacific Central Station,17:00,23.00,2019-03-01,
2172,Peugeot 208,Hatchback,Vancouver,2019-03-05,YVR International Airport,17:00,26.00,2019-03-01,
2173,SEAT Cordoba,Sedan,Vancouver,2019-03-05,Pacific Central Station,17:00,28.00,2019-03-01,
2174,Subaru Impreza,Sedan,,2019-03-05,Pacific Central Station,17:00,25.00,2019-03-01,False
2175,Audi A8,Sedan,San Francisco,2019-03-11,Salesforce Transit Center,12:00,31.00,2019-03-07,
2176,Buick Regal Sportback,Sedan,San Francisco,2019-03-11,Salesforce Transit Center,12:00,28.00,2019-03-07,
2177,Fiat Panda,Hatchback,San Francisco,2019-03-11,SFO International Airport,12:00,27.00,2019-03-07,
2178,GMC Terrain,SUV,San Francisco,2019-03-11,SFO International Airport,12:00,40.00,2019-03-07,
2179,Hyundai Ioniq,Sedan,San Francisco,2019-03-11,SFO International Airport,12:00,29.00,2019-03-07,
2180,Jaguar F-Pace,SUV,San Francisco,2019-03-11,Salesforce Transit Center,12:00,42.00,2019-03-07,
2181,Kia Ceed,Hatchback,San Francisco,2019-03-11,SFO International Airport,12:00,28.00,2019-03-07,
2182,Lexus GS,Sedan,San Francisco,2019-03-11,Salesforce Transit Center,12:00,31.00,2019-03-07,
2183,Mazda 3,Hatchback,San Francisco,2019-03-11,Salesforce Transit Center,12:00,28.00,2019-03-07,
2184,Mitsubishi Outlander,SUV,San Francisco,2019-03-11,SFO International Airport,12:00,49.00,2019-03-07,
2185,Buick Regal Sportback,Sedan,,2019-03-11,Salesforce Transit Center,12:00,28.00,2019-03-07,False
2186,Buick Regal Sportback,Sedan,Palo Alto,2019-03-11,Palo Alto Caltrain Station,14:00,28.00,2019-03-07,
2187,Ford Focus,Hatchback,Palo Alto,2019-03-11,Palo Alto Caltrain Station,14:00,25.00,2019-03-07,
2188,Hyundai Ioniq,Sedan,Palo Alto,2019-03-11,Palo Alto Caltrain Station,14:00,27.00,2019-03-07,
2189,Jaguar F-Pace,SUV,Palo Alto,2019-03-11,Palo Alto Caltrain Station,14:00,35.00,2019-03-07,
2190,Lexus GS,Sedan,Palo Alto,2019-03-11,Palo Alto Caltrain Station,14:00,33.00,2019-03-07,
2191,Mitsubishi Outlander,SUV,Palo Alto,2019-03-11,Palo Alto Caltrain Station,14:00,34.00,2019-03-07,
2192,Renault Clio,Hatchback,Palo Alto,2019-03-11,Palo Alto Caltrain Station,14:00,29.00,2019-03-07,
2193,SEAT Leon,Hatchback,Palo Alto,2019-03-11,Palo Alto Caltrain Station,14:00,22.00,2019-03-07,
2194,Suzuki Grand Vitara,SUV,Palo Alto,2019-03-11,Palo Alto Caltrain Station,14:00,41.00,2019-03-07,
2195,Vauxhaull Astra,Hatchback,Palo Alto,2019-03-11,Palo Alto Caltrain Station,14:00,24.00,2019-03-07,
2196,Buick Regal Sportback,Sedan,,2019-03-11,Palo Alto Caltrain Station,14:00,44.00,2019-03-07,True
2197,Audi A8,Sedan,London,2019-03-09,Heathrow International Airport,10:30,30.00,2019-03-03,
2198,Buick Regal Sportback,Sedan,London,2019-03-09,Gatwick International Airport,10:30,35.00,2019-03-03,
2199,Dacia Duster,SUV,London,2019-03-09,Heathrow International Airport,10:30,45.00,2019-03-03,
2200,Fiat Panda,Hatchback,London,2019-03-09,Heathrow International Airport,10:30,29.00,2019-03-03,
2201,GMC Terrain,SUV,London,2019-03-09,Heathrow International Airport,10:30,48.00,2019-03-03,
2202,SEAT Cordoba,Sedan,London,2019-03-09,Heathrow International Airport,10:30,33.00,2019-03-03,
2203,SEAT Leon,Hatchback,London,2019-03-09,Gatwick International Airport,10:30,31.00,2019-03-03,
2204,SEAT Cordoba,Sedan,,2019-03-09,Heathrow International Airport,10:30,33.00,2019-03-03,False
2205,Audi A8,Sedan,London,2019-03-06,Heathrow International Airport,09:30,36.00,2019-03-01,
2206,Citroen C5,SUV,London,2019-03-06,Heathrow International Airport,09:30,43.00,2019-03-01,
2207,Fiat Panda,Hatchback,London,2019-03-06,Heathrow International Airport,09:30,30.00,2019-03-01,
2208,Ford Focus,Hatchback,London,2019-03-06,Gatwick International Airport,09:30,24.00,2019-03-01,
2209,GMC Terrain,SUV,London,2019-03-06,Heathrow International Airport,09:30,43.00,2019-03-01,
2210,Hyundai Ioniq,Sedan,London,2019-03-06,Gatwick International Airport,09:30,35.00,2019-03-01,
2211,Lexus GS,Sedan,London,2019-03-06,Heathrow International Airport,09:30,32.00,2019-03-01,
2212,Mazda 3,Hatchback,London,2019-03-06,Gatwick International Airport,09:30,28.00,2019-03-01,
2213,Nissan Qashqai,Hatchback,London,2019-03-06,Heathrow International Airport,09:30,31.00,2019-03-01,
2214,SEAT Cordoba,Sedan,London,2019-03-06,Heathrow International Airport,09:30,25.00,2019-03-01,
2215,Volvo S90,Sedan,,2019-03-06,Heathrow International Airport,09:30,31.00,2019-03-01,False
2216,Kia Ceed,Hatchback,Toronto,2019-03-05,Toronto Pearson International Airport,19:30,26.00,2019-03-03,
2217,Mazda 3,Hatchback,Toronto,2019-03-05,Toronto Pearson International Airport,19:30,29.00,2019-03-03,
2218,Peugeot 208,Hatchback,Toronto,2019-03-05,Toronto Pearson International Airport,19:30,31.00,2019-03-03,
2219,Vauxhaull Astra,Hatchback,Toronto,2019-03-05,Toronto Pearson International Airport,19:30,28.00,2019-03-03,
2220,Fiat Panda,Hatchback,Los Angeles,2019-03-05,LAX International Airport,19:30,25.00,2019-03-01,
2221,Nissan Qashqai,Hatchback,Los Angeles,2019-03-05,LAX International Airport,19:30,28.00,2019-03-01,
2222,Renault Clio,Hatchback,Los Angeles,2019-03-05,LAX International Airport,19:30,33.00,2019-03-01,
2223,Fiat Panda,Hatchback,,2019-03-05,LAX International Airport,19:30,25.00,2019-03-01,False
2224,Buick Regal Sportback,Sedan,Toronto,2019-03-03,Toronto Pearson International Airport,13:30,31.00,2019-03-01,
2225,Dacia Duster,SUV,Toronto,2019-03-03,Toronto Pearson International Airport,13:30,45.00,2019-03-01,
2226,GMC Terrain,SUV,Toronto,2019-03-03,Toronto Pearson International Airport,13:30,43.00,2019-03-01,
2227,Hyundai Ioniq,Sedan,Toronto,2019-03-03,Toronto Pearson International Airport,13:30,36.00,2019-03-01,
2228,Jaguar F-Pace,SUV,Toronto,2019-03-03,Toronto Pearson International Airport,13:30,51.00,2019-03-01,
2229,Kia Ceed,Hatchback,Toronto,2019-03-03,Toronto Pearson International Airport,13:30,37.00,2019-03-01,
2230,Mazda 3,Hatchback,Toronto,2019-03-03,Toronto Pearson International Airport,13:30,27.00,2019-03-01,
2231,Peugeot 208,Hatchback,Toronto,2019-03-03,Toronto Pearson International Airport,13:30,25.00,2019-03-01,
2232,SEAT Cordoba,Sedan,Toronto,2019-03-03,Toronto Pearson International Airport,13:30,39.00,2019-03-01,
2233,Skoda Octavia,Sedan,Toronto,2019-03-03,Toronto Pearson International Airport,13:30,39.00,2019-03-01,
2234,SEAT Cordoba,Sedan,,2019-03-03,Toronto Pearson International Airport,13:30,39.00,2019-03-01,False
2235,Ford Focus,Hatchback,Portland,2019-03-13,PDX International Airport,18:00,30.00,2019-03-11,
2236,Kia Ceed,Hatchback,Portland,2019-03-13,Portland Bus Station,18:00,26.00,2019-03-11,
2237,Mazda 3,Hatchback,Portland,2019-03-13,PDX International Airport,18:00,33.00,2019-03-11,
2238,Nissan Qashqai,Hatchback,Portland,2019-03-13,PDX International Airport,18:00,28.00,2019-03-11,
2239,Renault Clio,Hatchback,Portland,2019-03-13,Portland Bus Station,18:00,27.00,2019-03-11,
2240,SEAT Leon,Hatchback,Portland,2019-03-13,Portland Bus Station,18:00,29.00,2019-03-11,
2241,Vauxhaull Astra,Hatchback,Portland,2019-03-13,PDX International Airport,18:00,28.00,2019-03-11,
2242,Ford Focus,Hatchback,,2019-03-13,PDX International Airport,18:00,30.00,2019-03-11,False
2243,Alfa Romeo Stelvio,SUV,New York,2019-03-12,Port Authority Station,17:00,40.00,2019-03-07,
2244,Dodge Charger,Sedan,New York,2019-03-12,Grand Central Station,17:00,35.00,2019-03-07,
2245,Hyundai Ioniq,Sedan,New York,2019-03-12,Port Authority Station,17:00,28.00,2019-03-07,
2246,Kia Ceed,Hatchback,New York,2019-03-12,Port Authority Station,17:00,24.00,2019-03-07,
2247,Lexus GS,Sedan,New York,2019-03-12,Grand Central Station,17:00,33.00,2019-03-07,
2248,Peugeot 208,Hatchback,New York,2019-03-12,JFK International Airport,17:00,29.00,2019-03-07,
2249,Renault Clio,Hatchback,New York,2019-03-12,Grand Central Station,17:00,23.00,2019-03-07,
2250,Skoda Kodiaq,SUV,New York,2019-03-12,JFK International Airport,17:00,44.00,2019-03-07,
2251,Skoda Octavia,Sedan,New York,2019-03-12,Port Authority Station,17:00,25.00,2019-03-07,
2252,Subaru Impreza,Sedan,New York,2019-03-12,Grand Central Station,17:00,27.00,2019-03-07,
2253,Dodge Charger,Sedan,,2019-03-12,Grand Central Station,17:00,53.00,2019-03-07,True
2254,Audi A8,Sedan,Phoenix,2019-03-09,Phoenix Union Station,12:00,28.00,2019-03-05,
2255,Buick Regal Sportback,Sedan,Phoenix,2019-03-09,Sky Harbor International Airport,12:00,35.00,2019-03-05,
2256,Hyundai Ioniq,Sedan,Phoenix,2019-03-09,Sky Harbor International Airport,12:00,30.00,2019-03-05,
2257,Skoda Octavia,Sedan,Phoenix,2019-03-09,Phoenix Union Station,12:00,25.00,2019-03-05,
2258,Subaru Impreza,Sedan,Phoenix,2019-03-09,Sky Harbor International Airport,12:00,29.00,2019-03-05,
2259,Volvo S90,Sedan,Phoenix,2019-03-09,Phoenix Union Station,12:00,25.00,2019-03-05,
2260,Audi A8,Sedan,,2019-03-09,Phoenix Union Station,12:00,44.00,2019-03-05,True
2261,Alfa Romeo Stelvio,SUV,Paris,2019-03-05,Orly International Airport,16:30,45.00,2019-03-01,
2262,Buick Regal Sportback,Sedan,Paris,2019-03-05,Charles de Gaulle International Airport,16:30,37.00,2019-03-01,
2263,Ford Focus,Hatchback,Paris,2019-03-05,Charles de Gaulle International Airport,16:30,31.00,2019-03-01,
2264,Kia Ceed,Hatchback,Paris,2019-03-05,Charles de Gaulle International Airport,16:30,32.00,2019-03-01,
2265,Mitsubishi Outlander,SUV,Paris,2019-03-05,Charles de Gaulle International Airport,16:30,45.00,2019-03-01,
2266,Peugeot 208,Hatchback,Paris,2019-03-05,Orly International Airport,16:30,24.00,2019-03-01,
2267,Renault Clio,Hatchback,Paris,2019-03-05,Charles de Gaulle International Airport,16:30,31.00,2019-03-01,
2268,SEAT Leon,Hatchback,Paris,2019-03-05,Orly International Airport,16:30,27.00,2019-03-01,
2269,Skoda Octavia,Sedan,Paris,2019-03-05,Orly International Airport,16:30,28.00,2019-03-01,
2270,Subaru Impreza,Sedan,Paris,2019-03-05,Charles de Gaulle International Airport,16:30,30.00,2019-03-01,
2271,Alfa Romeo Stelvio,SUV,,2019-03-05,Orly International Airport,16:30,45.00,2019-03-01,False
2272,Audi A8,Sedan,London,2019-03-10,Heathrow International Airport,12:00,35.00,2019-03-09,
2273,Buick Regal Sportback,Sedan,London,2019-03-10,Gatwick International Airport,12:00,34.00,2019-03-09,
2274,Citroen C5,SUV,London,2019-03-10,Heathrow International Airport,12:00,39.00,2019-03-09,
2275,Dacia Duster,SUV,London,2019-03-10,Heathrow International Airport,12:00,42.00,2019-03-09,
2276,Fiat Panda,Hatchback,London,2019-03-10,Heathrow International Airport,12:00,30.00,2019-03-09,
2277,Ford Focus,Hatchback,London,2019-03-10,Gatwick International Airport,12:00,29.00,2019-03-09,
2278,GMC Terrain,SUV,London,2019-03-10,Heathrow International Airport,12:00,35.00,2019-03-09,
2279,Hyundai Ioniq,Sedan,London,2019-03-10,Gatwick International Airport,12:00,29.00,2019-03-09,
2280,Lexus GS,Sedan,London,2019-03-10,Heathrow International Airport,12:00,32.00,2019-03-09,
2281,Mazda 3,Hatchback,London,2019-03-10,Gatwick International Airport,12:00,27.00,2019-03-09,
2282,GMC Terrain,SUV,,2019-03-10,Heathrow International Airport,12:00,35.00,2019-03-09,False
2283,Dodge Charger,Sedan,Sunnyvale,2019-03-10,Murphy and Evelyn,18:30,33.00,2019-03-06,
2284,Subaru Impreza,Sedan,Sunnyvale,2019-03-10,Murphy and Evelyn,18:30,29.00,2019-03-06,
2285,Dodge Charger,Sedan,,2019-03-10,Murphy and Evelyn,18:30,49.00,2019-03-06,True
2286,Dacia Duster,SUV,Los Angeles,2019-03-09,LAX International Airport,18:30,45.00,2019-03-08,
2287,Fiat Panda,Hatchback,Los Angeles,2019-03-09,LAX International Airport,18:30,27.00,2019-03-08,
2288,Hyundai Ioniq,Sedan,Los Angeles,2019-03-09,LAX International Airport,18:30,36.00,2019-03-08,
2289,Nissan Qashqai,Hatchback,Los Angeles,2019-03-09,LAX International Airport,18:30,27.00,2019-03-08,
2290,Renault Clio,Hatchback,Los Angeles,2019-03-09,LAX International Airport,18:30,29.00,2019-03-08,
2291,Skoda Kodiaq,SUV,Los Angeles,2019-03-09,LAX International Airport,18:30,44.00,2019-03-08,
2292,Suzuki Grand Vitara,SUV,Los Angeles,2019-03-09,LAX International Airport,18:30,39.00,2019-03-08,
2293,Volvo S90,Sedan,Los Angeles,2019-03-09,LAX International Airport,18:30,24.00,2019-03-08,
2294,Skoda Kodiaq,SUV,,2019-03-09,LAX International Airport,18:30,44.00,2019-03-08,False
2295,Alfa Romeo Stelvio,SUV,Sacramento,2019-03-06,Sacramento Valley Station,13:30,43.00,2019-03-05,
2296,Audi A8,Sedan,Sacramento,2019-03-06,SMF International Airport,13:30,34.00,2019-03-05,
2297,Buick Regal Sportback,Sedan,Sacramento,2019-03-06,Sacramento Valley Station,13:30,26.00,2019-03-05,
2298,Ford Focus,Hatchback,Sacramento,2019-03-06,SMF International Airport,13:30,28.00,2019-03-05,
2299,GMC Terrain,SUV,Sacramento,2019-03-06,SMF International Airport,13:30,45.00,2019-03-05,
2300,Jaguar F-Pace,SUV,Sacramento,2019-03-06,Sacramento Valley Station,13:30,42.00,2019-03-05,
2301,Kia Ceed,Hatchback,Sacramento,2019-03-06,SMF International Airport,13:30,25.00,2019-03-05,
2302,Lexus GS,Sedan,Sacramento,2019-03-06,SMF International Airport,13:30,37.00,2019-03-05,
2303,Mitsubishi Outlander,SUV,Sacramento,2019-03-06,SMF International Airport,13:30,41.00,2019-03-05,
2304,Nissan Qashqai,Hatchback,Sacramento,2019-03-06,Sacramento Valley Station,13:30,23.00,2019-03-05,
2305,Lexus GS,Sedan,,2019-03-06,SMF International Airport,13:30,47.00,2019-03-05,True
2306,Audi A8,Sedan,London,2019-03-11,Heathrow International Airport,13:30,36.00,2019-03-10,
2307,Buick Regal Sportback,Sedan,London,2019-03-11,Gatwick International Airport,13:30,32.00,2019-03-10,
2308,Citroen C5,SUV,London,2019-03-11,Heathrow International Airport,13:30,41.00,2019-03-10,
2309,Dacia Duster,SUV,London,2019-03-11,Heathrow International Airport,13:30,41.00,2019-03-10,
2310,Fiat Panda,Hatchback,London,2019-03-11,Heathrow International Airport,13:30,28.00,2019-03-10,
2311,Ford Focus,Hatchback,London,2019-03-11,Gatwick International Airport,13:30,28.00,2019-03-10,
2312,GMC Terrain,SUV,London,2019-03-11,Heathrow International Airport,13:30,44.00,2019-03-10,
2313,Hyundai Ioniq,Sedan,London,2019-03-11,Gatwick International Airport,13:30,33.00,2019-03-10,
2314,Lexus GS,Sedan,London,2019-03-11,Heathrow International Airport,13:30,35.00,2019-03-10,
2315,Mazda 3,Hatchback,London,2019-03-11,Gatwick International Airport,13:30,26.00,2019-03-10,
2316,Volvo S90,Sedan,,2019-03-11,Heathrow International Airport,13:30,35.00,2019-03-10,False
2317,Fiat Panda,Hatchback,Walnut Creek,2019-03-09,Walnut Creek BART Station,14:00,27.00,2019-03-02,
2318,Mazda 3,Hatchback,Walnut Creek,2019-03-09,Walnut Creek BART Station,14:00,25.00,2019-03-02,
2319,Skoda Octavia,Sedan,Walnut Creek,2019-03-09,Walnut Creek BART Station,14:00,31.00,2019-03-02,
2320,Suzuki Grand Vitara,SUV,Walnut Creek,2019-03-09,Walnut Creek BART Station,14:00,45.00,2019-03-02,
2321,Fiat Panda,Hatchback,,2019-03-09,Walnut Creek BART Station,14:00,27.00,2019-03-02,False
2322,Audi A8,Sedan,San Francisco,2019-03-10,Salesforce Transit Center,14:00,30.00,2019-03-06,
2323,Buick Regal Sportback,Sedan,San Francisco,2019-03-10,Salesforce Transit Center,14:00,29.00,2019-03-06,
2324,Fiat Panda,Hatchback,San Francisco,2019-03-10,SFO International Airport,14:00,30.00,2019-03-06,
2325,GMC Terrain,SUV,San Francisco,2019-03-10,SFO International Airport,14:00,49.00,2019-03-06,
2326,Hyundai Ioniq,Sedan,San Francisco,2019-03-10,SFO International Airport,14:00,33.00,2019-03-06,
2327,Jaguar F-Pace,SUV,San Francisco,2019-03-10,Salesforce Transit Center,14:00,36.00,2019-03-06,
2328,Kia Ceed,Hatchback,San Francisco,2019-03-10,SFO International Airport,14:00,26.00,2019-03-06,
2329,Lexus GS,Sedan,San Francisco,2019-03-10,Salesforce Transit Center,14:00,29.00,2019-03-06,
2330,Mazda 3,Hatchback,San Francisco,2019-03-10,Salesforce Transit Center,14:00,27.00,2019-03-06,
2331,Mitsubishi Outlander,SUV,San Francisco,2019-03-10,SFO International Airport,14:00,42.00,2019-03-06,
2332,Buick Regal Sportback,Sedan,,2019-03-10,Salesforce Transit Center,14:00,29.00,2019-03-06,False
2333,Alfa Romeo Stelvio,SUV,Long Beach,2019-03-12,Downtown Station,12:00,40.00,2019-03-07,
2334,Audi A8,Sedan,Long Beach,2019-03-12,LGB Airport,12:00,29.00,2019-03-07,
2335,Fiat Panda,Hatchback,Long Beach,2019-03-12,LGB Airport,12:00,30.00,2019-03-07,
2336,Hyundai Ioniq,Sedan,Long Beach,2019-03-12,LGB Airport,12:00,32.00,2019-03-07,
2337,Jaguar F-Pace,SUV,Long Beach,2019-03-12,Downtown Station,12:00,43.00,2019-03-07,
2338,Kia Ceed,Hatchback,Long Beach,2019-03-12,Downtown Station,12:00,27.00,2019-03-07,
2339,Peugeot 208,Hatchback,Long Beach,2019-03-12,Downtown Station,12:00,26.00,2019-03-07,
2340,Vauxhaull Astra,Hatchback,Long Beach,2019-03-12,LGB Airport,12:00,30.00,2019-03-07,
2341,Volvo S90,Sedan,Long Beach,2019-03-12,Downtown Station,12:00,32.00,2019-03-07,
2342,Alfa Romeo Stelvio,SUV,,2019-03-12,Downtown Station,12:00,40.00,2019-03-07,False
2343,Alfa Romeo Stelvio,SUV,Philadelphia,2019-03-08,Intercity Terminal,17:00,36.00,2019-03-06,
2344,Dodge Charger,Sedan,Philadelphia,2019-03-08,30th Street Station,17:00,25.00,2019-03-06,
2345,Ford Focus,Hatchback,Philadelphia,2019-03-08,30th Street Station,17:00,21.00,2019-03-06,
2346,GMC Terrain,SUV,Philadelphia,2019-03-08,Intercity Terminal,17:00,40.00,2019-03-06,
2347,Hyundai Ioniq,Sedan,Philadelphia,2019-03-08,30th Street Station,17:00,29.00,2019-03-06,
2348,Jaguar F-Pace,SUV,Philadelphia,2019-03-08,Intercity Terminal,17:00,40.00,2019-03-06,
2349,Kia Ceed,Hatchback,Philadelphia,2019-03-08,30th Street Station,17:00,26.00,2019-03-06,
2350,Mazda 3,Hatchback,Philadelphia,2019-03-08,PHL International Airport,17:00,31.00,2019-03-06,
2351,Mitsubishi Outlander,SUV,Philadelphia,2019-03-08,PHL International Airport,17:00,49.00,2019-03-06,
2352,Renault Clio,Hatchback,Philadelphia,2019-03-08,Intercity Terminal,17:00,26.00,2019-03-06,
2353,Audi A8,Sedan,London,2019-03-08,Heathrow International Airport,17:00,30.00,2019-03-06,
2354,Buick Regal Sportback,Sedan,London,2019-03-08,Gatwick International Airport,17:00,34.00,2019-03-06,
2355,Citroen C5,SUV,London,2019-03-08,Heathrow International Airport,17:00,43.00,2019-03-06,
2356,Dacia Duster,SUV,London,2019-03-08,Heathrow International Airport,17:00,41.00,2019-03-06,
2357,Fiat Panda,Hatchback,London,2019-03-08,Heathrow International Airport,17:00,34.00,2019-03-06,
2358,Ford Focus,Hatchback,London,2019-03-08,Gatwick International Airport,17:00,24.00,2019-03-06,
2359,GMC Terrain,SUV,London,2019-03-08,Heathrow International Airport,17:00,39.00,2019-03-06,
2360,Hyundai Ioniq,Sedan,London,2019-03-08,Gatwick International Airport,17:00,32.00,2019-03-06,
2361,Lexus GS,Sedan,London,2019-03-08,Heathrow International Airport,17:00,34.00,2019-03-06,
2362,Mazda 3,Hatchback,London,2019-03-08,Gatwick International Airport,17:00,26.00,2019-03-06,
2363,Volvo S90,Sedan,,2019-03-08,Heathrow International Airport,17:00,34.00,2019-03-06,False
2364,Alfa Romeo Stelvio,SUV,Kuala Lumpur,2019-03-12,KLIA International Airport,16:30,30.00,2019-03-07,
2365,Dacia Duster,SUV,Kuala Lumpur,2019-03-12,KLIA International Airport,16:30,28.00,2019-03-07,
2366,Kia Ceed,Hatchback,Kuala Lumpur,2019-03-12,KLIA International Airport,16:30,17.00,2019-03-07,
2367,SEAT Leon,Hatchback,Kuala Lumpur,2019-03-12,KLIA International Airport,16:30,15.00,2019-03-07,
2368,Suzuki Grand Vitara,SUV,Kuala Lumpur,2019-03-12,KLIA International Airport,16:30,33.00,2019-03-07,
2369,Volvo S90,Sedan,Kuala Lumpur,2019-03-12,KLIA International Airport,16:30,20.00,2019-03-07,
2370,Suzuki Grand Vitara,SUV,,2019-03-12,KLIA International Airport,16:30,33.00,2019-03-07,False
2371,Alfa Romeo Stelvio,SUV,Portland,2019-03-08,Portland Bus Station,15:30,39.00,2019-03-02,
2372,Citroen C5,SUV,Portland,2019-03-08,Union Station,15:30,34.00,2019-03-02,
2373,Jaguar F-Pace,SUV,Portland,2019-03-08,PDX International Airport,15:30,47.00,2019-03-02,
2374,Alfa Romeo Stelvio,SUV,,2019-03-08,Portland Bus Station,15:30,39.00,2019-03-02,False
2375,Alfa Romeo Stelvio,SUV,Concord,2019-03-09,Canterbury Village,17:00,42.00,2019-03-08,
2376,Buick Regal Sportback,Sedan,Concord,2019-03-09,Canterbury Village,17:00,31.00,2019-03-08,
2377,Citroen C5,SUV,Concord,2019-03-09,Clayton Valley,17:00,47.00,2019-03-08,
2378,Dodge Charger,Sedan,Concord,2019-03-09,Clayton Valley,17:00,31.00,2019-03-08,
2379,Fiat Panda,Hatchback,Concord,2019-03-09,Clayton Valley,17:00,23.00,2019-03-08,
2380,GMC Terrain,SUV,Concord,2019-03-09,Clayton Valley,17:00,41.00,2019-03-08,
2381,Lexus GS,Sedan,Concord,2019-03-09,Canterbury Village,17:00,33.00,2019-03-08,
2382,Mazda 3,Hatchback,Concord,2019-03-09,Clayton Valley,17:00,26.00,2019-03-08,
2383,Mazda CX-5,SUV,Concord,2019-03-09,Canterbury Village,17:00,45.00,2019-03-08,
2384,Nissan Qashqai,Hatchback,Concord,2019-03-09,Clayton Valley,17:00,26.00,2019-03-08,
2385,Subaru Impreza,Sedan,,2019-03-09,Canterbury Village,17:00,28.00,2019-03-08,False
2386,Buick Regal Sportback,Sedan,San Jose,2019-03-10,Diridon Station,12:30,34.00,2019-03-09,
2387,Mazda 3,Hatchback,San Jose,2019-03-10,Diridon Station,12:30,24.00,2019-03-09,
2388,Audi A8,Sedan,San Jose,2019-03-10,Norman Y. Mineta Airport,13:00,35.00,2019-03-09,
2389,Citroen C5,SUV,San Jose,2019-03-10,Norman Y. Mineta Airport,13:00,36.00,2019-03-09,
2390,Dacia Duster,SUV,San Jose,2019-03-10,Norman Y. Mineta Airport,13:00,36.00,2019-03-09,
2391,Fiat Panda,Hatchback,San Jose,2019-03-10,Norman Y. Mineta Airport,13:00,27.00,2019-03-09,
2392,GMC Terrain,SUV,San Jose,2019-03-10,Norman Y. Mineta Airport,13:00,45.00,2019-03-09,
2393,Kia Ceed,Hatchback,San Jose,2019-03-10,Norman Y. Mineta Airport,13:00,32.00,2019-03-09,
2394,Renault Clio,Hatchback,San Jose,2019-03-10,Norman Y. Mineta Airport,13:00,31.00,2019-03-09,
2395,SEAT Leon,Hatchback,San Jose,2019-03-10,Norman Y. Mineta Airport,13:00,26.00,2019-03-09,
2396,Buick Regal Sportback,Sedan,,2019-03-10,Diridon Station,12:30,44.00,2019-03-09,True
2397,Kia Ceed,Hatchback,Anaheim,2019-03-11,John Wayne Airport,15:30,22.00,2019-03-07,
2398,Mazda 3,Hatchback,Anaheim,2019-03-11,John Wayne Airport,15:30,32.00,2019-03-07,
2399,Peugeot 208,Hatchback,Anaheim,2019-03-11,John Wayne Airport,15:30,25.00,2019-03-07,
2400,Renault Clio,Hatchback,Anaheim,2019-03-11,John Wayne Airport,15:30,25.00,2019-03-07,
2401,SEAT Leon,Hatchback,Anaheim,2019-03-11,Anaheim Intermodal Center,15:30,25.00,2019-03-07,
2402,Peugeot 208,Hatchback,,2019-03-11,John Wayne Airport,15:30,25.00,2019-03-07,False
2403,Audi A8,Sedan,Cape Town,2019-03-13,Cape Town International Airport,12:00,28.00,2019-03-11,
2404,Lexus GS,Sedan,Cape Town,2019-03-13,Cape Town International Airport,12:00,32.00,2019-03-11,
2405,Mazda 3,Hatchback,Cape Town,2019-03-13,Cape Town International Airport,12:00,27.00,2019-03-11,
2406,Mitsubishi Outlander,SUV,Cape Town,2019-03-13,Cape Town International Airport,12:00,51.00,2019-03-11,
2407,SEAT Leon,Hatchback,Cape Town,2019-03-13,Cape Town International Airport,12:00,32.00,2019-03-11,
2408,Skoda Octavia,Sedan,Cape Town,2019-03-13,Cape Town International Airport,12:00,34.00,2019-03-11,
2409,Suzuki Grand Vitara,SUV,Cape Town,2019-03-13,Cape Town International Airport,12:00,51.00,2019-03-11,
2410,Lexus GS,Sedan,,2019-03-13,Cape Town International Airport,12:00,32.00,2019-03-11,False
2411,Buick Regal Sportback,Sedan,Anaheim,2019-03-14,John Wayne Airport,12:30,35.00,2019-03-13,
2412,Dacia Duster,SUV,Anaheim,2019-03-14,Anaheim Intermodal Center,12:30,36.00,2019-03-13,
2413,Hyundai Ioniq,Sedan,Anaheim,2019-03-14,Anaheim Intermodal Center,12:30,32.00,2019-03-13,
2414,Kia Ceed,Hatchback,Anaheim,2019-03-14,John Wayne Airport,12:30,34.00,2019-03-13,
2415,Mazda 3,Hatchback,Anaheim,2019-03-14,John Wayne Airport,12:30,24.00,2019-03-13,
2416,Peugeot 208,Hatchback,Anaheim,2019-03-14,John Wayne Airport,12:30,25.00,2019-03-13,
2417,Renault Clio,Hatchback,Anaheim,2019-03-14,John Wayne Airport,12:30,24.00,2019-03-13,
2418,SEAT Leon,Hatchback,Anaheim,2019-03-14,Anaheim Intermodal Center,12:30,21.00,2019-03-13,
2419,Skoda Kodiaq,SUV,Anaheim,2019-03-14,John Wayne Airport,12:30,40.00,2019-03-13,
2420,Skoda Octavia,Sedan,Anaheim,2019-03-14,Anaheim Intermodal Center,12:30,27.00,2019-03-13,
2421,Volvo S90,Sedan,,2019-03-14,John Wayne Airport,12:30,46.00,2019-03-13,True
2422,Audi A8,Sedan,Cape Town,2019-03-13,Cape Town International Airport,18:00,37.00,2019-03-09,
2423,Lexus GS,Sedan,Cape Town,2019-03-13,Cape Town International Airport,18:00,36.00,2019-03-09,
2424,Mazda 3,Hatchback,Cape Town,2019-03-13,Cape Town International Airport,18:00,28.00,2019-03-09,
2425,Mitsubishi Outlander,SUV,Cape Town,2019-03-13,Cape Town International Airport,18:00,43.00,2019-03-09,
2426,SEAT Leon,Hatchback,Cape Town,2019-03-13,Cape Town International Airport,18:00,29.00,2019-03-09,
2427,Skoda Octavia,Sedan,Cape Town,2019-03-13,Cape Town International Airport,18:00,39.00,2019-03-09,
2428,Suzuki Grand Vitara,SUV,Cape Town,2019-03-13,Cape Town International Airport,18:00,48.00,2019-03-09,
2429,Lexus GS,Sedan,,2019-03-13,Cape Town International Airport,18:00,52.00,2019-03-09,True
2430,Audi A8,Sedan,London,2019-03-08,Heathrow International Airport,16:30,34.00,2019-03-07,
2431,Buick Regal Sportback,Sedan,London,2019-03-08,Gatwick International Airport,16:30,30.00,2019-03-07,
2432,Citroen C5,SUV,London,2019-03-08,Heathrow International Airport,16:30,40.00,2019-03-07,
2433,Dacia Duster,SUV,London,2019-03-08,Heathrow International Airport,16:30,40.00,2019-03-07,
2434,Fiat Panda,Hatchback,London,2019-03-08,Heathrow International Airport,16:30,32.00,2019-03-07,
2435,Ford Focus,Hatchback,London,2019-03-08,Gatwick International Airport,16:30,23.00,2019-03-07,
2436,GMC Terrain,SUV,London,2019-03-08,Heathrow International Airport,16:30,47.00,2019-03-07,
2437,Hyundai Ioniq,Sedan,London,2019-03-08,Gatwick International Airport,16:30,31.00,2019-03-07,
2438,Lexus GS,Sedan,London,2019-03-08,Heathrow International Airport,16:30,33.00,2019-03-07,
2439,Mazda 3,Hatchback,London,2019-03-08,Gatwick International Airport,16:30,32.00,2019-03-07,
2440,Audi A8,Sedan,London,2019-03-08,Heathrow International Airport,15:00,34.00,2019-03-07,
2441,Buick Regal Sportback,Sedan,London,2019-03-08,Gatwick International Airport,15:00,30.00,2019-03-07,
2442,Citroen C5,SUV,London,2019-03-08,Heathrow International Airport,15:00,40.00,2019-03-07,
2443,Dacia Duster,SUV,London,2019-03-08,Heathrow International Airport,15:00,40.00,2019-03-07,
2444,Fiat Panda,Hatchback,London,2019-03-08,Heathrow International Airport,15:00,32.00,2019-03-07,
2445,Ford Focus,Hatchback,London,2019-03-08,Gatwick International Airport,15:00,23.00,2019-03-07,
2446,GMC Terrain,SUV,London,2019-03-08,Heathrow International Airport,15:00,47.00,2019-03-07,
2447,Hyundai Ioniq,Sedan,London,2019-03-08,Gatwick International Airport,15:00,31.00,2019-03-07,
2448,Lexus GS,Sedan,London,2019-03-08,Heathrow International Airport,15:00,33.00,2019-03-07,
2449,Mazda 3,Hatchback,London,2019-03-08,Gatwick International Airport,15:00,32.00,2019-03-07,
2450,Volvo S90,Sedan,,2019-03-08,Gatwick International Airport,15:00,43.00,2019-03-07,True
2451,Audi A8,Sedan,Vancouver,2019-03-08,Pacific Central Station,12:30,32.00,2019-03-04,
2452,Dodge Charger,Sedan,Vancouver,2019-03-08,Pacific Central Station,12:30,31.00,2019-03-04,
2453,SEAT Cordoba,Sedan,Vancouver,2019-03-08,Pacific Central Station,12:30,27.00,2019-03-04,
2454,Skoda Octavia,Sedan,Vancouver,2019-03-08,YVR International Airport,12:30,33.00,2019-03-04,
2455,Subaru Impreza,Sedan,Vancouver,2019-03-08,Pacific Central Station,12:30,38.00,2019-03-04,
2456,Volvo S90,Sedan,Vancouver,2019-03-08,YVR International Airport,12:30,30.00,2019-03-04,
2457,Subaru Impreza,Sedan,,2019-03-08,Pacific Central Station,12:30,54.00,2019-03-04,True
2458,Buick Regal Sportback,Sedan,Phoenix,2019-03-14,Sky Harbor International Airport,18:30,28.00,2019-03-09,
2459,Dacia Duster,SUV,Phoenix,2019-03-14,Phoenix Union Station,18:30,43.00,2019-03-09,
2460,Fiat Panda,Hatchback,Phoenix,2019-03-14,Sky Harbor International Airport,18:30,30.00,2019-03-09,
2461,Hyundai Ioniq,Sedan,Phoenix,2019-03-14,Sky Harbor International Airport,18:30,32.00,2019-03-09,
2462,Mazda CX-5,SUV,Phoenix,2019-03-14,Sky Harbor International Airport,18:30,49.00,2019-03-09,
2463,Mitsubishi Outlander,SUV,Phoenix,2019-03-14,Sky Harbor International Airport,18:30,49.00,2019-03-09,
2464,Peugeot 208,Hatchback,Phoenix,2019-03-14,Sky Harbor International Airport,18:30,31.00,2019-03-09,
2465,Skoda Octavia,Sedan,Phoenix,2019-03-14,Phoenix Union Station,18:30,27.00,2019-03-09,
2466,Subaru Impreza,Sedan,Phoenix,2019-03-14,Sky Harbor International Airport,18:30,36.00,2019-03-09,
2467,Buick Regal Sportback,Sedan,,2019-03-14,Sky Harbor International Airport,18:30,28.00,2019-03-09,False
2468,Audi A8,Sedan,Delhi,2019-03-11,Indira Gandhi International Airport,18:30,29.00,2019-03-07,
2469,Fiat Panda,Hatchback,Delhi,2019-03-11,Indira Gandhi International Airport,18:30,26.00,2019-03-07,
2470,Ford Focus,Hatchback,Delhi,2019-03-11,Indira Gandhi International Airport,18:30,29.00,2019-03-07,
2471,Renault Clio,Hatchback,Delhi,2019-03-11,Indira Gandhi International Airport,18:30,30.00,2019-03-07,
2472,SEAT Cordoba,Sedan,Delhi,2019-03-11,Indira Gandhi International Airport,18:30,39.00,2019-03-07,
2473,SEAT Leon,Hatchback,Delhi,2019-03-11,Indira Gandhi International Airport,18:30,27.00,2019-03-07,
2474,Suzuki Grand Vitara,SUV,Delhi,2019-03-11,Indira Gandhi International Airport,18:30,45.00,2019-03-07,
2475,Volvo S90,Sedan,Delhi,2019-03-11,Indira Gandhi International Airport,18:30,32.00,2019-03-07,
2476,Volvo S90,Sedan,,2019-03-11,Indira Gandhi International Airport,18:30,32.00,2019-03-07,False
2477,Fiat Panda,Hatchback,Los Angeles,2019-03-05,LAX International Airport,15:30,29.00,2019-03-04,
2478,Ford Focus,Hatchback,Los Angeles,2019-03-05,Union Station,15:30,27.00,2019-03-04,
2479,Nissan Qashqai,Hatchback,Los Angeles,2019-03-05,LAX International Airport,15:30,24.00,2019-03-04,
2480,Renault Clio,Hatchback,Los Angeles,2019-03-05,LAX International Airport,15:30,26.00,2019-03-04,
2481,Fiat Panda,Hatchback,,2019-03-05,LAX International Airport,15:30,39.00,2019-03-04,True
2482,Dacia Duster,SUV,Los Angeles,2019-03-14,LAX International Airport,18:00,45.00,2019-03-11,
2483,Fiat Panda,Hatchback,Los Angeles,2019-03-14,LAX International Airport,18:00,30.00,2019-03-11,
2484,Ford Focus,Hatchback,Los Angeles,2019-03-14,Union Station,18:00,25.00,2019-03-11,
2485,GMC Terrain,SUV,Los Angeles,2019-03-14,Union Station,18:00,44.00,2019-03-11,
2486,Hyundai Ioniq,Sedan,Los Angeles,2019-03-14,LAX International Airport,18:00,31.00,2019-03-11,
2487,Lexus GS,Sedan,Los Angeles,2019-03-14,Union Station,18:00,36.00,2019-03-11,
2488,Mitsubishi Outlander,SUV,Los Angeles,2019-03-14,Union Station,18:00,42.00,2019-03-11,
2489,Nissan Qashqai,Hatchback,Los Angeles,2019-03-14,LAX International Airport,18:00,32.00,2019-03-11,
2490,Renault Clio,Hatchback,Los Angeles,2019-03-14,LAX International Airport,18:00,29.00,2019-03-11,
2491,SEAT Cordoba,Sedan,Los Angeles,2019-03-14,Union Station,18:00,32.00,2019-03-11,
2492,Skoda Kodiaq,SUV,,2019-03-14,LAX International Airport,18:00,48.00,2019-03-11,False
2493,Fiat Panda,Hatchback,Sydney,2019-03-12,Kingsford Smith International Airport,18:00,24.00,2019-03-11,
2494,Mazda 3,Hatchback,Sydney,2019-03-12,Kingsford Smith International Airport,18:00,29.00,2019-03-11,
2495,Peugeot 208,Hatchback,Sydney,2019-03-12,Kingsford Smith International Airport,18:00,34.00,2019-03-11,
2496,Vauxhaull Astra,Hatchback,Sydney,2019-03-12,Kingsford Smith International Airport,18:00,28.00,2019-03-11,
2497,Peugeot 208,Hatchback,,2019-03-12,Kingsford Smith International Airport,18:00,34.00,2019-03-11,False
2498,Alfa Romeo Stelvio,SUV,Long Beach,2019-03-10,LGB Airport,10:30,44.00,2019-03-09,
2499,Audi A8,Sedan,Long Beach,2019-03-10,LGB Airport,10:30,36.00,2019-03-09,
2500,Citroen C5,SUV,Long Beach,2019-03-10,LGB Airport,10:30,39.00,2019-03-09,
2501,Fiat Panda,Hatchback,Long Beach,2019-03-10,LGB Airport,10:30,31.00,2019-03-09,
2502,Hyundai Ioniq,Sedan,Long Beach,2019-03-10,LGB Airport,10:30,34.00,2019-03-09,
2503,Mazda 3,Hatchback,Long Beach,2019-03-10,LGB Airport,10:30,24.00,2019-03-09,
2504,Vauxhaull Astra,Hatchback,Long Beach,2019-03-10,LGB Airport,10:30,25.00,2019-03-09,
2505,Alfa Romeo Stelvio,SUV,Long Beach,2019-03-11,LGB Airport,10:30,36.00,2019-03-09,
2506,Audi A8,Sedan,Long Beach,2019-03-11,LGB Airport,10:30,27.00,2019-03-09,
2507,Citroen C5,SUV,Long Beach,2019-03-11,LGB Airport,10:30,42.00,2019-03-09,
2508,Fiat Panda,Hatchback,Long Beach,2019-03-11,LGB Airport,10:30,32.00,2019-03-09,
2509,Hyundai Ioniq,Sedan,Long Beach,2019-03-11,LGB Airport,10:30,28.00,2019-03-09,
2510,Mazda 3,Hatchback,Long Beach,2019-03-11,LGB Airport,10:30,32.00,2019-03-09,
2511,Citroen C5,SUV,,2019-03-11,LGB Airport,10:30,54.00,2019-03-09,True
2512,Fiat Panda,Hatchback,Chicago,2019-03-04,O'Hare International Airport,11:00,22.00,2019-03-02,
2513,Nissan Qashqai,Hatchback,Chicago,2019-03-04,Chicago Union Station,11:00,22.00,2019-03-02,
2514,Peugeot 208,Hatchback,Chicago,2019-03-04,Chicago Union Station,11:00,26.00,2019-03-02,
2515,SEAT Leon,Hatchback,Chicago,2019-03-04,O'Hare International Airport,11:00,30.00,2019-03-02,
2516,Vauxhaull Astra,Hatchback,Chicago,2019-03-04,Chicago Union Station,11:00,26.00,2019-03-02,
2517,SEAT Leon,Hatchback,,2019-03-04,O'Hare International Airport,11:00,42.00,2019-03-02,True
2518,Audi A8,Sedan,London,2019-03-10,Heathrow International Airport,15:00,31.00,2019-03-06,
2519,Buick Regal Sportback,Sedan,London,2019-03-10,Gatwick International Airport,15:00,33.00,2019-03-06,
2520,Hyundai Ioniq,Sedan,London,2019-03-10,Gatwick International Airport,15:00,34.00,2019-03-06,
2521,Lexus GS,Sedan,London,2019-03-10,Heathrow International Airport,15:00,31.00,2019-03-06,
2522,SEAT Cordoba,Sedan,London,2019-03-10,Heathrow International Airport,15:00,33.00,2019-03-06,
2523,Volvo S90,Sedan,London,2019-03-10,Heathrow International Airport,15:00,31.00,2019-03-06,
2524,Volvo S90,Sedan,,2019-03-10,Heathrow International Airport,15:00,47.00,2019-03-06,True
2525,Buick Regal Sportback,Sedan,Paris,2019-03-12,Charles de Gaulle International Airport,18:30,40.00,2019-03-11,
2526,Subaru Impreza,Sedan,Paris,2019-03-12,Charles de Gaulle International Airport,18:30,34.00,2019-03-11,
2527,Volvo S90,Sedan,Paris,2019-03-12,Charles de Gaulle International Airport,18:30,30.00,2019-03-11,
2528,Volvo S90,Sedan,,2019-03-12,Charles de Gaulle International Airport,18:30,30.00,2019-03-11,False
2529,Dacia Duster,SUV,Los Angeles,2019-03-12,LAX International Airport,18:30,47.00,2019-03-11,
2530,Fiat Panda,Hatchback,Los Angeles,2019-03-12,LAX International Airport,18:30,29.00,2019-03-11,
2531,Hyundai Ioniq,Sedan,Los Angeles,2019-03-12,LAX International Airport,18:30,31.00,2019-03-11,
2532,Nissan Qashqai,Hatchback,Los Angeles,2019-03-12,LAX International Airport,18:30,33.00,2019-03-11,
2533,Renault Clio,Hatchback,Los Angeles,2019-03-12,LAX International Airport,18:30,24.00,2019-03-11,
2534,Skoda Kodiaq,SUV,Los Angeles,2019-03-12,LAX International Airport,18:30,42.00,2019-03-11,
2535,Suzuki Grand Vitara,SUV,Los Angeles,2019-03-12,LAX International Airport,18:30,44.00,2019-03-11,
2536,Volvo S90,Sedan,Los Angeles,2019-03-12,LAX International Airport,18:30,33.00,2019-03-11,
2537,Volvo S90,Sedan,,2019-03-12,LAX International Airport,18:30,43.00,2019-03-11,True
2538,Hyundai Ioniq,Sedan,Los Angeles,2019-03-06,LAX International Airport,15:30,36.00,2019-03-02,
2539,Lexus GS,Sedan,Los Angeles,2019-03-06,Union Station,15:30,29.00,2019-03-02,
2540,SEAT Cordoba,Sedan,Los Angeles,2019-03-06,Union Station,15:30,28.00,2019-03-02,
2541,Volvo S90,Sedan,Los Angeles,2019-03-06,LAX International Airport,15:30,34.00,2019-03-02,
2542,Lexus GS,Sedan,,2019-03-06,Union Station,15:30,29.00,2019-03-02,False
2543,Audi A8,Sedan,San Francisco,2019-03-10,Salesforce Transit Center,12:00,31.00,2019-03-09,
2544,Buick Regal Sportback,Sedan,San Francisco,2019-03-10,Salesforce Transit Center,12:00,32.00,2019-03-09,
2545,Fiat Panda,Hatchback,San Francisco,2019-03-10,SFO International Airport,12:00,24.00,2019-03-09,
2546,GMC Terrain,SUV,San Francisco,2019-03-10,SFO International Airport,12:00,42.00,2019-03-09,
2547,Hyundai Ioniq,Sedan,San Francisco,2019-03-10,SFO International Airport,12:00,35.00,2019-03-09,
2548,Jaguar F-Pace,SUV,San Francisco,2019-03-10,Salesforce Transit Center,12:00,41.00,2019-03-09,
2549,Kia Ceed,Hatchback,San Francisco,2019-03-10,SFO International Airport,12:00,28.00,2019-03-09,
2550,Lexus GS,Sedan,San Francisco,2019-03-10,Salesforce Transit Center,12:00,30.00,2019-03-09,
2551,Mazda 3,Hatchback,San Francisco,2019-03-10,Salesforce Transit Center,12:00,31.00,2019-03-09,
2552,Mitsubishi Outlander,SUV,San Francisco,2019-03-10,SFO International Airport,12:00,47.00,2019-03-09,
2553,Buick Regal Sportback,Sedan,,2019-03-10,Salesforce Transit Center,12:00,42.00,2019-03-09,True
2554,Audi A8,Sedan,London,2019-03-07,Heathrow International Airport,09:30,30.00,2019-03-05,
2555,Buick Regal Sportback,Sedan,London,2019-03-07,Gatwick International Airport,09:30,31.00,2019-03-05,
2556,Citroen C5,SUV,London,2019-03-07,Heathrow International Airport,09:30,46.00,2019-03-05,
2557,Dacia Duster,SUV,London,2019-03-07,Heathrow International Airport,09:30,46.00,2019-03-05,
2558,Fiat Panda,Hatchback,London,2019-03-07,Heathrow International Airport,09:30,28.00,2019-03-05,
2559,Ford Focus,Hatchback,London,2019-03-07,Gatwick International Airport,09:30,27.00,2019-03-05,
2560,GMC Terrain,SUV,London,2019-03-07,Heathrow International Airport,09:30,48.00,2019-03-05,
2561,Hyundai Ioniq,Sedan,London,2019-03-07,Gatwick International Airport,09:30,32.00,2019-03-05,
2562,Lexus GS,Sedan,London,2019-03-07,Heathrow International Airport,09:30,40.00,2019-03-05,
2563,Mazda 3,Hatchback,London,2019-03-07,Gatwick International Airport,09:30,29.00,2019-03-05,
2564,Volvo S90,Sedan,,2019-03-07,Heathrow International Airport,09:30,32.00,2019-03-05,False
2565,GMC Terrain,SUV,San Francisco,2019-03-14,SFO International Airport,14:00,45.00,2019-03-11,
2566,Jaguar F-Pace,SUV,San Francisco,2019-03-14,Salesforce Transit Center,14:00,38.00,2019-03-11,
2567,Mitsubishi Outlander,SUV,San Francisco,2019-03-14,SFO International Airport,14:00,49.00,2019-03-11,
2568,Skoda Kodiaq,SUV,San Francisco,2019-03-14,SFO International Airport,14:00,34.00,2019-03-11,
2569,Mitsubishi Outlander,SUV,,2019-03-14,SFO International Airport,14:00,63.00,2019-03-11,True
2570,Audi A8,Sedan,London,2019-03-12,Heathrow International Airport,16:30,35.00,2019-03-09,
2571,Buick Regal Sportback,Sedan,London,2019-03-12,Gatwick International Airport,16:30,36.00,2019-03-09,
2572,Citroen C5,SUV,London,2019-03-12,Heathrow International Airport,16:30,43.00,2019-03-09,
2573,Dacia Duster,SUV,London,2019-03-12,Heathrow International Airport,16:30,50.00,2019-03-09,
2574,Fiat Panda,Hatchback,London,2019-03-12,Heathrow International Airport,16:30,31.00,2019-03-09,
2575,Ford Focus,Hatchback,London,2019-03-12,Gatwick International Airport,16:30,24.00,2019-03-09,
2576,GMC Terrain,SUV,London,2019-03-12,Heathrow International Airport,16:30,46.00,2019-03-09,
2577,Hyundai Ioniq,Sedan,London,2019-03-12,Gatwick International Airport,16:30,35.00,2019-03-09,
2578,Lexus GS,Sedan,London,2019-03-12,Heathrow International Airport,16:30,35.00,2019-03-09,
2579,Mazda 3,Hatchback,London,2019-03-12,Gatwick International Airport,16:30,29.00,2019-03-09,
2580,Fiat Panda,Hatchback,London,2019-03-10,Heathrow International Airport,16:30,30.00,2019-03-09,
2581,Ford Focus,Hatchback,London,2019-03-10,Gatwick International Airport,16:30,29.00,2019-03-09,
2582,Mazda 3,Hatchback,London,2019-03-10,Gatwick International Airport,16:30,27.00,2019-03-09,
2583,Nissan Qashqai,Hatchback,London,2019-03-10,Heathrow International Airport,16:30,26.00,2019-03-09,
2584,Renault Clio,Hatchback,London,2019-03-10,Gatwick International Airport,16:30,22.00,2019-03-09,
2585,SEAT Leon,Hatchback,London,2019-03-10,Gatwick International Airport,16:30,28.00,2019-03-09,
2586,Mazda 3,Hatchback,,2019-03-10,Gatwick International Airport,16:30,27.00,2019-03-09,False
2587,Alfa Romeo Stelvio,SUV,Paris,2019-03-10,Orly International Airport,17:00,37.00,2019-03-05,
2588,Buick Regal Sportback,Sedan,Paris,2019-03-10,Charles de Gaulle International Airport,17:00,33.00,2019-03-05,
2589,Ford Focus,Hatchback,Paris,2019-03-10,Charles de Gaulle International Airport,17:00,26.00,2019-03-05,
2590,Kia Ceed,Hatchback,Paris,2019-03-10,Charles de Gaulle International Airport,17:00,28.00,2019-03-05,
2591,Mitsubishi Outlander,SUV,Paris,2019-03-10,Charles de Gaulle International Airport,17:00,44.00,2019-03-05,
2592,Peugeot 208,Hatchback,Paris,2019-03-10,Orly International Airport,17:00,27.00,2019-03-05,
2593,Renault Clio,Hatchback,Paris,2019-03-10,Charles de Gaulle International Airport,17:00,29.00,2019-03-05,
2594,SEAT Leon,Hatchback,Paris,2019-03-10,Orly International Airport,17:00,30.00,2019-03-05,
2595,Subaru Impreza,Sedan,Paris,2019-03-10,Charles de Gaulle International Airport,17:00,34.00,2019-03-05,
2596,Suzuki Grand Vitara,SUV,Paris,2019-03-10,Charles de Gaulle International Airport,17:00,43.00,2019-03-05,
2597,Alfa Romeo Stelvio,SUV,,2019-03-10,Orly International Airport,17:00,37.00,2019-03-05,False
2598,Alfa Romeo Stelvio,SUV,New York,2019-03-12,Port Authority Station,13:30,45.00,2019-03-10,
2599,Audi A8,Sedan,New York,2019-03-12,JFK International Airport,13:30,35.00,2019-03-10,
2600,Buick Regal Sportback,Sedan,New York,2019-03-12,JFK International Airport,13:30,29.00,2019-03-10,
2601,Dodge Charger,Sedan,New York,2019-03-12,Grand Central Station,13:30,32.00,2019-03-10,
2602,Hyundai Ioniq,Sedan,New York,2019-03-12,Port Authority Station,13:30,29.00,2019-03-10,
2603,Jaguar F-Pace,SUV,New York,2019-03-12,JFK International Airport,13:30,41.00,2019-03-10,
2604,Kia Ceed,Hatchback,New York,2019-03-12,Port Authority Station,13:30,24.00,2019-03-10,
2605,Lexus GS,Sedan,New York,2019-03-12,Port Authority Station,13:30,28.00,2019-03-10,
2606,Peugeot 208,Hatchback,New York,2019-03-12,JFK International Airport,13:30,26.00,2019-03-10,
2607,Renault Clio,Hatchback,New York,2019-03-12,Grand Central Station,13:30,24.00,2019-03-10,
2608,Suzuki Grand Vitara,SUV,,2019-03-12,Port Authority Station,13:30,36.00,2019-03-10,False
2609,Audi A8,Sedan,London,2019-03-13,Heathrow International Airport,16:30,40.00,2019-03-07,
2610,Buick Regal Sportback,Sedan,London,2019-03-13,Gatwick International Airport,16:30,33.00,2019-03-07,
2611,Fiat Panda,Hatchback,London,2019-03-13,Heathrow International Airport,16:30,24.00,2019-03-07,
2612,Ford Focus,Hatchback,London,2019-03-13,Gatwick International Airport,16:30,29.00,2019-03-07,
2613,Nissan Qashqai,Hatchback,London,2019-03-13,Heathrow International Airport,16:30,32.00,2019-03-07,
2614,Renault Clio,Hatchback,London,2019-03-13,Gatwick International Airport,16:30,28.00,2019-03-07,
2615,SEAT Cordoba,Sedan,London,2019-03-13,Heathrow International Airport,16:30,33.00,2019-03-07,
2616,SEAT Leon,Hatchback,London,2019-03-13,Gatwick International Airport,16:30,31.00,2019-03-07,
2617,Skoda Kodiaq,SUV,London,2019-03-13,Gatwick International Airport,16:30,46.00,2019-03-07,
2618,Volvo S90,Sedan,London,2019-03-13,Heathrow International Airport,16:30,35.00,2019-03-07,
2619,Volvo S90,Sedan,,2019-03-13,Heathrow International Airport,16:30,55.00,2019-03-07,True
2620,Buick Regal Sportback,Sedan,Paris,2019-03-09,Charles de Gaulle International Airport,15:00,32.00,2019-03-03,
2621,Ford Focus,Hatchback,Paris,2019-03-09,Charles de Gaulle International Airport,15:00,24.00,2019-03-03,
2622,SEAT Leon,Hatchback,Paris,2019-03-09,Orly International Airport,15:00,30.00,2019-03-03,
2623,Suzuki Grand Vitara,SUV,Paris,2019-03-09,Charles de Gaulle International Airport,15:00,44.00,2019-03-03,
2624,Volvo S90,Sedan,Paris,2019-03-09,Charles de Gaulle International Airport,15:00,37.00,2019-03-03,
2625,Volvo S90,Sedan,,2019-03-09,Charles de Gaulle International Airport,15:00,37.00,2019-03-03,False
2626,Buick Regal Sportback,Sedan,Toronto,2019-03-12,Toronto Pearson International Airport,19:30,38.00,2019-03-08,
2627,Dacia Duster,SUV,Toronto,2019-03-12,Toronto Pearson International Airport,19:30,43.00,2019-03-08,
2628,GMC Terrain,SUV,Toronto,2019-03-12,Toronto Pearson International Airport,19:30,38.00,2019-03-08,
2629,Hyundai Ioniq,Sedan,Toronto,2019-03-12,Toronto Pearson International Airport,19:30,36.00,2019-03-08,
2630,Jaguar F-Pace,SUV,Toronto,2019-03-12,Toronto Pearson International Airport,19:30,42.00,2019-03-08,
2631,Kia Ceed,Hatchback,Toronto,2019-03-12,Toronto Pearson International Airport,19:30,23.00,2019-03-08,
2632,Mazda 3,Hatchback,Toronto,2019-03-12,Toronto Pearson International Airport,19:30,28.00,2019-03-08,
2633,Peugeot 208,Hatchback,Toronto,2019-03-12,Toronto Pearson International Airport,19:30,27.00,2019-03-08,
2634,SEAT Cordoba,Sedan,Toronto,2019-03-12,Toronto Pearson International Airport,19:30,38.00,2019-03-08,
2635,Skoda Octavia,Sedan,Toronto,2019-03-12,Toronto Pearson International Airport,19:30,33.00,2019-03-08,
2636,SEAT Cordoba,Sedan,,2019-03-12,Toronto Pearson International Airport,19:30,38.00,2019-03-08,False
2637,Audi A8,Sedan,Seattle,2019-03-14,King Street Station,18:30,34.00,2019-03-09,
2638,Citroen C5,SUV,Seattle,2019-03-14,Seattle-Tacoma International Airport,18:30,47.00,2019-03-09,
2639,Dacia Duster,SUV,Seattle,2019-03-14,King Street Station,18:30,37.00,2019-03-09,
2640,Dodge Charger,Sedan,Seattle,2019-03-14,King Street Station,18:30,29.00,2019-03-09,
2641,GMC Terrain,SUV,Seattle,2019-03-14,Seattle-Tacoma International Airport,18:30,41.00,2019-03-09,
2642,Hyundai Ioniq,Sedan,Seattle,2019-03-14,Seattle-Tacoma International Airport,18:30,37.00,2019-03-09,
2643,Lexus GS,Sedan,Seattle,2019-03-14,King Street Station,18:30,30.00,2019-03-09,
2644,Mazda 3,Hatchback,Seattle,2019-03-14,King Street Station,18:30,22.00,2019-03-09,
2645,Mitsubishi Outlander,SUV,Seattle,2019-03-14,King Street Station,18:30,43.00,2019-03-09,
2646,Nissan Qashqai,Hatchback,Seattle,2019-03-14,King Street Station,18:30,25.00,2019-03-09,
2647,Audi A8,Sedan,,2019-03-14,King Street Station,18:30,34.00,2019-03-09,False
2648,Dodge Charger,Sedan,Chicago,2019-03-04,O'Hare International Airport,18:30,35.00,2019-03-02,
2649,Fiat Panda,Hatchback,Chicago,2019-03-04,O'Hare International Airport,18:30,22.00,2019-03-02,
2650,GMC Terrain,SUV,Chicago,2019-03-04,O'Hare International Airport,18:30,44.00,2019-03-02,
2651,SEAT Leon,Hatchback,Chicago,2019-03-04,O'Hare International Airport,18:30,30.00,2019-03-02,
2652,Skoda Kodiaq,SUV,Chicago,2019-03-04,O'Hare International Airport,18:30,45.00,2019-03-02,
2653,Subaru Impreza,Sedan,Chicago,2019-03-04,O'Hare International Airport,18:30,35.00,2019-03-02,
2654,Subaru Impreza,Sedan,,2019-03-04,O'Hare International Airport,18:30,35.00,2019-03-02,False
2655,Fiat Panda,Hatchback,London,2019-03-11,Heathrow International Airport,15:30,33.00,2019-03-09,
2656,Ford Focus,Hatchback,London,2019-03-11,Gatwick International Airport,15:30,28.00,2019-03-09,
2657,Mazda 3,Hatchback,London,2019-03-11,Gatwick International Airport,15:30,28.00,2019-03-09,
2658,Nissan Qashqai,Hatchback,London,2019-03-11,Heathrow International Airport,15:30,29.00,2019-03-09,
2659,Renault Clio,Hatchback,London,2019-03-11,Gatwick International Airport,15:30,29.00,2019-03-09,
2660,SEAT Leon,Hatchback,London,2019-03-11,Gatwick International Airport,15:30,33.00,2019-03-09,
2661,Nissan Qashqai,Hatchback,,2019-03-11,Heathrow International Airport,15:30,29.00,2019-03-09,False
2662,Audi A8,Sedan,London,2019-03-08,Heathrow International Airport,15:30,30.00,2019-03-06,
2663,Buick Regal Sportback,Sedan,London,2019-03-08,Gatwick International Airport,15:30,34.00,2019-03-06,
2664,Hyundai Ioniq,Sedan,London,2019-03-08,Gatwick International Airport,15:30,32.00,2019-03-06,
2665,Lexus GS,Sedan,London,2019-03-08,Heathrow International Airport,15:30,34.00,2019-03-06,
2666,SEAT Cordoba,Sedan,London,2019-03-08,Heathrow International Airport,15:30,36.00,2019-03-06,
2667,Volvo S90,Sedan,London,2019-03-08,Heathrow International Airport,15:30,34.00,2019-03-06,
2668,Volvo S90,Sedan,,2019-03-08,Heathrow International Airport,15:30,34.00,2019-03-06,False
2669,Alfa Romeo Stelvio,SUV,New York,2019-03-09,Port Authority Station,12:00,44.00,2019-03-08,
2670,Audi A8,Sedan,New York,2019-03-09,JFK International Airport,12:00,35.00,2019-03-08,
2671,Buick Regal Sportback,Sedan,New York,2019-03-09,JFK International Airport,12:00,34.00,2019-03-08,
2672,Dodge Charger,Sedan,New York,2019-03-09,Grand Central Station,12:00,25.00,2019-03-08,
2673,Hyundai Ioniq,Sedan,New York,2019-03-09,Port Authority Station,12:00,30.00,2019-03-08,
2674,Jaguar F-Pace,SUV,New York,2019-03-09,JFK International Airport,12:00,52.00,2019-03-08,
2675,Kia Ceed,Hatchback,New York,2019-03-09,Port Authority Station,12:00,26.00,2019-03-08,
2676,Lexus GS,Sedan,New York,2019-03-09,Port Authority Station,12:00,28.00,2019-03-08,
2677,Peugeot 208,Hatchback,New York,2019-03-09,JFK International Airport,12:00,30.00,2019-03-08,
2678,Renault Clio,Hatchback,New York,2019-03-09,Grand Central Station,12:00,24.00,2019-03-08,
2679,Suzuki Grand Vitara,SUV,,2019-03-09,Port Authority Station,12:00,42.00,2019-03-08,False
2680,Hyundai Ioniq,Sedan,San Diego,2019-03-13,Santa Fe Depot,10:30,30.00,2019-03-08,
2681,Hyundai Ioniq,Sedan,,2019-03-13,Santa Fe Depot,10:30,30.00,2019-03-08,False
2682,Buick Regal Sportback,Sedan,Anaheim,2019-03-13,John Wayne Airport,15:30,35.00,2019-03-08,
2683,Dacia Duster,SUV,Anaheim,2019-03-13,Anaheim Intermodal Center,15:30,43.00,2019-03-08,
2684,Hyundai Ioniq,Sedan,Anaheim,2019-03-13,Anaheim Intermodal Center,15:30,30.00,2019-03-08,
2685,Kia Ceed,Hatchback,Anaheim,2019-03-13,John Wayne Airport,15:30,32.00,2019-03-08,
2686,Mazda 3,Hatchback,Anaheim,2019-03-13,John Wayne Airport,15:30,25.00,2019-03-08,
2687,SEAT Leon,Hatchback,Anaheim,2019-03-13,Anaheim Intermodal Center,15:30,25.00,2019-03-08,
2688,Skoda Octavia,Sedan,Anaheim,2019-03-13,Anaheim Intermodal Center,15:30,31.00,2019-03-08,
2689,Subaru Impreza,Sedan,Anaheim,2019-03-13,John Wayne Airport,15:30,32.00,2019-03-08,
2690,Volvo S90,Sedan,Anaheim,2019-03-13,John Wayne Airport,15:30,33.00,2019-03-08,
2691,Volvo S90,Sedan,,2019-03-13,John Wayne Airport,15:30,33.00,2019-03-08,False
2692,Alfa Romeo Stelvio,SUV,Paris,2019-03-12,Orly International Airport,16:30,42.00,2019-03-05,
2693,Ford Focus,Hatchback,Paris,2019-03-12,Orly International Airport,16:30,28.00,2019-03-05,
2694,Mitsubishi Outlander,SUV,Paris,2019-03-12,Charles de Gaulle International Airport,16:30,38.00,2019-03-05,
2695,Peugeot 208,Hatchback,Paris,2019-03-12,Orly International Airport,16:30,29.00,2019-03-05,
2696,SEAT Leon,Hatchback,Paris,2019-03-12,Orly International Airport,16:30,30.00,2019-03-05,
2697,Volvo S90,Sedan,Paris,2019-03-12,Orly International Airport,16:30,30.00,2019-03-05,
2698,Mitsubishi Outlander,SUV,,2019-03-12,Charles de Gaulle International Airport,16:30,38.00,2019-03-05,False
2699,Audi A8,Sedan,London,2019-03-11,Heathrow International Airport,11:00,36.00,2019-03-10,
2700,Buick Regal Sportback,Sedan,London,2019-03-11,Gatwick International Airport,11:00,32.00,2019-03-10,
2701,Citroen C5,SUV,London,2019-03-11,Heathrow International Airport,11:00,41.00,2019-03-10,
2702,Dacia Duster,SUV,London,2019-03-11,Heathrow International Airport,11:00,41.00,2019-03-10,
2703,Fiat Panda,Hatchback,London,2019-03-11,Heathrow International Airport,11:00,28.00,2019-03-10,
2704,Ford Focus,Hatchback,London,2019-03-11,Gatwick International Airport,11:00,28.00,2019-03-10,
2705,GMC Terrain,SUV,London,2019-03-11,Heathrow International Airport,11:00,44.00,2019-03-10,
2706,Hyundai Ioniq,Sedan,London,2019-03-11,Gatwick International Airport,11:00,33.00,2019-03-10,
2707,Lexus GS,Sedan,London,2019-03-11,Heathrow International Airport,11:00,35.00,2019-03-10,
2708,Mazda 3,Hatchback,London,2019-03-11,Gatwick International Airport,11:00,26.00,2019-03-10,
2709,GMC Terrain,SUV,,2019-03-11,Heathrow International Airport,11:00,54.00,2019-03-10,True
2710,Audi A8,Sedan,London,2019-03-09,Heathrow International Airport,09:30,34.00,2019-03-07,
2711,Buick Regal Sportback,Sedan,London,2019-03-09,Gatwick International Airport,09:30,37.00,2019-03-07,
2712,Citroen C5,SUV,London,2019-03-09,Heathrow International Airport,09:30,39.00,2019-03-07,
2713,Dacia Duster,SUV,London,2019-03-09,Heathrow International Airport,09:30,39.00,2019-03-07,
2714,Fiat Panda,Hatchback,London,2019-03-09,Heathrow International Airport,09:30,30.00,2019-03-07,
2715,Ford Focus,Hatchback,London,2019-03-09,Gatwick International Airport,09:30,27.00,2019-03-07,
2716,GMC Terrain,SUV,London,2019-03-09,Heathrow International Airport,09:30,43.00,2019-03-07,
2717,Hyundai Ioniq,Sedan,London,2019-03-09,Gatwick International Airport,09:30,30.00,2019-03-07,
2718,Lexus GS,Sedan,London,2019-03-09,Heathrow International Airport,09:30,38.00,2019-03-07,
2719,Mazda 3,Hatchback,London,2019-03-09,Gatwick International Airport,09:30,26.00,2019-03-07,
2720,Volvo S90,Sedan,,2019-03-09,Heathrow International Airport,09:30,29.00,2019-03-07,False
2721,Dodge Charger,Sedan,Chicago,2019-03-14,O'Hare International Airport,18:30,34.00,2019-03-12,
2722,Fiat Panda,Hatchback,Chicago,2019-03-14,O'Hare International Airport,18:30,25.00,2019-03-12,
2723,GMC Terrain,SUV,Chicago,2019-03-14,O'Hare International Airport,18:30,42.00,2019-03-12,
2724,SEAT Leon,Hatchback,Chicago,2019-03-14,O'Hare International Airport,18:30,30.00,2019-03-12,
2725,Skoda Kodiaq,SUV,Chicago,2019-03-14,O'Hare International Airport,18:30,40.00,2019-03-12,
2726,Subaru Impreza,Sedan,Chicago,2019-03-14,O'Hare International Airport,18:30,32.00,2019-03-12,
2727,Subaru Impreza,Sedan,,2019-03-14,O'Hare International Airport,18:30,32.00,2019-03-12,False
2728,Alfa Romeo Stelvio,SUV,Kuala Lumpur,2019-03-14,KLIA International Airport,14:00,32.00,2019-03-08,
2729,Dacia Duster,SUV,Kuala Lumpur,2019-03-14,KLIA International Airport,14:00,32.00,2019-03-08,
2730,Fiat Panda,Hatchback,Kuala Lumpur,2019-03-14,KLIA International Airport,14:00,19.00,2019-03-08,
2731,Suzuki Grand Vitara,SUV,Kuala Lumpur,2019-03-14,KLIA International Airport,14:00,39.00,2019-03-08,
2732,Volvo S90,Sedan,Kuala Lumpur,2019-03-14,KLIA International Airport,14:00,23.00,2019-03-08,
2733,Volvo S90,Sedan,,2019-03-14,KLIA International Airport,14:00,23.00,2019-03-08,False
2734,Audi A8,Sedan,London,2019-03-10,Heathrow International Airport,15:00,35.00,2019-03-08,
2735,Buick Regal Sportback,Sedan,London,2019-03-10,Gatwick International Airport,15:00,35.00,2019-03-08,
2736,Citroen C5,SUV,London,2019-03-10,Heathrow International Airport,15:00,46.00,2019-03-08,
2737,Dacia Duster,SUV,London,2019-03-10,Heathrow International Airport,15:00,40.00,2019-03-08,
2738,Fiat Panda,Hatchback,London,2019-03-10,Heathrow International Airport,15:00,29.00,2019-03-08,
2739,Ford Focus,Hatchback,London,2019-03-10,Gatwick International Airport,15:00,30.00,2019-03-08,
2740,GMC Terrain,SUV,London,2019-03-10,Heathrow International Airport,15:00,38.00,2019-03-08,
2741,Hyundai Ioniq,Sedan,London,2019-03-10,Gatwick International Airport,15:00,36.00,2019-03-08,
2742,Lexus GS,Sedan,London,2019-03-10,Heathrow International Airport,15:00,29.00,2019-03-08,
2743,Mazda 3,Hatchback,London,2019-03-10,Gatwick International Airport,15:00,25.00,2019-03-08,
2744,Volvo S90,Sedan,,2019-03-10,Heathrow International Airport,15:00,35.00,2019-03-08,False
2745,Alfa Romeo Stelvio,SUV,New York,2019-03-12,Port Authority Station,15:00,45.00,2019-03-10,
2746,Audi A8,Sedan,New York,2019-03-12,JFK International Airport,15:00,35.00,2019-03-10,
2747,Buick Regal Sportback,Sedan,New York,2019-03-12,JFK International Airport,15:00,29.00,2019-03-10,
2748,Dodge Charger,Sedan,New York,2019-03-12,Grand Central Station,15:00,32.00,2019-03-10,
2749,Hyundai Ioniq,Sedan,New York,2019-03-12,Port Authority Station,15:00,29.00,2019-03-10,
2750,Jaguar F-Pace,SUV,New York,2019-03-12,JFK International Airport,15:00,41.00,2019-03-10,
2751,Kia Ceed,Hatchback,New York,2019-03-12,Port Authority Station,15:00,24.00,2019-03-10,
2752,Lexus GS,Sedan,New York,2019-03-12,Port Authority Station,15:00,28.00,2019-03-10,
2753,Peugeot 208,Hatchback,New York,2019-03-12,JFK International Airport,15:00,26.00,2019-03-10,
2754,Renault Clio,Hatchback,New York,2019-03-12,Grand Central Station,15:00,24.00,2019-03-10,
2755,Suzuki Grand Vitara,SUV,,2019-03-12,Port Authority Station,15:00,48.00,2019-03-10,True
2756,Fiat Panda,Hatchback,Atlanta,2019-03-05,Hartsfield-Jackson International Airport,15:00,28.00,2019-03-03,
2757,Kia Ceed,Hatchback,Atlanta,2019-03-05,Peachtree Station,15:00,28.00,2019-03-03,
2758,Mazda 3,Hatchback,Atlanta,2019-03-05,Peachtree Station,15:00,27.00,2019-03-03,
2759,Peugeot 208,Hatchback,Atlanta,2019-03-05,Hartsfield-Jackson International Airport,15:00,32.00,2019-03-03,
2760,SEAT Leon,Hatchback,Atlanta,2019-03-05,Peachtree Station,15:00,23.00,2019-03-03,
2761,Peugeot 208,Hatchback,,2019-03-05,Hartsfield-Jackson International Airport,15:00,32.00,2019-03-03,False
2762,Alfa Romeo Stelvio,SUV,New York,2019-03-05,Port Authority Station,15:30,46.00,2019-03-01,
2763,Audi A8,Sedan,New York,2019-03-05,JFK International Airport,15:30,36.00,2019-03-01,
2764,Buick Regal Sportback,Sedan,New York,2019-03-05,JFK International Airport,15:30,31.00,2019-03-01,
2765,Dodge Charger,Sedan,New York,2019-03-05,Grand Central Station,15:30,31.00,2019-03-01,
2766,Hyundai Ioniq,Sedan,New York,2019-03-05,Port Authority Station,15:30,28.00,2019-03-01,
2767,Jaguar F-Pace,SUV,New York,2019-03-05,JFK International Airport,15:30,49.00,2019-03-01,
2768,Kia Ceed,Hatchback,New York,2019-03-05,Port Authority Station,15:30,21.00,2019-03-01,
2769,Lexus GS,Sedan,New York,2019-03-05,Port Authority Station,15:30,30.00,2019-03-01,
2770,Peugeot 208,Hatchback,New York,2019-03-05,JFK International Airport,15:30,27.00,2019-03-01,
2771,Renault Clio,Hatchback,New York,2019-03-05,Grand Central Station,15:30,22.00,2019-03-01,
2772,Suzuki Grand Vitara,SUV,,2019-03-05,Port Authority Station,15:30,43.00,2019-03-01,False
2773,Nissan Qashqai,Hatchback,Los Angeles,2019-03-12,LAX International Airport,10:30,29.00,2019-03-05,
2774,Skoda Kodiaq,SUV,Los Angeles,2019-03-12,LAX International Airport,10:30,40.00,2019-03-05,
2775,Volvo S90,Sedan,Los Angeles,2019-03-12,LAX International Airport,10:30,33.00,2019-03-05,
2776,Nissan Qashqai,Hatchback,,2019-03-12,LAX International Airport,10:30,29.00,2019-03-05,False
2777,Buick Regal Sportback,Sedan,Phoenix,2019-03-06,Sky Harbor International Airport,11:00,34.00,2019-03-03,
2778,Fiat Panda,Hatchback,Phoenix,2019-03-06,Sky Harbor International Airport,11:00,23.00,2019-03-03,
2779,GMC Terrain,SUV,Phoenix,2019-03-06,Sky Harbor International Airport,11:00,39.00,2019-03-03,
2780,Hyundai Ioniq,Sedan,Phoenix,2019-03-06,Sky Harbor International Airport,11:00,28.00,2019-03-03,
2781,Mazda CX-5,SUV,Phoenix,2019-03-06,Sky Harbor International Airport,11:00,46.00,2019-03-03,
2782,Mitsubishi Outlander,SUV,Phoenix,2019-03-06,Sky Harbor International Airport,11:00,48.00,2019-03-03,
2783,Peugeot 208,Hatchback,Phoenix,2019-03-06,Sky Harbor International Airport,11:00,29.00,2019-03-03,
2784,Subaru Impreza,Sedan,Phoenix,2019-03-06,Sky Harbor International Airport,11:00,38.00,2019-03-03,
2785,Buick Regal Sportback,Sedan,,2019-03-06,Sky Harbor International Airport,11:00,34.00,2019-03-03,False
2786,Buick Regal Sportback,Sedan,Berlin,2019-03-03,Schoenefeld Airport,18:00,33.00,2019-03-02,
2787,Dodge Charger,Sedan,Berlin,2019-03-03,Schoenefeld Airport,18:00,35.00,2019-03-02,
2788,Lexus GS,Sedan,Berlin,2019-03-03,Schoenefeld Airport,18:00,35.00,2019-03-02,
2789,SEAT Cordoba,Sedan,Berlin,2019-03-03,Schoenefeld Airport,18:00,34.00,2019-03-02,
2790,Skoda Octavia,Sedan,Berlin,2019-03-03,Tegel Airport,18:00,28.00,2019-03-02,
2791,Volvo S90,Sedan,Berlin,2019-03-03,Tegel Airport,18:00,34.00,2019-03-02,
2792,Buick Regal Sportback,Sedan,Berlin,2019-03-02,Schoenefeld Airport,18:00,35.00,2019-03-01,
2793,Dodge Charger,Sedan,Berlin,2019-03-02,Schoenefeld Airport,18:00,34.00,2019-03-01,
2794,Lexus GS,Sedan,Berlin,2019-03-02,Schoenefeld Airport,18:00,34.00,2019-03-01,
2795,SEAT Cordoba,Sedan,Berlin,2019-03-02,Schoenefeld Airport,18:00,33.00,2019-03-01,
2796,Lexus GS,Sedan,,2019-03-02,Schoenefeld Airport,18:00,34.00,2019-03-01,False
2797,Alfa Romeo Stelvio,SUV,Berlin,2019-03-14,Schoenefeld Airport,12:30,44.00,2019-03-11,
2798,Buick Regal Sportback,Sedan,Berlin,2019-03-14,Schoenefeld Airport,12:30,35.00,2019-03-11,
2799,Citroen C5,SUV,Berlin,2019-03-14,Schoenefeld Airport,12:30,38.00,2019-03-11,
2800,Dacia Duster,SUV,Berlin,2019-03-14,Tegel Airport,12:30,49.00,2019-03-11,
2801,Dodge Charger,Sedan,Berlin,2019-03-14,Schoenefeld Airport,12:30,29.00,2019-03-11,
2802,Kia Ceed,Hatchback,Berlin,2019-03-14,Schoenefeld Airport,12:30,27.00,2019-03-11,
2803,Lexus GS,Sedan,Berlin,2019-03-14,Schoenefeld Airport,12:30,31.00,2019-03-11,
2804,Mazda 3,Hatchback,Berlin,2019-03-14,Tegel Airport,12:30,25.00,2019-03-11,
2805,Mazda CX-5,SUV,Berlin,2019-03-14,Tegel Airport,12:30,41.00,2019-03-11,
2806,Peugeot 208,Hatchback,Berlin,2019-03-14,Schoenefeld Airport,12:30,30.00,2019-03-11,
2807,Dacia Duster,SUV,,2019-03-14,Schoenefeld Airport,12:30,45.00,2019-03-11,False
2808,Audi A8,Sedan,Vancouver,2019-03-09,Pacific Central Station,18:00,30.00,2019-03-08,
2809,Dacia Duster,SUV,Vancouver,2019-03-09,YVR International Airport,18:00,37.00,2019-03-08,
2810,Dodge Charger,Sedan,Vancouver,2019-03-09,Pacific Central Station,18:00,27.00,2019-03-08,
2811,Ford Focus,Hatchback,Vancouver,2019-03-09,YVR International Airport,18:00,26.00,2019-03-08,
2812,Jaguar F-Pace,SUV,Vancouver,2019-03-09,YVR International Airport,18:00,41.00,2019-03-08,
2813,Kia Ceed,Hatchback,Vancouver,2019-03-09,Pacific Central Station,18:00,24.00,2019-03-08,
2814,Mazda 3,Hatchback,Vancouver,2019-03-09,YVR International Airport,18:00,28.00,2019-03-08,
2815,Nissan Qashqai,Hatchback,Vancouver,2019-03-09,Pacific Central Station,18:00,26.00,2019-03-08,
2816,Peugeot 208,Hatchback,Vancouver,2019-03-09,YVR International Airport,18:00,25.00,2019-03-08,
2817,SEAT Cordoba,Sedan,Vancouver,2019-03-09,Pacific Central Station,18:00,30.00,2019-03-08,
2818,Subaru Impreza,Sedan,,2019-03-09,Pacific Central Station,18:00,33.00,2019-03-08,False
2819,Alfa Romeo Stelvio,SUV,Paris,2019-03-14,Orly International Airport,13:30,47.00,2019-03-10,
2820,Buick Regal Sportback,Sedan,Paris,2019-03-14,Charles de Gaulle International Airport,13:30,38.00,2019-03-10,
2821,Ford Focus,Hatchback,Paris,2019-03-14,Charles de Gaulle International Airport,13:30,22.00,2019-03-10,
2822,Kia Ceed,Hatchback,Paris,2019-03-14,Charles de Gaulle International Airport,13:30,34.00,2019-03-10,
2823,Mitsubishi Outlander,SUV,Paris,2019-03-14,Charles de Gaulle International Airport,13:30,45.00,2019-03-10,
2824,Peugeot 208,Hatchback,Paris,2019-03-14,Orly International Airport,13:30,25.00,2019-03-10,
2825,Renault Clio,Hatchback,Paris,2019-03-14,Charles de Gaulle International Airport,13:30,32.00,2019-03-10,
2826,SEAT Leon,Hatchback,Paris,2019-03-14,Orly International Airport,13:30,27.00,2019-03-10,
2827,Skoda Octavia,Sedan,Paris,2019-03-14,Orly International Airport,13:30,34.00,2019-03-10,
2828,Subaru Impreza,Sedan,Paris,2019-03-14,Charles de Gaulle International Airport,13:30,32.00,2019-03-10,
2829,Alfa Romeo Stelvio,SUV,,2019-03-14,Orly International Airport,13:30,47.00,2019-03-10,False
2830,Audi A8,Sedan,London,2019-03-06,Heathrow International Airport,11:00,36.00,2019-03-01,
2831,Citroen C5,SUV,London,2019-03-06,Heathrow International Airport,11:00,43.00,2019-03-01,
2832,Fiat Panda,Hatchback,London,2019-03-06,Heathrow International Airport,11:00,30.00,2019-03-01,
2833,Ford Focus,Hatchback,London,2019-03-06,Gatwick International Airport,11:00,24.00,2019-03-01,
2834,GMC Terrain,SUV,London,2019-03-06,Heathrow International Airport,11:00,43.00,2019-03-01,
2835,Hyundai Ioniq,Sedan,London,2019-03-06,Gatwick International Airport,11:00,35.00,2019-03-01,
2836,Lexus GS,Sedan,London,2019-03-06,Heathrow International Airport,11:00,32.00,2019-03-01,
2837,Mazda 3,Hatchback,London,2019-03-06,Gatwick International Airport,11:00,28.00,2019-03-01,
2838,Nissan Qashqai,Hatchback,London,2019-03-06,Heathrow International Airport,11:00,31.00,2019-03-01,
2839,SEAT Cordoba,Sedan,London,2019-03-06,Heathrow International Airport,11:00,25.00,2019-03-01,
2840,Volvo S90,Sedan,,2019-03-06,Heathrow International Airport,11:00,31.00,2019-03-01,False
2841,Buick Regal Sportback,Sedan,Rio de Janeiro,2019-03-13,Galeao International Airport,13:30,29.00,2019-03-11,
2842,Ford Focus,Hatchback,Rio de Janeiro,2019-03-13,Galeao International Airport,13:30,31.00,2019-03-11,
2843,Kia Ceed,Hatchback,Rio de Janeiro,2019-03-13,Galeao International Airport,13:30,30.00,2019-03-11,
2844,Nissan Qashqai,Hatchback,Rio de Janeiro,2019-03-13,Galeao International Airport,13:30,34.00,2019-03-11,
2845,SEAT Cordoba,Sedan,Rio de Janeiro,2019-03-13,Galeao International Airport,13:30,34.00,2019-03-11,
2846,Skoda Kodiaq,SUV,Rio de Janeiro,2019-03-13,Galeao International Airport,13:30,51.00,2019-03-11,
2847,Suzuki Grand Vitara,SUV,Rio de Janeiro,2019-03-13,Galeao International Airport,13:30,44.00,2019-03-11,
2848,Volvo S90,Sedan,Rio de Janeiro,2019-03-13,Galeao International Airport,13:30,36.00,2019-03-11,
2849,Buick Regal Sportback,Sedan,Rio de Janeiro,2019-03-12,Galeao International Airport,13:30,27.00,2019-03-11,
2850,Ford Focus,Hatchback,Rio de Janeiro,2019-03-12,Galeao International Airport,13:30,27.00,2019-03-11,
2851,Kia Ceed,Hatchback,Rio de Janeiro,2019-03-12,Galeao International Airport,13:30,31.00,2019-03-11,
2852,Nissan Qashqai,Hatchback,Rio de Janeiro,2019-03-12,Galeao International Airport,13:30,25.00,2019-03-11,
2853,SEAT Cordoba,Sedan,Rio de Janeiro,2019-03-12,Galeao International Airport,13:30,31.00,2019-03-11,
2854,Skoda Kodiaq,SUV,Rio de Janeiro,2019-03-12,Galeao International Airport,13:30,47.00,2019-03-11,
2855,Suzuki Grand Vitara,SUV,Rio de Janeiro,2019-03-12,Galeao International Airport,13:30,46.00,2019-03-11,
2856,Volvo S90,Sedan,Rio de Janeiro,2019-03-12,Galeao International Airport,13:30,33.00,2019-03-11,
2857,Kia Ceed,Hatchback,,2019-03-12,Galeao International Airport,13:30,31.00,2019-03-11,False
2858,Audi A8,Sedan,Phoenix,2019-03-14,Phoenix Union Station,16:30,29.00,2019-03-13,
2859,Buick Regal Sportback,Sedan,Phoenix,2019-03-14,Sky Harbor International Airport,16:30,29.00,2019-03-13,
2860,Dacia Duster,SUV,Phoenix,2019-03-14,Phoenix Union Station,16:30,35.00,2019-03-13,
2861,Fiat Panda,Hatchback,Phoenix,2019-03-14,Sky Harbor International Airport,16:30,32.00,2019-03-13,
2862,GMC Terrain,SUV,Phoenix,2019-03-14,Sky Harbor International Airport,16:30,36.00,2019-03-13,
2863,Hyundai Ioniq,Sedan,Phoenix,2019-03-14,Sky Harbor International Airport,16:30,33.00,2019-03-13,
2864,Mazda CX-5,SUV,Phoenix,2019-03-14,Sky Harbor International Airport,16:30,44.00,2019-03-13,
2865,Mitsubishi Outlander,SUV,Phoenix,2019-03-14,Sky Harbor International Airport,16:30,46.00,2019-03-13,
2866,Peugeot 208,Hatchback,Phoenix,2019-03-14,Sky Harbor International Airport,16:30,29.00,2019-03-13,
2867,Skoda Octavia,Sedan,Phoenix,2019-03-14,Phoenix Union Station,16:30,37.00,2019-03-13,
2868,Audi A8,Sedan,,2019-03-14,Phoenix Union Station,16:30,29.00,2019-03-13,False
2869,Dacia Duster,SUV,Los Angeles,2019-03-13,LAX International Airport,18:30,45.00,2019-03-12,
2870,Fiat Panda,Hatchback,Los Angeles,2019-03-13,LAX International Airport,18:30,26.00,2019-03-12,
2871,Hyundai Ioniq,Sedan,Los Angeles,2019-03-13,LAX International Airport,18:30,28.00,2019-03-12,
2872,Nissan Qashqai,Hatchback,Los Angeles,2019-03-13,LAX International Airport,18:30,29.00,2019-03-12,
2873,Renault Clio,Hatchback,Los Angeles,2019-03-13,LAX International Airport,18:30,27.00,2019-03-12,
2874,Skoda Kodiaq,SUV,Los Angeles,2019-03-13,LAX International Airport,18:30,48.00,2019-03-12,
2875,Suzuki Grand Vitara,SUV,Los Angeles,2019-03-13,LAX International Airport,18:30,47.00,2019-03-12,
2876,Volvo S90,Sedan,Los Angeles,2019-03-13,LAX International Airport,18:30,36.00,2019-03-12,
2877,Skoda Kodiaq,SUV,,2019-03-13,LAX International Airport,18:30,48.00,2019-03-12,False
2878,Skoda Kodiaq,SUV,Rio de Janeiro,2019-03-07,Galeao International Airport,09:00,44.00,2019-03-03,
2879,Suzuki Grand Vitara,SUV,Rio de Janeiro,2019-03-07,Galeao International Airport,09:00,40.00,2019-03-03,
2880,Skoda Kodiaq,SUV,,2019-03-07,Galeao International Airport,09:00,60.00,2019-03-03,True
2881,Audi A8,Sedan,San Francisco,2019-03-10,Salesforce Transit Center,17:00,30.00,2019-03-06,
2882,Buick Regal Sportback,Sedan,San Francisco,2019-03-10,Salesforce Transit Center,17:00,29.00,2019-03-06,
2883,Hyundai Ioniq,Sedan,San Francisco,2019-03-10,SFO International Airport,17:00,33.00,2019-03-06,
2884,Lexus GS,Sedan,San Francisco,2019-03-10,Salesforce Transit Center,17:00,29.00,2019-03-06,
2885,SEAT Cordoba,Sedan,San Francisco,2019-03-10,Salesforce Transit Center,17:00,34.00,2019-03-06,
2886,Subaru Impreza,Sedan,San Francisco,2019-03-10,SFO International Airport,17:00,26.00,2019-03-06,
2887,Volvo S90,Sedan,San Francisco,2019-03-10,SFO International Airport,17:00,33.00,2019-03-06,
2888,Buick Regal Sportback,Sedan,,2019-03-10,Salesforce Transit Center,17:00,45.00,2019-03-06,True
2889,Fiat Panda,Hatchback,Sydney,2019-03-09,Kingsford Smith International Airport,18:00,26.00,2019-03-07,
2890,Hyundai Ioniq,Sedan,Sydney,2019-03-09,Kingsford Smith International Airport,18:00,40.00,2019-03-07,
2891,Lexus GS,Sedan,Sydney,2019-03-09,Kingsford Smith International Airport,18:00,32.00,2019-03-07,
2892,Mazda 3,Hatchback,Sydney,2019-03-09,Kingsford Smith International Airport,18:00,29.00,2019-03-07,
2893,Peugeot 208,Hatchback,Sydney,2019-03-09,Kingsford Smith International Airport,18:00,28.00,2019-03-07,
2894,Skoda Kodiaq,SUV,Sydney,2019-03-09,Kingsford Smith International Airport,18:00,44.00,2019-03-07,
2895,Suzuki Grand Vitara,SUV,Sydney,2019-03-09,Kingsford Smith International Airport,18:00,47.00,2019-03-07,
2896,Vauxhaull Astra,Hatchback,Sydney,2019-03-09,Kingsford Smith International Airport,18:00,27.00,2019-03-07,
2897,Volvo S90,Sedan,Sydney,2019-03-09,Kingsford Smith International Airport,18:00,37.00,2019-03-07,
2898,Peugeot 208,Hatchback,,2019-03-09,Kingsford Smith International Airport,18:00,40.00,2019-03-07,True
2899,Audi A8,Sedan,San Francisco,2019-03-10,Salesforce Transit Center,15:00,30.00,2019-03-06,
2900,Buick Regal Sportback,Sedan,San Francisco,2019-03-10,Salesforce Transit Center,15:00,29.00,2019-03-06,
2901,Fiat Panda,Hatchback,San Francisco,2019-03-10,SFO International Airport,15:00,30.00,2019-03-06,
2902,GMC Terrain,SUV,San Francisco,2019-03-10,SFO International Airport,15:00,49.00,2019-03-06,
2903,Hyundai Ioniq,Sedan,San Francisco,2019-03-10,SFO International Airport,15:00,33.00,2019-03-06,
2904,Jaguar F-Pace,SUV,San Francisco,2019-03-10,Salesforce Transit Center,15:00,36.00,2019-03-06,
2905,Kia Ceed,Hatchback,San Francisco,2019-03-10,SFO International Airport,15:00,26.00,2019-03-06,
2906,Lexus GS,Sedan,San Francisco,2019-03-10,Salesforce Transit Center,15:00,29.00,2019-03-06,
2907,Mazda 3,Hatchback,San Francisco,2019-03-10,Salesforce Transit Center,15:00,27.00,2019-03-06,
2908,Mitsubishi Outlander,SUV,San Francisco,2019-03-10,SFO International Airport,15:00,42.00,2019-03-06,
2909,Renault Clio,Hatchback,San Francisco,2019-03-10,SFO International Airport,15:00,24.00,2019-03-06,
2910,SEAT Leon,Hatchback,San Francisco,2019-03-10,SFO International Airport,15:00,27.00,2019-03-06,
2911,Vauxhaull Astra,Hatchback,San Francisco,2019-03-10,Salesforce Transit Center,15:00,23.00,2019-03-06,
2912,Fiat Panda,Hatchback,,2019-03-10,SFO International Airport,15:00,30.00,2019-03-06,False
2913,Alfa Romeo Stelvio,SUV,Berlin,2019-03-04,Schoenefeld Airport,12:00,47.00,2019-03-02,
2914,Buick Regal Sportback,Sedan,Berlin,2019-03-04,Schoenefeld Airport,12:00,32.00,2019-03-02,
2915,Citroen C5,SUV,Berlin,2019-03-04,Schoenefeld Airport,12:00,47.00,2019-03-02,
2916,Dacia Duster,SUV,Berlin,2019-03-04,Tegel Airport,12:00,46.00,2019-03-02,
2917,Dodge Charger,Sedan,Berlin,2019-03-04,Schoenefeld Airport,12:00,29.00,2019-03-02,
2918,Kia Ceed,Hatchback,Berlin,2019-03-04,Schoenefeld Airport,12:00,30.00,2019-03-02,
2919,Lexus GS,Sedan,Berlin,2019-03-04,Schoenefeld Airport,12:00,32.00,2019-03-02,
2920,Mazda 3,Hatchback,Berlin,2019-03-04,Tegel Airport,12:00,30.00,2019-03-02,
2921,Mazda CX-5,SUV,Berlin,2019-03-04,Tegel Airport,12:00,39.00,2019-03-02,
2922,Peugeot 208,Hatchback,Berlin,2019-03-04,Schoenefeld Airport,12:00,30.00,2019-03-02,
2923,Dacia Duster,SUV,,2019-03-04,Schoenefeld Airport,12:00,46.00,2019-03-02,False
2924,Audi A8,Sedan,San Francisco,2019-03-13,Salesforce Transit Center,20:00,27.00,2019-03-10,
2925,Buick Regal Sportback,Sedan,San Francisco,2019-03-13,Salesforce Transit Center,20:00,31.00,2019-03-10,
2926,Jaguar F-Pace,SUV,San Francisco,2019-03-13,Salesforce Transit Center,20:00,37.00,2019-03-10,
2927,Lexus GS,Sedan,San Francisco,2019-03-13,Salesforce Transit Center,20:00,27.00,2019-03-10,
2928,Mazda 3,Hatchback,San Francisco,2019-03-13,Salesforce Transit Center,20:00,24.00,2019-03-10,
2929,SEAT Cordoba,Sedan,San Francisco,2019-03-13,Salesforce Transit Center,20:00,29.00,2019-03-10,
2930,Vauxhaull Astra,Hatchback,San Francisco,2019-03-13,Salesforce Transit Center,20:00,26.00,2019-03-10,
2931,Buick Regal Sportback,Sedan,,2019-03-13,Salesforce Transit Center,20:00,31.00,2019-03-10,False
2932,Alfa Romeo Stelvio,SUV,New York,2019-03-05,Port Authority Station,11:00,36.00,2019-03-04,
2933,Hyundai Ioniq,Sedan,New York,2019-03-05,Port Authority Station,11:00,27.00,2019-03-04,
2934,Kia Ceed,Hatchback,New York,2019-03-05,Port Authority Station,11:00,28.00,2019-03-04,
2935,Lexus GS,Sedan,New York,2019-03-05,Port Authority Station,11:00,31.00,2019-03-04,
2936,Skoda Octavia,Sedan,New York,2019-03-05,Port Authority Station,11:00,30.00,2019-03-04,
2937,Suzuki Grand Vitara,SUV,New York,2019-03-05,Port Authority Station,11:00,32.00,2019-03-04,
2938,Vauxhaull Astra,Hatchback,New York,2019-03-05,Port Authority Station,11:00,25.00,2019-03-04,
2939,Suzuki Grand Vitara,SUV,,2019-03-05,Port Authority Station,11:00,32.00,2019-03-04,False
2940,Alfa Romeo Stelvio,SUV,Portland,2019-03-09,Portland Bus Station,16:30,39.00,2019-03-08,
2941,Buick Regal Sportback,Sedan,Portland,2019-03-09,PDX International Airport,16:30,33.00,2019-03-08,
2942,Citroen C5,SUV,Portland,2019-03-09,Union Station,16:30,29.00,2019-03-08,
2943,Dacia Duster,SUV,Portland,2019-03-09,Portland Bus Station,16:30,40.00,2019-03-08,
2944,Ford Focus,Hatchback,Portland,2019-03-09,PDX International Airport,16:30,32.00,2019-03-08,
2945,Hyundai Ioniq,Sedan,Portland,2019-03-09,Portland Bus Station,16:30,29.00,2019-03-08,
2946,Jaguar F-Pace,SUV,Portland,2019-03-09,PDX International Airport,16:30,48.00,2019-03-08,
2947,Kia Ceed,Hatchback,Portland,2019-03-09,Union Station,16:30,32.00,2019-03-08,
2948,Lexus GS,Sedan,Portland,2019-03-09,Portland Bus Station,16:30,35.00,2019-03-08,
2949,Mazda 3,Hatchback,Portland,2019-03-09,PDX International Airport,16:30,26.00,2019-03-08,
2950,Alfa Romeo Stelvio,SUV,,2019-03-09,Portland Bus Station,16:30,39.00,2019-03-08,False
2951,Buick Regal Sportback,Sedan,Toronto,2019-03-09,Toronto Pearson International Airport,14:00,31.00,2019-03-03,
2952,Hyundai Ioniq,Sedan,Toronto,2019-03-09,Toronto Pearson International Airport,14:00,34.00,2019-03-03,
2953,Kia Ceed,Hatchback,Toronto,2019-03-09,Toronto Pearson International Airport,14:00,26.00,2019-03-03,
2954,Mazda 3,Hatchback,Toronto,2019-03-09,Toronto Pearson International Airport,14:00,31.00,2019-03-03,
2955,Skoda Octavia,Sedan,Toronto,2019-03-09,Toronto Pearson International Airport,14:00,27.00,2019-03-03,
2956,Vauxhaull Astra,Hatchback,Toronto,2019-03-09,Toronto Pearson International Airport,14:00,26.00,2019-03-03,
2957,Fiat Panda,Hatchback,London,2019-03-09,Heathrow International Airport,14:00,29.00,2019-03-03,
2958,SEAT Leon,Hatchback,London,2019-03-09,Gatwick International Airport,14:00,31.00,2019-03-03,
2959,Fiat Panda,Hatchback,,2019-03-09,Heathrow International Airport,14:00,49.00,2019-03-03,True
2960,Alfa Romeo Stelvio,SUV,Portland,2019-03-11,Portland Bus Station,18:00,39.00,2019-03-06,
2961,Buick Regal Sportback,Sedan,Portland,2019-03-11,PDX International Airport,18:00,33.00,2019-03-06,
2962,Dacia Duster,SUV,Portland,2019-03-11,Portland Bus Station,18:00,36.00,2019-03-06,
2963,Ford Focus,Hatchback,Portland,2019-03-11,PDX International Airport,18:00,26.00,2019-03-06,
2964,Hyundai Ioniq,Sedan,Portland,2019-03-11,Portland Bus Station,18:00,29.00,2019-03-06,
2965,Lexus GS,Sedan,Portland,2019-03-11,Portland Bus Station,18:00,29.00,2019-03-06,
2966,Nissan Qashqai,Hatchback,Portland,2019-03-11,PDX International Airport,18:00,30.00,2019-03-06,
2967,SEAT Cordoba,Sedan,Portland,2019-03-11,Portland Bus Station,18:00,32.00,2019-03-06,
2968,Vauxhaull Astra,Hatchback,Portland,2019-03-11,PDX International Airport,18:00,22.00,2019-03-06,
2969,SEAT Cordoba,Sedan,,2019-03-11,Portland Bus Station,18:00,50.00,2019-03-06,True
2970,Citroen C5,SUV,Seattle,2019-03-12,Seattle-Tacoma International Airport,10:00,39.00,2019-03-07,
2971,GMC Terrain,SUV,Seattle,2019-03-12,Seattle-Tacoma International Airport,10:00,46.00,2019-03-07,
2972,Suzuki Grand Vitara,SUV,Seattle,2019-03-12,Seattle-Tacoma International Airport,10:00,47.00,2019-03-07,
2973,Mitsubishi Outlander,SUV,Seattle,2019-03-12,King Street Station,09:30,45.00,2019-03-07,
2974,Suzuki Grand Vitara,SUV,,2019-03-12,Seattle-Tacoma International Airport,10:00,65.00,2019-03-07,True
2975,Alfa Romeo Stelvio,SUV,Long Beach,2019-03-14,LGB Airport,14:00,50.00,2019-03-13,
2976,Audi A8,Sedan,Long Beach,2019-03-14,LGB Airport,14:00,33.00,2019-03-13,
2977,Buick Regal Sportback,Sedan,Long Beach,2019-03-14,Downtown Station,14:00,28.00,2019-03-13,
2978,Citroen C5,SUV,Long Beach,2019-03-14,LGB Airport,14:00,46.00,2019-03-13,
2979,Fiat Panda,Hatchback,Long Beach,2019-03-14,LGB Airport,14:00,29.00,2019-03-13,
2980,Hyundai Ioniq,Sedan,Long Beach,2019-03-14,LGB Airport,14:00,37.00,2019-03-13,
2981,Jaguar F-Pace,SUV,Long Beach,2019-03-14,Downtown Station,14:00,38.00,2019-03-13,
2982,Kia Ceed,Hatchback,Long Beach,2019-03-14,Downtown Station,14:00,22.00,2019-03-13,
2983,Mazda 3,Hatchback,Long Beach,2019-03-14,LGB Airport,14:00,31.00,2019-03-13,
2984,Peugeot 208,Hatchback,Long Beach,2019-03-14,Downtown Station,14:00,24.00,2019-03-13,
2985,Buick Regal Sportback,Sedan,,2019-03-14,Downtown Station,14:00,38.00,2019-03-13,True
2986,Citroen C5,SUV,San Diego,2019-03-05,SAN International Airport,15:30,43.00,2019-03-04,
2987,Hyundai Ioniq,Sedan,San Diego,2019-03-05,Santa Fe Depot,15:30,32.00,2019-03-04,
2988,Jaguar F-Pace,SUV,San Diego,2019-03-05,Santa Fe Depot,15:30,39.00,2019-03-04,
2989,Lexus GS,Sedan,San Diego,2019-03-05,SAN International Airport,15:30,35.00,2019-03-04,
2990,Mazda 3,Hatchback,San Diego,2019-03-05,SAN International Airport,15:30,32.00,2019-03-04,
2991,Mitsubishi Outlander,SUV,San Diego,2019-03-05,SAN International Airport,15:30,39.00,2019-03-04,
2992,SEAT Cordoba,Sedan,San Diego,2019-03-05,Santa Fe Depot,15:30,24.00,2019-03-04,
2993,SEAT Leon,Hatchback,San Diego,2019-03-05,SAN International Airport,15:30,25.00,2019-03-04,
2994,Skoda Octavia,Sedan,San Diego,2019-03-05,SAN International Airport,15:30,35.00,2019-03-04,
2995,Vauxhaull Astra,Hatchback,San Diego,2019-03-05,SAN International Airport,15:30,29.00,2019-03-04,
2996,Mitsubishi Outlander,SUV,,2019-03-05,SAN International Airport,15:30,39.00,2019-03-04,False
2997,Buick Regal Sportback,Sedan,Anaheim,2019-03-12,John Wayne Airport,12:30,33.00,2019-03-07,
2998,Dacia Duster,SUV,Anaheim,2019-03-12,Anaheim Intermodal Center,12:30,48.00,2019-03-07,
2999,Hyundai Ioniq,Sedan,Anaheim,2019-03-12,Anaheim Intermodal Center,12:30,31.00,2019-03-07,
3000,Kia Ceed,Hatchback,Anaheim,2019-03-12,John Wayne Airport,12:30,30.00,2019-03-07,
3001,Mazda 3,Hatchback,Anaheim,2019-03-12,John Wayne Airport,12:30,28.00,2019-03-07,
3002,Peugeot 208,Hatchback,Anaheim,2019-03-12,John Wayne Airport,12:30,34.00,2019-03-07,
3003,Renault Clio,Hatchback,Anaheim,2019-03-12,John Wayne Airport,12:30,31.00,2019-03-07,
3004,Skoda Octavia,Sedan,Anaheim,2019-03-12,Anaheim Intermodal Center,12:30,31.00,2019-03-07,
3005,Volvo S90,Sedan,Anaheim,2019-03-12,John Wayne Airport,12:30,38.00,2019-03-07,
3006,Volvo S90,Sedan,,2019-03-12,John Wayne Airport,12:30,38.00,2019-03-07,False
3007,Alfa Romeo Stelvio,SUV,Philadelphia,2019-03-14,Intercity Terminal,12:00,38.00,2019-03-13,
3008,Dodge Charger,Sedan,Philadelphia,2019-03-14,30th Street Station,12:00,32.00,2019-03-13,
3009,Ford Focus,Hatchback,Philadelphia,2019-03-14,30th Street Station,12:00,24.00,2019-03-13,
3010,GMC Terrain,SUV,Philadelphia,2019-03-14,Intercity Terminal,12:00,39.00,2019-03-13,
3011,Hyundai Ioniq,Sedan,Philadelphia,2019-03-14,30th Street Station,12:00,30.00,2019-03-13,
3012,Jaguar F-Pace,SUV,Philadelphia,2019-03-14,Intercity Terminal,12:00,43.00,2019-03-13,
3013,Kia Ceed,Hatchback,Philadelphia,2019-03-14,30th Street Station,12:00,23.00,2019-03-13,
3014,Mazda 3,Hatchback,Philadelphia,2019-03-14,PHL International Airport,12:00,30.00,2019-03-13,
3015,Mitsubishi Outlander,SUV,Philadelphia,2019-03-14,PHL International Airport,12:00,41.00,2019-03-13,
3016,Renault Clio,Hatchback,Philadelphia,2019-03-14,Intercity Terminal,12:00,26.00,2019-03-13,
3017,Volvo S90,Sedan,,2019-03-14,30th Street Station,12:00,45.00,2019-03-13,True
3018,Audi A8,Sedan,London,2019-03-07,Heathrow International Airport,14:00,28.00,2019-03-04,
3019,Buick Regal Sportback,Sedan,London,2019-03-07,Gatwick International Airport,14:00,32.00,2019-03-04,
3020,Citroen C5,SUV,London,2019-03-07,Heathrow International Airport,14:00,43.00,2019-03-04,
3021,Dacia Duster,SUV,London,2019-03-07,Heathrow International Airport,14:00,42.00,2019-03-04,
3022,Fiat Panda,Hatchback,London,2019-03-07,Heathrow International Airport,14:00,28.00,2019-03-04,
3023,Ford Focus,Hatchback,London,2019-03-07,Gatwick International Airport,14:00,25.00,2019-03-04,
3024,GMC Terrain,SUV,London,2019-03-07,Heathrow International Airport,14:00,45.00,2019-03-04,
3025,Hyundai Ioniq,Sedan,London,2019-03-07,Gatwick International Airport,14:00,32.00,2019-03-04,
3026,Lexus GS,Sedan,London,2019-03-07,Heathrow International Airport,14:00,29.00,2019-03-04,
3027,Mazda 3,Hatchback,London,2019-03-07,Gatwick International Airport,14:00,22.00,2019-03-04,
3028,Volvo S90,Sedan,,2019-03-07,Heathrow International Airport,14:00,43.00,2019-03-04,True
3029,Ford Focus,Hatchback,Portland,2019-03-05,PDX International Airport,11:00,31.00,2019-03-01,
3030,Kia Ceed,Hatchback,Portland,2019-03-05,Union Station,11:00,25.00,2019-03-01,
3031,Mazda 3,Hatchback,Portland,2019-03-05,PDX International Airport,11:00,24.00,2019-03-01,
3032,Nissan Qashqai,Hatchback,Portland,2019-03-05,PDX International Airport,11:00,28.00,2019-03-01,
3033,Renault Clio,Hatchback,Portland,2019-03-05,Portland Bus Station,11:00,22.00,2019-03-01,
3034,SEAT Leon,Hatchback,Portland,2019-03-05,Portland Bus Station,11:00,23.00,2019-03-01,
3035,Vauxhaull Astra,Hatchback,Portland,2019-03-05,PDX International Airport,11:00,32.00,2019-03-01,
3036,Ford Focus,Hatchback,,2019-03-05,PDX International Airport,11:00,31.00,2019-03-01,False
3037,Fiat Panda,Hatchback,Las Vegas,2019-03-10,Union Plaza,18:30,24.00,2019-03-04,
3038,Nissan Qashqai,Hatchback,Las Vegas,2019-03-10,Union Plaza,18:30,22.00,2019-03-04,
3039,Skoda Kodiaq,SUV,Las Vegas,2019-03-10,Union Plaza,18:30,39.00,2019-03-04,
3040,Fiat Panda,Hatchback,,2019-03-10,Union Plaza,18:30,24.00,2019-03-04,False
3041,Fiat Panda,Hatchback,Atlanta,2019-03-14,Peachtree Station,11:00,25.00,2019-03-11,
3042,GMC Terrain,SUV,Atlanta,2019-03-14,Peachtree Station,11:00,43.00,2019-03-11,
3043,Jaguar F-Pace,SUV,Atlanta,2019-03-14,Peachtree Station,11:00,34.00,2019-03-11,
3044,Kia Ceed,Hatchback,Atlanta,2019-03-14,Peachtree Station,11:00,22.00,2019-03-11,
3045,Mazda 3,Hatchback,Atlanta,2019-03-14,Peachtree Station,11:00,22.00,2019-03-11,
3046,Mitsubishi Outlander,SUV,Atlanta,2019-03-14,Peachtree Station,11:00,42.00,2019-03-11,
3047,SEAT Leon,Hatchback,Atlanta,2019-03-14,Peachtree Station,11:00,25.00,2019-03-11,
3048,Subaru Impreza,Sedan,Atlanta,2019-03-14,Peachtree Station,11:00,27.00,2019-03-11,
3049,Volvo S90,Sedan,Atlanta,2019-03-14,Peachtree Station,11:00,25.00,2019-03-11,
3050,Fiat Panda,Hatchback,,2019-03-14,Peachtree Station,11:00,25.00,2019-03-11,False
3051,Audi A8,Sedan,Seattle,2019-03-05,King Street Station,14:00,32.00,2019-03-01,
3052,Citroen C5,SUV,Seattle,2019-03-05,Seattle-Tacoma International Airport,14:00,38.00,2019-03-01,
3053,Dacia Duster,SUV,Seattle,2019-03-05,King Street Station,14:00,44.00,2019-03-01,
3054,Dodge Charger,Sedan,Seattle,2019-03-05,King Street Station,14:00,35.00,2019-03-01,
3055,GMC Terrain,SUV,Seattle,2019-03-05,Seattle-Tacoma International Airport,14:00,45.00,2019-03-01,
3056,Hyundai Ioniq,Sedan,Seattle,2019-03-05,Seattle-Tacoma International Airport,14:00,36.00,2019-03-01,
3057,Lexus GS,Sedan,Seattle,2019-03-05,Seattle-Tacoma International Airport,14:00,33.00,2019-03-01,
3058,Mazda 3,Hatchback,Seattle,2019-03-05,King Street Station,14:00,26.00,2019-03-01,
3059,Mitsubishi Outlander,SUV,Seattle,2019-03-05,King Street Station,14:00,33.00,2019-03-01,
3060,Nissan Qashqai,Hatchback,Seattle,2019-03-05,Seattle-Tacoma International Airport,14:00,31.00,2019-03-01,
3061,Suzuki Grand Vitara,SUV,,2019-03-05,Seattle-Tacoma International Airport,14:00,41.00,2019-03-01,False
3062,Audi A8,Sedan,Cape Town,2019-03-12,Cape Town International Airport,15:00,30.00,2019-03-07,
3063,Mazda 3,Hatchback,Cape Town,2019-03-12,Cape Town International Airport,15:00,29.00,2019-03-07,
3064,Mitsubishi Outlander,SUV,Cape Town,2019-03-12,Cape Town International Airport,15:00,48.00,2019-03-07,
3065,Skoda Octavia,Sedan,Cape Town,2019-03-12,Cape Town International Airport,15:00,35.00,2019-03-07,
3066,Suzuki Grand Vitara,SUV,Cape Town,2019-03-12,Cape Town International Airport,15:00,42.00,2019-03-07,
3067,Audi A8,Sedan,,2019-03-12,Cape Town International Airport,15:00,48.00,2019-03-07,True
3068,Kia Ceed,Hatchback,Berlin,2019-03-12,Schoenefeld Airport,12:30,25.00,2019-03-10,
3069,Mazda 3,Hatchback,Berlin,2019-03-12,Tegel Airport,12:30,30.00,2019-03-10,
3070,Peugeot 208,Hatchback,Berlin,2019-03-12,Schoenefeld Airport,12:30,26.00,2019-03-10,
3071,Renault Clio,Hatchback,Berlin,2019-03-12,Schoenefeld Airport,12:30,26.00,2019-03-10,
3072,SEAT Leon,Hatchback,Berlin,2019-03-12,Tegel Airport,12:30,29.00,2019-03-10,
3073,Peugeot 208,Hatchback,,2019-03-12,Schoenefeld Airport,12:30,26.00,2019-03-10,False
3074,Audi A8,Sedan,Phoenix,2019-03-11,Phoenix Union Station,15:00,26.00,2019-03-10,
3075,Buick Regal Sportback,Sedan,Phoenix,2019-03-11,Sky Harbor International Airport,15:00,31.00,2019-03-10,
3076,Dacia Duster,SUV,Phoenix,2019-03-11,Phoenix Union Station,15:00,36.00,2019-03-10,
3077,Fiat Panda,Hatchback,Phoenix,2019-03-11,Sky Harbor International Airport,15:00,28.00,2019-03-10,
3078,GMC Terrain,SUV,Phoenix,2019-03-11,Sky Harbor International Airport,15:00,40.00,2019-03-10,
3079,Hyundai Ioniq,Sedan,Phoenix,2019-03-11,Sky Harbor International Airport,15:00,32.00,2019-03-10,
3080,Mazda CX-5,SUV,Phoenix,2019-03-11,Sky Harbor International Airport,15:00,45.00,2019-03-10,
3081,Mitsubishi Outlander,SUV,Phoenix,2019-03-11,Sky Harbor International Airport,15:00,48.00,2019-03-10,
3082,Peugeot 208,Hatchback,Phoenix,2019-03-11,Sky Harbor International Airport,15:00,28.00,2019-03-10,
3083,Skoda Octavia,Sedan,Phoenix,2019-03-11,Phoenix Union Station,15:00,24.00,2019-03-10,
3084,Subaru Impreza,Sedan,Phoenix,2019-03-11,Sky Harbor International Airport,15:00,33.00,2019-03-10,
3085,Buick Regal Sportback,Sedan,,2019-03-11,Sky Harbor International Airport,15:00,41.00,2019-03-10,True
3086,Kia Ceed,Hatchback,Anaheim,2019-03-04,John Wayne Airport,15:00,29.00,2019-03-03,
3087,Mazda 3,Hatchback,Anaheim,2019-03-04,John Wayne Airport,15:00,28.00,2019-03-03,
3088,Peugeot 208,Hatchback,Anaheim,2019-03-04,John Wayne Airport,15:00,27.00,2019-03-03,
3089,Renault Clio,Hatchback,Anaheim,2019-03-04,John Wayne Airport,15:00,26.00,2019-03-03,
3090,SEAT Leon,Hatchback,Anaheim,2019-03-04,Anaheim Intermodal Center,15:00,23.00,2019-03-03,
3091,Peugeot 208,Hatchback,,2019-03-04,John Wayne Airport,15:00,27.00,2019-03-03,False
3092,Ford Focus,Hatchback,Rio de Janeiro,2019-03-08,Galeao International Airport,14:00,28.00,2019-03-04,
3093,Kia Ceed,Hatchback,Rio de Janeiro,2019-03-08,Galeao International Airport,14:00,28.00,2019-03-04,
3094,Nissan Qashqai,Hatchback,Rio de Janeiro,2019-03-08,Galeao International Airport,14:00,25.00,2019-03-04,
3095,Kia Ceed,Hatchback,,2019-03-08,Galeao International Airport,14:00,28.00,2019-03-04,False
3096,Alfa Romeo Stelvio,SUV,Philadelphia,2019-03-06,Intercity Terminal,12:00,34.00,2019-03-02,
3097,Dodge Charger,Sedan,Philadelphia,2019-03-06,30th Street Station,12:00,29.00,2019-03-02,
3098,Ford Focus,Hatchback,Philadelphia,2019-03-06,30th Street Station,12:00,27.00,2019-03-02,
3099,GMC Terrain,SUV,Philadelphia,2019-03-06,Intercity Terminal,12:00,32.00,2019-03-02,
3100,Hyundai Ioniq,Sedan,Philadelphia,2019-03-06,30th Street Station,12:00,30.00,2019-03-02,
3101,Jaguar F-Pace,SUV,Philadelphia,2019-03-06,Intercity Terminal,12:00,40.00,2019-03-02,
3102,Kia Ceed,Hatchback,Philadelphia,2019-03-06,30th Street Station,12:00,27.00,2019-03-02,
3103,Mazda 3,Hatchback,Philadelphia,2019-03-06,PHL International Airport,12:00,30.00,2019-03-02,
3104,Mitsubishi Outlander,SUV,Philadelphia,2019-03-06,PHL International Airport,12:00,44.00,2019-03-02,
3105,Renault Clio,Hatchback,Philadelphia,2019-03-06,Intercity Terminal,12:00,19.00,2019-03-02,
3106,Alfa Romeo Stelvio,SUV,,2019-03-06,Intercity Terminal,12:00,34.00,2019-03-02,False
3107,Audi A8,Sedan,Vancouver,2019-03-04,Pacific Central Station,18:00,23.00,2019-03-03,
3108,Dacia Duster,SUV,Vancouver,2019-03-04,YVR International Airport,18:00,38.00,2019-03-03,
3109,Dodge Charger,Sedan,Vancouver,2019-03-04,Pacific Central Station,18:00,29.00,2019-03-03,
3110,Ford Focus,Hatchback,Vancouver,2019-03-04,YVR International Airport,18:00,27.00,2019-03-03,
3111,Jaguar F-Pace,SUV,Vancouver,2019-03-04,YVR International Airport,18:00,43.00,2019-03-03,
3112,Kia Ceed,Hatchback,Vancouver,2019-03-04,Pacific Central Station,18:00,25.00,2019-03-03,
3113,Mazda 3,Hatchback,Vancouver,2019-03-04,YVR International Airport,18:00,33.00,2019-03-03,
3114,Nissan Qashqai,Hatchback,Vancouver,2019-03-04,Pacific Central Station,18:00,28.00,2019-03-03,
3115,Peugeot 208,Hatchback,Vancouver,2019-03-04,YVR International Airport,18:00,27.00,2019-03-03,
3116,SEAT Cordoba,Sedan,Vancouver,2019-03-04,Pacific Central Station,18:00,27.00,2019-03-03,
3117,Audi A8,Sedan,Vancouver,2019-03-04,Pacific Central Station,18:00,37.00,2019-03-01,
3118,Dacia Duster,SUV,Vancouver,2019-03-04,YVR International Airport,18:00,43.00,2019-03-01,
3119,Dodge Charger,Sedan,Vancouver,2019-03-04,Pacific Central Station,18:00,32.00,2019-03-01,
3120,Ford Focus,Hatchback,Vancouver,2019-03-04,YVR International Airport,18:00,27.00,2019-03-01,
3121,Jaguar F-Pace,SUV,Vancouver,2019-03-04,YVR International Airport,18:00,39.00,2019-03-01,
3122,Kia Ceed,Hatchback,Vancouver,2019-03-04,Pacific Central Station,18:00,26.00,2019-03-01,
3123,Mazda 3,Hatchback,Vancouver,2019-03-04,YVR International Airport,18:00,29.00,2019-03-01,
3124,Nissan Qashqai,Hatchback,Vancouver,2019-03-04,Pacific Central Station,18:00,22.00,2019-03-01,
3125,Peugeot 208,Hatchback,Vancouver,2019-03-04,YVR International Airport,18:00,24.00,2019-03-01,
3126,SEAT Cordoba,Sedan,Vancouver,2019-03-04,Pacific Central Station,18:00,27.00,2019-03-01,
3127,Dacia Duster,SUV,,2019-03-04,YVR International Airport,18:00,43.00,2019-03-01,False
3128,Audi A8,Sedan,Vancouver,2019-03-08,Pacific Central Station,16:30,32.00,2019-03-04,
3129,Dacia Duster,SUV,Vancouver,2019-03-08,YVR International Airport,16:30,41.00,2019-03-04,
3130,Dodge Charger,Sedan,Vancouver,2019-03-08,Pacific Central Station,16:30,31.00,2019-03-04,
3131,Ford Focus,Hatchback,Vancouver,2019-03-08,YVR International Airport,16:30,27.00,2019-03-04,
3132,Jaguar F-Pace,SUV,Vancouver,2019-03-08,YVR International Airport,16:30,43.00,2019-03-04,
3133,Kia Ceed,Hatchback,Vancouver,2019-03-08,Pacific Central Station,16:30,28.00,2019-03-04,
3134,Mazda 3,Hatchback,Vancouver,2019-03-08,YVR International Airport,16:30,31.00,2019-03-04,
3135,Nissan Qashqai,Hatchback,Vancouver,2019-03-08,Pacific Central Station,16:30,20.00,2019-03-04,
3136,Peugeot 208,Hatchback,Vancouver,2019-03-08,YVR International Airport,16:30,28.00,2019-03-04,
3137,SEAT Cordoba,Sedan,Vancouver,2019-03-08,Pacific Central Station,16:30,27.00,2019-03-04,
3138,Subaru Impreza,Sedan,,2019-03-08,Pacific Central Station,16:30,54.00,2019-03-04,True
3139,Audi A8,Sedan,Long Beach,2019-03-11,LGB Airport,15:00,27.00,2019-03-09,
3140,Buick Regal Sportback,Sedan,Long Beach,2019-03-11,Downtown Station,15:00,30.00,2019-03-09,
3141,Hyundai Ioniq,Sedan,Long Beach,2019-03-11,LGB Airport,15:00,28.00,2019-03-09,
3142,Volvo S90,Sedan,Long Beach,2019-03-11,Downtown Station,15:00,31.00,2019-03-09,
3143,Audi A8,Sedan,,2019-03-11,LGB Airport,15:00,39.00,2019-03-09,True
3144,Alfa Romeo Stelvio,SUV,New York,2019-03-12,Port Authority Station,12:00,39.00,2019-03-11,
3145,Audi A8,Sedan,New York,2019-03-12,JFK International Airport,12:00,30.00,2019-03-11,
3146,Buick Regal Sportback,Sedan,New York,2019-03-12,JFK International Airport,12:00,34.00,2019-03-11,
3147,Dodge Charger,Sedan,New York,2019-03-12,Grand Central Station,12:00,27.00,2019-03-11,
3148,Hyundai Ioniq,Sedan,New York,2019-03-12,Port Authority Station,12:00,32.00,2019-03-11,
3149,Jaguar F-Pace,SUV,New York,2019-03-12,JFK International Airport,12:00,40.00,2019-03-11,
3150,Kia Ceed,Hatchback,New York,2019-03-12,Port Authority Station,12:00,23.00,2019-03-11,
3151,Lexus GS,Sedan,New York,2019-03-12,Port Authority Station,12:00,26.00,2019-03-11,
3152,Peugeot 208,Hatchback,New York,2019-03-12,JFK International Airport,12:00,26.00,2019-03-11,
3153,Renault Clio,Hatchback,New York,2019-03-12,Grand Central Station,12:00,25.00,2019-03-11,
3154,Suzuki Grand Vitara,SUV,,2019-03-12,Port Authority Station,12:00,38.00,2019-03-11,False
3155,Audi A8,Sedan,Vancouver,2019-03-10,Pacific Central Station,16:30,31.00,2019-03-09,
3156,Dacia Duster,SUV,Vancouver,2019-03-10,YVR International Airport,16:30,43.00,2019-03-09,
3157,Dodge Charger,Sedan,Vancouver,2019-03-10,Pacific Central Station,16:30,38.00,2019-03-09,
3158,Ford Focus,Hatchback,Vancouver,2019-03-10,YVR International Airport,16:30,27.00,2019-03-09,
3159,Jaguar F-Pace,SUV,Vancouver,2019-03-10,YVR International Airport,16:30,46.00,2019-03-09,
3160,Kia Ceed,Hatchback,Vancouver,2019-03-10,Pacific Central Station,16:30,29.00,2019-03-09,
3161,Mazda 3,Hatchback,Vancouver,2019-03-10,YVR International Airport,16:30,26.00,2019-03-09,
3162,Nissan Qashqai,Hatchback,Vancouver,2019-03-10,Pacific Central Station,16:30,23.00,2019-03-09,
3163,Peugeot 208,Hatchback,Vancouver,2019-03-10,YVR International Airport,16:30,25.00,2019-03-09,
3164,SEAT Cordoba,Sedan,Vancouver,2019-03-10,Pacific Central Station,16:30,31.00,2019-03-09,
3165,Subaru Impreza,Sedan,,2019-03-10,Pacific Central Station,16:30,31.00,2019-03-09,False
3166,Audi A8,Sedan,London,2019-03-12,Heathrow International Airport,13:30,32.00,2019-03-08,
3167,Buick Regal Sportback,Sedan,London,2019-03-12,Gatwick International Airport,13:30,34.00,2019-03-08,
3168,Citroen C5,SUV,London,2019-03-12,Heathrow International Airport,13:30,49.00,2019-03-08,
3169,Dacia Duster,SUV,London,2019-03-12,Heathrow International Airport,13:30,43.00,2019-03-08,
3170,Fiat Panda,Hatchback,London,2019-03-12,Heathrow International Airport,13:30,29.00,2019-03-08,
3171,Ford Focus,Hatchback,London,2019-03-12,Gatwick International Airport,13:30,29.00,2019-03-08,
3172,GMC Terrain,SUV,London,2019-03-12,Heathrow International Airport,13:30,46.00,2019-03-08,
3173,Hyundai Ioniq,Sedan,London,2019-03-12,Gatwick International Airport,13:30,33.00,2019-03-08,
3174,Lexus GS,Sedan,London,2019-03-12,Heathrow International Airport,13:30,33.00,2019-03-08,
3175,Mazda 3,Hatchback,London,2019-03-12,Gatwick International Airport,13:30,24.00,2019-03-08,
3176,Audi A8,Sedan,London,2019-03-12,Heathrow International Airport,10:30,32.00,2019-03-08,
3177,Buick Regal Sportback,Sedan,London,2019-03-12,Gatwick International Airport,10:30,34.00,2019-03-08,
3178,Citroen C5,SUV,London,2019-03-12,Heathrow International Airport,10:30,49.00,2019-03-08,
3179,Dacia Duster,SUV,London,2019-03-12,Heathrow International Airport,10:30,43.00,2019-03-08,
3180,Fiat Panda,Hatchback,London,2019-03-12,Heathrow International Airport,10:30,29.00,2019-03-08,
3181,Ford Focus,Hatchback,London,2019-03-12,Gatwick International Airport,10:30,29.00,2019-03-08,
3182,GMC Terrain,SUV,London,2019-03-12,Heathrow International Airport,10:30,46.00,2019-03-08,
3183,Hyundai Ioniq,Sedan,London,2019-03-12,Gatwick International Airport,10:30,33.00,2019-03-08,
3184,Lexus GS,Sedan,London,2019-03-12,Heathrow International Airport,10:30,33.00,2019-03-08,
3185,Volvo S90,Sedan,,2019-03-12,Gatwick International Airport,10:30,33.00,2019-03-08,False
3186,Audi A8,Sedan,Las Vegas,2019-03-07,Union Plaza,09:00,27.00,2019-03-03,
3187,Buick Regal Sportback,Sedan,Las Vegas,2019-03-07,McCarran International Airport,09:00,33.00,2019-03-03,
3188,Dodge Charger,Sedan,Las Vegas,2019-03-07,McCarran International Airport,09:00,27.00,2019-03-03,
3189,Fiat Panda,Hatchback,Las Vegas,2019-03-07,McCarran International Airport,09:00,29.00,2019-03-03,
3190,GMC Terrain,SUV,Las Vegas,2019-03-07,Union Plaza,09:00,36.00,2019-03-03,
3191,Lexus GS,Sedan,Las Vegas,2019-03-07,Union Plaza,09:00,30.00,2019-03-03,
3192,Mazda CX-5,SUV,Las Vegas,2019-03-07,McCarran International Airport,09:00,33.00,2019-03-03,
3193,Nissan Qashqai,Hatchback,Las Vegas,2019-03-07,Union Plaza,09:00,27.00,2019-03-03,
3194,Peugeot 208,Hatchback,Las Vegas,2019-03-07,McCarran International Airport,09:00,28.00,2019-03-03,
3195,Renault Clio,Hatchback,Las Vegas,2019-03-07,McCarran International Airport,09:00,27.00,2019-03-03,
3196,Subaru Impreza,Sedan,,2019-03-07,Union Plaza,09:00,29.00,2019-03-03,False
3197,Alfa Romeo Stelvio,SUV,Kuala Lumpur,2019-03-04,KLIA International Airport,16:30,31.00,2019-03-02,
3198,Dacia Duster,SUV,Kuala Lumpur,2019-03-04,KLIA International Airport,16:30,32.00,2019-03-02,
3199,Fiat Panda,Hatchback,Kuala Lumpur,2019-03-04,KLIA International Airport,16:30,19.00,2019-03-02,
3200,Hyundai Ioniq,Sedan,Kuala Lumpur,2019-03-04,KLIA International Airport,16:30,22.00,2019-03-02,
3201,Kia Ceed,Hatchback,Kuala Lumpur,2019-03-04,KLIA International Airport,16:30,17.00,2019-03-02,
3202,SEAT Leon,Hatchback,Kuala Lumpur,2019-03-04,KLIA International Airport,16:30,17.00,2019-03-02,
3203,Suzuki Grand Vitara,SUV,Kuala Lumpur,2019-03-04,KLIA International Airport,16:30,36.00,2019-03-02,
3204,Volvo S90,Sedan,Kuala Lumpur,2019-03-04,KLIA International Airport,16:30,20.00,2019-03-02,
3205,Suzuki Grand Vitara,SUV,,2019-03-04,KLIA International Airport,16:30,48.00,2019-03-02,True
3206,Audi A8,Sedan,Seattle,2019-03-10,King Street Station,11:00,32.00,2019-03-09,
3207,Citroen C5,SUV,Seattle,2019-03-10,Seattle-Tacoma International Airport,11:00,51.00,2019-03-09,
3208,Dacia Duster,SUV,Seattle,2019-03-10,King Street Station,11:00,40.00,2019-03-09,
3209,Dodge Charger,Sedan,Seattle,2019-03-10,King Street Station,11:00,30.00,2019-03-09,
3210,GMC Terrain,SUV,Seattle,2019-03-10,Seattle-Tacoma International Airport,11:00,41.00,2019-03-09,
3211,Hyundai Ioniq,Sedan,Seattle,2019-03-10,Seattle-Tacoma International Airport,11:00,31.00,2019-03-09,
3212,Lexus GS,Sedan,Seattle,2019-03-10,Seattle-Tacoma International Airport,11:00,33.00,2019-03-09,
3213,Mazda 3,Hatchback,Seattle,2019-03-10,King Street Station,11:00,26.00,2019-03-09,
3214,Mitsubishi Outlander,SUV,Seattle,2019-03-10,King Street Station,11:00,41.00,2019-03-09,
3215,Nissan Qashqai,Hatchback,Seattle,2019-03-10,Seattle-Tacoma International Airport,11:00,28.00,2019-03-09,
3216,Audi A8,Sedan,,2019-03-10,King Street Station,11:00,32.00,2019-03-09,False
3217,GMC Terrain,SUV,,2019-03-11,Union Plaza,09:30,36.00,2019-03-07,False
3218,Fiat Panda,Hatchback,,2019-03-08,Dulles International Airport,09:30,26.00,2019-03-05,False
3219,Fiat Panda,Hatchback,,2019-03-12,KLIA International Airport,10:30,21.00,2019-03-11,False
3220,SEAT Leon,Hatchback,,2019-03-07,PHL International Airport,12:30,25.00,2019-03-05,False
3221,Renault Clio,Hatchback,,2019-03-11,Downtown,13:30,23.00,2019-03-06,False
3222,Audi A8,Sedan,,2019-03-13,Downtown,10:00,32.00,2019-03-10,False
3223,Renault Clio,Hatchback,,2019-03-10,Intercity Terminal,10:30,28.00,2019-03-06,False
3224,Kia Ceed,Hatchback,,2019-03-07,Galeao International Airport,09:00,41.00,2019-03-04,True
3225,Peugeot 208,Hatchback,,2019-03-14,Clayton Valley,18:30,24.00,2019-03-12,False
3226,GMC Terrain,SUV,,2019-03-07,Heathrow International Airport,16:00,55.00,2019-03-06,True
3227,Suzuki Grand Vitara,SUV,,2019-03-13,Seattle-Tacoma International Airport,10:30,47.00,2019-03-09,False
3228,Mazda CX-5,SUV,,2019-03-14,Sunnyvale Caltrain Station,09:30,48.00,2019-03-12,True
3229,Skoda Octavia,Sedan,,2019-03-05,Lawrence Station,10:00,44.00,2019-03-03,True
3230,Peugeot 208,Hatchback,,2019-03-12,JFK International Airport,18:00,47.00,2019-03-07,True
3231,Subaru Impreza,Sedan,,2019-03-05,Pacific Central Station,13:30,45.00,2019-03-02,True
3232,Subaru Impreza,Sedan,,2019-03-11,Grand Central Station,12:30,49.00,2019-03-06,True
3233,Kia Ceed,Hatchback,,2019-03-05,JFK International Airport,12:00,42.00,2019-03-02,True
3234,Alfa Romeo Stelvio,SUV,,2019-03-07,Portland Bus Station,12:30,46.00,2019-03-02,False
3235,Alfa Romeo Stelvio,SUV,,2019-03-09,Portland Bus Station,12:30,38.00,2019-03-04,False
3236,SEAT Leon,Hatchback,,2019-03-09,Lawrence Station,10:30,27.00,2019-03-06,False
3237,SEAT Cordoba,Sedan,,2019-03-09,Portland Bus Station,12:30,36.00,2019-03-07,True
3238,Suzuki Grand Vitara,SUV,,2019-03-12,Walnut Creek BART Station,10:30,52.00,2019-03-10,True
3239,Kia Ceed,Hatchback,,2019-03-14,Galeao International Airport,14:00,26.00,2019-03-12,False
3240,Audi A8,Sedan,,2019-03-14,King Street Station,09:00,43.00,2019-03-12,True
3241,Renault Clio,Hatchback,,2019-03-06,Downtown,10:30,40.00,2019-03-02,True
3242,Skoda Octavia,Sedan,,2019-03-10,PHL International Airport,10:30,26.00,2019-03-04,False
3243,Skoda Octavia,Sedan,,2019-03-05,Orly International Airport,10:30,43.00,2019-03-04,True
3244,GMC Terrain,SUV,,2019-03-14,Sky Harbor International Airport,14:30,47.00,2019-03-10,False
3245,Nissan Qashqai,Hatchback,,2019-03-14,Union Station,11:00,29.00,2019-03-09,False
3246,Vauxhaull Astra,Hatchback,,2019-03-13,Orly International Airport,10:30,29.00,2019-03-10,False
3247,Vauxhaull Astra,Hatchback,,2019-03-08,Palo Alto Caltrain Station,11:30,41.00,2019-03-04,True
3248,Volvo S90,Sedan,,2019-03-05,Gatwick International Airport,09:30,45.00,2019-03-03,True
3249,Peugeot 208,Hatchback,,2019-03-13,Estacion Buenavista,11:00,29.00,2019-03-08,True
3250,Fiat Panda,Hatchback,,2019-03-09,Union Plaza,10:30,23.00,2019-03-04,False
3251,Kia Ceed,Hatchback,,2019-03-10,Portland Bus Station,16:30,28.00,2019-03-04,False
3252,Peugeot 208,Hatchback,,2019-03-06,Sky Harbor International Airport,11:30,29.00,2019-03-01,False
3253,Nissan Qashqai,Hatchback,,2019-03-10,Heathrow International Airport,14:00,28.00,2019-03-04,False
3254,GMC Terrain,SUV,,2019-03-03,Peachtree Station,10:30,34.00,2019-03-02,False
3255,Mazda CX-5,SUV,,2019-03-14,Benito Juarez International Airport,09:00,32.00,2019-03-08,False
3256,Audi A8,Sedan,,2019-03-07,Jomo Kenyatta International Airport,10:30,23.00,2019-03-02,False
3257,Ford Focus,Hatchback,,2019-03-09,30th Street Station,14:30,22.00,2019-03-02,False
3258,Volvo S90,Sedan,,2019-03-02,Gatwick International Airport,09:00,44.00,2019-03-01,True
3259,Jaguar F-Pace,SUV,,2019-03-04,Dulles International Airport,10:00,60.00,2019-03-03,True
3260,Dodge Charger,Sedan,,2019-03-07,Benito Juarez International Airport,13:30,25.00,2019-03-06,False
3261,Skoda Octavia,Sedan,,2019-03-06,PHL International Airport,09:30,46.00,2019-03-04,True
3262,Nissan Qashqai,Hatchback,,2019-03-09,Heathrow International Airport,10:30,25.00,2019-03-05,False
3263,Nissan Qashqai,Hatchback,,2019-03-13,Union Station,10:00,47.00,2019-03-07,True
3264,Fiat Panda,Hatchback,,2019-03-09,Walnut Creek BART Station,10:00,37.00,2019-03-08,True
3265,Volvo S90,Sedan,,2019-03-12,Heathrow International Airport,17:30,34.00,2019-03-05,False
3266,Mazda 3,Hatchback,,2019-03-14,Anaheim Intermodal Center,10:30,25.00,2019-03-11,False
3267,SEAT Cordoba,Sedan,,2019-03-06,Intercity Terminal,12:00,46.00,2019-03-01,True
3268,GMC Terrain,SUV,,2019-03-10,Norman Y. Mineta Airport,14:30,57.00,2019-03-06,True
3269,Audi A8,Sedan,,2019-03-08,Downtown,12:00,40.00,2019-03-07,True
3270,GMC Terrain,SUV,,2019-03-05,Norman Y. Mineta Airport,13:30,56.00,2019-03-01,True
3271,Renault Clio,Hatchback,,2019-03-06,McCarran International Airport,12:30,43.00,2019-03-02,True
3272,GMC Terrain,SUV,,2019-03-14,Heathrow International Airport,10:30,37.00,2019-03-09,False
3273,Peugeot 208,Hatchback,,2019-03-14,Chicago Union Station,14:30,42.00,2019-03-10,True
3274,GMC Terrain,SUV,,2019-03-14,Fresno Station,11:00,61.00,2019-03-07,True
3275,Volvo S90,Sedan,,2019-03-14,Heathrow International Airport,11:00,28.00,2019-03-10,False
3276,Nissan Qashqai,Hatchback,,2019-03-11,Heathrow International Airport,09:30,28.00,2019-03-06,False
3277,Renault Clio,Hatchback,,2019-03-03,Intercity Terminal,10:00,22.00,2019-03-01,False
3278,Volvo S90,Sedan,,2019-03-04,Indira Gandhi International Airport,18:30,48.00,2019-03-01,True
3279,Mazda CX-5,SUV,,2019-03-07,Benito Juarez International Airport,09:30,40.00,2019-03-01,False
3280,Mazda CX-5,SUV,,2019-03-03,McCarran International Airport,14:00,54.00,2019-03-01,True
3281,Volvo S90,Sedan,,2019-03-13,Heathrow International Airport,14:30,35.00,2019-03-07,False
3282,Fiat Panda,Hatchback,,2019-03-10,Union Plaza,10:00,27.00,2019-03-07,False
3283,Dodge Charger,Sedan,,2019-03-14,Benito Juarez International Airport,09:30,23.00,2019-03-09,False
3284,SEAT Leon,Hatchback,,2019-03-09,O'Hare International Airport,16:00,32.00,2019-03-03,False
3285,Audi A8,Sedan,London,2019-03-04,Heathrow International Airport,15:30,33.00,2019-03-01,
3286,Buick Regal Sportback,Sedan,London,2019-03-04,Gatwick International Airport,15:30,35.00,2019-03-01,
3287,Citroen C5,SUV,London,2019-03-04,Heathrow International Airport,15:30,49.00,2019-03-01,
3288,Dacia Duster,SUV,London,2019-03-04,Heathrow International Airport,15:30,43.00,2019-03-01,
3289,Fiat Panda,Hatchback,London,2019-03-04,Heathrow International Airport,15:30,27.00,2019-03-01,
3290,Ford Focus,Hatchback,London,2019-03-04,Gatwick International Airport,15:30,32.00,2019-03-01,
3291,GMC Terrain,SUV,London,2019-03-04,Heathrow International Airport,15:30,45.00,2019-03-01,
3292,Hyundai Ioniq,Sedan,London,2019-03-04,Gatwick International Airport,15:30,33.00,2019-03-01,
3293,Lexus GS,Sedan,London,2019-03-04,Heathrow International Airport,15:30,36.00,2019-03-01,
3294,Mazda 3,Hatchback,London,2019-03-04,Gatwick International Airport,15:30,33.00,2019-03-01,
3295,Volvo S90,Sedan,,2019-03-04,Heathrow International Airport,15:30,30.00,2019-03-01,False
3296,Alfa Romeo Stelvio,SUV,Paris,2019-03-05,Orly International Airport,12:30,42.00,2019-03-03,
3297,Buick Regal Sportback,Sedan,Paris,2019-03-05,Charles de Gaulle International Airport,12:30,34.00,2019-03-03,
3298,Ford Focus,Hatchback,Paris,2019-03-05,Charles de Gaulle International Airport,12:30,28.00,2019-03-03,
3299,Kia Ceed,Hatchback,Paris,2019-03-05,Charles de Gaulle International Airport,12:30,28.00,2019-03-03,
3300,Mitsubishi Outlander,SUV,Paris,2019-03-05,Charles de Gaulle International Airport,12:30,51.00,2019-03-03,
3301,Peugeot 208,Hatchback,Paris,2019-03-05,Orly International Airport,12:30,31.00,2019-03-03,
3302,Renault Clio,Hatchback,Paris,2019-03-05,Charles de Gaulle International Airport,12:30,25.00,2019-03-03,
3303,SEAT Leon,Hatchback,Paris,2019-03-05,Orly International Airport,12:30,25.00,2019-03-03,
3304,Skoda Octavia,Sedan,Paris,2019-03-05,Orly International Airport,12:30,38.00,2019-03-03,
3305,Subaru Impreza,Sedan,Paris,2019-03-05,Charles de Gaulle International Airport,12:30,31.00,2019-03-03,
3306,Fiat Panda,Hatchback,London,2019-03-05,Heathrow International Airport,12:30,27.00,2019-03-03,
3307,Ford Focus,Hatchback,London,2019-03-05,Gatwick International Airport,12:30,34.00,2019-03-03,
3308,Mazda 3,Hatchback,London,2019-03-05,Gatwick International Airport,12:30,29.00,2019-03-03,
3309,Nissan Qashqai,Hatchback,London,2019-03-05,Heathrow International Airport,12:30,28.00,2019-03-03,
3310,Renault Clio,Hatchback,London,2019-03-05,Gatwick International Airport,12:30,27.00,2019-03-03,
3311,SEAT Leon,Hatchback,London,2019-03-05,Gatwick International Airport,12:30,28.00,2019-03-03,
3312,Nissan Qashqai,Hatchback,,2019-03-05,Heathrow International Airport,12:30,40.00,2019-03-03,True
3313,Audi A8,Sedan,London,2019-03-14,Heathrow International Airport,13:30,30.00,2019-03-12,
3314,Buick Regal Sportback,Sedan,London,2019-03-14,Gatwick International Airport,13:30,31.00,2019-03-12,
3315,Citroen C5,SUV,London,2019-03-14,Heathrow International Airport,13:30,42.00,2019-03-12,
3316,Dacia Duster,SUV,London,2019-03-14,Heathrow International Airport,13:30,38.00,2019-03-12,
3317,Fiat Panda,Hatchback,London,2019-03-14,Heathrow International Airport,13:30,23.00,2019-03-12,
3318,Ford Focus,Hatchback,London,2019-03-14,Gatwick International Airport,13:30,21.00,2019-03-12,
3319,GMC Terrain,SUV,London,2019-03-14,Heathrow International Airport,13:30,45.00,2019-03-12,
3320,Hyundai Ioniq,Sedan,London,2019-03-14,Gatwick International Airport,13:30,37.00,2019-03-12,
3321,Lexus GS,Sedan,London,2019-03-14,Heathrow International Airport,13:30,34.00,2019-03-12,
3322,Mazda 3,Hatchback,London,2019-03-14,Gatwick International Airport,13:30,30.00,2019-03-12,
3323,Volvo S90,Sedan,,2019-03-14,Heathrow International Airport,13:30,34.00,2019-03-12,False
3324,Audi A8,Sedan,London,2019-03-04,Heathrow International Airport,16:30,34.00,2019-03-02,
3325,Buick Regal Sportback,Sedan,London,2019-03-04,Gatwick International Airport,16:30,32.00,2019-03-02,
3326,Citroen C5,SUV,London,2019-03-04,Heathrow International Airport,16:30,43.00,2019-03-02,
3327,Dacia Duster,SUV,London,2019-03-04,Heathrow International Airport,16:30,44.00,2019-03-02,
3328,Fiat Panda,Hatchback,London,2019-03-04,Heathrow International Airport,16:30,31.00,2019-03-02,
3329,Ford Focus,Hatchback,London,2019-03-04,Gatwick International Airport,16:30,27.00,2019-03-02,
3330,GMC Terrain,SUV,London,2019-03-04,Heathrow International Airport,16:30,44.00,2019-03-02,
3331,Hyundai Ioniq,Sedan,London,2019-03-04,Gatwick International Airport,16:30,33.00,2019-03-02,
3332,Lexus GS,Sedan,London,2019-03-04,Heathrow International Airport,16:30,33.00,2019-03-02,
3333,Mazda 3,Hatchback,London,2019-03-04,Gatwick International Airport,16:30,27.00,2019-03-02,
3334,Ford Focus,Hatchback,Fresno,2019-03-04,Fresno Station,16:30,23.00,2019-03-02,
3335,Kia Ceed,Hatchback,Fresno,2019-03-04,Fresno Station,16:30,17.00,2019-03-02,
3336,Peugeot 208,Hatchback,Fresno,2019-03-04,Fresno Yosemite International Airport,16:30,30.00,2019-03-02,
3337,SEAT Leon,Hatchback,Fresno,2019-03-04,Fresno Station,16:30,28.00,2019-03-02,
3338,Vauxhaull Astra,Hatchback,Fresno,2019-03-04,Fresno Yosemite International Airport,16:30,28.00,2019-03-02,
3339,Kia Ceed,Hatchback,,2019-03-04,Fresno Station,16:30,17.00,2019-03-02,False
3340,Citroen C5,SUV,Mexico City,2019-03-12,Benito Juarez International Airport,14:00,32.00,2019-03-09,
3341,GMC Terrain,SUV,Mexico City,2019-03-12,Benito Juarez International Airport,14:00,32.00,2019-03-09,
3342,Jaguar F-Pace,SUV,Mexico City,2019-03-12,Estacion Buenavista,14:00,29.00,2019-03-09,
3343,Mazda CX-5,SUV,Mexico City,2019-03-12,Benito Juarez International Airport,14:00,38.00,2019-03-09,
3344,Mitsubishi Outlander,SUV,Mexico City,2019-03-12,Estacion Buenavista,14:00,30.00,2019-03-09,
3345,Mitsubishi Outlander,SUV,,2019-03-12,Estacion Buenavista,14:00,30.00,2019-03-09,False
3346,Suzuki Grand Vitara,SUV,Rio de Janeiro,2019-03-12,Galeao International Airport,15:30,46.00,2019-03-05,
3347,Volvo S90,Sedan,Rio de Janeiro,2019-03-12,Galeao International Airport,15:30,33.00,2019-03-05,
3348,Suzuki Grand Vitara,SUV,,2019-03-12,Galeao International Airport,15:30,46.00,2019-03-05,False
3349,Alfa Romeo Stelvio,SUV,Paris,2019-03-06,Orly International Airport,15:00,46.00,2019-03-02,
3350,Buick Regal Sportback,Sedan,Paris,2019-03-06,Charles de Gaulle International Airport,15:00,39.00,2019-03-02,
3351,Ford Focus,Hatchback,Paris,2019-03-06,Charles de Gaulle International Airport,15:00,29.00,2019-03-02,
3352,Kia Ceed,Hatchback,Paris,2019-03-06,Charles de Gaulle International Airport,15:00,28.00,2019-03-02,
3353,Mitsubishi Outlander,SUV,Paris,2019-03-06,Charles de Gaulle International Airport,15:00,49.00,2019-03-02,
3354,Peugeot 208,Hatchback,Paris,2019-03-06,Orly International Airport,15:00,28.00,2019-03-02,
3355,Renault Clio,Hatchback,Paris,2019-03-06,Charles de Gaulle International Airport,15:00,30.00,2019-03-02,
3356,SEAT Leon,Hatchback,Paris,2019-03-06,Orly International Airport,15:00,24.00,2019-03-02,
3357,Skoda Octavia,Sedan,Paris,2019-03-06,Orly International Airport,15:00,35.00,2019-03-02,
3358,Subaru Impreza,Sedan,Paris,2019-03-06,Charles de Gaulle International Airport,15:00,31.00,2019-03-02,
3359,Alfa Romeo Stelvio,SUV,,2019-03-06,Orly International Airport,15:00,62.00,2019-03-02,True
3360,Buick Regal Sportback,Sedan,Berlin,2019-03-09,Schoenefeld Airport,12:00,32.00,2019-03-08,
3361,Dodge Charger,Sedan,Berlin,2019-03-09,Schoenefeld Airport,12:00,33.00,2019-03-08,
3362,Lexus GS,Sedan,Berlin,2019-03-09,Schoenefeld Airport,12:00,37.00,2019-03-08,
3363,SEAT Cordoba,Sedan,Berlin,2019-03-09,Schoenefeld Airport,12:00,31.00,2019-03-08,
3364,Skoda Octavia,Sedan,Berlin,2019-03-09,Tegel Airport,12:00,34.00,2019-03-08,
3365,Volvo S90,Sedan,Berlin,2019-03-09,Tegel Airport,12:00,30.00,2019-03-08,
3366,Buick Regal Sportback,Sedan,Berlin,2019-03-09,Schoenefeld Airport,12:00,29.00,2019-03-04,
3367,Citroen C5,SUV,Berlin,2019-03-09,Schoenefeld Airport,12:00,41.00,2019-03-04,
3368,Dacia Duster,SUV,Berlin,2019-03-09,Tegel Airport,12:00,45.00,2019-03-04,
3369,Dodge Charger,Sedan,Berlin,2019-03-09,Schoenefeld Airport,12:00,38.00,2019-03-04,
3370,Kia Ceed,Hatchback,Berlin,2019-03-09,Schoenefeld Airport,12:00,30.00,2019-03-04,
3371,Mazda 3,Hatchback,Berlin,2019-03-09,Tegel Airport,12:00,29.00,2019-03-04,
3372,Mazda CX-5,SUV,Berlin,2019-03-09,Tegel Airport,12:00,41.00,2019-03-04,
3373,Peugeot 208,Hatchback,Berlin,2019-03-09,Schoenefeld Airport,12:00,32.00,2019-03-04,
3374,Renault Clio,Hatchback,Berlin,2019-03-09,Schoenefeld Airport,12:00,29.00,2019-03-04,
3375,Dacia Duster,SUV,,2019-03-09,Schoenefeld Airport,12:00,37.00,2019-03-04,False
3376,Audi A8,Sedan,London,2019-03-05,Heathrow International Airport,09:30,32.00,2019-03-02,
3377,Buick Regal Sportback,Sedan,London,2019-03-05,Gatwick International Airport,09:30,28.00,2019-03-02,
3378,Citroen C5,SUV,London,2019-03-05,Heathrow International Airport,09:30,46.00,2019-03-02,
3379,Dacia Duster,SUV,London,2019-03-05,Heathrow International Airport,09:30,53.00,2019-03-02,
3380,Fiat Panda,Hatchback,London,2019-03-05,Heathrow International Airport,09:30,29.00,2019-03-02,
3381,Ford Focus,Hatchback,London,2019-03-05,Gatwick International Airport,09:30,27.00,2019-03-02,
3382,GMC Terrain,SUV,London,2019-03-05,Heathrow International Airport,09:30,45.00,2019-03-02,
3383,Hyundai Ioniq,Sedan,London,2019-03-05,Gatwick International Airport,09:30,35.00,2019-03-02,
3384,Lexus GS,Sedan,London,2019-03-05,Heathrow International Airport,09:30,33.00,2019-03-02,
3385,Mazda 3,Hatchback,London,2019-03-05,Gatwick International Airport,09:30,26.00,2019-03-02,
3386,Volvo S90,Sedan,,2019-03-05,Heathrow International Airport,09:30,36.00,2019-03-02,False
3387,Jaguar F-Pace,SUV,San Diego,2019-03-12,Santa Fe Depot,15:30,41.00,2019-03-07,
3388,Lexus GS,Sedan,San Diego,2019-03-12,SAN International Airport,15:30,33.00,2019-03-07,
3389,Mazda 3,Hatchback,San Diego,2019-03-12,SAN International Airport,15:30,28.00,2019-03-07,
3390,Mitsubishi Outlander,SUV,San Diego,2019-03-12,SAN International Airport,15:30,39.00,2019-03-07,
3391,SEAT Cordoba,Sedan,San Diego,2019-03-12,Santa Fe Depot,15:30,26.00,2019-03-07,
3392,SEAT Leon,Hatchback,San Diego,2019-03-12,SAN International Airport,15:30,31.00,2019-03-07,
3393,Skoda Octavia,Sedan,San Diego,2019-03-12,SAN International Airport,15:30,42.00,2019-03-07,
3394,Volvo S90,Sedan,San Diego,2019-03-12,SAN International Airport,15:30,28.00,2019-03-07,
3395,Jaguar F-Pace,SUV,,2019-03-12,Santa Fe Depot,15:30,59.00,2019-03-07,True
3396,Audi A8,Sedan,London,2019-03-14,Heathrow International Airport,15:30,30.00,2019-03-12,
3397,Buick Regal Sportback,Sedan,London,2019-03-14,Gatwick International Airport,15:30,31.00,2019-03-12,
3398,Citroen C5,SUV,London,2019-03-14,Heathrow International Airport,15:30,42.00,2019-03-12,
3399,Dacia Duster,SUV,London,2019-03-14,Heathrow International Airport,15:30,38.00,2019-03-12,
3400,Fiat Panda,Hatchback,London,2019-03-14,Heathrow International Airport,15:30,23.00,2019-03-12,
3401,Ford Focus,Hatchback,London,2019-03-14,Gatwick International Airport,15:30,21.00,2019-03-12,
3402,GMC Terrain,SUV,London,2019-03-14,Heathrow International Airport,15:30,45.00,2019-03-12,
3403,Hyundai Ioniq,Sedan,London,2019-03-14,Gatwick International Airport,15:30,37.00,2019-03-12,
3404,Lexus GS,Sedan,London,2019-03-14,Heathrow International Airport,15:30,34.00,2019-03-12,
3405,Mazda 3,Hatchback,London,2019-03-14,Gatwick International Airport,15:30,30.00,2019-03-12,
3406,Volvo S90,Sedan,,2019-03-14,Heathrow International Airport,15:30,34.00,2019-03-12,False
3407,Alfa Romeo Stelvio,SUV,Paris,2019-03-04,Orly International Airport,13:30,45.00,2019-03-01,
3408,Buick Regal Sportback,Sedan,Paris,2019-03-04,Charles de Gaulle International Airport,13:30,31.00,2019-03-01,
3409,Ford Focus,Hatchback,Paris,2019-03-04,Charles de Gaulle International Airport,13:30,25.00,2019-03-01,
3410,Kia Ceed,Hatchback,Paris,2019-03-04,Charles de Gaulle International Airport,13:30,32.00,2019-03-01,
3411,Mitsubishi Outlander,SUV,Paris,2019-03-04,Charles de Gaulle International Airport,13:30,48.00,2019-03-01,
3412,Peugeot 208,Hatchback,Paris,2019-03-04,Orly International Airport,13:30,24.00,2019-03-01,
3413,Renault Clio,Hatchback,Paris,2019-03-04,Charles de Gaulle International Airport,13:30,28.00,2019-03-01,
3414,SEAT Leon,Hatchback,Paris,2019-03-04,Orly International Airport,13:30,29.00,2019-03-01,
3415,Skoda Octavia,Sedan,Paris,2019-03-04,Orly International Airport,13:30,37.00,2019-03-01,
3416,Subaru Impreza,Sedan,Paris,2019-03-04,Charles de Gaulle International Airport,13:30,34.00,2019-03-01,
3417,Volvo S90,Sedan,,2019-03-04,Charles de Gaulle International Airport,13:30,44.00,2019-03-01,True
3418,Audi A8,Sedan,London,2019-03-13,Heathrow International Airport,15:00,34.00,2019-03-12,
3419,Buick Regal Sportback,Sedan,London,2019-03-13,Gatwick International Airport,15:00,34.00,2019-03-12,
3420,Citroen C5,SUV,London,2019-03-13,Heathrow International Airport,15:00,42.00,2019-03-12,
3421,Dacia Duster,SUV,London,2019-03-13,Heathrow International Airport,15:00,42.00,2019-03-12,
3422,Fiat Panda,Hatchback,London,2019-03-13,Heathrow International Airport,15:00,26.00,2019-03-12,
3423,Ford Focus,Hatchback,London,2019-03-13,Gatwick International Airport,15:00,31.00,2019-03-12,
3424,GMC Terrain,SUV,London,2019-03-13,Heathrow International Airport,15:00,45.00,2019-03-12,
3425,Hyundai Ioniq,Sedan,London,2019-03-13,Gatwick International Airport,15:00,34.00,2019-03-12,
3426,Lexus GS,Sedan,London,2019-03-13,Heathrow International Airport,15:00,31.00,2019-03-12,
3427,Mazda 3,Hatchback,London,2019-03-13,Gatwick International Airport,15:00,28.00,2019-03-12,
3428,Volvo S90,Sedan,,2019-03-13,Heathrow International Airport,15:00,33.00,2019-03-12,False
3429,Buick Regal Sportback,Sedan,Anaheim,2019-03-09,John Wayne Airport,15:00,30.00,2019-03-07,
3430,Hyundai Ioniq,Sedan,Anaheim,2019-03-09,Anaheim Intermodal Center,15:00,31.00,2019-03-07,
3431,Skoda Octavia,Sedan,Anaheim,2019-03-09,Anaheim Intermodal Center,15:00,32.00,2019-03-07,
3432,Subaru Impreza,Sedan,Anaheim,2019-03-09,John Wayne Airport,15:00,39.00,2019-03-07,
3433,Volvo S90,Sedan,Anaheim,2019-03-09,John Wayne Airport,15:00,29.00,2019-03-07,
3434,Hyundai Ioniq,Sedan,,2019-03-09,Anaheim Intermodal Center,15:00,31.00,2019-03-07,False
3435,Audi A8,Sedan,Warsaw,2019-03-11,Warsaw Chopin Airport,17:00,34.00,2019-03-07,
3436,Buick Regal Sportback,Sedan,Warsaw,2019-03-11,Warsaw Chopin Airport,17:00,36.00,2019-03-07,
3437,Citroen C5,SUV,Warsaw,2019-03-11,Warsaw Chopin Airport,17:00,48.00,2019-03-07,
3438,Dodge Charger,Sedan,Warsaw,2019-03-11,Warsaw Chopin Airport,17:00,35.00,2019-03-07,
3439,Ford Focus,Hatchback,Warsaw,2019-03-11,Warsaw Chopin Airport,17:00,34.00,2019-03-07,
3440,Renault Clio,Hatchback,Warsaw,2019-03-11,Warsaw Chopin Airport,17:00,24.00,2019-03-07,
3441,Subaru Impreza,Sedan,Warsaw,2019-03-11,Warsaw Chopin Airport,17:00,30.00,2019-03-07,
3442,Suzuki Grand Vitara,SUV,Warsaw,2019-03-11,Warsaw Chopin Airport,17:00,49.00,2019-03-07,
3443,Vauxhaull Astra,Hatchback,Warsaw,2019-03-11,Warsaw Chopin Airport,17:00,28.00,2019-03-07,
3444,Subaru Impreza,Sedan,,2019-03-11,Warsaw Chopin Airport,17:00,46.00,2019-03-07,True
3445,Mazda 3,Hatchback,San Francisco,2019-03-11,Salesforce Transit Center,10:30,27.00,2019-03-10,
3446,Vauxhaull Astra,Hatchback,San Francisco,2019-03-11,Salesforce Transit Center,10:30,24.00,2019-03-10,
3447,Mazda 3,Hatchback,San Francisco,2019-03-12,Salesforce Transit Center,10:30,22.00,2019-03-10,
3448,Mazda 3,Hatchback,,2019-03-12,Salesforce Transit Center,10:30,22.00,2019-03-10,False
3449,Jaguar F-Pace,SUV,Atlanta,2019-03-06,Peachtree Station,12:30,36.00,2019-03-01,
3450,Mitsubishi Outlander,SUV,Atlanta,2019-03-06,Peachtree Station,12:30,36.00,2019-03-01,
3451,Citroen C5,SUV,Atlanta,2019-03-06,Hartsfield-Jackson International Airport,13:00,43.00,2019-03-01,
3452,Jaguar F-Pace,SUV,,2019-03-06,Peachtree Station,12:30,54.00,2019-03-01,True
3453,Audi A8,Sedan,London,2019-03-05,Heathrow International Airport,09:30,30.00,2019-03-01,
3454,Buick Regal Sportback,Sedan,London,2019-03-05,Gatwick International Airport,09:30,36.00,2019-03-01,
3455,Citroen C5,SUV,London,2019-03-05,Heathrow International Airport,09:30,40.00,2019-03-01,
3456,Dacia Duster,SUV,London,2019-03-05,Heathrow International Airport,09:30,47.00,2019-03-01,
3457,Fiat Panda,Hatchback,London,2019-03-05,Heathrow International Airport,09:30,35.00,2019-03-01,
3458,Ford Focus,Hatchback,London,2019-03-05,Gatwick International Airport,09:30,30.00,2019-03-01,
3459,GMC Terrain,SUV,London,2019-03-05,Heathrow International Airport,09:30,37.00,2019-03-01,
3460,Hyundai Ioniq,Sedan,London,2019-03-05,Gatwick International Airport,09:30,37.00,2019-03-01,
3461,Lexus GS,Sedan,London,2019-03-05,Heathrow International Airport,09:30,41.00,2019-03-01,
3462,Mazda 3,Hatchback,London,2019-03-05,Gatwick International Airport,09:30,33.00,2019-03-01,
3463,Skoda Kodiaq,SUV,London,2019-03-05,Gatwick International Airport,09:30,42.00,2019-03-01,
3464,GMC Terrain,SUV,,2019-03-05,Heathrow International Airport,09:30,37.00,2019-03-01,False
3465,Citroen C5,SUV,Mexico City,2019-03-07,Benito Juarez International Airport,10:30,33.00,2019-03-03,
3466,Dodge Charger,Sedan,Mexico City,2019-03-07,Benito Juarez International Airport,10:30,22.00,2019-03-03,
3467,Fiat Panda,Hatchback,Mexico City,2019-03-07,Benito Juarez International Airport,10:30,21.00,2019-03-03,
3468,GMC Terrain,SUV,Mexico City,2019-03-07,Benito Juarez International Airport,10:30,32.00,2019-03-03,
3469,Hyundai Ioniq,Sedan,Mexico City,2019-03-07,Benito Juarez International Airport,10:30,22.00,2019-03-03,
3470,Jaguar F-Pace,SUV,Mexico City,2019-03-07,Estacion Buenavista,10:30,30.00,2019-03-03,
3471,Lexus GS,Sedan,Mexico City,2019-03-07,Estacion Buenavista,10:30,21.00,2019-03-03,
3472,Mazda 3,Hatchback,Mexico City,2019-03-07,Estacion Buenavista,10:30,16.00,2019-03-03,
3473,Mazda CX-5,SUV,Mexico City,2019-03-07,Benito Juarez International Airport,10:30,33.00,2019-03-03,
3474,Mitsubishi Outlander,SUV,Mexico City,2019-03-07,Estacion Buenavista,10:30,35.00,2019-03-03,
3475,Mazda CX-5,SUV,,2019-03-07,Benito Juarez International Airport,10:30,33.00,2019-03-03,False
3476,Audi A8,Sedan,Delhi,2019-03-06,Indira Gandhi International Airport,17:00,32.00,2019-03-04,
3477,Fiat Panda,Hatchback,Delhi,2019-03-06,Indira Gandhi International Airport,17:00,21.00,2019-03-04,
3478,Ford Focus,Hatchback,Delhi,2019-03-06,Indira Gandhi International Airport,17:00,28.00,2019-03-04,
3479,Renault Clio,Hatchback,Delhi,2019-03-06,Indira Gandhi International Airport,17:00,29.00,2019-03-04,
3480,SEAT Cordoba,Sedan,Delhi,2019-03-06,Indira Gandhi International Airport,17:00,34.00,2019-03-04,
3481,SEAT Leon,Hatchback,Delhi,2019-03-06,Indira Gandhi International Airport,17:00,26.00,2019-03-04,
3482,Suzuki Grand Vitara,SUV,Delhi,2019-03-06,Indira Gandhi International Airport,17:00,40.00,2019-03-04,
3483,Volvo S90,Sedan,Delhi,2019-03-06,Indira Gandhi International Airport,17:00,31.00,2019-03-04,
3484,Volvo S90,Sedan,,2019-03-06,Indira Gandhi International Airport,17:00,31.00,2019-03-04,False
3485,Audi A8,Sedan,London,2019-03-05,Heathrow International Airport,15:30,37.00,2019-03-04,
3486,Buick Regal Sportback,Sedan,London,2019-03-05,Gatwick International Airport,15:30,31.00,2019-03-04,
3487,Citroen C5,SUV,London,2019-03-05,Heathrow International Airport,15:30,55.00,2019-03-04,
3488,Dacia Duster,SUV,London,2019-03-05,Heathrow International Airport,15:30,35.00,2019-03-04,
3489,Fiat Panda,Hatchback,London,2019-03-05,Heathrow International Airport,15:30,27.00,2019-03-04,
3490,Ford Focus,Hatchback,London,2019-03-05,Gatwick International Airport,15:30,27.00,2019-03-04,
3491,GMC Terrain,SUV,London,2019-03-05,Heathrow International Airport,15:30,36.00,2019-03-04,
3492,Hyundai Ioniq,Sedan,London,2019-03-05,Gatwick International Airport,15:30,34.00,2019-03-04,
3493,Lexus GS,Sedan,London,2019-03-05,Heathrow International Airport,15:30,36.00,2019-03-04,
3494,Mazda 3,Hatchback,London,2019-03-05,Gatwick International Airport,15:30,29.00,2019-03-04,
3495,Volvo S90,Sedan,,2019-03-05,Heathrow International Airport,15:30,30.00,2019-03-04,False
3496,Hyundai Ioniq,Sedan,San Diego,2019-03-11,Santa Fe Depot,18:00,30.00,2019-03-07,
3497,Jaguar F-Pace,SUV,San Diego,2019-03-11,Santa Fe Depot,18:00,39.00,2019-03-07,
3498,SEAT Cordoba,Sedan,San Diego,2019-03-11,Santa Fe Depot,18:00,33.00,2019-03-07,
3499,SEAT Leon,Hatchback,San Diego,2019-03-11,Santa Fe Depot,18:00,26.00,2019-03-07,
3500,Skoda Octavia,Sedan,San Diego,2019-03-11,Santa Fe Depot,18:00,31.00,2019-03-07,
3501,Vauxhaull Astra,Hatchback,San Diego,2019-03-11,Santa Fe Depot,18:00,26.00,2019-03-07,
3502,Hyundai Ioniq,Sedan,San Diego,2019-03-02,Santa Fe Depot,18:00,35.00,2019-03-01,
3503,Jaguar F-Pace,SUV,San Diego,2019-03-02,Santa Fe Depot,18:00,37.00,2019-03-01,
3504,SEAT Cordoba,Sedan,San Diego,2019-03-02,Santa Fe Depot,18:00,29.00,2019-03-01,
3505,SEAT Leon,Hatchback,San Diego,2019-03-02,Santa Fe Depot,18:00,25.00,2019-03-01,
3506,Skoda Octavia,Sedan,San Diego,2019-03-02,Santa Fe Depot,18:00,28.00,2019-03-01,
3507,Vauxhaull Astra,Hatchback,San Diego,2019-03-02,Santa Fe Depot,18:00,23.00,2019-03-01,
3508,Jaguar F-Pace,SUV,,2019-03-02,Santa Fe Depot,18:00,37.00,2019-03-01,False
3509,Dodge Charger,Sedan,Chicago,2019-03-05,O'Hare International Airport,10:00,31.00,2019-03-03,
3510,Fiat Panda,Hatchback,Chicago,2019-03-05,O'Hare International Airport,10:00,24.00,2019-03-03,
3511,GMC Terrain,SUV,Chicago,2019-03-05,O'Hare International Airport,10:00,38.00,2019-03-03,
3512,SEAT Leon,Hatchback,Chicago,2019-03-05,O'Hare International Airport,10:00,26.00,2019-03-03,
3513,Skoda Kodiaq,SUV,Chicago,2019-03-05,O'Hare International Airport,10:00,39.00,2019-03-03,
3514,Subaru Impreza,Sedan,Chicago,2019-03-05,O'Hare International Airport,10:00,33.00,2019-03-03,
3515,Subaru Impreza,Sedan,,2019-03-05,O'Hare International Airport,10:00,33.00,2019-03-03,False
3516,Dacia Duster,SUV,Los Angeles,2019-03-02,LAX International Airport,19:30,44.00,2019-03-01,
3517,Fiat Panda,Hatchback,Los Angeles,2019-03-02,LAX International Airport,19:30,23.00,2019-03-01,
3518,Hyundai Ioniq,Sedan,Los Angeles,2019-03-02,LAX International Airport,19:30,30.00,2019-03-01,
3519,Nissan Qashqai,Hatchback,Los Angeles,2019-03-02,LAX International Airport,19:30,28.00,2019-03-01,
3520,Renault Clio,Hatchback,Los Angeles,2019-03-02,LAX International Airport,19:30,28.00,2019-03-01,
3521,Skoda Kodiaq,SUV,Los Angeles,2019-03-02,LAX International Airport,19:30,48.00,2019-03-01,
3522,Suzuki Grand Vitara,SUV,Los Angeles,2019-03-02,LAX International Airport,19:30,38.00,2019-03-01,
3523,Volvo S90,Sedan,Los Angeles,2019-03-02,LAX International Airport,19:30,39.00,2019-03-01,
3524,Buick Regal Sportback,Sedan,Sunnyvale,2019-03-02,Sunnyvale Caltrain Station,11:00,29.00,2019-03-01,
3525,Citroen C5,SUV,Sunnyvale,2019-03-02,Murphy and Evelyn,11:00,38.00,2019-03-01,
3526,Dodge Charger,Sedan,Sunnyvale,2019-03-02,Murphy and Evelyn,11:00,24.00,2019-03-01,
3527,Kia Ceed,Hatchback,Sunnyvale,2019-03-02,Sunnyvale Caltrain Station,11:00,17.00,2019-03-01,
3528,Lexus GS,Sedan,Sunnyvale,2019-03-02,Sunnyvale Caltrain Station,11:00,27.00,2019-03-01,
3529,Mazda CX-5,SUV,Sunnyvale,2019-03-02,Sunnyvale Caltrain Station,11:00,40.00,2019-03-01,
3530,Nissan Qashqai,Hatchback,Sunnyvale,2019-03-02,Murphy and Evelyn,11:00,24.00,2019-03-01,
3531,Peugeot 208,Hatchback,Sunnyvale,2019-03-02,Sunnyvale Caltrain Station,11:00,24.00,2019-03-01,
3532,SEAT Leon,Hatchback,Sunnyvale,2019-03-02,Sunnyvale Caltrain Station,11:00,25.00,2019-03-01,
3533,Skoda Kodiaq,SUV,Sunnyvale,2019-03-02,Murphy and Evelyn,11:00,37.00,2019-03-01,
3534,Skoda Kodiaq,SUV,,2019-03-02,Murphy and Evelyn,11:00,37.00,2019-03-01,False
3535,Alfa Romeo Stelvio,SUV,New York,2019-03-04,Port Authority Station,12:00,44.00,2019-03-01,
3536,Audi A8,Sedan,New York,2019-03-04,JFK International Airport,12:00,31.00,2019-03-01,
3537,Buick Regal Sportback,Sedan,New York,2019-03-04,JFK International Airport,12:00,35.00,2019-03-01,
3538,Dodge Charger,Sedan,New York,2019-03-04,Grand Central Station,12:00,30.00,2019-03-01,
3539,Hyundai Ioniq,Sedan,New York,2019-03-04,Port Authority Station,12:00,29.00,2019-03-01,
3540,Jaguar F-Pace,SUV,New York,2019-03-04,JFK International Airport,12:00,41.00,2019-03-01,
3541,Kia Ceed,Hatchback,New York,2019-03-04,Port Authority Station,12:00,26.00,2019-03-01,
3542,Lexus GS,Sedan,New York,2019-03-04,Port Authority Station,12:00,29.00,2019-03-01,
3543,Peugeot 208,Hatchback,New York,2019-03-04,JFK International Airport,12:00,29.00,2019-03-01,
3544,Renault Clio,Hatchback,New York,2019-03-04,Grand Central Station,12:00,25.00,2019-03-01,
3545,Suzuki Grand Vitara,SUV,,2019-03-04,Port Authority Station,12:00,42.00,2019-03-01,False
3546,Alfa Romeo Stelvio,SUV,Paris,2019-03-06,Orly International Airport,13:30,46.00,2019-03-02,
3547,Buick Regal Sportback,Sedan,Paris,2019-03-06,Charles de Gaulle International Airport,13:30,39.00,2019-03-02,
3548,Ford Focus,Hatchback,Paris,2019-03-06,Charles de Gaulle International Airport,13:30,29.00,2019-03-02,
3549,Kia Ceed,Hatchback,Paris,2019-03-06,Charles de Gaulle International Airport,13:30,28.00,2019-03-02,
3550,Mitsubishi Outlander,SUV,Paris,2019-03-06,Charles de Gaulle International Airport,13:30,49.00,2019-03-02,
3551,Peugeot 208,Hatchback,Paris,2019-03-06,Orly International Airport,13:30,28.00,2019-03-02,
3552,Renault Clio,Hatchback,Paris,2019-03-06,Charles de Gaulle International Airport,13:30,30.00,2019-03-02,
3553,SEAT Leon,Hatchback,Paris,2019-03-06,Orly International Airport,13:30,24.00,2019-03-02,
3554,Skoda Octavia,Sedan,Paris,2019-03-06,Orly International Airport,13:30,35.00,2019-03-02,
3555,Subaru Impreza,Sedan,Paris,2019-03-06,Charles de Gaulle International Airport,13:30,31.00,2019-03-02,
3556,Alfa Romeo Stelvio,SUV,,2019-03-06,Orly International Airport,13:30,62.00,2019-03-02,True
3557,Fiat Panda,Hatchback,Sydney,2019-03-07,Kingsford Smith International Airport,13:30,26.00,2019-03-03,
3558,Hyundai Ioniq,Sedan,Sydney,2019-03-07,Kingsford Smith International Airport,13:30,34.00,2019-03-03,
3559,Lexus GS,Sedan,Sydney,2019-03-07,Kingsford Smith International Airport,13:30,29.00,2019-03-03,
3560,Mazda 3,Hatchback,Sydney,2019-03-07,Kingsford Smith International Airport,13:30,22.00,2019-03-03,
3561,Peugeot 208,Hatchback,Sydney,2019-03-07,Kingsford Smith International Airport,13:30,27.00,2019-03-03,
3562,Skoda Kodiaq,SUV,Sydney,2019-03-07,Kingsford Smith International Airport,13:30,46.00,2019-03-03,
3563,Suzuki Grand Vitara,SUV,Sydney,2019-03-07,Kingsford Smith International Airport,13:30,42.00,2019-03-03,
3564,Vauxhaull Astra,Hatchback,Sydney,2019-03-07,Kingsford Smith International Airport,13:30,24.00,2019-03-03,
3565,Volvo S90,Sedan,Sydney,2019-03-07,Kingsford Smith International Airport,13:30,37.00,2019-03-03,
3566,Peugeot 208,Hatchback,,2019-03-07,Kingsford Smith International Airport,13:30,27.00,2019-03-03,False
3567,Alfa Romeo Stelvio,SUV,New York,2019-03-08,Port Authority Station,12:30,51.00,2019-03-04,
3568,Audi A8,Sedan,New York,2019-03-08,JFK International Airport,12:30,32.00,2019-03-04,
3569,Buick Regal Sportback,Sedan,New York,2019-03-08,JFK International Airport,12:30,30.00,2019-03-04,
3570,Dodge Charger,Sedan,New York,2019-03-08,Grand Central Station,12:30,23.00,2019-03-04,
3571,Hyundai Ioniq,Sedan,New York,2019-03-08,Port Authority Station,12:30,29.00,2019-03-04,
3572,Jaguar F-Pace,SUV,New York,2019-03-08,JFK International Airport,12:30,39.00,2019-03-04,
3573,Kia Ceed,Hatchback,New York,2019-03-08,Port Authority Station,12:30,24.00,2019-03-04,
3574,Lexus GS,Sedan,New York,2019-03-08,Port Authority Station,12:30,27.00,2019-03-04,
3575,Peugeot 208,Hatchback,New York,2019-03-08,JFK International Airport,12:30,27.00,2019-03-04,
3576,Renault Clio,Hatchback,New York,2019-03-08,Grand Central Station,12:30,24.00,2019-03-04,
3577,Suzuki Grand Vitara,SUV,,2019-03-08,Port Authority Station,12:30,55.00,2019-03-04,True
3578,Audi A8,Sedan,Seattle,2019-03-04,King Street Station,17:00,28.00,2019-03-03,
3579,Citroen C5,SUV,Seattle,2019-03-04,Seattle-Tacoma International Airport,17:00,46.00,2019-03-03,
3580,Dacia Duster,SUV,Seattle,2019-03-04,King Street Station,17:00,43.00,2019-03-03,
3581,Dodge Charger,Sedan,Seattle,2019-03-04,King Street Station,17:00,29.00,2019-03-03,
3582,GMC Terrain,SUV,Seattle,2019-03-04,Seattle-Tacoma International Airport,17:00,43.00,2019-03-03,
3583,Hyundai Ioniq,Sedan,Seattle,2019-03-04,Seattle-Tacoma International Airport,17:00,30.00,2019-03-03,
3584,Lexus GS,Sedan,Seattle,2019-03-04,Seattle-Tacoma International Airport,17:00,35.00,2019-03-03,
3585,Mazda 3,Hatchback,Seattle,2019-03-04,King Street Station,17:00,27.00,2019-03-03,
3586,Mitsubishi Outlander,SUV,Seattle,2019-03-04,King Street Station,17:00,40.00,2019-03-03,
3587,Nissan Qashqai,Hatchback,Seattle,2019-03-04,Seattle-Tacoma International Airport,17:00,26.00,2019-03-03,
3588,Audi A8,Sedan,,2019-03-04,King Street Station,17:00,28.00,2019-03-03,False
3589,Citroen C5,SUV,San Diego,2019-03-08,SAN International Airport,15:30,49.00,2019-03-06,
3590,Hyundai Ioniq,Sedan,San Diego,2019-03-08,Santa Fe Depot,15:30,28.00,2019-03-06,
3591,Jaguar F-Pace,SUV,San Diego,2019-03-08,Santa Fe Depot,15:30,40.00,2019-03-06,
3592,Lexus GS,Sedan,San Diego,2019-03-08,SAN International Airport,15:30,36.00,2019-03-06,
3593,Mazda 3,Hatchback,San Diego,2019-03-08,SAN International Airport,15:30,26.00,2019-03-06,
3594,Mitsubishi Outlander,SUV,San Diego,2019-03-08,SAN International Airport,15:30,49.00,2019-03-06,
3595,SEAT Cordoba,Sedan,San Diego,2019-03-08,Santa Fe Depot,15:30,33.00,2019-03-06,
3596,SEAT Leon,Hatchback,San Diego,2019-03-08,SAN International Airport,15:30,25.00,2019-03-06,
3597,Skoda Octavia,Sedan,San Diego,2019-03-08,SAN International Airport,15:30,32.00,2019-03-06,
3598,Vauxhaull Astra,Hatchback,San Diego,2019-03-08,SAN International Airport,15:30,25.00,2019-03-06,
3599,SEAT Cordoba,Sedan,,2019-03-08,Santa Fe Depot,15:30,33.00,2019-03-06,False
3600,Alfa Romeo Stelvio,SUV,Berlin,2019-03-14,Schoenefeld Airport,14:00,51.00,2019-03-09,
3601,Buick Regal Sportback,Sedan,Berlin,2019-03-14,Schoenefeld Airport,14:00,33.00,2019-03-09,
3602,Citroen C5,SUV,Berlin,2019-03-14,Schoenefeld Airport,14:00,47.00,2019-03-09,
3603,Dacia Duster,SUV,Berlin,2019-03-14,Schoenefeld Airport,14:00,43.00,2019-03-09,
3604,Dodge Charger,Sedan,Berlin,2019-03-14,Schoenefeld Airport,14:00,37.00,2019-03-09,
3605,Kia Ceed,Hatchback,Berlin,2019-03-14,Schoenefeld Airport,14:00,28.00,2019-03-09,
3606,Lexus GS,Sedan,Berlin,2019-03-14,Schoenefeld Airport,14:00,30.00,2019-03-09,
3607,Mazda 3,Hatchback,Berlin,2019-03-14,Tegel Airport,14:00,27.00,2019-03-09,
3608,Mazda CX-5,SUV,Berlin,2019-03-14,Tegel Airport,14:00,42.00,2019-03-09,
3609,Peugeot 208,Hatchback,Berlin,2019-03-14,Schoenefeld Airport,14:00,30.00,2019-03-09,
3610,Dacia Duster,SUV,,2019-03-14,Schoenefeld Airport,14:00,61.00,2019-03-09,True
3611,Audi A8,Sedan,London,2019-03-04,Heathrow International Airport,14:00,33.00,2019-03-01,
3612,Buick Regal Sportback,Sedan,London,2019-03-04,Gatwick International Airport,14:00,35.00,2019-03-01,
3613,Citroen C5,SUV,London,2019-03-04,Heathrow International Airport,14:00,49.00,2019-03-01,
3614,Dacia Duster,SUV,London,2019-03-04,Heathrow International Airport,14:00,43.00,2019-03-01,
3615,Fiat Panda,Hatchback,London,2019-03-04,Heathrow International Airport,14:00,27.00,2019-03-01,
3616,Ford Focus,Hatchback,London,2019-03-04,Gatwick International Airport,14:00,32.00,2019-03-01,
3617,GMC Terrain,SUV,London,2019-03-04,Heathrow International Airport,14:00,45.00,2019-03-01,
3618,Hyundai Ioniq,Sedan,London,2019-03-04,Gatwick International Airport,14:00,33.00,2019-03-01,
3619,Lexus GS,Sedan,London,2019-03-04,Heathrow International Airport,14:00,36.00,2019-03-01,
3620,Mazda 3,Hatchback,London,2019-03-04,Gatwick International Airport,14:00,33.00,2019-03-01,
3621,GMC Terrain,SUV,,2019-03-04,Heathrow International Airport,14:00,45.00,2019-03-01,False
3622,Dacia Duster,SUV,Los Angeles,2019-03-11,LAX International Airport,12:00,52.00,2019-03-08,
3623,Fiat Panda,Hatchback,Los Angeles,2019-03-11,LAX International Airport,12:00,28.00,2019-03-08,
3624,Hyundai Ioniq,Sedan,Los Angeles,2019-03-11,LAX International Airport,12:00,40.00,2019-03-08,
3625,Nissan Qashqai,Hatchback,Los Angeles,2019-03-11,LAX International Airport,12:00,23.00,2019-03-08,
3626,Renault Clio,Hatchback,Los Angeles,2019-03-11,LAX International Airport,12:00,25.00,2019-03-08,
3627,Skoda Kodiaq,SUV,Los Angeles,2019-03-11,LAX International Airport,12:00,38.00,2019-03-08,
3628,Suzuki Grand Vitara,SUV,Los Angeles,2019-03-11,LAX International Airport,12:00,42.00,2019-03-08,
3629,Volvo S90,Sedan,Los Angeles,2019-03-11,LAX International Airport,12:00,27.00,2019-03-08,
3630,Skoda Kodiaq,SUV,,2019-03-11,LAX International Airport,12:00,38.00,2019-03-08,False
3631,Audi A8,Sedan,San Francisco,2019-03-07,Salesforce Transit Center,15:00,32.00,2019-03-06,
3632,Buick Regal Sportback,Sedan,San Francisco,2019-03-07,Salesforce Transit Center,15:00,29.00,2019-03-06,
3633,Fiat Panda,Hatchback,San Francisco,2019-03-07,SFO International Airport,15:00,30.00,2019-03-06,
3634,GMC Terrain,SUV,San Francisco,2019-03-07,SFO International Airport,15:00,36.00,2019-03-06,
3635,Hyundai Ioniq,Sedan,San Francisco,2019-03-07,SFO International Airport,15:00,37.00,2019-03-06,
3636,Jaguar F-Pace,SUV,San Francisco,2019-03-07,Salesforce Transit Center,15:00,42.00,2019-03-06,
3637,Kia Ceed,Hatchback,San Francisco,2019-03-07,SFO International Airport,15:00,26.00,2019-03-06,
3638,Lexus GS,Sedan,San Francisco,2019-03-07,Salesforce Transit Center,15:00,36.00,2019-03-06,
3639,Mazda 3,Hatchback,San Francisco,2019-03-07,Salesforce Transit Center,15:00,30.00,2019-03-06,
3640,Mitsubishi Outlander,SUV,San Francisco,2019-03-07,SFO International Airport,15:00,49.00,2019-03-06,
3641,Renault Clio,Hatchback,San Francisco,2019-03-07,SFO International Airport,15:00,25.00,2019-03-06,
3642,SEAT Leon,Hatchback,San Francisco,2019-03-07,SFO International Airport,15:00,29.00,2019-03-06,
3643,Vauxhaull Astra,Hatchback,San Francisco,2019-03-07,Salesforce Transit Center,15:00,25.00,2019-03-06,
3644,Fiat Panda,Hatchback,,2019-03-07,SFO International Airport,15:00,40.00,2019-03-06,True
3645,Audi A8,Sedan,London,2019-03-09,Heathrow International Airport,18:00,32.00,2019-03-05,
3646,Citroen C5,SUV,London,2019-03-09,Heathrow International Airport,18:00,42.00,2019-03-05,
3647,Dacia Duster,SUV,London,2019-03-09,Heathrow International Airport,18:00,48.00,2019-03-05,
3648,Fiat Panda,Hatchback,London,2019-03-09,Heathrow International Airport,18:00,30.00,2019-03-05,
3649,GMC Terrain,SUV,London,2019-03-09,Heathrow International Airport,18:00,48.00,2019-03-05,
3650,Lexus GS,Sedan,London,2019-03-09,Heathrow International Airport,18:00,37.00,2019-03-05,
3651,Nissan Qashqai,Hatchback,London,2019-03-09,Heathrow International Airport,18:00,25.00,2019-03-05,
3652,SEAT Cordoba,Sedan,London,2019-03-09,Heathrow International Airport,18:00,38.00,2019-03-05,
3653,Volvo S90,Sedan,London,2019-03-09,Heathrow International Airport,18:00,29.00,2019-03-05,
3654,Peugeot 208,Hatchback,Fresno,2019-03-09,Fresno Yosemite International Airport,18:00,30.00,2019-03-05,
3655,Vauxhaull Astra,Hatchback,Fresno,2019-03-09,Fresno Yosemite International Airport,18:00,31.00,2019-03-05,
3656,Vauxhaull Astra,Hatchback,,2019-03-09,Fresno Yosemite International Airport,18:00,47.00,2019-03-05,True
3657,Alfa Romeo Stelvio,SUV,New York,2019-03-10,Port Authority Station,13:30,36.00,2019-03-07,
3658,Audi A8,Sedan,New York,2019-03-10,JFK International Airport,13:30,34.00,2019-03-07,
3659,Buick Regal Sportback,Sedan,New York,2019-03-10,JFK International Airport,13:30,35.00,2019-03-07,
3660,Dodge Charger,Sedan,New York,2019-03-10,Grand Central Station,13:30,31.00,2019-03-07,
3661,Hyundai Ioniq,Sedan,New York,2019-03-10,Port Authority Station,13:30,31.00,2019-03-07,
3662,Jaguar F-Pace,SUV,New York,2019-03-10,JFK International Airport,13:30,39.00,2019-03-07,
3663,Kia Ceed,Hatchback,New York,2019-03-10,Port Authority Station,13:30,29.00,2019-03-07,
3664,Lexus GS,Sedan,New York,2019-03-10,Port Authority Station,13:30,28.00,2019-03-07,
3665,Peugeot 208,Hatchback,New York,2019-03-10,JFK International Airport,13:30,24.00,2019-03-07,
3666,Renault Clio,Hatchback,New York,2019-03-10,Grand Central Station,13:30,23.00,2019-03-07,
3667,Suzuki Grand Vitara,SUV,,2019-03-10,Port Authority Station,13:30,40.00,2019-03-07,False
3668,Kia Ceed,Hatchback,New York,2019-03-11,Grand Central Station,14:00,25.00,2019-03-04,
3669,Peugeot 208,Hatchback,New York,2019-03-11,JFK International Airport,14:00,29.00,2019-03-04,
3670,Renault Clio,Hatchback,New York,2019-03-11,Grand Central Station,14:00,25.00,2019-03-04,
3671,Peugeot 208,Hatchback,,2019-03-11,JFK International Airport,14:00,29.00,2019-03-04,False
3672,Fiat Panda,Hatchback,London,2019-03-10,Heathrow International Airport,13:30,29.00,2019-03-08,
3673,Ford Focus,Hatchback,London,2019-03-10,Gatwick International Airport,13:30,30.00,2019-03-08,
3674,Mazda 3,Hatchback,London,2019-03-10,Gatwick International Airport,13:30,25.00,2019-03-08,
3675,Nissan Qashqai,Hatchback,London,2019-03-10,Heathrow International Airport,13:30,31.00,2019-03-08,
3676,Renault Clio,Hatchback,London,2019-03-10,Gatwick International Airport,13:30,28.00,2019-03-08,
3677,SEAT Leon,Hatchback,London,2019-03-10,Gatwick International Airport,13:30,28.00,2019-03-08,
3678,Nissan Qashqai,Hatchback,,2019-03-10,Heathrow International Airport,13:30,31.00,2019-03-08,False
3679,Kia Ceed,Hatchback,New York,2019-03-13,Port Authority Station,11:00,24.00,2019-03-10,
3680,Vauxhaull Astra,Hatchback,New York,2019-03-13,Port Authority Station,11:00,24.00,2019-03-10,
3681,Kia Ceed,Hatchback,,2019-03-13,Port Authority Station,11:00,24.00,2019-03-10,False
3682,Hyundai Ioniq,Sedan,Kuala Lumpur,2019-03-09,KLIA International Airport,15:00,20.00,2019-03-08,
3683,Volvo S90,Sedan,Kuala Lumpur,2019-03-09,KLIA International Airport,15:00,22.00,2019-03-08,
3684,Hyundai Ioniq,Sedan,,2019-03-09,KLIA International Airport,15:00,30.00,2019-03-08,True
3685,Alfa Romeo Stelvio,SUV,Berlin,2019-03-13,Schoenefeld Airport,20:00,37.00,2019-03-10,
3686,Buick Regal Sportback,Sedan,Berlin,2019-03-13,Schoenefeld Airport,20:00,31.00,2019-03-10,
3687,Citroen C5,SUV,Berlin,2019-03-13,Schoenefeld Airport,20:00,47.00,2019-03-10,
3688,Dacia Duster,SUV,Berlin,2019-03-13,Schoenefeld Airport,20:00,44.00,2019-03-10,
3689,Dodge Charger,Sedan,Berlin,2019-03-13,Schoenefeld Airport,20:00,28.00,2019-03-10,
3690,Kia Ceed,Hatchback,Berlin,2019-03-13,Schoenefeld Airport,20:00,33.00,2019-03-10,
3691,Lexus GS,Sedan,Berlin,2019-03-13,Schoenefeld Airport,20:00,31.00,2019-03-10,
3692,Peugeot 208,Hatchback,Berlin,2019-03-13,Schoenefeld Airport,20:00,28.00,2019-03-10,
3693,Renault Clio,Hatchback,Berlin,2019-03-13,Schoenefeld Airport,20:00,27.00,2019-03-10,
3694,SEAT Cordoba,Sedan,Berlin,2019-03-13,Schoenefeld Airport,20:00,38.00,2019-03-10,
3695,Dacia Duster,SUV,,2019-03-13,Schoenefeld Airport,20:00,44.00,2019-03-10,False
3696,Alfa Romeo Stelvio,SUV,Berlin,2019-03-04,Schoenefeld Airport,17:00,39.00,2019-03-01,
3697,Buick Regal Sportback,Sedan,Berlin,2019-03-04,Schoenefeld Airport,17:00,40.00,2019-03-01,
3698,Citroen C5,SUV,Berlin,2019-03-04,Schoenefeld Airport,17:00,38.00,2019-03-01,
3699,Dacia Duster,SUV,Berlin,2019-03-04,Tegel Airport,17:00,45.00,2019-03-01,
3700,Dodge Charger,Sedan,Berlin,2019-03-04,Schoenefeld Airport,17:00,29.00,2019-03-01,
3701,Kia Ceed,Hatchback,Berlin,2019-03-04,Schoenefeld Airport,17:00,28.00,2019-03-01,
3702,Lexus GS,Sedan,Berlin,2019-03-04,Schoenefeld Airport,17:00,38.00,2019-03-01,
3703,Mazda 3,Hatchback,Berlin,2019-03-04,Tegel Airport,17:00,26.00,2019-03-01,
3704,Mazda CX-5,SUV,Berlin,2019-03-04,Tegel Airport,17:00,46.00,2019-03-01,
3705,Peugeot 208,Hatchback,Berlin,2019-03-04,Schoenefeld Airport,17:00,27.00,2019-03-01,
3706,Dacia Duster,SUV,,2019-03-04,Schoenefeld Airport,17:00,55.00,2019-03-01,True
3707,Dodge Charger,Sedan,Chicago,2019-03-14,O'Hare International Airport,13:30,39.00,2019-03-11,
3708,Subaru Impreza,Sedan,Chicago,2019-03-14,O'Hare International Airport,13:30,42.00,2019-03-11,
3709,Volvo S90,Sedan,Chicago,2019-03-14,Chicago Union Station,13:30,31.00,2019-03-11,
3710,Subaru Impreza,Sedan,,2019-03-14,O'Hare International Airport,13:30,42.00,2019-03-11,False
3711,Audi A8,Sedan,London,2019-03-03,Heathrow International Airport,13:30,38.00,2019-03-01,
3712,Buick Regal Sportback,Sedan,London,2019-03-03,Gatwick International Airport,13:30,27.00,2019-03-01,
3713,Citroen C5,SUV,London,2019-03-03,Heathrow International Airport,13:30,42.00,2019-03-01,
3714,Dacia Duster,SUV,London,2019-03-03,Heathrow International Airport,13:30,44.00,2019-03-01,
3715,Fiat Panda,Hatchback,London,2019-03-03,Heathrow International Airport,13:30,28.00,2019-03-01,
3716,Ford Focus,Hatchback,London,2019-03-03,Gatwick International Airport,13:30,30.00,2019-03-01,
3717,GMC Terrain,SUV,London,2019-03-03,Heathrow International Airport,13:30,48.00,2019-03-01,
3718,Hyundai Ioniq,Sedan,London,2019-03-03,Gatwick International Airport,13:30,36.00,2019-03-01,
3719,Lexus GS,Sedan,London,2019-03-03,Heathrow International Airport,13:30,28.00,2019-03-01,
3720,Mazda 3,Hatchback,London,2019-03-03,Gatwick International Airport,13:30,24.00,2019-03-01,
3721,Volvo S90,Sedan,,2019-03-03,Heathrow International Airport,13:30,33.00,2019-03-01,False
3722,Audi A8,Sedan,London,2019-03-12,Heathrow International Airport,13:30,35.00,2019-03-10,
3723,Buick Regal Sportback,Sedan,London,2019-03-12,Gatwick International Airport,13:30,26.00,2019-03-10,
3724,Hyundai Ioniq,Sedan,London,2019-03-12,Gatwick International Airport,13:30,30.00,2019-03-10,
3725,Lexus GS,Sedan,London,2019-03-12,Heathrow International Airport,13:30,37.00,2019-03-10,
3726,SEAT Cordoba,Sedan,London,2019-03-12,Heathrow International Airport,13:30,34.00,2019-03-10,
3727,Volvo S90,Sedan,London,2019-03-12,Heathrow International Airport,13:30,33.00,2019-03-10,
3728,Dodge Charger,Sedan,Fresno,2019-03-12,Fresno Yosemite International Airport,13:30,36.00,2019-03-10,
3729,Lexus GS,Sedan,Fresno,2019-03-12,Fresno Station,13:30,31.00,2019-03-10,
3730,SEAT Cordoba,Sedan,Fresno,2019-03-12,Fresno Yosemite International Airport,13:30,32.00,2019-03-10,
3731,Skoda Octavia,Sedan,Fresno,2019-03-12,Fresno Yosemite International Airport,13:30,29.00,2019-03-10,
3732,Ford Focus,Hatchback,Fresno,2019-03-12,Fresno Station,13:30,23.00,2019-03-10,
3733,Kia Ceed,Hatchback,Fresno,2019-03-12,Fresno Station,13:30,24.00,2019-03-10,
3734,Peugeot 208,Hatchback,Fresno,2019-03-12,Fresno Yosemite International Airport,13:30,30.00,2019-03-10,
3735,SEAT Leon,Hatchback,Fresno,2019-03-12,Fresno Station,13:30,24.00,2019-03-10,
3736,Vauxhaull Astra,Hatchback,Fresno,2019-03-12,Fresno Yosemite International Airport,13:30,29.00,2019-03-10,
3737,Kia Ceed,Hatchback,,2019-03-12,Fresno Station,13:30,36.00,2019-03-10,True
3738,Audi A8,Sedan,Seattle,2019-03-06,King Street Station,15:00,32.00,2019-03-02,
3739,Citroen C5,SUV,Seattle,2019-03-06,Seattle-Tacoma International Airport,15:00,43.00,2019-03-02,
3740,Dacia Duster,SUV,Seattle,2019-03-06,King Street Station,15:00,41.00,2019-03-02,
3741,Dodge Charger,Sedan,Seattle,2019-03-06,King Street Station,15:00,31.00,2019-03-02,
3742,GMC Terrain,SUV,Seattle,2019-03-06,Seattle-Tacoma International Airport,15:00,33.00,2019-03-02,
3743,Hyundai Ioniq,Sedan,Seattle,2019-03-06,Seattle-Tacoma International Airport,15:00,40.00,2019-03-02,
3744,Lexus GS,Sedan,Seattle,2019-03-06,Seattle-Tacoma International Airport,15:00,30.00,2019-03-02,
3745,Mazda 3,Hatchback,Seattle,2019-03-06,King Street Station,15:00,28.00,2019-03-02,
3746,Mitsubishi Outlander,SUV,Seattle,2019-03-06,King Street Station,15:00,42.00,2019-03-02,
3747,Nissan Qashqai,Hatchback,Seattle,2019-03-06,Seattle-Tacoma International Airport,15:00,29.00,2019-03-02,
3748,Audi A8,Sedan,,2019-03-06,King Street Station,15:00,32.00,2019-03-02,False
3749,Audi A8,Sedan,London,2019-03-12,Heathrow International Airport,12:30,35.00,2019-03-09,
3750,Buick Regal Sportback,Sedan,London,2019-03-12,Gatwick International Airport,12:30,36.00,2019-03-09,
3751,Citroen C5,SUV,London,2019-03-12,Heathrow International Airport,12:30,43.00,2019-03-09,
3752,Dacia Duster,SUV,London,2019-03-12,Heathrow International Airport,12:30,50.00,2019-03-09,
3753,Fiat Panda,Hatchback,London,2019-03-12,Heathrow International Airport,12:30,31.00,2019-03-09,
3754,Ford Focus,Hatchback,London,2019-03-12,Gatwick International Airport,12:30,24.00,2019-03-09,
3755,GMC Terrain,SUV,London,2019-03-12,Heathrow International Airport,12:30,46.00,2019-03-09,
3756,Hyundai Ioniq,Sedan,London,2019-03-12,Gatwick International Airport,12:30,35.00,2019-03-09,
3757,Lexus GS,Sedan,London,2019-03-12,Heathrow International Airport,12:30,35.00,2019-03-09,
3758,Mazda 3,Hatchback,London,2019-03-12,Gatwick International Airport,12:30,29.00,2019-03-09,
3759,Volvo S90,Sedan,,2019-03-12,Heathrow International Airport,12:30,48.00,2019-03-09,True
3760,Alfa Romeo Stelvio,SUV,New York,2019-03-07,Port Authority Station,12:00,34.00,2019-03-02,
3761,Buick Regal Sportback,Sedan,New York,2019-03-07,JFK International Airport,12:00,34.00,2019-03-02,
3762,Hyundai Ioniq,Sedan,New York,2019-03-07,Port Authority Station,12:00,31.00,2019-03-02,
3763,Kia Ceed,Hatchback,New York,2019-03-07,Port Authority Station,12:00,25.00,2019-03-02,
3764,Lexus GS,Sedan,New York,2019-03-07,Port Authority Station,12:00,29.00,2019-03-02,
3765,SEAT Cordoba,Sedan,New York,2019-03-07,Grand Central Station,12:00,28.00,2019-03-02,
3766,Skoda Kodiaq,SUV,New York,2019-03-07,JFK International Airport,12:00,43.00,2019-03-02,
3767,Skoda Octavia,Sedan,New York,2019-03-07,Port Authority Station,12:00,31.00,2019-03-02,
3768,Subaru Impreza,Sedan,New York,2019-03-07,Grand Central Station,12:00,30.00,2019-03-02,
3769,Suzuki Grand Vitara,SUV,New York,2019-03-07,Port Authority Station,12:00,32.00,2019-03-02,
3770,Kia Ceed,Hatchback,New York,2019-03-03,Port Authority Station,12:00,23.00,2019-03-02,
3771,Peugeot 208,Hatchback,New York,2019-03-03,JFK International Airport,12:00,26.00,2019-03-02,
3772,Renault Clio,Hatchback,New York,2019-03-03,Grand Central Station,12:00,22.00,2019-03-02,
3773,Vauxhaull Astra,Hatchback,New York,2019-03-03,Port Authority Station,12:00,32.00,2019-03-02,
3774,Kia Ceed,Hatchback,,2019-03-03,Port Authority Station,12:00,33.00,2019-03-02,True
3775,Fiat Panda,Hatchback,Sydney,2019-03-05,Kingsford Smith International Airport,13:30,27.00,2019-03-04,
3776,Hyundai Ioniq,Sedan,Sydney,2019-03-05,Kingsford Smith International Airport,13:30,30.00,2019-03-04,
3777,Lexus GS,Sedan,Sydney,2019-03-05,Kingsford Smith International Airport,13:30,33.00,2019-03-04,
3778,Mazda 3,Hatchback,Sydney,2019-03-05,Kingsford Smith International Airport,13:30,33.00,2019-03-04,
3779,Peugeot 208,Hatchback,Sydney,2019-03-05,Kingsford Smith International Airport,13:30,26.00,2019-03-04,
3780,Skoda Kodiaq,SUV,Sydney,2019-03-05,Kingsford Smith International Airport,13:30,35.00,2019-03-04,
3781,Suzuki Grand Vitara,SUV,Sydney,2019-03-05,Kingsford Smith International Airport,13:30,47.00,2019-03-04,
3782,Vauxhaull Astra,Hatchback,Sydney,2019-03-05,Kingsford Smith International Airport,13:30,37.00,2019-03-04,
3783,Volvo S90,Sedan,Sydney,2019-03-05,Kingsford Smith International Airport,13:30,37.00,2019-03-04,
3784,Lexus GS,Sedan,,2019-03-05,Kingsford Smith International Airport,13:30,43.00,2019-03-04,True
3785,Audi A8,Sedan,New York,2019-03-08,JFK International Airport,12:30,36.00,2019-03-05,
3786,Buick Regal Sportback,Sedan,New York,2019-03-08,JFK International Airport,12:30,32.00,2019-03-05,
3787,Dodge Charger,Sedan,New York,2019-03-08,Grand Central Station,12:30,27.00,2019-03-05,
3788,Hyundai Ioniq,Sedan,New York,2019-03-08,Port Authority Station,12:30,26.00,2019-03-05,
3789,Lexus GS,Sedan,New York,2019-03-08,Port Authority Station,12:30,33.00,2019-03-05,
3790,SEAT Cordoba,Sedan,New York,2019-03-08,Grand Central Station,12:30,37.00,2019-03-05,
3791,Skoda Octavia,Sedan,New York,2019-03-08,Port Authority Station,12:30,30.00,2019-03-05,
3792,Subaru Impreza,Sedan,New York,2019-03-08,Grand Central Station,12:30,33.00,2019-03-05,
3793,Lexus GS,Sedan,,2019-03-08,JFK International Airport,12:30,33.00,2019-03-05,False
3794,Audi A8,Sedan,London,2019-03-10,Heathrow International Airport,11:00,32.00,2019-03-07,
3795,Buick Regal Sportback,Sedan,London,2019-03-10,Gatwick International Airport,11:00,36.00,2019-03-07,
3796,Citroen C5,SUV,London,2019-03-10,Heathrow International Airport,11:00,46.00,2019-03-07,
3797,Dacia Duster,SUV,London,2019-03-10,Heathrow International Airport,11:00,42.00,2019-03-07,
3798,Fiat Panda,Hatchback,London,2019-03-10,Heathrow International Airport,11:00,30.00,2019-03-07,
3799,Ford Focus,Hatchback,London,2019-03-10,Gatwick International Airport,11:00,27.00,2019-03-07,
3800,GMC Terrain,SUV,London,2019-03-10,Heathrow International Airport,11:00,37.00,2019-03-07,
3801,Hyundai Ioniq,Sedan,London,2019-03-10,Gatwick International Airport,11:00,35.00,2019-03-07,
3802,Lexus GS,Sedan,London,2019-03-10,Heathrow International Airport,11:00,33.00,2019-03-07,
3803,Mazda 3,Hatchback,London,2019-03-10,Gatwick International Airport,11:00,29.00,2019-03-07,
3804,Volvo S90,Sedan,,2019-03-10,Heathrow International Airport,11:00,36.00,2019-03-07,False
3805,Alfa Romeo Stelvio,SUV,New York,2019-03-06,Port Authority Station,16:30,40.00,2019-03-02,
3806,Audi A8,Sedan,New York,2019-03-06,JFK International Airport,16:30,29.00,2019-03-02,
3807,Buick Regal Sportback,Sedan,New York,2019-03-06,JFK International Airport,16:30,31.00,2019-03-02,
3808,Dodge Charger,Sedan,New York,2019-03-06,Grand Central Station,16:30,32.00,2019-03-02,
3809,Hyundai Ioniq,Sedan,New York,2019-03-06,Port Authority Station,16:30,39.00,2019-03-02,
3810,Jaguar F-Pace,SUV,New York,2019-03-06,JFK International Airport,16:30,45.00,2019-03-02,
3811,Kia Ceed,Hatchback,New York,2019-03-06,Port Authority Station,16:30,22.00,2019-03-02,
3812,Lexus GS,Sedan,New York,2019-03-06,Port Authority Station,16:30,35.00,2019-03-02,
3813,Peugeot 208,Hatchback,New York,2019-03-06,JFK International Airport,16:30,25.00,2019-03-02,
3814,Renault Clio,Hatchback,New York,2019-03-06,Grand Central Station,16:30,24.00,2019-03-02,
3815,Lexus GS,Sedan,,2019-03-06,JFK International Airport,16:30,33.00,2019-03-02,False
3816,Audi A8,Sedan,New York,2019-03-03,JFK International Airport,14:00,32.00,2019-03-01,
3817,Buick Regal Sportback,Sedan,New York,2019-03-03,JFK International Airport,14:00,34.00,2019-03-01,
3818,Dodge Charger,Sedan,New York,2019-03-03,Grand Central Station,14:00,31.00,2019-03-01,
3819,Hyundai Ioniq,Sedan,New York,2019-03-03,Port Authority Station,14:00,30.00,2019-03-01,
3820,Lexus GS,Sedan,New York,2019-03-03,Port Authority Station,14:00,28.00,2019-03-01,
3821,SEAT Cordoba,Sedan,New York,2019-03-03,Grand Central Station,14:00,34.00,2019-03-01,
3822,Skoda Octavia,Sedan,New York,2019-03-03,Port Authority Station,14:00,29.00,2019-03-01,
3823,Subaru Impreza,Sedan,New York,2019-03-03,Grand Central Station,14:00,27.00,2019-03-01,
3824,Lexus GS,Sedan,,2019-03-03,JFK International Airport,14:00,29.00,2019-03-01,False
3825,Hyundai Ioniq,Sedan,San Diego,2019-03-05,Santa Fe Depot,18:00,32.00,2019-03-03,
3826,Jaguar F-Pace,SUV,San Diego,2019-03-05,Santa Fe Depot,18:00,38.00,2019-03-03,
3827,SEAT Cordoba,Sedan,San Diego,2019-03-05,Santa Fe Depot,18:00,30.00,2019-03-03,
3828,SEAT Leon,Hatchback,San Diego,2019-03-05,Santa Fe Depot,18:00,28.00,2019-03-03,
3829,Skoda Octavia,Sedan,San Diego,2019-03-05,Santa Fe Depot,18:00,31.00,2019-03-03,
3830,Vauxhaull Astra,Hatchback,San Diego,2019-03-05,Santa Fe Depot,18:00,27.00,2019-03-03,
3831,Mazda 3,Hatchback,San Diego,2019-03-05,SAN International Airport,15:00,29.00,2019-03-03,
3832,SEAT Leon,Hatchback,San Diego,2019-03-05,SAN International Airport,15:00,29.00,2019-03-03,
3833,Vauxhaull Astra,Hatchback,San Diego,2019-03-05,SAN International Airport,15:00,28.00,2019-03-03,
3834,Vauxhaull Astra,Hatchback,,2019-03-05,SAN International Airport,15:00,28.00,2019-03-03,False
3835,Audi A8,Sedan,London,2019-03-12,Heathrow International Airport,14:00,32.00,2019-03-08,
3836,Buick Regal Sportback,Sedan,London,2019-03-12,Gatwick International Airport,14:00,34.00,2019-03-08,
3837,Citroen C5,SUV,London,2019-03-12,Heathrow International Airport,14:00,49.00,2019-03-08,
3838,Dacia Duster,SUV,London,2019-03-12,Heathrow International Airport,14:00,43.00,2019-03-08,
3839,Fiat Panda,Hatchback,London,2019-03-12,Heathrow International Airport,14:00,29.00,2019-03-08,
3840,Ford Focus,Hatchback,London,2019-03-12,Gatwick International Airport,14:00,29.00,2019-03-08,
3841,GMC Terrain,SUV,London,2019-03-12,Heathrow International Airport,14:00,46.00,2019-03-08,
3842,Hyundai Ioniq,Sedan,London,2019-03-12,Gatwick International Airport,14:00,33.00,2019-03-08,
3843,Lexus GS,Sedan,London,2019-03-12,Heathrow International Airport,14:00,33.00,2019-03-08,
3844,Mazda 3,Hatchback,London,2019-03-12,Gatwick International Airport,14:00,24.00,2019-03-08,
3845,Volvo S90,Sedan,,2019-03-12,Heathrow International Airport,14:00,28.00,2019-03-08,False
3846,Fiat Panda,Hatchback,London,2019-03-03,Heathrow International Airport,12:30,28.00,2019-03-01,
3847,Ford Focus,Hatchback,London,2019-03-03,Gatwick International Airport,12:30,30.00,2019-03-01,
3848,Mazda 3,Hatchback,London,2019-03-03,Gatwick International Airport,12:30,24.00,2019-03-01,
3849,Nissan Qashqai,Hatchback,London,2019-03-03,Heathrow International Airport,12:30,28.00,2019-03-01,
3850,Renault Clio,Hatchback,London,2019-03-03,Gatwick International Airport,12:30,26.00,2019-03-01,
3851,SEAT Leon,Hatchback,London,2019-03-03,Gatwick International Airport,12:30,24.00,2019-03-01,
3852,Nissan Qashqai,Hatchback,,2019-03-03,Heathrow International Airport,12:30,40.00,2019-03-01,True
3853,Citroen C5,SUV,Mexico City,2019-03-02,Benito Juarez International Airport,15:00,34.00,2019-03-01,
3854,Dodge Charger,Sedan,Mexico City,2019-03-02,Benito Juarez International Airport,15:00,20.00,2019-03-01,
3855,Fiat Panda,Hatchback,Mexico City,2019-03-02,Benito Juarez International Airport,15:00,18.00,2019-03-01,
3856,GMC Terrain,SUV,Mexico City,2019-03-02,Benito Juarez International Airport,15:00,37.00,2019-03-01,
3857,Hyundai Ioniq,Sedan,Mexico City,2019-03-02,Benito Juarez International Airport,15:00,22.00,2019-03-01,
3858,Jaguar F-Pace,SUV,Mexico City,2019-03-02,Estacion Buenavista,15:00,30.00,2019-03-01,
3859,Lexus GS,Sedan,Mexico City,2019-03-02,Estacion Buenavista,15:00,20.00,2019-03-01,
3860,Mazda 3,Hatchback,Mexico City,2019-03-02,Estacion Buenavista,15:00,15.00,2019-03-01,
3861,Mazda CX-5,SUV,Mexico City,2019-03-02,Benito Juarez International Airport,15:00,37.00,2019-03-01,
3862,Mitsubishi Outlander,SUV,Mexico City,2019-03-02,Estacion Buenavista,15:00,33.00,2019-03-01,
3863,Audi A8,Sedan,London,2019-03-02,Heathrow International Airport,15:00,25.00,2019-03-01,
3864,Buick Regal Sportback,Sedan,London,2019-03-02,Gatwick International Airport,15:00,32.00,2019-03-01,
3865,Citroen C5,SUV,London,2019-03-02,Heathrow International Airport,15:00,49.00,2019-03-01,
3866,Dacia Duster,SUV,London,2019-03-02,Heathrow International Airport,15:00,44.00,2019-03-01,
3867,Fiat Panda,Hatchback,London,2019-03-02,Heathrow International Airport,15:00,24.00,2019-03-01,
3868,Ford Focus,Hatchback,London,2019-03-02,Gatwick International Airport,15:00,23.00,2019-03-01,
3869,GMC Terrain,SUV,London,2019-03-02,Heathrow International Airport,15:00,45.00,2019-03-01,
3870,Hyundai Ioniq,Sedan,London,2019-03-02,Gatwick International Airport,15:00,30.00,2019-03-01,
3871,Lexus GS,Sedan,London,2019-03-02,Heathrow International Airport,15:00,29.00,2019-03-01,
3872,Mazda 3,Hatchback,London,2019-03-02,Gatwick International Airport,15:00,26.00,2019-03-01,
3873,Volvo S90,Sedan,,2019-03-02,Heathrow International Airport,15:00,27.00,2019-03-01,False
3874,Alfa Romeo Stelvio,SUV,New York,2019-03-14,JFK International Airport,18:00,50.00,2019-03-09,
3875,Audi A8,Sedan,New York,2019-03-14,JFK International Airport,18:00,39.00,2019-03-09,
3876,Buick Regal Sportback,Sedan,New York,2019-03-14,JFK International Airport,18:00,36.00,2019-03-09,
3877,Hyundai Ioniq,Sedan,New York,2019-03-14,JFK International Airport,18:00,36.00,2019-03-09,
3878,Jaguar F-Pace,SUV,New York,2019-03-14,JFK International Airport,18:00,41.00,2019-03-09,
3879,Kia Ceed,Hatchback,New York,2019-03-14,JFK International Airport,18:00,27.00,2019-03-09,
3880,Lexus GS,Sedan,New York,2019-03-14,JFK International Airport,18:00,38.00,2019-03-09,
3881,Peugeot 208,Hatchback,New York,2019-03-14,JFK International Airport,18:00,27.00,2019-03-09,
3882,Vauxhaull Astra,Hatchback,New York,2019-03-14,JFK International Airport,18:00,29.00,2019-03-09,
3883,Jaguar F-Pace,SUV,,2019-03-14,JFK International Airport,18:00,41.00,2019-03-09,False
3884,Buick Regal Sportback,Sedan,Toronto,2019-03-10,Toronto Pearson International Airport,19:30,33.00,2019-03-08,
3885,Dacia Duster,SUV,Toronto,2019-03-10,Toronto Pearson International Airport,19:30,36.00,2019-03-08,
3886,GMC Terrain,SUV,Toronto,2019-03-10,Toronto Pearson International Airport,19:30,39.00,2019-03-08,
3887,Hyundai Ioniq,Sedan,Toronto,2019-03-10,Toronto Pearson International Airport,19:30,34.00,2019-03-08,
3888,Jaguar F-Pace,SUV,Toronto,2019-03-10,Toronto Pearson International Airport,19:30,41.00,2019-03-08,
3889,Kia Ceed,Hatchback,Toronto,2019-03-10,Toronto Pearson International Airport,19:30,30.00,2019-03-08,
3890,Mazda 3,Hatchback,Toronto,2019-03-10,Toronto Pearson International Airport,19:30,35.00,2019-03-08,
3891,Peugeot 208,Hatchback,Toronto,2019-03-10,Toronto Pearson International Airport,19:30,29.00,2019-03-08,
3892,SEAT Cordoba,Sedan,Toronto,2019-03-10,Toronto Pearson International Airport,19:30,34.00,2019-03-08,
3893,Skoda Octavia,Sedan,Toronto,2019-03-10,Toronto Pearson International Airport,19:30,37.00,2019-03-08,
3894,SEAT Cordoba,Sedan,,2019-03-10,Toronto Pearson International Airport,19:30,46.00,2019-03-08,True
3895,Buick Regal Sportback,Sedan,Toronto,2019-03-08,Toronto Pearson International Airport,15:30,36.00,2019-03-05,
3896,Dacia Duster,SUV,Toronto,2019-03-08,Toronto Pearson International Airport,15:30,52.00,2019-03-05,
3897,GMC Terrain,SUV,Toronto,2019-03-08,Toronto Pearson International Airport,15:30,39.00,2019-03-05,
3898,Hyundai Ioniq,Sedan,Toronto,2019-03-08,Toronto Pearson International Airport,15:30,33.00,2019-03-05,
3899,Jaguar F-Pace,SUV,Toronto,2019-03-08,Toronto Pearson International Airport,15:30,38.00,2019-03-05,
3900,Kia Ceed,Hatchback,Toronto,2019-03-08,Toronto Pearson International Airport,15:30,30.00,2019-03-05,
3901,Mazda 3,Hatchback,Toronto,2019-03-08,Toronto Pearson International Airport,15:30,24.00,2019-03-05,
3902,Peugeot 208,Hatchback,Toronto,2019-03-08,Toronto Pearson International Airport,15:30,25.00,2019-03-05,
3903,SEAT Cordoba,Sedan,Toronto,2019-03-08,Toronto Pearson International Airport,15:30,45.00,2019-03-05,
3904,Skoda Octavia,Sedan,Toronto,2019-03-08,Toronto Pearson International Airport,15:30,32.00,2019-03-05,
3905,SEAT Cordoba,Sedan,,2019-03-08,Toronto Pearson International Airport,15:30,45.00,2019-03-05,False
3906,Buick Regal Sportback,Sedan,Rio de Janeiro,2019-03-08,Galeao International Airport,11:00,35.00,2019-03-01,
3907,Skoda Kodiaq,SUV,Rio de Janeiro,2019-03-08,Galeao International Airport,11:00,45.00,2019-03-01,
3908,Buick Regal Sportback,Sedan,,2019-03-08,Galeao International Airport,11:00,35.00,2019-03-01,False
3909,Dodge Charger,Sedan,Mexico City,2019-03-13,Benito Juarez International Airport,14:00,21.00,2019-03-08,
3910,Skoda Octavia,Sedan,Mexico City,2019-03-13,Benito Juarez International Airport,14:00,22.00,2019-03-08,
3911,Subaru Impreza,Sedan,Mexico City,2019-03-13,Benito Juarez International Airport,14:00,25.00,2019-03-08,
3912,Volvo S90,Sedan,Mexico City,2019-03-13,Estacion Buenavista,14:00,19.00,2019-03-08,
3913,Dodge Charger,Sedan,,2019-03-13,Benito Juarez International Airport,14:00,21.00,2019-03-08,False
3914,Buick Regal Sportback,Sedan,Toronto,2019-03-12,Toronto Pearson International Airport,14:00,35.00,2019-03-07,
3915,Dacia Duster,SUV,Toronto,2019-03-12,Toronto Pearson International Airport,14:00,45.00,2019-03-07,
3916,GMC Terrain,SUV,Toronto,2019-03-12,Toronto Pearson International Airport,14:00,45.00,2019-03-07,
3917,Hyundai Ioniq,Sedan,Toronto,2019-03-12,Toronto Pearson International Airport,14:00,30.00,2019-03-07,
3918,Jaguar F-Pace,SUV,Toronto,2019-03-12,Toronto Pearson International Airport,14:00,47.00,2019-03-07,
3919,Kia Ceed,Hatchback,Toronto,2019-03-12,Toronto Pearson International Airport,14:00,31.00,2019-03-07,
3920,Mazda 3,Hatchback,Toronto,2019-03-12,Toronto Pearson International Airport,14:00,27.00,2019-03-07,
3921,Peugeot 208,Hatchback,Toronto,2019-03-12,Toronto Pearson International Airport,14:00,28.00,2019-03-07,
3922,SEAT Cordoba,Sedan,Toronto,2019-03-12,Toronto Pearson International Airport,14:00,37.00,2019-03-07,
3923,SEAT Cordoba,Sedan,,2019-03-12,Toronto Pearson International Airport,14:00,37.00,2019-03-07,False
3924,Alfa Romeo Stelvio,SUV,Paris,2019-03-03,Orly International Airport,14:00,38.00,2019-03-01,
3925,Buick Regal Sportback,Sedan,Paris,2019-03-03,Charles de Gaulle International Airport,14:00,36.00,2019-03-01,
3926,Ford Focus,Hatchback,Paris,2019-03-03,Charles de Gaulle International Airport,14:00,24.00,2019-03-01,
3927,Kia Ceed,Hatchback,Paris,2019-03-03,Charles de Gaulle International Airport,14:00,22.00,2019-03-01,
3928,Mitsubishi Outlander,SUV,Paris,2019-03-03,Charles de Gaulle International Airport,14:00,47.00,2019-03-01,
3929,Peugeot 208,Hatchback,Paris,2019-03-03,Orly International Airport,14:00,31.00,2019-03-01,
3930,Renault Clio,Hatchback,Paris,2019-03-03,Charles de Gaulle International Airport,14:00,34.00,2019-03-01,
3931,SEAT Leon,Hatchback,Paris,2019-03-03,Orly International Airport,14:00,25.00,2019-03-01,
3932,Skoda Octavia,Sedan,Paris,2019-03-03,Orly International Airport,14:00,28.00,2019-03-01,
3933,Subaru Impreza,Sedan,Paris,2019-03-03,Charles de Gaulle International Airport,14:00,36.00,2019-03-01,
3934,Ford Focus,Hatchback,Paris,2019-03-03,Charles de Gaulle International Airport,14:00,27.00,2019-03-02,
3935,Kia Ceed,Hatchback,Paris,2019-03-03,Charles de Gaulle International Airport,14:00,29.00,2019-03-02,
3936,Peugeot 208,Hatchback,Paris,2019-03-03,Orly International Airport,14:00,30.00,2019-03-02,
3937,Renault Clio,Hatchback,Paris,2019-03-03,Charles de Gaulle International Airport,14:00,27.00,2019-03-02,
3938,SEAT Leon,Hatchback,Paris,2019-03-03,Orly International Airport,14:00,30.00,2019-03-02,
3939,Vauxhaull Astra,Hatchback,Paris,2019-03-03,Orly International Airport,14:00,30.00,2019-03-02,
3940,Ford Focus,Hatchback,,2019-03-03,Charles de Gaulle International Airport,14:00,27.00,2019-03-02,False
3941,Fiat Panda,Hatchback,San Francisco,2019-03-11,SFO International Airport,15:00,26.00,2019-03-10,
3942,Kia Ceed,Hatchback,San Francisco,2019-03-11,SFO International Airport,15:00,26.00,2019-03-10,
3943,Mazda 3,Hatchback,San Francisco,2019-03-11,Salesforce Transit Center,15:00,27.00,2019-03-10,
3944,Renault Clio,Hatchback,San Francisco,2019-03-11,SFO International Airport,15:00,33.00,2019-03-10,
3945,SEAT Leon,Hatchback,San Francisco,2019-03-11,SFO International Airport,15:00,26.00,2019-03-10,
3946,Vauxhaull Astra,Hatchback,San Francisco,2019-03-11,Salesforce Transit Center,15:00,24.00,2019-03-10,
3947,Fiat Panda,Hatchback,,2019-03-11,SFO International Airport,15:00,26.00,2019-03-10,False
3948,Dodge Charger,Sedan,Chicago,2019-03-07,O'Hare International Airport,10:30,42.00,2019-03-04,
3949,Fiat Panda,Hatchback,Chicago,2019-03-07,O'Hare International Airport,10:30,29.00,2019-03-04,
3950,GMC Terrain,SUV,Chicago,2019-03-07,O'Hare International Airport,10:30,41.00,2019-03-04,
3951,SEAT Leon,Hatchback,Chicago,2019-03-07,O'Hare International Airport,10:30,30.00,2019-03-04,
3952,Skoda Kodiaq,SUV,Chicago,2019-03-07,O'Hare International Airport,10:30,42.00,2019-03-04,
3953,Subaru Impreza,Sedan,Chicago,2019-03-07,O'Hare International Airport,10:30,30.00,2019-03-04,
3954,SEAT Leon,Hatchback,,2019-03-07,O'Hare International Airport,10:30,30.00,2019-03-04,False
3955,Dacia Duster,SUV,Los Angeles,2019-03-03,LAX International Airport,11:00,42.00,2019-03-02,
3956,Fiat Panda,Hatchback,Los Angeles,2019-03-03,LAX International Airport,11:00,24.00,2019-03-02,
3957,Hyundai Ioniq,Sedan,Los Angeles,2019-03-03,LAX International Airport,11:00,35.00,2019-03-02,
3958,Nissan Qashqai,Hatchback,Los Angeles,2019-03-03,LAX International Airport,11:00,28.00,2019-03-02,
3959,Renault Clio,Hatchback,Los Angeles,2019-03-03,LAX International Airport,11:00,22.00,2019-03-02,
3960,Skoda Kodiaq,SUV,Los Angeles,2019-03-03,LAX International Airport,11:00,48.00,2019-03-02,
3961,Suzuki Grand Vitara,SUV,Los Angeles,2019-03-03,LAX International Airport,11:00,53.00,2019-03-02,
3962,Volvo S90,Sedan,Los Angeles,2019-03-03,LAX International Airport,11:00,37.00,2019-03-02,
3963,Hyundai Ioniq,Sedan,Los Angeles,2019-03-03,LAX International Airport,10:00,35.00,2019-03-02,
3964,Volvo S90,Sedan,Los Angeles,2019-03-03,LAX International Airport,10:00,37.00,2019-03-02,
3965,Volvo S90,Sedan,,2019-03-03,LAX International Airport,10:00,37.00,2019-03-02,False
3966,Buick Regal Sportback,Sedan,Toronto,2019-03-08,Toronto Pearson International Airport,17:00,35.00,2019-03-07,
3967,Dacia Duster,SUV,Toronto,2019-03-08,Toronto Pearson International Airport,17:00,41.00,2019-03-07,
3968,GMC Terrain,SUV,Toronto,2019-03-08,Toronto Pearson International Airport,17:00,43.00,2019-03-07,
3969,Hyundai Ioniq,Sedan,Toronto,2019-03-08,Toronto Pearson International Airport,17:00,37.00,2019-03-07,
3970,Jaguar F-Pace,SUV,Toronto,2019-03-08,Toronto Pearson International Airport,17:00,48.00,2019-03-07,
3971,Kia Ceed,Hatchback,Toronto,2019-03-08,Toronto Pearson International Airport,17:00,29.00,2019-03-07,
3972,Mazda 3,Hatchback,Toronto,2019-03-08,Toronto Pearson International Airport,17:00,24.00,2019-03-07,
3973,Peugeot 208,Hatchback,Toronto,2019-03-08,Toronto Pearson International Airport,17:00,24.00,2019-03-07,
3974,SEAT Cordoba,Sedan,Toronto,2019-03-08,Toronto Pearson International Airport,17:00,34.00,2019-03-07,
3975,Skoda Octavia,Sedan,Toronto,2019-03-08,Toronto Pearson International Airport,17:00,36.00,2019-03-07,
3976,SEAT Cordoba,Sedan,,2019-03-08,Toronto Pearson International Airport,17:00,44.00,2019-03-07,True
3977,Mazda CX-5,SUV,,2019-03-13,McCarran International Airport,09:30,52.00,2019-03-10,True
3978,Fiat Panda,Hatchback,,2019-03-05,Peachtree Station,10:00,27.00,2019-03-03,False
3979,Volvo S90,Sedan,,2019-03-13,30th Street Station,16:30,27.00,2019-03-10,False
3980,Kia Ceed,Hatchback,,2019-03-14,Fresno Station,17:00,37.00,2019-03-11,True
3981,SEAT Cordoba,Sedan,,2019-03-03,Toronto Pearson International Airport,19:00,51.00,2019-03-01,True
3982,Dodge Charger,Sedan,,2019-03-05,Benito Juarez International Airport,12:30,39.00,2019-03-02,True
3983,Peugeot 208,Hatchback,,2019-03-04,John Wayne Airport,13:30,27.00,2019-03-01,False
3984,Kia Ceed,Hatchback,,2019-03-06,JFK International Airport,16:30,29.00,2019-03-03,False
3985,Mazda 3,Hatchback,,2019-03-11,Anaheim Intermodal Center,09:00,26.00,2019-03-04,False
3986,Renault Clio,Hatchback,,2019-03-06,Intercity Terminal,12:30,49.00,2019-03-01,True
3987,Subaru Impreza,Sedan,,2019-03-02,Union Plaza,17:30,39.00,2019-03-01,True
3988,Fiat Panda,Hatchback,,2019-03-03,Indira Gandhi International Airport,15:00,39.00,2019-03-02,True
3989,Skoda Octavia,Sedan,,2019-03-07,Walnut Creek BART Station,10:30,33.00,2019-03-06,False
3990,Peugeot 208,Hatchback,,2019-03-03,Estacion Buenavista,14:00,24.00,2019-03-02,True
3991,Subaru Impreza,Sedan,,2019-03-04,Union Plaza,12:00,38.00,2019-03-01,True
3992,Audi A8,Sedan,,2019-03-03,Fremont BART Station,12:30,44.00,2019-03-01,True
3993,Kia Ceed,Hatchback,,2019-03-11,Union Station,11:30,28.00,2019-03-05,False
3994,Ford Focus,Hatchback,,2019-03-07,Downtown,17:00,28.00,2019-03-01,False
3995,SEAT Cordoba,Sedan,,2019-03-10,Santa Fe Depot,14:00,38.00,2019-03-08,True
3996,GMC Terrain,SUV,,2019-03-05,Heathrow International Airport,17:00,53.00,2019-03-01,True
3997,Mazda 3,Hatchback,,2019-03-07,Gatwick International Airport,11:00,27.00,2019-03-01,False
3998,SEAT Cordoba,Sedan,,2019-03-12,Portland Bus Station,17:00,52.00,2019-03-07,True
3999,GMC Terrain,SUV,,2019-03-02,O'Hare International Airport,16:30,53.00,2019-03-01,True
4000,Nissan Qashqai,Hatchback,,2019-03-13,Heathrow International Airport,09:30,51.00,2019-03-06,True
4001,Buick Regal Sportback,Sedan,,2019-03-12,Sunnyvale Caltrain Station,15:00,47.00,2019-03-06,True
4002,Peugeot 208,Hatchback,,2019-03-11,Orly International Airport,15:00,51.00,2019-03-04,True
4003,Mazda 3,Hatchback,,2019-03-06,King Street Station,12:30,40.00,2019-03-01,True
4004,Kia Ceed,Hatchback,,2019-03-13,John Wayne Airport,16:30,48.00,2019-03-07,True
4005,Nissan Qashqai,Hatchback,,2019-03-04,Heathrow International Airport,15:00,42.00,2019-03-01,True
4006,Volvo S90,Sedan,,2019-03-11,Heathrow International Airport,12:00,55.00,2019-03-07,True
4007,Ford Focus,Hatchback,,2019-03-04,Pacific Central Station,14:00,36.00,2019-03-01,True
4008,Vauxhaull Astra,Hatchback,,2019-03-14,PDX International Airport,15:30,45.00,2019-03-09,True
4009,SEAT Cordoba,Sedan,,2019-03-08,Portland Bus Station,18:30,41.00,2019-03-04,True
4010,Volvo S90,Sedan,,2019-03-11,SAN International Airport,13:00,29.00,2019-03-10,False
4011,Audi A8,Sedan,,2019-03-13,Diridon Station,14:00,42.00,2019-03-07,True
4012,Citroen C5,SUV,,2019-03-07,Murphy and Evelyn,18:30,37.00,2019-03-01,False
4013,Dacia Duster,SUV,,2019-03-04,Schoenefeld Airport,12:00,55.00,2019-03-01,True
4014,Volvo S90,Sedan,,2019-03-09,Heathrow International Airport,12:30,48.00,2019-03-06,True
4015,Subaru Impreza,Sedan,,2019-03-14,O'Hare International Airport,14:00,37.00,2019-03-10,False
4016,Volvo S90,Sedan,,2019-03-04,Estacion Buenavista,14:30,22.00,2019-03-01,False
4017,Hyundai Ioniq,Sedan,,2019-03-09,Gatwick International Airport,12:00,35.00,2019-03-04,False
4018,Mazda CX-5,SUV,,2019-03-04,Benito Juarez International Airport,12:30,46.00,2019-03-02,True
4019,Lexus GS,Sedan,,2019-03-10,Union Station,15:00,50.00,2019-03-06,True
4020,Suzuki Grand Vitara,SUV,,2019-03-06,Kingsford Smith International Airport,14:00,42.00,2019-03-02,False
4021,Lexus GS,Sedan,,2019-03-13,Union Station,16:30,30.00,2019-03-08,False
4022,Volvo S90,Sedan,,2019-03-06,YVR International Airport,11:00,35.00,2019-03-01,False
4023,Suzuki Grand Vitara,SUV,,2019-03-11,Pacific Central Station,18:30,36.00,2019-03-06,False
4024,Dacia Duster,SUV,,2019-03-06,King Street Station,17:30,51.00,2019-03-03,True
4025,SEAT Cordoba,Sedan,,2019-03-13,Toronto Pearson International Airport,13:30,28.00,2019-03-11,False
4026,Fiat Panda,Hatchback,,2019-03-13,SFO International Airport,15:00,31.00,2019-03-11,False
4027,Kia Ceed,Hatchback,,2019-03-12,Port Authority Station,16:30,38.00,2019-03-08,True
4028,Dacia Duster,SUV,,2019-03-08,YVR International Airport,19:30,57.00,2019-03-04,True
