,city,cuisine,has_live_music,phone_number,price_range,restaurant_name,serves_alcohol,street_address,date,party_size,time
0,San Jose,American,False,408-971-8523,moderate,71 Saint Peter,True,71 North San Pedro Street,,,
1,San Jose,American,False,408-261-5787,moderate,Bazille,True,2400 Forest Avenue,,,
2,San Jose,American,False,408-292-4300,moderate,Billy Berk's,True,99 South 1st Street,,,
3,San Jose,American,False,408-343-7230,moderate,Bj's Restaurant & Brewhouse,True,511 Coleman Avenue,,,
4,San Jose,American,False,408-816-7251,expensive,Black Sheep Brasserie,True,1202 Lincoln Avenue,,,
5,San Jose,American,False,408-238-9110,moderate,Chuck E. Cheese's,False,2445 Fontaine Road,,,
6,San Jose,American,False,408-292-7444,moderate,Famous Dave's Bar-b-que,False,61 Curtner Avenue,,,
7,San Jose,American,False,408-287-6969,moderate,Firehouse No.1 Gastropub,True,69 North San Pedro Street,,,
8,San Jose,American,True,408-279-4888,moderate,Hukilau,True,230 Jackson Street,,,
9,San Jose,American,False,408-998-1440,moderate,John's Of Willow Glen,False,1238 Lincoln Avenue,,,
10,Palo Alto,American,False,650-688-2614,moderate,Bazille,True,550 Stanford Shopping Center,,,
11,Palo Alto,American,False,650-656-8180,moderate,Bird Dog,False,420 Ramona Street,,,
12,Palo Alto,American,False,650-327-0284,moderate,Bistro Elan,False,2363 Birch Street,,,
13,Palo Alto,American,False,650-326-8640,moderate,Cafe Brioche,True,445 California Avenue,,,
14,Palo Alto,American,False,650-493-6787,moderate,Cibo Restaurant & Bar,False,3398 El Camino Real,,,
15,Palo Alto,American,False,650-322-7509,moderate,Local Union 271,False,271 University Avenue,,,
16,Palo Alto,American,False,650-321-3514,moderate,Palo Alto Grill,True,140 University Avenue,,,
17,Palo Alto,American,False,650-656-8180,moderate,Bird Dog,False,420 Ramona Street,2019-03-01,2,11:30
18,Milpitas,Indian,False,408-435-5500,moderate,Anjappar Chettinad Restaurant,False,Milpitas Square,,,
19,Milpitas,Indian,False,408-941-1700,moderate,Aria Dining & Banquets Fine Indian Cuisine,False,212 Ranch Drive,,,
20,Milpitas,Indian,False,408-833-6333,moderate,Bezawada,False,127 Dixon Road,,,
21,Milpitas,Indian,False,408-945-1500,moderate,Vedas Indian Restaurant,True,560 North Abel Street,,,
22,Milpitas,Take-out,False,408-935-8176,moderate,Olive Garden Italian Restaurant,True,1350 Great Mall Drive,,,
23,Milpitas,Take-out,False,669-213-9385,moderate,Red Chillies The Malabar Cuisine,False,167 South Main Street,,,
24,Milpitas,Take-out,False,408-935-8176,moderate,Olive Garden Italian Restaurant,True,1350 Great Mall Drive,2019-03-11,1,12:00
25,Berkeley,Ethiopian,False,510-653-3456,moderate,Addis Restaurant,False,6100 Telegraph Avenue,,,
26,Berkeley,Ethiopian,False,510-923-6181,moderate,Barcote | Ethiopian Restaurant,False,6430 Telegraph Avenue,,,
27,Berkeley,Ethiopian,False,510-843-1992,inexpensive,Ethiopia Restaurant,False,2955 Telegraph Avenue,,,
28,Berkeley,Ethiopian,False,510-883-0167,moderate,Finfine Restaurant,False,2556 Telegraph Avenue,,,
29,Berkeley,Ethiopian,False,510-653-3456,moderate,Addis Restaurant,False,6100 Telegraph Avenue,2019-03-02,2,17:30
30,Palo Alto,Seafood,False,650-327-2222,moderate,Odori Japanese Cuisine,False,2111 El Camino Real,,,
31,Palo Alto,Seafood,False,650-330-1782,moderate,P.f. Chang's,True,900 Stanford Shopping Center Bldg. W Bldg. W,,,
32,Palo Alto,Seafood,False,650-493-9188,moderate,The Fish Market,True,3150 El Camino Real,,,
33,Palo Alto,Seafood,False,650-213-1111,very expensive,The Sea By Alexander's Steakhouse,False,4269 El Camino Real,,,
34,Palo Alto,Seafood,False,650-330-1782,moderate,P.f. Chang's,True,900 Stanford Shopping Center Bldg. W Bldg. W,2019-03-01,1,18:30
35,San Mateo,Seafood,False,650-581-1305,moderate,Andes Cafe San Mateo,False,2317 South El Camino Real,,,
36,San Mateo,Seafood,False,650-348-7810,moderate,Fuji Sukiyaki,False,428 East 3rd Avenue,,,
37,San Mateo,Seafood,False,650-347-1228,inexpensive,Golden Wok,False,570 South Norfolk Street,,,
38,San Mateo,Seafood,False,650-340-8974,moderate,Joy Sushi,True,30 South B Street,,,
39,San Mateo,Seafood,False,650-342-0288,moderate,Ni-mo Japanese Cuisine,False,73 East 3rd Avenue,,,
40,San Mateo,Seafood,False,650-315-2827,moderate,Seapot,True,1952 South El Camino Real,,,
41,San Mateo,Seafood,False,650-349-3474,moderate,The Fish Market,True,1855 South Norfolk Street,,,
42,San Mateo,Seafood,False,650-349-1845,expensive,Top Of The Market,True,1855 South Norfolk Street,,,
43,San Mateo,Seafood,False,650-358-0298,moderate,Yuzu,False,54 37th Avenue,,,
44,San Mateo,Seafood,False,650-347-1228,inexpensive,Golden Wok,False,570 South Norfolk Street,2019-03-14,2,17:30
45,San Bruno,Filipino,False,650-225-9221,inexpensive,Cabalen,False,495 San Mateo Avenue,,,
46,San Bruno,Filipino,False,650-588-6078,moderate,Isla Restaurant,True,448 San Mateo Avenue,,,
47,San Bruno,Filipino,False,650-952-5739,inexpensive,Kuya's Asian Cuisine,False,460 San Mateo Avenue,,,
48,San Bruno,Filipino,False,650-588-6078,moderate,Isla Restaurant,True,448 San Mateo Avenue,2019-03-12,2,18:00
49,San Jose,Seafood,False,408-269-8383,moderate,Ariake,False,1008 Blossom Hill Road,,,
50,San Jose,Seafood,False,408-238-2888,moderate,Big T's Seafood Market Bar,False,1694 Tully Road,,,
51,San Jose,Seafood,False,408-289-8879,moderate,Blue Water Seafood And Crab,True,860 Willow Street,,,
52,San Jose,Seafood,False,408-649-6741,moderate,Claw Shack,False,1696 Berryessa Road,,,
53,San Jose,Seafood,False,408-392-0087,moderate,Honba Sushi,False,1759 Technology Drive,,,
54,San Jose,Seafood,False,408-365-9000,moderate,Kampai Sushi & Grill,False,171 Branham Lane #3,,,
55,San Jose,Seafood,False,408-286-1738,moderate,Mariscos San Juan 2,False,1718 Senter Road,,,
56,San Jose,Seafood,False,408-440-2468,moderate,Mavericks Mexican Grill,False,1111 Meridian Avenue Ste 5,,,
57,San Jose,Seafood,False,408-225-1420,moderate,Olive Garden Italian Restaurant,True,940 Blossom Hill Road,,,
58,San Jose,Seafood,False,408-971-1700,expensive,Scott's Seafood,False,185 Park Avenue,,,
59,San Jose,Seafood,False,408-269-8383,moderate,Ariake,False,1008 Blossom Hill Road,2019-03-10,2,18:00
60,San Jose,Italian,False,408-369-9820,moderate,Al Castello Ristorante,False,2083 Camden Avenue,,,
61,San Jose,Italian,False,408-227-5502,moderate,Angelo's Italian Restaurant,True,436 Blossom Hill Road,,,
62,San Jose,Italian,False,408-279-4922,moderate,Antonella's Ristorante,True,1701 Park Avenue,,,
63,San Jose,Italian,False,408-278-4555,expensive,Arcadia,True,100 West San Carlos Street,,,
64,San Jose,Italian,False,408-226-1444,moderate,Buca Di Beppo Italian Restaurant,True,925 Blossom Hill Road,,,
65,San Jose,Italian,False,408-618-5455,moderate,Enoteca La Storia Downtown,True,320 West Saint John Street,,,
66,San Jose,Italian,False,408-446-9644,moderate,Frankie Johnnie & Luigi Too,True,5245 Prospect Road,,,
67,San Jose,Italian,False,408-264-5781,moderate,Giorgio's Italian Food & Pizzeria,False,1445 Foxworthy Avenue,,,
68,San Jose,Italian,False,408-423-8973,moderate,Maggiano's Little Italy,True,3055 Olin Avenue Suite 1000,,,
69,San Jose,Italian,False,408-217-9327,moderate,Paesano,False,350 West Julian Street,,,
70,San Jose,Italian,False,408-279-4922,moderate,Antonella's Ristorante,True,1701 Park Avenue,2019-03-01,2,12:30
71,Pleasanton,Italian,False,925-484-3878,moderate,De La Torre's Trattoria,False,6025 West Las Positas Boulevard,,,
72,Pleasanton,Italian,False,925-425-0099,moderate,Forno Vecchio,False,680 Main Street,,,
73,Pleasanton,Italian,False,925-846-2555,moderate,Gay 90's Pizza Co.,False,288 Main Street,,,
74,Pleasanton,Italian,False,925-417-2222,moderate,Pastas Trattoria,True,405 Main Street,,,
75,Pleasanton,Italian,False,925-484-9600,moderate,Strizzi's Restaurant - Pleasanton,False,649 Main Street,,,
76,Pleasanton,Italian,False,925-846-2555,moderate,Gay 90's Pizza Co.,False,288 Main Street,2019-03-08,1,19:00
77,Fairfield,Breakfast,False,707-421-0835,moderate,Mimi's Cafe,True,1650 Gateway Boulevard,,,
78,Fairfield,Breakfast,False,707-421-0835,moderate,Mimi's Cafe,True,1650 Gateway Boulevard,2019-03-01,1,17:00
79,Fairfield,Breakfast,False,707-421-0835,moderate,Mimi's Cafe,True,1650 Gateway Boulevard,2019-03-04,3,12:30
80,Cupertino,Malaysian,False,408-777-8228,moderate,Merlion Restaurant & Bar,False,19628 Stevens Creek Boulevard,,,
81,Cupertino,Malaysian,False,408-777-8786,moderate,Rasa Sayang,False,10895 South Blaney Avenue,,,
82,Cupertino,Malaysian,False,408-777-8786,moderate,Rasa Sayang,False,10895 South Blaney Avenue,2019-03-13,2,12:30
83,San Francisco,Vietnamese,False,415-885-5180,moderate,Anh Hong,True,808 Geary Street,,,
84,San Francisco,Vietnamese,False,415-928-4977,moderate,Aux Delices,False,2327 Polk Street,,,
85,San Francisco,Vietnamese,False,415-292-6161,moderate,Co Nam,True,1653 Polk Street,,,
86,San Francisco,Vietnamese,False,415-724-2325,expensive,Khai,False,655 Townsend Street,,,
87,San Francisco,Vietnamese,False,415-668-8080,inexpensive,La Vie,False,5830 Geary Boulevard,,,
88,San Francisco,Vietnamese,False,415-397-2290,inexpensive,Lai Hong Lounge,False,1416 Powell Street,,,
89,San Francisco,Vietnamese,False,415-282-9088,inexpensive,Lotus Garden Vietnamese Cuisine,False,3216 Mission Street,,,
90,San Francisco,Vietnamese,False,415-665-1146,expensive,Thanh Long Restaurant,False,4101 Judah Street,,,
91,San Francisco,Vietnamese,False,415-861-8032,expensive,The Slanted Door,True,One Ferry Building #3,,,
92,San Francisco,Vietnamese,False,415-982-9828,moderate,Unicorn Pan-asian Cuisine,False,191 Pine Street,,,
93,San Francisco,Vietnamese,False,415-928-4977,moderate,Aux Delices,False,2327 Polk Street,2019-03-01,3,19:00
94,Fremont,Asian,False,510-979-1368,moderate,Asian Pearl Seafood Restaurant,False,43635 Boscell Road,,,
95,Fremont,Asian,False,510-742-6221,moderate,Elephant Bar Restaurant,True,39233 Fremont Boulevard,,,
96,Fremont,Asian,False,510-687-9998,moderate,Spicy Town,False,43683 Boscell Road,,,
97,Fremont,Asian,False,510-979-1368,moderate,Asian Pearl Seafood Restaurant,False,43635 Boscell Road,2019-03-10,2,13:30
98,Albany,American,False,510-647-9999,moderate,Cafe Eugene,False,1175 Solano Avenue,,,
99,Albany,American,False,510-526-2233,moderate,Juanita & Maude,False,825 San Pablo Avenue,,,
100,Albany,American,False,510-526-2233,moderate,Juanita & Maude,False,825 San Pablo Avenue,2019-03-13,2,17:00
101,San Francisco,Asian,False,415-731-5515,inexpensive,8 Immortals Restaurant,False,1433 Taraval,,,
102,San Francisco,Asian,False,415-863-9335,moderate,Bai Thong Thai,False,298 Gough Street,,,
103,San Francisco,Asian,False,415-474-5569,moderate,Burmese Kitchen,False,(between 2nd & 3rd Ave),,,
104,San Francisco,Asian,False,415-864-8999,moderate,Butterfly Restaurant,True,33 The Embarcadero,,,
105,San Francisco,Asian,False,415-979-9946,moderate,Chaat Corner,True,320 3rd Street,,,
106,San Francisco,Asian,False,415-731-8110,moderate,Chang's Kitchen Restaurant,False,1030 Irving Street,,,
107,San Francisco,Asian,False,415-751-0505,inexpensive,India Clay Oven,True,2436 Clement Street,,,
108,San Francisco,Asian,False,415-452-9618,inexpensive,Jo Jo's Cafe,False,1537 Ocean Avenue,,,
109,San Francisco,Asian,False,415-563-8882,moderate,King Lee's Chinese Restaurant,False,1426 Fillmore Street,,,
110,San Francisco,Asian,False,415-474-2866,very expensive,Kiss Seafood,False,1700 Laguna Street,,,
111,San Francisco,Asian,False,415-731-5515,inexpensive,8 Immortals Restaurant,False,1433 Taraval,2019-03-01,4,12:00
112,Oakland,American,False,510-834-2467,moderate,Chop Bar,True,247 4th Street,,,
113,Oakland,American,True,510-871-3463,moderate,Duchess Oakland,True,5422 College Avenue,,,
114,Oakland,American,False,510-286-0100,expensive,Flora,False,1900 Telegraph Avenue,,,
115,Oakland,American,False,510-268-3200,moderate,Forge Pizza Oakland,True,66 Franklin Street #100,,,
116,Oakland,American,False,510-663-4440,expensive,Haven,True,44 Webster Street,,,
117,Oakland,American,False,510-788-6217,moderate,Hopscotch,True,1915 San Pablo Avenue,,,
118,Oakland,American,False,510-419-0622,moderate,Hutch Bar & Kitchen,True,2022 Telegraph Avenue,,,
119,Oakland,American,False,510-735-9115,moderate,Ivy Moon Restaurant,False,3112 Market Street,,,
120,Oakland,American,False,510-835-8600,moderate,"Kincaid's Fish, Chop & Steak House",False,1 Franklin Street,,,
121,Oakland,American,True,510-562-0345,inexpensive,Mcdonald's,False,7300 Bancroft Avenue,,,
122,Oakland,American,False,510-834-2467,moderate,Chop Bar,True,247 4th Street,2019-03-01,2,18:00
123,Oakland,Italian,False,510-768-8003,expensive,A16,True,5356 College Avenue,,,
124,Oakland,Italian,False,510-350-7619,moderate,Belotti Ristorante E Bottega,True,5403 College Avenue,,,
125,Oakland,Italian,False,510-918-3205,moderate,Contrasto,True,388 Grand Avenue,,,
126,Oakland,Italian,False,510-428-4078,moderate,Enoteca Molinari,True,5474 College Avenue,,,
127,Oakland,Italian,True,510-652-7401,moderate,Genova Delicatessen,True,5095 Telegraph Avenue suite a,,,
128,Oakland,Italian,True,510-482-8094,moderate,Italian Colors,False,2220 Mountain Boulevard #100,,,
129,Oakland,Italian,False,510-479-1448,moderate,Marzano Restaurant And Bar,False,4214 Park Boulevard,,,
130,Oakland,Italian,False,510-547-5356,expensive,Oliveto,False,5655 College Avenue,,,
131,Oakland,Italian,False,510-768-8003,expensive,A16,True,5356 College Avenue,2019-03-01,2,17:30
132,Concord,Sushi,False,925-691-6009,moderate,Ozora Sushi,False,785 Oak Grove Road,,,
133,Concord,Sushi,False,925-672-1431,moderate,Tachi Sushi Bar,False,5458 Ygnacio Valley Road,,,
134,Concord,Sushi,False,925-691-6009,moderate,Ozora Sushi,False,785 Oak Grove Road,2019-03-02,2,17:00
135,Rohnert Park,Mexican,False,707-585-9069,moderate,Chili's Grill & Bar,True,4851 Redwood Drive,,,
136,Rohnert Park,Mexican,False,707-588-0893,moderate,Tonayan,False,500 Raley's Town Centre,,,
137,Rohnert Park,Japanese,False,707-584-4204,moderate,Kyoto,False,5 Padre Parkway,,,
138,Rohnert Park,Japanese,False,707-584-4204,moderate,Kyoto,False,5 Padre Parkway,2019-03-01,3,11:00
139,San Francisco,Take-out,False,415-564-5514,moderate,Golden Gate Indian Cuisine & Pizza,True,4038 Judah Street,,,
140,San Francisco,Take-out,False,415-775-4735,inexpensive,Hunan Empire Restaurant,True,2001 Union Street,,,
141,San Francisco,Take-out,False,415-346-5288,moderate,Jackson Fillmore Trattoria,False,2506 Fillmore Street,,,
142,San Francisco,Take-out,False,415-912-1502,moderate,Jersey Pizza,False,145 2nd Street,,,
143,San Francisco,Take-out,False,415-495-6742,moderate,Osha Thai Restaurant And Lounge,False,311 3rd Street,,,
144,San Francisco,Take-out,False,415-400-4900,moderate,Red's Pizzeria,False,3839 Mission Street,,,
145,San Francisco,Take-out,False,415-981-8988,moderate,Z & Y Restaurant,True,655 Jackson Street,,,
146,San Francisco,Take-out,False,415-775-4735,inexpensive,Hunan Empire Restaurant,True,2001 Union Street,2019-03-13,2,12:00
147,Redwood City,Spanish,False,650-368-9340,moderate,Estampas Peruanas Restaurant,False,715 El Camino Real,,,
148,Redwood City,Spanish,False,650-368-9340,moderate,Estampas Peruanas Restaurant,False,715 El Camino Real,2019-03-01,4,18:00
149,Millbrae,Singaporean,False,650-487-8737,moderate,Ipoh Garden Malaysian Cuisine,False,100 El Camino Real,,,
150,Millbrae,Singaporean,False,650-487-8737,moderate,Ipoh Garden Malaysian Cuisine,False,100 El Camino Real,2019-03-01,2,11:00
151,Calistoga,Thai,False,707-942-1176,moderate,Calistoga Thai Kitchen,False,1359 Lincoln Avenue,,,
152,Calistoga,American,False,707-942-6500,moderate,Lovina,False,1107 Cedar Street,,,
153,Calistoga,American,False,707-942-6500,moderate,Lovina,False,1107 Cedar Street,2019-03-01,1,12:30
154,Burlingame,Seafood,False,650-347-9988,moderate,Grand Harbor,False,1492 Old Bayshore Highway,,,
155,Burlingame,Seafood,False,650-348-4064,moderate,Sakae Sushi & Grill,False,243 California Drive,,,
156,Burlingame,Seafood,False,650-347-9988,moderate,Grand Harbor,False,1492 Old Bayshore Highway,2019-03-01,2,13:00
157,Rohnert Park,Japanese,False,707-586-0270,expensive,Hana,False,101 Golf Course Drive,,,
158,Pleasant Hill,Japanese,False,925-671-9972,moderate,Matsu Sushi Japanese Restaurant,False,1914 Contra Costa Boulevard,,,
159,Pleasant Hill,Japanese,False,925-356-0292,moderate,Nama Sushi Pleasant Hill,False,2375 Contra Costa Boulevard Ste. A,,,
160,Pleasant Hill,Japanese,False,925-671-9972,moderate,Matsu Sushi Japanese Restaurant,False,1914 Contra Costa Boulevard,2019-03-01,2,12:00
161,San Ramon,Soup,True,925-275-8105,inexpensive,Noodles And Company,False,3141 Crow Canyon Place,,,
162,San Ramon,Soup,True,925-275-8105,inexpensive,Noodles And Company,False,3141 Crow Canyon Place,2019-03-01,2,19:30
163,Cupertino,Chinese,True,408-606-8976,inexpensive,A Plus Cafe,True,21267 Stevens Creek Boulevard #200,,,
164,Cupertino,Chinese,False,408-366-0588,moderate,Beijing Duck House,False,10883 South Blaney Avenue B,,,
165,Cupertino,Chinese,False,408-252-2200,moderate,Hong Fu,False,20588 Stevens Creek Boulevard,,,
166,Cupertino,Chinese,False,408-725-8168,moderate,Mandarin Gourmet Cupertino,False,10145 North De Anza Boulevard,,,
167,Cupertino,Chinese,False,408-777-8208,inexpensive,Nutrition Restaurant,False,10935 North Wolfe Road,,,
168,Cupertino,Chinese,False,408-873-4813,moderate,Shanghai Family Restaurant,False,10877 North Wolfe Road,,,
169,Santa Clara,Chinese,False,408-984-6688,moderate,Chef Ming's,False,61 Washington Street,,,
170,Santa Clara,Chinese,False,408-244-1684,moderate,China Stix,False,2110 El Camino Real,,,
171,Santa Clara,Chinese,False,408-248-1688,moderate,Din Tai Fung,False,2855 Stevens Creek Boulevard #1259,,,
172,Santa Clara,Chinese,False,408-564-4958,moderate,Jx Cuisine,False,3581 Homestead Road,,,
173,Santa Clara,Chinese,False,408-249-2784,moderate,Lock Chun Restaurant,False,4495 Stevens Creek Boulevard,,,
174,Santa Clara,Chinese,False,408-244-1684,moderate,China Stix,False,2110 El Camino Real,2019-03-07,2,19:30
175,San Mateo,Seafood,False,650-581-1305,moderate,Andes Cafe San Mateo,False,2317 South El Camino Real,2019-03-01,2,13:00
176,Dublin,American,False,925-556-9800,moderate,Black Angus Steakhouse,True,4814 Dublin Boulevard,,,
177,Dublin,American,False,925-999-9580,moderate,Hot Crab,True,4288 Dublin Boulevard #101-102,,,
178,Dublin,American,False,925-999-9580,moderate,Hot Crab,True,4288 Dublin Boulevard #101-102,2019-03-01,3,17:00
179,Napa,Italian,False,707-224-3300,expensive,Bistro Don Giovanni,False,4110 Howard Lane,,,
180,Napa,Italian,False,707-252-1022,expensive,Oenotri,False,1425 1st Street,,,
181,Napa,Italian,False,707-224-3300,expensive,Bistro Don Giovanni,False,4110 Howard Lane,2019-03-01,2,12:00
182,Milpitas,Vietnamese,False,408-946-9046,moderate,Anh Hong,False,233 West Calaveras Boulevard,,,
183,Milpitas,Vietnamese,False,408-719-9998,moderate,Ta Restaurant,False,90 South Abel Street,,,
184,Milpitas,Vietnamese,False,408-934-9327,moderate,Vung Tau Ii Restaurant,True,1750 North Milpitas Boulevard,,,
185,Milpitas,Vietnamese,False,408-946-9046,moderate,Anh Hong,False,233 West Calaveras Boulevard,2019-03-01,4,18:30
186,Martinez,Thai,False,925-387-0388,moderate,Lemongrass Bistro,False,501 Main Street,,,
187,Martinez,Thai,False,925-387-0388,moderate,Lemongrass Bistro,False,501 Main Street,2019-03-04,1,19:00
188,Pleasanton,Japanese,False,925-462-3321,moderate,Meiko Sushi,True,4301 Valley Avenue B,,,
189,Pleasanton,Japanese,False,925-224-9916,moderate,P.f. Chang's,True,1330 Stoneridge Mall Road,,,
190,Pleasanton,Japanese,False,925-462-3321,moderate,Meiko Sushi,True,4301 Valley Avenue B,2019-03-03,6,12:00
191,Pleasanton,Chinese,False,925-750-8888,moderate,Andy & Yu's,False,348 Saint Mary Street,,,
192,Pleasanton,Chinese,False,925-227-1312,moderate,China Lounge Restaurant & Bar,True,4220 A Rosewood Drive,,,
193,Pleasanton,Chinese,False,925-484-0480,moderate,Hunan Chef Chinese Restaurant,False,4285 Valley Avenue,,,
194,Pleasanton,Chinese,False,925-750-8888,moderate,Andy & Yu's,False,348 Saint Mary Street,2019-03-01,4,12:30
195,Campbell,American,False,408-374-3400,moderate,Effie's Restaurant & Bar,False,331 West Hacienda Avenue,,,
196,Campbell,American,False,408-364-1564,moderate,Flights Restaurant Campbell,True,368 East Campbell Avenue,,,
197,Campbell,American,False,408-628-0683,moderate,Forthright Oyster Bar & Kitchen,True,1700 West Campbell Avenue,,,
198,Campbell,Sushi,False,408-370-1300,moderate,Furusato,False,1651 West Campbell Avenue,,,
199,Campbell,Sushi,False,408-377-6456,moderate,Kyoto Palace Japanese Steakhouse,False,1875 South Bascom Avenue #2500,,,
200,Campbell,Sushi,False,408-370-1300,moderate,Furusato,False,1651 West Campbell Avenue,2019-03-14,2,19:30
201,Palo Alto,Brazilian,False,650-327-1323,expensive,Pampas,False,529 Alma Street,,,
202,Palo Alto,Brazilian,False,650-327-1323,expensive,Pampas,False,529 Alma Street,2019-03-01,2,18:00
203,Campbell,Italian,False,408-370-7705,moderate,A Bellagio Italian Restaurant,False,33 South Central Avenue,,,
204,Campbell,Italian,False,408-377-7722,moderate,Buca Di Beppo Italian Restaurant,True,1875 South Bascom Avenue,,,
205,Campbell,Italian,False,408-377-5850,moderate,Dicicco's Ristorante Italiano Autentico,True,2509 South Bascom Avenue,,,
206,Campbell,Italian,False,408-379-3333,moderate,Mama Mia's,False,200 East Hamilton Avenue,,,
207,Campbell,Italian,False,408-374-1800,moderate,Sorelle Italian Bistro,False,915 South San Tomas Aquino Road,,,
208,Campbell,Italian,False,408-377-5850,moderate,Dicicco's Ristorante Italiano Autentico,True,2509 South Bascom Avenue,2019-03-01,2,17:30
209,Milpitas,Take-out,False,669-213-9385,moderate,Red Chillies The Malabar Cuisine,False,167 South Main Street,2019-03-14,2,18:00
210,Dublin,Chinese,False,925-556-9988,moderate,China Paradise Restaurant,False,4580 Dublin Boulevard,,,
211,Dublin,Chinese,False,925-828-2028,moderate,Golden Sand Harbor,False,7745 Amador Valley Boulevard,,,
212,Dublin,Chinese,False,925-999-8627,moderate,Gum Kuo,False,3720 Fallon Road,,,
213,Dublin,Chinese,False,925-833-9090,moderate,Koi Palace - Dublin,True,4288 Dublin Boulevard #213,,,
214,Dublin,Chinese,False,925-829-8895,moderate,Little Dipper Shabu Shabu,False,3870 Fallon Road,,,
215,Dublin,Chinese,False,925-361-8682,moderate,"Little Sheep Mongolian Hot Pot, Dublin",False,4068 Grafton Street,,,
216,Dublin,Chinese,False,925-828-9111,moderate,Ocean Garden,False,6513 Regional Street,,,
217,Dublin,Chinese,False,925-556-9988,moderate,China Paradise Restaurant,False,4580 Dublin Boulevard,2019-03-08,1,13:00
218,Petaluma,Indian,True,707-775-4717,moderate,Shree Indian Cuisine,True,220 Western Avenue,,,
219,Petaluma,Indian,True,707-775-4717,moderate,Shree Indian Cuisine,True,220 Western Avenue,2019-03-01,1,11:00
220,San Francisco,Italian,False,415-543-5100,moderate,54 Mint Ristorante Italiano,True,16 Mint Plaza,,,
221,San Francisco,Italian,False,415-771-2216,moderate,A16,True,2355 Chestnut Street,,,
222,San Francisco,Italian,False,415-928-4002,moderate,Allegro Romano,False,1701 Jones Street,,,
223,San Francisco,Italian,False,415-834-5766,moderate,Altovino,False,1358 Mason Street,,,
224,San Francisco,Italian,False,415-447-0441,moderate,Amarena,False,2162 Larkin Street,,,
225,San Francisco,Italian,False,415-278-3777,moderate,Americano,False,8 Mission St,,,
226,San Francisco,Italian,False,415-282-4969,moderate,Bacco,True,737 Diamond Street,,,
227,San Francisco,Italian,False,415-955-1919,moderate,Barbacco,False,220 California Street,,,
228,San Francisco,Italian,False,415-986-8887,moderate,Belden Taverna,True,52 Belden Place,,,
229,San Francisco,Italian,False,415-221-0305,moderate,Bella Trattoria,True,3854 Geary Boulevard,,,
230,San Francisco,Italian,False,415-543-5100,moderate,54 Mint Ristorante Italiano,True,16 Mint Plaza,2019-03-01,2,17:30
231,Foster City,Indian,False,650-399-0504,moderate,Pastries N Chaat,True,1100 Foster Square Lane #150,,,
232,Foster City,Indian,False,650-638-1555,inexpensive,Tabla Indian Restaurant,False,1088 Shell Boulevard c,,,
233,Foster City,Indian,False,650-638-1555,inexpensive,Tabla Indian Restaurant,False,1088 Shell Boulevard c,2019-03-04,2,18:00
234,Mountain View,Chinese,False,650-941-4373,moderate,China Wok,False,2633 California Street,,,
235,Mountain View,Chinese,False,650-969-8968,inexpensive,Hunan Chili,True,102 Castro Street,,,
236,Mountain View,Chinese,False,650-967-7334,inexpensive,Shanghai Family Restaurant,False,108A North Rengstorff Avenue,,,
237,Mountain View,Chinese,False,650-969-8968,inexpensive,Hunan Chili,True,102 Castro Street,2019-03-01,4,18:00
238,San Mateo,Chinese,False,650-286-9386,moderate,Gau Poang,False,1208 South El Camino Real,,,
239,San Mateo,Chinese,False,650-513-1764,moderate,Inchin's Bamboo Garden,False,139 South B Street,,,
240,San Mateo,Chinese,False,650-345-6288,moderate,Jade Dragon,False,2450 South El Camino Real,,,
241,San Mateo,Chinese,False,650-573-7161,inexpensive,Little Shanghai,False,17 East 25th Avenue,,,
242,San Mateo,Chinese,False,650-571-1298,moderate,Silver House,False,2224 South El Camino Real,,,
243,San Francisco,Chinese,False,415-282-8999,inexpensive,Alice's,False,1599 Sanchez Street,,,
244,San Francisco,Chinese,False,415-775-3679,inexpensive,Bamboo Restaurant,True,1441 Polk Street,,,
245,San Francisco,Chinese,False,415-661-8385,inexpensive,Bei Fang Style,True,2218 Irving Street,,,
246,San Francisco,Chinese,False,415-333-8182,moderate,Beijing Restaurant,False,1801 Alemany Boulevard,,,
247,San Francisco,Chinese,False,415-387-2658,moderate,Chili House Sf,True,726 Clement Street,,,
248,San Francisco,Chinese,False,415-655-3335,moderate,Chubby Noodle Marina,False,2205 Lombard Street,,,
249,San Francisco,Chinese,False,415-337-1888,inexpensive,Crazy Pepper,False,2257 San Jose Avenue,,,
250,San Francisco,Chinese,False,415-529-2615,inexpensive,Dim Sum Club,False,2550 Van Ness Avenue,,,
251,San Francisco,Chinese,False,415-333-8899,moderate,Dragon Beaux,True,5700 Geary Boulevard,,,
252,San Francisco,Chinese,False,415-387-8512,inexpensive,Dragon River Restaurant,True,5045 Geary Boulevard,,,
253,San Francisco,Chinese,False,415-775-3679,inexpensive,Bamboo Restaurant,True,1441 Polk Street,2019-03-01,2,12:00
254,San Francisco,California,False,415-416-6136,moderate,Al's Place,True,1499 Valencia Street,,,
255,San Francisco,California,False,415-580-7662,expensive,Alta Msp,False,1275 Minnesota Street,,,
256,San Francisco,California,False,415-341-9000,very expensive,Aq,True,1085 Mission Street,,,
257,San Francisco,California,False,415-512-7153,moderate,Atwater Tavern,True,295 Terry A Francois Boulevard,,,
258,San Francisco,California,False,415-276-9888,moderate,Brasserie S&p,False,222 Sansome Street,,,
259,San Francisco,California,False,415-757-0994,very expensive,Californios,False,3115 22nd Street,,,
260,San Francisco,California,False,415-640-8990,moderate,Cassava,True,3519 Balboa Street,,,
261,San Francisco,California,False,415-826-7004,expensive,Central Kitchen,False,3000 20th Street,,,
262,San Francisco,California,False,415-829-7814,moderate,Foxsister,True,3161 24th Street,,,
263,San Francisco,California,False,415-284-4188,expensive,Grill At The St. Regis,True,125 3rd Street,,,
264,San Francisco,California,False,415-341-9000,very expensive,Aq,True,1085 Mission Street,2019-03-01,2,19:30
265,Foster City,Japanese,False,650-341-6888,moderate,Tokai Japanese Restaurant,True,1221 Chess Drive,,,
266,Foster City,Japanese,False,650-341-6888,moderate,Tokyo Village Grill & Sushi,False,1221 Chess Drive,,,
267,Foster City,Japanese,False,650-341-6888,moderate,Tokyo Village Grill & Sushi,False,1221 Chess Drive,2019-03-04,2,19:00
268,San Francisco,Italian,False,415-292-3699,expensive,Ala Romana,True,1098 Jackson Street,,,
269,San Francisco,Italian,False,415-543-5100,moderate,54 Mint Ristorante Italiano,True,16 Mint Plaza,2019-03-01,2,18:00
270,Pleasanton,Indian,False,925-750-7709,moderate,Aappakadai,False,4555 Hopyard Road,,,
271,Pleasanton,Indian,False,925-750-7149,moderate,Amaravati House,False,1991 Santa Rita Road,,,
272,Pleasanton,Indian,False,925-467-1555,moderate,Bawarchi Indian Cuisine,False,4040 Pimlico Drive #116,,,
273,Pleasanton,Indian,False,925-225-9999,moderate,Blue Fox Indian Cuisine,False,5681 Gibraltar Drive,,,
274,Pleasanton,Indian,False,925-846-4547,moderate,Curry Cravings,False,2025 Santa Rita Road,,,
275,Pleasanton,Indian,False,925-846-3077,moderate,Frontier Spice,False,411 Main Street,,,
276,Pleasanton,Indian,False,925-271-7575,moderate,Vedas Indian Restaurant,False,3037 Hopyard Road G,,,
277,Pleasanton,Indian,False,925-750-7709,moderate,Aappakadai,False,4555 Hopyard Road,2019-03-01,2,12:00
278,Sunnyvale,Italian,False,408-737-8384,moderate,Gumba's,True,176 South Murphy Avenue,,,
279,Sunnyvale,Italian,False,408-733-5351,moderate,Il Postale,False,100 South Murphy Avenue,,,
280,Sunnyvale,Italian,False,408-738-2400,moderate,Pezzella's Villa Napoli,True,1025 West El Camino Real,,,
281,Sunnyvale,Italian,False,408-737-8384,moderate,Gumba's,True,176 South Murphy Avenue,2019-03-05,1,13:00
282,San Francisco,American,False,415-359-1212,expensive,1760,False,1760 Polk Street,,,
283,San Francisco,American,False,415-495-5875,expensive,25 Lusk,True,25 Lusk Street,,,
284,San Francisco,American,False,415-814-3709,expensive,3rd Cousin,False,919 Cortland Avenue,,,
285,San Francisco,American,False,415-775-1800,moderate,Academy Bar And Kitchen,False,1800 Fillmore Street,,,
286,San Francisco,American,False,(415) 567-5432,very expensive,Acquerello,False,1722 Sacramento Street,,,
287,San Francisco,American,False,415-872-9409,moderate,Alba Ray's,True,2293 Mission Street,,,
288,San Francisco,American,False,415-829-2737,moderate,Aliment,False,786 Bush Street,,,
289,San Francisco,American,False,650-627-4303,moderate,All Spice,True,648 Bush Street,,,
290,San Francisco,American,False,415-590-2585,expensive,Alta Ca,False,1420 Market Street,,,
291,San Francisco,American,False,415-875-9810,very expensive,Aster,False,1001 Guerrero Street,,,
292,San Francisco,American,False,415-359-1212,expensive,1760,False,1760 Polk Street,2019-03-01,1,18:00
293,San Jose,American,False,408-618-8072,moderate,Lalla Grill,False,55 River Oaks Place,,,
294,San Jose,American,True,408-247-1706,moderate,Rosie Mccann's Irish Pub & Restaurant,True,355 Santana Row #1060,,,
295,San Jose,American,True,408-866-4176,moderate,The Blue Door Restaurant & Bar,True,1502 Saratoga Avenue,,,
296,San Jose,American,True,408-247-1706,moderate,Rosie Mccann's Irish Pub & Restaurant,True,355 Santana Row #1060,2019-03-01,2,11:30
297,Oakland,Italian,False,510-918-3205,moderate,Contrasto,True,388 Grand Avenue,2019-03-01,4,11:00
298,San Francisco,French,False,415-202-0100,expensive,Bistro Aix,False,3340 Steiner Street,,,
299,San Francisco,French,False,415-931-7272,expensive,Bistro Central Parc,False,560 Central Avenue,,,
300,San Francisco,French,False,415-981-5565,expensive,Cafe Jacqueline,False,1454 Grant Avenue,,,
301,San Francisco,French,False,415-387-0408,expensive,Chapeau!,False,126 Clement Street,,,
302,San Francisco,French,False,415-292-4415,expensive,Cocotte,False,1521 Hyde Street,,,
303,San Francisco,French,False,415-543-0573,expensive,Fringale Restaurant,True,570 4th Street,,,
304,San Francisco,French,False,415-772-5260,expensive,Laurel Court Restaurant & Bar,False,950 Mason Street,,,
305,San Francisco,French,False,415-391-2233,expensive,Le Central,True,453 Bush Street,,,
306,San Francisco,French,False,415-795-1422,expensive,Les Clos,True,234 Townsend Street,,,
307,San Francisco,French,False,415-495-5775,expensive,Restaurant Lulu,True,816 Folsom Street,,,
308,San Francisco,French,False,415-202-0100,expensive,Bistro Aix,False,3340 Steiner Street,2019-03-01,2,13:30
309,Dublin,Sandwich,True,925-829-0292,inexpensive,Mcdonald's,True,7145 Dublin Boulevard,,,
310,Dublin,Sandwich,True,925-829-0292,inexpensive,Mcdonald's,True,7145 Dublin Boulevard,2019-03-14,3,19:00
311,Milpitas,Mexican,False,408-263-9455,moderate,Baja Cactus,True,338 South Main Street,,,
312,Milpitas,Mexican,False,408-946-0466,moderate,Casa Azteca Restaurant,False,20 North Abel Street,,,
313,Milpitas,Mexican,False,408-946-8012,moderate,El Torito,False,477 East Calaveras Boulevard,,,
314,Milpitas,Mexican,False,408-945-6540,moderate,La Milpa,True,107 North Milpitas Boulevard,,,
315,Milpitas,Mexican,False,408-935-6070,moderate,On The Border,False,260 Ranch Drive,,,
316,Santa Clara,Mexican,False,408-248-3113,inexpensive,El Amigo Burrito,True,4485 Stevens Creek Boulevard,,,
317,Santa Clara,Mexican,False,408-247-0990,moderate,La Paloma,False,2280 El Camino Real,,,
318,Santa Clara,Mexican,False,408-588-9865,moderate,Mexicali Grill,False,3149 Mission College Boulevard,,,
319,Santa Clara,Mexican,False,408-496-6597,moderate,Pedro's,False,3935 Freedom Circle,,,
320,Santa Clara,Mexican,False,408-333-9750,moderate,Puesto Santa Clara,True,2752 Augustine Drive #110,,,
321,Santa Clara,Mexican,False,408-247-0990,moderate,La Paloma,False,2280 El Camino Real,2019-03-01,2,12:30
322,San Francisco,American,False,415-495-9800,moderate,B,False,720 Howard Street,,,
323,San Francisco,American,False,415-977-5155,moderate,Bazille,True,865 Market Street,,,
324,San Francisco,American,True,415-292-2583,moderate,Biscuits & Blues,False,401 Mason Street,,,
325,San Francisco,American,False,415-391-0758,moderate,Blanc Et Rouge,True,2 Embarcadero Center,,,
326,San Francisco,American,False,415-369-0222,moderate,Brickhouse Cafe: Restaurant & Bar,True,426 Brannan Street,,,
327,San Francisco,American,False,415-296-4272,moderate,Burger Bar,True,251 Geary Street,,,
328,San Francisco,American,False,415-775-1800,moderate,Academy Bar And Kitchen,False,1800 Fillmore Street,2019-03-01,2,12:30
329,Oakland,Seafood,False,510-907-7555,moderate,Alamar Kitchen & Bar,False,100 Grand Avenue #111,,,
330,Oakland,Seafood,False,510-645-1912,moderate,Judoku Sushi,True,3314 Piedmont Avenue,,,
331,Oakland,Seafood,True,510-208-5253,moderate,Lake Chalet,True,1520 Lakeside Drive,,,
332,Oakland,Seafood,False,510-251-9688,inexpensive,Le Tasty Chinese Restaurant,False,1437 Franklin Street,,,
333,Oakland,Seafood,False,510-536-2050,moderate,Quinn's Lighthouse,False,1951 Embarcadero,,,
334,Oakland,Seafood,False,510-336-2388,moderate,Sushi Park | Japanese Restaurant,False,4209 Park Boulevard,,,
335,Oakland,Seafood,False,510-663-8262,moderate,Tambo Peruvian Restaurant,False,1414 Jefferson Street,,,
336,Oakland,Seafood,True,510-208-5253,moderate,Lake Chalet,True,1520 Lakeside Drive,2019-03-01,1,12:30
337,Alameda,Japanese,False,510-749-0460,moderate,Angel Fish,False,883 Island Drive C-2,,,
338,Alameda,Japanese,False,510-522-1269,moderate,Bluefin Sushi And Thai Restaurant,True,3211 Encinal Avenue,,,
339,Alameda,Japanese,False,510-521-9121,moderate,Kamakura Japanese Restaurant,True,2549 Santa Clara Avenue,,,
340,Alameda,Japanese,False,510-749-9988,inexpensive,Sakura Sushi Bar & Grill,False,2408 Santa Clara Avenue,,,
341,Alameda,Japanese,False,510-239-4285,moderate,Shirasoni Japanese Restaurant,True,2660 5th Street Suite A,,,
342,Alameda,Japanese,False,510-749-0460,moderate,Angel Fish,False,883 Island Drive C-2,2019-03-01,2,13:30
343,Millbrae,Chinese,False,650-697-7888,moderate,Tai Wu Restaurant,True,300 El Camino Real,,,
344,Millbrae,Chinese,False,650-697-7888,moderate,Tai Wu Restaurant,True,300 El Camino Real,2019-03-01,2,19:30
345,Campbell,American,False,408-374-3400,moderate,Effie's Restaurant & Bar,False,331 West Hacienda Avenue,2019-03-01,3,18:30
346,Berkeley,Chinese,False,510-558-8367,inexpensive,Crave Asia,False,1301 San Pablo Avenue,,,
347,Berkeley,Chinese,False,510-848-3628,inexpensive,King Dong Restaurant,False,2429 Shattuck Avenue,,,
348,Berkeley,Chinese,False,510-845-1286,moderate,King Yen Restaurant,False,2995 College Avenue,,,
349,Berkeley,Chinese,False,510-845-6072,inexpensive,Long Life Vegi House,False,1725 University Avenue,,,
350,Berkeley,Chinese,False,510-647-9744,moderate,Royal Rangoon Restaurant,False,2826 Telegraph Avenue,,,
351,Berkeley,Chinese,False,510-841-6806,inexpensive,Tai San Restaurant,False,2811 Telegraph Avenue,,,
352,Berkeley,Chinese,False,510-558-8367,inexpensive,Crave Asia,False,1301 San Pablo Avenue,2019-03-01,2,11:30
353,Petaluma,Italian,True,707-664-1418,moderate,Brixx Pizzeria,False,16 Kentucky Street,,,
354,Petaluma,Italian,False,707-782-1775,moderate,Cucina Paradiso,False,114 Petaluma Boulevard North,,,
355,Petaluma,Italian,False,707-766-7600,moderate,Risibisi,True,154 Petaluma Boulevard North,,,
356,Petaluma,Italian,False,707-782-9298,moderate,Sugo Trattoria,False,5 Petaluma Boulevard South B,,,
357,Petaluma,Italian,False,707-766-7600,moderate,Risibisi,True,154 Petaluma Boulevard North,2019-03-01,2,13:30
358,San Francisco,Brunch,True,415-771-7100,moderate,1300 On Fillmore,False,1300 Fillmore Street,,,
359,San Francisco,Brunch,False,415-551-1590,expensive,Absinthe Brasserie & Bar,True,398 Hayes Street,,,
360,San Francisco,Brunch,False,415-252-1036,moderate,Aperto,True,1434 18th Street,,,
361,San Francisco,Brunch,False,415-416-6989,moderate,Barrel Head Brewhouse,True,1785 Fulton Street,,,
362,San Francisco,Brunch,False,415-931-9663,moderate,Blackwood,False,2150 Chestnut Street,,,
363,San Francisco,Brunch,False,415-546-4134,moderate,Chez Papa Resto,True,4 Mint Plaza,,,
364,San Francisco,Brunch,False,415-722-9109,inexpensive,Chief Sullivan's,True,622 Green Street,,,
365,San Francisco,Brunch,False,415-369-9218,very expensive,Epic Steak,False,369 The Embarcadero,,,
366,San Francisco,Brunch,False,415-440-4500,expensive,La Urbana,True,661 Divisadero Street,,,
367,San Francisco,Brunch,False,415-616-6566,expensive,Luce Restaurant,False,888 Howard Street,,,
368,San Francisco,Brunch,False,415-252-1036,moderate,Aperto,True,1434 18th Street,2019-03-01,2,11:00
369,Pleasanton,Japanese,False,925-600-8008,inexpensive,Senro Sushi,False,30 Neal Street #110,,,
370,Pleasanton,Japanese,False,925-484-5588,moderate,Sozo Sushi,False,2835 Hopyard Road,,,
371,Pleasanton,Japanese,False,925-224-9916,moderate,P.f. Chang's,True,1330 Stoneridge Mall Road,2019-03-01,2,19:30
372,Petaluma,Italian,True,707-664-1418,moderate,Brixx Pizzeria,False,16 Kentucky Street,2019-03-01,6,17:00
373,Pleasanton,Japanese,False,925-462-3321,moderate,Meiko Sushi,True,4301 Valley Avenue B,2019-03-01,2,13:00
374,Pleasanton,Japanese,False,925-462-3321,moderate,Meiko Sushi,True,4301 Valley Avenue B,2019-03-01,2,19:30
375,San Francisco,Indian,False,415-777-0500,expensive,Amber,False,25 Yerba Buena Lane,,,
376,San Francisco,Indian,False,415-771-5900,moderate,August 1 Five,True,524 Van Ness Avenue,,,
377,San Francisco,Indian,False,231-444-4444,expensive,Babu Ji Sf,True,280 Valencia Street,,,
378,San Francisco,Indian,False,415-222-9696,inexpensive,Chanvi Eatery,False,1063 Market Street,,,
379,San Francisco,Indian,False,415-929-6983,moderate,Chennai Kings,False,418 Beach Street,,,
380,San Francisco,Indian,False,415-650-0085,inexpensive,Chutney Restaurant,False,511 Jones Street,,,
381,San Francisco,Indian,False,415-826-2400,moderate,Clay Oven,True,1689 Church Street,,,
382,San Francisco,Indian,False,415-731-2400,moderate,Clay Oven Indian Restaurant,True,385 West Portal Avenue,,,
383,San Francisco,Indian,False,415-915-2222,inexpensive,Deccan Spice,True,1142 Valencia Street,,,
384,San Francisco,Indian,False,415-642-3672,moderate,Dosa On Valencia,True,995 Valencia Street,,,
385,San Francisco,Indian,False,415-777-0500,expensive,Amber,False,25 Yerba Buena Lane,2019-03-01,2,11:00
386,San Jose,Seafood,False,408-269-8383,moderate,Ariake,False,1008 Blossom Hill Road,2019-03-10,2,18:30
387,San Jose,Seafood,False,408-269-8383,moderate,Ariake,False,1008 Blossom Hill Road,2019-03-05,2,13:00
388,San Francisco,Italian,False,415-543-5100,moderate,54 Mint Ristorante Italiano,True,16 Mint Plaza,2019-03-07,3,11:00
389,San Francisco,Italian,False,415-416-6959,expensive,Che Fico,False,838 Divisadero Street,,,
390,San Francisco,Italian,False,415-362-6012,expensive,Chiaroscuro,True,550 Washington Street,,,
391,San Francisco,Italian,False,415-775-8508,expensive,Cotogna,False,490 Pacific Avenue,,,
392,San Francisco,Italian,False,415-981-4664,expensive,Da Flora,False,701 Columbus Avenue,,,
393,San Francisco,Italian,True,415-986-1886,expensive,Fior D'italia,True,2237 Mason Street,,,
394,San Francisco,Italian,False,415-928-1983,expensive,Frascati,False,1901 Hyde Street,,,
395,San Francisco,Italian,False,415-550-8114,expensive,La Ciccia,False,291 30th Street,,,
396,San Francisco,Italian,False,415-863-6800,expensive,Locanda,True,557 Valencia Street,,,
397,San Francisco,Italian,False,415-421-4489,expensive,North Beach Restaurant,False,1512 Stockton Street,,,
398,San Francisco,Mexican,False,415-660-7701,expensive,Cala,True,149 Fell Street,,,
399,San Francisco,Mexican,False,415-431-1826,expensive,Fenix,True,1077 Mission Street,,,
400,San Francisco,Mexican,False,415-926-5630,expensive,Hecho,True,2200 Market Street,,,
401,San Francisco,Mexican,False,415-660-7701,expensive,Cala,True,149 Fell Street,2019-03-07,2,12:00
402,Milpitas,Take-out,False,408-935-8176,moderate,Olive Garden Italian Restaurant,True,1350 Great Mall Drive,2019-03-01,4,18:30
403,San Jose,Salad,True,408-298-6533,inexpensive,Mcdonald's,False,777 Story Road,,,
404,San Jose,Salad,True,408-298-6533,inexpensive,Mcdonald's,False,777 Story Road,2019-03-02,3,11:30
405,Santa Clara,Korean,False,408-246-1208,expensive,Restaurant Chungdam,True,3180 El Camino Real,,,
406,Santa Clara,Korean,False,408-246-1208,expensive,Restaurant Chungdam,True,3180 El Camino Real,2019-03-01,2,19:00
407,San Francisco,Japanese,False,415-655-3738,expensive,Izakaya Sushi Ran,True,2223 Market Street,,,
408,San Francisco,Japanese,False,415-484-1206,expensive,Motze,True,983 Valencia Street,,,
409,San Francisco,Japanese,False,415-552-4400,expensive,Nihon Whisky Lounge,True,1779 Folsom Street,,,
410,San Francisco,Japanese,False,415-589-7022,expensive,Rintaro,True,82 14th Street,,,
411,San Francisco,Japanese,False,415-655-3738,expensive,Izakaya Sushi Ran,True,2223 Market Street,2019-03-08,3,11:00
412,Berkeley,American,False,510-647-9329,moderate,B&b Kitchen & Wine Bar,True,2116 Shattuck Avenue,,,
413,Berkeley,American,False,510-338-3464,moderate,Beer Baron Bar & Kitchen,True,5900 College Avenue,,,
414,Berkeley,American,False,510-809-8282,moderate,Eureka!,True,2068 Center Street,,,
415,Berkeley,American,False,510-809-4132,moderate,Henry's,True,2600 Durant Avenue,,,
416,Berkeley,American,True,510-843-8277,moderate,Jupiter,True,2181 Shattuck Avenue,,,
417,Berkeley,American,False,510-524-3400,moderate,Stella Nonna,True,1407 San Pablo Avenue,,,
418,Berkeley,American,False,510-647-9329,moderate,B&b Kitchen & Wine Bar,True,2116 Shattuck Avenue,2019-03-01,2,19:00
419,San Mateo,Mexican,False,650-349-0165,moderate,Celia's,False,Laurelwood Shopping Center,,,
420,San Mateo,Mexican,False,650-345-1180,moderate,El Sinaloense Restaurant,False,1622 Palm Avenue,,,
421,San Mateo,Mexican,False,650-574-9699,moderate,La Fonda Cocina Mexicana,False,2310 South El Camino Real,,,
422,San Mateo,Mexican,False,650-581-7223,inexpensive,Rubio's,True,38 East 4th Avenue,,,
423,San Mateo,Mexican,False,650-349-0165,moderate,Celia's,False,Laurelwood Shopping Center,2019-03-01,2,11:30
424,San Francisco,Breakfast,False,415-931-1475,moderate,Baker Street Bistro,True,2953 Baker Street,,,
425,San Francisco,Breakfast,False,415-771-2222,moderate,Blue Mermaid,True,471 Jefferson Street,,,
426,San Francisco,Breakfast,False,415-775-7979,moderate,Jasper's Corner Tap And Kitchen,True,401 Taylor Street,,,
427,San Francisco,Breakfast,False,415-702-6219,moderate,Lokma,False,1801 Clement Street,,,
428,San Francisco,Breakfast,True,415-333-1011,inexpensive,Mcdonald's,False,5454 Mission Street,,,
429,San Francisco,Breakfast,False,415-661-6140,moderate,Outerlands,True,4001 Judah Street,,,
430,San Francisco,Breakfast,False,415-395-8549,expensive,Scala's Bistro,True,432 Powell Street,,,
431,San Francisco,Breakfast,False,415-321-6000,expensive,The Cavalier,False,360 Jessie Street,,,
432,San Francisco,Breakfast,False,628-895-2040,expensive,Villon,True,1100 Market Street,,,
433,San Francisco,Breakfast,False,415-284-4049,expensive,Vitrine,True,125 3rd Street,,,
434,San Francisco,Breakfast,False,415-771-2222,moderate,Blue Mermaid,True,471 Jefferson Street,2019-03-01,2,17:30
435,Oakland,Mediterranean,False,510-250-9491,moderate,Dyafa,False,44 Webster Street,,,
436,Oakland,Mediterranean,False,510-836-4444,inexpensive,Marhaba Indian & Pakistani Halal Cuisine,False,1437 Franklin Street,,,
437,Oakland,Mediterranean,False,510-251-0329,moderate,Shakewell,True,3407 Lakeshore Avenue,,,
438,Oakland,Mediterranean,False,510-452-9500,moderate,Sidebar,False,542 Grand Avenue,,,
439,Oakland,Mediterranean,False,510-836-4444,inexpensive,Marhaba Indian & Pakistani Halal Cuisine,False,1437 Franklin Street,2019-03-01,1,13:30
440,Calistoga,Chinese,False,707-942-9404,inexpensive,Soo Yuan Restaurant,True,1354 California 29,,,
441,Calistoga,Chinese,False,707-942-9404,inexpensive,Soo Yuan Restaurant,True,1354 California 29,2019-03-01,4,13:30
442,Berkeley,Breakfast,False,510-540-5950,moderate,Venus Restaurant,True,2327 Shattuck Avenue,,,
443,Berkeley,Breakfast,False,510-540-5950,moderate,Venus Restaurant,True,2327 Shattuck Avenue,2019-03-01,1,19:00
444,San Rafael,Japanese,False,415-721-0392,moderate,Sushi To Dai For,False,816 4th Street,,,
445,San Rafael,Japanese,False,415-524-2727,moderate,Uchiwa Ramen,True,821 B Street,,,
446,San Rafael,Chinese,False,415-460-9883,moderate,Yet Wah Restaurant,True,1238 4th Street,,,
447,San Rafael,Chinese,False,415-460-9883,moderate,Yet Wah Restaurant,True,1238 4th Street,2019-03-04,2,19:00
448,Cotati,Mexican,False,707-792-4380,moderate,Mi Pueblo,True,7384 Commerce Boulevard,,,
449,Cotati,Mexican,True,707-795-7600,moderate,Mi Ranchito,False,7600 Commerce Boulevard,,,
450,Cotati,Mexican,True,707-795-7600,moderate,Mi Ranchito,False,7600 Commerce Boulevard,2019-03-01,2,18:30
451,San Francisco,Italian,False,415-543-5100,moderate,54 Mint Ristorante Italiano,True,16 Mint Plaza,2019-03-07,5,19:30
452,San Francisco,Thai,False,415-379-4505,moderate,Baan Thai House & Wine Bar,False,534 Irving Street,,,
453,San Francisco,Thai,False,415-552-8999,moderate,Basil,False,1175 Folsom Street,,,
454,San Francisco,Thai,False,415-999-0345,moderate,Chaiya Thai Restaurant,False,272 Claremont Boulevard,,,
455,San Francisco,Thai,False,415-379-4549,moderate,Derm Restaurant,True,3226 Geary Boulevard,,,
456,San Francisco,Thai,False,415-814-2920,moderate,Farmhouse Kitchen Thai Cuisine,False,710 Florida Street,,,
457,San Francisco,Thai,False,415-441-8038,moderate,House Of Thai,False,901 Larkin Street,,,
458,San Francisco,Thai,False,415-292-9027,moderate,Jitlada Thai Cuisine,False,1826 Buchanan Street,,,
459,San Francisco,Thai,False,415-362-7456,expensive,Kin Khao,False,55 Cyril Magnin Street,,,
460,San Francisco,Thai,False,415-369-0008,moderate,Koh Samui & The Monkey,False,415 Brannan Street,,,
461,San Francisco,Thai,False,415-913-7886,moderate,Krua Thai,True,3214 16th Street,,,
462,San Francisco,Thai,False,415-379-4505,moderate,Baan Thai House & Wine Bar,False,534 Irving Street,2019-03-01,1,18:00
463,San Bruno,Chinese,False,650-873-1388,inexpensive,China Garden,False,586 San Mateo Avenue,,,
464,San Bruno,Chinese,False,650-737-9899,inexpensive,Dumpling Era,False,354 El Camino Real,,,
465,San Bruno,Chinese,False,650-588-2375,inexpensive,Ming's,False,436 San Mateo Avenue,,,
466,San Bruno,Chinese,False,650-588-2375,inexpensive,Ming's,False,436 San Mateo Avenue,2019-03-01,4,11:30
467,San Carlos,Greek,False,650-605-7071,moderate,Agora,True,1152 San Carlos Avenue,,,
468,San Carlos,Greek,False,650-610-0202,moderate,Mythos,True,1201 San Carlos Avenue,,,
469,San Carlos,Thai,False,650-596-9828,moderate,Asya Restaurant,False,773 Laurel Street,,,
470,San Carlos,Thai,False,650-596-8433,moderate,Thai Time,True,1240 El Camino Real,,,
471,San Carlos,Thai,False,650-596-8433,moderate,Thai Time,True,1240 El Camino Real,2019-03-01,2,13:00
472,Petaluma,Asian,False,707-775-3088,moderate,Flowering Tea House,False,1367 North McDowell Boulevard #110,,,
473,Petaluma,Asian,False,707-789-9296,moderate,Gohan,False,1367 North McDowell Boulevard,,,
474,Petaluma,Asian,False,707-775-3088,moderate,Flowering Tea House,False,1367 North McDowell Boulevard #110,2019-03-13,3,13:00
475,Campbell,Italian,False,408-370-7705,moderate,A Bellagio Italian Restaurant,False,33 South Central Avenue,2019-03-01,2,11:00
476,San Francisco,Steakhouse,False,415-989-2539,expensive,5a5 Steak Lounge,True,244 Jackson Street,,,
477,San Francisco,Steakhouse,False,415-495-1111,very expensive,Alexander's Steakhouse,True,448 Brannan Street,,,
478,San Francisco,Steakhouse,False,415-397-3003,very expensive,Bourbon Steak Restaurant,True,335 Powell Street,,,
479,San Francisco,Steakhouse,False,415-616-5000,moderate,Daily Grill,True,347 Geary Street,,,
480,San Francisco,Steakhouse,False,415-593-4100,expensive,Lark Creek Steak,True,845 Market Street #402,,,
481,San Francisco,Steakhouse,False,415-775-4877,moderate,Original Joe's,True,601 Union Street,,,
482,San Francisco,Steakhouse,False,415-771-6776,very expensive,Osso Steakhouse,True,1177 California Street,,,
483,San Francisco,Steakhouse,False,415-362-8887,very expensive,Roka Akor,True,801 Montgomery Street,,,
484,San Francisco,Steakhouse,False,415-397-3003,very expensive,Bourbon Steak Restaurant,True,335 Powell Street,2019-03-01,2,13:30
485,Pleasanton,American,False,925-600-0600,expensive,Baci Bistro And Bar,False,500 Main Street,,,
486,Pleasanton,American,False,925-800-3090,expensive,Sabio On Main,True,501 Main Street,,,
487,Pleasanton,American,False,925-600-0600,expensive,Baci Bistro And Bar,False,500 Main Street,2019-03-01,2,13:30
488,San Francisco,Japanese,False,415-292-9997,moderate,2g Japanese Brasserie,True,601 Van Ness Avenue,,,
489,San Francisco,Japanese,False,415-567-4903,moderate,Ace Wasabi Rock-n-roll Sushi,False,3339 Steiner Street,,,
490,San Francisco,Japanese,False,415-397-3218,expensive,Akiko's Restaurant,False,431 Bush Street,,,
491,San Francisco,Japanese,False,415-800-8498,moderate,Akira Japanese Restaurant,True,1634 Bush Street,,,
492,San Francisco,Japanese,False,415-292-4886,expensive,An Japanese Restaurant,False,22 Peace Plz #510,,,
493,San Francisco,Japanese,False,415-221-6255,moderate,Ariake,False,5041 Geary Boulevard,,,
494,San Francisco,Japanese,False,415-285-3848,moderate,Blowfish Sushi,False,2170 Bryant Street,,,
495,San Francisco,Japanese,False,415-872-9332,moderate,"Bon, Nene",False,2850 21st Street,,,
496,San Francisco,Japanese,False,415-564-6360,moderate,Fuji Japanese Restaurant,False,301 West Portal Avenue,,,
497,San Francisco,Japanese,False,415-665-1772,inexpensive,Fujiyama-ya,False,1234 Noriega Street,,,
498,San Francisco,Japanese,False,415-292-9997,moderate,2g Japanese Brasserie,True,601 Van Ness Avenue,2019-03-01,3,12:30
499,Antioch,Seafood,False,925-778-1585,moderate,Okawa Japanese Restaurant,True,2327 Buchanan Road,,,
500,Antioch,Seafood,False,925-757-2272,moderate,Riverview Lodge,True,1 I Street,,,
501,Antioch,Seafood,False,925-778-1585,moderate,Okawa Japanese Restaurant,True,2327 Buchanan Road,2019-03-01,1,18:00
502,Vallejo,American,True,707-552-9798,inexpensive,Mcdonald's,True,2565 Springs Road,,,
503,Vallejo,American,True,707-552-9798,inexpensive,Mcdonald's,True,2565 Springs Road,2019-03-01,2,13:00
504,Mountain View,French,False,650-968-2300,moderate,La Fontaine,False,186 Castro Street,,,
505,San Francisco,French,False,415-292-6916,moderate,Amelie San Francisco,True,1754 Polk Street,,,
506,San Francisco,French,False,415-402-5290,moderate,Aquitaine Wine Bar & Bistro,False,175 Sutter Street,,,
507,San Francisco,French,False,415-986-5673,moderate,Cafe Bastille,False,22 Belden Place,,,
508,San Francisco,French,False,415-440-4290,moderate,Castagna,False,2015 Chestnut Street,,,
509,San Francisco,French,False,415-824-8205,moderate,Chez Papa Bistrot,True,1401 18th Street,,,
510,San Francisco,French,False,415-359-0075,moderate,Chouquet's,False,2500 Washington Street,,,
511,San Francisco,French,False,415-421-3154,moderate,"Closed For Renovation - Reopening April 23rd, 2019)",False,715 Bush Street,,,
512,San Francisco,French,False,415-771-7771,moderate,Gamine,False,2223 Union Street,,,
513,San Francisco,French,False,415-981-7824,moderate,L'olivier French Restaurant,True,465 Davis Street,,,
514,San Francisco,French,False,415-334-3238,moderate,Le P'tit Laurent,True,699 Chenery Street,,,
515,San Francisco,French,False,415-292-6916,moderate,Amelie San Francisco,True,1754 Polk Street,2019-03-01,2,11:00
516,San Francisco,Russian,False,415-750-9090,moderate,Red Tavern,False,2229 Clement Street,,,
517,San Francisco,Russian,False,415-750-9090,moderate,Red Tavern,False,2229 Clement Street,2019-03-07,2,18:00
518,San Francisco,American,False,415-359-1212,expensive,1760,False,1760 Polk Street,2019-03-01,2,17:00
519,Santa Rosa,Japanese,False,707-539-9188,moderate,Hikuni,False,4100 Montgomery Drive C,,,
520,Santa Rosa,Japanese,False,707-542-8282,moderate,Osake,False,2446 Patio Court,,,
521,Santa Rosa,Japanese,False,707-527-8871,moderate,Toyo Restaurant,False,3082 Marlow Road,,,
522,Santa Rosa,Japanese,False,707-578-8180,moderate,Yao-kiku,True,2700 Yulupa Avenue #23,,,
523,Santa Rosa,Japanese,False,707-542-8282,moderate,Osake,False,2446 Patio Court,2019-03-04,2,11:00
524,San Francisco,Asian,False,415-567-8964,moderate,Osha Thai Restaurant,True,2033 Union Street,,,
525,San Francisco,Asian,False,415-872-6988,moderate,Raw Sugar Factory,True,525 Valencia Street,,,
526,San Francisco,Asian,False,415-933-8600,moderate,Shabu House,True,5158 Geary Boulevard,,,
527,San Francisco,Asian,False,415-861-6655,moderate,Tara Indian Cuisine,True,2217 Market Street,,,
528,San Francisco,Asian,False,415-864-9465,inexpensive,Xinh Bistro Lounge,True,680 8th Street STE 170,,,
529,San Francisco,Asian,False,415-922-1599,moderate,Yukol Place Thai Cuisine,True,2380 Lombard Street,,,
530,San Francisco,Asian,False,415-979-9946,moderate,Chaat Corner,True,320 3rd Street,2019-03-14,3,19:30
531,Redwood City,Mediterranean,False,650-299-9551,inexpensive,Rocknwraps And Kabobs,False,2053 Broadway,,,
532,Redwood City,Mediterranean,False,650-299-9551,inexpensive,Rocknwraps And Kabobs,False,2053 Broadway,2019-03-01,2,17:30
533,Fairfield,American,False,707-426-4500,moderate,Chuck E. Cheese's,False,1027 Oliver Road,,,
534,Fairfield,American,False,707-421-8292,moderate,Red Lobster,True,1525 Travis Boulevard,,,
535,Fairfield,American,False,707-422-7623,moderate,Texas Roadhouse,True,3333 North Texas Street,,,
536,Fairfield,American,False,707-422-7623,moderate,Texas Roadhouse,True,3333 North Texas Street,2019-03-13,2,11:00
537,Oakland,Gastropub,False,510-899-8626,moderate,Umami Burger Oakland,True,2100 Franklin Street,,,
538,Oakland,Gastropub,False,510-899-8626,moderate,Umami Burger Oakland,True,2100 Franklin Street,2019-03-11,2,18:00
539,Oakland,Seafood,False,510-907-7555,moderate,Alamar Kitchen & Bar,False,100 Grand Avenue #111,2019-03-01,2,18:00
540,Oakland,Seafood,False,510-907-7555,moderate,Alamar Kitchen & Bar,False,100 Grand Avenue #111,2019-03-01,2,17:30
541,Santa Clara,American,False,408-748-0378,moderate,Bennigan's,True,4150 Great America Parkway,,,
542,Santa Clara,American,False,408-980-6400,expensive,Birk's,False,3955 Freedom Circle,,,
543,Santa Clara,American,False,408-727-0927,moderate,David's Restaurant,False,5151 Stars and Stripes Drive,,,
544,Santa Clara,American,False,408-645-5286,moderate,Poorboy's Cajun Kitchen,False,2605 Homestead Road,,,
545,Santa Clara,American,False,408-748-0378,moderate,Bennigan's,True,4150 Great America Parkway,2019-03-08,2,11:30
546,Burlingame,American,False,650-373-2237,moderate,37 North,False,835 Airport Boulevard,,,
547,Burlingame,American,False,650-347-1234,moderate,3sixty Bar Bistro Market,False,1333 Old Bayshore Highway,,,
548,Burlingame,American,False,650-342-6297,moderate,Original Max's,False,1250 Old Bayshore Highway,,,
549,Burlingame,American,False,650-344-6050,moderate,Steelhead Brewing Company,False,333 California Drive,,,
550,Burlingame,American,False,650-373-2237,moderate,37 North,False,835 Airport Boulevard,2019-03-01,2,13:30
551,Pleasanton,Italian,False,925-846-2555,moderate,Gay 90's Pizza Co.,False,288 Main Street,2019-03-10,2,13:30
552,San Francisco,Chinese,False,415-661-8385,inexpensive,Bei Fang Style,True,2218 Irving Street,2019-03-01,3,13:30
553,Oakland,African,False,510-547-4520,moderate,Cafe Eritrea D'afrique,False,4069 Telegraph Avenue,,,
554,Oakland,African,True,510-531-6970,moderate,Miliki Restaurant,True,3725 MacArthur Boulevard,,,
555,Oakland,African,True,510-531-6970,moderate,Miliki Restaurant,True,3725 MacArthur Boulevard,2019-03-12,2,11:30
556,Oakland,African,True,510-531-6970,moderate,Miliki Restaurant,True,3725 MacArthur Boulevard,2019-03-03,2,12:30
557,Walnut Creek,Take-out,True,925-280-5590,moderate,Panera Bread,False,1140 Locust Street,,,
558,Walnut Creek,Take-out,False,925-937-2031,moderate,Saroor Indian Cuisine,False,2580 North Main Street,,,
559,Walnut Creek,Take-out,False,925-938-3366,moderate,Sorrento Italian Restaurant And Pizza,False,2064 Treat Boulevard,,,
560,Walnut Creek,Take-out,True,925-280-5590,moderate,Panera Bread,False,1140 Locust Street,2019-03-01,2,18:00
561,San Mateo,American,False,650-558-8401,moderate,Central Park Bistro,False,181 East 4th Avenue,,,
562,San Mateo,American,False,650-212-2643,moderate,Qube Bar & Grill,True,4000 South El Camino Real,,,
563,San Mateo,American,False,650-558-8401,moderate,Central Park Bistro,False,181 East 4th Avenue,2019-03-01,2,18:00
564,Newark,Indian,False,510-745-9870,moderate,Biryani Pot,False,39277 Cedar Boulevard,,,
565,Newark,Indian,False,510-744-6945,moderate,Bombay Garden Restaurant,False,5995 Mowry Avenue,,,
566,Newark,Indian,False,510-668-1051,moderate,Chandni Restaurant,False,5748 Mowry School Road,,,
567,Newark,Indian,False,510-797-2167,moderate,Malaikottai Indian Chettinad Restaurant,False,5988 Newpark Mall Road,,,
568,Newark,Indian,False,510-745-9870,moderate,Biryani Pot,False,39277 Cedar Boulevard,2019-03-01,2,19:30
569,San Bruno,Mexican,False,650-877-8245,moderate,Celia's Mexican Restaurant,False,201 El Camino Real,,,
570,San Bruno,Mexican,False,650-952-2692,moderate,Chili's Grill & Bar,True,899 El Camino Real,,,
571,San Bruno,Mexican,False,650-588-8810,inexpensive,Taqueria Mi Durango,False,287 El Camino Real,,,
572,San Bruno,Mexican,False,650-952-2692,moderate,Chili's Grill & Bar,True,899 El Camino Real,2019-03-09,2,18:30
573,Berkeley,Asian,False,510-843-3951,moderate,Mount Everest Restaurant,True,2598 Telegraph Avenue,,,
574,Berkeley,Asian,False,510-843-3951,moderate,Mount Everest Restaurant,True,2598 Telegraph Avenue,2019-03-13,1,12:30
575,San Francisco,Chinese,False,415-282-8999,inexpensive,Alice's,False,1599 Sanchez Street,2019-03-01,2,12:00
576,Morgan Hill,Japanese,False,408-778-6288,moderate,Hanami Sushi,False,1295 East Dunne Avenue # 190,,,
577,Morgan Hill,Japanese,False,408-782-7939,moderate,Sushi Nara,False,301 Vineyard Town Center,,,
578,Morgan Hill,Japanese,False,408-782-7939,moderate,Sushi Nara,False,301 Vineyard Town Center,2019-03-12,3,12:30
579,Mountain View,Coffeehouse,False,650-967-7477,moderate,Bajis Cafe,True,2423 Old Middlefield Way,,,
580,Mountain View,Coffeehouse,False,650-965-2739,moderate,Tied House,True,954 Villa Street,,,
581,Mountain View,Coffeehouse,False,650-967-7477,moderate,Bajis Cafe,True,2423 Old Middlefield Way,2019-03-09,2,19:00
582,Fremont,Seafood,False,510-797-3474,moderate,Aniki's Sushi,True,3810 Mowry Avenue,,,
583,Fremont,Seafood,False,510-573-2264,moderate,Cut The Crab,False,4949 Stevenson Boulevard,,,
584,Fremont,Seafood,False,510-791-8675,moderate,Market Broiler Fremont,False,43406 Christy Street,,,
585,Fremont,Seafood,False,510-745-8866,moderate,Yum's Bistro,False,4906 Paseo Padre Parkway,,,
586,Fremont,Seafood,False,510-797-3474,moderate,Aniki's Sushi,True,3810 Mowry Avenue,2019-03-09,3,13:00
587,San Mateo,Asian,False,925-408-4891,moderate,Izakaya Ginji,True,301 East 4th Avenue,,,
588,San Mateo,Asian,False,650-345-9168,moderate,Little Sichuan Restaurant,False,168 East 4th Avenue,,,
589,San Mateo,Asian,False,650-558-8969,moderate,Old Town Sushi,False,112 South B Street,,,
590,San Mateo,Asian,False,650-487-8414,moderate,Tannourine,False,120 West 25th Avenue,,,
591,San Mateo,Asian,False,650-345-1277,inexpensive,The Noodle Shop,False,164 West 25th Avenue,,,
592,San Mateo,Asian,False,650-342-6451,moderate,Thonglor Thai Bistro,False,173 East 4th Avenue,,,
593,San Mateo,Asian,False,925-408-4891,moderate,Izakaya Ginji,True,301 East 4th Avenue,2019-03-01,1,13:30
594,South San Francisco,Japanese,False,650-873-1084,moderate,Amami San,False,310 Linden Avenue,,,
595,South San Francisco,Japanese,False,650-636-2267,moderate,Izanami,False,257 Grand Avenue,,,
596,South San Francisco,Japanese,False,650-952-2888,moderate,Kamu Sushi,False,112 Grand Avenue,,,
597,San Mateo,Japanese,False,650-522-9698,moderate,Daiki Sushi,True,2075 South El Camino Real,,,
598,San Mateo,Japanese,False,650-340-1508,moderate,Dash Japanese Tapas And Sushi,True,204 2nd Avenue A,,,
599,San Mateo,Japanese,False,650-212-1272,moderate,Inshou Japanese Cuisine,False,2942 South Norfolk Street,,,
600,San Mateo,Japanese,False,650-212-1828,moderate,Kaori Sushi And Sake Bar,False,123 West 25th Avenue,,,
601,San Mateo,Japanese,False,650-389-2482,moderate,Pacific Catch,True,243 South B Street,,,
602,San Mateo,Japanese,False,650-570-6609,moderate,Tokie's,False,34 East 4th Avenue,,,
603,San Mateo,Japanese,False,650-558-8239,moderate,Yu Raku,False,104 South El Camino Real,,,
604,San Mateo,Japanese,False,650-340-1508,moderate,Dash Japanese Tapas And Sushi,True,204 2nd Avenue A,2019-03-01,1,11:00
605,San Francisco,Pakistani,False,415-695-0599,moderate,Aslam's Rasoi,False,1037 Valencia Street,,,
606,San Francisco,Pakistani,False,415-399-1779,moderate,Chaat Corner,True,138 Cyril Magnin Street,,,
607,San Francisco,Pakistani,False,415-447-4041,moderate,Mela Tandoori Kitchen,False,536 Golden Gate Avenue,,,
608,San Francisco,Pakistani,False,415-447-7499,inexpensive,Punjab Kabab House,False,101 Eddy Street,,,
609,San Francisco,Pakistani,False,415-695-0599,moderate,Aslam's Rasoi,False,1037 Valencia Street,2019-03-14,3,17:30
610,San Jose,Take-out,False,408-286-7500,moderate,4th St Pizza Co,True,150 East Santa Clara Street,,,
611,San Jose,Take-out,False,408-378-0778,moderate,Mimi's Cafe,True,1200 El Paseo de Saratoga,,,
612,San Jose,Take-out,False,408-926-7133,moderate,Mountain Mike's Pizza,True,1170 North Capitol Avenue,,,
613,San Jose,Take-out,False,408-274-2287,moderate,Olive Garden Italian Restaurant,True,2226 Eastridge Loop,,,
614,San Jose,Take-out,False,408-378-0778,moderate,Mimi's Cafe,True,1200 El Paseo de Saratoga,2019-03-12,4,12:00
615,San Francisco,French,False,415-440-0460,very expensive,Atelier Crenn,True,3127 Fillmore Street,,,
616,San Francisco,French,False,415-771-7771,inexpensive,Chez Maman,True,2223 Union Street,,,
617,San Francisco,French,False,415-292-6916,moderate,Amelie San Francisco,True,1754 Polk Street,2019-03-01,2,18:00
618,St. Helena,Gastropub,False,707-963-8082,moderate,Cook Tavern & Pizzeria,True,1304 Main Street,,,
619,San Francisco,American,False,415-359-1212,expensive,1760,False,1760 Polk Street,2019-03-05,2,17:00
620,Dublin,Chinese,False,925-556-9988,moderate,China Paradise Restaurant,False,4580 Dublin Boulevard,2019-03-09,2,13:30
621,Pleasant Hill,Asian,False,925-288-0999,inexpensive,China Chef Restaurant,True,1200 Contra Costa Boulevard # K,,,
622,Pleasant Hill,Asian,False,925-686-9190,inexpensive,Green Garden,True,1675 Contra Costa Boulevard,,,
623,Pleasant Hill,Asian,False,925-686-9828,moderate,Sichuan Fortune House,False,41 Woodsworth Lane,,,
624,Pleasant Hill,Asian,False,925-288-0999,inexpensive,China Chef Restaurant,True,1200 Contra Costa Boulevard # K,2019-03-05,2,18:30
625,San Francisco,Japanese,False,415-530-2466,moderate,Ginto,True,658 Market Street,,,
626,San Francisco,Japanese,False,415-379-4539,moderate,Jin Pot,True,5158 Geary Boulevard,,,
627,San Francisco,Japanese,False,415-536-7888,moderate,Kaisen Sushi,True,71 5th Street,,,
628,San Francisco,Japanese,False,415-565-0918,moderate,Mikado Sushi,True,1684 Bryant Street,,,
629,San Francisco,Japanese,False,415-864-1888,moderate,Minako Organic Japanese Restaurant,True,2154 Mission Street,,,
630,San Francisco,Japanese,False,415-346-3486,moderate,Sanppo Restaurant,True,1702 Post Street,,,
631,San Francisco,Japanese,False,415-931-1182,moderate,Tataki Sushi And Sake Bar,True,2827 California Street,,,
632,San Francisco,Japanese,False,415-346-3477,moderate,Ten-ichi,True,2235 Fillmore Street,,,
633,San Francisco,Japanese,False,415-800-8498,moderate,Akira Japanese Restaurant,True,1634 Bush Street,2019-03-01,6,17:00
634,San Francisco,Japanese,False,415-292-9997,moderate,2g Japanese Brasserie,True,601 Van Ness Avenue,2019-03-02,1,12:30
635,Santa Rosa,Japanese,False,707-527-8871,moderate,Toyo Restaurant,False,3082 Marlow Road,2019-03-09,4,13:00
636,San Anselmo,Asian,False,415-455-8300,moderate,Auryn Thai Cuisine,True,AURYN Thai Cuisine,,,
637,San Anselmo,Asian,False,415-455-8300,moderate,Auryn Thai Cuisine,True,AURYN Thai Cuisine,2019-03-14,5,13:00
638,Danville,American,False,925-736-4295,expensive,Blackhawk Grille,True,3540 Blackhawk Plaza Circle,,,
639,Danville,American,False,925-838-7611,moderate,Dana's,False,416 Sycamore Valley Road,,,
640,Danville,American,False,925-314-0974,expensive,Esin Restaurant & Bar,True,750 Camino Ramon,,,
641,Danville,American,False,925-208-1758,moderate,Revel Kitchen & Bar,False,331 Hartz Avenue,,,
642,Danville,American,False,925-838-7611,moderate,Dana's,False,416 Sycamore Valley Road,2019-03-08,1,18:30
643,San Francisco,Seafood,False,415-989-8218,expensive,Akiko's Sushi Bar,True,542 A Mason Street,,,
644,San Francisco,Seafood,False,415-440-2828,moderate,Alamo Square Seafood Grill,False,803 Fillmore Street,,,
645,San Francisco,Seafood,False,415-673-0183,moderate,Alioto's,False,8 Fishermans Wharf,,,
646,San Francisco,Seafood,False,415-501-9100,expensive,Anchor & Hope,False,83 Minna Street,,,
647,San Francisco,Seafood,False,415-757-0120,moderate,Begoni Bistro,False,615 Jackson Street,,,
648,San Francisco,Seafood,False,415-757-0569,moderate,Betty Lou's Seafood & Grill,True,318 Columbus Avenue,,,
649,San Francisco,Seafood,False,415-387-2441,moderate,Blue Fin Sushi & Lounge,False,1814 Clement Street,,,
650,San Francisco,Seafood,False,415-593-8000,moderate,Brindisi Cucina Di Mare,False,88 Belden Place,,,
651,San Francisco,Seafood,False,415-981-1251,moderate,Caffe Sport,True,574 Green Street,,,
652,San Francisco,Seafood,False,415-434-2722,expensive,Crab House At Pier 39,True,203 Pier 39,,,
653,San Francisco,Seafood,False,415-989-8218,expensive,Akiko's Sushi Bar,True,542 A Mason Street,2019-03-01,1,17:00
654,Oakland,Indian,False,510-250-9696,moderate,Annapurna Restaurant & Bar,False,948 Clay Street,,,
655,Oakland,Indian,False,510-835-3777,inexpensive,Biryani Kabab Halal Indian & Pakistani Cuisine,False,377 13th Street,,,
656,Oakland,Indian,False,510-250-9696,moderate,Annapurna Restaurant & Bar,False,948 Clay Street,2019-03-07,2,19:30
657,Santa Rosa,Italian,False,707-539-0260,moderate,Basilico,False,4776 Sonoma Highway,,,
658,Santa Rosa,Italian,False,707-542-5800,expensive,Ca'bianca,False,835 2nd Street,,,
659,Santa Rosa,Italian,False,707-528-3336,moderate,Italian Affair,True,1055 4th Street,,,
660,Santa Rosa,Italian,False,707-575-1113,moderate,La Vera Pizza,False,629 4th Street,,,
661,Santa Rosa,Italian,False,707-523-2227,moderate,Lococo's Cucina Rustica,False,117 4th Street,,,
662,Santa Rosa,Italian,False,707-579-2682,moderate,Riviera,False,75 Montgomery Drive,,,
663,Santa Rosa,Italian,False,707-528-7755,moderate,The Villa,False,3901 Montgomery Drive,,,
664,Santa Rosa,Italian,False,707-583-0035,moderate,Tomatina,True,2323 Sonoma Avenue,,,
665,Santa Rosa,Italian,False,707-542-9050,moderate,Trattoria Cattaneo,False,2700 Yulupa Avenue,,,
666,Santa Rosa,Italian,False,707-538-6000,moderate,Union Hotel Restaurant,True,280 Mission Boulevard,,,
667,Santa Rosa,Italian,False,707-539-0260,moderate,Basilico,False,4776 Sonoma Highway,2019-03-04,2,18:00
668,Albany,Take-out,False,510-526-2552,moderate,Nizza La Bella,True,825 San Pablo Avenue,,,
669,Albany,Take-out,False,510-525-8686,moderate,Solano Grill & Bar,False,1133 Solano Avenue,,,
670,Albany,Take-out,False,510-526-2552,moderate,Nizza La Bella,True,825 San Pablo Avenue,2019-03-10,4,17:00
671,Sunnyvale,Vegetarian,False,408-245-8988,moderate,Merit Vegan Restaurant,False,548 Lawrence Expressway #2,,,
672,Sunnyvale,Vegetarian,False,408-245-8988,moderate,Merit Vegan Restaurant,False,548 Lawrence Expressway #2,2019-03-01,1,12:30
673,San Francisco,Seafood,False,415-776-2722,expensive,Crustacean,False,1475 Polk Street,,,
674,San Francisco,Seafood,False,415-282-0400,expensive,Kiji,False,1009 Guerrero Street,,,
675,San Francisco,Seafood,False,415-397-8880,expensive,La Mar Cebicheria Peruana,True,pier 1 1/2 The Embarcadero,,,
676,San Francisco,Seafood,False,415-872-9982,expensive,Leo's Oyster Bar,True,568 Sacramento Street,,,
677,San Francisco,Seafood,False,415-929-1730,expensive,Mccormick & Kuleto's Seafood & Steaks,True,900 North Point Street,,,
678,San Francisco,Seafood,False,415-989-7300,expensive,Park Tavern,True,1652 Stockton Street,,,
679,San Francisco,Seafood,False,415-501-9100,expensive,Anchor & Hope,False,83 Minna Street,2019-03-05,5,18:30
680,San Francisco,Burmese,False,415-933-9900,moderate,B Star,False,127 Clement Street,,,
681,San Francisco,Burmese,False,415-861-2100,moderate,Burma Love,False,211 Valencia Street,,,
682,San Francisco,Burmese,False,415-386-3896,moderate,Mandalay Restaurant,False,4348 California Street,,,
683,San Francisco,Burmese,False,415-751-2598,moderate,Pagan Restaurant,False,3199 Clement Street,,,
684,San Francisco,Burmese,False,415-610-4333,moderate,Rangoon Ruby Burmese Cuisine,True,590 Van Ness Avenue,,,
685,San Francisco,Burmese,False,415-861-2100,moderate,Burma Love,False,211 Valencia Street,2019-03-07,4,19:00
686,Oakland,Brunch,True,510-817-4477,moderate,Eve's Waterfront,True,15 Embarcadero West,,,
687,Oakland,Brunch,True,510-817-4477,moderate,Eve's Waterfront,True,15 Embarcadero West,2019-03-01,2,12:30
688,San Francisco,Japanese,False,415-292-9997,moderate,2g Japanese Brasserie,True,601 Van Ness Avenue,2019-03-02,1,12:00
689,Burlingame,Thai,False,650-558-8268,moderate,Coconut Bay Thai Restaurant,False,1107 Howard Avenue,,,
690,Burlingame,Thai,False,650-344-1900,moderate,Narin Thai Cuisine,False,231 Park Road,,,
691,Burlingame,Thai,False,650-558-8268,moderate,Coconut Bay Thai Restaurant,False,1107 Howard Avenue,2019-03-09,2,11:00
692,Vacaville,Japanese,False,707-448-4002,moderate,Hisui | Japanese Restaurant,False,1350 East Monte Vista Avenue,,,
693,Vacaville,Japanese,False,707-469-7480,moderate,Umi Sushi,False,501 Davis Street,,,
694,Vacaville,Japanese,False,707-448-4002,moderate,Hisui | Japanese Restaurant,False,1350 East Monte Vista Avenue,2019-03-01,2,13:30
695,Sausalito,American,False,415-729-9593,expensive,Barrel House Tavern,True,660 Bridgeway,,,
696,Sausalito,American,False,415-339-4750,expensive,Murray Circle Restaurant,False,602 Murray Circle,,,
697,Sausalito,American,False,415-332-1454,moderate,Napa Valley Burger,False,670 Bridgeway,,,
698,Sausalito,American,False,415-331-3226,moderate,Salito's Crab House & Prime Rib,True,1200 Bridgeway,,,
699,Sausalito,American,False,415-332-1512,moderate,Saylor's Restaurant & Bar,False,2009 Bridgeway,,,
700,Sausalito,American,False,415-729-9593,expensive,Barrel House Tavern,True,660 Bridgeway,2019-03-01,2,13:00
701,Oakland,Italian,False,510-918-3205,moderate,Contrasto,True,388 Grand Avenue,2019-03-01,2,12:00
702,San Francisco,Steakhouse,False,415-397-1928,very expensive,Alfred's Steakhouse,False,659 Merchant Street,,,
703,San Francisco,Steakhouse,False,415-273-3085,very expensive,Bob's Steak & Chop House,False,500 California Street,,,
704,San Francisco,Steakhouse,False,415-441-8880,expensive,Bobo's,False,1450 Lombard Street,,,
705,San Francisco,Steakhouse,False,415-552-8792,expensive,Espetus Churrascaria - San Francisco,False,1686 Market Street,,,
706,San Francisco,Steakhouse,True,415-673-8817,expensive,Harris',False,2100 Van Ness Avenue,,,
707,San Francisco,Steakhouse,False,415-563-0487,expensive,Izzy's,False,3345 Steiner Street,,,
708,San Francisco,Steakhouse,False,415-989-2539,expensive,5a5 Steak Lounge,True,244 Jackson Street,2019-03-01,2,17:00
709,Benicia,Brunch,True,707-745-3749,moderate,Lucca Bar & Grill,True,439 1st Street,,,
710,Benicia,Brunch,True,707-745-3749,moderate,Lucca Bar & Grill,True,439 1st Street,2019-03-01,1,11:00
711,San Francisco,Asian,False,415-863-9335,moderate,Bai Thong Thai,False,298 Gough Street,2019-03-01,2,18:00
712,San Francisco,Mediterranean,False,415-957-5463,expensive,Barcha,True,28 Fremont Street,,,
713,San Francisco,Mediterranean,False,415-399-1155,expensive,Boulibar,True,One Ferry Building #35,,,
714,San Francisco,Mediterranean,False,415-970-2428,inexpensive,Goood Frikin Chicken,False,10 29th Street,,,
715,San Francisco,Mediterranean,False,415-872-9767,moderate,La Marsa,True,454 Geary Street,,,
716,San Francisco,Mediterranean,False,415-400-4623,moderate,Lark,False,4068 18th Street,,,
717,San Francisco,Mediterranean,False,415-668-1676,moderate,Layaly Mediterranean Grill,False,2435 Clement Street,,,
718,San Francisco,Mediterranean,False,415-829-2730,inexpensive,Mazza Luna,False,810 Van Ness Avenue,,,
719,San Francisco,Mediterranean,False,415-864-8643,expensive,Nopa,True,560 Divisadero Street,,,
720,San Francisco,Mediterranean,False,415-974-1212,expensive,Oro,True,8 Mint Plaza,,,
721,San Francisco,Mediterranean,False,415-512-7400,moderate,Palomino,True,345 Spear Street #100,,,
722,San Francisco,Mediterranean,False,415-957-5463,expensive,Barcha,True,28 Fremont Street,2019-03-01,2,11:30
723,San Mateo,Mexican,False,650-349-0165,moderate,Celia's,False,Laurelwood Shopping Center,2019-03-08,2,11:00
724,San Francisco,Mediterranean,False,415-957-5463,expensive,Barcha,True,28 Fremont Street,2019-03-03,2,11:00
725,Santa Clara,Asian,False,408-423-0001,moderate,Beijing Restaurant,False,1460 Halford Avenue,,,
726,Santa Clara,Asian,False,408-985-8808,moderate,Korean Spring,False,1062 Kiely Boulevard,,,
727,Santa Clara,Asian,False,408-248-9747,moderate,Mayuri Indian Cuisine,False,2232 El Camino Real,,,
728,Santa Clara,Asian,False,408-244-8531,moderate,Shu's,False,3258 El Camino Real,,,
729,Santa Clara,Asian,False,408-973-0604,moderate,Sumiya,False,2634 Homestead Road,,,
730,Santa Clara,Asian,False,408-615-8086,moderate,Tong Soon Garden,False,3240 El Camino Real,,,
731,Santa Clara,Asian,False,408-244-4534,moderate,Truya Sushi,True,3431 El Camino Real,,,
732,Santa Clara,Asian,False,408-423-0001,moderate,Beijing Restaurant,False,1460 Halford Avenue,2019-03-01,2,18:30
733,Oakland,Afghan,False,510-286-1900,moderate,Kamdesh Afghan Kabab House,False,332 14th Street,,,
734,Oakland,Afghan,False,510-286-1900,moderate,Kamdesh Afghan Kabab House,False,332 14th Street,2019-03-01,2,17:30
735,Oakland,Jamaican,True,510-465-2558,moderate,Kingston 11 Cuisine,False,2270 Telegraph Avenue,,,
736,Santa Rosa,Chinese,False,707-526-5840,moderate,Gary Chu's,True,611 5th Street,,,
737,Santa Rosa,Chinese,False,707-525-1957,moderate,Kirin,True,2700 Yulupa Avenue,,,
738,Santa Rosa,Chinese,False,707-521-9239,inexpensive,Mei-don Chinese Cuisine,False,6576 Oakmont Drive,,,
739,Santa Rosa,Chinese,False,707-526-5840,moderate,Gary Chu's,True,611 5th Street,2019-03-01,2,17:30
740,Alamo,American,False,925-855-9000,moderate,Xenia Bistro,False,115 Alamo Plaza # A,,,
741,Alamo,American,False,925-855-9000,moderate,Xenia Bistro,False,115 Alamo Plaza # A,2019-03-14,3,13:00
742,Alameda,Mexican,False,510-239-4912,moderate,Acapulco,False,2100 Lincoln Avenue,,,
743,Alameda,Mexican,False,510-521-9090,moderate,Otaez,False,1619 Webster Street,,,
744,Alameda,Mexican,False,510-239-4912,moderate,Acapulco,False,2100 Lincoln Avenue,2019-03-01,2,17:00
745,San Francisco,Shabu-shabu,False,415-742-5265,moderate,Shabu Club,False,951 Clement Street,,,
746,San Francisco,Shabu-shabu,False,415-586-8800,moderate,Shabu House,False,2608 Ocean Avenue,,,
747,San Francisco,American,False,415-355-9400,expensive,Bar Agricole,True,355 11th Street,,,
748,San Francisco,American,False,415-695-8777,expensive,Bernal Star,False,410 Cortland Avenue,,,
749,San Francisco,American,True,415-433-6300,expensive,Bix,False,56 Gold Street,,,
750,San Francisco,American,False,415-547-1111,expensive,Bluestem Brasserie,False,1 Yerba Buena Lane,,,
751,San Francisco,American,False,415-351-0175,expensive,Circa,True,Chestnut Street,,,
752,San Francisco,American,False,415-977-0271,expensive,Ducca,True,50 3rd Street,,,
753,San Francisco,American,False,415-359-1212,expensive,1760,False,1760 Polk Street,2019-03-01,2,19:00
754,San Jose,Indian,False,408-270-2578,moderate,8elements,True,1781 Capitol Expressway,,,
755,San Jose,Indian,False,408-248-5400,expensive,Amber India,True,377 Santana Row #1140,,,
756,San Jose,Indian,False,408-528-8500,moderate,Caspian Village,True,2881 The Villages Parkway,,,
757,San Jose,Indian,False,408-418-2230,moderate,M Asian Fusion Restaurant,True,98 South 2nd Street,,,
758,San Jose,Indian,False,408-436-7959,inexpensive,Madhuban Indian Cuisine,True,50 Skyport Drive,,,
759,San Jose,Indian,False,408-369-1888,moderate,Steps Of India,False,2062 Curtner Avenue,,,
760,San Jose,Indian,False,408-289-1935,inexpensive,Tandoori Fusion Grill,False,225 East Santa Clara Street,,,
761,San Jose,Indian,False,408-973-9673,moderate,The Mynt,False,5210 Prospect Road,,,
762,San Jose,Indian,False,408-528-8500,moderate,Caspian Village,True,2881 The Villages Parkway,2019-03-11,2,11:00
763,El Cerrito,Korean,False,510-524-8772,moderate,Ancient Szechuan,False,10675 San Pablo Avenue,,,
764,El Cerrito,Korean,False,510-524-8772,moderate,Ancient Szechuan,False,10675 San Pablo Avenue,2019-03-01,2,13:00
765,Half Moon Bay,Seafood,False,650-712-1125,moderate,Flying Fish Bar & Grill,True,211 San Mateo Road,,,
766,Half Moon Bay,Seafood,False,650-728-8108,moderate,Mezza Luna Restaurant,True,459 Prospect Way,,,
767,Half Moon Bay,Seafood,True,650-712-0245,moderate,Sam's Chowder House,False,4210 Cabrillo Highway,,,
768,Half Moon Bay,Seafood,False,650-712-1125,moderate,Flying Fish Bar & Grill,True,211 San Mateo Road,2019-03-01,4,17:00
769,San Francisco,French,False,415-402-5290,moderate,Aquitaine Wine Bar & Bistro,False,175 Sutter Street,2019-03-01,3,13:00
770,Mountain View,Japanese,False,650-967-6166,inexpensive,Momoya Sushi,False,570 North Shoreline Boulevard J,,,
771,Mountain View,Japanese,False,650-967-6166,inexpensive,Momoya Sushi,False,570 North Shoreline Boulevard J,2019-03-01,2,18:00
772,Oakland,Indian,False,510-250-9696,moderate,Annapurna Restaurant & Bar,False,948 Clay Street,2019-03-01,2,19:00
773,South San Francisco,Chinese,False,650-837-9068,inexpensive,King Sun Buffet,False,245 South Airport Boulevard,,,
774,South San Francisco,Chinese,False,650-588-6858,inexpensive,New Golden Wok,False,136 Hazelwood Drive,,,
775,South San Francisco,Chinese,False,650-634-8388,inexpensive,The Night Market,False,230 South Spruce Avenue,,,
776,South San Francisco,Chinese,False,650-634-8388,inexpensive,The Night Market,False,230 South Spruce Avenue,2019-03-01,2,11:30
777,Berkeley,Seafood,False,510-524-1286,moderate,Akemi Japanese Restaurant,True,1695 Solano Avenue,,,
778,Berkeley,Seafood,False,510-525-5458,moderate,Kiku Sushi,False,1316 Gilman Street,,,
779,Berkeley,Seafood,False,510-549-1900,expensive,Skates On The Bay,False,100 Seawall Drive,,,
780,Berkeley,Seafood,False,510-548-0737,moderate,Sushi California,False,2033 Martin Luther King Junior Way,,,
781,Berkeley,Seafood,False,510-524-1286,moderate,Akemi Japanese Restaurant,True,1695 Solano Avenue,2019-03-01,2,18:30
782,Fremont,Japanese,False,510-792-0700,moderate,Satomi Sushi,False,3655 Thornton Avenue,,,
783,Fremont,Japanese,False,510-440-1613,moderate,Sushi Tango Restaurant,False,4193 Cushing Parkway,,,
784,Fremont,Japanese,False,510-683-8800,moderate,Toro,False,43785 Boscell Road,,,
785,Fremont,Japanese,False,510-656-5021,moderate,Yuki Japanese Restaurant,False,1932 Driscoll Road,,,
786,San Francisco,Japanese,False,415-742-0552,moderate,Ginza Sushi & Sake,False,1793 Haight Street,,,
787,San Francisco,Japanese,False,415-673-6826,moderate,Grandeho's Kamekyo,False,2721 Hyde Street,,,
788,San Francisco,Japanese,False,415-567-4903,moderate,Ace Wasabi Rock-n-roll Sushi,False,3339 Steiner Street,2019-03-01,2,11:30
789,Dublin,Indian,False,408-472-0229,moderate,Chaat Bhavan,False,4112 Grafton Street,,,
790,Dublin,Indian,False,925-364-7086,moderate,Paradise Biryani Pointe,False,6601 Dublin Boulevard,,,
791,Dublin,Indian,False,925-829-8398,moderate,Peacock Indian Cuisine,True,6608 Dublin Boulevard,,,
792,Dublin,Indian,False,408-472-0229,moderate,Chaat Bhavan,False,4112 Grafton Street,2019-03-01,2,17:00
793,Danville,Japanese,False,925-552-5888,moderate,Akira Bistro,False,499 San Ramon Valley Boulevard,,,
794,Danville,Japanese,False,925-648-7838,moderate,Blue Gingko Blackhawk,True,3496 Blackhawk Plaza Circle,,,
795,Danville,Japanese,False,925-820-3823,moderate,Sushi Yokohama,False,558 San Ramon Valley Boulevard,,,
796,Danville,Japanese,False,925-553-7061,moderate,Taru Japanese Cuisine,False,120 East Prospect Avenue,,,
797,Milpitas,Japanese,False,408-946-5100,moderate,My No.1 Sushi & Tofu,True,1747 North Milpitas Boulevard,,,
798,Milpitas,Japanese,False,408-945-9999,moderate,Sushi Maru Restaurant,False,599 East Calaveras Boulevard,,,
799,Milpitas,Japanese,False,408-946-5100,moderate,My No.1 Sushi & Tofu,True,1747 North Milpitas Boulevard,2019-03-11,2,13:00
800,Santa Rosa,Italian,False,707-542-5800,expensive,Ca'bianca,False,835 2nd Street,2019-03-01,4,12:30
801,Alameda,Seafood,False,510-865-5088,moderate,Pier 29,False,1148 Ballena Boulevard,,,
802,Alameda,Seafood,False,510-865-5088,moderate,Pier 29,False,1148 Ballena Boulevard,2019-03-03,6,18:00
803,Hercules,Seafood,False,510-245-0888,moderate,Claws And Craws,False,848 Willow Avenue,,,
804,Hercules,Seafood,False,510-245-1581,moderate,Genki House Japanese Restaurant,False,1581 Sycamore Avenue #8,,,
805,Hercules,Seafood,False,510-245-0888,moderate,Claws And Craws,False,848 Willow Avenue,2019-03-01,2,18:30
806,San Francisco,Korean,False,415-292-2368,moderate,Aato,True,1449 Lombard Street,,,
807,San Francisco,Korean,False,415-525-4985,moderate,Barnzu,True,711 Geary Street,,,
808,San Francisco,Korean,False,415-872-9868,moderate,Beque Bbq Grill,False,1825 Post Street,,,
809,San Francisco,Korean,False,415-387-7991,moderate,Brothers Restaurant,False,4128 Geary Boulevard,,,
810,San Francisco,Korean,False,415-398-2838,moderate,City View Restaurant,False,662 Commercial Street,,,
811,San Francisco,Korean,False,415-776-1898,moderate,Dong Baek,False,631 O'Farrell Street #94,,,
812,San Francisco,Korean,False,415-752-4447,moderate,Han Il Kwan,False,1802 Balboa Street,,,
813,San Francisco,Korean,False,415-668-8836,moderate,Hong Kong Lounge,False,5322 Geary Boulevard,,,
814,San Francisco,Korean,False,415-859-7111,inexpensive,Hwaro,True,4516 Mission Street,,,
815,San Francisco,Korean,False,415-929-1471,moderate,Playground,False,1705 Buchanan Street,,,
816,San Francisco,Korean,False,415-292-2368,moderate,Aato,True,1449 Lombard Street,2019-03-02,2,19:30
817,Milpitas,Take-out,False,669-213-9385,moderate,Red Chillies The Malabar Cuisine,False,167 South Main Street,2019-03-01,2,11:00
818,Concord,Japanese,False,925-827-4220,expensive,Benihana,True,1989 Diamond Boulevard,,,
819,Concord,Japanese,False,925-332-7610,moderate,Kamrai Sushi & Thai Grill,False,4743 Clayton Road Suite 1,,,
820,Concord,Japanese,False,925-686-1888,inexpensive,Sushi Momoyama,False,1800 Monument Boulevard D,,,
821,Concord,Japanese,False,925-686-1888,inexpensive,Sushi Momoyama,False,1800 Monument Boulevard D,2019-03-01,1,17:00
822,Pleasanton,Coffeehouse,True,925-249-0620,inexpensive,Mcdonald's,True,3001 Bernal Avenue,,,
823,Pleasanton,Coffeehouse,True,925-249-0620,inexpensive,Mcdonald's,True,3001 Bernal Avenue,2019-03-02,2,18:00
824,Foster City,Indian,False,650-638-1555,inexpensive,Tabla Indian Restaurant,False,1088 Shell Boulevard c,2019-03-01,2,13:30
825,Fairfield,Asian,True,707-863-7500,moderate,Sticky Rice Chinese Bistro & Bar,False,5030 Business Center Drive,,,
826,Fairfield,Asian,True,707-863-7500,moderate,Sticky Rice Chinese Bistro & Bar,False,5030 Business Center Drive,2019-03-11,2,18:30
827,San Francisco,Italian,False,415-543-5100,moderate,54 Mint Ristorante Italiano,True,16 Mint Plaza,2019-03-03,4,17:00
828,San Francisco,Mediterranean,False,415-970-2428,inexpensive,Goood Frikin Chicken,False,10 29th Street,2019-03-01,2,17:30
829,Richmond,Japanese,False,510-222-3686,moderate,Tokyo Shabusushi Restaurant,True,3044 Hilltop Mall Road,,,
830,Richmond,Japanese,False,510-222-3686,moderate,Tokyo Shabusushi Restaurant,True,3044 Hilltop Mall Road,2019-03-08,3,18:00
831,Hayward,Seafood,False,510-727-1568,moderate,Sapporo Restaurant,False,22507 Main Street,,,
832,Hayward,Seafood,False,510-727-1568,moderate,Sapporo Restaurant,False,22507 Main Street,2019-03-01,2,17:30
833,San Francisco,Mediterranean,False,415-796-3812,moderate,Pera,True,1457 18th Street,,,
834,San Francisco,Mediterranean,False,415-563-1000,moderate,Troya Restaurant,False,2125 Fillmore Street,,,
835,San Francisco,Mediterranean,False,415-872-9767,moderate,La Marsa,True,454 Geary Street,2019-03-12,1,19:30
836,Pleasanton,American,False,925-800-3090,expensive,Sabio On Main,True,501 Main Street,2019-03-01,2,18:00
837,Occidental,Italian,False,707-874-0301,moderate,Negri's Original Occidental,False,3700 Bohemian Highway,,,
838,Occidental,Italian,False,707-874-0301,moderate,Negri's Original Occidental,False,3700 Bohemian Highway,2019-03-01,2,13:00
839,San Jose,Take-out,False,408-378-0778,moderate,Mimi's Cafe,True,1200 El Paseo de Saratoga,2019-03-01,2,11:00
840,Petaluma,Indian,True,707-775-4717,moderate,Shree Indian Cuisine,True,220 Western Avenue,2019-03-01,2,11:30
841,San Leandro,Mediterranean,False,510-850-5020,moderate,Moussaka Mediterranean Kitchen,False,599 Dutton Avenue,,,
842,San Leandro,Mediterranean,False,510-850-5020,moderate,Moussaka Mediterranean Kitchen,False,599 Dutton Avenue,2019-03-01,1,19:30
843,Fremont,Chinese,False,510-770-8818,moderate,B K's Bistro,False,3113 Stevenson Boulevard,,,
844,Fremont,Chinese,False,510-226-1588,moderate,Boiling Hot Pot,False,46997 Warm Springs Boulevard,,,
845,Fremont,Chinese,False,510-790-9888,inexpensive,Chong Qing Xiao Mian,False,34420 Fremont Boulevard,,,
846,Fremont,Chinese,False,510-651-8989,moderate,Little Dipper Shabu Shabu,False,46573 Mission Boulevard,,,
847,Fremont,Chinese,False,510-657-5555,moderate,Little Hot Pot,False,43829 Boscell Road,,,
848,Fremont,Chinese,False,510-252-9926,inexpensive,New Yong Kang Seafood Restaurant,False,40900 Fremont Boulevard,,,
849,Fremont,Chinese,False,510-744-9988,moderate,Ping's Bistro,False,34145 Fremont Boulevard,,,
850,Fremont,Chinese,False,510-226-1588,moderate,Boiling Hot Pot,False,46997 Warm Springs Boulevard,2019-03-08,2,12:00
851,San Jose,Indian,False,408-528-8500,moderate,Caspian Village,True,2881 The Villages Parkway,2019-03-01,2,11:00
852,San Mateo,Seafood,False,650-348-7810,moderate,Fuji Sukiyaki,False,428 East 3rd Avenue,2019-03-07,2,13:00
853,Santa Rosa,American,False,707-526-5787,moderate,Belly Left Coast Kitchen & Taproom,False,523 4th Street,,,
854,Santa Rosa,American,False,707-636-7388,moderate,Brasserie Restaurant & Lounge,False,170 Railroad Street,,,
855,Santa Rosa,American,False,707-569-8222,moderate,Bruno's On Fourth,True,1226 4th Street,,,
856,Santa Rosa,American,False,707-230-2610,moderate,Earth's Bounty Kitchen & Wine Bar,True,5755 Mountain Hawk Drive,,,
857,Santa Rosa,American,False,707-526-1229,moderate,Franchettis',True,1229 North Dutton Avenue,,,
858,Santa Rosa,American,False,707-526-4347,moderate,Jack & Tony's,False,115 4th Street,,,
859,Santa Rosa,American,True,707-569-9222,inexpensive,Mcdonald's,False,2642 Santa Rosa Avenue,,,
860,Santa Rosa,American,False,707-541-6896,moderate,Perch + Plow,True,90 Old Courthouse Square,,,
861,Santa Rosa,American,False,707-528-7100,expensive,The Spinster Sisters,False,401 South A Street,,,
862,Santa Rosa,American,False,707-230-2610,moderate,Earth's Bounty Kitchen & Wine Bar,True,5755 Mountain Hawk Drive,2019-03-06,1,19:00
863,Healdsburg,Ramen,False,707-431-1995,moderate,The Taste Of Tea,True,109 North Street,,,
864,Healdsburg,Ramen,False,707-431-1995,moderate,The Taste Of Tea,True,109 North Street,2019-03-08,4,19:30
865,San Francisco,Seafood,False,415-923-8577,expensive,Petit Marlowe,True,234 Townsend Street,,,
866,San Francisco,Seafood,False,415-501-9100,expensive,Anchor & Hope,False,83 Minna Street,2019-03-01,2,17:00
867,Santa Clara,Japanese,False,408-988-2555,moderate,Amakai Japanese Cuisine,False,4300 Great America Parkway #156,,,
868,Santa Clara,Japanese,False,408-244-8500,moderate,Fugetsu,True,2783 El Camino Real,,,
869,Santa Clara,Japanese,False,408-248-8500,moderate,Hatcho Japanese Cuisine,True,1271 Franklin Mall,,,
870,Santa Clara,Japanese,False,408-824-9052,expensive,Leichi,True,246 Saratoga Avenue,,,
871,Santa Clara,Japanese,False,408-246-9333,moderate,Taichi Pot Shabu Shabu,True,2640 Homestead Road,,,
872,Santa Clara,Japanese,False,408-248-9144,moderate,Yuki Sushi,False,1827 Pruneridge Avenue,,,
873,Santa Clara,Japanese,False,408-988-2555,moderate,Amakai Japanese Cuisine,False,4300 Great America Parkway #156,2019-03-01,1,18:30
874,San Francisco,Peruvian,False,415-552-4438,moderate,Destino,False,1815 Market Street,,,
875,San Francisco,Peruvian,False,415-695-0549,moderate,Fresca,False,3945 24th Street,,,
876,San Francisco,Peruvian,False,415-345-1685,moderate,La Fina Estampa,False,1407 Bush Street,,,
877,San Francisco,Peruvian,False,415-821-2134,moderate,Limon Rotisserie,True,1001 South Van Ness Avenue,,,
878,San Francisco,Peruvian,False,415-278-0480,moderate,Mochica,False,1469 18th Street,,,
879,San Francisco,Peruvian,False,415-552-4438,moderate,Destino,False,1815 Market Street,2019-03-08,2,19:30
880,Pacifica,Japanese,False,650-898-8730,moderate,8 Sushi,False,2470 Skyline Boulevard,,,
881,Pacifica,Japanese,False,650-355-1886,moderate,Ocean Fish Sushi & Grill,False,455 Oceana Boulevard,,,
882,Pacifica,Japanese,False,415-767-6633,moderate,Uoyakutei Japanese Restaurant,False,4408 Pacific Coast Highway,,,
883,Pacifica,Japanese,False,650-355-1886,moderate,Ocean Fish Sushi & Grill,False,455 Oceana Boulevard,2019-03-13,2,13:00
884,Sausalito,Chinese,False,415-332-5818,moderate,Tommy's Wok Chinese Cuisine,True,3001 Bridgeway H,,,
885,Sausalito,Chinese,False,415-332-5818,moderate,Tommy's Wok Chinese Cuisine,True,3001 Bridgeway H,2019-03-07,2,19:30
886,Newark,Filipino,False,510-445-1602,moderate,Isla Filipino Restaurant,False,5720 Mowry School Road,,,
887,Newark,Filipino,False,510-445-1602,moderate,Isla Filipino Restaurant,False,5720 Mowry School Road,2019-03-01,2,17:30
888,San Francisco,American,False,415-732-7777,moderate,Palmer's Tavern,False,2298 Fillmore Street,2019-03-01,2,12:00
889,San Francisco,California,False,415-567-4400,moderate,Jannah,True,1775 Fulton Street,2019-03-08,2,11:30
890,San Francisco,Thai,False,415-731-9999,moderate,Marnee Thai,False,1243 9th Avenue,2019-03-08,2,19:00
891,San Francisco,Chinese,False,415-282-0919,inexpensive,Eric's Restaurant,False,1500 Church Street,2019-03-01,2,18:00
892,San Francisco,American,True,415-923-1138,inexpensive,Mcdonald's,False,1100 Fillmore Street,2019-03-01,2,17:00
893,Vacaville,Japanese,False,707-448-4002,moderate,Hisui | Japanese Restaurant,False,1350 East Monte Vista Avenue,2019-03-01,2,19:30
894,El Cerrito,Japanese,False,510-237-0562,moderate,Yoshio Sushi,False,10889 San Pablo Avenue,2019-03-05,3,18:30
895,San Francisco,French,False,415-402-5290,moderate,Aquitaine Wine Bar & Bistro,False,175 Sutter Street,2019-03-14,2,12:00
896,Berkeley,French,False,510-849-2155,expensive,Bistro Liaison,True,1849 Shattuck Avenue,2019-03-01,2,18:00
897,San Francisco,Mediterranean,False,415-400-4623,moderate,Lark,False,4068 18th Street,2019-03-01,2,17:30
898,Daly City,Burmese,False,650-449-1378,inexpensive,Taste Of Burma,False,2025 Gellert Boulevard #200,2019-03-01,2,19:30
899,Concord,Mexican,True,925-676-5252,moderate,Agave Grill & Cantina,False,1935 Galindo Street,2019-03-10,2,13:30
900,Cotati,Chinese,False,707-664-1004,inexpensive,China Chef,False,7991 Old Redwood Highway,2019-03-01,2,17:00
901,San Francisco,Italian,False,415-561-1111,moderate,Pescatore,True,2455 Mason Street,2019-03-01,2,12:30
902,San Francisco,American,False,415-795-1272,expensive,State Bird Provisions,True,1529 Fillmore Street,2019-03-09,2,19:00
903,San Francisco,Vietnamese,False,415-665-1146,expensive,Thanh Long Restaurant,False,4101 Judah Street,2019-03-10,2,13:30
904,Hayward,Mexican,False,510-785-8200,moderate,The Mexican Restaurant & Bar,True,19950 Hesperian Boulevard,2019-03-01,2,18:30
905,Petaluma,American,False,707-782-9090,moderate,Pub Republic,True,3120 Lakeville Highway,2019-03-10,2,18:00
906,Alameda,Japanese,False,510-749-0460,moderate,Angel Fish,False,883 Island Drive C-2,2019-03-01,2,12:00
907,San Francisco,Japanese,False,415-503-0702,very expensive,Maruya,True,2931 16th Street,2019-03-02,4,12:00
908,Fairfield,Salad,True,707-864-1001,inexpensive,Mcdonald's,False,4400 Central Place,2019-03-07,2,18:00
909,San Jose,Japanese,False,408-723-1133,moderate,Kampai Bar And Grill,False,519 West Capitol Expressway,2019-03-13,2,18:30
910,Oakland,Coffeehouse,False,510-420-6962,expensive,Homestead,False,4029 Piedmont Avenue,2019-03-02,2,13:30
911,Rohnert Park,American,False,707-585-2722,moderate,Bear Republic Brewing Co.,True,5000 Roberts Lake Road,2019-03-01,2,19:00
912,Oakland,Asian,False,510-420-8600,moderate,Sukho Thai,False,5498 College Avenue,2019-03-08,2,17:00
913,Palo Alto,Asian,False,650-285-2770,moderate,Burma Ruby Burmese Cuisine,False,326 University Avenue,2019-03-01,2,17:00
914,Concord,Mexican,True,925-685-5582,moderate,El Rancho Restaurant,False,1450 Monument Boulevard,2019-03-01,1,19:30
915,San Jose,Asian,False,408-286-6668,moderate,Dynasty,False,1001 Story Road,2019-03-12,2,19:30
916,San Jose,Bistro,False,408-248-9091,moderate,Village California Bistro And Wine Bar,True,378 Santana Row #1035,2019-03-01,3,11:30
917,Berkeley,Indian,False,510-528-2519,moderate,Khana Peena,True,1889 Solano Avenue,2019-03-09,2,12:00
918,Gilroy,Japanese,False,408-846-7874,moderate,Sushi Omakase,True,6905 Camino Arroyo #50,2019-03-01,2,18:30
919,Milpitas,Halal,False,408-433-5199,moderate,Darda Seafood,False,296 Barber Court,2019-03-08,1,13:30
920,Los Gatos,Japanese,False,408-354-0712,very expensive,Katsu Los Gatos,True,160 West Main Street,2019-03-12,1,18:00
921,San Francisco,Chinese,False,415-857-9688,expensive,Mister Jiu's,False,28 Waverly Place,2019-03-01,1,18:30
922,Berkeley,Indian,False,510-528-2519,moderate,Khana Peena,True,1889 Solano Avenue,2019-03-01,2,13:30
923,San Francisco,Seafood,False,415-501-9100,expensive,Anchor & Hope,False,83 Minna Street,2019-03-01,2,13:00
924,San Rafael,American,False,415-454-6450,moderate,Rangecafe Bar And Grill,True,337 Biscayne Drive,2019-03-05,2,13:00
925,San Jose,Steakhouse,False,408-437-2170,expensive,Spencer's For Steaks And Chops,False,2050 Gateway Place,2019-03-03,2,13:30
926,San Francisco,Italian,False,415-921-3200,expensive,Sociale,True,3665 Sacramento Street,2019-03-01,2,17:30
927,San Francisco,Japanese,False,415-566-8088,moderate,Will Sushi,True,1380 9th Avenue,2019-03-04,1,11:30
928,San Francisco,Asian,False,415-346-8235,inexpensive,Yum Yum Hunan,False,1828 Divisadero Street,2019-03-01,2,18:00
929,Burlingame,Italian,False,650-347-5733,expensive,Stella Alpina Osteria,False,401 Primrose Road,2019-03-12,2,19:30
930,Danville,Seafood,False,925-831-3644,moderate,Luna Loca Mexican Restaurant,False,500 Sycamore Valley Road,2019-03-06,2,17:30
931,St. Helena,Chinese,False,707-967-9888,moderate,Golden Harvest,False,61 Main Street,2019-03-01,2,18:30
932,Los Altos,Salad,False,650-559-1500,moderate,Cafe Vitale,False,987 Fremont Avenue,2019-03-01,2,19:00
933,Pleasanton,Burrito,True,925-463-1231,inexpensive,Taco Bell,False,5524-A Springdale Avenue,2019-03-01,2,18:30
934,San Francisco,Mexican,False,415-401-9420,inexpensive,La Laguna,False,3906 3rd Street,2019-03-01,3,18:00
935,Milpitas,Vietnamese,False,408-719-9998,moderate,Ta Restaurant,False,90 South Abel Street,2019-03-01,2,17:30
936,Petaluma,Thai,False,707-789-9777,moderate,Lemongrass Thai Cuisine,True,109 North McDowell Boulevard,2019-03-01,3,18:00
937,San Jose,Mexican,True,408-259-2333,moderate,Mendoza's Restaurant,False,2122 McKee Road,2019-03-14,6,19:30
938,Gilroy,Mexican,False,408-847-8812,moderate,Carnitas Michoacan,False,7484 Monterey Road,2019-03-07,3,11:30
939,Mountain View,American,False,650-917-9941,moderate,Paul Martin's America Mountain View,True,545 San Antonio Road Suite 31,2019-03-01,2,13:30
940,Belmont,Coffeehouse,False,650-592-2107,moderate,Sumac Mediterranean Grill,False,1397 El Camino Real,2019-03-01,4,17:30
941,El Cerrito,Japanese,False,510-528-1678,inexpensive,Katana-ya,False,10544 San Pablo Avenue,2019-03-01,1,13:30
942,Marshall,Seafood,False,415-663-1033,moderate,Nick's Cove,True,23240 California 1,2019-03-01,2,19:30
943,San Francisco,Japanese,False,415-752-5652,expensive,Kabuto Sushi,False,5121 Geary Boulevard,2019-03-01,1,13:00
944,Sunnyvale,Asian,False,408-245-8585,moderate,Siam Taste,True,172 South Murphy Avenue,2019-03-01,2,13:00
945,San Jose,Vietnamese,False,408-254-2927,moderate,Dong Que Restaurant,False,2852 Alum Rock Avenue,2019-03-01,2,12:00
946,Antioch,Take-out,False,925-754-5880,moderate,Chili's Grill & Bar,True,5809 Lone Tree Way,2019-03-01,2,17:30
947,San Mateo,Sushi,False,650-437-2282,very expensive,Sushi Yoshizumi,False,325 East 4th Avenue,2019-03-01,2,11:30
948,San Francisco,Italian,False,415-928-4002,moderate,Allegro Romano,False,1701 Jones Street,2019-03-06,2,19:30
949,Pleasant Hill,California,False,925-566-8971,moderate,Wence's Restaurant,False,1922 Oak Park Boulevard,2019-03-01,2,11:30
950,San Francisco,Salad,True,415-452-8819,inexpensive,Mcdonald's,False,1201 Ocean Avenue,2019-03-01,5,18:00
951,San Carlos,Brunch,False,650-453-3313,moderate,West Park Bistro,False,788 Laurel Street,2019-03-02,3,13:00
952,Hayward,Italian,False,510-247-0120,moderate,Buon Appetito,False,917 A Street,2019-03-12,2,13:00
953,San Francisco,Japanese,False,415-668-8699,moderate,Kufu-ya,False,7001 Geary Boulevard,2019-03-01,2,18:00
954,Burlingame,American,False,650-344-6050,moderate,Steelhead Brewing Company,False,333 California Drive,2019-03-01,1,18:30
955,Santa Rosa,Italian,False,707-575-1113,moderate,La Vera Pizza,False,629 4th Street,2019-03-01,2,17:00
956,San Francisco,Thai,False,415-885-5144,moderate,Old Siam,False,201 Ellis Street,2019-03-01,5,19:00
957,San Francisco,Thai,False,415-274-9948,moderate,Navin Thai Restaurant,False,1059 Powell Street,2019-03-01,2,12:00
958,Daly City,Asian,False,650-992-0771,inexpensive,Egg Roll King,False,6811 Mission Street,2019-03-01,1,17:30
959,Berkeley,Indian,False,510-848-5800,inexpensive,House Of Curries,True,2520 Durant Avenue,2019-03-01,1,13:30
960,San Francisco,Steakhouse,False,415-273-3085,very expensive,Bob's Steak & Chop House,False,500 California Street,2019-03-08,2,17:30
961,San Francisco,Mexican,False,415-759-8741,moderate,Celia's By The Beach,True,4019 Judah Street,2019-03-01,2,13:30
962,San Bruno,Seafood,False,650-872-2218,moderate,Amami Sushi,False,1789 El Camino Real,2019-03-08,2,17:30
963,San Jose,Buffet,False,408-971-1960,moderate,Flames Eatery & Bar,True,88 South 4th Street suite#150,2019-03-01,1,19:00
964,Palo Alto,Chinese,False,650-328-6885,moderate,Jing-jing Szechwan & Hunan Gourmet,False,443 Emerson Street,2019-03-08,1,12:30
965,Burlingame,Steakhouse,True,650-343-8944,moderate,Broadway Grill,False,1400 Broadway,2019-03-12,2,12:30
966,Milpitas,Japanese,False,408-946-5100,moderate,My No.1 Sushi & Tofu,True,1747 North Milpitas Boulevard,2019-03-01,1,11:00
967,Walnut Creek,Sushi,False,925-938-3239,moderate,Kana Sushi,False,1280 Newell Avenue,2019-03-01,2,11:00
968,San Francisco,Korean,False,415-751-6336,moderate,Wooden Charcoal Korean Village Barbecue House,False,4611 Geary Boulevard,2019-03-09,2,13:00
969,San Francisco,California,False,415-442-6003,expensive,The View Lounge,True,780 Mission Street,2019-03-02,2,19:00
970,Belmont,American,False,650-591-6525,moderate,The Van's Restaurant,False,815 Belmont Avenue,2019-03-01,4,13:30
971,Santa Rosa,Seafood,False,707-569-8588,moderate,Jojo Restaurant & Sushi Bar,False,645 4th Street A,2019-03-01,2,19:00
972,Santa Clara,Mexican,False,408-248-3113,inexpensive,El Amigo Burrito,True,4485 Stevens Creek Boulevard,2019-03-01,2,11:30
973,San Francisco,Japanese,False,415-872-9116,moderate,Hikari Sushi & Bar,False,1734 Post Street,2019-03-12,1,19:30
974,San Francisco,California,False,415-640-8990,moderate,Cassava,True,3519 Balboa Street,2019-03-01,5,11:00
975,Hayward,Salad,True,510-881-5294,inexpensive,Mcdonald's,False,23989 Watkins Street,2019-03-01,2,19:30
976,Healdsburg,Seafood,False,707-433-9192,expensive,Willi's | Seafood & Raw Bar,False,403 Healdsburg Avenue,2019-03-02,1,17:30
977,San Mateo,California,False,650-627-4303,very expensive,All Spice,False,1602 South El Camino Real,2019-03-02,2,13:30
978,Half Moon Bay,Japanese,False,650-712-8886,moderate,Shiki Japanese Cuisine,False,20 Stone Pine Road,2019-03-01,2,13:00
979,San Jose,Vegetarian,False,408-645-5001,moderate,Walia,False,2208 Business Circle,2019-03-14,2,19:30
980,Portola Valley,Italian,False,650-529-9007,moderate,Parkside Grille,False,884 Portola Road A1,2019-03-07,2,13:30
981,Livermore,Sandwich,False,925-292-1916,inexpensive,La Panotiq Bakery Cafe Livermore,False,2470 First Street #110,2019-03-01,2,12:00
982,Oakland,American,False,510-238-1100,moderate,Mua Oakland,False,2442a Webster Street,2019-03-13,3,19:30
983,San Francisco,Peruvian,False,415-821-2134,moderate,Limon Rotisserie,True,1001 South Van Ness Avenue,2019-03-13,4,12:00
984,San Jose,French,False,408-244-1244,moderate,Lark Creek Kitchen,True,378 Santana Row #1100,2019-03-01,4,12:00
985,Berkeley,Salad,True,510-525-1411,inexpensive,Mcdonald's,False,1198 San Pablo Avenue,2019-03-01,2,11:30
986,San Carlos,Thai,False,650-596-9828,moderate,Asya Restaurant,False,773 Laurel Street,2019-03-01,3,13:30
987,San Jose,Chinese,False,408-225-5060,moderate,Pearl River Restaurant,False,414 Blossom Hill Road,2019-03-01,2,19:30
988,San Francisco,Italian,False,415-282-0500,moderate,La Traviata,False,2854 Mission Street,2019-03-01,2,19:00
989,Antioch,Chinese,False,925-777-0888,inexpensive,Rice Bowl,True,3436 Deer Valley Road,2019-03-07,2,11:30
990,San Bruno,Take-out,False,650-243-4530,moderate,Bj's Restaurant & Brewhouse,True,1140 El Camino Real Suite 271,2019-03-01,2,11:30
991,Sunnyvale,American,True,408-773-9500,moderate,Firehouse Grill & Brewery,True,111 South Murphy Avenue,2019-03-12,2,19:00
992,Lafayette,Bistro,False,925-283-7108,expensive,The Park Bistro & Bar,True,3287 Mount Diablo Boulevard,2019-03-06,2,19:00
993,San Francisco,Mexican,False,415-202-0530,inexpensive,El Tesoro Taqueria & Grill,False,599 O'Farrell Street,2019-03-01,2,19:30
994,Palo Alto,Venezuelan,False,650-322-6872,moderate,Coupa Cafe - Ramona,False,538 Ramona Street,2019-03-01,2,17:00
995,Ross,French,False,415-925-9200,expensive,Marche Aux Fleurs,True,23 Ross Common Box 793,2019-03-10,2,11:00
996,Berkeley,Contemporary,False,510-526-2542,expensive,Rivoli Restaurant,False,1539 Solano Avenue,2019-03-07,2,12:00
997,San Francisco,Nepalese,False,415-643-3881,moderate,Little Nepal,False,925 Cortland Avenue,2019-03-07,2,18:30
998,Cupertino,Seafood,False,408-861-0105,inexpensive,Rubio's Coastal Grill,True,20688 Stevens Creek Boulevard,2019-03-01,2,17:30
999,San Rafael,American,False,415-755-6250,moderate,Bj's Restaurant & Brewhouse,True,5800 Northgate Mall Suite 159,2019-03-11,2,12:00
1000,San Ramon,Sushi,False,925-838-4848,moderate,Yayume Sushi,False,2551 San Ramon Valley Boulevard #104,2019-03-04,2,18:30
1001,San Francisco,Indian,False,231-444-4444,expensive,Babu Ji Sf,True,280 Valencia Street,2019-03-01,4,17:00
1002,Healdsburg,Italian,False,707-395-4640,moderate,Campo Fina,False,330 Healdsburg Avenue,2019-03-01,2,17:30
1003,San Francisco,American,False,(415) 567-5432,very expensive,Acquerello,False,1722 Sacramento Street,2019-03-01,2,18:00
1004,Palo Alto,Chinese,False,650-485-2221,moderate,Chef Zhao Kitchen,False,2180 West Bayshore Road #120,2019-03-01,2,11:00
1005,Millbrae,Chinese,False,650-869-6222,moderate,Yi Yuan,False,1711 El Camino Real,2019-03-01,2,19:00
1006,Fremont,Asian,False,510-979-1368,moderate,Asian Pearl Seafood Restaurant,False,43635 Boscell Road,2019-03-10,5,13:30
1007,San Francisco,Japanese,False,415-292-9997,moderate,2g Japanese Brasserie,True,601 Van Ness Avenue,2019-03-01,2,12:30
1008,San Francisco,European,False,415-348-0808,inexpensive,Ayola,False,118 New Montgomery Street,,,
1009,San Francisco,European,False,415-487-1601,expensive,Bar Tartine,True,561 Valencia Street,,,
1010,San Francisco,European,False,415-255-9440,moderate,Bergerac,True,316 11th Street,,,
1011,San Francisco,European,False,415-802-1700,expensive,Bon Marche Brasserie & Bar,True,1355 Market Street #120,,,
1012,San Francisco,European,True,415-778-2775,inexpensive,Gyro King,True,88 2nd Street,,,
1013,San Francisco,European,False,415-421-4778,moderate,Schroeder's,True,240 Front Street,,,
1014,San Francisco,European,False,415-487-1601,expensive,Bar Tartine,True,561 Valencia Street,2019-03-01,5,12:30
1015,Pacifica,Japanese,False,650-898-8730,moderate,8 Sushi,False,2470 Skyline Boulevard,2019-03-01,2,18:00
1016,Berkeley,Shabu-shabu,False,510-848-9228,moderate,Zabu Zabu,False,1919 Addison Street,,,
1017,Berkeley,Shabu-shabu,False,510-848-9228,moderate,Zabu Zabu,False,1919 Addison Street,2019-03-03,2,11:30
1018,San Francisco,Indian,False,415-771-5900,moderate,August 1 Five,True,524 Van Ness Avenue,2019-03-02,3,18:00
1019,Campbell,Italian,False,408-377-5850,moderate,Dicicco's Ristorante Italiano Autentico,True,2509 South Bascom Avenue,2019-03-14,2,18:00
1020,San Francisco,Chinese,False,415-775-3679,inexpensive,Bamboo Restaurant,True,1441 Polk Street,2019-03-07,3,18:00
1021,San Francisco,Vegetarian,False,415-318-8000,moderate,Ben Wah Restaurant,False,2786 California Street,,,
1022,San Francisco,Vegetarian,False,415-771-6222,expensive,Greens,False,Fort Mason Center,,,
1023,San Francisco,Vegetarian,False,415-701-0700,inexpensive,Indochine Vegan,False,508 Valencia Street,,,
1024,San Francisco,Vegetarian,False,415-731-2658,moderate,Nabe,False,1325 9th Avenue,,,
1025,San Francisco,Vegetarian,False,415-956-3338,inexpensive,New Sun Hong Kong Restaurant,True,606 Broadway,,,
1026,San Francisco,Vegetarian,False,415-826-8822,moderate,Tuba Authentic Turkish Restaurant,False,1007 Guerrero Street,,,
1027,San Francisco,Vegetarian,False,415-318-8000,moderate,Ben Wah Restaurant,False,2786 California Street,2019-03-02,2,12:30
1028,Hayward,Chinese,False,510-538-2868,moderate,Chef's Experience China Bistro,False,22436 Foothill Boulevard,,,
1029,Hayward,Chinese,False,510-728-7728,inexpensive,Frannie's Restaurant,False,219 Harder Road,,,
1030,Hayward,Chinese,False,510-581-9648,inexpensive,Green Tea House Chinese Restaurant,False,29615 Mission Boulevard,,,
1031,Hayward,Chinese,False,510-881-8868,moderate,Hinata Sushi Buffet,False,1071 B Street,,,
1032,Hayward,Chinese,False,510-887-1920,inexpensive,Hong Kong Seafood Restaurant,False,661 West Tennyson Road,,,
1033,Hayward,Chinese,False,510-785-7133,moderate,Veggie Lee,False,25036 Hesperian Boulevard,,,
1034,Hayward,Chinese,False,510-783-1886,inexpensive,Yummy Chinese Restaurant,False,1160 West Tennyson Road,,,
1035,Hayward,Chinese,False,510-728-7728,inexpensive,Frannie's Restaurant,False,219 Harder Road,2019-03-11,2,19:30
1036,Newark,Afghan,False,510-790-0557,moderate,Afghan Village Restaurant,False,5698 Thornton Avenue,,,
1037,Newark,Afghan,False,510-790-0557,moderate,Afghan Village Restaurant,False,5698 Thornton Avenue,2019-03-07,4,17:00
1038,Millbrae,Chinese,False,650-616-8288,moderate,Asian Pearl,False,1671 El Camino Real,,,
1039,Millbrae,Chinese,False,650-588-3648,moderate,Chef Wang's Restaurant,False,1320 El Camino Real,,,
1040,Millbrae,Chinese,False,650-652-9768,inexpensive,Cheung Hing Restaurant,False,245 El Camino Real,,,
1041,Millbrae,Chinese,False,650-692-3388,moderate,Royal Feast,False,148 El Camino Real,,,
1042,Millbrae,Chinese,False,650-869-6222,moderate,Yi Yuan,False,1711 El Camino Real,,,
1043,Millbrae,Chinese,False,650-616-9389,moderate,Zen Peninsula,False,1180 El Camino Real,,,
1044,Millbrae,Chinese,False,650-652-9768,inexpensive,Cheung Hing Restaurant,False,245 El Camino Real,2019-03-05,2,19:30
1045,San Francisco,California,False,415-567-9588,expensive,Isa Restaurant,False,3324 Steiner Street,,,
1046,San Francisco,California,False,415-989-7154,expensive,Masa's Restaurant,True,648 Bush Street,,,
1047,San Francisco,California,False,415-355-9085,expensive,Rich Table,False,199 Gough Street,,,
1048,San Francisco,California,False,415-546-5089,expensive,The Garden Court,False,2 New Montgomery Street,,,
1049,San Francisco,California,False,415-442-6003,expensive,The View Lounge,True,780 Mission Street,,,
1050,San Francisco,California,False,415-580-7662,expensive,Alta Msp,False,1275 Minnesota Street,2019-03-01,2,12:00
1051,San Jose,Steakhouse,False,408-266-6602,moderate,Black Angus Steakhouse,True,1011 Blossom Hill Road,,,
1052,San Jose,Steakhouse,False,408-423-5400,moderate,Citrus Restaurant,False,355 Santana Row,,,
1053,San Jose,Steakhouse,False,408-272-1512,moderate,Drying Shed,False,402 Toyon Avenue,,,
1054,San Jose,Steakhouse,False,408-244-1180,expensive,Lb Steak,False,334 Santana Row #1000,,,
1055,San Jose,Steakhouse,False,408-283-7200,expensive,Mccormick & Schmick's Seafood & Steaks,True,170 South Market Street,,,
1056,San Jose,Steakhouse,False,669-900-1829,moderate,Rok Steakhouse & Grill,True,4130 North 1st Street,,,
1057,San Jose,Steakhouse,False,408-437-2170,expensive,Spencer's For Steaks And Chops,False,2050 Gateway Place,,,
1058,San Jose,Steakhouse,False,408-972-1961,moderate,Summit Steakhouse & Saloon,False,399 Silicon Valley Boulevard,,,
1059,San Jose,Steakhouse,False,408-294-2244,moderate,The Grill On The Alley,True,172 South Market Street,,,
1060,San Jose,Steakhouse,False,408-423-5400,moderate,Citrus Restaurant,False,355 Santana Row,2019-03-01,2,19:30
1061,San Francisco,Ethiopian,True,415-440-7414,moderate,Sheba Piano Lounge,True,1419 Fillmore Street,2019-03-01,5,11:30
1062,Mountain View,Mexican,False,650-941-2227,moderate,Chili's Grill & Bar,True,2560 West El Camino Real,2019-03-06,2,13:00
1063,San Mateo,Japanese,False,650-389-2482,moderate,Pacific Catch,True,243 South B Street,2019-03-01,2,19:00
1064,San Jose,Italian,False,408-295-6459,moderate,Palermo Italian Restaurant,True,791 Auzerais Avenue,2019-03-01,2,19:30
1065,Petaluma,Italian,True,707-664-1418,moderate,Brixx Pizzeria,False,16 Kentucky Street,2019-03-01,4,11:30
1066,Cupertino,Italian,False,408-725-0188,expensive,Fontana's Italian Restaurant,False,20840 Stevens Creek Boulevard,2019-03-01,2,11:30
1067,San Mateo,Seafood,False,650-358-0298,moderate,Yuzu,False,54 37th Avenue,2019-03-03,3,19:00
1068,San Francisco,Italian,False,415-986-7050,moderate,Kuleto's Restaurant,True,221 Powell Street,2019-03-01,6,11:00
1069,Alameda,Thai,False,510-521-6466,moderate,Up 2u Thai Eatery,True,1405 Webster Street,2019-03-01,2,19:30
1070,Oakland,Sushi,False,510-594-0661,moderate,Koryo Sushi,False,4390 Telegraph Avenue D,2019-03-01,2,12:00
1071,Dixon,Asado,False,707-678-4745,moderate,Bud's Pub & Grill,True,100 South 1st Street,,,
1072,Dixon,Asado,False,707-678-4745,moderate,Bud's Pub & Grill,True,100 South 1st Street,2019-03-01,2,11:30
1073,Sonoma,Barbecue,False,707-996-5151,moderate,Schellville Grill,False,22900 Broadway,,,
1074,Sonoma,Nepalese,False,707-996-1161,moderate,Taste Of The Himalayas,True,464 1st Street East Suite F,,,
1075,Sonoma,Nepalese,False,707-996-1161,moderate,Taste Of The Himalayas,True,464 1st Street East Suite F,2019-03-08,3,12:30
1076,Palo Alto,American,False,650-321-6798,expensive,Sundance The Steakhouse,True,1921 El Camino Real,,,
1077,Palo Alto,American,False,650-521-0651,moderate,Zola Restaurant,False,565 Bryant Street,,,
1078,Palo Alto,American,False,650-656-8180,moderate,Bird Dog,False,420 Ramona Street,2019-03-13,1,13:00
1079,Mountain View,Indian,False,650-965-1111,inexpensive,Chaat Paradise,False,165 East El Camino Real,,,
1080,Mountain View,Indian,False,650-965-1888,inexpensive,Dosa Paratha Indian Cuisine,False,2105 Old Middlefield Way suite c,,,
1081,Mountain View,Indian,False,650-960-1000,moderate,Mantra India,True,288 Castro Street,,,
1082,Mountain View,Indian,False,650-965-2000,moderate,Sakoon,True,357 Castro Street,,,
1083,Mountain View,Indian,False,408-800-6368,moderate,The Menu Indian Cuisine,False,2700 West El Camino Real,,,
1084,Mountain View,Indian,False,650-965-1111,inexpensive,Chaat Paradise,False,165 East El Camino Real,2019-03-12,4,12:00
1085,Yountville,Italian,False,707-945-1050,expensive,Bottega Napa Valley,False,V Marketplace,,,
1086,Yountville,Italian,False,707-299-5030,moderate,Redd Wood,False,6755 Washington Street,,,
1087,Menlo Park,Mexican,False,650-326-2501,moderate,Cafe Del Sol Restaurant,True,1010 Doyle Street,,,
1088,Menlo Park,Mexican,False,650-321-8227,moderate,Celia's Mexican Restaurant - Menlo Park,False,1850 El Camino Real,,,
1089,Menlo Park,Mexican,False,650-272-6634,moderate,Mama Coco Cocina Mexicana,False,1081 El Camino Real,,,
1090,Menlo Park,Mexican,False,650-326-2501,moderate,Cafe Del Sol Restaurant,True,1010 Doyle Street,2019-03-02,3,13:30
1091,Mill Valley,Japanese,False,415-381-8400,moderate,Robata Grill & Sushi,False,591 Redwood Highway,,,
1092,Mill Valley,Japanese,False,415-383-8888,moderate,Shang Hai Kitchen,False,247 Shoreline Highway,,,
1093,Mill Valley,Japanese,False,415-383-8888,moderate,Shang Hai Kitchen,False,247 Shoreline Highway,2019-03-01,2,12:30
1094,Fairfax,Italian,False,415-459-1618,moderate,Fradelizio's Ristorante,True,35 Broadway,,,
1095,Fairfax,Italian,False,415-459-1618,moderate,Fradelizio's Ristorante,True,35 Broadway,2019-03-01,2,19:30
1096,San Francisco,American,False,415-345-2303,very expensive,Aveline,True,490 Geary Street,,,
1097,San Francisco,American,False,415-369-9161,very expensive,Birdsong,False,1085 Mission Street,,,
1098,San Francisco,American,False,415-355-1500,very expensive,Commonwealth,False,2224 Mission Street,,,
1099,San Francisco,American,False,415-621-3870,very expensive,Frances,True,3870 17th Street,,,
1100,San Francisco,American,False,415-397-9222,very expensive,Michael Mina,True,252 California Street,,,
1101,San Francisco,American,False,415-247-7770,very expensive,Prospect,True,300 Spear Street,,,
1102,San Francisco,American,False,415-828-7990,very expensive,Saison,False,178 Townsend Street,,,
1103,San Francisco,American,False,415-673-1294,very expensive,The Progress,False,1525 Fillmore Street,,,
1104,San Francisco,American,False,415-345-2303,very expensive,Aveline,True,490 Geary Street,2019-03-03,3,12:00
1105,Novato,Italian,False,415-382-8488,moderate,Aurora Ristorante Italiano,False,8 Commercial Boulevard A,,,
1106,Novato,Italian,False,415-878-0314,moderate,Chianti Cucina,False,7416 Redwood Boulevard,,,
1107,Novato,Italian,False,415-897-5181,moderate,Grazie Restaurant,False,823 Grant Avenue A,,,
1108,Novato,Italian,False,415-898-2234,moderate,The Village Italian Restaurant,False,1200 Grant Avenue,,,
1109,Novato,Sushi,False,415-382-9988,moderate,Sushi Tri,False,333 Enfrente Road,,,
1110,Novato,Sushi,False,415-883-2423,moderate,Taki Japanese Restaurant,False,452 Ignacio Boulevard,,,
1111,Novato,Sushi,False,415-382-9988,moderate,Sushi Tri,False,333 Enfrente Road,2019-03-01,2,13:30
1112,Discovery Bay,American,False,925-513-2499,moderate,Boardwalk Grill,True,5879 Marina Road,,,
1113,Discovery Bay,American,False,925-513-2499,moderate,Boardwalk Grill,True,5879 Marina Road,2019-03-02,2,18:30
1114,Pinole,Chinese,False,510-964-1882,inexpensive,China Delights,False,1501 Tara Hills Drive,,,
1115,Pinole,Chinese,False,510-741-8788,moderate,China House Restaurant,False,1971 San Pablo Avenue,,,
1116,Pinole,Chinese,False,510-724-1668,moderate,King Valley,False,795 Fernandez Avenue,,,
1117,Pinole,Chinese,False,510-741-8788,moderate,China House Restaurant,False,1971 San Pablo Avenue,2019-03-01,2,13:00
1118,Napa,American,False,866-531-2580,expensive,Brix Restaurant And Gardens,False,7377 Saint Helena Highway,,,
1119,Napa,American,False,707-944-2424,expensive,Mustards Grill,False,7399 Saint Helena Highway,,,
1120,Napa,American,False,707-257-5400,expensive,The Grill,False,1600 Atlas Peak Road,,,
1121,Napa,American,False,707-226-7821,expensive,The Thomas,True,813 Main Street,,,
1122,Napa,American,False,866-531-2580,expensive,Brix Restaurant And Gardens,False,7377 Saint Helena Highway,2019-03-02,2,19:00
1123,Lafayette,Italian,False,925-310-4337,moderate,Locanda Positano,True,1005 Brown Avenue,,,
1124,Lafayette,Italian,False,925-299-0700,moderate,Patxi's Pizza Lafayette,False,3577 Mount Diablo Boulevard,,,
1125,Lafayette,Italian,False,925-299-8700,expensive,Postino,False,3565 Mount Diablo Boulevard,,,
1126,Lafayette,Italian,False,925-310-4337,moderate,Locanda Positano,True,1005 Brown Avenue,2019-03-10,1,19:00
1127,Santa Rosa,American,False,707-526-5787,moderate,Belly Left Coast Kitchen & Taproom,False,523 4th Street,2019-03-10,2,13:30
1128,Antioch,Seafood,False,925-778-1585,moderate,Okawa Japanese Restaurant,True,2327 Buchanan Road,2019-03-01,2,13:30
1129,Walnut Creek,Japanese,False,925-476-5001,moderate,Ikoi,True,1632 North Main Street,,,
1130,Walnut Creek,Japanese,False,925-210-0188,moderate,Sasa,True,1432 North Main Street,,,
1131,Walnut Creek,Japanese,False,925-210-0188,moderate,Sasa,True,1432 North Main Street,2019-03-01,2,12:00
1132,Alameda,Lithuanian,False,510-522-4100,moderate,Mama Papa Lithuania Restaurant,True,1241 Park Street,,,
1133,Alameda,Lithuanian,False,510-522-4100,moderate,Mama Papa Lithuania Restaurant,True,1241 Park Street,2019-03-06,2,17:30
1134,Larkspur,Brasserie,False,415-927-3034,moderate,Left Bank Larkspur Brasserie,False,507 Magnolia Avenue,,,
1135,Larkspur,Brasserie,False,415-927-3034,moderate,Left Bank Larkspur Brasserie,False,507 Magnolia Avenue,2019-03-01,2,13:00
1136,Kenwood,Seafood,False,707-833-6326,expensive,Salt And Stone Restaurant,False,9900 Sonoma Highway,,,
1137,Kenwood,Seafood,False,707-833-6326,expensive,Salt And Stone Restaurant,False,9900 Sonoma Highway,2019-03-01,2,12:00
1138,Redwood City,Brunch,False,650-482-2850,moderate,Stacks - Redwood City,False,314 El Camino Real,,,
1139,Redwood City,Brunch,False,650-482-2850,moderate,Stacks - Redwood City,False,314 El Camino Real,2019-03-09,1,18:00
1140,San Ramon,Vegetarian,False,925-560-9310,moderate,Favorite Indian Restaurant,True,21001 San Ramon Valley Boulevard,,,
1141,San Ramon,Vegetarian,False,925-560-9310,moderate,Favorite Indian Restaurant,True,21001 San Ramon Valley Boulevard,2019-03-01,2,18:00
1142,Walnut Creek,Chinese,False,925-935-3233,inexpensive,China Palace Restaurant,False,2932 North Main Street,,,
1143,Walnut Creek,Chinese,False,925-944-5968,moderate,Yan's China Bistro,False,2929 N Main,,,
1144,Walnut Creek,Chinese,False,925-935-3233,inexpensive,China Palace Restaurant,False,2932 North Main Street,2019-03-14,3,12:30
1145,Healdsburg,American,False,707-433-2337,moderate,Bear Republic Brewing Co,False,345 Healdsburg Avenue,,,
1146,Healdsburg,American,False,707-473-8030,expensive,Chalkboard,False,29 North Street,,,
1147,Healdsburg,American,False,707-723-4646,very expensive,Singlethread Farm - Restaurant - Inn,True,131 North Street,,,
1148,Healdsburg,American,False,707-473-8580,expensive,The Brass Rabbit,True,109 Plaza Street,,,
1149,Healdsburg,American,False,707-473-0946,very expensive,Valette,False,344 Center Street,,,
1150,Healdsburg,American,False,707-433-2337,moderate,Bear Republic Brewing Co,False,345 Healdsburg Avenue,2019-03-10,3,13:30
1151,St. Helena,California,False,707-963-9004,expensive,Acacia House By Chris Cosentino,True,1915 Main Street,,,
1152,St. Helena,California,False,707-967-1200,very expensive,The Grill At Meadowood,True,900 Meadowood Lane,,,
1153,St. Helena,California,False,707-963-9004,expensive,Acacia House By Chris Cosentino,True,1915 Main Street,2019-03-06,3,17:30
1154,Concord,Italian,False,925-687-5520,moderate,Pasta Primavera Cafe,False,4425-F Treat Boulevard,,,
1155,Concord,Italian,False,925-680-6888,moderate,Skipolini's Pizza,False,2001 Salvio Street,,,
1156,Concord,Italian,False,925-521-9010,moderate,Toscana Ristorante,True,2151 Salvio Street,,,
1157,Concord,Italian,False,925-680-6888,moderate,Skipolini's Pizza,False,2001 Salvio Street,2019-03-05,1,12:00
1158,Los Altos,Japanese,False,650-941-8150,moderate,Akane Japanese Restaurant,False,250 3rd Street,,,
1159,Los Altos,Japanese,False,650-917-8388,moderate,Mikado,False,161 Main Street,,,
1160,Los Altos,Japanese,False,650-917-1822,moderate,Sumika,False,236 Central Plz,,,
1161,Los Altos,Japanese,False,650-559-9218,moderate,Sushiko,False,4546 West El Camino Real,,,
1162,Los Altos,Japanese,False,650-941-8150,moderate,Akane Japanese Restaurant,False,250 3rd Street,2019-03-01,2,13:30
1163,Clayton,Steakhouse,False,925-672-1333,expensive,Moresi's Chophouse,False,6115 Main Street,,,
1164,Clayton,Steakhouse,False,925-672-1333,expensive,Moresi's Chophouse,False,6115 Main Street,2019-03-01,2,12:00
1165,"Olema, California",Gastropub,False,415-663-1034,expensive,Sir And Star At The Olema,True,10000 Sir Francis Drake Boulevard,,,
1166,"Olema, California",Gastropub,False,415-663-1034,expensive,Sir And Star At The Olema,True,10000 Sir Francis Drake Boulevard,2019-03-06,2,19:30
1167,Daly City,Chinese,False,650-756-8900,inexpensive,Jade Dragon Restaurant,False,2368 Junipero Serra Boulevard,,,
1168,Daly City,Chinese,False,650-992-9000,moderate,Koi Palace,True,365 Gellert Boulevard,,,
1169,Daly City,Chinese,False,650-992-9000,moderate,Koi Palace,True,365 Gellert Boulevard,2019-03-10,2,13:00
1170,Pleasant Hill,Barbecue,False,925-935-1440,moderate,Back Forty Texas Bbq,False,100 Coggins Drive,,,
1171,Pleasant Hill,Barbecue,True,714-451-4620,moderate,Dickey's Barbecue Pit,False,2634 Pleasant Hill Road,,,
1172,Pleasant Hill,Barbecue,False,925-935-1440,moderate,Back Forty Texas Bbq,False,100 Coggins Drive,2019-03-01,2,19:00
1173,Burlingame,Thai,False,650-344-1900,moderate,Narin Thai Cuisine,False,231 Park Road,2019-03-01,2,11:00
1174,Burlingame,Thai,False,650-344-1900,moderate,Narin Thai Cuisine,False,231 Park Road,2019-03-01,2,13:00
1175,Union City,Filipino,True,510-441-9909,moderate,Gerry's Grill,False,31005 Courthouse Drive,,,
1176,Union City,Filipino,True,510-441-9909,moderate,Gerry's Grill,False,31005 Courthouse Drive,2019-03-01,2,12:30
1177,Saratoga,Italian,False,408-741-1518,moderate,Sole Mio Ristorante Italiano,True,14441 Big Basin Way,,,
1178,Saratoga,Italian,False,408-741-1518,moderate,Sole Mio Ristorante Italiano,True,14441 Big Basin Way,2019-03-01,2,12:00
1179,Burlingame,Asian,False,650-548-0300,moderate,Barracuda Japanese Restaurant,False,347 Primrose Road,,,
1180,Burlingame,Asian,False,650-342-5202,expensive,Benihana,True,1496 Old Bayshore Highway,,,
1181,Burlingame,Asian,False,650-259-9585,moderate,Elephant Bar,True,1600 Old Bayshore Highway,,,
1182,Burlingame,Asian,False,650-343-2075,moderate,Kabul Afghan Cuisine,False,1101 Burlingame Avenue,,,
1183,Burlingame,Asian,False,650-342-5202,expensive,Benihana,True,1496 Old Bayshore Highway,2019-03-10,3,18:30
1184,Danville,Thai,False,925-743-8424,moderate,Lotus Thai Restaurant,False,115 Hartz Avenue,,,
1185,Danville,Thai,False,925-648-1790,moderate,Similan Thai Cuisine,False,9000 Crow Canyon Road K,,,
1186,Danville,Thai,False,925-743-8424,moderate,Lotus Thai Restaurant,False,115 Hartz Avenue,2019-03-01,2,11:30
1187,Belmont,French,True,650-592-0161,expensive,Iron Gate Restaurant,False,1360 El Camino Real,,,
1188,Belmont,French,True,650-592-0161,expensive,Iron Gate Restaurant,False,1360 El Camino Real,2019-03-01,2,13:00
1189,Cloverdale,Coffeehouse,False,707-894-4453,moderate,Papa's Pizza Cafe,False,105 North Cloverdale Boulevard,,,
1190,Cloverdale,Coffeehouse,False,707-894-4453,moderate,Papa's Pizza Cafe,False,105 North Cloverdale Boulevard,2019-03-01,2,13:30
1191,Portola Valley,Italian,False,650-529-9007,moderate,Parkside Grille,False,884 Portola Road A1,,,
1192,Portola Valley,Italian,False,650-529-9007,moderate,Parkside Grille,False,884 Portola Road A1,2019-03-01,1,12:00
1193,San Lorenzo,Indian,False,510-500-9677,inexpensive,Flavor Of India North & South Cuisine,False,15930 Hesperian Boulevard,,,
1194,San Lorenzo,Indian,False,510-500-9677,inexpensive,Flavor Of India North & South Cuisine,False,15930 Hesperian Boulevard,2019-03-01,2,18:00
1195,Benicia,Coffeehouse,True,707-745-1400,moderate,First St. Cafe,True,440 1st Street,,,
1196,Benicia,Coffeehouse,False,707-746-0505,moderate,Nine Zero Seven,True,907 1st Street,,,
1197,Benicia,Coffeehouse,True,707-745-9938,moderate,The Rellik Tavern,True,726 1st Street,,,
1198,Benicia,Coffeehouse,True,707-745-9938,moderate,The Rellik Tavern,True,726 1st Street,2019-03-09,2,13:30
1199,Burlingame,American,False,650-373-2237,moderate,37 North,False,835 Airport Boulevard,2019-03-01,1,18:00
1200,Montara,Seafood,False,650-728-1600,expensive,La Costanera,False,8150 Cabrillo Highway,,,
1201,Montara,Seafood,False,650-728-1600,expensive,La Costanera,False,8150 Cabrillo Highway,2019-03-01,2,13:00
1202,Rutherford,Steakhouse,False,707-963-1792,moderate,Rutherford Grill,True,1180 Rutherford Road,,,
1203,Rutherford,Steakhouse,False,707-963-1792,moderate,Rutherford Grill,True,1180 Rutherford Road,2019-03-01,1,17:00
1204,Sunnyvale,Take-out,False,408-245-9999,moderate,Bombay To Goa,False,151 East El Camino Real,,,
1205,Sunnyvale,Take-out,False,408-245-3710,moderate,Marie Callender's,False,751 East El Camino Real,,,
1206,Sunnyvale,Take-out,False,408-245-9999,moderate,Bombay To Goa,False,151 East El Camino Real,2019-03-01,2,18:30
1207,Berkeley,Japanese,False,510-845-8100,expensive,Iyasare,True,1830 Fourth Street,,,
1208,Berkeley,Japanese,False,510-848-5260,moderate,Joshu-ya Brasserie,True,2441 Dwight Way,,,
1209,Berkeley,Japanese,False,510-540-5000,moderate,Kamado Sushi,False,1400 Shattuck Avenue,,,
1210,Berkeley,Japanese,False,510-524-1286,inexpensive,Miyuki Japanese Restaurant,True,1695 Solano Avenue,,,
1211,Oakland,Mexican,False,510-288-3668,moderate,Agave Uptown,False,2135 Franklin Street,,,
1212,Oakland,Mexican,False,510-985-1200,moderate,Bar Cesar,True,4039 Piedmont Avenue,,,
1213,Oakland,Mexican,False,510-338-3273,moderate,Calavera,True,2337 Broadway,,,
1214,Oakland,Mexican,True,510-536-6898,moderate,El Malecon,False,3829 Foothill Boulevard,,,
1215,Oakland,Mexican,False,510-769-9110,moderate,La Penca Azul,False,891 Island Drive # B,,,
1216,Oakland,Mexican,True,510-261-3325,moderate,Mi Grullense | Restaurant & Tequila Bar,False,1457 Fruitvale Avenue,,,
1217,Oakland,Mexican,False,510-536-0909,moderate,Otaez Restaurant,False,3872 International Boulevard,,,
1218,Oakland,Mexican,False,510-532-5575,moderate,Tijuana | Mexican Seafood Restaurant,False,1308 International Boulevard,,,
1219,Berkeley,Sicilian,False,510-848-8748,moderate,Agrodolce Osteria,True,1730 Shattuck Avenue,,,
1220,Napa,French,False,707-257-5157,very expensive,La Toque,True,1314 McKinstry Street,,,
1221,Yountville,California,False,707-204-6030,expensive,Lucy Restaurant & Bar,True,6528 Yount Street,,,
1222,Oakland,American,False,510-465-4996,moderate,The Fat Lady,True,201 Washington Street,,,
1223,Oakland,American,False,510-828-6564,moderate,Z Cafe & Bar,True,2735 Broadway,,,
1224,Oakland,Vietnamese,False,510-893-8136,inexpensive,Binh Minh Quan,False,338 12th Street,,,
1225,Oakland,Vietnamese,False,510-601-8818,moderate,Holy Basil Pho,True,5362 College Avenue,,,
1226,Oakland,Vietnamese,False,510-763-8495,moderate,Le Cheval,False,1007 Clay Street,,,
1227,Oakland,Vietnamese,False,510-832-1338,moderate,Pho 84,False,354 17th Street,,,
1228,Oakland,Vietnamese,False,510-654-2681,moderate,Xyclo Restaurant,False,4218 Piedmont Avenue,,,
1229,Berkeley,Spanish,False,510-845-6904,moderate,Juan's Place,False,941 Carleton Street,,,
1230,Oakland,Steakhouse,False,510-339-2098,moderate,Crogan's Montclair,False,6101 La Salle Avenue,,,
1231,San Francisco,Bistro,False,415-276-4048,inexpensive,Bistro 10un,False,1130 Market Street,,,
1232,San Francisco,Bistro,False,415-351-5561,moderate,Bistro Boudin,False,160 Jefferson Street,,,
1233,San Francisco,Bistro,False,415-218-4136,moderate,Bistro Unique,True,1849 Union Street,,,
1234,San Francisco,Bistro,False,415-544-0144,moderate,Cafe Mason,False,320 Mason Street,,,
1235,San Francisco,Bistro,False,415-447-6081,moderate,Causwells,True,2346 Chestnut Street,,,
1236,San Francisco,Bistro,False,415-440-2737,moderate,Colibri,True,438 Geary Street,,,
1237,San Francisco,Bistro,False,415-926-5477,moderate,Etcetera Wine Bar And Cafe,True,795 Valencia Street,,,
1238,San Francisco,Bistro,False,415-576-8800,expensive,Gaspar Brasserie,True,185 Sutter Street,,,
1239,San Francisco,Bistro,False,415-403-2233,expensive,Monsieur Benjamin,False,451 Gough Street,,,
1240,San Francisco,Bistro,False,415-876-6313,moderate,Sakesan Sushi & Bistro,False,626 Clement Street,,,
1241,Oakland,Sandwich,True,510-568-6471,inexpensive,Mcdonald's,False,6300 East 14th Street,,,
1242,Berkeley,Brunch,False,510-548-1500,inexpensive,Bacheesos,False,2650 Telegraph Avenue,,,
1243,Berkeley,Indian,False,510-526-4373,moderate,Ajanta,True,1888 Solano Avenue,,,
1244,Berkeley,Indian,False,510-848-5800,inexpensive,House Of Curries,True,2520 Durant Avenue,,,
1245,Berkeley,Indian,False,510-848-9664,moderate,Jot Mahal Palace Of Indian Cuisine,False,1543 Shattuck Avenue,,,
1246,Berkeley,Indian,False,510-528-2519,moderate,Khana Peena,True,1889 Solano Avenue,,,
1247,Berkeley,Indian,False,510-898-1291,moderate,Namaste Madras Cuisine,False,2323 Shattuck Avenue,,,
1248,Berkeley,Indian,False,510-644-3977,moderate,Priya Indian Cuisine,False,2072 San Pablo Avenue,,,
1249,Berkeley,Vegetarian,False,510-658-8458,moderate,Great Wall | Chinese Restaurant,False,6247 College Avenue,,,
1250,Berkeley,Vegetarian,False,510-704-0174,moderate,Himalayan Flavors,False,1585 University Avenue,,,
1251,Berkeley,Vegetarian,False,510-549-0612,moderate,Thai Delight Cuisine,False,1700 Shattuck Avenue,,,
1252,San Francisco,Seafood,False,415-558-8149,moderate,Eiji,False,317 Sanchez Street,,,
1253,San Francisco,Seafood,False,415-274-2561,moderate,Ferry Plaza Seafood,False,653 Union Street,,,
1254,San Francisco,Seafood,False,415-392-8485,moderate,Firenze By Night,False,1429 Stockton Street,,,
1255,Berkeley,American,False,510-527-9838,expensive,Lalime's,True,1329 Gilman Street,,,
1256,Berkeley,American,False,510-549-8585,expensive,Limewood Bar & Restaurant,True,41 Tunnel Road,,,
1257,Berkeley,American,False,510-280-5920,moderate,Nico's 1508,False,1508 Walnut Street B,,,
1258,Berkeley,American,False,510-549-9950,moderate,Revival Bar + Kitchen,False,2102 Shattuck Avenue,,,
1259,San Francisco,American,True,415-986-0069,expensive,John's Grill,True,63 Ellis Street,,,
1260,San Francisco,Gastropub,False,415-287-6599,moderate,B-side,True,205 Franklin Street,,,
1261,San Francisco,Gastropub,False,415-921-3944,moderate,Balboa Cafe,True,3199 Fillmore Street,,,
1262,San Francisco,Gastropub,False,415-433-4332,moderate,Bartlett Hall,True,242 O'Farrell Street,,,
1263,San Francisco,Gastropub,False,415-722-9109,moderate,Eddie Rickenbacker's,True,133 2nd Street,,,
1264,San Francisco,Gastropub,False,415-525-4335,moderate,Myriad Gastropub,True,2491 Mission Street,,,
1265,San Francisco,Gastropub,False,415-375-1477,moderate,Paprika,True,3324 24th Street,,,
1266,San Francisco,Gastropub,False,415-956-1710,moderate,Royal Exchange,True,301 Sacramento Street,,,
1267,San Francisco,Gastropub,False,415-397-8800,moderate,Sauce: Belden Place,True,56 Belden Place,,,
1268,San Francisco,Gastropub,False,415-282-6789,moderate,The Liberties Bar & Grill,True,998 Guerrero Street,,,
1269,San Francisco,Gastropub,False,415-292-2300,moderate,The Tipsy Pig,True,2231 Chestnut Street,,,
1270,Santa Rosa,Thai,False,707-521-9087,moderate,Sea Noodle Bar,True,286 Coddingtown Center,,,
1271,San Francisco,American,False,415-504-6652,moderate,Cajun Pacific,True,4542 Irving Street,,,
1272,San Francisco,Spanish,False,415-929-8888,moderate,Alegrias,False,2018 Lombard Street,,,
1273,San Francisco,Spanish,False,415-986-6287,moderate,B44 Catalan Bistro,False,44 Belden Place,,,
1274,San Francisco,Spanish,False,415-552-3000,moderate,Canela Bistro & Wine Bar,False,2272 Market Street,,,
1275,Rohnert Park,Breakfast,True,707-588-9883,inexpensive,Mcdonald's,True,4625 Redwood Drive,,,
1276,Napa,Japanese,False,707-294-2049,expensive,Kenzo,True,1339 Pearl Street,,,
1277,Napa,Japanese,False,707-254-9464,expensive,Miminashi,False,821 Coombs Street,,,
1278,Napa,Japanese,False,707-252-1600,very expensive,Morimoto Napa,False,610 Main Street,,,
1279,Napa,Japanese,False,707-226-2996,moderate,Sushi Haku,False,3206 Jefferson Street,,,
1280,San Francisco,Indian,False,415-751-4435,moderate,Great India Restaurant,False,6127 Geary Boulevard,,,
1281,San Francisco,Indian,False,415-345-0072,moderate,Helmand Palace,False,2424 Van Ness Avenue,,,
1282,San Francisco,Indian,False,415-441-8855,moderate,India Curry House,False,1040 Columbus Avenue,,,
1283,San Francisco,Indian,False,415-742-4010,moderate,Keeva,False,908 Clement Street,,,
1284,San Francisco,Indian,False,415-566-6976,moderate,Masala Dosa,False,1375 9th Avenue,,,
1285,Oakland,Sushi,False,510-451-2224,moderate,Ginza | Japanese Sushi Restaurant,False,303 Broadway,,,
1286,Oakland,Sushi,False,510-594-0661,moderate,Koryo Sushi,False,4390 Telegraph Avenue D,,,
1287,Oakland,Sushi,False,510-286-9866,expensive,Ozumo,True,2251 Broadway,,,
1288,Oakland,Sushi,False,510-595-7388,moderate,Rikyu | Japanese Restaurant,False,5335 College Avenue # 2,,,
1289,San Francisco,French,False,415-874-9831,expensive,Sous Beurre Kitchen,True,2704 24th Street,,,
1290,San Francisco,French,True,415-771-1140,expensive,The Big 4,True,1075 California Street,,,
1291,Napa,California,False,707-927-5265,expensive,Basalt,True,790 Main Street,,,
1292,Berkeley,Italian,False,510-558-9000,moderate,Cugini Restaurant,False,1556 Solano Avenue,,,
1293,Berkeley,Italian,False,510-838-1131,moderate,Donato & Co.,False,2635 Ashby Avenue,,,
1294,Berkeley,Italian,False,510-644-3848,moderate,Filippo's Berkeley Elmwood,True,2930 College Avenue,,,
1295,Berkeley,Italian,False,510-647-9963,moderate,Gio's Pizza And Bocce,True,2420 Shattuck Avenue,,,
1296,Berkeley,Italian,False,510-843-3745,moderate,Lo Coco's Restaurant,False,1400 Shattuck Avenue,,,
1297,Berkeley,Italian,False,510-225-9467,moderate,Lucia's Berkeley,True,2016 Shattuck Avenue,,,
1298,Berkeley,Italian,False,510-649-5075,moderate,Riva Cucina,False,800 Heinz Avenue,,,
1299,Berkeley,Italian,False,510-704-1474,moderate,Trattoria La Siciliana,False,2993 College Avenue,,,
1300,Berkeley,Coffeehouse,True,510-843-1500,inexpensive,Mcdonald's,False,1998 Shattuck Avenue,,,
1301,Berkeley,Coffeehouse,False,510-704-8500,inexpensive,Mo'joe Cafe,False,2517 Sacramento Street,,,
1302,Berkeley,Coffeehouse,False,510-704-0325,moderate,Platano,False,2042 University Avenue,,,
1303,Berkeley,Coffeehouse,False,510-519-9559,moderate,Western Pacific,True,2284-2286 Shattuck Avenue,,,
1304,Livermore,Asian,False,925-294-8698,inexpensive,Sai's T Restaurant,True,961 Bluebell Drive,,,
1305,Napa,Steakhouse,False,707-927-5956,moderate,Napasport Steakhouse And Sports Lounge,True,145 Gasser Drive Ste A,,,
1306,Napa,Steakhouse,False,707-258-9990,moderate,Trancas Steakhouse,False,999 Trancas Street,,,
1307,San Jose,Mexican,False,408-293-4321,moderate,Chacho's,False,87 East San Fernando Street,,,
1308,San Jose,Mexican,False,408-266-1815,moderate,Chevys Fresh Mex,False,5305 Almaden Expressway,,,
1309,San Jose,Mexican,False,408-275-9340,moderate,Chili's Grill & Bar,True,543 Coleman Avenue,,,
1310,San Jose,Mexican,False,408-260-7082,moderate,Consuelo Mexican Bistro,False,337 Santana Row #1125,,,
1311,San Jose,Mexican,False,408-365-9500,moderate,El Amigo,False,7090 Santa Teresa Boulevard,,,
1312,San Jose,Mexican,False,408-227-1752,moderate,El Tule,False,5440 Thornwood Drive #1,,,
1313,San Jose,Mexican,False,408-225-3080,moderate,Jess's Place,False,3088 Monterey Road,,,
1314,San Jose,Mexican,True,408-320-2651,moderate,La Hacienda,False,1616 Almaden Road,,,
1315,San Jose,Mexican,False,408-320-2654,moderate,Luna Mexican Kitchen,True,1495 The Alameda,,,
1316,San Jose,Mexican,False,408-841-3304,moderate,Mango's Mexican Grill,False,1860 The Alameda,,,
1317,Napa,American,False,707-260-1600,moderate,City Winery Napa,True,1030 Main Street,,,
1318,Napa,American,True,707-258-2337,moderate,Downtown Joe's,True,902 Main Street,,,
1319,Napa,American,False,707-927-3394,moderate,Forge Napa,True,155 Gasser Drive B,,,
1320,Napa,American,False,707-259-0762,moderate,Napa General Store,False,540 Main Street Ste 100,,,
1321,Napa,American,False,707-666-2383,moderate,Napa Valley Bistro,False,975 Clinton Street,,,
1322,Napa,American,False,707-258-6115,moderate,The Runway By Patrick,False,2044 Airport Road,,,
1323,Berkeley,California,False,(510) 548-5072,very expensive,Chez Panisse,True,1517 Shattuck Avenue,,,
1324,Berkeley,California,False,510-809-0400,moderate,Gather,True,2200 Oxford Street,,,
1325,Berkeley,California,False,510-370-2200,moderate,The Advocate,True,2635 Ashby Avenue,,,
1326,Livermore,Chinese,False,925-373-3900,moderate,Canton Village Restaurant,True,1070 East Stanley Boulevard,,,
1327,Livermore,Chinese,False,925-447-0779,inexpensive,China Villa,False,4022 East Avenue,,,
1328,Livermore,Chinese,False,925-449-7010,moderate,Uncle Yu's At The Vineyard,False,39 South Livermore Avenue #125,,,
1329,Rohnert Park,Asian,False,707-588-7100,expensive,M.y. China - Graton Resort & Casino,True,288 Golf Course Drive West,,,
1330,Oakland,Laotian,False,510-361-6498,moderate,The Saap Avenue,False,4395 Piedmont Avenue,,,
1331,San Francisco,Mexican,False,415-561-3650,moderate,Arguello,True,50 Moraga Avenue,,,
1332,San Francisco,Mexican,False,415-554-0181,moderate,Cadillac Bar & Grill,True,Market Square,,,
1333,San Francisco,Mexican,False,415-759-8741,moderate,Celia's By The Beach,True,4019 Judah Street,,,
1334,San Francisco,Mexican,False,415-400-4522,moderate,Don Pistos Tequila Bar,True,2030 Lombard Street,,,
1335,San Francisco,Mexican,False,415-796-2926,moderate,Flores,True,2030 Union Street,,,
1336,San Francisco,Mexican,False,415-913-7898,inexpensive,Lolo Cevicheria,True,3230 22nd Street,,,
1337,San Francisco,Mexican,False,415-986-9001,inexpensive,Rubio's,True,4 Embarcadero Center #101,,,
1338,San Francisco,Mexican,False,415-539-3905,moderate,South At Sfjazz,True,201 Franklin Street,,,
1339,San Francisco,Chinese,False,415-876-3298,inexpensive,Empero Taste,False,4052 Balboa Street,,,
1340,San Francisco,Chinese,False,415-750-0170,inexpensive,Emperor Palace Restaurant,False,530 Balboa Street,,,
1341,San Francisco,Chinese,False,415-282-0919,inexpensive,Eric's Restaurant,False,1500 Church Street,,,
1342,San Francisco,Chinese,False,415-387-1234,inexpensive,Five Happiness,False,4142 Geary Boulevard,,,
1343,Berkeley,Vegetarian,False,510-843-6600,inexpensive,Udupi Palace,False,1903 University Avenue,,,
1344,Oakland,Thai,False,510-500-3151,moderate,3 Seasons Thai Bistro,False,1506 Leimert Boulevard,,,
1345,Oakland,Thai,False,510-653-8587,inexpensive,Bangkok Garden,True,5231 College Avenue,,,
1346,Oakland,Thai,False,510-823-2354,moderate,Daughter Thai Kitchen,True,6118 Medau Place,,,
1347,Oakland,Thai,False,510-817-4816,moderate,Infinite Thai Eatery,False,4301 Piedmont Avenue A,,,
1348,Oakland,Thai,False,510-451-9419,moderate,Neecha Thai Cuisine,False,3236 Grand Avenue,,,
1349,Oakland,Thai,False,510-430-8771,inexpensive,Old Weang Ping,False,6217 MacArthur Boulevard,,,
1350,Oakland,Thai,False,510-658-8491,moderate,Orchids Thai,False,4133 Piedmont Avenue,,,
1351,Oakland,Thai,False,510-452-1499,moderate,Siam Bay | Authentic Thai Cuisine,False,1009 Clay Street,,,
1352,San Francisco,Nepalese,False,415-213-5654,moderate,Gorkha Kitchen,True,1386 9th Avenue,,,
1353,San Francisco,Brunch,False,415-861-0198,moderate,Mission Beach Cafe,True,198 Guerrero Street,,,
1354,San Francisco,Brunch,False,415-692-0211,moderate,Red Dog,True,303 2nd Street,,,
1355,San Francisco,Brunch,False,415-241-6833,moderate,Revelry Bistro,True,297 Page Street,,,
1356,San Francisco,Brunch,False,415-924-7478,expensive,Ristobar,True,2300 Chestnut Street,,,
1357,Oakland,Buffet,False,510-891-1496,moderate,Bacheesos,False,246 Grand Avenue,,,
1358,Oakland,Buffet,False,510-238-9388,expensive,Galeto Brazilian Steakhouse,True,1019 Clay Street,,,
1359,Oakland,Buffet,False,510-268-8957,moderate,Punjabi Tarka,False,3276 Lakeshore Avenue,,,
1360,Brisbane,Sushi,False,415-656-1889,inexpensive,Teriyaki House,False,114 Old County Road,,,
1361,Napa,Italian,False,707-254-8006,moderate,Allegria,False,1026 1st Street,,,
1362,Napa,Italian,True,707-224-6664,moderate,Ca' Momi Osteria,False,1141 1st Street,,,
1363,Napa,Italian,False,707-254-9700,moderate,Filippi's Pizza Grotto,False,645 1st Street,,,
1364,Napa,Italian,False,707-251-8600,moderate,Il Posto Trattoria,False,4211 Solano Avenue,,,
1365,Napa,Italian,False,707-257-3300,moderate,Mary's Pizza Shack,False,3085 Jefferson Street,,,
1366,Napa,Italian,False,707-492-8026,moderate,Pasta Prego,False,1502 Main Street,,,
1367,Napa,Italian,False,707-252-4533,moderate,Villa Romano,False,1011 Soscol Ferry Road,,,
1368,San Francisco,Italian,False,415-695-1199,moderate,Beretta,True,1199 Valencia Street,,,
1369,San Francisco,Italian,False,415-421-3009,moderate,Cafe Tiramisu,True,28 Belden Place,,,
1370,San Francisco,Italian,False,415-291-1700,moderate,Cafe Zoetrope,True,916 Kearny Street,,,
1371,San Francisco,Italian,False,415-397-3600,moderate,Calzone's Restaurant,True,430 Columbus Avenue,,,
1372,Berkeley,Izakaya,False,510-665-1969,expensive,Ippuku,False,2130 Center Street,,,
1373,San Francisco,Portuguese,False,415-829-2264,expensive,Uma Casa,True,1550 Church Street,,,
1374,San Francisco,Jamaican,False,415-590-2585,moderate,Kaya Restaurant,False,1420 Market Street,,,
1375,San Francisco,Mexican,False,415-864-2700,moderate,Don Ramon's,False,225 11th Street,,,
1376,San Francisco,Mexican,False,415-817-1542,moderate,El Buen Comer,False,3435 Mission Street,,,
1377,San Francisco,Mexican,False,415-202-0530,inexpensive,El Tesoro Taqueria & Grill,False,599 O'Farrell Street,,,
1378,San Francisco,African,True,415-826-9287,moderate,Bissap Baobab,False,3372 19th Street,,,
1379,San Francisco,African,False,415-826-9660,inexpensive,Radio Africa Kitchen,True,4800 3rd Street,,,
1380,San Francisco,Chinese,False,415-282-8999,inexpensive,Alice's,False,1599 Sanchez Street,2019-03-01,2,17:00
1381,San Francisco,Japanese,False,415-292-9997,moderate,2g Japanese Brasserie,True,601 Van Ness Avenue,2019-03-08,2,12:00
1382,Oakland,Coffeehouse,False,510-420-6962,expensive,Homestead,False,4029 Piedmont Avenue,,,
1383,Oakland,Coffeehouse,True,510-633-2152,inexpensive,Mcdonald's,False,9725 East 14th Street,,,
1384,Oakland,Coffeehouse,False,510-866-2133,moderate,Paulista Brazilian Kitchen And Taproom,True,4239 Park Boulevard,,,
1385,Oakland,Coffeehouse,True,510-268-0170,moderate,Spice Monkey Restaurant & Bar,True,1628 Webster Street,,,
1386,Oakland,Coffeehouse,True,510-633-2152,inexpensive,Mcdonald's,False,9725 East 14th Street,2019-03-01,2,17:30
1387,Santa Rosa,Seafood,False,707-569-8588,moderate,Jojo Restaurant & Sushi Bar,False,645 4th Street A,,,
1388,Santa Rosa,Seafood,True,707-708-8808,moderate,Mariscos El Patron,False,458 B Street,,,
1389,Santa Rosa,Seafood,False,707-546-5100,expensive,Stark's Steak & Seafood,False,521 Adams Street,,,
1390,Santa Rosa,Seafood,True,707-708-8808,moderate,Mariscos El Patron,False,458 B Street,2019-03-10,2,19:30
1391,Napa,Spanish,False,707-224-5551,moderate,La Taberna,False,815 Main Street,,,
1392,Napa,Spanish,False,707-224-5551,moderate,La Taberna,False,815 Main Street,2019-03-01,2,17:00
1393,San Francisco,Moroccan,False,415-751-2312,moderate,El Mansour,False,3119 Clement Street,,,
1394,San Francisco,Moroccan,False,628-233-1503,moderate,Khamsa,False,1503 15th Street,,,
1395,San Francisco,Moroccan,True,415-776-1538,moderate,Marrakech,False,419 O'Farrell Street,,,
1396,San Francisco,Moroccan,False,415-660-2500,very expensive,Mourad,False,140 New Montgomery Street #1,,,
1397,San Francisco,Moroccan,False,415-751-2312,moderate,El Mansour,False,3119 Clement Street,2019-03-01,2,12:30
1398,Union City,American,False,510-429-6860,moderate,Chaplin's Sports Bistro,True,29200 Kohoutek Way,,,
1399,Union City,American,True,510-489-6080,inexpensive,Mcdonald's,False,27 Union Square,,,
1400,Union City,American,False,510-489-2797,moderate,Tgi Fridays,True,31900 Dyer Street,,,
1401,Union City,American,True,510-675-0101,moderate,Tribu Grill,True,32208 Dyer Street,,,
1402,Union City,American,True,510-489-6080,inexpensive,Mcdonald's,False,27 Union Square,2019-03-14,2,18:00
1403,San Francisco,Spanish,False,415-430-6590,expensive,Barcino,True,399 Grove Street,,,
1404,San Francisco,Spanish,True,415-430-6580,expensive,Bellota,True,888 Brannan Street,,,
1405,San Francisco,Spanish,False,415-345-2301,expensive,Bota Tapas & Paella Bar,False,490 Geary Street,,,
1406,San Francisco,Spanish,False,415-704-8866,expensive,Coqueta,True,Pier 5 The Embarcadero,,,
1407,San Francisco,Spanish,False,415-391-2555,expensive,Piperade,False,1015 Battery Street,,,
1408,San Francisco,Spanish,False,415-929-8888,moderate,Alegrias,False,2018 Lombard Street,2019-03-01,2,11:30
1409,San Jose,Chinese,False,408-377-8310,moderate,Chef Li,False,2033 Camden Avenue # F3,,,
1410,San Jose,Chinese,False,408-226-3666,moderate,China Delight,False,5813 Cottle Road,,,
1411,San Jose,Chinese,False,408-225-9101,moderate,China Station Restaurant,False,80 Senter Road,,,
1412,San Jose,Chinese,False,408-280-6688,moderate,China Wok Restaurant,False,9 North Market Street,,,
1413,San Jose,Chinese,False,408-945-1380,moderate,Golden Garlic,False,3082 Landess Avenue,,,
1414,San Jose,Chinese,False,408-225-8001,inexpensive,Golden House Restaurant,False,7108 Santa Teresa Boulevard,,,
1415,San Jose,Chinese,False,408-873-9982,moderate,Hunan Impression,False,5152 Moorpark Avenue #30,,,
1416,San Jose,Chinese,False,408-251-7693,inexpensive,K K Chinese,False,3095 McKee Road,,,
1417,San Jose,Chinese,False,408-371-2968,inexpensive,Little Hunan,False,1882 Curtner Avenue,,,
1418,San Jose,Chinese,False,408-437-2499,moderate,Ma's Restaurant,False,1715 Lundy Avenue,,,
1419,San Jose,Chinese,False,408-377-8310,moderate,Chef Li,False,2033 Camden Avenue # F3,2019-03-01,1,19:00
1420,San Francisco,Japanese,False,415-292-9997,moderate,2g Japanese Brasserie,True,601 Van Ness Avenue,2019-03-05,2,18:00
1421,San Francisco,Seafood,False,415-989-8218,expensive,Akiko's Sushi Bar,True,542 A Mason Street,2019-03-01,2,11:30
1422,Ross,French,False,415-925-9200,expensive,Marche Aux Fleurs,True,23 Ross Common Box 793,,,
1423,Ross,French,False,415-925-9200,expensive,Marche Aux Fleurs,True,23 Ross Common Box 793,2019-03-01,2,11:30
1424,Livermore,Indian,False,925-399-4222,inexpensive,Caraway Indian Cuisine,True,1536 North Vasco Road,,,
1425,Livermore,Indian,False,925-606-6191,moderate,Sansar Indian Cuisine,False,2220 First Street,,,
1426,Livermore,Indian,False,925-606-6191,moderate,Sansar Indian Cuisine,False,2220 First Street,2019-03-03,4,19:00
1427,Santa Rosa,Chinese,False,707-521-9239,inexpensive,Mei-don Chinese Cuisine,False,6576 Oakmont Drive,2019-03-01,2,19:00
1428,Vacaville,Chinese,False,707-448-0785,moderate,Wah Shine,False,145 Peabody Road,,,
1429,Vacaville,Chinese,False,707-449-4217,moderate,Yen King Restaurant,False,1327 East Monte Vista Avenue,,,
1430,Vacaville,Chinese,False,707-448-0785,moderate,Wah Shine,False,145 Peabody Road,2019-03-11,2,13:30
1431,San Francisco,American,False,415-359-1212,expensive,1760,False,1760 Polk Street,2019-03-01,1,18:30
1432,Oakland,Asian,False,510-839-8815,moderate,Battambang Restaurant,False,850 Broadway,,,
1433,Oakland,Asian,False,510-835-8322,moderate,Lin Jia Asian Kitchen,False,3437 Lakeshore Avenue,,,
1434,Oakland,Asian,False,510-286-8866,moderate,Peony Seafood Restaurant,False,388 9th Street #288,,,
1435,Oakland,Asian,False,510-420-8600,moderate,Sukho Thai,False,5498 College Avenue,,,
1436,Oakland,Asian,False,510-430-2552,moderate,Yoshino Sushi,False,296 Hegenberger Road,,,
1437,Oakland,Asian,False,510-839-8815,moderate,Battambang Restaurant,False,850 Broadway,2019-03-01,2,13:00
1438,Castro Valley,Seafood,False,510-537-1454,moderate,Dino's Restaurant,False,20390 Lake Chabot Road,,,
1439,Castro Valley,Seafood,False,510-537-3063,moderate,Paradise Grill & Bbq,True,17007 Redwood Road,,,
1440,Castro Valley,Seafood,False,510-889-1188,moderate,Silver Spoon Gourmet Cuisine,False,3563 Castro Valley Boulevard,,,
1441,Castro Valley,Seafood,False,510-537-1454,moderate,Dino's Restaurant,False,20390 Lake Chabot Road,2019-03-14,2,17:30
1442,Sonoma,Mexican,False,707-996-3406,moderate,La Casa,False,121 East Spain Street,,,
1443,Sonoma,Mexican,False,707-996-3406,moderate,La Casa,False,121 East Spain Street,2019-03-13,2,19:30
1444,San Francisco,Seafood,False,415-989-8218,expensive,Akiko's Sushi Bar,True,542 A Mason Street,2019-03-01,1,11:00
1445,South San Francisco,Chinese,False,650-837-9068,inexpensive,King Sun Buffet,False,245 South Airport Boulevard,2019-03-11,2,19:30
1446,San Francisco,French,False,415-292-6916,moderate,Amelie San Francisco,True,1754 Polk Street,2019-03-01,2,17:00
1447,San Rafael,American,False,415-755-6250,moderate,Bj's Restaurant & Brewhouse,True,5800 Northgate Mall Suite 159,,,
1448,San Rafael,American,False,415-454-6450,moderate,Rangecafe Bar And Grill,True,337 Biscayne Drive,,,
1449,San Rafael,American,True,415-456-2425,moderate,San Rafael Joe's,False,931 4th Street,,,
1450,San Rafael,American,False,415-721-0600,moderate,Vin Antico,True,881 4th Street,,,
1451,San Francisco,American,False,415-359-1212,expensive,1760,False,1760 Polk Street,2019-03-12,4,19:30
1452,Dublin,Italian,False,925-361-0862,moderate,Berevino Cucina & Wine Bar,False,4590 Dublin Boulevard,,,
1453,Dublin,Italian,False,925-803-9772,moderate,Tomatina,True,4590 Dublin Boulevard,,,
1454,Dublin,Italian,False,925-803-9772,moderate,Tomatina,True,4590 Dublin Boulevard,2019-03-01,2,18:30
1455,San Francisco,Japanese,False,415-292-9997,moderate,2g Japanese Brasserie,True,601 Van Ness Avenue,2019-03-01,2,18:00
1456,Oakland,American,False,510-286-0100,expensive,Flora,False,1900 Telegraph Avenue,2019-03-01,2,19:30
1457,Santa Rosa,Italian,False,707-539-0260,moderate,Basilico,False,4776 Sonoma Highway,2019-03-07,4,13:30
1458,Petaluma,American,False,707-981-8228,moderate,Bistro 100,True,140 2nd Street #100,,,
1459,Petaluma,American,False,707-778-9900,expensive,Central Market,False,42 Petaluma Boulevard North,,,
1460,Petaluma,American,False,707-763-8538,inexpensive,Mr Mom's Cafe,False,931 Petaluma Boulevard South,,,
1461,Petaluma,American,False,707-782-9090,moderate,Pub Republic,True,3120 Lakeville Highway,,,
1462,Petaluma,American,False,707-795-0127,moderate,Stormy's Spirits & Supper,True,6650 Bloomfield Road,,,
1463,Petaluma,American,True,707-774-6689,expensive,The Drawing Board,True,190 Kentucky Street,,,
1464,Petaluma,Bistro,False,707-658-1156,moderate,Wild Goat Bistro,False,6 Petaluma Boulevard North,,,
1465,Petaluma,Bistro,False,707-658-1156,moderate,Wild Goat Bistro,False,6 Petaluma Boulevard North,2019-03-01,1,17:00
1466,San Francisco,Japanese,False,415-292-9997,moderate,2g Japanese Brasserie,True,601 Van Ness Avenue,2019-03-01,2,11:30
1467,Sonoma,Mexican,False,707-996-3406,moderate,La Casa,False,121 East Spain Street,2019-03-01,2,19:00
1468,Milpitas,Coffeehouse,False,408-719-8200,moderate,Honey Thai Restaurant,False,57 North Milpitas Boulevard,,,
1469,Milpitas,Coffeehouse,False,408-719-8200,moderate,Honey Thai Restaurant,False,57 North Milpitas Boulevard,2019-03-01,2,11:30
1470,Santa Clara,Mexican,False,408-248-3113,inexpensive,El Amigo Burrito,True,4485 Stevens Creek Boulevard,2019-03-03,3,13:30
1471,Cupertino,Seafood,False,408-861-0105,inexpensive,Rubio's Coastal Grill,True,20688 Stevens Creek Boulevard,,,
1472,Cupertino,Seafood,False,408-861-0105,inexpensive,Rubio's Coastal Grill,True,20688 Stevens Creek Boulevard,2019-03-13,3,19:00
1473,San Francisco,Fusion,True,415-826-9561,moderate,El Valenciano,True,1153 Valencia Street,,,
1474,San Francisco,Fusion,True,415-826-9561,moderate,El Valenciano,True,1153 Valencia Street,2019-03-14,2,11:00
1475,Petaluma,Chinese,False,707-763-3083,moderate,City Chopsticks,False,127 North McDowell Boulevard,,,
1476,Petaluma,Chinese,False,707-782-1170,moderate,Lily Kai Chinese Cuisine,False,3100 Lakeville Highway H,,,
1477,Petaluma,Chinese,False,707-763-3083,moderate,City Chopsticks,False,127 North McDowell Boulevard,2019-03-01,2,13:00
1478,San Francisco,Japanese,False,415-292-9997,moderate,2g Japanese Brasserie,True,601 Van Ness Avenue,2019-03-01,2,18:30
1479,San Francisco,Japanese,False,415-292-9997,moderate,2g Japanese Brasserie,True,601 Van Ness Avenue,2019-03-10,2,12:30
1480,San Francisco,American,False,415-872-9409,moderate,Alba Ray's,True,2293 Mission Street,2019-03-10,2,11:00
1481,San Francisco,Seafood,False,415-989-8218,expensive,Akiko's Sushi Bar,True,542 A Mason Street,2019-03-08,2,19:00
1482,Sonoma,Mexican,False,707-996-3406,moderate,La Casa,False,121 East Spain Street,2019-03-05,2,12:30
1483,Oakland,California,False,510-652-3676,moderate,Dopo,False,4293 Piedmont Avenue,,,
1484,Oakland,California,False,510-290-0331,inexpensive,Mockingbird,False,416 13th Street,,,
1485,Oakland,California,False,510-808-7519,moderate,Sideshow Kitchen,True,942 Stanford Avenue,,,
1486,Oakland,California,False,510-652-3676,moderate,Dopo,False,4293 Piedmont Avenue,2019-03-01,4,17:00
1487,Oakland,Chinese,False,510-839-9697,moderate,Fortune Restaurant,True,940 Webster Street,,,
1488,Oakland,Chinese,False,510-482-3988,moderate,Happy Garden,False,4112 MacArthur Boulevard,,,
1489,Oakland,Chinese,False,510-658-9799,moderate,Little Shin Shin,False,4258 Piedmont Avenue,,,
1490,Oakland,Chinese,False,510-530-3232,moderate,Ly-luck Restaurant,False,3537 Fruitvale Avenue,,,
1491,Oakland,Chinese,False,510-823-2082,moderate,Qi Dumpling House,False,3300 Grand Avenue,,,
1492,Oakland,Chinese,False,510-839-9697,moderate,Fortune Restaurant,True,940 Webster Street,2019-03-01,2,13:30
1493,Cupertino,Italian,False,408-255-2686,expensive,Enzo's Italian Restaurant,True,21275 Stevens Creek Boulevard #510,,,
1494,Cupertino,Italian,False,408-725-0188,expensive,Fontana's Italian Restaurant,False,20840 Stevens Creek Boulevard,,,
1495,Cupertino,Italian,False,408-255-2686,expensive,Enzo's Italian Restaurant,True,21275 Stevens Creek Boulevard #510,2019-03-02,1,19:30
1496,Walnut Creek,Japanese,False,925-210-0188,moderate,Sasa,True,1432 North Main Street,2019-03-10,2,12:00
1497,Dublin,Seafood,False,925-999-8053,moderate,Pacific Catch,True,5251 Martinelli Way,,,
1498,Dublin,Seafood,False,925-999-8053,moderate,Pacific Catch,True,5251 Martinelli Way,2019-03-04,2,11:30
1499,Santa Clara,Seafood,False,408-246-3474,moderate,The Fish Market,True,3775 El Camino Real,,,
1500,Santa Clara,Seafood,False,408-246-3474,moderate,The Fish Market,True,3775 El Camino Real,2019-03-01,2,11:00
1501,San Francisco,Seafood,False,415-989-8218,expensive,Akiko's Sushi Bar,True,542 A Mason Street,2019-03-06,2,17:30
1502,Larkspur,Japanese,False,415-924-8848,moderate,Fukusuke Restaurant,False,578 Magnolia Avenue,,,
1503,Larkspur,Japanese,False,415-924-8848,moderate,Fukusuke Restaurant,False,578 Magnolia Avenue,2019-03-01,3,19:00
1504,San Mateo,American,False,650-522-7526,expensive,Poplar Creek Grill,True,1700 Coyote Point Drive,,,
1505,San Mateo,American,False,650-522-7526,expensive,Poplar Creek Grill,True,1700 Coyote Point Drive,2019-03-01,4,11:00
1506,Berkeley,Tapas,False,510-559-9006,moderate,Fonda,True,1501 Solano Avenue,,,
1507,Berkeley,Tapas,False,510-647-9525,moderate,La Marcha Tapas Bar,False,2026 San Pablo Avenue,,,
1508,Berkeley,Tapas,False,510-559-9006,moderate,Fonda,True,1501 Solano Avenue,2019-03-10,4,12:00
1509,Pleasant Hill,Italian,False,925-944-1532,moderate,Dallimonti's Italian Restaurant,True,1932 Oak Park Boulevard,,,
1510,Pleasant Hill,Italian,True,925-448-9888,moderate,Wisegirl Ristorante Italiano & Cocktails,False,1932 Oak Park Boulevard,,,
1511,Pleasant Hill,Italian,True,925-933-9091,moderate,Zio Fraedo's,False,611 Gregory Lane,,,
1512,Pleasant Hill,Italian,False,925-944-1532,moderate,Dallimonti's Italian Restaurant,True,1932 Oak Park Boulevard,2019-03-12,4,19:30
1513,San Francisco,Mexican,False,415-561-3650,moderate,Arguello,True,50 Moraga Avenue,2019-03-01,2,12:30
1514,San Francisco,Korean,False,415-292-2368,moderate,Aato,True,1449 Lombard Street,2019-03-13,4,19:00
1515,San Francisco,Seafood,False,415-989-8218,expensive,Akiko's Sushi Bar,True,542 A Mason Street,2019-03-13,2,11:00
1516,San Francisco,Seafood,False,415-989-8218,expensive,Akiko's Sushi Bar,True,542 A Mason Street,2019-03-01,3,13:30
1517,Los Gatos,Asian,False,408-395-6650,moderate,Kamakura Japanese Restaurant,False,135 North Santa Cruz Avenue,,,
1518,Los Gatos,Asian,False,408-395-6650,moderate,Kamakura Japanese Restaurant,False,135 North Santa Cruz Avenue,2019-03-01,2,19:30
1519,San Mateo,Cuban,False,650-347-2900,moderate,Cha Cha Cha Cuba,True,112 South B Street,,,
1520,San Mateo,Cuban,False,650-347-2900,moderate,Cha Cha Cha Cuba,True,112 South B Street,2019-03-01,1,19:30
1521,Berkeley,Vegetarian,False,510-704-0174,moderate,Himalayan Flavors,False,1585 University Avenue,2019-03-12,2,18:30
1522,Livermore,Brunch,False,925-443-6638,moderate,Simply Fondue,True,2300 First Street #110,,,
1523,Livermore,Brunch,False,925-443-6638,moderate,Simply Fondue,True,2300 First Street #110,2019-03-01,2,18:30
1524,Mill Valley,Italian,False,415-388-0224,moderate,La Ginestra,False,127 Throckmorton Avenue,,,
1525,Mill Valley,Italian,False,415-388-2126,moderate,Piazza D'angelo,True,22 Miller Avenue,,,
1526,Mill Valley,Italian,False,415-383-0600,moderate,Pizza Antica,False,800 Redwood Highway #705,,,
1527,Mill Valley,Italian,False,415-388-0224,moderate,La Ginestra,False,127 Throckmorton Avenue,2019-03-04,2,18:30
1528,Milpitas,Korean,False,408-263-6705,moderate,Cj House Korean Bbq,True,260 South Abel Street,,,
1529,Milpitas,Korean,False,408-262-3434,inexpensive,Jang Su Jang,True,269 West Calaveras Boulevard,,,
1530,Milpitas,Korean,False,408-946-2222,moderate,Korea Garden,False,1535 Landess Avenue #143,,,
1531,Milpitas,Korean,False,408-946-2222,moderate,Korea Garden,False,1535 Landess Avenue #143,2019-03-03,2,12:00
1532,San Francisco,Seafood,False,415-989-8218,expensive,Akiko's Sushi Bar,True,542 A Mason Street,2019-03-03,2,11:30
1533,Sunnyvale,Italian,False,408-737-8384,moderate,Gumba's,True,176 South Murphy Avenue,2019-03-01,2,12:00
1534,Marshall,Seafood,False,415-663-1033,moderate,Nick's Cove,True,23240 California 1,,,
1535,Marshall,Seafood,False,415-663-1033,moderate,Nick's Cove,True,23240 California 1,2019-03-01,1,11:30
1536,San Francisco,Japanese,False,415-292-9997,moderate,2g Japanese Brasserie,True,601 Van Ness Avenue,2019-03-01,4,19:00
1537,San Francisco,Japanese,False,415-292-9997,moderate,2g Japanese Brasserie,True,601 Van Ness Avenue,2019-03-11,1,12:00
1538,Dublin,Italian,False,925-361-0862,moderate,Berevino Cucina & Wine Bar,False,4590 Dublin Boulevard,2019-03-01,1,18:00
1539,San Francisco,Chinese,False,415-282-8999,inexpensive,Alice's,False,1599 Sanchez Street,2019-03-04,3,18:00
1540,San Francisco,Chinese,False,415-474-6888,moderate,Dragon Well,False,2142 Chestnut Street,,,
1541,San Francisco,Chinese,False,415-777-8568,moderate,Fang,True,660 Howard Street,,,
1542,San Francisco,Chinese,False,415-986-2500,moderate,Great Eastern Restaurant,False,649 Jackson Street,,,
1543,San Francisco,Chinese,False,415-876-6898,moderate,Hakka Restaurant,False,4401 Cabrillo Street,,,
1544,San Francisco,Chinese,False,415-221-9888,moderate,House Of Banquet,False,939 Clement Street,,,
1545,San Francisco,Chinese,False,415-468-9333,moderate,Imperial Garden Seafood Restaurant,False,2626 San Bruno Avenue,,,
1546,San Francisco,Chinese,False,415-333-8182,moderate,Beijing Restaurant,False,1801 Alemany Boulevard,2019-03-01,3,12:00
1547,San Rafael,Mexican,False,415-456-8190,moderate,Celia's Mexican Restaurant,False,1 Vivian Street,,,
1548,San Rafael,Mexican,False,415-521-5691,moderate,Green Chile Kitchen,True,1335 4th Street,,,
1549,San Rafael,Mexican,False,415-456-4070,inexpensive,Los Palillos Restaurant,False,3060 Kerner Boulevard,,,
1550,San Rafael,Mexican,False,415-456-4070,inexpensive,Los Palillos Restaurant,False,3060 Kerner Boulevard,2019-03-01,2,18:30
1551,San Francisco,Chinese,False,415-282-8999,inexpensive,Alice's,False,1599 Sanchez Street,2019-03-01,1,17:00
1552,San Francisco,Burmese,False,415-933-9900,moderate,B Star,False,127 Clement Street,2019-03-12,2,12:30
1553,San Francisco,American,False,415-359-1212,expensive,1760,False,1760 Polk Street,2019-03-01,2,18:00
1554,Berkeley,Italian,False,510-838-1131,moderate,Donato & Co.,False,2635 Ashby Avenue,2019-03-01,2,13:00
1555,San Francisco,Korean,False,415-525-4985,moderate,Barnzu,True,711 Geary Street,2019-03-01,2,18:30
1556,Santa Rosa,Italian,False,707-544-3444,moderate,Union Hotel Restaurants,False,1007 West College Avenue d,,,
1557,Santa Rosa,Italian,False,707-539-0260,moderate,Basilico,False,4776 Sonoma Highway,2019-03-01,2,13:30
1558,Milpitas,Indian,False,408-435-5500,moderate,Anjappar Chettinad Restaurant,False,Milpitas Square,2019-03-07,2,18:00
1559,San Francisco,Gastropub,False,415-543-6084,very expensive,Boulevard,True,1 Mission Street,,,
1560,San Francisco,Gastropub,False,415-655-9413,expensive,Sessions At The Presidio,True,1 Letterman Drive,,,
1561,San Francisco,Gastropub,False,415-287-6599,moderate,B-side,True,205 Franklin Street,2019-03-06,4,18:00
1562,San Francisco,Seafood,False,415-757-0120,moderate,Begoni Bistro,False,615 Jackson Street,2019-03-01,2,19:00
1563,Danville,Thai,False,925-743-8424,moderate,Lotus Thai Restaurant,False,115 Hartz Avenue,2019-03-05,1,19:00
1564,San Jose,American,False,408-971-8523,moderate,71 Saint Peter,True,71 North San Pedro Street,2019-03-07,2,18:00
1565,Menlo Park,Bistro,False,650-462-1686,moderate,Bistro Vida,False,641 Santa Cruz Avenue,,,
1566,Menlo Park,Bistro,False,650-330-2790,moderate,Duck Club,True,100 El Camino Real,,,
1567,Menlo Park,Bistro,False,650-462-1686,moderate,Bistro Vida,False,641 Santa Cruz Avenue,2019-03-01,2,11:30
1568,San Francisco,Chinese,False,415-282-8999,inexpensive,Alice's,False,1599 Sanchez Street,2019-03-01,1,17:30
1569,San Francisco,Chinese,False,415-282-8999,inexpensive,Alice's,False,1599 Sanchez Street,2019-03-01,2,19:00
1570,Redwood City,Japanese,False,650-369-4350,moderate,Sakura 2 Teppanyaki And Sushi,False,373 Main Street,,,
1571,Redwood City,Japanese,False,650-298-9011,moderate,Yokohama,False,2050 Broadway,,,
1572,Redwood City,Mediterranean,False,650-299-9551,inexpensive,Rocknwraps And Kabobs,False,2053 Broadway,2019-03-07,2,18:30
1573,San Francisco,Seafood,False,415-989-8218,expensive,Akiko's Sushi Bar,True,542 A Mason Street,2019-03-08,4,12:00
1574,San Francisco,Japanese,False,415-292-9997,moderate,2g Japanese Brasserie,True,601 Van Ness Avenue,2019-03-07,2,18:00
1575,San Francisco,Seafood,False,415-989-8218,expensive,Akiko's Sushi Bar,True,542 A Mason Street,2019-03-11,2,18:30
1576,Sunnyvale,Italian,False,408-737-8384,moderate,Gumba's,True,176 South Murphy Avenue,2019-03-10,3,12:30
1577,St. Helena,American,False,707-968-9200,expensive,Archetype,False,1429 Main Street,,,
1578,St. Helena,American,False,877-627-2645,expensive,Farmstead At Long Meadow Ranch,True,738 Main Street,,,
1579,St. Helena,American,False,707-967-8779,expensive,Goose And Gander,False,1245 Spring Street,,,
1580,St. Helena,American,False,707-967-4695,expensive,Harvest Table,True,1 Main Street,,,
1581,St. Helena,American,False,707-963-3799,moderate,Market,False,1347 Main Street,,,
1582,St. Helena,American,False,707-963-8931,very expensive,Terra,False,1345 Railroad Avenue,,,
1583,St. Helena,American,False,707-968-9200,expensive,Archetype,False,1429 Main Street,2019-03-01,2,11:00
1584,Novato,Indian,False,415-895-5757,moderate,Batika India Bistro,True,868 Grant Avenue,,,
1585,Novato,Indian,False,650-965-5949,moderate,Little Goan Indian Cafe,False,2007 Novato Boulevard,,,
1586,Novato,Indian,False,415-895-5757,moderate,Batika India Bistro,True,868 Grant Avenue,2019-03-11,3,18:30
1587,Benicia,Vegetarian,False,707-747-1868,moderate,Mai Thai Cuisine,False,807 1st Street,,,
1588,Benicia,Vegetarian,False,707-747-1868,moderate,Mai Thai Cuisine,False,807 1st Street,2019-03-01,2,18:30
1589,Cupertino,Sandwich,True,408-255-7576,inexpensive,Mcdonald's,False,10990 North Stelling Road,,,
1590,Cupertino,Chinese,True,408-606-8976,inexpensive,A Plus Cafe,True,21267 Stevens Creek Boulevard #200,2019-03-10,2,19:30
1591,San Mateo,Asian,False,925-408-4891,moderate,Izakaya Ginji,True,301 East 4th Avenue,2019-03-03,2,17:30
1592,San Francisco,French,False,415-292-6916,moderate,Amelie San Francisco,True,1754 Polk Street,2019-03-01,2,12:00
1593,Redwood City,Mediterranean,False,650-299-9551,inexpensive,Rocknwraps And Kabobs,False,2053 Broadway,2019-03-01,2,17:00
1594,Newark,Asian,False,510-608-4762,moderate,Mumbai Chowk,False,35144 Newark Boulevard,,,
1595,Newark,Asian,False,510-608-4762,moderate,Mumbai Chowk,False,35144 Newark Boulevard,2019-03-01,2,13:00
1596,San Francisco,Seafood,False,415-673-1459,moderate,Killer Shrimp San Francisco,True,1516 Broadway,,,
1597,San Francisco,Seafood,False,415-285-4926,inexpensive,Little Kite,True,3515 20th Street A,,,
1598,San Francisco,Seafood,False,415-655-9510,moderate,Nostra Spaghetteria,True,280 Valencia Street,,,
1599,San Francisco,Seafood,False,415-661-5434,moderate,Olive Garden Italian Restaurant,True,3251 20th Avenue #187,,,
1600,San Francisco,Seafood,False,415-504-6905,moderate,Pacific Catch,True,1200 9th Avenue,,,
1601,San Francisco,Seafood,True,415-362-5125,moderate,Pier 23 Cafe Restaurant & Bar,True,Pier 23 The Embarcadero,,,
1602,San Francisco,Seafood,False,415-986-6491,moderate,Plouf,True,40 Belden Place,,,
1603,San Francisco,Seafood,False,415-255-8800,moderate,Skool,True,1725 Alameda Street,,,
1604,San Francisco,Seafood,False,415-398-3181,moderate,Sotto Mare,True,552 Green Street,,,
1605,Rohnert Park,American,False,707-585-2722,moderate,Bear Republic Brewing Co.,True,5000 Roberts Lake Road,,,
1606,Rohnert Park,American,False,707-585-7505,moderate,Daily Grill,True,630 Park Court,,,
1607,Rohnert Park,American,True,707-584-1529,inexpensive,Mcdonald's,False,6600 Commerce Boulevard,,,
1608,San Francisco,California,False,415-872-5512,very expensive,Lord Stanley,True,2065 Polk Street,,,
1609,San Francisco,California,False,415-829-7565,very expensive,Nightbird,True,330 Gough Street,,,
1610,San Francisco,California,False,415-408-7507,very expensive,Octavia,True,1701 Octavia Street,,,
1611,Berkeley,Mediterranean,False,510-848-8877,moderate,Alborz Restaurant,True,2142 Center Street,,,
1612,Berkeley,Mediterranean,False,510-540-7773,moderate,La Mediterranee,False,2936 College Avenue,,,
1613,Berkeley,Mediterranean,False,510-981-8339,expensive,Pathos Organic Greek Kitchen,True,2430 Shattuck Avenue,,,
1614,San Francisco,Italian,False,415-543-9720,moderate,Caputo,True,100 Brannan Street,,,
1615,San Francisco,Salad,False,415-392-2275,moderate,Bask,True,42 Columbus Avenue,,,
1616,San Francisco,Salad,True,415-452-8819,inexpensive,Mcdonald's,False,1201 Ocean Avenue,,,
1617,San Jose,Japanese,False,408-931-6875,moderate,Bluefin,False,754 The Alameda #10,,,
1618,San Jose,Japanese,False,408-249-6020,moderate,Dan Izakaya Restaurant,True,1306 Saratoga Avenue,,,
1619,San Jose,Japanese,False,408-985-2968,moderate,Hokkaido Buffet,False,3830 Stevens Creek Boulevard,,,
1620,San Jose,Japanese,False,408-453-8120,moderate,House Of Genji,False,1335 North 1st Street,,,
1621,San Jose,Japanese,False,408-371-4702,moderate,Ishi Shima Sushi,False,2041 Camden Avenue,,,
1622,San Jose,Japanese,False,408-723-1133,moderate,Kampai Bar And Grill,False,519 West Capitol Expressway,,,
1623,San Jose,Japanese,False,408-288-9611,moderate,Kazoo Japanese Restaurant,True,250 Jackson Street,,,
1624,San Jose,Japanese,False,408-985-1889,moderate,Kenji Sushi,False,385 South Winchester Boulevard,,,
1625,San Jose,Japanese,False,408-279-8440,moderate,Kubota,False,593 North 5th Street,,,
1626,San Jose,Japanese,False,408-224-0600,moderate,Miyakko Japanese Cuisine,False,664 Blossom Hill Road,,,
1627,Oakland,Greek,False,510-899-4400,moderate,Ikaros Greek Restaurant,False,3268 Grand Avenue,,,
1628,Berkeley,American,False,510-644-0444,moderate,Zut!,False,1820 Fourth Street,,,
1629,Berkeley,Asian,False,510-883-1883,moderate,Da Lian Restaurant,False,1674 Shattuck Avenue,,,
1630,Berkeley,Asian,False,510-843-7996,moderate,Great China Restaurant,False,2190 Bancroft Way,,,
1631,Berkeley,Asian,False,510-526-4915,moderate,Himalayan Tandoori And Curry House,False,1645 Solano Avenue,,,
1632,Berkeley,Asian,False,510-883-1688,moderate,Shen Hua,False,2914 College Avenue,,,
1633,Berkeley,Asian,False,510-849-4983,moderate,Taste Of The Himalayas,False,1700 Shattuck Avenue,,,
1634,Berkeley,Asian,False,510-525-8300,moderate,Vanessa's Bistro,False,1715 Solano Avenue,,,
1635,Oakland,Asian,False,510-444-1771,inexpensive,Yang Chow Restaurant,False,3211 Grand Avenue,,,
1636,Berkeley,European,True,510-843-2733,moderate,Hs Lordships Restaurant,True,199 Seawall Drive,,,
1637,San Francisco,Japanese,False,415-503-0702,very expensive,Maruya,True,2931 16th Street,,,
1638,San Francisco,Sushi,False,415-614-1958,moderate,Atami Sushi Bar & Grill,True,1662 Lombard Street,,,
1639,San Francisco,Sushi,False,415-776-5822,moderate,Juban Yakiniku House Japanese,True,1581 Webster Street,,,
1640,San Francisco,Sushi,False,415-861-6438,moderate,Live Sushi Bar,False,2001 17th Street,,,
1641,San Francisco,Sushi,False,415-781-6730,moderate,Mikaku Restaurant,False,323 Grant Avenue,,,
1642,San Francisco,Sushi,False,415-548-2429,expensive,Robin,False,620 Gough Street,,,
1643,San Francisco,Sushi,False,415-702-9979,moderate,Sqwers Japanese Restaurant,False,3015 Geary Boulevard,,,
1644,San Francisco,Sushi,False,415-291-9268,moderate,Sushi Hunter,True,1701 Powell Street,,,
1645,San Francisco,Sushi,False,415-788-8050,moderate,Sushi On North Beach,False,745 Columbus Avenue,,,
1646,San Francisco,Sushi,False,415-921-2000,moderate,Takara,False,22 Peace Plaza #505,,,
1647,San Francisco,Sushi,False,415-567-7664,moderate,Tsunami Panhandle,True,1306 Fulton Street,,,
1648,Berkeley,Fondue,False,510-549-0850,moderate,Fondue Fred,False,2556 Telegraph Avenue,,,
1649,San Francisco,California,False,415-567-4400,moderate,Jannah,True,1775 Fulton Street,,,
1650,San Francisco,Tapas,False,415-471-2977,expensive,Aatxe,False,2174 Market Street,,,
1651,San Francisco,Tapas,False,415-654-5211,moderate,Barvale,True,661 Divisadero Street,,,
1652,San Francisco,Tapas,False,415-801-5392,moderate,Beso Bistronomia,False,4058 18th Street A,,,
1653,San Francisco,Tapas,False,415-896-2120,moderate,District San Francisco,True,216 Townsend Street,,,
1654,San Francisco,Tapas,False,415-401-8959,moderate,Garcon,False,1101 Valencia Street,,,
1655,San Francisco,Tapas,False,415-788-6686,expensive,Gitane Restaurant & Bar,True,6 Claude Lane,,,
1656,San Francisco,Tapas,False,415-863-4777,moderate,L'emigrante,True,2199 Mission Street,,,
1657,San Francisco,Tapas,False,415-431-4089,moderate,Picaro,False,3120 16th Street,,,
1658,San Francisco,Seafood,False,415-399-8758,expensive,Rose Pistola,True,532 Columbus Avenue,,,
1659,San Francisco,Seafood,False,415-777-0277,expensive,Roy's Restaurant,True,575 Mission Street,,,
1660,San Francisco,Seafood,False,415-771-4383,expensive,Scoma's Restaurant,True,1965 Al Scoma Way,,,
1661,San Francisco,Coffeehouse,False,415-781-0331,moderate,Acquolina,False,1600 Stockton Street,,,
1662,San Francisco,Coffeehouse,False,415-989-2038,inexpensive,Broadway Dim Sum,False,684 Broadway,,,
1663,San Francisco,Coffeehouse,True,415-392-3505,moderate,Cafe Claude,True,7 Claude Lane,,,
1664,San Francisco,Coffeehouse,False,415-923-8488,inexpensive,Cafe New Honolulu,False,888 Stockton Street,,,
1665,San Francisco,Coffeehouse,False,415-834-5684,moderate,Corridor,False,100 Van Ness Avenue,,,
1666,San Francisco,Coffeehouse,False,415-929-9030,moderate,Curbside,False,2417 California Street,,,
1667,San Francisco,Coffeehouse,False,415-658-7888,moderate,Kittea Cat Cafe,False,96 Gough Street,,,
1668,San Francisco,Coffeehouse,True,415-821-2565,inexpensive,Mcdonald's,False,345 Bayshore Boulevard,,,
1669,San Francisco,Coffeehouse,False,415-681-9925,inexpensive,Palio Caffe,False,505 Montgomery Street,,,
1670,San Francisco,Coffeehouse,False,415-922-9022,expensive,Perry's On Union,True,1944 Union Street,,,
1671,Berkeley,Salad,True,510-525-1411,inexpensive,Mcdonald's,False,1198 San Pablo Avenue,,,
1672,Napa,Brunch,False,707-257-1999,moderate,Fume,False,4050 Byway East,,,
1673,San Francisco,Greek,False,415-829-8383,moderate,Novy Restaurant,False,4000 24th Street,,,
1674,San Francisco,Greek,False,415-664-6739,moderate,Orexi Restaurant,False,243 West Portal Avenue,,,
1675,Oakland,Chinese,False,510-601-9888,inexpensive,Becky's,False,5620 College Avenue,,,
1676,Oakland,Chinese,False,510-832-7661,inexpensive,Gourmet Delight Restaurant,False,701 Webster Street,,,
1677,San Francisco,Gastropub,False,415-814-2671,expensive,The Dorian,True,2001 Chestnut Street,,,
1678,San Francisco,Gastropub,False,415-923-4400,expensive,Urban Tavern,True,333 O'Farrell Street,,,
1679,San Francisco,American,False,415-431-5000,moderate,Catch,True,2362 Market Street,,,
1680,San Francisco,American,False,415-556-4901,moderate,Citizen's Band,True,1198 Folsom Street,,,
1681,San Francisco,American,False,415-291-6581,moderate,Eclipse Kitchen & Bar,True,5 Embarcadero Center,,,
1682,Santa Rosa,Steakhouse,False,707-546-1446,moderate,Cattlemens,False,2400 Midway Drive,,,
1683,Napa,Gastropub,False,707-257-7708,moderate,Hop Creek Pub,True,3253 Browns Valley Road,,,
1684,Sonoma,Italian,False,707-935-0576,moderate,Della Santina's,True,133 East Napa Street,,,
1685,Sonoma,Italian,False,707-938-9430,moderate,Meritage Martini Oyster Bar & Grille,True,165 West Napa Street,,,
1686,Sonoma,Italian,False,707-938-2980,moderate,The Depot Hotel Restaurant Sonoma,True,241 1st Street West,,,
1687,Sonoma,Italian,False,707-996-4466,moderate,The Plaza Bistro,True,420 1st Street East,,,
1688,Sonoma,Italian,False,707-996-4103,moderate,The Red Grape,False,529 1st Street West,,,
1689,Sonoma,Italian,False,707-935-0576,moderate,Della Santina's,True,133 East Napa Street,2019-03-01,3,17:00
1690,Campbell,Seafood,False,408-374-5777,moderate,Capers Eat & Drink,False,1710 West Campbell Avenue,,,
1691,Campbell,Seafood,False,408-879-9091,moderate,Pacific Catch,True,1875 South Bascom Avenue #550,,,
1692,Campbell,Seafood,False,408-374-8366,moderate,Sushi Zono,False,831 West Hamilton Avenue,,,
1693,Campbell,Italian,False,408-370-7705,moderate,A Bellagio Italian Restaurant,False,33 South Central Avenue,2019-03-02,2,13:30
1694,Healdsburg,Japanese,False,707-433-2669,moderate,Sake 'o,False,505 Healdsburg Avenue,,,
1695,Healdsburg,Japanese,False,707-433-2669,moderate,Sake 'o,False,505 Healdsburg Avenue,2019-03-02,2,19:30
1696,Palo Alto,American,False,650-688-2614,moderate,Bazille,True,550 Stanford Shopping Center,2019-03-03,2,17:30
1697,San Jose,Japanese,False,408-931-6875,moderate,Bluefin,False,754 The Alameda #10,2019-03-04,4,11:00
1698,Antioch,Vegetarian,False,925-777-9117,inexpensive,Go Vegan,False,2940 Delta Fair Boulevard,,,
1699,Antioch,Vegetarian,False,925-777-9117,inexpensive,Go Vegan,False,2940 Delta Fair Boulevard,2019-03-01,4,17:00
1700,Sebastopol,Mexican,False,707-829-7010,moderate,El Coronel Mexican Restaurant,False,1015 Gravenstein Highway South,,,
1701,Sebastopol,Mexican,False,707-829-7010,moderate,El Coronel Mexican Restaurant,False,1015 Gravenstein Highway South,2019-03-01,2,17:00
1702,Redwood City,Mexican,False,650-368-6444,moderate,7 Mares,False,2809 Middlefield Road,,,
1703,Redwood City,Mexican,False,650-364-7848,moderate,Frida's Colibri Restaurant & Bar,True,820 Veterans Boulevard ste b,,,
1704,Redwood City,Mexican,False,650-701-0709,moderate,Margaritas,False,2098 Broadway,,,
1705,Redwood City,Mexican,False,650-369-4730,moderate,Milagros Latin Kitchen,False,1099 Middlefield Road,,,
1706,Redwood City,Mexican,False,650-368-6444,moderate,7 Mares,False,2809 Middlefield Road,2019-03-02,2,19:30
1707,Berkeley,Asian,False,510-841-6118,inexpensive,Mehak Indian Cuisine,False,2449 Sacramento Street,,,
1708,Berkeley,Asian,False,510-883-1883,moderate,Da Lian Restaurant,False,1674 Shattuck Avenue,2019-03-08,1,17:00
1709,San Francisco,Chinese,False,415-775-3679,inexpensive,Bamboo Restaurant,True,1441 Polk Street,2019-03-01,1,13:30
1710,Campbell,Thai,False,408-626-9779,moderate,Thai Orchid,False,866 East Campbell Avenue,,,
1711,Campbell,Take-out,False,408-559-0700,moderate,Patxi's Pizza,False,1875 South Bascom Avenue #405,,,
1712,Campbell,Take-out,False,408-559-0700,moderate,Patxi's Pizza,False,1875 South Bascom Avenue #405,2019-03-02,2,13:00
1713,Moraga,Take-out,False,925-377-6453,moderate,Mountain Mike's Pizza,False,504 Center Street,,,
1714,Moraga,Take-out,False,925-377-6453,moderate,Mountain Mike's Pizza,False,504 Center Street,2019-03-03,2,18:00
1715,Vallejo,Take-out,False,707-554-3434,moderate,Giant New York Pizza,False,2564 Springs Road ste B,,,
1716,Vallejo,Take-out,False,707-648-0431,moderate,Olive Garden Italian Restaurant,True,1176 Admiral Callaghan Lane,,,
1717,Vallejo,Take-out,False,707-554-3434,moderate,Giant New York Pizza,False,2564 Springs Road ste B,2019-03-02,2,11:00
1718,Danville,Thai,False,925-743-8424,moderate,Lotus Thai Restaurant,False,115 Hartz Avenue,2019-03-01,2,17:30
1719,Larkspur,American,False,415-448-5810,moderate,Belcampo Restaurant & Butcher Shop,False,2405 Larkspur Landing Circle,,,
1720,Larkspur,American,False,415-891-8577,moderate,Farm House Local,False,25 Ward Street,,,
1721,Larkspur,American,False,415-927-1877,expensive,Perry's On Magnolia,False,234 Magnolia Avenue,,,
1722,Larkspur,American,False,415-924-0300,expensive,Picco Restaurant,False,320 Magnolia Avenue,,,
1723,Larkspur,American,False,415-891-8577,moderate,Farm House Local,False,25 Ward Street,2019-03-01,2,17:30
1724,Brentwood,Vegetarian,False,925-513-3620,inexpensive,Chapala Mexican Restaurant,False,3850 Balfour Road Q,,,
1725,Brentwood,Vegetarian,False,925-513-3620,inexpensive,Chapala Mexican Restaurant,False,3850 Balfour Road Q,2019-03-01,2,17:00
1726,Livermore,Thai,False,925-443-1101,moderate,Lanna Thai Restaurant,False,2270 Las Positas Road,,,
1727,Livermore,Thai,False,925-606-6496,moderate,Lemongrass Thai Restaurant,False,2216 First Street,,,
1728,Livermore,Thai,False,925-443-1101,moderate,Lanna Thai Restaurant,False,2270 Las Positas Road,2019-03-02,2,17:00
1729,Moraga,Chinese,False,925-376-1740,moderate,Chef Chao Restaurant,False,343 Rheem Boulevard,,,
1730,Moraga,Chinese,False,925-376-1828,inexpensive,China Moon,False,380 Park Street,,,
1731,Moraga,Chinese,False,925-376-1740,moderate,Chef Chao Restaurant,False,343 Rheem Boulevard,2019-03-02,3,13:30
1732,Campbell,American,False,408-374-3400,moderate,Effie's Restaurant & Bar,False,331 West Hacienda Avenue,2019-03-04,2,12:30
1733,Fairfield,Chinese,False,707-428-9736,moderate,Mandarin Restaurant And Lounge,False,219 Texas Street C,,,
1734,Fairfield,Chinese,False,707-428-9736,moderate,Mandarin Restaurant And Lounge,False,219 Texas Street C,2019-03-02,2,19:30
1735,San Francisco,Beijing,False,415-982-5608,moderate,Hang Ah Dim Sum Tea House,False,1 Pagoda Place,,,
1736,San Francisco,Beijing,False,415-564-9588,moderate,Old Mandarin Islamic Restaurant,False,3132 Vicente Street,,,
1737,San Francisco,Beijing,False,415-621-3020,inexpensive,Red Jade,False,245 Church Street,,,
1738,San Francisco,Beijing,False,415-621-3020,inexpensive,Red Jade,False,245 Church Street,2019-03-02,2,17:00
1739,San Ramon,Breakfast,True,925-404-0094,inexpensive,Taco Bell,True,21001 San Ramon Valley Boulevard,,,
1740,San Ramon,Breakfast,True,925-404-0094,inexpensive,Taco Bell,True,21001 San Ramon Valley Boulevard,2019-03-09,1,17:00
1741,San Francisco,Italian,False,415-292-3699,expensive,Ala Romana,True,1098 Jackson Street,2019-03-09,2,17:00
1742,Brentwood,Seafood,False,925-308-7108,moderate,Yushi,False,2500 Sand Creek Road Suite A,,,
1743,Brentwood,Seafood,False,925-308-7108,moderate,Yushi,False,2500 Sand Creek Road Suite A,2019-03-01,2,17:00
1744,Berkeley,American,False,510-647-9329,moderate,B&b Kitchen & Wine Bar,True,2116 Shattuck Avenue,2019-03-02,1,17:30
1745,San Francisco,French,False,415-292-6916,moderate,Amelie San Francisco,True,1754 Polk Street,2019-03-02,2,19:30
1746,Vallejo,Seafood,False,707-644-0167,moderate,Red Lobster,True,1180 Admiral Callaghan Lane,,,
1747,Vallejo,Seafood,False,707-644-0167,moderate,Red Lobster,True,1180 Admiral Callaghan Lane,2019-03-05,1,12:30
1748,Tiburon,Brunch,False,415-789-5844,moderate,Luna Blu,False,35 Main Street,,,
1749,Tiburon,Brunch,False,415-789-5844,moderate,Luna Blu,False,35 Main Street,2019-03-09,2,17:00
1750,San Ramon,Chinese,False,925-415-3236,moderate,Inchin's Bamboo Garden,True,17900 San Ramon Valley Boulevard,,,
1751,San Ramon,Chinese,False,925-415-3236,moderate,Inchin's Bamboo Garden,True,17900 San Ramon Valley Boulevard,2019-03-01,2,17:30
1752,Santa Clara,Mexican,False,408-247-0990,moderate,La Paloma,False,2280 El Camino Real,2019-03-07,2,19:00
1753,San Leandro,Japanese,False,510-352-3748,moderate,Tsuru Sushi Japanese Restaurant,False,1427 East 14th Street,,,
1754,San Leandro,Japanese,False,510-352-3748,moderate,Tsuru Sushi Japanese Restaurant,False,1427 East 14th Street,2019-03-02,3,18:30
1755,Palo Alto,Asian,False,650-285-2770,moderate,Burma Ruby Burmese Cuisine,False,326 University Avenue,,,
1756,Palo Alto,Asian,False,650-251-9062,moderate,Hong Kong Restaurant,False,3691 El Camino Real,,,
1757,Palo Alto,Asian,False,650-329-8129,inexpensive,Siam Royal Authentic Thai,False,338 University Avenue,,,
1758,Palo Alto,Asian,False,650-285-2770,moderate,Burma Ruby Burmese Cuisine,False,326 University Avenue,2019-03-07,2,17:00
1759,San Francisco,Seafood,False,415-989-8218,expensive,Akiko's Sushi Bar,True,542 A Mason Street,2019-03-05,2,13:30
1760,Sonoma,Mexican,False,707-996-3406,moderate,La Casa,False,121 East Spain Street,2019-03-09,3,17:00
1761,Petaluma,Indian,True,707-775-4717,moderate,Shree Indian Cuisine,True,220 Western Avenue,2019-03-02,1,18:30
1762,San Ramon,Breakfast,True,925-404-0094,inexpensive,Taco Bell,True,21001 San Ramon Valley Boulevard,2019-03-02,1,13:30
1763,San Francisco,Chinese,False,415-775-3679,inexpensive,Bamboo Restaurant,True,1441 Polk Street,2019-03-01,2,17:00
1764,Brentwood,Thai,False,925-418-4970,inexpensive,Yum Squared,False,6670 Lone Tree Way #5,,,
1765,Brentwood,Thai,False,925-418-4970,inexpensive,Yum Squared,False,6670 Lone Tree Way #5,2019-03-01,2,17:30
1766,Fremont,Seafood,False,510-573-2264,moderate,Cut The Crab,False,4949 Stevenson Boulevard,2019-03-01,2,17:00
1767,Livermore,Gastropub,False,925-371-6588,moderate,First Street Alehouse,True,2106 First Street,,,
1768,Livermore,Gastropub,False,925-371-6588,moderate,First Street Alehouse,True,2106 First Street,2019-03-02,4,17:00
1769,Vacaville,Thai,False,707-455-7150,moderate,Spice Thai Kitchen And Bar,False,1679 East Monte Vista Avenue,,,
1770,Vacaville,Thai,False,707-455-7150,moderate,Spice Thai Kitchen And Bar,False,1679 East Monte Vista Avenue,2019-03-08,2,17:30
1771,San Francisco,Brasserie,False,415-872-7350,moderate,Belga,True,2000 Union Street,,,
1772,San Francisco,Brasserie,False,415-955-0676,moderate,Volta Modern Brasserie,True,868 Mission Street,,,
1773,San Francisco,Brasserie,False,415-872-7350,moderate,Belga,True,2000 Union Street,2019-03-05,1,13:30
1774,Mill Valley,Italian,False,415-388-0224,moderate,La Ginestra,False,127 Throckmorton Avenue,2019-03-02,2,17:00
1775,Brentwood,Japanese,False,925-240-7808,moderate,Shirasoni,False,6367 Lone Tree Way,,,
1776,Brentwood,Japanese,False,925-240-7808,moderate,Shirasoni,False,6367 Lone Tree Way,2019-03-02,2,18:30
1777,San Ramon,Salad,True,925-820-4325,inexpensive,Mcdonald's,False,2481 San Ramon Valley Boulevard,,,
1778,San Ramon,Salad,True,925-820-4325,inexpensive,Mcdonald's,False,2481 San Ramon Valley Boulevard,2019-03-02,2,17:00
1779,Novato,Thai,False,415-895-5080,moderate,My Thai Ii,False,811 Grant Avenue,,,
1780,Novato,Thai,False,415-895-5080,moderate,My Thai Ii,False,811 Grant Avenue,2019-03-02,2,19:30
1781,San Francisco,Seafood,False,415-989-8218,expensive,Akiko's Sushi Bar,True,542 A Mason Street,2019-03-02,2,17:00
1782,Union City,Japanese,False,510-489-1077,moderate,Maneki Sushi Union City,False,31810 Alvarado Boulevard,,,
1783,Union City,Japanese,False,510-489-1077,moderate,Maneki Sushi Union City,False,31810 Alvarado Boulevard,2019-03-02,4,12:30
1784,San Francisco,Italian,False,415-543-5100,moderate,54 Mint Ristorante Italiano,True,16 Mint Plaza,2019-03-02,2,19:30
1785,Moraga,Chinese,False,925-376-1828,inexpensive,China Moon,False,380 Park Street,2019-03-03,2,18:00
1786,Berkeley,Italian,False,510-558-9000,moderate,Cugini Restaurant,False,1556 Solano Avenue,2019-03-01,3,17:00
1787,Berkeley,Italian,False,510-558-9000,moderate,Cugini Restaurant,False,1556 Solano Avenue,2019-03-01,1,17:30
1788,Emeryville,Japanese,False,510-923-0311,moderate,Miyozen,False,1147 40th Street,,,
1789,Emeryville,Japanese,False,510-923-0311,moderate,Miyozen,False,1147 40th Street,2019-03-08,3,19:30
1790,San Francisco,Japanese,False,415-658-7388,very expensive,Ijji Sushi,False,252 Divisadero Street,,,
1791,San Francisco,Japanese,False,415-921-2222,very expensive,Kinjo,False,2206 Polk Street,,,
1792,San Francisco,Japanese,False,415-865-0633,very expensive,Omakase,False,665 Townsend Street,,,
1793,San Francisco,Japanese,False,415-828-1912,very expensive,Sasaki,False,2400 Harrison Street,,,
1794,San Francisco,Japanese,False,415-921-2222,very expensive,Kinjo,False,2206 Polk Street,2019-03-03,2,13:30
1795,San Bruno,Japanese,False,650-583-0294,inexpensive,Mijouri Sushibune,False,1230 El Camino Real B,,,
1796,San Bruno,Japanese,False,650-871-0177,inexpensive,Spiral Japanese Restaurant,False,705 Camino Plaza,,,
1797,San Bruno,Japanese,False,650-583-0294,inexpensive,Mijouri Sushibune,False,1230 El Camino Real B,2019-03-02,2,11:00
1798,San Ramon,Vegetarian,False,925-560-9310,moderate,Favorite Indian Restaurant,True,21001 San Ramon Valley Boulevard,2019-03-09,2,13:00
1799,San Ramon,Italian,False,925-820-6969,moderate,Gianni's Italian Bistro,False,2065 San Ramon Valley Boulevard,,,
1800,San Ramon,Italian,False,925-820-6969,moderate,Gianni's Italian Bistro,False,2065 San Ramon Valley Boulevard,2019-03-02,2,13:00
1801,Palo Alto,Italian,False,650-473-9616,expensive,Italico Restaurant,False,341 California Avenue,,,
1802,Palo Alto,Italian,False,650-328-5700,expensive,Osteria Toscana,False,247 Hamilton Avenue,,,
1803,Palo Alto,Italian,False,650-646-3477,expensive,Vina Enoteca,True,700 Welch Road,,,
1804,Palo Alto,Italian,False,650-329-0665,moderate,Buca Di Beppo Italian Restaurant,True,643 Emerson Street,,,
1805,Palo Alto,Italian,False,650-326-1626,moderate,Cafe Pro Bono,False,2437 Birch Street,,,
1806,Palo Alto,Italian,False,650-324-8033,moderate,La Strada Ristorante Italiano,False,335 University Avenue,,,
1807,Palo Alto,Italian,False,650-327-9390,moderate,Spalti Ristorante,False,417 California Avenue,,,
1808,Palo Alto,Italian,False,650-326-1626,moderate,Cafe Pro Bono,False,2437 Birch Street,2019-03-01,3,17:00
1809,Albany,Vegetarian,False,510-528-5000,moderate,Delhi Diner,False,1373 Solano Avenue,,,
1810,Albany,Vegetarian,False,510-528-5000,moderate,Delhi Diner,False,1373 Solano Avenue,2019-03-09,1,17:00
1811,Campbell,Seafood,False,408-374-5777,moderate,Capers Eat & Drink,False,1710 West Campbell Avenue,2019-03-09,2,13:30
1812,San Rafael,Mexican,False,415-456-4070,inexpensive,Los Palillos Restaurant,False,3060 Kerner Boulevard,2019-03-01,3,17:30
1813,Emeryville,California,False,510-652-6151,moderate,Townhouse Bar & Grill,True,5862 Doyle Street,,,
1814,Emeryville,California,False,510-652-6151,moderate,Townhouse Bar & Grill,True,5862 Doyle Street,2019-03-08,2,19:00
1815,Brentwood,Vegetarian,False,925-513-3620,inexpensive,Chapala Mexican Restaurant,False,3850 Balfour Road Q,2019-03-02,2,13:00
1816,San Francisco,Italian,False,415-543-5100,moderate,54 Mint Ristorante Italiano,True,16 Mint Plaza,2019-03-09,2,17:00
1817,Livermore,Brunch,False,925-443-6638,moderate,Simply Fondue,True,2300 First Street #110,2019-03-02,2,13:30
1818,Emeryville,Chinese,False,510-655-3388,moderate,Hong Kong East Ocean Seafood Restaurant,True,3199 Powell Street,,,
1819,Emeryville,Chinese,False,510-655-3388,moderate,Hong Kong East Ocean Seafood Restaurant,True,3199 Powell Street,2019-03-02,2,13:00
1820,Antioch,Coffeehouse,True,925-754-6114,inexpensive,Mcdonald's,False,914 Main Street,,,
1821,Antioch,Coffeehouse,True,925-754-6114,inexpensive,Mcdonald's,False,914 Main Street,2019-03-05,2,13:30
1822,Danville,Italian,True,925-820-2349,expensive,Incontro Ristorante,True,455 Hartz Avenue,,,
1823,Danville,Italian,False,925-984-2101,moderate,Locanda Ravello,False,172 East Prospect Avenue,,,
1824,Danville,Italian,False,925-838-2082,moderate,Piatti,False,100 Sycamore Valley Road,,,
1825,Danville,Italian,False,925-831-2828,moderate,The Basil Leaf Cafe,False,501 Hartz Avenue,,,
1826,Danville,Italian,False,925-984-2101,moderate,Locanda Ravello,False,172 East Prospect Avenue,2019-03-01,1,17:30
1827,Fremont,Asian,False,510-979-1368,moderate,Asian Pearl Seafood Restaurant,False,43635 Boscell Road,2019-03-01,3,17:30
1828,San Rafael,Italian,False,415-472-7100,moderate,Gaspare's Pizzeria Ristorante,False,200 Merrydale Road,,,
1829,San Rafael,Italian,False,415-485-0469,moderate,Il Davide,False,901 A Street,,,
1830,San Rafael,Italian,False,415-492-9100,moderate,Ristorante La Toscana,False,3751 Redwood Highway,,,
1831,San Rafael,Italian,False,415-479-3200,moderate,Tomatina,False,5800 Northgate Drive #138,,,
1832,San Rafael,Italian,False,415-472-7100,moderate,Gaspare's Pizzeria Ristorante,False,200 Merrydale Road,2019-03-01,4,18:00
1833,Palo Alto,Breakfast,True,650-494-7161,inexpensive,Mcdonald's,True,3128 El Camino Real,,,
1834,Palo Alto,Breakfast,True,650-494-7161,inexpensive,Mcdonald's,True,3128 El Camino Real,2019-03-02,1,17:00
1835,Palo Alto,Mediterranean,False,650-853-9700,moderate,Anatolian Kitchen,False,2323 Birch Street,,,
1836,Palo Alto,Mediterranean,False,650-326-0983,expensive,Evvia Estiatorio,False,420 Emerson Street,,,
1837,Palo Alto,Mediterranean,False,650-321-4422,moderate,Restaurant Soleil,False,675 El Camino Real,,,
1838,Palo Alto,Mediterranean,False,650-853-9700,moderate,Anatolian Kitchen,False,2323 Birch Street,2019-03-01,2,17:30
1839,San Francisco,Korean,False,415-563-7664,moderate,Seoul Garden,True,1655 Post Street,,,
1840,San Francisco,Korean,False,415-839-4070,moderate,Stone Korean Kitchen,True,4 Embarcadero Center,,,
1841,San Francisco,Korean,False,415-447-0655,inexpensive,Zazang Korean Noodles,True,2340 Geary Boulevard,,,
1842,San Francisco,Korean,False,415-859-7111,inexpensive,Hwaro,True,4516 Mission Street,2019-03-14,2,17:00
1843,San Rafael,Barbecue,False,415-457-7675,moderate,Best Lil' Porkhouse,True,2042 4th Street,,,
1844,San Rafael,Barbecue,False,415-457-7675,moderate,Best Lil' Porkhouse,True,2042 4th Street,2019-03-01,3,18:00
1845,Livermore,Italian,False,925-249-9800,moderate,Campo Di Bocce Of Livermore,True,175 Vineyard Avenue,,,
1846,Livermore,Italian,False,925-371-4499,moderate,Melo's Pizza & Pasta Livermore,True,4433 First Street,,,
1847,Livermore,Italian,False,925-456-3333,moderate,Terra Mia,True,4040 East Avenue,,,
1848,Livermore,Italian,False,925-371-4499,moderate,Melo's Pizza & Pasta Livermore,True,4433 First Street,2019-03-02,2,17:00
1849,San Francisco,California,False,415-416-6136,moderate,Al's Place,True,1499 Valencia Street,2019-03-08,2,17:00
1850,Brentwood,American,False,925-516-5533,moderate,Black Angus Steakhouse,True,2355 Sand Creek Road,,,
1851,Brentwood,American,True,925-516-4131,moderate,Shutters Brasserie,False,2013 Elkins Way,,,
1852,Brentwood,American,False,925-240-2828,expensive,Vic Stewart's,False,2270 Balfour Road,,,
1853,Brentwood,American,False,925-516-5533,moderate,Black Angus Steakhouse,True,2355 Sand Creek Road,2019-03-01,4,17:00
1854,San Francisco,Japanese,False,415-292-9997,moderate,2g Japanese Brasserie,True,601 Van Ness Avenue,2019-03-02,4,17:00
1855,Vacaville,American,False,707-359-2200,moderate,Bj's Restaurant & Brewhouse,True,190 Nut Tree Parkway,,,
1856,Vacaville,American,False,707-446-0368,moderate,Merchant & Main Grill & Bar,True,349 Merchant Street,,,
1857,Vacaville,American,False,707-359-2200,moderate,Bj's Restaurant & Brewhouse,True,190 Nut Tree Parkway,2019-03-08,4,17:30
1858,Berkeley,Salad,True,510-525-1411,inexpensive,Mcdonald's,False,1198 San Pablo Avenue,2019-03-01,1,11:30
1859,Morgan Hill,Indian,False,408-776-7000,inexpensive,Sitar Indian Cuisine,False,110 Cochrane Plaza,,,
1860,Morgan Hill,Indian,False,408-776-7000,inexpensive,Sitar Indian Cuisine,False,110 Cochrane Plaza,2019-03-02,3,13:00
1861,Healdsburg,Japanese,False,707-433-2669,moderate,Sake 'o,False,505 Healdsburg Avenue,2019-03-02,1,19:00
1862,Larkspur,Brasserie,False,415-927-3034,moderate,Left Bank Larkspur Brasserie,False,507 Magnolia Avenue,2019-03-01,1,17:00
1863,Moraga,Italian,False,925-376-4444,moderate,La Finestra Ristorante,True,1419 Moraga Way,,,
1864,Moraga,Italian,False,925-377-7662,moderate,Ristorante Amoroma,True,360 Park Street,,,
1865,Moraga,Italian,False,925-377-7662,moderate,Ristorante Amoroma,True,360 Park Street,2019-03-09,2,17:30
1866,San Ramon,Barbecue,False,925-831-2175,moderate,Worth Ranch,False,2410 San Ramon Valley Boulevard,,,
1867,San Ramon,Barbecue,False,925-831-2175,moderate,Worth Ranch,False,2410 San Ramon Valley Boulevard,2019-03-09,2,13:30
1868,Santa Clara,Mediterranean,False,408-567-9144,moderate,Athena Grill & Catering,False,1505 Space Park Drive,,,
1869,Santa Clara,Mediterranean,False,408-241-1200,moderate,Chatanoga Restaurant,False,2725 El Camino Real,,,
1870,Santa Clara,Mediterranean,False,408-567-9144,moderate,Athena Grill & Catering,False,1505 Space Park Drive,2019-03-04,2,13:30
1871,San Francisco,Japanese,False,415-292-9997,moderate,2g Japanese Brasserie,True,601 Van Ness Avenue,2019-03-06,2,17:00
1872,San Francisco,Tapas,False,415-654-5211,moderate,Barvale,True,661 Divisadero Street,2019-03-02,2,17:30
1873,San Francisco,Vegetarian,False,415-318-8000,moderate,Ben Wah Restaurant,False,2786 California Street,2019-03-14,4,18:00
1874,San Francisco,Indian,False,415-777-0500,expensive,Amber,False,25 Yerba Buena Lane,2019-03-07,1,17:00
1875,Danville,Sandwich,True,925-736-8940,inexpensive,Mcdonald's,False,10000 Crow Canyon Road,,,
1876,Danville,Sandwich,True,925-736-8940,inexpensive,Mcdonald's,False,10000 Crow Canyon Road,2019-03-01,2,17:00
1877,San Francisco,Coffeehouse,False,415-391-7195,moderate,Restaurant Ducroix,True,690 Sacramento Street,,,
1878,San Francisco,Coffeehouse,False,415-775-2200,moderate,Rose's Cafe,True,2298 Union Street,,,
1879,San Francisco,Coffeehouse,False,415-227-9400,moderate,"Samovar Tea Lounge, Yerba Buena Gardens",True,730 Howard Street,,,
1880,San Francisco,Coffeehouse,False,415-621-2232,moderate,Soluna,True,272 McAllister Street,,,
1881,San Francisco,Coffeehouse,False,415-249-2720,moderate,The Rotunda,True,150 Stockton St,,,
1882,San Francisco,Coffeehouse,True,415-392-3505,moderate,Cafe Claude,True,7 Claude Lane,2019-03-02,2,19:30
1883,Tiburon,Chinese,False,415-789-5667,moderate,Lily Kai,True,1881 Tiburon Boulevard,,,
1884,Tiburon,Chinese,False,415-789-5667,moderate,Lily Kai,True,1881 Tiburon Boulevard,2019-03-01,2,17:00
1885,Palo Alto,Japanese,False,650-666-3322,very expensive,Nobu Palo Alto,False,180 Hamilton Avenue,,,
1886,Palo Alto,Japanese,False,650-494-9383,expensive,Fuki Sushi,False,4119 El Camino Real,,,
1887,Palo Alto,Japanese,False,650-321-3454,expensive,Jin Sho,False,454 California Avenue,,,
1888,Palo Alto,Japanese,False,650-321-3454,expensive,Jin Sho,False,454 California Avenue,2019-03-06,2,18:00
1889,Oakland,Asian,False,510-835-8322,moderate,Lin Jia Asian Kitchen,False,3437 Lakeshore Avenue,2019-03-05,3,17:30
1890,Milpitas,Seafood,False,408-262-9288,moderate,Fortunes Restaurant Milpitas,False,1235 East Calaveras Boulevard,,,
1891,Milpitas,Seafood,False,408-263-3888,moderate,Golden Sun Palace,True,1678 North Milpitas Boulevard,,,
1892,Milpitas,Seafood,False,408-935-6999,moderate,Mayflower Restaurant,True,222 Great Mall Drive,,,
1893,Milpitas,Seafood,False,408-955-9666,moderate,Won Kee Bbq Restaurant,False,206 Barber Court,,,
1894,Milpitas,Seafood,False,408-262-9288,moderate,Fortunes Restaurant Milpitas,False,1235 East Calaveras Boulevard,2019-03-02,1,13:00
1895,San Francisco,California,False,415-284-4188,expensive,Grill At The St. Regis,True,125 3rd Street,2019-03-02,2,17:30
1896,San Ramon,Asian,False,925-355-9888,moderate,Pearl Garden Restaurant,True,2101 Camino Ramon #100,,,
1897,San Ramon,Asian,False,925-355-9888,moderate,Pearl Garden Restaurant,True,2101 Camino Ramon #100,2019-03-02,2,19:00
1898,Oakland,Mexican,True,510-261-3325,moderate,Mi Grullense | Restaurant & Tequila Bar,False,1457 Fruitvale Avenue,2019-03-01,1,17:00
1899,Daly City,Chinese,False,650-756-8900,inexpensive,Jade Dragon Restaurant,False,2368 Junipero Serra Boulevard,2019-03-09,4,19:30
1900,San Jose,Indian,False,408-270-2578,moderate,8elements,True,1781 Capitol Expressway,2019-03-05,2,17:30
1901,San Leandro,Korean,False,510-568-4795,moderate,Han Dae Gam Korean Bbq,False,1292 Davis Street,,,
1902,San Leandro,Korean,False,510-568-4795,moderate,Han Dae Gam Korean Bbq,False,1292 Davis Street,2019-03-02,4,13:30
1903,Livermore,California,True,925-456-2450,expensive,The Restaurant | Wente Vineyards,True,5050 Arroyo Road,,,
1904,Livermore,California,True,925-456-2450,expensive,The Restaurant | Wente Vineyards,True,5050 Arroyo Road,2019-03-02,2,13:00
1905,Vacaville,Filipino,False,707-455-7003,inexpensive,Roline's,True,2048 Nut Tree Road,,,
1906,Vacaville,Filipino,False,707-455-7003,inexpensive,Roline's,True,2048 Nut Tree Road,2019-03-06,2,17:30
1907,San Ramon,Soup,True,925-275-8105,inexpensive,Noodles And Company,False,3141 Crow Canyon Place,2019-03-02,2,13:30
1908,Larkspur,Italian,False,415-924-3332,moderate,Amalfi,False,455 Magnolia Avenue,,,
1909,Larkspur,Italian,False,415-924-3332,moderate,Amalfi,False,455 Magnolia Avenue,2019-03-04,2,12:30
1910,San Francisco,Basque,False,415-282-8867,moderate,Esperpento Restaurant,False,3295 22nd Street,,,
1911,San Francisco,Basque,False,415-587-1611,moderate,Patio Espanol,False,2850 Alemany Boulevard,,,
1912,San Francisco,Basque,False,415-587-1611,moderate,Patio Espanol,False,2850 Alemany Boulevard,2019-03-02,2,17:30
1913,Santa Clara,American,False,408-748-0378,moderate,Bennigan's,True,4150 Great America Parkway,2019-03-02,1,17:30
1914,Moraga,Italian,False,925-377-7662,moderate,Ristorante Amoroma,True,360 Park Street,2019-03-02,2,17:00
1915,San Francisco,American,False,415-872-9409,moderate,Alba Ray's,True,2293 Mission Street,2019-03-07,2,17:00
1916,San Bruno,Korean,False,650-588-5559,moderate,Hiro,True,449 San Mateo Avenue,,,
1917,San Bruno,Korean,False,650-588-5559,moderate,Hiro,True,449 San Mateo Avenue,2019-03-02,1,11:00
1918,Moraga,Chinese,False,925-376-1740,moderate,Chef Chao Restaurant,False,343 Rheem Boulevard,2019-03-08,2,17:30
1919,Campbell,Chinese,False,408-377-7666,moderate,Best Taste Sushi & Chinese Restaurant,True,2360 South Bascom Avenue,,,
1920,Campbell,Chinese,False,408-378-0323,moderate,Blue Sky,False,2028 Winchester Boulevard,,,
1921,Campbell,Chinese,False,408-379-5169,moderate,Tsing Tao,False,104 San Tomas Aquino Road,,,
1922,Campbell,Chinese,False,408-377-7666,moderate,Best Taste Sushi & Chinese Restaurant,True,2360 South Bascom Avenue,2019-03-02,1,13:30
1923,Larkspur,Chinese,False,415-924-0717,inexpensive,Dj's Chinese Cuisine,False,435 Magnolia Avenue,,,
1924,San Francisco,Seafood,False,415-989-8218,expensive,Akiko's Sushi Bar,True,542 A Mason Street,2019-03-02,2,17:30
1925,San Francisco,American,False,415-495-5875,expensive,25 Lusk,True,25 Lusk Street,2019-03-02,2,17:00
1926,Santa Clara,Thai,False,408-246-3984,moderate,Jasmine,False,1211 Franklin Mall,,,
1927,Santa Clara,Thai,False,408-615-9199,moderate,Thai Chili Cuisine,True,1550 Halford Avenue,,,
1928,Santa Clara,Thai,False,408-248-8868,moderate,Thaibodia,False,2155 El Camino Real,,,
1929,Santa Clara,Thai,False,408-246-3984,moderate,Jasmine,False,1211 Franklin Mall,2019-03-02,2,18:30
1930,Moraga,Chinese,False,925-376-1740,moderate,Chef Chao Restaurant,False,343 Rheem Boulevard,2019-03-08,1,17:30
1931,Berkeley,California,False,510-984-0218,moderate,Longbranch Saloon,False,2512 San Pablo Avenue,,,
1932,Berkeley,California,False,(510) 548-5072,very expensive,Chez Panisse,True,1517 Shattuck Avenue,2019-03-07,2,19:00
1933,Morgan Hill,Japanese,False,408-778-6288,moderate,Hanami Sushi,False,1295 East Dunne Avenue # 190,2019-03-02,4,12:30
1934,Concord,Korean,False,925-825-1318,moderate,Imperial Seafood Restaurant,False,1680 Willow Pass Road,,,
1935,Concord,Korean,False,925-798-9292,moderate,Ohgane Korean Bbq & Cuisine,False,1671 Willow Pass Road,,,
1936,Concord,Korean,False,925-825-1318,moderate,Imperial Seafood Restaurant,False,1680 Willow Pass Road,2019-03-02,3,18:30
1937,San Francisco,Brunch,True,415-771-7100,moderate,1300 On Fillmore,False,1300 Fillmore Street,2019-03-02,2,19:30
1938,San Francisco,Chinese,False,415-282-8999,inexpensive,Alice's,False,1599 Sanchez Street,2019-03-08,2,18:00
1939,San Francisco,Japanese,False,415-292-9997,moderate,2g Japanese Brasserie,True,601 Van Ness Avenue,2019-03-01,2,17:00
1940,Livermore,Italian,False,925-371-1000,moderate,Patxi's Pizza Livermore,False,2470 First Street,,,
1941,Livermore,Italian,False,925-249-9800,moderate,Campo Di Bocce Of Livermore,True,175 Vineyard Avenue,2019-03-02,1,19:30
1942,Tiburon,Chinese,False,415-789-5667,moderate,Lily Kai,True,1881 Tiburon Boulevard,2019-03-09,2,17:00
1943,Newark,Chinese,False,510-818-1329,inexpensive,Happy Kitchen,False,39055 Cedar Boulevard,,,
1944,Newark,Chinese,False,510-793-1388,moderate,Saigon Seafood Harbor Restaurant,False,35219-A Newark Boulevard,,,
1945,Newark,Chinese,False,510-818-1329,inexpensive,Happy Kitchen,False,39055 Cedar Boulevard,2019-03-02,4,13:30
1946,Morgan Hill,Japanese,False,408-778-6288,moderate,Hanami Sushi,False,1295 East Dunne Avenue # 190,2019-03-02,3,13:30
1947,San Francisco,Italian,False,415-543-5100,moderate,54 Mint Ristorante Italiano,True,16 Mint Plaza,2019-03-02,2,17:30
1948,Emeryville,Thai,False,510-658-3234,moderate,Summer Summer Thai Eatery,True,5885 Hollis Street #50,,,
1949,Emeryville,Thai,False,510-658-3234,moderate,Summer Summer Thai Eatery,True,5885 Hollis Street #50,2019-03-02,1,13:30
1950,Santa Clara,Japanese,False,408-244-8500,moderate,Fugetsu,True,2783 El Camino Real,2019-03-02,2,12:00
1951,Albany,Chinese,False,510-525-2285,moderate,China Village Restaurant,False,1335 Solano Avenue,,,
1952,Albany,Chinese,False,510-525-2330,moderate,Renee's Place,False,1477 Solano Avenue,,,
1953,Albany,Chinese,False,510-525-2285,moderate,China Village Restaurant,False,1335 Solano Avenue,2019-03-09,2,17:00
1954,San Francisco,Nepalese,False,415-647-2222,moderate,Cuisine Of Nepal Restaurant,False,3486 Mission Street,,,
1955,San Francisco,Nepalese,False,510-942-5771,moderate,Dancing Yak,False,280 Valencia Street,,,
1956,San Francisco,Nepalese,False,415-643-3881,moderate,Little Nepal,False,925 Cortland Avenue,,,
1957,San Francisco,Nepalese,False,415-677-9743,moderate,Urban Curry,False,523 Broadway,,,
1958,San Francisco,Nepalese,False,415-647-2222,moderate,Cuisine Of Nepal Restaurant,False,3486 Mission Street,2019-03-09,1,17:30
1959,Union City,Italian,False,510-431-5132,moderate,Tomatina,True,32155 Union Landing Boulevard,,,
1960,Union City,Italian,False,510-431-5132,moderate,Tomatina,True,32155 Union Landing Boulevard,2019-03-07,2,11:30
1961,Pleasanton,Asian,False,925-846-4677,moderate,Gold Chopsticks,False,Suite A-11,,,
1962,Pleasanton,Asian,False,925-484-4827,moderate,Kaki Sushi Restaurant,False,3120 Santa Rita Road g,,,
1963,Pleasanton,Asian,False,925-734-0996,moderate,Ume Sushi Japanese Restaurant,False,4855 Hopyard Road # 6,,,
1964,Pleasanton,Asian,False,925-846-4677,moderate,Gold Chopsticks,False,Suite A-11,2019-03-13,1,13:30
1965,Walnut Creek,Italian,False,510-943-1094,moderate,Caffe Delle Stelle Restaurant,True,1532 North Main Street,,,
1966,Walnut Creek,Italian,False,925-932-1474,expensive,Massimo Ristorante,True,1604 Locust Street,,,
1967,Walnut Creek,Italian,False,925-943-6608,moderate,Montecatini Ristorante,True,1528 Civic Drive,,,
1968,Walnut Creek,Italian,False,925-935-7780,expensive,Prima Restaurant,True,1522 North Main Street,,,
1969,Walnut Creek,Italian,False,925-930-9999,moderate,Tomatina,True,1325 North Main Street,,,
1970,Walnut Creek,Italian,False,510-943-1094,moderate,Caffe Delle Stelle Restaurant,True,1532 North Main Street,2019-03-12,2,11:00
1971,San Francisco,Seafood,False,415-440-2828,moderate,Alamo Square Seafood Grill,False,803 Fillmore Street,2019-03-06,1,12:00
1972,San Jose,Chinese,False,408-377-8310,moderate,Chef Li,False,2033 Camden Avenue # F3,2019-03-05,2,11:30
1973,San Jose,Take-out,False,408-286-7500,moderate,4th St Pizza Co,True,150 East Santa Clara Street,2019-03-12,4,17:30
1974,Fremont,Chinese,False,510-770-8818,moderate,B K's Bistro,False,3113 Stevenson Boulevard,2019-03-03,2,19:00
1975,Castro Valley,Thai,False,510-538-4400,moderate,Top Thai Cuisine,False,3837 Castro Valley Boulevard,,,
1976,Castro Valley,Thai,False,510-538-4400,moderate,Top Thai Cuisine,False,3837 Castro Valley Boulevard,2019-03-10,2,13:30
1977,San Jose,Thai,False,408-268-3235,moderate,Erawan Thai Cuisine,True,5945 Almaden Expressway #150,,,
1978,San Jose,Thai,False,408-260-8224,moderate,Krungthai,False,642 South Winchester Boulevard,,,
1979,San Jose,Thai,False,408-626-7718,moderate,Lanna Thai Restaurant,False,2043 Camden Avenue,,,
1980,San Jose,Thai,False,408-248-3435,moderate,New Krungthai,False,580 North Winchester Boulevard,,,
1981,San Jose,Thai,False,408-809-7878,moderate,Oros Thai Restaurant,True,6177 Santa Teresa Boulevard,,,
1982,San Jose,Thai,False,408-366-1080,moderate,Siam Thai Cuisine,False,1080 South De Anza Boulevard A,,,
1983,San Jose,Thai,False,408-947-7927,moderate,Tee Nee Thai Cuisine,False,1423 The Alameda,,,
1984,San Jose,Thai,False,408-224-8600,moderate,Thai Grata Restaurant,False,846 Blossom Hill Road,,,
1985,San Jose,Thai,False,408-452-1326,moderate,Thai Recipe Cuisine,False,1715 Lundy Avenue #180,,,
1986,San Jose,Thai,False,408-277-7500,moderate,Thai Spice,False,1102 Bird Avenue #10,,,
1987,San Jose,Thai,False,408-626-7718,moderate,Lanna Thai Restaurant,False,2043 Camden Avenue,2019-03-01,2,18:30
1988,South San Francisco,Italian,False,650-588-1625,moderate,Bertolucci's,True,421 Cypress Avenue,,,
1989,South San Francisco,Italian,False,650-742-9777,moderate,Ristorante Buon Gusto,False,224 Grand Avenue,,,
1990,South San Francisco,Italian,False,650-742-9777,moderate,Ristorante Buon Gusto,False,224 Grand Avenue,2019-03-14,3,19:00
1991,Milpitas,Mediterranean,False,408-262-6949,moderate,Dishdash Grill,False,181 Ranch Drive,,,
1992,Milpitas,Mediterranean,False,408-262-6949,moderate,Dishdash Grill,False,181 Ranch Drive,2019-03-09,2,13:30
1993,Mountain View,Indian,False,650-960-1000,moderate,Mantra India,True,288 Castro Street,2019-03-05,4,19:30
1994,Oakland,California,False,510-652-3676,moderate,Dopo,False,4293 Piedmont Avenue,2019-03-07,2,12:30
1995,Belmont,Gastropub,False,650-622-4642,moderate,Waterdog Tavern,True,1015 Alameda de las Pulgas,,,
1996,Belmont,Gastropub,False,650-622-4642,moderate,Waterdog Tavern,True,1015 Alameda de las Pulgas,2019-03-05,2,17:00
1997,Santa Clara,Chinese,False,408-244-1684,moderate,China Stix,False,2110 El Camino Real,2019-03-09,2,19:30
1998,Oakland,Laotian,False,510-361-6498,moderate,The Saap Avenue,False,4395 Piedmont Avenue,2019-03-06,2,18:00
1999,San Francisco,Coffeehouse,False,415-824-4224,moderate,Piccino,False,1001 Minnesota Street,,,
2000,San Francisco,Coffeehouse,True,415-392-3505,moderate,Cafe Claude,True,7 Claude Lane,2019-03-03,4,18:30
2001,San Jose,Japanese,False,408-931-6875,moderate,Bluefin,False,754 The Alameda #10,2019-03-08,2,13:30
2002,Newark,Indian,False,510-744-6945,moderate,Bombay Garden Restaurant,False,5995 Mowry Avenue,2019-03-12,2,19:00
2003,Napa,American,True,707-258-2337,moderate,Downtown Joe's,True,902 Main Street,2019-03-07,2,12:00
2004,Benicia,Japanese,False,707-747-1084,moderate,Kaigan Sushi,False,560 1st Street A103,,,
2005,Benicia,Japanese,False,707-747-1585,moderate,Matsuri Sushi,False,920 1st Street #102,,,
2006,Benicia,Japanese,False,707-747-1084,moderate,Kaigan Sushi,False,560 1st Street A103,2019-03-06,2,12:00
2007,Fremont,Steakhouse,False,510-445-1850,moderate,Claim Jumper Restaurants,True,43330 Pacific Commons Boulevard,,,
2008,Fremont,Steakhouse,False,510-656-9141,moderate,Spin A Yarn,False,45915 Warm Springs Boulevard,,,
2009,Fremont,Steakhouse,False,510-445-1850,moderate,Claim Jumper Restaurants,True,43330 Pacific Commons Boulevard,2019-03-05,4,11:00
2010,Los Gatos,Italian,False,408-374-1808,moderate,Aldo's Ristorante & Bar,False,14109 South Winchester Boulevard,,,
2011,Los Gatos,Italian,False,408-395-7650,moderate,Campo Di Bocce Of Los Gatos,False,565 University Avenue,,,
2012,Los Gatos,Italian,False,408-384-4007,moderate,Centonove,False,109 West Main Street,,,
2013,Los Gatos,Italian,False,408-358-3661,moderate,Gallo's,True,14180 Blossom Hill Road,,,
2014,Los Gatos,Italian,False,408-354-8788,moderate,Gardino's Ristorante Italiano,False,51 North Santa Cruz Avenue,,,
2015,Los Gatos,Italian,False,408-399-5180,moderate,I Gatti Restaurant,False,25 East Main Street,,,
2016,Los Gatos,Italian,False,408-399-3477,moderate,The Pastaria & Market,True,49 East Main Street,,,
2017,Los Gatos,Italian,False,408-399-1914,moderate,Wine Cellar Restaurant,False,50 University Avenue,,,
2018,Los Gatos,Italian,False,408-395-7650,moderate,Campo Di Bocce Of Los Gatos,False,565 University Avenue,2019-03-04,3,12:00
2019,Los Gatos,Italian,False,408-395-7650,moderate,Campo Di Bocce Of Los Gatos,False,565 University Avenue,2019-03-04,1,12:00
2020,Redwood City,Brunch,False,650-482-2850,moderate,Stacks - Redwood City,False,314 El Camino Real,2019-03-14,3,11:30
2021,Livermore,Afghan,False,925-447-0576,moderate,Roya Afghan Cuisine,False,2020 First Street,,,
2022,Livermore,Afghan,False,925-447-0576,moderate,Roya Afghan Cuisine,False,2020 First Street,2019-03-07,2,11:30
2023,Palo Alto,Italian,False,650-329-0665,moderate,Buca Di Beppo Italian Restaurant,True,643 Emerson Street,2019-03-07,2,13:00
2024,San Francisco,Brunch,True,415-928-3728,moderate,Scopo Divino,True,2800 California Street #101,,,
2025,San Francisco,Brunch,False,415-622-6137,moderate,Sparrow Bar And Kitchen,True,1640 Haight Street,,,
2026,San Francisco,Brunch,False,415-814-2276,moderate,The Tradesman,True,753 Alabama Street,,,
2027,San Francisco,Brunch,False,415-703-0557,moderate,Triptych,True,1155 Folsom Street,,,
2028,San Francisco,Brunch,False,415-252-1036,moderate,Aperto,True,1434 18th Street,2019-03-01,1,12:30
2029,San Carlos,Sushi,False,650-593-2275,moderate,Shiki Bistro,False,825 Laurel Street,,,
2030,San Carlos,Sushi,False,650-593-2275,moderate,Shiki Bistro,False,825 Laurel Street,2019-03-11,1,12:30
2031,Santa Clara,Tapas,False,408-249-9999,moderate,Dae Bak,False,3284 El Camino Real,,,
2032,Santa Clara,Tapas,False,408-216-9805,moderate,Tapas Tokki,False,1998 Homestead Road #113,,,
2033,Santa Clara,Tapas,False,408-216-9805,moderate,Tapas Tokki,False,1998 Homestead Road #113,2019-03-04,1,13:30
2034,Cupertino,Chinese,True,408-606-8976,inexpensive,A Plus Cafe,True,21267 Stevens Creek Boulevard #200,2019-03-11,2,13:00
2035,San Jose,Salvadoran,False,408-292-3838,moderate,Pupuseria Y Restaurant El Aguila,False,1536 West San Carlos Street,,,
2036,San Jose,Salvadoran,True,408-684-4416,moderate,Tanchito's Restaurant,False,2148 Story Road #3,,,
2037,San Jose,Salvadoran,False,408-292-3838,moderate,Pupuseria Y Restaurant El Aguila,False,1536 West San Carlos Street,2019-03-06,4,18:30
2038,Corte Madera,Chinese,True,415-413-9890,moderate,P.f. Chang's,True,301 Corte Madera Town Center Spc A,,,
2039,Corte Madera,Chinese,True,415-413-9890,moderate,P.f. Chang's,True,301 Corte Madera Town Center Spc A,2019-03-13,4,19:30
2040,Lafayette,Bistro,False,925-962-0882,expensive,Artisan Bistro,True,1005 Brown Avenue,,,
2041,Lafayette,Bistro,False,925-283-7108,expensive,The Park Bistro & Bar,True,3287 Mount Diablo Boulevard,,,
2042,Walnut Creek,Italian,False,925-939-9060,moderate,Il Pavone,False,2291 Olympic Boulevard,,,
2043,Walnut Creek,Italian,False,925-930-7774,moderate,Pasta Primavera,False,2997 North Main Street,,,
2044,Walnut Creek,Italian,False,925-943-6608,moderate,Montecatini Ristorante,True,1528 Civic Drive,2019-03-01,2,13:00
2045,San Jose,Vietnamese,False,408-246-5251,moderate,Bowl & Plate At White Shallot,True,3143 Stevens Creek Boulevard,,,
2046,San Jose,Vietnamese,False,408-254-2927,moderate,Dong Que Restaurant,False,2852 Alum Rock Avenue,,,
2047,San Jose,Vietnamese,False,408-899-6921,moderate,Elevenfifty,False,1150 Murphy Avenue d,,,
2048,San Jose,Vietnamese,False,408-270-8350,moderate,Golden Bamboo Vegetarian House,False,3245 South White Road,,,
2049,San Jose,Vietnamese,False,408-288-9055,moderate,Vung Tau,False,535 East Santa Clara Street,,,
2050,San Jose,Vietnamese,False,408-246-5251,moderate,Bowl & Plate At White Shallot,True,3143 Stevens Creek Boulevard,2019-03-03,2,13:00
2051,Belmont,Take-out,False,650-486-1897,moderate,Ryoshin Sushi,False,1602 El Camino Real suite c,,,
2052,Belmont,Take-out,False,650-486-1897,moderate,Ryoshin Sushi,False,1602 El Camino Real suite c,2019-03-01,2,19:30
2053,San Francisco,American,False,415-872-9409,moderate,Alba Ray's,True,2293 Mission Street,2019-03-09,2,11:00
2054,Alameda,Japanese,False,510-749-0460,moderate,Angel Fish,False,883 Island Drive C-2,2019-03-09,2,19:00
2055,Orinda,Sushi,False,925-253-8399,moderate,Sushi Island,True,19 Moraga Way,,,
2056,Orinda,Sushi,False,925-253-8399,moderate,Sushi Island,True,19 Moraga Way,2019-03-05,2,11:30
2057,Martinez,Asian,False,925-313-9185,moderate,Royal Thai Restaurant,False,414 Ferry Street,,,
2058,Martinez,Asian,False,925-372-0842,moderate,Sunflower Garden,False,436 Ferry Street,,,
2059,Martinez,Asian,False,925-229-0455,inexpensive,Little Hunan,False,Martinez,,,
2060,Martinez,Asian,False,925-229-0455,inexpensive,Little Hunan,False,Martinez,2019-03-08,2,19:30
2061,Fremont,Chinese,False,510-770-8818,moderate,B K's Bistro,False,3113 Stevenson Boulevard,2019-03-09,1,18:30
2062,Santa Clara,Japanese,False,408-988-2555,moderate,Amakai Japanese Cuisine,False,4300 Great America Parkway #156,2019-03-14,2,13:00
2063,Palo Alto,Georgian,False,650-384-6500,moderate,Bevri,True,530 Bryant Street,,,
2064,Palo Alto,American,False,650-688-2614,moderate,Bazille,True,550 Stanford Shopping Center,2019-03-08,2,18:30
2065,Santa Clara,Korean,False,408-899-2956,moderate,Chimek,True,3597 Homestead Road,,,
2066,Santa Clara,Korean,False,408-246-8773,moderate,Gaboja,False,2333 El Camino Real,,,
2067,Santa Clara,Korean,False,408-615-9292,moderate,Gooyi Gooyi,False,2331 El Camino Real,,,
2068,Santa Clara,Korean,False,408-296-6030,moderate,Jang Mo Jip,False,3148 El Camino Real,,,
2069,Santa Clara,Korean,False,408-246-1484,moderate,Moo Bong Ri Korean Restaurant,False,1484 Halford Avenue,,,
2070,Santa Clara,Korean,False,408-247-0507,moderate,Musa,False,3216 El Camino Real,,,
2071,Santa Clara,Korean,False,408-557-0650,moderate,Obok Restaurant,False,3072 El Camino Real,,,
2072,Santa Clara,Korean,False,408-243-8282,moderate,Omee J Fusion Sushi Bar & Grill,False,4477 Stevens Creek Boulevard,,,
2073,Santa Clara,Korean,False,408-615-0370,moderate,Seoul Gom Tang,False,3028 El Camino Real,,,
2074,Santa Clara,Korean,False,408-899-2956,moderate,Chimek,True,3597 Homestead Road,2019-03-14,2,19:00
2075,Sonoma,Steakhouse,False,707-933-3191,expensive,Saddles Steakhouse,True,29 East Macarthur Street,,,
2076,Sonoma,Steakhouse,False,707-933-3191,expensive,Saddles Steakhouse,True,29 East Macarthur Street,2019-03-13,3,12:00
2077,San Francisco,Japanese,False,415-292-9997,moderate,2g Japanese Brasserie,True,601 Van Ness Avenue,2019-03-09,4,13:00
2078,Palo Alto,Coffeehouse,False,650-324-1355,moderate,Pastis,False,447 California Avenue,,,
2079,Palo Alto,Coffeehouse,False,650-262-1830,expensive,Terrain Cafe,True,Stanford Shopping Center,,,
2080,Palo Alto,Coffeehouse,False,650-324-1355,moderate,Pastis,False,447 California Avenue,2019-03-05,2,18:00
2081,San Francisco,Vietnamese,False,415-665-1146,expensive,Thanh Long Restaurant,False,4101 Judah Street,2019-03-08,2,12:00
2082,Pleasant Hill,Seafood,False,925-671-6888,moderate,Three Brothers From China,False,2001 Contra Costa Boulevard #50,,,
2083,Pleasant Hill,Seafood,False,925-671-6888,moderate,Three Brothers From China,False,2001 Contra Costa Boulevard #50,2019-03-07,2,19:00
2084,San Ramon,Breakfast,True,925-404-0094,inexpensive,Taco Bell,True,21001 San Ramon Valley Boulevard,2019-03-11,2,12:30
2085,Corte Madera,Seafood,False,415-927-3474,moderate,Pacific Catch,True,133 Corte Madera Town Center,,,
2086,Corte Madera,Seafood,False,415-927-3474,moderate,Pacific Catch,True,133 Corte Madera Town Center,2019-03-05,2,11:00
2087,Cupertino,Japanese,False,408-996-8815,moderate,Amami Shima Sushi,False,19068 Stevens Creek Boulevard,,,
2088,Cupertino,Japanese,False,408-257-4057,moderate,Azuma Japanese Cuisine,False,Portal Plaza,,,
2089,Cupertino,Japanese,False,408-320-0836,moderate,Pokeworks,False,10815 North Wolfe Road #104,,,
2090,Cupertino,Japanese,False,408-564-8852,moderate,Yayoi Cupertino,True,20682 Homestead Road,,,
2091,Cupertino,Japanese,False,408-564-8852,moderate,Yayoi Cupertino,True,20682 Homestead Road,2019-03-09,4,17:00
2092,Fremont,Thai,False,510-739-1698,moderate,Banh Thai Restaurant,False,39060 Fremont Boulevard,,,
2093,Fremont,Thai,False,510-792-0770,moderate,Sala Thai Restaurant,False,3241 Walnut Avenue,,,
2094,Fremont,Thai,False,510-739-1698,moderate,Banh Thai Restaurant,False,39060 Fremont Boulevard,2019-03-13,2,12:30
2095,Mill Valley,Seafood,False,415-289-5777,moderate,Frantoio Ristorante,True,152 Shoreline Highway,,,
2096,Mill Valley,Italian,False,415-388-2126,moderate,Piazza D'angelo,True,22 Miller Avenue,2019-03-01,2,12:30
2097,San Carlos,Asian,False,650-453-3055,moderate,Red Hot Chilli Pepper,False,1125 San Carlos Avenue,,,
2098,San Carlos,Asian,False,650-453-3055,moderate,Red Hot Chilli Pepper,False,1125 San Carlos Avenue,2019-03-14,2,18:30
2099,San Francisco,Italian,False,415-292-3699,expensive,Ala Romana,True,1098 Jackson Street,2019-03-12,2,11:00
2100,Oakland,Buffet,False,510-891-1496,moderate,Bacheesos,False,246 Grand Avenue,2019-03-03,2,17:00
2101,San Francisco,Seafood,False,415-440-2828,moderate,Alamo Square Seafood Grill,False,803 Fillmore Street,2019-03-07,3,13:00
2102,Berkeley,Mediterranean,False,510-848-8877,moderate,Alborz Restaurant,True,2142 Center Street,2019-03-06,2,11:00
2103,Burlingame,Italian,False,650-347-7672,moderate,Cafe La Scala Italian Rest.,True,1219 Burlingame Avenue,,,
2104,Burlingame,Italian,False,650-342-4922,moderate,Fattoria E Mare,False,1095 Rollins Road,,,
2105,Burlingame,Italian,False,650-288-1041,moderate,Pizzeria Delfina,True,1444 Burlingame Avenue,,,
2106,Burlingame,Italian,False,650-235-9715,moderate,Rise Pizzeria,True,1451 Burlingame Avenue,,,
2107,Burlingame,Italian,False,650-348-3277,moderate,Sapore Italiano Ristorante,False,1447 Burlingame Avenue,,,
2108,Burlingame,Italian,False,650-342-4922,moderate,Fattoria E Mare,False,1095 Rollins Road,2019-03-07,3,11:30
2109,Sebastopol,Nepalese,False,707-824-1800,moderate,Himalayan Tandoori And Curry House,False,969 Gravenstein Highway South,,,
2110,Sebastopol,Nepalese,False,707-824-1800,moderate,Himalayan Tandoori And Curry House,False,969 Gravenstein Highway South,2019-03-06,3,19:30
2111,Fremont,Halal,False,510-320-5099,moderate,Li Zhou Chinese Restaurant,False,36456 Fremont Boulevard,,,
2112,Fremont,Halal,False,510-795-9009,moderate,Salang Pass Restaurant,False,37462 Fremont Boulevard,,,
2113,Fremont,Halal,False,510-795-9009,moderate,Salang Pass Restaurant,False,37462 Fremont Boulevard,2019-03-12,1,13:00
2114,Menlo Park,Italian,False,650-323-3665,moderate,Angelo Mio,False,820 Santa Cruz Avenue,,,
2115,Menlo Park,Italian,False,650-326-1314,moderate,Piccolo Ristorante Italiano,False,651 Oak Grove Avenue Suite H,,,
2116,Menlo Park,Italian,False,650-322-1211,moderate,Ristorante Carpaccio,True,1120 Crane Street,,,
2117,Menlo Park,Italian,False,650-325-7900,moderate,Ristorante Mataro,True,827 Santa Cruz Avenue,,,
2118,Menlo Park,Italian,False,650-326-9028,moderate,Trellis Restaurant,True,1077 El Camino Real,,,
2119,Menlo Park,Greek,False,650-322-4343,moderate,Sultana Mediterranean,True,1149 El Camino Real,,,
2120,San Francisco,European,False,415-348-0808,inexpensive,Ayola,False,118 New Montgomery Street,2019-03-01,2,12:30
2121,Pleasanton,Mexican,False,925-462-2316,moderate,Alberto's Cantina,True,435 Main Street,,,
2122,Pleasanton,Mexican,False,925-462-2316,moderate,Alberto's Cantina,True,435 Main Street,2019-03-14,2,19:00
2123,Livermore,Afghan,False,925-447-0576,moderate,Roya Afghan Cuisine,False,2020 First Street,2019-03-03,2,11:30
2124,San Francisco,European,False,415-802-1700,expensive,Bon Marche Brasserie & Bar,True,1355 Market Street #120,2019-03-03,1,11:30
2125,Mountain View,Italian,False,650-961-9749,moderate,Don Giovanni,True,235 Castro Street,,,
2126,Mountain View,Italian,False,650-967-5384,moderate,"Frankie, Johnnie & Luigi Too!",True,939 West El Camino Real,,,
2127,Mountain View,Italian,False,650-940-1717,moderate,Vaso Azzurro,True,108 Castro Street,,,
2128,Mountain View,Italian,False,650-961-9749,moderate,Don Giovanni,True,235 Castro Street,2019-03-08,2,11:30
2129,San Francisco,Asian,False,415-731-5515,inexpensive,8 Immortals Restaurant,False,1433 Taraval,2019-03-06,2,17:30
2130,San Jose,Sandwich,True,408-436-0760,inexpensive,Mcdonald's,False,2040 North 1st Street,,,
2131,San Jose,Sandwich,True,408-264-3223,inexpensive,Mcdonald's,False,1365 Blossom Hill Road,2019-03-14,2,12:30
2132,Oakland,Asian,False,510-835-8322,moderate,Lin Jia Asian Kitchen,False,3437 Lakeshore Avenue,2019-03-07,2,11:30
2133,Palo Alto,Japanese,False,650-494-4437,moderate,Yayoi Palo Alto,True,403 University Avenue,,,
2134,Palo Alto,Japanese,False,650-494-4437,moderate,Yayoi Palo Alto,True,403 University Avenue,2019-03-09,2,13:00
2135,Vacaville,Steakhouse,False,707-452-1167,moderate,Applebee's Grill + Bar,True,160 Nut Tree Parkway,,,
2136,Vacaville,Steakhouse,False,707-452-1167,moderate,Applebee's Grill + Bar,True,160 Nut Tree Parkway,2019-03-12,2,12:30
2137,Milpitas,Chinese,False,408-432-8833,moderate,Koi Palace - Milpitas,True,768 Barber Lane,,,
2138,Milpitas,Chinese,False,408-946-8020,moderate,Koong's,False,103 North Milpitas Boulevard,,,
2139,Milpitas,Chinese,False,408-262-9439,moderate,Taste Good Beijing Cuisine,False,76 South Abel Street,,,
2140,Milpitas,Chinese,False,408-432-8833,moderate,Koi Palace - Milpitas,True,768 Barber Lane,2019-03-09,2,12:30
2141,Burlingame,Chinese,False,650-348-8848,moderate,Yangon,False,1136 Broadway,,,
2142,Burlingame,Chinese,False,650-348-8848,moderate,Yangon,False,1136 Broadway,2019-03-02,2,13:00
2143,San Francisco,Brunch,False,415-923-8498,moderate,Me & Tasty,False,3970 17th Street,,,
2144,San Francisco,Brunch,False,415-742-5505,moderate,Padrecito,False,901 Cole Street,,,
2145,San Francisco,Brunch,True,415-771-7100,moderate,1300 On Fillmore,False,1300 Fillmore Street,2019-03-07,2,19:00
2146,San Francisco,Italian,False,415-771-2216,moderate,A16,True,2355 Chestnut Street,2019-03-01,1,18:00
2147,San Jose,Italian,False,408-369-9820,moderate,Al Castello Ristorante,False,2083 Camden Avenue,2019-03-13,2,13:00
2148,Livermore,Italian,False,925-371-4499,moderate,Melo's Pizza & Pasta Livermore,True,4433 First Street,2019-03-09,2,12:00
2149,Castro Valley,Seafood,False,510-537-1454,moderate,Dino's Restaurant,False,20390 Lake Chabot Road,2019-03-04,2,13:30
2150,San Francisco,Japanese,False,415-292-9997,moderate,2g Japanese Brasserie,True,601 Van Ness Avenue,2019-03-01,1,12:00
2151,Petaluma,American,False,707-981-8228,moderate,Bistro 100,True,140 2nd Street #100,2019-03-14,2,18:00
2152,Los Gatos,Barbecue,True,408-354-4020,moderate,The Cats,False,17533 Santa Cruz Highway,,,
2153,Los Gatos,Barbecue,True,408-354-4020,moderate,The Cats,False,17533 Santa Cruz Highway,2019-03-12,2,18:00
2154,Corte Madera,Italian,False,415-927-2316,moderate,Benissimo Restaurant & Bar,False,18 Tamalpais Drive,,,
2155,Corte Madera,Italian,False,415-924-2081,moderate,Marin Joe's,False,1585 Casa Buena Drive,,,
2156,Corte Madera,Italian,False,415-927-2316,moderate,Benissimo Restaurant & Bar,False,18 Tamalpais Drive,2019-03-14,2,11:00
2157,San Francisco,Japanese,False,415-567-4903,moderate,Ace Wasabi Rock-n-roll Sushi,False,3339 Steiner Street,2019-03-12,2,11:30
2158,Burlingame,Korean,False,650-347-3717,moderate,Sesame,False,1355 Broadway,,,
2159,Burlingame,Korean,False,650-347-3717,moderate,Sesame,False,1355 Broadway,2019-03-02,3,13:00
2160,San Leandro,Mexican,False,510-317-0323,moderate,Chili's Grill & Bar,True,15555 East 14th Street suite 366,,,
2161,San Leandro,Mexican,False,510-351-8825,moderate,El Torito,True,5 Monarch Bay Drive,,,
2162,San Leandro,Mexican,False,510-352-9095,inexpensive,La Salsa Fresh Mexican Grill,False,Marina Square Shopping Center,,,
2163,San Leandro,Mexican,True,510-856-0301,inexpensive,Taco Bell,True,15099-A Hesperian Boulevard,,,
2164,San Leandro,Mexican,False,510-895-5351,moderate,Tequila Grill,False,1350 East 14th Street,,,
2165,San Leandro,Mexican,False,510-276-1793,moderate,Tito's,False,15508 East 14th Street,,,
2166,San Leandro,Mexican,False,510-352-7340,moderate,Vallarta,False,14366 East 14th Street,,,
2167,San Leandro,Mexican,False,510-317-0323,moderate,Chili's Grill & Bar,True,15555 East 14th Street suite 366,2019-03-01,2,18:30
2168,Palo Alto,Brunch,False,650-493-2844,moderate,Dinah's Poolside Restaurant,False,4261 El Camino Real,,,
2169,Palo Alto,Brunch,False,650-493-2844,moderate,Dinah's Poolside Restaurant,False,4261 El Camino Real,2019-03-01,2,19:30
2170,San Jose,Japanese,False,408-249-6020,moderate,Dan Izakaya Restaurant,True,1306 Saratoga Avenue,2019-03-13,4,13:30
2171,San Francisco,Chinese,False,415-282-8999,inexpensive,Alice's,False,1599 Sanchez Street,2019-03-11,3,19:30
2172,Pleasanton,Italian,False,925-484-3878,moderate,De La Torre's Trattoria,False,6025 West Las Positas Boulevard,2019-03-03,1,17:30
2173,San Jose,Indian,False,408-270-2578,moderate,8elements,True,1781 Capitol Expressway,2019-03-11,2,13:00
2174,Oakland,Mexican,False,510-288-3668,moderate,Agave Uptown,False,2135 Franklin Street,2019-03-08,2,12:00
2175,San Francisco,Chinese,False,415-788-8788,very expensive,Eight Tables By George Chen,True,8 Kenneth Rexroth Place,,,
2176,San Francisco,Chinese,False,415-829-8148,expensive,Hakkasan,True,1 Kearny Street,,,
2177,San Francisco,Chinese,False,415-986-8832,moderate,Little Szechuan,True,501 Broadway,,,
2178,San Francisco,Chinese,False,415-753-2900,inexpensive,Nan King Road Bistro,True,1360 9th Avenue,,,
2179,Oakland,Italian,False,510-768-8003,expensive,A16,True,5356 College Avenue,2019-03-07,3,13:00
2180,Rohnert Park,American,False,707-585-2722,moderate,Bear Republic Brewing Co.,True,5000 Roberts Lake Road,2019-03-02,2,11:00
2181,Santa Rosa,Italian,False,707-539-0260,moderate,Basilico,False,4776 Sonoma Highway,2019-03-02,2,11:30
2182,San Francisco,French,False,415-292-6916,moderate,Amelie San Francisco,True,1754 Polk Street,2019-03-14,1,12:30
2183,San Leandro,Take-out,False,510-562-3246,moderate,Imperial Garden Restaurant,False,310 MacArthur Boulevard,,,
2184,San Leandro,Take-out,False,510-562-3246,moderate,Imperial Garden Restaurant,False,310 MacArthur Boulevard,2019-03-01,2,18:30
2185,Pinole,American,False,510-964-7546,moderate,Tina's Place,False,2300 San Pablo Avenue,,,
2186,Pinole,American,False,510-964-7546,moderate,Tina's Place,False,2300 San Pablo Avenue,2019-03-14,2,18:30
2187,Albany,Chinese,False,510-525-2285,moderate,China Village Restaurant,False,1335 Solano Avenue,2019-03-06,4,13:30
2188,Concord,European,False,925-825-3277,moderate,D J's Bistro,False,1825 Sutter Street #C,,,
2189,Concord,European,False,925-825-3277,moderate,D J's Bistro,False,1825 Sutter Street #C,2019-03-02,4,13:00
2190,Hayward,Chinese,False,510-538-2868,moderate,Chef's Experience China Bistro,False,22436 Foothill Boulevard,2019-03-09,2,13:30
2191,Sunnyvale,Indian,False,408-736-2837,inexpensive,Amaravathi Vegetarian Restaurant,False,673 Grape Avenue,,,
2192,Sunnyvale,Indian,False,408-774-1540,moderate,Arka Indian Restaurant,True,725 South Fair Oaks Avenue,,,
2193,Sunnyvale,Indian,False,408-735-7448,moderate,Madhuban Indian Cuisine,False,544 Lawrence Expressway,,,
2194,Sunnyvale,Indian,False,408-481-0700,inexpensive,Marigold Indian Cuisine & Banquets,False,1214 Apollo Way Suite 404 B,,,
2195,Sunnyvale,Indian,False,408-310-3111,moderate,Ulavacharu,False,685 East El Camino Real,,,
2196,Sunnyvale,Indian,False,408-774-1540,moderate,Arka Indian Restaurant,True,725 South Fair Oaks Avenue,2019-03-07,3,13:30
2197,Berkeley,Korean,False,510-900-5858,moderate,Berkeley Social Club,False,2050 University Avenue,,,
2198,Berkeley,Korean,False,510-900-5858,moderate,Berkeley Social Club,False,2050 University Avenue,2019-03-10,2,13:30
2199,Berkeley,Asian,False,510-883-1883,moderate,Da Lian Restaurant,False,1674 Shattuck Avenue,2019-03-04,2,12:30
2200,Fremont,Steakhouse,False,510-445-1850,moderate,Claim Jumper Restaurants,True,43330 Pacific Commons Boulevard,2019-03-07,2,19:00
2201,Oakland,Mediterranean,False,510-250-9491,moderate,Dyafa,False,44 Webster Street,2019-03-09,1,13:30
2202,Pinole,Japanese,False,510-758-8881,moderate,Happy Sashimi,False,2714 Pinole Valley Road,,,
2203,Pinole,Japanese,False,510-964-0478,moderate,Tachikawa,False,632 San Pablo Avenue,,,
2204,Pinole,Japanese,False,510-758-8881,moderate,Happy Sashimi,False,2714 Pinole Valley Road,2019-03-08,2,11:30
2205,Daly City,Breakfast,True,415-349-8370,inexpensive,Nick's Kitchen,True,2449 Geneva Avenue,,,
2206,Daly City,Steakhouse,False,650-755-3448,moderate,Val's,False,2468 Junipero Serra Boulevard,,,
2207,Daly City,Steakhouse,False,650-755-3448,moderate,Val's,False,2468 Junipero Serra Boulevard,2019-03-03,2,18:00
2208,Berkeley,Seafood,False,510-524-1286,moderate,Akemi Japanese Restaurant,True,1695 Solano Avenue,2019-03-04,2,13:00
2209,San Jose,Indian,False,408-270-2578,moderate,8elements,True,1781 Capitol Expressway,2019-03-01,1,13:30
2210,Berkeley,American,False,510-809-8282,moderate,Eureka!,True,2068 Center Street,2019-03-10,1,12:30
2211,Palo Alto,Salad,False,650-494-0645,moderate,Green Elephant Gourmet,False,3950 Middlefield Road,,,
2212,Palo Alto,Salad,False,650-494-0645,moderate,Green Elephant Gourmet,False,3950 Middlefield Road,2019-03-03,2,12:00
2213,Lafayette,American,False,925-385-0352,moderate,American Kitchen,False,71 Lafayette Circle,,,
2214,Lafayette,American,False,925-284-1621,expensive,Duck Club Restaurant,True,3287 Mount Diablo Boulevard,,,
2215,Lafayette,American,False,925-284-4422,moderate,Metro Lafayette,True,3524 Mount Diablo Boulevard,,,
2216,Lafayette,American,False,925-298-5915,moderate,The Cooperage American Grille,False,32 Lafayette Circle,,,
2217,Lafayette,American,False,925-900-8861,moderate,The Hideout Kitchen & Cafe,False,3406 Mount Diablo Boulevard,,,
2218,Lafayette,American,False,925-385-0352,moderate,American Kitchen,False,71 Lafayette Circle,2019-03-06,1,12:30
2219,San Jose,Indian,False,408-436-7959,inexpensive,Madhuban Indian Cuisine,True,50 Skyport Drive,2019-03-05,2,11:00
2220,Pinole,Barbecue,False,510-223-7427,moderate,Dickey's Barbecue Pit,False,1473 Fitzgerald Drive,,,
2221,Pinole,Barbecue,False,510-223-7427,moderate,Dickey's Barbecue Pit,False,1473 Fitzgerald Drive,2019-03-02,3,13:00
2222,Cupertino,Seafood,False,408-517-1440,moderate,Curry House Japanese Curry & Spaghetti,False,10350 South De Anza Boulevard,,,
2223,Cupertino,Seafood,False,408-973-9985,moderate,Harumi Sushi,False,19754 Stevens Creek Boulevard,,,
2224,Cupertino,Seafood,False,408-725-1749,moderate,Kikusushi Japanese Restaurant,True,1655 South De Anza Boulevard,,,
2225,Cupertino,Seafood,False,408-252-1797,moderate,Yoshida,True,10700 South De Anza Boulevard,,,
2226,Cupertino,Seafood,False,408-973-9985,moderate,Harumi Sushi,False,19754 Stevens Creek Boulevard,2019-03-13,4,13:30
2227,San Francisco,Italian,False,415-543-5100,moderate,54 Mint Ristorante Italiano,True,16 Mint Plaza,2019-03-01,2,13:30
2228,San Francisco,American,False,415-495-5875,expensive,25 Lusk,True,25 Lusk Street,2019-03-04,1,19:00
2229,San Jose,Salad,True,408-298-6533,inexpensive,Mcdonald's,False,777 Story Road,2019-03-13,2,19:00
2230,San Francisco,Korean,False,415-292-2368,moderate,Aato,True,1449 Lombard Street,2019-03-11,2,17:30
2231,Berkeley,French,False,510-549-8585,expensive,Antoinette Restaurant,True,41 Tunnel Road,,,
2232,Berkeley,French,False,510-849-2155,expensive,Bistro Liaison,True,1849 Shattuck Avenue,,,
2233,Berkeley,French,False,510-549-8585,moderate,Paragon,True,41 Tunnel Road,,,
2234,Berkeley,French,False,510-549-8585,expensive,Antoinette Restaurant,True,41 Tunnel Road,2019-03-11,2,18:30
2235,Burlingame,Asian,False,650-548-0300,moderate,Barracuda Japanese Restaurant,False,347 Primrose Road,2019-03-02,3,13:30
2236,San Jose,Mediterranean,False,408-684-4002,moderate,Faz Restaurants & Catering - San Jose,False,181 East Tasman Drive,,,
2237,San Jose,Mediterranean,False,408-260-1444,moderate,Thea Mediterranean,True,3090 Olsen Drive,,,
2238,San Jose,Mediterranean,False,408-684-4002,moderate,Faz Restaurants & Catering - San Jose,False,181 East Tasman Drive,2019-03-01,2,12:00
2239,Napa,French,False,707-257-5157,very expensive,La Toque,True,1314 McKinstry Street,2019-03-05,2,13:30
2240,Oakland,Buffet,False,510-891-1496,moderate,Bacheesos,False,246 Grand Avenue,2019-03-12,2,17:30
2241,San Francisco,American,False,415-495-5875,expensive,25 Lusk,True,25 Lusk Street,2019-03-04,2,18:00
2242,Mill Valley,American,True,415-381-4400,moderate,Lighthouse Bar & Grill,True,475 East Strawberry Drive,,,
2243,Mill Valley,American,True,415-381-4400,moderate,Lighthouse Bar & Grill,True,475 East Strawberry Drive,2019-03-04,2,13:30
2244,San Francisco,American,False,415-359-1212,expensive,1760,False,1760 Polk Street,2019-03-12,2,12:30
2245,Campbell,Sushi,False,408-370-1300,moderate,Furusato,False,1651 West Campbell Avenue,2019-03-10,2,18:30
2246,Menlo Park,Bistro,False,650-462-1686,moderate,Bistro Vida,False,641 Santa Cruz Avenue,2019-03-01,2,13:00
2247,Oakland,American,True,510-482-2500,moderate,Monaghan's Oakland,False,2820 Mountain Boulevard,,,
2248,Oakland,American,False,510-238-1100,moderate,Mua Oakland,False,2442a Webster Street,,,
2249,Oakland,American,False,510-834-2467,moderate,Chop Bar,True,247 4th Street,2019-03-01,2,17:30
2250,San Francisco,Japanese,False,415-658-7388,very expensive,Ijji Sushi,False,252 Divisadero Street,2019-03-01,1,11:30
2251,San Ramon,Soup,True,925-275-8105,inexpensive,Noodles And Company,False,3141 Crow Canyon Place,2019-03-06,2,18:30
2252,Redwood City,Italian,False,650-321-4080,expensive,Chantilly,True,3001 El Camino Real,,,
2253,Redwood City,Italian,False,650-701-1000,expensive,Donato Enoteca,False,1041 Middlefield Road,,,
2254,Redwood City,Italian,False,650-299-9918,moderate,Portobello Grill,True,Portobello Grill,,,
2255,Redwood City,Italian,False,650-216-9713,moderate,The Old Spaghetti Factory,True,2107 Broadway,,,
2256,Redwood City,Italian,False,650-780-0793,moderate,Vino Santo Bistro,False,2030 Broadway,,,
2257,Redwood City,Italian,False,650-321-4080,expensive,Chantilly,True,3001 El Camino Real,2019-03-05,2,13:30
2258,San Francisco,Seafood,False,415-989-8218,expensive,Akiko's Sushi Bar,True,542 A Mason Street,2019-03-13,1,18:30
2259,San Jose,Indian,False,408-436-7959,inexpensive,Madhuban Indian Cuisine,True,50 Skyport Drive,2019-03-01,2,19:00
2260,Santa Rosa,Vietnamese,False,707-528-3747,moderate,Kettles Vietnamese Bistro,False,1202 West Steele Lane,,,
2261,Santa Rosa,Vietnamese,False,707-528-3747,moderate,Kettles Vietnamese Bistro,False,1202 West Steele Lane,2019-03-01,2,17:30
2262,Pleasanton,Korean,False,925-523-3630,moderate,Gan Restaurant,True,221 Division Street,,,
2263,Pleasanton,Korean,False,925-426-0925,moderate,Korean Village,False,1807 Santa Rita Road,,,
2264,Pleasanton,Korean,False,925-523-3630,moderate,Gan Restaurant,True,221 Division Street,2019-03-01,2,17:30
2265,San Leandro,Mediterranean,False,510-258-0000,inexpensive,Shami Restaurant & Lounge,False,16490 East 14th Street,,,
2266,San Leandro,Mediterranean,False,510-850-5020,moderate,Moussaka Mediterranean Kitchen,False,599 Dutton Avenue,2019-03-01,2,13:00
2267,Oakland,Breakfast,False,510-990-7007,moderate,Lungomare,False,1 Broadway,,,
2268,Oakland,Breakfast,True,510-839-9331,inexpensive,Mcdonald's,True,800 Market Street,,,
2269,Oakland,Breakfast,True,510-903-3771,moderate,The Terrace Room Restaurant,True,1800 Madison Street,,,
2270,Oakland,Breakfast,False,510-990-7007,moderate,Lungomare,False,1 Broadway,2019-03-01,2,11:00
2271,Richmond,Chinese,False,510-526-6800,moderate,Asian Pearl Seafood Restaurant,False,3288 Pierce Street A118,,,
2272,Richmond,Chinese,False,510-527-2378,moderate,Daimo Chinese Restaurant,False,3288 Pierce Street,,,
2273,Richmond,Chinese,False,510-526-6800,moderate,Asian Pearl Seafood Restaurant,False,3288 Pierce Street A118,2019-03-13,2,18:00
2274,San Francisco,Chinese,False,415-333-8182,moderate,Beijing Restaurant,False,1801 Alemany Boulevard,2019-03-01,2,19:30
2275,Mill Valley,Asian,False,415-383-3444,moderate,Thep Lela Thai Restaurant,False,615 Strawberry Village,,,
2276,Mill Valley,Asian,False,415-383-3444,moderate,Thep Lela Thai Restaurant,False,615 Strawberry Village,2019-03-01,3,18:30
2277,San Francisco,American,False,415-359-1212,expensive,1760,False,1760 Polk Street,2019-03-12,1,17:00
2278,Los Altos,American,False,650-948-0400,expensive,Cetrella,True,400 Main Street,,,
2279,Los Altos,American,False,650-948-3524,expensive,Los Altos Grill,True,233 3rd Street,,,
2280,Los Altos,American,False,650-948-3524,expensive,Los Altos Grill,True,233 3rd Street,2019-03-01,2,18:30
2281,San Francisco,Korean,False,415-292-2368,moderate,Aato,True,1449 Lombard Street,2019-03-13,1,18:00
2282,Palo Alto,Korean,False,650-329-9168,moderate,Tai Pan,False,560 Waverley Street,,,
2283,Palo Alto,Korean,False,650-329-9168,moderate,Tai Pan,False,560 Waverley Street,2019-03-01,2,11:00
2284,Los Altos,Japanese,False,650-941-8150,moderate,Akane Japanese Restaurant,False,250 3rd Street,2019-03-11,2,11:00
2285,Danville,American,False,925-736-4295,expensive,Blackhawk Grille,True,3540 Blackhawk Plaza Circle,2019-03-01,3,17:00
2286,San Francisco,Japanese,False,415-567-4903,moderate,Ace Wasabi Rock-n-roll Sushi,False,3339 Steiner Street,2019-03-01,2,12:00
2287,Petaluma,Italian,True,707-664-1418,moderate,Brixx Pizzeria,False,16 Kentucky Street,2019-03-01,2,18:30
2288,San Francisco,Spanish,False,415-929-8888,moderate,Alegrias,False,2018 Lombard Street,2019-03-01,2,18:00
2289,Santa Rosa,American,False,707-526-5787,moderate,Belly Left Coast Kitchen & Taproom,False,523 4th Street,2019-03-01,1,17:00
2290,Berkeley,Mediterranean,False,510-981-8339,expensive,Pathos Organic Greek Kitchen,True,2430 Shattuck Avenue,2019-03-01,1,19:30
2291,San Jose,Asian,False,408-239-3149,inexpensive,China Garden Restaurant,False,1890 West San Carlos Street,,,
2292,San Jose,Asian,False,408-286-6668,moderate,Dynasty,False,1001 Story Road,,,
2293,San Jose,Asian,False,408-927-8773,moderate,Elements Restaurant,False,6471-10 Almaden Expressway,,,
2294,San Jose,Asian,False,408-978-3536,inexpensive,Golden Rice Bowl,True,1705 Branham Lane b3,,,
2295,San Jose,Asian,False,408-246-9550,moderate,May Flower Restaurant,False,1080 Saratoga Avenue,,,
2296,San Jose,Asian,False,408-282-8850,moderate,Mosaic Inside The Four Points By Sheraton Hotel,False,211 South 1st Street,,,
2297,San Jose,Asian,False,408-287-1648,moderate,Pagoda Lounge,True,170 South Market Street,,,
2298,San Jose,Asian,False,408-251-9590,moderate,Phu Lam Chinese Restaurant,False,3082 Story Road,,,
2299,San Jose,Asian,False,408-377-2222,moderate,Rangoli,False,3695 Union Avenue,,,
2300,San Jose,Asian,False,408-247-8880,moderate,Sino,False,377 Santana Row #1000,,,
2301,San Jose,Asian,False,408-723-2598,moderate,Sushi Factory,False,4632 Meridian Avenue,,,
2302,San Jose,Asian,False,408-292-7222,moderate,Tandoori Oven,False,150 South 1st Street # 107/109,,,
2303,Oakland,Mexican,False,510-288-3668,moderate,Agave Uptown,False,2135 Franklin Street,2019-03-01,2,13:30
2304,San Francisco,Take-out,False,415-564-5514,moderate,Golden Gate Indian Cuisine & Pizza,True,4038 Judah Street,2019-03-01,2,18:30
2305,San Mateo,Italian,False,650-342-3100,moderate,Capellini Restaurant,True,310 Baldwin Avenue,,,
2306,San Mateo,Italian,False,650-579-6021,moderate,Osteria Coppa - Permanently Closed,True,139 South B Street,,,
2307,San Mateo,Italian,False,650-375-0818,expensive,Pausa Bar & Cookery,True,223 East 4th Avenue,,,
2308,San Mateo,Italian,False,650-342-3100,moderate,Capellini Restaurant,True,310 Baldwin Avenue,2019-03-01,2,17:30
2309,San Jose,Seafood,False,408-269-8383,moderate,Ariake,False,1008 Blossom Hill Road,2019-03-11,2,18:00
2310,Antioch,Chinese,False,925-777-0888,inexpensive,Rice Bowl,True,3436 Deer Valley Road,,,
2311,Antioch,Chinese,False,925-777-0888,inexpensive,Rice Bowl,True,3436 Deer Valley Road,2019-03-01,2,11:30
2312,San Ramon,Pakistani,False,925-244-1559,moderate,Cafe Tandoor,False,420 Market Place,,,
2313,San Ramon,Pakistani,False,925-244-1559,moderate,Cafe Tandoor,False,420 Market Place,2019-03-14,3,17:00
2314,San Francisco,American,False,415-495-5875,expensive,25 Lusk,True,25 Lusk Street,2019-03-13,2,18:30
2315,Larkspur,Brasserie,False,415-927-3034,moderate,Left Bank Larkspur Brasserie,False,507 Magnolia Avenue,2019-03-01,2,12:00
2316,Santa Rosa,Thai,False,707-528-8333,moderate,Sea Thai Bistro,False,2350 Midway Drive,,,
2317,Santa Rosa,Thai,False,707-575-9296,moderate,Thai Pot,False,2478 West 3rd Street,,,
2318,Larkspur,California,False,415-755-6700,moderate,Farmshop,True,2233 Larkspur Landing Circle,,,
2319,Larkspur,California,False,415-755-6700,moderate,Farmshop,True,2233 Larkspur Landing Circle,2019-03-01,2,12:00
2320,San Francisco,Italian,False,415-771-2216,moderate,A16,True,2355 Chestnut Street,2019-03-01,4,18:00
2321,Pleasant Hill,Steakhouse,False,925-705-7066,moderate,Kobe Japan Restaurant,True,1918 Oak Park Boulevard,,,
2322,Pleasant Hill,Steakhouse,False,925-687-8096,moderate,Tahoe Joe's,True,999 Contra Costa Boulevard,,,
2323,Pleasant Hill,Steakhouse,False,925-705-7066,moderate,Kobe Japan Restaurant,True,1918 Oak Park Boulevard,2019-03-01,2,19:30
2324,Emeryville,Chinese,False,510-655-3388,moderate,Hong Kong East Ocean Seafood Restaurant,True,3199 Powell Street,2019-03-01,2,18:30
2325,Oakland,Asian,False,510-835-8322,moderate,Lin Jia Asian Kitchen,False,3437 Lakeshore Avenue,2019-03-01,2,13:30
2326,Fairfield,Mexican,False,707-425-8374,moderate,Chevys Fresh Mex,True,1730 Travis Boulevard,,,
2327,Fairfield,Mexican,True,707-421-8484,moderate,Favela's Fusion,False,1500 Oliver Road,,,
2328,Fairfield,Mexican,False,707-426-3385,moderate,Pelayo's Mexican Food,True,1985 West Texas Street,,,
2329,Fairfield,Mexican,False,707-425-8374,moderate,Chevys Fresh Mex,True,1730 Travis Boulevard,2019-03-07,1,19:00
2330,Mill Valley,Mexican,False,415-384-8871,moderate,Playa Mill Valley,True,41 Throckmorton Avenue,,,
2331,Mill Valley,Mexican,False,415-381-1070,moderate,The Cantina,True,651 East Blithedale Avenue,,,
2332,Albany,Indian,False,510-679-5079,moderate,Everest Kitchen,True,1150 Solano Avenue,,,
2333,Albany,Indian,False,510-679-5079,moderate,Everest Kitchen,True,1150 Solano Avenue,2019-03-07,3,12:00
2334,Mountain View,Mexican,False,650-969-6767,moderate,Agave Mexican Bistro,True,194 Castro Street,,,
2335,Mountain View,Mexican,False,650-965-2944,moderate,Casa Lupe,False,459 Castro Street,,,
2336,Mountain View,Mexican,False,650-941-2227,moderate,Chili's Grill & Bar,True,2560 West El Camino Real,,,
2337,Mountain View,Mexican,False,650-625-8374,moderate,La Espuela,False,89 West El Camino Real,,,
2338,Mountain View,Mexican,False,650-968-1364,moderate,La Fiesta,True,240 Villa Street,,,
2339,Mountain View,Mexican,False,650-917-8290,inexpensive,La Salsa,False,660 North San Antonio Road # A,,,
2340,Mountain View,Mexican,False,650-968-0493,moderate,Los Portales,False,430 Moffett Boulevard,,,
2341,Mountain View,Mexican,False,650-669-2435,inexpensive,Super Tacos El Conrro,False,2082 West El Camino Real,,,
2342,Mountain View,Mexican,False,650-938-2020,moderate,Vive Sol,True,2020 West El Camino Real,,,
2343,Mountain View,Mexican,False,650-941-2227,moderate,Chili's Grill & Bar,True,2560 West El Camino Real,2019-03-01,2,13:30
2344,San Francisco,Seafood,False,415-989-8218,expensive,Akiko's Sushi Bar,True,542 A Mason Street,2019-03-10,1,18:30
2345,San Francisco,American,False,415-359-1212,expensive,1760,False,1760 Polk Street,2019-03-01,2,11:00
2346,Fremont,Chinese,False,510-770-8818,moderate,B K's Bistro,False,3113 Stevenson Boulevard,2019-03-01,2,19:30
2347,Palo Alto,French,False,650-485-3228,expensive,Bon Vivant Restaurant,True,535 Bryant Street,,,
2348,Oakland,Breakfast,True,510-903-3771,moderate,The Terrace Room Restaurant,True,1800 Madison Street,2019-03-05,1,13:30
2349,Saratoga,Chinese,False,408-867-2554,moderate,Hongs Gourmet,False,14510 Big Basin Way #9,,,
2350,Saratoga,Chinese,False,408-867-2554,moderate,Hongs Gourmet,False,14510 Big Basin Way #9,2019-03-01,1,17:30
2351,Dublin,American,False,925-556-9800,moderate,Black Angus Steakhouse,True,4814 Dublin Boulevard,2019-03-04,2,13:00
2352,San Francisco,Japanese,False,415-292-9997,moderate,2g Japanese Brasserie,True,601 Van Ness Avenue,2019-03-13,1,19:30
2353,San Francisco,Asian,False,415-278-9991,moderate,Lao Table,False,149 2nd Street,,,
2354,San Francisco,Asian,False,415-923-8978,moderate,Lers Ros,False,730 Larkin Street,,,
2355,San Francisco,Asian,False,415-922-8424,moderate,Modern Thai,False,1247 Polk Street,,,
2356,Burlingame,Seafood,False,650-347-9988,moderate,Grand Harbor,False,1492 Old Bayshore Highway,2019-03-01,2,17:00
2357,Concord,Italian,False,925-687-5520,moderate,Pasta Primavera Cafe,False,4425-F Treat Boulevard,2019-03-09,2,13:30
2358,Petaluma,Thai,False,707-789-9777,moderate,Lemongrass Thai Cuisine,True,109 North McDowell Boulevard,,,
2359,Petaluma,Thai,False,707-789-9777,moderate,Lemongrass Thai Cuisine,True,109 North McDowell Boulevard,2019-03-01,2,17:00
2360,Napa,Mexican,False,707-252-4707,moderate,Don Perico Mexican Restaurant,False,1106 1st Street,,,
2361,Napa,Mexican,False,707-252-3575,moderate,Frida's Mexican Grill,False,1533 Trancas Street,,,
2362,Napa,Mexican,False,707-252-4707,moderate,Don Perico Mexican Restaurant,False,1106 1st Street,2019-03-13,1,19:00
2363,Petaluma,Italian,False,707-782-1775,moderate,Cucina Paradiso,False,114 Petaluma Boulevard North,2019-03-14,3,12:00
2364,San Francisco,American,False,415-421-2442,expensive,Fog Harbor Fish House,True,The Embarcadero,,,
2365,San Francisco,American,False,415-648-7669,expensive,Foreign Cinema,True,2534 Mission Street,,,
2366,San Francisco,American,False,415-362-7733,expensive,Franciscan Crab Restaurant,True,Pier 43 1/2,,,
2367,San Francisco,American,False,415-885-4605,expensive,House Of Prime Rib,True,1906 Van Ness Avenue,,,
2368,San Francisco,American,False,415-440-5446,expensive,Liholiho Yacht Club,True,871 Sutter Street,,,
2369,San Francisco,American,False,415-355-9400,expensive,Bar Agricole,True,355 11th Street,2019-03-01,2,17:30
2370,Lafayette,American,False,925-284-1621,expensive,Duck Club Restaurant,True,3287 Mount Diablo Boulevard,2019-03-05,2,18:00
2371,Burlingame,Indian,False,650-340-7272,expensive,Rasa,False,209 Park Road,,,
2372,Burlingame,Indian,False,650-579-5661,moderate,Rasoi Restaurant & Lounge,False,1425 Burlingame Avenue,,,
2373,Burlingame,Indian,False,650-579-5661,moderate,Rasoi Restaurant & Lounge,False,1425 Burlingame Avenue,2019-03-01,2,18:00
2374,St. Helena,Gastropub,False,707-963-8082,moderate,Cook Tavern & Pizzeria,True,1304 Main Street,2019-03-14,2,18:30
2375,Mill Valley,California,False,415-331-2600,expensive,Buckeye Roadhouse,False,15 Shoreline Highway,,,
2376,Mill Valley,California,False,415-331-2600,expensive,Buckeye Roadhouse,False,15 Shoreline Highway,2019-03-01,2,19:00
2377,San Francisco,American,False,415-359-1212,expensive,1760,False,1760 Polk Street,2019-03-13,2,19:00
2378,Walnut Creek,Mexican,False,925-891-4023,moderate,Fuego Tequila Grill,False,1359 Locust Street,,,
2379,Walnut Creek,Mexican,False,925-934-8121,moderate,La Fogata Mexican Bar & Grill,True,1315 North Main Street,,,
2380,Walnut Creek,Mexican,True,925-946-1010,moderate,Maria Maria,True,1470 North Broadway,,,
2381,Walnut Creek,Mexican,False,925-891-4023,moderate,Fuego Tequila Grill,False,1359 Locust Street,2019-03-01,4,12:30
2382,San Francisco,Thai,False,415-379-4505,moderate,Baan Thai House & Wine Bar,False,534 Irving Street,2019-03-10,2,18:00
2383,San Francisco,California,False,415-580-7662,expensive,Alta Msp,False,1275 Minnesota Street,2019-03-03,2,18:00
2384,Union City,American,False,510-429-6860,moderate,Chaplin's Sports Bistro,True,29200 Kohoutek Way,2019-03-01,2,17:30
2385,San Jose,American,True,408-272-1335,inexpensive,Mcdonald's,True,1935 Tully Road,,,
2386,San Jose,American,False,408-266-9275,moderate,Red Lobster,True,5343 Almaden Expressway,,,
2387,San Jose,American,False,408-261-5787,moderate,Bazille,True,2400 Forest Avenue,2019-03-01,1,18:30
2388,Oakland,Asian,False,510-835-8322,moderate,Lin Jia Asian Kitchen,False,3437 Lakeshore Avenue,2019-03-14,2,17:30
2389,Pleasanton,Burrito,True,925-463-1231,inexpensive,Taco Bell,False,5524-A Springdale Avenue,,,
2390,Livermore,Mediterranean,False,925-373-0306,moderate,Demitri's Taverna,False,2235 First Street,,,
2391,Livermore,Mediterranean,False,925-373-0306,moderate,Demitri's Taverna,False,2235 First Street,2019-03-05,2,17:00
2392,San Francisco,Bistro,False,415-276-4048,inexpensive,Bistro 10un,False,1130 Market Street,2019-03-13,1,17:30
2393,Menlo Park,American,False,650-561-1540,very expensive,Madera,False,2825 Sand Hill Road,,,
2394,Menlo Park,American,True,650-330-2790,moderate,Menlo Grill Bistro & Bar,True,100 El Camino Real,,,
2395,Menlo Park,American,False,650-561-1540,very expensive,Madera,False,2825 Sand Hill Road,2019-03-07,2,17:00
2396,Walnut Creek,Vietnamese,False,925-891-4790,moderate,Vanessa's Bistro 2 Vietnamese Restaurant,False,1512 Locust Street,,,
2397,Walnut Creek,Vietnamese,False,925-891-4790,moderate,Vanessa's Bistro 2 Vietnamese Restaurant,False,1512 Locust Street,2019-03-09,2,18:00
2398,Vacaville,Japanese,False,707-448-4002,moderate,Hisui | Japanese Restaurant,False,1350 East Monte Vista Avenue,2019-03-01,2,17:00
2399,San Carlos,Chinese,False,650-622-4979,inexpensive,Hot Wok Bistro Too,True,1541 Laurel Street,,,
2400,San Carlos,Chinese,False,650-591-4952,moderate,New Canton Restaurant,False,1160 Laurel Street,,,
2401,San Carlos,Chinese,False,650-593-9777,moderate,Yan's Garden,True,885 Laurel Street,,,
2402,San Carlos,Chinese,False,650-622-4979,inexpensive,Hot Wok Bistro Too,True,1541 Laurel Street,2019-03-01,2,12:00
2403,Daly City,Steakhouse,False,650-755-3448,moderate,Val's,False,2468 Junipero Serra Boulevard,2019-03-01,2,19:00
2404,Castro Valley,Sushi,False,510-889-6084,moderate,Katsu,False,20861 Redwood Road,,,
2405,Castro Valley,Sushi,False,510-889-6084,moderate,Katsu,False,20861 Redwood Road,2019-03-01,2,19:00
2406,San Ramon,Chinese,False,925-838-9600,inexpensive,Three Brothers From China,False,2211 San Ramon Valley Boulevard H,,,
2407,San Ramon,Chinese,False,925-415-3236,moderate,Inchin's Bamboo Garden,True,17900 San Ramon Valley Boulevard,2019-03-01,1,18:00
2408,Walnut Creek,Italian,False,510-943-1094,moderate,Caffe Delle Stelle Restaurant,True,1532 North Main Street,2019-03-01,3,19:00
2409,San Jose,American,True,408-977-0883,inexpensive,Mcdonald's,False,1299 East Santa Clara Street,,,
2410,San Jose,American,True,408-279-4888,moderate,Hukilau,True,230 Jackson Street,2019-03-01,2,19:30
2411,Redwood City,Mexican,False,650-364-7848,moderate,Frida's Colibri Restaurant & Bar,True,820 Veterans Boulevard ste b,2019-03-01,4,11:00
2412,Napa,Steakhouse,False,707-819-2500,very expensive,Charlie Palmer Steak Napa,False,1260 1st Street,,,
2413,Napa,Steakhouse,False,707-224-6328,expensive,Cole's Chop House,False,1122 Main Street,,,
2414,Napa,Steakhouse,False,707-257-5400,expensive,Royal Oak Steak & Seafood,True,1600 Atlas Peak Road,,,
2415,Napa,Steakhouse,False,707-819-2500,very expensive,Charlie Palmer Steak Napa,False,1260 1st Street,2019-03-01,2,17:00
2416,Santa Rosa,American,False,707-526-5787,moderate,Belly Left Coast Kitchen & Taproom,False,523 4th Street,2019-03-01,2,19:30
2417,Daly City,Salad,True,650-756-0993,inexpensive,Mcdonald's,False,505 Serramonte Boulevard,,,
2418,Daly City,Salad,True,650-756-0993,inexpensive,Mcdonald's,False,505 Serramonte Boulevard,2019-03-01,2,19:00
2419,Cupertino,Tapas,False,408-725-0542,moderate,Gochi Cupertino,False,19980 Homestead Road,,,
2420,Cupertino,Tapas,False,408-725-0542,moderate,Gochi Cupertino,False,19980 Homestead Road,2019-03-02,4,13:00
2421,San Francisco,Bistro,False,415-276-4048,inexpensive,Bistro 10un,False,1130 Market Street,2019-03-01,1,18:30
2422,Pleasanton,Barbecue,False,925-426-6800,inexpensive,Dickey's Barbecue Pit,False,6654 Koll Center Parkway,,,
2423,Pleasanton,Barbecue,False,925-426-6800,inexpensive,Dickey's Barbecue Pit,False,6654 Koll Center Parkway,2019-03-01,3,13:00
2424,San Francisco,American,False,415-359-1212,expensive,1760,False,1760 Polk Street,2019-03-13,1,18:00
2425,Gilroy,Mexican,False,408-847-8812,moderate,Carnitas Michoacan,False,7484 Monterey Road,,,
2426,Gilroy,Mexican,False,408-842-4000,moderate,Chili's Grill & Bar,True,850 Renz Lane,,,
2427,Gilroy,Mexican,False,408-848-1052,moderate,Victoria's Mexican Restaurant,False,757 1st Street,,,
2428,Gilroy,Mexican,False,408-847-8812,moderate,Carnitas Michoacan,False,7484 Monterey Road,2019-03-01,2,12:30
2429,Lafayette,Chinese,False,925-284-3500,moderate,Great Wall Restaurant,False,3500 Golden Gate Way,,,
2430,Lafayette,Chinese,False,925-283-1688,moderate,Uncle Yu's,False,999 Oak Hill Road,,,
2431,Lafayette,Chinese,False,925-284-3500,moderate,Great Wall Restaurant,False,3500 Golden Gate Way,2019-03-05,1,17:00
2432,San Francisco,Italian,False,415-543-5100,moderate,54 Mint Ristorante Italiano,True,16 Mint Plaza,2019-03-01,2,19:00
2433,San Francisco,Asian,False,415-986-8612,expensive,The House,False,1230 Grant Avenue,,,
2434,San Francisco,Asian,False,415-986-8612,expensive,The House,False,1230 Grant Avenue,2019-03-10,2,17:30
2435,Los Altos,Italian,False,650-949-2300,moderate,Aldo Los Altos,False,388 Main Street,,,
2436,Los Altos,Italian,False,650-949-2300,moderate,Aldo Los Altos,False,388 Main Street,2019-03-05,4,17:00
2437,Redwood City,American,False,650-995-7500,moderate,Aly's On Main,False,911 Main Street,,,
2438,Redwood City,American,False,650-365-7777,moderate,John Bentley's Restaurant,False,2915 El Camino Real,,,
2439,Redwood City,American,False,650-367-7974,moderate,Mandaloun,False,2021 Broadway,,,
2440,Redwood City,American,False,650-598-9000,moderate,Scroll Bar Waterside Kitchen,True,223 Twin Dolphin Drive,,,
2441,Redwood City,American,False,650-367-7974,moderate,The Courthouse 2021,False,2021 Broadway,,,
2442,Redwood City,American,False,650-257-3710,moderate,The Striped Pig,True,917 Main Street,,,
2443,Redwood City,American,False,650-257-3710,moderate,The Striped Pig,True,917 Main Street,2019-03-01,2,18:00
2444,San Francisco,Seafood,False,415-989-8218,expensive,Akiko's Sushi Bar,True,542 A Mason Street,2019-03-01,2,18:30
2445,Pleasanton,Japanese,False,925-462-3321,moderate,Meiko Sushi,True,4301 Valley Avenue B,2019-03-01,4,17:30
2446,St. Helena,California,False,707-967-1200,very expensive,The Grill At Meadowood,True,900 Meadowood Lane,2019-03-14,2,19:30
2447,Santa Rosa,Thai,False,707-528-8333,moderate,Sea Thai Bistro,False,2350 Midway Drive,2019-03-01,2,11:30
2448,San Mateo,Italian,False,650-341-8877,moderate,La Lanterna,False,180 West 25th Avenue,,,
2449,San Mateo,Italian,False,650-574-1256,moderate,Luceti's,False,109 West 25th Avenue,,,
2450,San Mateo,Italian,False,650-685-6151,moderate,Vespucci,False,147 East 3rd Avenue,,,
2451,San Mateo,Italian,False,650-342-3100,moderate,Capellini Restaurant,True,310 Baldwin Avenue,2019-03-01,2,17:00
2452,Gilroy,Sandwich,True,408-847-5446,inexpensive,Mcdonald's,False,8390 Arroyo Circle,,,
2453,Gilroy,Sandwich,True,408-847-5446,inexpensive,Mcdonald's,False,8390 Arroyo Circle,2019-03-01,2,19:00
2454,Hercules,American,False,510-741-5580,moderate,Leila By The Bay,False,1991 Railroad Avenue,,,
2455,Hercules,American,False,510-741-5580,moderate,Leila By The Bay,False,1991 Railroad Avenue,2019-03-13,2,18:30
2456,Concord,Mexican,True,925-676-5252,moderate,Agave Grill & Cantina,False,1935 Galindo Street,,,
2457,Concord,Mexican,False,925-822-3996,moderate,Canasta Kitchen,True,2118 Mount Diablo Street,,,
2458,Concord,Mexican,True,925-685-5582,moderate,El Rancho Restaurant,False,1450 Monument Boulevard,,,
2459,Concord,Mexican,False,925-334-7794,moderate,Puesto,True,2035 Diamond Boulevard Ste 100,,,
2460,Concord,Mexican,True,925-676-5252,moderate,Agave Grill & Cantina,False,1935 Galindo Street,2019-03-01,1,19:30
2461,Santa Rosa,Sushi,False,707-541-6359,moderate,Haku Sushi,False,518 7th Street,,,
2462,Santa Rosa,Sushi,False,707-575-5557,moderate,Shogun | Japanese Restaurant,False,1531 Farmers Lane,,,
2463,Santa Rosa,Sushi,False,707-541-6359,moderate,Haku Sushi,False,518 7th Street,2019-03-01,2,18:00
2464,San Jose,Indian,False,408-270-2578,moderate,8elements,True,1781 Capitol Expressway,2019-03-01,2,19:00
2465,San Francisco,Seafood,False,415-440-2828,moderate,Alamo Square Seafood Grill,False,803 Fillmore Street,2019-03-13,2,19:30
2466,Livermore,Afghan,False,925-447-0576,moderate,Roya Afghan Cuisine,False,2020 First Street,2019-03-05,3,18:00
2467,San Francisco,Thai,False,415-757-0217,moderate,Lapats Thai Noodles Bar,False,601 Larkin Street,,,
2468,Walnut Creek,French,False,925-891-4197,moderate,Cypress Restaurant,True,1388 Locust Street,,,
2469,Walnut Creek,French,False,925-448-8187,moderate,La Sen Bistro Wc,False,1606 North Main Street,,,
2470,Walnut Creek,French,False,925-407-8002,moderate,Le Bistro,True,1606 North Main Street,,,
2471,Walnut Creek,French,False,925-891-4197,moderate,Cypress Restaurant,True,1388 Locust Street,2019-03-01,1,19:30
2472,San Jose,Japanese,False,408-453-1070,moderate,Sushi Kan Japanese Cuisine,True,1305 North 1st Street,,,
2473,San Jose,Japanese,False,408-249-6020,moderate,Tanto Japanese Restaurant,True,1306 Saratoga Avenue,,,
2474,San Jose,Japanese,False,408-249-6020,moderate,Dan Izakaya Restaurant,True,1306 Saratoga Avenue,2019-03-01,2,12:30
2475,Novato,Bistro,False,415-883-6702,moderate,Beso Bistro And Wine Bar,False,502 South Palm Drive,,,
2476,Novato,Bistro,False,415-883-6702,moderate,Beso Bistro And Wine Bar,False,502 South Palm Drive,2019-03-10,4,18:30
2477,Mill Valley,Italian,False,415-388-0224,moderate,La Ginestra,False,127 Throckmorton Avenue,2019-03-14,2,17:30
2478,San Jose,Breakfast,True,408-528-6700,inexpensive,Mcdonald's,True,202 Eastridge Mall Relo,,,
2479,San Francisco,Halal,False,415-543-2627,moderate,Anar,False,937 Harrison Street,,,
2480,San Francisco,Halal,False,415-543-2627,moderate,Anar,False,937 Harrison Street,2019-03-01,2,18:00
2481,Walnut Creek,Peruvian,False,925-378-3816,moderate,Limon Rotisserie Walnut Creek,False,1524 Locust Street,,,
2482,Walnut Creek,Peruvian,False,925-448-8118,expensive,Parada,False,7001 Sunne Lane,,,
2483,Walnut Creek,Peruvian,False,925-378-3816,moderate,Limon Rotisserie Walnut Creek,False,1524 Locust Street,2019-03-06,2,12:00
2484,San Francisco,Bistro,False,415-276-4048,inexpensive,Bistro 10un,False,1130 Market Street,2019-03-08,2,19:00
2485,Antioch,Vegetarian,False,925-777-9117,inexpensive,Go Vegan,False,2940 Delta Fair Boulevard,2019-03-01,1,18:30
2486,Daly City,Burmese,False,650-449-1378,inexpensive,Taste Of Burma,False,2025 Gellert Boulevard #200,,,
2487,Daly City,Burmese,False,650-449-1378,inexpensive,Taste Of Burma,False,2025 Gellert Boulevard #200,2019-03-09,2,19:30
2488,Pleasanton,Chinese,False,925-750-8888,moderate,Andy & Yu's,False,348 Saint Mary Street,2019-03-06,3,11:30
2489,Walnut Creek,American,False,925-927-1149,moderate,A'trio,False,2355 North Main Street,,,
2490,Walnut Creek,American,False,925-932-2828,moderate,Benvenuti Ristorante,True,1627 North Broadway,,,
2491,Walnut Creek,American,False,925-945-6960,moderate,Broderick Roadhouse,False,1548 Bonanza Street,,,
2492,Walnut Creek,American,False,925-946-0949,moderate,Katy's Kreek,False,1680 Locust Street,,,
2493,Walnut Creek,American,False,925-933-1001,moderate,Main Street Kitchen & Bar,True,1358 North Main Street,,,
2494,Walnut Creek,American,False,925-300-3540,expensive,Rooftop Restaurant & Bar,False,1500 Mount Diablo Boulevard #300,,,
2495,Walnut Creek,American,False,925-944-0895,moderate,Stanford's Restaurant & Bar,False,1300 South Main Street,,,
2496,Walnut Creek,American,False,925-300-3540,expensive,Rooftop Restaurant & Bar,False,1500 Mount Diablo Boulevard #300,2019-03-01,3,13:30
2497,San Francisco,Tapas,False,415-471-2977,expensive,Aatxe,False,2174 Market Street,2019-03-01,2,18:00
2498,Livermore,Brunch,False,925-443-6638,moderate,Simply Fondue,True,2300 First Street #110,2019-03-01,2,17:30
2499,Santa Rosa,Chinese,False,707-526-5840,moderate,Gary Chu's,True,611 5th Street,2019-03-10,2,19:00
2500,Fremont,Seafood,False,510-573-2264,moderate,Cut The Crab,False,4949 Stevenson Boulevard,2019-03-01,2,11:30
2501,Napa,Italian,False,707-254-8006,moderate,Allegria,False,1026 1st Street,2019-03-01,2,18:00
2502,Vacaville,Filipino,False,707-455-7003,inexpensive,Roline's,True,2048 Nut Tree Road,2019-03-01,2,17:30
2503,Santa Rosa,Italian,False,707-528-3336,moderate,Italian Affair,True,1055 4th Street,2019-03-01,4,17:30
2504,San Francisco,Vietnamese,False,415-885-5180,moderate,Anh Hong,True,808 Geary Street,2019-03-13,4,19:30
2505,San Francisco,Brunch,False,415-551-1590,expensive,Absinthe Brasserie & Bar,True,398 Hayes Street,2019-03-07,2,17:30
2506,San Francisco,African,True,415-826-9287,moderate,Bissap Baobab,False,3372 19th Street,2019-03-08,2,17:00
2507,Campbell,Italian,False,408-370-7705,moderate,A Bellagio Italian Restaurant,False,33 South Central Avenue,2019-03-07,2,18:00
2508,San Francisco,Indian,False,415-771-5900,moderate,August 1 Five,True,524 Van Ness Avenue,2019-03-02,2,17:30
2509,Moraga,Italian,False,925-376-4444,moderate,La Finestra Ristorante,True,1419 Moraga Way,2019-03-03,4,18:00
2510,Berkeley,Indian,False,510-526-4373,moderate,Ajanta,True,1888 Solano Avenue,2019-03-09,3,17:30
2511,Fairfield,Italian,False,707-438-1801,moderate,Johnny Carino's,False,1640 Gateway Boulevard,,,
2512,Fairfield,Italian,False,707-438-1801,moderate,Johnny Carino's,False,1640 Gateway Boulevard,2019-03-02,2,19:00
2513,Antioch,Mexican,True,925-754-1355,moderate,Celia's Mexican Restaurant,False,523 West 10th Street,,,
2514,Antioch,Mexican,False,925-778-4740,moderate,Little Manuel's,False,1509 A Street,,,
2515,Antioch,Mexican,True,925-754-1355,moderate,Celia's Mexican Restaurant,False,523 West 10th Street,2019-03-01,2,17:00
2516,San Francisco,Vietnamese,False,415-292-6161,moderate,Co Nam,True,1653 Polk Street,2019-03-01,2,17:00
2517,San Francisco,American,False,415-495-5875,expensive,25 Lusk,True,25 Lusk Street,2019-03-02,4,13:00
2518,Emeryville,American,False,510-595-1000,moderate,The Bureau 510,True,5800 Hollis Street,,,
2519,Emeryville,American,False,510-595-1000,moderate,The Bureau 510,True,5800 Hollis Street,2019-03-04,3,17:00
2520,Emeryville,American,False,510-595-1000,moderate,The Bureau 510,True,5800 Hollis Street,2019-03-04,4,17:00
2521,Livermore,Salad,True,925-449-5768,inexpensive,Mcdonald's,False,283 North P Street,,,
2522,Livermore,Salad,True,925-449-5768,inexpensive,Mcdonald's,False,283 North P Street,2019-03-02,2,13:30
2523,San Francisco,Italian,False,415-543-5100,moderate,54 Mint Ristorante Italiano,True,16 Mint Plaza,2019-03-03,2,17:00
2524,Fairfield,American,False,707-426-4500,moderate,Chuck E. Cheese's,False,1027 Oliver Road,2019-03-09,3,11:00
2525,Palo Alto,Sichuan,False,650-849-2000,moderate,Da Sichuan Bistro,False,3781 El Camino Real,,,
2526,Palo Alto,Sichuan,False,650-849-2000,moderate,Da Sichuan Bistro,False,3781 El Camino Real,2019-03-06,3,17:30
2527,Livermore,Spanish,True,925-215-2656,moderate,Pura Vida - Cocina Latina & Sangria Bar,False,2241 First Street,,,
2528,Livermore,Spanish,True,925-215-2656,moderate,Pura Vida - Cocina Latina & Sangria Bar,False,2241 First Street,2019-03-02,2,13:30
2529,San Ramon,Asian,False,925-355-9888,moderate,Pearl Garden Restaurant,True,2101 Camino Ramon #100,2019-03-09,2,19:00
2530,Campbell,Italian,False,408-370-7705,moderate,A Bellagio Italian Restaurant,False,33 South Central Avenue,2019-03-07,4,19:00
2531,Moraga,Italian,False,925-376-4444,moderate,La Finestra Ristorante,True,1419 Moraga Way,2019-03-03,2,18:00
2532,Albany,Take-out,False,510-525-8686,moderate,Solano Grill & Bar,False,1133 Solano Avenue,2019-03-06,2,17:00
2533,San Francisco,Japanese,False,415-292-9997,moderate,2g Japanese Brasserie,True,601 Van Ness Avenue,2019-03-02,2,11:00
2534,Fairfield,American,False,707-426-4500,moderate,Chuck E. Cheese's,False,1027 Oliver Road,2019-03-09,1,11:30
2535,Moraga,Chinese,False,925-376-1740,moderate,Chef Chao Restaurant,False,343 Rheem Boulevard,2019-03-09,2,17:00
2536,Campbell,Chinese,False,408-377-7666,moderate,Best Taste Sushi & Chinese Restaurant,True,2360 South Bascom Avenue,2019-03-02,2,12:30
2537,Santa Rosa,Seafood,False,707-569-8588,moderate,Jojo Restaurant & Sushi Bar,False,645 4th Street A,2019-03-01,2,17:30
2538,San Ramon,Asian,False,925-355-9888,moderate,Pearl Garden Restaurant,True,2101 Camino Ramon #100,2019-03-09,3,18:00
2539,San Jose,Chinese,False,408-377-8310,moderate,Chef Li,False,2033 Camden Avenue # F3,2019-03-08,3,11:30
2540,San Bruno,Mexican,False,650-877-8245,moderate,Celia's Mexican Restaurant,False,201 El Camino Real,2019-03-02,2,11:00
2541,Moraga,Take-out,False,925-377-6453,moderate,Mountain Mike's Pizza,False,504 Center Street,2019-03-01,2,17:00
2542,San Jose,Chinese,False,408-377-8310,moderate,Chef Li,False,2033 Camden Avenue # F3,2019-03-08,2,11:30
2543,Berkeley,Seafood,False,510-549-1900,expensive,Skates On The Bay,False,100 Seawall Drive,2019-03-07,3,17:00
2544,San Francisco,Burmese,False,415-933-9900,moderate,B Star,False,127 Clement Street,2019-03-06,2,17:30
2545,Palo Alto,Mexican,False,650-843-0643,moderate,Celia's,False,3740 El Camino Real,,,
2546,Palo Alto,Mexican,False,415-649-6077,moderate,Tacolicious,False,632 Emerson Street,,,
2547,Palo Alto,Mexican,False,650-843-0643,moderate,Celia's,False,3740 El Camino Real,2019-03-09,2,17:30
2548,San Francisco,Japanese,False,415-292-9997,moderate,2g Japanese Brasserie,True,601 Van Ness Avenue,2019-03-02,2,17:00
2549,Berkeley,Ethiopian,False,510-923-6181,moderate,Barcote | Ethiopian Restaurant,False,6430 Telegraph Avenue,2019-03-06,1,17:30
2550,Berkeley,Indian,False,510-526-4373,moderate,Ajanta,True,1888 Solano Avenue,2019-03-09,2,17:00
2551,Santa Rosa,Thai,False,707-521-9087,moderate,Sea Noodle Bar,True,286 Coddingtown Center,2019-03-02,2,17:30
2552,San Francisco,Japanese,False,415-292-9997,moderate,2g Japanese Brasserie,True,601 Van Ness Avenue,2019-03-02,2,13:00
2553,San Ramon,Soup,True,925-275-8105,inexpensive,Noodles And Company,False,3141 Crow Canyon Place,2019-03-02,1,17:00
2554,Santa Clara,Thai,False,408-246-3984,moderate,Jasmine,False,1211 Franklin Mall,2019-03-07,1,13:00
2555,Healdsburg,Mexican,False,707-433-2807,inexpensive,El Farolito,False,128 Plaza Street,,,
2556,Healdsburg,Mexican,False,707-433-1520,expensive,Mateo's Cocina Latina,False,214 Healdsburg Avenue,,,
2557,Healdsburg,Mexican,False,707-433-2807,inexpensive,El Farolito,False,128 Plaza Street,2019-03-02,2,13:30
2558,Campbell,Seafood,False,408-879-9091,moderate,Pacific Catch,True,1875 South Bascom Avenue #550,2019-03-04,2,13:00
2559,Santa Clara,Halal,False,888-786-7919,moderate,Paradise Biryani Pointe,False,2961 East El Camino Real,,,
2560,Santa Clara,Halal,False,888-786-7919,moderate,Paradise Biryani Pointe,False,2961 East El Camino Real,2019-03-07,2,13:00
2561,San Jose,Japanese,False,408-985-2968,moderate,Hokkaido Buffet,False,3830 Stevens Creek Boulevard,2019-03-06,1,11:00
2562,San Jose,Mexican,False,408-297-1300,moderate,Puerto Azul Restaurant,True,1072 Lincoln Avenue,,,
2563,San Jose,Mexican,False,408-275-9340,moderate,Chili's Grill & Bar,True,543 Coleman Avenue,2019-03-07,1,17:30
2564,Albany,Take-out,False,510-525-8686,moderate,Solano Grill & Bar,False,1133 Solano Avenue,2019-03-06,4,17:00
2565,San Jose,Mexican,False,408-293-4321,moderate,Chacho's,False,87 East San Fernando Street,2019-03-05,2,17:30
2566,Palo Alto,Coffeehouse,False,650-324-1355,moderate,Pastis,False,447 California Avenue,2019-03-07,2,17:00
2567,Albany,Mediterranean,False,510-898-1316,moderate,Zaytoon Mediterranean Restaurant & Bar,False,1133 Solano Avenue,,,
2568,Albany,Mediterranean,False,510-898-1316,moderate,Zaytoon Mediterranean Restaurant & Bar,False,1133 Solano Avenue,2019-03-08,2,17:30
2569,Fairfield,American,False,707-426-4500,moderate,Chuck E. Cheese's,False,1027 Oliver Road,2019-03-09,1,11:00
2570,Fairfield,Salad,True,707-864-1001,inexpensive,Mcdonald's,False,4400 Central Place,,,
2571,Fairfield,Salad,True,707-421-2867,inexpensive,Mcdonald's,False,2212 North Texas Street,2019-03-02,2,19:00
2572,Albany,Italian,False,510-526-9700,moderate,Mangia Mangia,False,755 San Pablo Avenue,,,
2573,Albany,Italian,False,510-526-9700,moderate,Mangia Mangia,False,755 San Pablo Avenue,2019-03-07,1,17:30
2574,San Francisco,American,False,415-359-1212,expensive,1760,False,1760 Polk Street,2019-03-05,2,17:30
2575,San Francisco,Indian,False,415-771-5900,moderate,August 1 Five,True,524 Van Ness Avenue,2019-03-02,2,13:30
2576,Concord,Sushi,False,925-691-6009,moderate,Ozora Sushi,False,785 Oak Grove Road,2019-03-02,3,13:00
2577,San Ramon,Salad,True,925-820-4325,inexpensive,Mcdonald's,False,2481 San Ramon Valley Boulevard,2019-03-09,2,13:30
2578,Brentwood,American,False,925-516-5533,moderate,Black Angus Steakhouse,True,2355 Sand Creek Road,2019-03-02,2,18:30
2579,Fairfield,American,False,707-426-4500,moderate,Chuck E. Cheese's,False,1027 Oliver Road,2019-03-09,2,11:00
2580,Fairfield,Salad,True,707-864-1001,inexpensive,Mcdonald's,False,4400 Central Place,2019-03-02,2,13:30
2581,Oakland,Brunch,False,510-336-1180,moderate,Bellanico Restaurant And Wine Bar,True,4238 Park Boulevard,,,
2582,Oakland,Brunch,False,510-645-1905,moderate,Brotzeit Lokal | German Restaurant & Waterfront Biergarten,True,1000 Embarcadero,,,
2583,Oakland,Brunch,False,510-922-9582,moderate,Grand Lake Kitchen,True,576 Grand Avenue,,,
2584,Oakland,Brunch,False,510-444-6436,moderate,Nido Kitchen & Bar,True,444 Oak Street,,,
2585,Oakland,Brunch,False,510-645-1905,moderate,Brotzeit Lokal | German Restaurant & Waterfront Biergarten,True,1000 Embarcadero,2019-03-05,2,12:30
2586,San Ramon,Sushi,False,925-838-4848,moderate,Yayume Sushi,False,2551 San Ramon Valley Boulevard #104,,,
2587,San Ramon,Sushi,False,925-838-4848,moderate,Yayume Sushi,False,2551 San Ramon Valley Boulevard #104,2019-03-01,2,17:00
2588,Campbell,Steakhouse,False,408-371-8729,moderate,Grill Em Steak House & Sports Bar,True,2509 South Bascom Avenue,,,
2589,Campbell,Steakhouse,False,408-374-5000,moderate,Willard Hicks,False,280 East Campbell Avenue,,,
2590,Campbell,Steakhouse,False,408-371-8729,moderate,Grill Em Steak House & Sports Bar,True,2509 South Bascom Avenue,2019-03-02,2,13:30
2591,Santa Clara,Barbecue,False,408-249-8158,moderate,Andy's Bar-b-que,True,2367 El Camino Real,,,
2592,Santa Clara,Barbecue,False,408-249-8158,moderate,Andy's Bar-b-que,True,2367 El Camino Real,2019-03-08,2,12:00
2593,San Ramon,Soup,True,925-275-8105,inexpensive,Noodles And Company,False,3141 Crow Canyon Place,2019-03-02,1,13:30
2594,Palo Alto,Italian,False,650-329-0665,moderate,Buca Di Beppo Italian Restaurant,True,643 Emerson Street,2019-03-07,2,17:30
2595,Fairfield,American,False,707-426-4500,moderate,Chuck E. Cheese's,False,1027 Oliver Road,2019-03-09,2,11:30
2596,Brentwood,American,False,925-516-5533,moderate,Black Angus Steakhouse,True,2355 Sand Creek Road,2019-03-02,4,11:30
2597,Vallejo,Coffeehouse,True,707-553-1209,inexpensive,Mcdonald's,False,170 Lincoln Road East,,,
2598,Vallejo,Coffeehouse,True,707-553-1209,inexpensive,Mcdonald's,False,170 Lincoln Road East,2019-03-02,2,11:00
2599,Alameda,European,True,510-522-1300,moderate,Speisekammer,True,2424 Lincoln Avenue,,,
2600,Alameda,European,True,510-522-1300,moderate,Speisekammer,True,2424 Lincoln Avenue,2019-03-08,2,17:30
2601,Vallejo,Take-out,False,707-554-3434,moderate,Giant New York Pizza,False,2564 Springs Road ste B,2019-03-02,4,13:00
2602,San Jose,German,False,408-771-9871,moderate,Ludwig's German Table,True,261 North 2nd Street,,,
2603,San Jose,German,False,408-292-0291,moderate,Teske's Germania,False,255 North 1st Street,,,
2604,San Jose,German,False,408-771-9871,moderate,Ludwig's German Table,True,261 North 2nd Street,2019-03-07,3,11:00
2605,San Francisco,Mexican,False,415-561-3650,moderate,Arguello,True,50 Moraga Avenue,2019-03-08,3,17:00
2606,San Ramon,Salad,True,925-820-4325,inexpensive,Mcdonald's,False,2481 San Ramon Valley Boulevard,2019-03-09,2,13:00
2607,Livermore,Salad,True,925-449-5768,inexpensive,Mcdonald's,False,283 North P Street,2019-03-02,4,13:00
2608,San Francisco,Bistro,False,415-218-4136,moderate,Bistro Unique,True,1849 Union Street,2019-03-02,1,13:00
2609,San Francisco,American,False,415-359-1212,expensive,1760,False,1760 Polk Street,2019-03-05,1,17:30
2610,Vacaville,Japanese,False,707-448-4002,moderate,Hisui | Japanese Restaurant,False,1350 East Monte Vista Avenue,2019-03-08,1,17:00
2611,San Francisco,Seafood,False,415-989-8218,expensive,Akiko's Sushi Bar,True,542 A Mason Street,2019-03-02,2,11:00
2612,Campbell,Italian,False,408-377-7722,moderate,Buca Di Beppo Italian Restaurant,True,1875 South Bascom Avenue,2019-03-09,2,19:00
2613,Moraga,Italian,False,925-376-4444,moderate,La Finestra Ristorante,True,1419 Moraga Way,2019-03-03,2,17:00
2614,San Francisco,Japanese,False,415-292-9997,moderate,2g Japanese Brasserie,True,601 Van Ness Avenue,2019-03-02,1,11:00
2615,Campbell,American,False,408-374-3400,moderate,Effie's Restaurant & Bar,False,331 West Hacienda Avenue,2019-03-04,3,12:30
2616,Campbell,Steakhouse,False,408-371-8729,moderate,Grill Em Steak House & Sports Bar,True,2509 South Bascom Avenue,2019-03-02,2,19:30
2617,San Ramon,Salad,True,925-820-4325,inexpensive,Mcdonald's,False,2481 San Ramon Valley Boulevard,2019-03-09,2,19:00
2618,San Francisco,Caribbean,False,415-824-1502,moderate,Cha Cha Cha,True,2327 Mission Street,,,
2619,San Francisco,Caribbean,False,415-525-3676,moderate,El Capitan,False,1123 Folsom Street,,,
2620,San Francisco,Caribbean,False,415-400-4355,moderate,Palm House,False,2032 Union Street,,,
2621,San Francisco,Caribbean,False,415-824-1502,moderate,Cha Cha Cha,True,2327 Mission Street,2019-03-02,1,17:00
2622,Moraga,Take-out,False,925-377-6453,moderate,Mountain Mike's Pizza,False,504 Center Street,2019-03-01,3,17:00
2623,San Francisco,American,False,415-359-1212,expensive,1760,False,1760 Polk Street,2019-03-05,4,17:00
2624,San Francisco,Seafood,False,415-989-8218,expensive,Akiko's Sushi Bar,True,542 A Mason Street,2019-03-02,1,17:00
2625,Palo Alto,Gastropub,False,650-321-8626,moderate,Umami Burger Palo Alto,False,452 University Avenue,,,
2626,Palo Alto,Gastropub,False,650-321-8626,moderate,Umami Burger Palo Alto,False,452 University Avenue,2019-03-07,4,18:00
2627,Vallejo,Coffeehouse,True,707-553-1209,inexpensive,Mcdonald's,False,170 Lincoln Road East,2019-03-02,4,17:00
2628,Santa Clara,Italian,False,408-984-0414,moderate,Fiorillo's Restaurant And Banquet Facilities,True,638 El Camino Real,,,
2629,Santa Clara,Italian,False,408-241-9414,moderate,Mio Vicino,False,1290 Benton Street,,,
2630,Santa Clara,Italian,False,408-330-9212,moderate,Piatti,False,3905 Rivermark Plaza,,,
2631,Santa Clara,Italian,False,408-654-9000,moderate,Tomatina,True,3127 Mission College Boulevard,,,
2632,Santa Clara,Italian,False,408-296-1052,moderate,Vesuvio,True,3044 East El Camino Real,,,
2633,Santa Clara,Italian,False,408-984-0414,moderate,Fiorillo's Restaurant And Banquet Facilities,True,638 El Camino Real,2019-03-04,4,12:30
2634,Vallejo,Chinese,False,707-552-9700,moderate,J's Garden Restaurant,False,134 Robles Way,,,
2635,Vallejo,Chinese,False,707-643-0202,moderate,Princess Garden,False,960 Admiral Callaghan Lane,,,
2636,Vallejo,Chinese,False,707-643-0202,moderate,Princess Garden,False,960 Admiral Callaghan Lane,2019-03-02,4,17:00
2637,Fairfield,Salad,True,707-864-1001,inexpensive,Mcdonald's,False,4400 Central Place,2019-03-02,3,19:30
2638,Palo Alto,Japanese,False,650-325-2696,moderate,Kanpai,False,330 Lytton Avenue,,,
2639,Palo Alto,Japanese,False,650-856-1100,inexpensive,Sushi Tomo,False,4131 El Camino Way,,,
2640,Palo Alto,Japanese,False,650-494-9383,expensive,Fuki Sushi,False,4119 El Camino Real,2019-03-04,2,18:00
2641,Menlo Park,Chinese,False,650-752-6173,moderate,Yum Cha Palace,False,1039 El Camino Real,,,
2642,Menlo Park,Chinese,False,650-752-6173,moderate,Yum Cha Palace,False,1039 El Camino Real,2019-03-06,4,17:00
2643,Moraga,Italian,False,925-377-7662,moderate,Ristorante Amoroma,True,360 Park Street,2019-03-07,2,17:00
2644,San Ramon,Soup,True,925-275-8105,inexpensive,Noodles And Company,False,3141 Crow Canyon Place,2019-03-02,2,17:00
2645,San Francisco,Chinese,False,415-900-8406,expensive,Jai Yun Restaurant,False,606 Broadway,,,
2646,San Francisco,Chinese,False,415-580-3001,expensive,M.y. China,False,845 Market Street level 4,,,
2647,San Francisco,Chinese,False,415-857-9688,expensive,Mister Jiu's,False,28 Waverly Place,,,
2648,San Francisco,Chinese,False,415-900-8406,expensive,Jai Yun Restaurant,False,606 Broadway,2019-03-03,2,17:30
2649,Palo Alto,Japanese,False,650-494-9383,expensive,Fuki Sushi,False,4119 El Camino Real,2019-03-04,3,17:30
2650,Campbell,Italian,False,408-370-7705,moderate,A Bellagio Italian Restaurant,False,33 South Central Avenue,2019-03-07,3,12:00
2651,Menlo Park,Italian,False,650-323-3665,moderate,Angelo Mio,False,820 Santa Cruz Avenue,2019-03-06,2,17:00
2652,Berkeley,Asian,False,510-883-1883,moderate,Da Lian Restaurant,False,1674 Shattuck Avenue,2019-03-06,3,17:00
2653,San Francisco,Japanese,False,415-292-9997,moderate,2g Japanese Brasserie,True,601 Van Ness Avenue,2019-03-02,3,19:30
2654,San Francisco,European,False,415-348-0808,inexpensive,Ayola,False,118 New Montgomery Street,2019-03-05,2,17:00
2655,Berkeley,Izakaya,False,510-665-1969,expensive,Ippuku,False,2130 Center Street,2019-03-03,2,17:00
2656,Palo Alto,Brunch,False,650-493-2844,moderate,Dinah's Poolside Restaurant,False,4261 El Camino Real,2019-03-05,1,17:00
2657,Campbell,Sushi,False,408-377-6456,moderate,Kyoto Palace Japanese Steakhouse,False,1875 South Bascom Avenue #2500,2019-03-03,2,19:00
2658,Palo Alto,Seafood,False,650-327-2222,moderate,Odori Japanese Cuisine,False,2111 El Camino Real,2019-03-09,4,17:00
2659,San Jose,Chinese,False,408-281-8898,moderate,Mandarin Gourmet Restaurant,False,5560 Santa Teresa Boulevard,,,
2660,San Jose,Chinese,False,408-281-3838,moderate,Ocean Delight,False,5400 Monterey Road,,,
2661,San Jose,Chinese,False,408-960-2940,moderate,P.f. Chang's,True,925 Blossom Hill Road #1515,,,
2662,San Jose,Chinese,False,408-377-8310,moderate,Chef Li,False,2033 Camden Avenue # F3,2019-03-08,1,11:30
2663,San Ramon,Soup,True,925-275-8105,inexpensive,Noodles And Company,False,3141 Crow Canyon Place,2019-03-02,2,17:30
2664,San Francisco,American,False,415-359-1212,expensive,1760,False,1760 Polk Street,2019-03-05,2,13:30
2665,Berkeley,Indian,False,510-526-4373,moderate,Ajanta,True,1888 Solano Avenue,2019-03-09,2,17:30
2666,Moraga,Chinese,False,925-376-1740,moderate,Chef Chao Restaurant,False,343 Rheem Boulevard,2019-03-09,2,17:30
2667,Palo Alto,Vegetarian,False,650-321-6688,moderate,Darbar Indian Cuisine,False,129 Lytton Avenue,,,
2668,Palo Alto,Vegetarian,False,650-321-6688,moderate,Darbar Indian Cuisine,False,129 Lytton Avenue,2019-03-06,2,17:30
2669,Sonoma,Italian,False,707-938-9430,moderate,Meritage Martini Oyster Bar & Grille,True,165 West Napa Street,2019-03-08,2,17:00
2670,Concord,Vegetarian,False,925-685-2777,moderate,Swagat Indian Cuisine,False,1901 Salvio Street,,,
2671,Concord,Vegetarian,False,925-685-2777,moderate,Swagat Indian Cuisine,False,1901 Salvio Street,2019-03-02,3,13:00
2672,Richmond,Asian,False,510-234-9898,inexpensive,Eurasia,False,12221 San Pablo Avenue,,,
2673,Richmond,Asian,False,510-223-2933,moderate,Sala Thai,False,15501 San Pablo Ave,,,
2674,Richmond,Asian,False,510-223-2933,moderate,Sala Thai,False,15501 San Pablo Ave,2019-03-02,3,18:30
2675,San Jose,Indian,False,408-248-5400,expensive,Amber India,True,377 Santana Row #1140,2019-03-13,2,19:00
2676,San Francisco,Japanese,False,415-567-4903,moderate,Ace Wasabi Rock-n-roll Sushi,False,3339 Steiner Street,2019-03-07,3,11:30
2677,Daly City,Mexican,False,650-755-6213,moderate,Celia's,False,379 Gellert Boulevard,,,
2678,Daly City,Mexican,False,650-756-6289,moderate,Lisa's,False,6582 Mission Street,,,
2679,Daly City,Mexican,False,650-755-6213,moderate,Celia's,False,379 Gellert Boulevard,2019-03-03,2,19:00
2680,San Francisco,Vietnamese,False,415-885-5180,moderate,Anh Hong,True,808 Geary Street,2019-03-09,2,11:30
2681,Union City,Japanese,False,510-489-1077,moderate,Maneki Sushi Union City,False,31810 Alvarado Boulevard,2019-03-02,2,12:00
2682,Half Moon Bay,Nepalese,False,650-713-0826,moderate,Monsoon Himalayan Cuisine,False,20 Stone Pine Road,,,
2683,Half Moon Bay,Nepalese,False,650-713-0826,moderate,Monsoon Himalayan Cuisine,False,20 Stone Pine Road,2019-03-02,1,18:30
2684,San Francisco,Asian,False,415-864-8999,moderate,Butterfly Restaurant,True,33 The Embarcadero,2019-03-06,2,17:30
2685,Santa Rosa,Chinese,False,707-525-1957,moderate,Kirin,True,2700 Yulupa Avenue,2019-03-11,2,19:30
2686,Burlingame,Italian,False,650-347-5733,expensive,Stella Alpina Osteria,False,401 Primrose Road,,,
2687,Burlingame,Italian,False,650-347-7672,moderate,Cafe La Scala Italian Rest.,True,1219 Burlingame Avenue,2019-03-10,2,17:30
2688,Union City,Steakhouse,False,510-324-7623,moderate,Texas Roadhouse,True,32115 Union Landing Boulevard,,,
2689,Union City,Steakhouse,False,510-324-7623,moderate,Texas Roadhouse,True,32115 Union Landing Boulevard,2019-03-01,2,19:30
2690,San Francisco,French,False,415-402-5290,moderate,Aquitaine Wine Bar & Bistro,False,175 Sutter Street,2019-03-11,3,13:30
2691,San Francisco,Coffeehouse,False,415-989-2038,inexpensive,Broadway Dim Sum,False,684 Broadway,2019-03-14,2,19:30
2692,Oakland,American,True,510-871-3463,moderate,Duchess Oakland,True,5422 College Avenue,2019-03-01,2,17:30
2693,San Francisco,French,False,415-292-6916,moderate,Amelie San Francisco,True,1754 Polk Street,2019-03-07,2,12:30
2694,Los Gatos,Italian,False,408-374-1808,moderate,Aldo's Ristorante & Bar,False,14109 South Winchester Boulevard,2019-03-13,1,17:00
2695,Mountain View,Coffeehouse,True,650-967-0328,inexpensive,Mcdonald's,False,952 El Monte Avenue,,,
2696,Mountain View,Coffeehouse,False,650-967-7477,moderate,Bajis Cafe,True,2423 Old Middlefield Way,2019-03-01,1,19:30
2697,Richmond,Peruvian,True,510-647-9008,moderate,Inca's Palace,False,3288 Pierce Street A-105,,,
2698,Richmond,Peruvian,True,510-647-9008,moderate,Inca's Palace,False,3288 Pierce Street A-105,2019-03-01,1,19:30
2699,Campbell,Greek,False,408-866-4570,moderate,Opa! Campbell,False,276 East Campbell Avenue,,,
2700,Campbell,Greek,False,408-866-4570,moderate,Opa! Campbell,False,276 East Campbell Avenue,2019-03-13,2,17:30
2701,San Leandro,Japanese,False,510-352-3748,moderate,Tsuru Sushi Japanese Restaurant,False,1427 East 14th Street,2019-03-12,1,18:00
2702,San Francisco,Chinese,False,415-775-3679,inexpensive,Bamboo Restaurant,True,1441 Polk Street,2019-03-06,1,18:30
2703,Alameda,Italian,False,510-769-4828,moderate,C'era Una Volta,False,1332 Park Street D,,,
2704,Alameda,Italian,False,510-521-2141 ext. 1,moderate,Linguini's Restaurant,True,1506 Park Street,,,
2705,Alameda,Italian,False,510-864-7427,moderate,Pasta Pelican Restaurant,False,2455 Mariner Square Drive,,,
2706,Alameda,Italian,False,510-769-4828,moderate,C'era Una Volta,False,1332 Park Street D,2019-03-14,2,18:00
2707,Mountain View,American,False,650-426-0582,moderate,Eureka!,True,191 Castro Street,,,
2708,Mountain View,American,False,650-962-1014,moderate,Michaels At Shoreline,True,2960 North Shoreline Boulevard,,,
2709,Mountain View,American,False,650-917-9941,moderate,Paul Martin's America Mountain View,True,545 San Antonio Road Suite 31,,,
2710,Mountain View,American,False,650-237-3132,expensive,Scratch,True,401 Castro Street #100,,,
2711,Mountain View,American,False,650-963-9568,moderate,Steins,True,895 Villa Street,,,
2712,Mountain View,American,False,650-426-0582,moderate,Eureka!,True,191 Castro Street,2019-03-04,2,17:30
2713,El Cerrito,Korean,False,510-524-8772,moderate,Ancient Szechuan,False,10675 San Pablo Avenue,2019-03-11,2,19:00
2714,Santa Rosa,Thai,False,707-528-8333,moderate,Sea Thai Bistro,False,2350 Midway Drive,2019-03-04,4,13:30
2715,Milpitas,Malaysian,False,408-719-9811,moderate,Banana Leaf Restaurant,True,182 Ranch Drive,,,
2716,Milpitas,Malaysian,False,408-263-6788,moderate,Layang Layang Malaysian Cuisine,False,181 West Calaveras Boulevard,,,
2717,Milpitas,Malaysian,False,408-719-9811,moderate,Banana Leaf Restaurant,True,182 Ranch Drive,2019-03-08,2,12:30
2718,San Francisco,Italian,False,415-292-3699,expensive,Ala Romana,True,1098 Jackson Street,2019-03-08,2,19:00
2719,San Jose,American,False,408-261-5787,moderate,Bazille,True,2400 Forest Avenue,2019-03-06,2,12:00
2720,Redwood City,American,False,650-598-9000,moderate,Scroll Bar Waterside Kitchen,True,223 Twin Dolphin Drive,2019-03-02,2,17:00
2721,San Francisco,Burmese,False,415-933-9900,moderate,B Star,False,127 Clement Street,2019-03-10,2,17:30
2722,San Francisco,Thai,False,415-552-8999,moderate,Basil,False,1175 Folsom Street,2019-03-03,2,18:30
2723,San Jose,Vegetarian,False,408-885-9222,moderate,Blue Mango,True,635 Coleman Avenue,,,
2724,San Jose,Vegetarian,False,408-292-2282,moderate,Mudai,True,503 West San Carlos Street,,,
2725,San Jose,Vegetarian,False,408-241-9273,moderate,Yard House,True,300 Santana Row Suite 101,,,
2726,San Jose,Vegetarian,False,408-885-9222,moderate,Blue Mango,True,635 Coleman Avenue,2019-03-04,2,19:00
2727,Burlingame,Thai,False,650-558-8268,moderate,Coconut Bay Thai Restaurant,False,1107 Howard Avenue,2019-03-09,2,18:00
2728,San Francisco,Mediterranean,False,415-957-5463,expensive,Barcha,True,28 Fremont Street,2019-03-04,4,17:30
2729,San Carlos,Japanese,False,650-654-1212,moderate,Aya Sushi,False,1070 Holly Street,,,
2730,San Carlos,Japanese,False,650-637-9793,moderate,Ozuma Japanese Restaurant,False,894 Laurel Street,,,
2731,San Carlos,Japanese,False,650-654-1212,moderate,Aya Sushi,False,1070 Holly Street,2019-03-06,2,17:00
2732,Concord,Indian,False,925-288-0000,moderate,Hot Basil Cafe,True,790 Oak Grove Road,,,
2733,Concord,Indian,False,925-288-0000,moderate,Hot Basil Cafe,True,790 Oak Grove Road,2019-03-03,1,19:00
2734,San Jose,Vegetarian,False,408-229-2600,moderate,Emperor Of India,False,5825 Cottle Road,,,
2735,San Jose,Vegetarian,False,408-495-1000,moderate,Seiki House,False,4035 Evergreen Village Square #40,,,
2736,San Jose,Vegetarian,False,408-292-3798,moderate,Vegetarian House,False,520 East Santa Clara Street,,,
2737,San Jose,Vegetarian,False,408-645-5001,moderate,Walia,False,2208 Business Circle,,,
2738,San Jose,Vegetarian,False,408-229-2600,moderate,Emperor Of India,False,5825 Cottle Road,2019-03-05,1,19:00
2739,San Francisco,Fondue,False,415-431-5100,moderate,Fondue Cowboy,True,1052 Folsom Street,,,
2740,San Francisco,Fondue,False,415-431-5100,moderate,Fondue Cowboy,True,1052 Folsom Street,2019-03-11,2,19:30
2741,San Jose,Steakhouse,False,408-266-6602,moderate,Black Angus Steakhouse,True,1011 Blossom Hill Road,2019-03-11,3,13:30
2742,Menlo Park,Mexican,False,650-326-2501,moderate,Cafe Del Sol Restaurant,True,1010 Doyle Street,2019-03-10,3,12:30
2743,Benicia,Indian,False,707-297-6328,inexpensive,Mirchi Indian Grill,True,2032 Columbus Parkway,,,
2744,Benicia,Indian,False,707-297-6328,inexpensive,Mirchi Indian Grill,True,2032 Columbus Parkway,2019-03-10,2,19:00
2745,Lafayette,Italian,False,925-310-4337,moderate,Locanda Positano,True,1005 Brown Avenue,2019-03-11,2,17:30
2746,San Francisco,Japanese,False,415-292-9997,moderate,2g Japanese Brasserie,True,601 Van Ness Avenue,2019-03-06,2,13:00
2747,San Carlos,Afghan,False,650-594-2840,moderate,Kabul Afghan Cuisine,False,135 El Camino Real,,,
2748,San Carlos,Afghan,False,650-594-2840,moderate,Kabul Afghan Cuisine,False,135 El Camino Real,2019-03-02,2,13:00
2749,San Jose,Chinese,False,408-377-8310,moderate,Chef Li,False,2033 Camden Avenue # F3,2019-03-01,2,18:30
2750,San Francisco,Japanese,False,415-292-9997,moderate,2g Japanese Brasserie,True,601 Van Ness Avenue,2019-03-12,2,18:30
2751,San Francisco,Steakhouse,False,415-495-1111,very expensive,Alexander's Steakhouse,True,448 Brannan Street,2019-03-13,2,19:30
2752,San Francisco,Seafood,False,415-440-2828,moderate,Alamo Square Seafood Grill,False,803 Fillmore Street,2019-03-07,1,17:00
2753,San Jose,German,False,408-771-9871,moderate,Ludwig's German Table,True,261 North 2nd Street,2019-03-04,2,19:00
2754,San Francisco,Chinese,False,415-282-8999,inexpensive,Alice's,False,1599 Sanchez Street,2019-03-06,1,12:30
2755,Woodside,American,True,650-851-8110,moderate,Little Store Restaurant,True,3340 Woodside Road,,,
2756,Woodside,American,False,650-851-8541,expensive,The Mountain House,False,13808 Skyline Boulevard,,,
2757,Woodside,American,False,650-851-8541,expensive,The Mountain House,False,13808 Skyline Boulevard,2019-03-11,2,12:00
2758,San Rafael,American,True,415-456-2425,moderate,San Rafael Joe's,False,931 4th Street,2019-03-07,2,19:30
2759,Pleasanton,Indian,False,925-750-7709,moderate,Aappakadai,False,4555 Hopyard Road,2019-03-10,2,19:30
2760,Richmond,Cuban,False,510-559-9388,moderate,Saigon Seafood Harbor Restaurant,False,3150 Pierce Street,,,
2761,Richmond,Cuban,False,510-559-9388,moderate,Saigon Seafood Harbor Restaurant,False,3150 Pierce Street,2019-03-01,2,19:30
2762,San Francisco,Seafood,False,415-440-2828,moderate,Alamo Square Seafood Grill,False,803 Fillmore Street,2019-03-01,2,19:00
2763,San Francisco,Italian,False,415-771-2216,moderate,A16,True,2355 Chestnut Street,2019-03-11,2,17:00
2764,Santa Rosa,Indian,False,707-595-3311,moderate,Kafal Restaurant,False,535 Ross Street,,,
2765,Santa Rosa,Indian,False,707-579-5999,moderate,New Sizzling Tandoor,False,409 Mendocino Avenue,,,
2766,Santa Rosa,Indian,False,707-521-9608,moderate,Yeti Restaurant,False,190 Farmers Lane,,,
2767,Santa Rosa,Indian,False,707-521-9608,moderate,Yeti Restaurant,False,190 Farmers Lane,2019-03-02,2,13:00
2768,San Francisco,Cambodian,False,415-550-8417,moderate,Angkor Borei Restaurant,False,3471 Mission Street,,,
2769,San Francisco,Cambodian,False,415-550-8417,moderate,Angkor Borei Restaurant,False,3471 Mission Street,2019-03-11,2,18:00
2770,Dublin,Korean,False,925-829-7237,moderate,Go Goong,False,7178 Regional Street,,,
2771,Dublin,Korean,False,925-829-7237,moderate,Go Goong,False,7178 Regional Street,2019-03-04,4,19:00
2772,San Leandro,Coffeehouse,True,510-430-9417,inexpensive,Mcdonald's,False,1919 Davis Street,,,
2773,San Leandro,Coffeehouse,False,510-562-2828,inexpensive,Oriental Tea House,False,604 MacArthur Boulevard,,,
2774,San Francisco,Coffeehouse,True,415-759-5033,inexpensive,Mcdonald's,False,255 Winston Drive,2019-03-12,2,11:30
2775,Santa Clara,Coffeehouse,False,408-562-6731,moderate,La Fontana,True,4949 Great America Parkway,,,
2776,Santa Clara,Coffeehouse,False,408-562-6731,moderate,La Fontana,True,4949 Great America Parkway,2019-03-13,1,19:30
2777,San Francisco,Japanese,False,415-292-9997,moderate,2g Japanese Brasserie,True,601 Van Ness Avenue,2019-03-12,2,19:00
2778,San Francisco,Japanese,False,415-567-4903,moderate,Ace Wasabi Rock-n-roll Sushi,False,3339 Steiner Street,2019-03-04,2,12:00
2779,Alameda,Italian,False,510-769-4828,moderate,C'era Una Volta,False,1332 Park Street D,2019-03-12,2,19:00
2780,San Carlos,American,False,650-654-2822,moderate,Izzy's San Carlos,False,525 Skyway Road,,,
2781,San Carlos,American,False,650-597-3108,moderate,Piacere Restaurant,True,727 Laurel Street,,,
2782,San Carlos,American,False,650-610-0438,moderate,The Cask Wine Bar,True,782 Laurel Street,,,
2783,San Carlos,American,False,650-598-9740,moderate,The Office,True,1748 El Camino Real,,,
2784,San Carlos,American,False,650-654-2822,moderate,Izzy's San Carlos,False,525 Skyway Road,2019-03-10,2,19:30
2785,San Jose,Asian,False,408-286-6668,moderate,Dynasty,False,1001 Story Road,2019-03-08,2,13:00
2786,Orinda,American,False,925-254-4630,moderate,Casa Orinda,True,20 Bryant Way,,,
2787,Orinda,American,False,925-254-0124,moderate,Wild Magnolia,True,2 Orinda Theatre Square #153,,,
2788,Orinda,American,False,925-254-4630,moderate,Casa Orinda,True,20 Bryant Way,2019-03-11,2,13:30
2789,San Francisco,Chinese,False,415-282-8999,inexpensive,Alice's,False,1599 Sanchez Street,2019-03-03,4,11:30
2790,Concord,Korean,False,925-825-1318,moderate,Imperial Seafood Restaurant,False,1680 Willow Pass Road,2019-03-10,2,12:00
2791,Concord,Chinese,False,925-827-4800,inexpensive,Hunan Restaurant,False,4804 Clayton Road,,,
2792,Concord,Chinese,False,925-827-4800,inexpensive,Hunan Restaurant,False,4804 Clayton Road,2019-03-05,2,17:00
2793,San Francisco,Greek,False,415-391-1154,inexpensive,Ayola,False,327 Kearny Street,,,
2794,San Francisco,Greek,False,415-981-0983,very expensive,Kokkari Estiatorio,False,200 Jackson Street,,,
2795,San Francisco,Greek,False,415-872-9779,inexpensive,Park Gyros Castro,True,449 Castro Street,,,
2796,San Francisco,Greek,False,415-829-8383,moderate,Novy Restaurant,False,4000 24th Street,2019-03-06,4,19:30
2797,Redwood City,Tapas,False,650-679-8141,moderate,La Viga Seafood & Cocina Mexicana,True,1772 Broadway,,,
2798,Redwood City,Tapas,False,650-679-8141,moderate,La Viga Seafood & Cocina Mexicana,True,1772 Broadway,2019-03-07,4,18:00
2799,Windsor,Italian,False,707-836-0900,moderate,Mary's Pizza Shack,False,9010 Brooks Road South,,,
2800,Windsor,American,False,707-838-8802,moderate,Charlie's Restaurant,False,1320 19th Hole Drive,,,
2801,Windsor,American,False,707-838-7800,moderate,Kc's American Kitchen,False,9501 Duvander Lane,,,
2802,Windsor,American,False,707-837-7546,moderate,Kin Windsor,False,740 McClelland Drive,,,
2803,Windsor,American,False,707-838-8802,moderate,Charlie's Restaurant,False,1320 19th Hole Drive,2019-03-14,3,19:30
2804,Los Gatos,Chinese,False,408-395-2373,moderate,Jasmine Chinese Cuisine,False,20 South Santa Cruz Avenue,,,
2805,Los Gatos,Chinese,False,408-370-2032,moderate,Yeung Shing,False,14107 South Winchester Boulevard,,,
2806,Los Gatos,Chinese,False,408-395-2373,moderate,Jasmine Chinese Cuisine,False,20 South Santa Cruz Avenue,2019-03-08,4,13:30
2807,Sunnyvale,American,False,408-245-4501,moderate,Black Angus Steakhouse,True,740 East El Camino Real,,,
2808,Sunnyvale,American,True,408-773-9500,moderate,Firehouse Grill & Brewery,True,111 South Murphy Avenue,,,
2809,Sunnyvale,American,False,408-685-2477,moderate,Metro City,True,151 South Murphy Avenue,,,
2810,Sunnyvale,American,False,408-245-8503,moderate,The Oxford,True,195 South Murphy Avenue,,,
2811,Sunnyvale,American,False,408-245-4501,moderate,Black Angus Steakhouse,True,740 East El Camino Real,2019-03-10,2,19:00
2812,San Rafael,Caribbean,False,415-256-1818,moderate,Whipper Snapper Restaurant,False,1613 4th Street,,,
2813,San Rafael,Caribbean,False,415-256-1818,moderate,Whipper Snapper Restaurant,False,1613 4th Street,2019-03-08,2,19:30
2814,Concord,American,False,925-798-4300,moderate,Claim Jumper Restaurants,True,1981 Diamond Boulevard,,,
2815,Concord,American,False,925-265-2120,moderate,Eureka!,True,1975 Diamond Boulevard Ste. C 160,,,
2816,Concord,American,False,925-309-7774,moderate,Lima,True,2151 Salvio Street Suite I,,,
2817,Concord,American,False,925-677-7427,moderate,Lucille's Smokehouse Bar-b-que,False,Sunvalley Shopping Center,,,
2818,Concord,American,True,925-680-7267,inexpensive,Mcdonald's,False,1691 Monument Boulevard,,,
2819,Concord,American,False,925-798-4300,moderate,Claim Jumper Restaurants,True,1981 Diamond Boulevard,2019-03-02,3,12:30
2820,Foster City,Chinese,False,650-345-1762,moderate,5 Joy Restaurant,True,1489 Beach Park Boulevard,,,
2821,Foster City,Chinese,False,650-345-1762,moderate,5 Joy Restaurant,True,1489 Beach Park Boulevard,2019-03-14,2,18:00
2822,San Mateo,Seafood,False,650-340-8974,moderate,Joy Sushi,True,30 South B Street,2019-03-13,4,19:00
2823,San Francisco,Seafood,False,415-440-2828,moderate,Alamo Square Seafood Grill,False,803 Fillmore Street,2019-03-05,2,17:30
2824,Pleasanton,American,False,925-469-6266,moderate,Eddie Papa's American Hangout,False,4889 Hopyard Road,,,
2825,Pleasanton,American,True,925-399-6690,moderate,Handles Gastropub,True,855 Main Street,,,
2826,Pleasanton,American,False,925-600-0600,expensive,Baci Bistro And Bar,False,500 Main Street,2019-03-14,1,19:30
2827,Berkeley,Mediterranean,False,510-848-8877,moderate,Alborz Restaurant,True,2142 Center Street,2019-03-13,2,12:30
2828,San Jose,Tex-Mex,False,408-532-6727,moderate,Chili's Grill & Bar,True,2185 Eastridge Loop,,,
2829,San Jose,Tex-Mex,False,408-532-6727,moderate,Chili's Grill & Bar,True,2185 Eastridge Loop,2019-03-11,3,18:00
2830,Millbrae,Chinese,False,650-588-3648,moderate,Chef Wang's Restaurant,False,1320 El Camino Real,2019-03-03,2,17:30
2831,San Francisco,Chinese,False,415-282-8999,inexpensive,Alice's,False,1599 Sanchez Street,2019-03-04,2,13:00
2832,Gilroy,Asian,False,408-847-2625,moderate,Ginger Cafe,True,8657 San Ysidro Avenue,,,
2833,Gilroy,Asian,False,408-847-2625,moderate,Ginger Cafe,True,8657 San Ysidro Avenue,2019-03-10,2,13:30
2834,San Francisco,Vegetarian,False,415-318-8000,moderate,Ben Wah Restaurant,False,2786 California Street,2019-03-03,2,17:30
2835,San Francisco,Nepalese,False,415-647-2222,moderate,Cuisine Of Nepal Restaurant,False,3486 Mission Street,2019-03-07,4,18:00
2836,San Francisco,American,False,415-814-3709,expensive,3rd Cousin,False,919 Cortland Avenue,2019-03-11,2,19:30
2837,Dublin,Japanese,False,925-833-9833,moderate,Halu Shabu Shabu,False,4288 Dublin Boulevard #110,,,
2838,Dublin,Japanese,False,925-556-9573,moderate,Yanagi Sushi & Grill Dublin,False,6599 Dublin Boulevard,,,
2839,Dublin,Japanese,False,925-556-9573,moderate,Yanagi Sushi & Grill Dublin,False,6599 Dublin Boulevard,2019-03-05,2,19:00
2840,Santa Clara,Mediterranean,False,408-567-9144,moderate,Athena Grill & Catering,False,1505 Space Park Drive,2019-03-06,2,19:30
2841,San Francisco,Japanese,False,415-292-9997,moderate,2g Japanese Brasserie,True,601 Van Ness Avenue,2019-03-06,2,13:30
2842,San Francisco,French,False,415-292-6916,moderate,Amelie San Francisco,True,1754 Polk Street,2019-03-09,4,17:30
2843,Palo Alto,Chinese,False,650-485-2221,moderate,Chef Zhao Kitchen,False,2180 West Bayshore Road #120,,,
2844,Palo Alto,Chinese,False,650-328-6885,moderate,Jing-jing Szechwan & Hunan Gourmet,False,443 Emerson Street,,,
2845,Palo Alto,Chinese,False,650-321-9388,moderate,Peking Duck Restaurant,False,151 California Avenue,,,
2846,Palo Alto,Chinese,False,650-493-3836,moderate,Su Hong,False,4256 El Camino Real,,,
2847,Palo Alto,Chinese,False,650-322-1188,moderate,Yucca De Lac,True,180 El Camino Real #700,,,
2848,Palo Alto,Chinese,False,650-485-2221,moderate,Chef Zhao Kitchen,False,2180 West Bayshore Road #120,2019-03-10,4,12:00
2849,Los Gatos,Italian,False,408-374-1808,moderate,Aldo's Ristorante & Bar,False,14109 South Winchester Boulevard,2019-03-10,2,13:00
2850,Pleasant Hill,Sandwich,True,925-356-8818,inexpensive,Mcdonald's,False,1690 Contra Costa Boulevard,,,
2851,Pleasant Hill,Sandwich,True,925-356-8818,inexpensive,Mcdonald's,False,1690 Contra Costa Boulevard,2019-03-11,1,18:00
2852,San Francisco,European,False,415-487-1601,expensive,Bar Tartine,True,561 Valencia Street,2019-03-08,2,12:00
2853,Los Gatos,French,False,408-354-4330,very expensive,Manresa,False,320 Village Lane,,,
2854,Los Gatos,French,False,408-354-4330,very expensive,Manresa,False,320 Village Lane,2019-03-09,3,18:30
2855,San Francisco,Seafood,False,415-440-2828,moderate,Alamo Square Seafood Grill,False,803 Fillmore Street,2019-03-07,3,12:00
2856,San Francisco,Japanese,False,415-292-9997,moderate,2g Japanese Brasserie,True,601 Van Ness Avenue,2019-03-03,1,17:00
2857,Oakland,Asian,False,510-839-8815,moderate,Battambang Restaurant,False,850 Broadway,2019-03-03,2,18:30
2858,Fremont,Sandwich,True,510-791-7400,inexpensive,Mcdonald's,True,4318 Thornton Avenue,,,
2859,Fremont,Sandwich,True,510-656-9375,inexpensive,Mcdonald's,False,42800 Mission Boulevard,2019-03-13,2,11:00
2860,Campbell,Brunch,False,408-376-3516,moderate,Stacks,False,139 East Campbell Avenue,,,
2861,Campbell,Brunch,False,408-376-3516,moderate,Stacks,False,139 East Campbell Avenue,2019-03-12,3,19:00
2862,Palo Alto,Thai,False,650-289-0907,moderate,Lotus Thai Bistro,True,425 California Avenue,,,
2863,Palo Alto,Thai,False,650-289-0907,moderate,Lotus Thai Bistro,True,425 California Avenue,2019-03-05,2,12:30
2864,Walnut Creek,Chinese,False,925-935-3233,inexpensive,China Palace Restaurant,False,2932 North Main Street,2019-03-08,2,12:30
2865,Alameda,Lithuanian,False,510-522-4100,moderate,Mama Papa Lithuania Restaurant,True,1241 Park Street,2019-03-09,2,13:30
2866,Pleasanton,Indian,False,925-750-7709,moderate,Aappakadai,False,4555 Hopyard Road,2019-03-03,2,17:30
2867,Concord,Chinese,False,925-609-9090,moderate,Lulu's Kitchen,False,1657 Willow Pass Road,,,
2868,Concord,Chinese,False,925-246-9999,moderate,Steamboat,False,1845 Willow Pass Road,,,
2869,Concord,Chinese,False,925-827-4800,inexpensive,Hunan Restaurant,False,4804 Clayton Road,2019-03-01,2,18:00
2870,Redwood City,Tapas,False,650-679-8141,moderate,La Viga Seafood & Cocina Mexicana,True,1772 Broadway,2019-03-01,2,11:00
2871,Oakland,California,False,510-652-3676,moderate,Dopo,False,4293 Piedmont Avenue,2019-03-08,2,18:30
2872,Fremont,Indian,False,510-598-4940,moderate,Paradise Biryani Pointe,False,5029 Mowry Avenue,,,
2873,Fremont,Indian,False,510-353-9002,moderate,Rangoli Flavors Of India,False,43852 Pacific Commons Boulevard,,,
2874,Fremont,Indian,False,510-744-9500,moderate,Sakoon,False,39195 Farwell Drive,,,
2875,Fremont,Indian,False,510-791-1316,moderate,Taste Of India,False,5144 Mowry Avenue,,,
2876,Fremont,Indian,False,510-362-7000,moderate,Veg N Chaat Cuisine,False,5168 Mowry Avenue,,,
2877,Fremont,Indian,False,510-598-4940,moderate,Paradise Biryani Pointe,False,5029 Mowry Avenue,2019-03-01,4,13:30
2878,Santa Clara,Sandwich,True,408-243-2897,inexpensive,Mcdonald's,True,3509 Homestead Road,,,
2879,Santa Clara,Sandwich,True,408-727-9726,inexpensive,Mcdonald's,False,2850 Augustine Drive,2019-03-14,2,18:30
2880,Pleasanton,Mexican,True,925-417-0342,expensive,Blue Agave Club,False,625 Main Street,,,
2881,Pleasanton,Mexican,False,925-462-1140,moderate,Mexico Lindo Cantina And Restaurant,False,6690 Koll Center Parkway,,,
2882,Pleasanton,Mexican,False,925-462-2316,moderate,Alberto's Cantina,True,435 Main Street,2019-03-09,1,19:00
2883,Oakland,Mexican,False,510-288-3668,moderate,Agave Uptown,False,2135 Franklin Street,2019-03-08,2,18:30
2884,Fremont,Korean,False,510-252-9844,moderate,Bob Sang,True,4185 Cushing Parkway,,,
2885,Fremont,Korean,False,510-226-7700,moderate,Mom's Tofu House,False,46851 Warm Springs Boulevard,,,
2886,Milpitas,Korean,False,408-263-6705,moderate,Cj House Korean Bbq,True,260 South Abel Street,2019-03-06,2,17:30
2887,San Francisco,French,False,415-402-5290,moderate,Aquitaine Wine Bar & Bistro,False,175 Sutter Street,2019-03-11,2,12:30
2888,San Jose,Chinese,False,408-377-8310,moderate,Chef Li,False,2033 Camden Avenue # F3,2019-03-04,2,19:00
2889,Walnut Creek,Sushi,False,925-274-9496,moderate,Kaiwa Sushi,False,1534 Locust Street,,,
2890,Walnut Creek,Sushi,False,925-938-3239,moderate,Kana Sushi,False,1280 Newell Avenue,,,
2891,Walnut Creek,Sushi,False,925-938-3239,moderate,Kana Sushi,False,1280 Newell Avenue,2019-03-03,1,18:30
2892,Burlingame,Asian,False,650-548-0300,moderate,Barracuda Japanese Restaurant,False,347 Primrose Road,2019-03-03,1,19:00
2893,San Rafael,Italian,False,415-485-0469,moderate,Il Davide,False,901 A Street,2019-03-10,2,19:00
2894,Fairfield,Italian,False,707-438-1801,moderate,Johnny Carino's,False,1640 Gateway Boulevard,2019-03-03,2,19:00
2895,San Francisco,Japanese,False,415-292-9997,moderate,2g Japanese Brasserie,True,601 Van Ness Avenue,2019-03-03,2,19:30
2896,Walnut Creek,Italian,False,510-943-1094,moderate,Caffe Delle Stelle Restaurant,True,1532 North Main Street,2019-03-07,2,13:00
2897,Oakland,Peruvian,True,510-451-4206,moderate,La Furia Chalaca,False,310 Broadway,,,
2898,Oakland,Peruvian,False,510-652-1439,moderate,Mistura,True,3858 Piedmont Avenue,,,
2899,Oakland,Peruvian,True,510-451-4206,moderate,La Furia Chalaca,False,310 Broadway,2019-03-12,2,19:30
2900,Morgan Hill,Japanese,False,408-778-6288,moderate,Hanami Sushi,False,1295 East Dunne Avenue # 190,2019-03-01,3,13:30
2901,Livermore,Steakhouse,True,925-456-7100,moderate,Castle Rock Restaurant,True,1848 Portola Avenue,,,
2902,Livermore,Steakhouse,True,925-456-7100,moderate,Castle Rock Restaurant,True,1848 Portola Avenue,2019-03-04,1,11:00
2903,Napa,Italian,False,707-254-8006,moderate,Allegria,False,1026 1st Street,2019-03-09,2,13:00
2904,Hayward,Coffeehouse,True,510-538-8447,inexpensive,Mcdonald's,False,26253 Mission Boulevard,,,
2905,Hayward,Coffeehouse,True,510-538-8447,inexpensive,Mcdonald's,False,26253 Mission Boulevard,2019-03-07,2,19:30
2906,Morgan Hill,American,True,669-888-3488,moderate,88 Keys Cafe,False,1295 East Dunne Avenue,,,
2907,Morgan Hill,American,False,408-779-8800,moderate,Bubbles & Brew,True,17105 Monterey Road,,,
2908,Morgan Hill,American,False,408-779-3376,moderate,Huntington Station,True,30 East 3rd Street,,,
2909,Morgan Hill,American,False,408-201-9200,expensive,Ladera Grill,False,17305 Monterey Road,,,
2910,Morgan Hill,American,True,408-782-0739,inexpensive,Mcdonald's,True,17025 Condit Road,,,
2911,Morgan Hill,American,True,669-888-3488,moderate,88 Keys Cafe,False,1295 East Dunne Avenue,2019-03-09,2,19:00
2912,Alameda,Italian,False,510-769-4828,moderate,C'era Una Volta,False,1332 Park Street D,2019-03-07,1,18:30
2913,Half Moon Bay,Indian,False,650-712-7700,moderate,India Beach,False,425 Avenue Alhambra,,,
2914,Half Moon Bay,Thai,False,650-560-0076,moderate,Spice Me Thai Cuisine,False,500 Purissima Street,,,
2915,Half Moon Bay,Thai,False,650-560-0076,moderate,Spice Me Thai Cuisine,False,500 Purissima Street,2019-03-09,1,18:30
2916,Napa,Italian,False,707-254-8006,moderate,Allegria,False,1026 1st Street,2019-03-03,1,17:00
2917,Novato,Asian,False,415-892-3440,moderate,Anokha Cuisine Of India,False,811 Grant Avenue,,,
2918,Novato,Asian,False,415-892-9303,moderate,Chao Praya,False,1553 South Novato Boulevard G,,,
2919,Novato,Asian,False,415-892-3440,moderate,Anokha Cuisine Of India,False,811 Grant Avenue,2019-03-13,2,12:30
2920,San Mateo,Take-out,False,650-342-7088,moderate,Mr Pizza Man San Mateo,False,201 East 4th Avenue,,,
2921,San Mateo,Take-out,False,650-344-5000,moderate,North Beach Pizza,True,240 East 3rd Avenue,,,
2922,San Mateo,Take-out,False,650-344-5000,moderate,North Beach Pizza,True,240 East 3rd Avenue,2019-03-09,4,18:30
2923,San Francisco,Chinese,False,415-282-8999,inexpensive,Alice's,False,1599 Sanchez Street,2019-03-02,2,17:00
2924,Vallejo,American,False,707-647-0595,moderate,Black Angus Steakhouse,True,124 Plaza Drive,,,
2925,Vallejo,American,True,707-552-9798,inexpensive,Mcdonald's,True,2565 Springs Road,2019-03-05,4,17:30
2926,Santa Rosa,Sushi,False,707-541-6359,moderate,Haku Sushi,False,518 7th Street,2019-03-07,2,11:00
2927,Santa Rosa,Sushi,False,707-541-6359,moderate,Haku Sushi,False,518 7th Street,2019-03-07,2,17:00
2928,San Mateo,Asian,False,925-408-4891,moderate,Izakaya Ginji,True,301 East 4th Avenue,2019-03-11,3,19:00
2929,San Francisco,Mexican,True,415-252-8204,moderate,Los Yaquis,False,324 South Van Ness Avenue,,,
2930,San Francisco,Mexican,True,415-252-8204,moderate,Los Yaquis,False,324 South Van Ness Avenue,2019-03-03,3,12:00
2931,Rohnert Park,Sushi,False,707-795-9700,moderate,Honey Cuisine,False,1712 East Cotati Avenue,,,
2932,Rohnert Park,Sushi,False,707-588-8068,moderate,Paradise Sushi & Grill,False,370 Rohnert Park Expressway,,,
2933,San Francisco,Laotian,False,415-349-4186,inexpensive,Champa Garden Restaurant,False,613 Faxon Avenue,,,
2934,San Francisco,Laotian,False,415-347-7755,moderate,Maneelap Srimongkoun Restaurant,False,4995 Mission Street,,,
2935,San Francisco,Barbecue,False,415-896-4250,moderate,Baby Blues Bbq,False,3149 Mission Street,,,
2936,San Francisco,Barbecue,False,415-387-1378,moderate,Camp Bbq,False,4014 Geary Boulevard,,,
2937,San Francisco,Barbecue,False,415-796-2437,moderate,Hardwood Bar & Smokery,False,680 8th Street Ste. 170,,,
2938,San Francisco,Barbecue,False,415-221-8282,moderate,Jang Soo Bbq,False,6314 Geary Boulevard,,,
2939,Livermore,Japanese,False,925-606-7222,moderate,Kawa Sushi,False,2180 Third Street,,,
2940,Livermore,Japanese,False,925-245-9662,moderate,Roppongi Sushi,True,2206 First Street,,,
2941,San Jose,Seafood,False,408-913-8080,moderate,Sushi Confidential,True,26 North San Pedro Street,,,
2942,Livermore,Barbecue,False,925-449-1499,moderate,Emil Villa's Hickory Pit,False,3064 Pacific Avenue,,,
2943,Livermore,Barbecue,True,925-961-1300,moderate,Sauced Bbq & Spirits,True,2300 First Street #120,,,
2944,Yountville,French,False,707-944-0103,expensive,Bistro Jeanty,False,6510 Washington Street,,,
2945,Yountville,French,False,707-944-8037,expensive,Bouchon Bistro,False,6534 Washington Street,,,
2946,Rohnert Park,Seafood,False,707-586-3607,moderate,Olive Garden Italian Restaurant,True,6430 Redwood Drive,,,
2947,Oakland,Ethiopian,False,510-547-5100,moderate,Asmara Restaurant,False,5020 Telegraph Avenue,,,
2948,Napa,Barbecue,False,707-224-6600,moderate,The Q Restaurant & Bar,True,3900 Bel Aire Plaza D,,,
2949,Berkeley,Italian,False,510-838-1131,moderate,Donato & Co.,False,2635 Ashby Avenue,2019-03-11,2,12:00
2950,Oakland,Greek,False,510-899-4400,moderate,Ikaros Greek Restaurant,False,3268 Grand Avenue,2019-03-07,2,17:30
2951,Berkeley,Italian,False,510-838-1131,moderate,Donato & Co.,False,2635 Ashby Avenue,2019-03-11,4,12:00
2952,Berkeley,Noodle,False,510-524-1677,moderate,Kirin Restaurant,True,1767 Solano Avenue,,,
2953,Berkeley,Noodle,False,510-524-1677,moderate,Kirin Restaurant,True,1767 Solano Avenue,2019-03-12,2,13:00
2954,San Francisco,Bistro,False,415-276-4048,inexpensive,Bistro 10un,False,1130 Market Street,2019-03-12,3,11:00
2955,San Francisco,Coffeehouse,False,415-834-5684,moderate,Corridor,False,100 Van Ness Avenue,2019-03-04,3,12:00
2956,Berkeley,California,False,510-809-0400,moderate,Gather,True,2200 Oxford Street,2019-03-11,1,12:00
2957,San Francisco,Korean,False,415-525-4985,moderate,Barnzu,True,711 Geary Street,2019-03-11,2,17:30
2958,San Francisco,Japanese,False,415-658-7388,very expensive,Ijji Sushi,False,252 Divisadero Street,2019-03-05,2,12:00
2959,Oakland,California,False,510-652-3676,moderate,Dopo,False,4293 Piedmont Avenue,2019-03-07,3,12:00
2960,Napa,Japanese,False,707-254-9464,expensive,Miminashi,False,821 Coombs Street,2019-03-03,1,12:00
2961,Brisbane,Sushi,False,415-656-1889,inexpensive,Teriyaki House,False,114 Old County Road,2019-03-01,4,13:30
2962,Berkeley,American,False,510-338-3464,moderate,Beer Baron Bar & Kitchen,True,5900 College Avenue,2019-03-01,2,11:00
2963,Oakland,Italian,False,510-918-3205,moderate,Contrasto,True,388 Grand Avenue,2019-03-09,2,13:30
2964,Berkeley,Japanese,False,510-845-8100,expensive,Iyasare,True,1830 Fourth Street,2019-03-09,2,12:00
2965,Oakland,Asian,False,510-839-8815,moderate,Battambang Restaurant,False,850 Broadway,2019-03-07,3,13:00
2966,Napa,Barbecue,False,707-224-6600,moderate,The Q Restaurant & Bar,True,3900 Bel Aire Plaza D,2019-03-03,4,13:00
2967,Rohnert Park,Mexican,False,707-585-9069,moderate,Chili's Grill & Bar,True,4851 Redwood Drive,2019-03-03,2,12:30
2968,San Francisco,American,False,415-359-1212,expensive,1760,False,1760 Polk Street,2019-03-05,1,11:30
2969,San Francisco,Italian,False,415-282-4969,moderate,Bacco,True,737 Diamond Street,2019-03-03,2,13:00
2970,Berkeley,Greek,False,510-559-8769,moderate,Troy Greek Cuisine,False,1843 Solano Avenue,,,
2971,Berkeley,Greek,False,510-559-8769,moderate,Troy Greek Cuisine,False,1843 Solano Avenue,2019-03-11,2,12:30
2972,Oakland,American,False,510-834-2467,moderate,Chop Bar,True,247 4th Street,2019-03-09,2,17:00
2973,Berkeley,Chinese,False,510-845-1286,moderate,King Yen Restaurant,False,2995 College Avenue,2019-03-09,2,12:00
2974,San Francisco,Italian,False,415-771-2216,moderate,A16,True,2355 Chestnut Street,2019-03-01,1,13:30
2975,Berkeley,American,False,510-809-8282,moderate,Eureka!,True,2068 Center Street,2019-03-11,2,11:00
2976,Yountville,Italian,False,707-945-1050,expensive,Bottega Napa Valley,False,V Marketplace,2019-03-14,2,13:00
2977,San Francisco,American,False,650-627-4303,moderate,All Spice,True,648 Bush Street,2019-03-08,1,13:30
2978,Santa Rosa,American,False,707-636-7388,moderate,Brasserie Restaurant & Lounge,False,170 Railroad Street,2019-03-14,2,13:30
2979,San Francisco,Indian,False,415-777-0500,expensive,Amber,False,25 Yerba Buena Lane,2019-03-05,2,17:30
2980,Berkeley,Seafood,False,510-549-1900,expensive,Skates On The Bay,False,100 Seawall Drive,2019-03-10,1,17:30
2981,San Francisco,Steakhouse,False,415-495-1111,very expensive,Alexander's Steakhouse,True,448 Brannan Street,2019-03-03,1,12:00
2982,San Jose,Chinese,False,408-377-8310,moderate,Chef Li,False,2033 Camden Avenue # F3,2019-03-03,1,12:30
2983,Berkeley,California,False,(510) 548-5072,very expensive,Chez Panisse,True,1517 Shattuck Avenue,2019-03-08,1,12:00
2984,Berkeley,Asian,False,510-883-1883,moderate,Da Lian Restaurant,False,1674 Shattuck Avenue,2019-03-06,4,12:00
2985,San Francisco,Indian,False,415-771-5900,moderate,August 1 Five,True,524 Van Ness Avenue,2019-03-04,2,11:00
2986,San Francisco,Breakfast,False,415-931-1475,moderate,Baker Street Bistro,True,2953 Baker Street,2019-03-08,3,11:00
2987,San Francisco,Asian,False,415-863-9335,moderate,Bai Thong Thai,False,298 Gough Street,2019-03-01,2,12:30
2988,San Francisco,Chinese,False,415-775-3679,inexpensive,Bamboo Restaurant,True,1441 Polk Street,2019-03-12,3,11:00
2989,San Francisco,Chinese,False,415-775-3679,inexpensive,Bamboo Restaurant,True,1441 Polk Street,2019-03-05,2,13:30
2990,Brisbane,Sushi,False,415-656-1889,inexpensive,Teriyaki House,False,114 Old County Road,2019-03-08,2,12:00
2991,San Francisco,Japanese,False,415-292-9997,moderate,2g Japanese Brasserie,True,601 Van Ness Avenue,2019-03-12,3,12:30
2992,San Francisco,Beijing,False,415-621-3020,inexpensive,Red Jade,False,245 Church Street,2019-03-05,3,13:30
2993,San Francisco,Japanese,False,415-921-2222,very expensive,Kinjo,False,2206 Polk Street,2019-03-04,2,12:00
2994,San Jose,American,True,408-279-4888,moderate,Hukilau,True,230 Jackson Street,2019-03-05,1,12:00
2995,San Francisco,French,False,415-402-5290,moderate,Aquitaine Wine Bar & Bistro,False,175 Sutter Street,2019-03-01,2,11:00
2996,San Francisco,Japanese,False,415-292-9997,moderate,2g Japanese Brasserie,True,601 Van Ness Avenue,2019-03-01,2,13:00
2997,San Francisco,Mediterranean,False,415-957-5463,expensive,Barcha,True,28 Fremont Street,2019-03-01,2,13:00
2998,San Francisco,French,False,415-402-5290,moderate,Aquitaine Wine Bar & Bistro,False,175 Sutter Street,2019-03-07,2,12:30
2999,Berkeley,Chinese,False,510-558-8367,inexpensive,Crave Asia,False,1301 San Pablo Avenue,2019-03-12,1,11:00
3000,San Francisco,Asian,False,415-731-5515,inexpensive,8 Immortals Restaurant,False,1433 Taraval,2019-03-01,2,13:00
3001,Oakland,Italian,False,510-768-8003,expensive,A16,True,5356 College Avenue,2019-03-05,3,17:30
3002,Berkeley,Chinese,False,510-558-8367,inexpensive,Crave Asia,False,1301 San Pablo Avenue,2019-03-14,2,12:00
3003,Oakland,Asian,False,510-286-8866,moderate,Peony Seafood Restaurant,False,388 9th Street #288,2019-03-01,2,17:00
3004,San Francisco,Seafood,False,415-673-0183,moderate,Alioto's,False,8 Fishermans Wharf,2019-03-09,3,13:00
3005,Berkeley,Chinese,False,510-558-8367,inexpensive,Crave Asia,False,1301 San Pablo Avenue,2019-03-05,2,11:30
3006,Berkeley,Italian,False,510-558-9000,moderate,Cugini Restaurant,False,1556 Solano Avenue,2019-03-12,2,11:30
3007,Oakland,Thai,False,510-500-3151,moderate,3 Seasons Thai Bistro,False,1506 Leimert Boulevard,2019-03-05,4,13:00
3008,Oakland,Seafood,False,510-907-7555,moderate,Alamar Kitchen & Bar,False,100 Grand Avenue #111,2019-03-05,2,13:30
3009,San Francisco,Thai,False,415-552-8999,moderate,Basil,False,1175 Folsom Street,2019-03-01,1,11:30
3010,Rohnert Park,American,False,707-585-2722,moderate,Bear Republic Brewing Co.,True,5000 Roberts Lake Road,2019-03-03,2,12:00
3011,Berkeley,California,False,510-809-0400,moderate,Gather,True,2200 Oxford Street,2019-03-08,2,12:30
3012,San Francisco,California,False,415-341-9000,very expensive,Aq,True,1085 Mission Street,2019-03-03,2,12:00
3013,San Francisco,Chinese,False,415-282-8999,inexpensive,Alice's,False,1599 Sanchez Street,2019-03-12,1,13:00
3014,San Francisco,Asian,False,415-834-5555,inexpensive,Saucy Asian,False,3801 17th Street,,,
3015,San Francisco,Asian,False,415-346-8235,inexpensive,Yum Yum Hunan,False,1828 Divisadero Street,,,
3016,San Francisco,Asian,False,415-731-5515,inexpensive,8 Immortals Restaurant,False,1433 Taraval,2019-03-09,3,17:30
3017,Berkeley,Coffeehouse,False,510-704-0325,moderate,Platano,False,2042 University Avenue,2019-03-01,2,12:00
3018,San Francisco,Italian,False,415-543-5100,moderate,54 Mint Ristorante Italiano,True,16 Mint Plaza,2019-03-08,2,11:00
3019,San Jose,Vegetarian,False,408-292-3798,moderate,Vegetarian House,False,520 East Santa Clara Street,2019-03-06,1,19:00
3020,Mill Valley,Mexican,False,415-384-8871,moderate,Playa Mill Valley,True,41 Throckmorton Avenue,2019-03-01,2,12:00
3021,Oakland,Mediterranean,False,510-452-9500,moderate,Sidebar,False,542 Grand Avenue,2019-03-03,2,19:00
3022,Oakland,Seafood,False,510-251-9688,inexpensive,Le Tasty Chinese Restaurant,False,1437 Franklin Street,2019-03-03,1,18:00
3023,Vallejo,Asian,False,707-645-2008,moderate,China Wok,False,512 Sacramento Street,2019-03-06,2,17:00
3024,Walnut Creek,Italian,False,925-935-7780,expensive,Prima Restaurant,True,1522 North Main Street,2019-03-08,1,12:30
3025,Emeryville,Japanese,False,510-923-0311,moderate,Miyozen,False,1147 40th Street,2019-03-04,2,12:00
3026,Sonoma,Nepalese,False,707-996-1161,moderate,Taste Of The Himalayas,True,464 1st Street East Suite F,2019-03-02,2,12:30
3027,Fairfax,Italian,False,415-459-1618,moderate,Fradelizio's Ristorante,True,35 Broadway,2019-03-02,2,12:00
3028,Oakland,Barbecue,False,510-654-2000,moderate,Bowl'd Bbq,False,4869 Telegraph Avenue,2019-03-06,2,13:30
3029,San Ramon,Japanese,False,925-820-2883,moderate,Senro Sushi,False,2475 San Ramon Valley Boulevard,2019-03-01,2,12:30
3030,Vacaville,Tex-Mex,False,707-449-8072,moderate,Chili's Grill & Bar,True,2001 Harbison Drive,2019-03-02,1,17:30
3031,San Jose,American,False,408-578-0643,moderate,Marie Callender's,False,620 Blossom Hill Road,2019-03-04,4,12:00
3032,Mountain View,American,False,650-426-0582,moderate,Eureka!,True,191 Castro Street,2019-03-05,2,13:30
3033,Milpitas,Indian,False,408-435-5500,moderate,Anjappar Chettinad Restaurant,False,Milpitas Square,2019-03-01,3,12:00
3034,Livermore,Afghan,False,925-447-0576,moderate,Roya Afghan Cuisine,False,2020 First Street,2019-03-05,4,19:00
3035,Union City,Tex-Mex,False,510-675-9810,moderate,Chili's Grill & Bar,True,32120 Dyer Street,2019-03-03,4,18:00
3036,Santa Clara,Thai,False,408-615-9199,moderate,Thai Chili Cuisine,True,1550 Halford Avenue,2019-03-04,2,12:30
3037,Moraga,Italian,False,925-376-4444,moderate,La Finestra Ristorante,True,1419 Moraga Way,2019-03-02,2,13:00
3038,San Francisco,Steakhouse,False,415-397-1928,very expensive,Alfred's Steakhouse,False,659 Merchant Street,2019-03-02,1,12:30
3039,Oakland,Sushi,False,510-286-9866,expensive,Ozumo,True,2251 Broadway,2019-03-06,2,12:00
3040,Sebastopol,Japanese,False,707-823-3778,moderate,Sushi Hana,False,6930 Burnett Street,2019-03-01,1,19:00
3041,San Francisco,Vegetarian,False,415-731-2658,moderate,Nabe,False,1325 9th Avenue,2019-03-03,2,13:30
3042,Santa Rosa,Chinese,False,707-521-9239,inexpensive,Mei-don Chinese Cuisine,False,6576 Oakmont Drive,2019-03-01,2,13:30
3043,Morgan Hill,Mexican,False,408-779-9740,moderate,Sinaloa Cafe.,False,17535 Monterey Road,2019-03-04,2,19:30
3044,San Jose,Mexican,False,408-227-1752,moderate,El Tule,False,5440 Thornwood Drive #1,2019-03-10,2,18:00
3045,Emeryville,Polynesian,True,510-653-3400,expensive,Trader Vic's Emeryville,True,9 Anchor Drive,2019-03-07,2,11:00
3046,San Francisco,Pho,False,415-202-6991,moderate,Green Papaya,True,825 Mission Street,2019-03-02,1,12:00
3047,Brentwood,Indian,False,925-240-1466,moderate,Kathmandu Bombay Clay Pit,False,3130 Balfour Road,2019-03-02,2,11:00
3048,Brentwood,Indian,False,925-240-1466,moderate,Kathmandu Bombay Clay Pit,False,3130 Balfour Road,2019-03-02,2,12:00
3049,Newark,American,False,510-445-0660,moderate,Chuck E. Cheese's,True,39839 Mowry School Road,2019-03-07,2,17:30
3050,Santa Clara,Indian,False,408-380-4143,expensive,The Yellow Chilli By Chef Sanjeev Kapoor,False,3555 Monroe Street Suite 80,2019-03-02,2,12:00
3051,Pleasant Hill,Barbecue,True,714-451-4620,moderate,Dickey's Barbecue Pit,False,2634 Pleasant Hill Road,2019-03-02,4,13:30
3052,San Ramon,Soup,True,925-275-8105,inexpensive,Noodles And Company,False,3141 Crow Canyon Place,2019-03-03,1,11:00
3053,San Jose,Italian,False,408-246-4605,moderate,Tony & Alba's Pizza And Pasta,True,3137 Stevens Creek Boulevard,2019-03-06,2,18:00
3054,Martinez,Sandwich,True,925-370-1633,inexpensive,Mcdonald's,False,1021 Arnold Drive,2019-03-05,2,11:00
3055,Newark,American,False,510-445-0660,moderate,Chuck E. Cheese's,True,39839 Mowry School Road,2019-03-02,2,13:00
3056,San Francisco,Mediterranean,False,415-864-8643,expensive,Nopa,True,560 Divisadero Street,2019-03-07,2,11:30
3057,Livermore,Chinese,False,925-449-7010,moderate,Uncle Yu's At The Vineyard,False,39 South Livermore Avenue #125,2019-03-05,2,12:30
3058,Petaluma,American,False,707-763-8538,inexpensive,Mr Mom's Cafe,False,931 Petaluma Boulevard South,2019-03-07,3,17:30
3059,Daly City,Asian,False,650-878-8833,moderate,Tai Yuan Seafood Restaurant,False,King Plaza Center,2019-03-05,3,11:00
3060,Santa Rosa,Seafood,False,707-569-8588,moderate,Jojo Restaurant & Sushi Bar,False,645 4th Street A,2019-03-02,3,13:00
3061,Berkeley,Japanese,False,510-845-8100,expensive,Iyasare,True,1830 Fourth Street,2019-03-02,2,19:30
3062,Walnut Creek,Vietnamese,False,925-891-4790,moderate,Vanessa's Bistro 2 Vietnamese Restaurant,False,1512 Locust Street,2019-03-02,4,18:00
3063,Petaluma,American,False,707-782-9090,moderate,Pub Republic,True,3120 Lakeville Highway,2019-03-01,1,12:30
3064,Alameda,Taco,False,510-769-9110,moderate,La Penca Azul,True,1440 Park Street,2019-03-02,3,13:00
3065,San Jose,Sandwich,True,408-264-3223,inexpensive,Mcdonald's,False,1365 Blossom Hill Road,2019-03-04,1,11:00
3066,Vallejo,Chinese,False,707-552-9700,moderate,J's Garden Restaurant,False,134 Robles Way,2019-03-02,2,12:00
3067,Santa Rosa,Vietnamese,False,707-528-3747,moderate,Kettles Vietnamese Bistro,False,1202 West Steele Lane,2019-03-04,2,13:30
3068,San Francisco,Italian,False,415-795-3040,moderate,Montesacro Pinseria Sf,True,510 Stevenson Street,2019-03-02,2,13:00
3069,Fairfield,Italian,False,707-438-1801,moderate,Johnny Carino's,False,1640 Gateway Boulevard,2019-03-04,2,12:00
3070,San Ramon,Salad,True,925-820-4325,inexpensive,Mcdonald's,False,2481 San Ramon Valley Boulevard,2019-03-09,3,12:00
3071,Oakland,Taiwanese,False,510-922-8032,moderate,Dragon Gate,False,300 Broadway,2019-03-07,2,18:30
3072,El Cerrito,Breakfast,True,510-232-2121,inexpensive,Mcdonald's,False,11821 San Pablo Avenue,2019-03-02,1,17:00
3073,Petaluma,American,False,707-763-8538,inexpensive,Mr Mom's Cafe,False,931 Petaluma Boulevard South,2019-03-07,2,11:30
3074,Palo Alto,Brunch,False,650-493-2844,moderate,Dinah's Poolside Restaurant,False,4261 El Camino Real,2019-03-03,2,11:00
3075,Vallejo,American,True,707-552-9798,inexpensive,Mcdonald's,True,2565 Springs Road,2019-03-02,2,17:30
3076,Sebastopol,Japanese,False,707-824-9886,moderate,Sushi Tozai,False,7531 Healdsburg Avenue,2019-03-01,2,12:00
3077,San Jose,Italian,False,408-618-5455,moderate,Enoteca La Storia Downtown,True,320 West Saint John Street,2019-03-02,2,19:00
3078,San Rafael,Sandwich,True,415-507-0482,inexpensive,Mcdonald's,False,190 Merrydale Road,2019-03-02,2,17:00
3079,San Rafael,Italian,False,415-485-0469,moderate,Il Davide,False,901 A Street,2019-03-02,2,17:00
3080,Rohnert Park,American,False,707-585-7505,moderate,Daily Grill,True,630 Park Court,2019-03-01,2,18:00
3081,Mountain View,Seafood,False,650-964-3321,expensive,Le Petit Bistro,False,1405 West El Camino Real,2019-03-01,2,13:00
3082,Larkspur,Chinese,False,415-924-0717,inexpensive,Dj's Chinese Cuisine,False,435 Magnolia Avenue,2019-03-03,2,18:00
3083,Petaluma,Chinese,False,707-782-1170,moderate,Lily Kai Chinese Cuisine,False,3100 Lakeville Highway H,2019-03-04,3,13:00
3084,San Jose,Italian,False,408-423-8973,moderate,Maggiano's Little Italy,True,3055 Olin Avenue Suite 1000,2019-03-01,3,17:30
3085,San Leandro,Barbecue,False,510-357-7776,moderate,Emil Villa's Hickory Pit - San Leandro,False,1800 East 14th Street,2019-03-03,2,12:30
3086,Petaluma,French,False,707-981-8159,expensive,Crocodile | French Cuisine,True,140 2nd Street #100,2019-03-07,2,12:30
3087,San Bruno,Mexican,False,650-588-8810,inexpensive,Taqueria Mi Durango,False,287 El Camino Real,2019-03-02,2,18:30
3088,Brentwood,American,False,925-516-5533,moderate,Black Angus Steakhouse,True,2355 Sand Creek Road,2019-03-02,2,17:00
3089,Hayward,Chinese,False,510-785-7133,moderate,Veggie Lee,False,25036 Hesperian Boulevard,2019-03-08,1,18:30
3090,San Leandro,Mexican,False,510-317-0323,moderate,Chili's Grill & Bar,True,15555 East 14th Street suite 366,2019-03-04,4,11:00
3091,Napa,Asian,False,707-501-4444,moderate,Eiko's Sushi,False,1300 1st Street #385,2019-03-01,2,12:00
3092,San Francisco,Thai,False,415-567-1751,moderate,My Ivy,False,1901 Divisadero Street,2019-03-01,1,17:00
3093,San Francisco,Japanese,False,415-665-1772,inexpensive,Fujiyama-ya,False,1234 Noriega Street,2019-03-01,2,11:00
3094,Redwood City,Asian,False,650-483-8881,moderate,Crouching Tiger Restaurant,False,2644 Broadway,2019-03-01,1,17:00
3095,San Rafael,Nepalese,False,415-459-3315,moderate,Napoli Pizza-taste Of The Himalayas,False,869 4th Street,2019-03-01,2,18:00
3096,Napa,Italian,False,707-492-8026,moderate,Pasta Prego,False,1502 Main Street,2019-03-01,2,13:00
3097,Napa,Italian,False,707-257-3300,moderate,Mary's Pizza Shack,False,3085 Jefferson Street,2019-03-01,3,11:30
3098,San Francisco,Take-out,False,415-495-6742,moderate,Osha Thai Restaurant And Lounge,False,311 3rd Street,2019-03-01,2,12:00
3099,Albany,Indian,False,510-679-5079,moderate,Everest Kitchen,True,1150 Solano Avenue,2019-03-04,1,11:00
3100,Vacaville,Japanese,False,707-469-7480,moderate,Umi Sushi,False,501 Davis Street,2019-03-01,3,18:00
3101,Los Gatos,Italian,False,408-399-1914,moderate,Wine Cellar Restaurant,False,50 University Avenue,2019-03-01,2,18:30
3102,San Francisco,Pakistani,False,415-695-0599,moderate,Aslam's Rasoi,False,1037 Valencia Street,2019-03-14,1,17:30
3103,Walnut Creek,Peruvian,False,925-378-3816,moderate,Limon Rotisserie Walnut Creek,False,1524 Locust Street,2019-03-01,2,13:00
3104,Berkeley,Izakaya,False,510-665-1969,expensive,Ippuku,False,2130 Center Street,2019-03-01,2,12:00
3105,San Francisco,Italian,False,415-771-2216,moderate,A16,True,2355 Chestnut Street,2019-03-01,2,18:00
3106,Milpitas,Malaysian,False,408-263-6788,moderate,Layang Layang Malaysian Cuisine,False,181 West Calaveras Boulevard,2019-03-08,2,19:00
3107,San Jose,Breakfast,True,408-238-4321,inexpensive,Mcdonald's,False,3221 South White Road,2019-03-01,2,18:00
3108,Santa Clara,Japanese,False,408-248-8500,moderate,Hatcho Japanese Cuisine,True,1271 Franklin Mall,2019-03-08,2,11:30
3109,San Jose,Chinese,False,408-945-1380,moderate,Golden Garlic,False,3082 Landess Avenue,2019-03-08,3,18:00
3110,Alameda,Japanese,False,510-521-9121,moderate,Kamakura Japanese Restaurant,True,2549 Santa Clara Avenue,2019-03-01,2,19:00
3111,Martinez,Asian,False,925-313-9185,moderate,Royal Thai Restaurant,False,414 Ferry Street,2019-03-02,2,12:30
3112,San Francisco,American,False,415-431-6647,moderate,Noir Lounge,True,581 Hayes Street,2019-03-01,2,12:00
3113,Palo Alto,Italian,False,650-327-9390,moderate,Spalti Ristorante,False,417 California Avenue,2019-03-01,2,13:00
3114,San Francisco,Japanese,False,415-775-7644,moderate,Sakana Sushi Bar & Grill,False,605 Post Street,2019-03-11,2,18:00
3115,San Jose,Steakhouse,False,408-272-1512,moderate,Drying Shed,False,402 Toyon Avenue,2019-03-08,2,13:00
3116,Napa,Italian,True,707-224-6664,moderate,Ca' Momi Osteria,False,1141 1st Street,2019-03-08,2,12:30
3117,Santa Clara,Sandwich,True,408-727-9726,inexpensive,Mcdonald's,False,2850 Augustine Drive,2019-03-08,2,17:00
3118,San Francisco,Thai,False,415-913-7886,moderate,Krua Thai,True,3214 16th Street,2019-03-01,4,19:00
3119,Napa,Mexican,False,707-252-3575,moderate,Frida's Mexican Grill,False,1533 Trancas Street,2019-03-01,2,13:30
3120,San Francisco,Chinese,False,415-753-5678,moderate,Xiao Loong Restaurant,False,250 West Portal Avenue,2019-03-07,2,18:00
3121,San Rafael,American,False,415-721-0600,moderate,Vin Antico,True,881 4th Street,2019-03-01,2,12:30
3122,Fremont,Thai,False,510-792-0770,moderate,Sala Thai Restaurant,False,3241 Walnut Avenue,2019-03-01,3,19:00
3123,San Francisco,Pho,False,415-202-6991,moderate,Green Papaya,True,825 Mission Street,2019-03-02,3,12:00
3124,Healdsburg,Chinese,False,707-395-0023,moderate,8 Dragons Restaurant,False,1047 Vine Street,2019-03-01,2,17:30
3125,Fairfield,Mexican,True,707-421-8484,moderate,Favela's Fusion,False,1500 Oliver Road,2019-03-01,2,18:00
3126,Concord,Sushi,False,925-672-1431,moderate,Tachi Sushi Bar,False,5458 Ygnacio Valley Road,2019-03-01,2,19:00
3127,San Francisco,Vegetarian,False,415-826-8822,moderate,Tuba Authentic Turkish Restaurant,False,1007 Guerrero Street,2019-03-01,2,11:00
3128,Napa,Steakhouse,False,707-258-9990,moderate,Trancas Steakhouse,False,999 Trancas Street,2019-03-10,2,11:00
3129,San Jose,Japanese,False,408-223-2497,moderate,Truya Sushi,False,3255 South White Road,2019-03-03,2,19:00
3130,Larkspur,American,False,415-924-0300,expensive,Picco Restaurant,False,320 Magnolia Avenue,2019-03-01,3,12:30
3131,Richmond,Asian,False,510-234-9898,inexpensive,Eurasia,False,12221 San Pablo Avenue,2019-03-01,2,11:30
3132,Milpitas,Malaysian,False,408-719-9811,moderate,Banana Leaf Restaurant,True,182 Ranch Drive,2019-03-01,1,12:30
3133,San Jose,Steakhouse,False,408-294-2244,moderate,The Grill On The Alley,True,172 South Market Street,2019-03-01,2,12:30
3134,San Francisco,Thai,False,415-757-0217,moderate,Lapats Thai Noodles Bar,False,601 Larkin Street,2019-03-01,2,11:30
3135,Larkspur,Italian,False,415-924-3332,moderate,Amalfi,False,455 Magnolia Avenue,2019-03-01,2,13:30
3136,San Francisco,Thai,False,415-643-5893,inexpensive,Regent Thai,False,1700 Church Street,2019-03-01,2,17:00
3137,San Jose,American,False,408-971-8523,moderate,71 Saint Peter,True,71 North San Pedro Street,2019-03-01,2,18:00
3138,San Jose,American,True,408-272-1335,inexpensive,Mcdonald's,True,1935 Tully Road,2019-03-01,2,17:30
3139,San Francisco,Seafood,False,415-359-1388,moderate,Sushi Rapture,True,1400 Leavenworth Street,2019-03-07,2,17:30
3140,Napa,Italian,False,707-254-9700,moderate,Filippi's Pizza Grotto,False,645 1st Street,2019-03-01,2,18:30
3141,San Francisco,French,False,415-474-6070,moderate,Rue Lepic French Restaurant,False,900 Pine Street,2019-03-06,2,18:30
3142,San Jose,Italian,False,408-246-4605,moderate,Tony & Alba's Pizza And Pasta,True,3137 Stevens Creek Boulevard,2019-03-02,1,17:30
3143,Berkeley,Noodle,False,510-524-1677,moderate,Kirin Restaurant,True,1767 Solano Avenue,2019-03-14,2,11:30
3144,Mountain View,Indian,False,650-965-1111,inexpensive,Chaat Paradise,False,165 East El Camino Real,2019-03-01,2,17:00
3145,Berkeley,American,False,510-280-5920,moderate,Nico's 1508,False,1508 Walnut Street B,2019-03-01,2,11:00
3146,Campbell,Seafood,False,408-374-8366,moderate,Sushi Zono,False,831 West Hamilton Avenue,2019-03-01,4,11:00
3147,San Jose,French,False,480-280-1818,moderate,Seven Restaurant & Lounge,True,754 The Alameda,2019-03-08,2,19:00
3148,San Jose,Steakhouse,False,408-266-6602,moderate,Black Angus Steakhouse,True,1011 Blossom Hill Road,2019-03-01,3,13:30
3149,San Francisco,Gastropub,False,415-525-4335,moderate,Myriad Gastropub,True,2491 Mission Street,2019-03-01,2,18:00
3150,San Francisco,Indian,False,415-731-2400,moderate,Clay Oven Indian Restaurant,True,385 West Portal Avenue,2019-03-01,1,18:30
3151,San Francisco,American,False,415-771-7709,moderate,Gibson,True,111 Mason Street,2019-03-09,2,17:30
3152,San Rafael,Vegan,False,415-454-6887,moderate,Lotus Chaat And Spices,True,1559 4th Street,2019-03-01,3,19:30
3153,San Francisco,Vietnamese,False,415-282-9088,inexpensive,Lotus Garden Vietnamese Cuisine,False,3216 Mission Street,2019-03-01,1,17:00
3154,San Francisco,French,False,415-776-5577,very expensive,La Folie,False,2316 Polk Street,2019-03-01,2,17:00
3155,San Francisco,Indian,False,415-777-0500,expensive,Amber,False,25 Yerba Buena Lane,2019-03-01,2,17:30
3156,San Francisco,Ethiopian,True,415-440-7414,moderate,Sheba Piano Lounge,True,1419 Fillmore Street,2019-03-06,2,12:30
3157,San Francisco,Burmese,False,415-933-9900,moderate,B Star,False,127 Clement Street,2019-03-08,2,11:30
3158,Novato,American,False,415-883-9125,moderate,Wildfox Restaurant,False,225 Alameda del Prado,2019-03-01,2,11:00
3159,San Francisco,Japanese,False,415-567-4903,moderate,Ace Wasabi Rock-n-roll Sushi,False,3339 Steiner Street,2019-03-01,1,19:00
3160,Napa,Italian,False,707-492-8026,moderate,Pasta Prego,False,1502 Main Street,2019-03-06,2,17:30
3161,Redwood City,Asian,False,650-948-7727,inexpensive,Suraj Indian Cuisine,True,2550 El Camino Real,2019-03-01,1,11:00
3162,San Jose,American,False,408-292-4300,moderate,Billy Berk's,True,99 South 1st Street,2019-03-14,2,18:30
3163,San Francisco,Thai,False,415-757-0217,moderate,Lapats Thai Noodles Bar,False,601 Larkin Street,2019-03-01,4,19:00
3164,San Ramon,Soup,True,925-275-8105,inexpensive,Noodles And Company,False,3141 Crow Canyon Place,2019-03-01,2,17:30
3165,Concord,Thai,False,925-524-0768,moderate,Bronze Buddha,False,5434 Ygnacio Valley Road #90,2019-03-01,2,18:00
3166,San Francisco,French,False,415-359-0075,moderate,Chouquet's,False,2500 Washington Street,2019-03-01,2,13:00
3167,San Francisco,Seafood,False,415-399-8758,expensive,Rose Pistola,True,532 Columbus Avenue,2019-03-08,2,18:30
3168,Santa Rosa,California,False,707-545-4300,moderate,The Pullman Kitchen,False,205 5th Street,2019-03-08,2,13:00
3169,Petaluma,Italian,False,707-766-7600,moderate,Risibisi,True,154 Petaluma Boulevard North,2019-03-01,2,17:30
3170,San Francisco,Barbecue,False,415-796-2437,moderate,Hardwood Bar & Smokery,False,680 8th Street Ste. 170,2019-03-01,2,11:00
3171,San Rafael,Mexican,False,415-456-8190,moderate,Celia's Mexican Restaurant,False,1 Vivian Street,2019-03-01,1,12:30
3172,Oakland,American,False,510-835-8600,moderate,"Kincaid's Fish, Chop & Steak House",False,1 Franklin Street,2019-03-01,2,19:00
3173,San Francisco,Vietnamese,False,415-665-1146,expensive,Thanh Long Restaurant,False,4101 Judah Street,2019-03-01,4,19:00
3174,San Francisco,Chinese,False,415-242-1006,moderate,May Lee Chinese Restaurant,False,San Francisco,2019-03-13,2,13:30
3175,Berkeley,Spanish,False,510-845-6904,moderate,Juan's Place,False,941 Carleton Street,2019-03-01,2,17:30
3176,San Francisco,American,False,650-627-4303,moderate,All Spice,True,648 Bush Street,2019-03-01,4,12:30
3177,Union City,American,True,510-675-0101,moderate,Tribu Grill,True,32208 Dyer Street,2019-03-01,2,18:30
3178,San Francisco,Mediterranean,False,415-872-9767,moderate,La Marsa,True,454 Geary Street,2019-03-01,2,11:30
3179,San Francisco,Korean,False,415-541-4949,expensive,Yank Sing,False,49 Stevenson Street,2019-03-01,2,18:30
3180,San Francisco,Greek,False,415-829-8383,moderate,Novy Restaurant,False,4000 24th Street,2019-03-01,2,18:30
3181,San Francisco,American,False,415-956-6900,moderate,Georges,True,415 Sansome Street # 1,2019-03-01,2,17:00
3182,Berkeley,Ethiopian,False,510-653-3456,moderate,Addis Restaurant,False,6100 Telegraph Avenue,2019-03-06,2,17:00
3183,Napa,Italian,False,707-257-3300,moderate,Mary's Pizza Shack,False,3085 Jefferson Street,2019-03-01,2,12:30
3184,Milpitas,Korean,False,408-262-3434,inexpensive,Jang Su Jang,True,269 West Calaveras Boulevard,2019-03-10,2,18:00
3185,Sausalito,Seafood,False,415-332-9551,expensive,Scoma's Of Sausalito,True,588 Bridgeway,2019-03-12,4,11:30
3186,Novato,Mexican,True,415-883-6292,moderate,Maya Palenque Restaurant,True,349 Enfrente Road,2019-03-03,2,12:00
3187,Berkeley,French,False,510-549-8585,moderate,Paragon,True,41 Tunnel Road,2019-03-01,2,11:30
3188,San Francisco,Chinese,False,415-753-5678,moderate,Xiao Loong Restaurant,False,250 West Portal Avenue,2019-03-06,2,17:30
3189,San Francisco,Buffet,False,415-682-4578,moderate,Fiery Hot Pot Buffet,False,1626 Taraval,2019-03-01,2,18:00
3190,San Jose,Chinese,False,408-873-9982,moderate,Hunan Impression,False,5152 Moorpark Avenue #30,2019-03-01,2,12:30
3191,San Francisco,Italian,False,415-626-1250,moderate,The Sausage Factory,False,517 Castro Street,2019-03-01,2,12:00
3192,Rohnert Park,Asian,False,707-588-7100,expensive,M.y. China - Graton Resort & Casino,True,288 Golf Course Drive West,2019-03-01,2,18:30
3193,Oakland,Barbecue,False,510-654-2000,moderate,Bowl'd Bbq,False,4869 Telegraph Avenue,2019-03-01,1,18:00
3194,Berkeley,Indian,False,510-528-2519,moderate,Khana Peena,True,1889 Solano Avenue,2019-03-01,2,17:00
3195,San Francisco,Bistro,False,415-351-5561,moderate,Bistro Boudin,False,160 Jefferson Street,2019-03-01,2,12:30
3196,Santa Rosa,Italian,False,707-544-3444,moderate,Union Hotel Restaurants,False,1007 West College Avenue d,2019-03-04,3,18:30
3197,Fremont,Indian,False,510-791-1316,moderate,Taste Of India,False,5144 Mowry Avenue,2019-03-01,2,11:00
3198,San Francisco,Beijing,False,415-564-9588,moderate,Old Mandarin Islamic Restaurant,False,3132 Vicente Street,2019-03-01,1,12:30
3199,Mill Valley,Mexican,False,415-381-1070,moderate,The Cantina,True,651 East Blithedale Avenue,2019-03-01,2,11:30
3200,Santa Clara,American,False,408-645-5286,moderate,Poorboy's Cajun Kitchen,False,2605 Homestead Road,2019-03-10,4,12:00
3201,Pleasanton,Indian,False,925-750-7149,moderate,Amaravati House,False,1991 Santa Rita Road,2019-03-01,2,11:00
3202,Brentwood,Thai,False,925-418-4970,inexpensive,Yum Squared,False,6670 Lone Tree Way #5,2019-03-01,2,11:00
3203,Alameda,Japanese,False,510-749-9988,inexpensive,Sakura Sushi Bar & Grill,False,2408 Santa Clara Avenue,2019-03-08,2,11:00
3204,Oakland,California,False,510-808-7519,moderate,Sideshow Kitchen,True,942 Stanford Avenue,2019-03-03,2,13:00
3205,Belmont,Salad,True,650-592-6833,inexpensive,Mcdonald's,True,522 El Camino Real,2019-03-01,2,17:00
3206,Milpitas,Mediterranean,False,408-262-6949,moderate,Dishdash Grill,False,181 Ranch Drive,2019-03-01,2,18:30
3207,Berkeley,Asian,False,510-843-3951,moderate,Mount Everest Restaurant,True,2598 Telegraph Avenue,2019-03-01,2,19:30
3208,San Francisco,Nepalese,False,415-677-9743,moderate,Urban Curry,False,523 Broadway,2019-03-01,2,18:00
3209,San Bruno,Mexican,False,650-877-8245,moderate,Celia's Mexican Restaurant,False,201 El Camino Real,2019-03-01,2,17:30
3210,Sunnyvale,Indian,False,408-735-7448,moderate,Madhuban Indian Cuisine,False,544 Lawrence Expressway,2019-03-04,2,11:30
3211,San Francisco,Korean,False,415-398-2838,moderate,City View Restaurant,False,662 Commercial Street,2019-03-01,2,18:30
3212,San Francisco,American,False,415-431-6268,moderate,Namu Gaji,True,499 Dolores Street,2019-03-01,2,18:30
3213,Redwood City,Spanish,False,650-368-9340,moderate,Estampas Peruanas Restaurant,False,715 El Camino Real,2019-03-09,1,13:30
3214,Millbrae,Steakhouse,False,650-742-1003,moderate,Bashamichi Steak And Seafood,False,1390 El Camino Real,2019-03-01,2,17:30
3215,Redwood City,American,False,650-367-7974,moderate,Mandaloun,False,2021 Broadway,2019-03-01,2,19:30
3216,Danville,California,False,925-362-3665,moderate,Danville Harvest,False,500 Hartz Avenue,2019-03-01,2,12:30
3217,San Jose,Bistro,False,408-248-9091,moderate,Village California Bistro And Wine Bar,True,378 Santana Row #1035,2019-03-01,2,19:00
3218,San Francisco,Gastropub,False,415-655-9413,expensive,Sessions At The Presidio,True,1 Letterman Drive,2019-03-01,2,11:00
3219,Woodside,American,False,650-851-8541,expensive,The Mountain House,False,13808 Skyline Boulevard,2019-03-01,2,18:00
3220,San Jose,Chinese,False,408-243-8868,moderate,Soong Soong,False,3680 Stevens Creek Boulevard,2019-03-01,3,18:00
3221,Walnut Creek,Mexican,False,925-934-8121,moderate,La Fogata Mexican Bar & Grill,True,1315 North Main Street,2019-03-13,2,19:30
3222,Burlingame,Thai,False,650-558-8268,moderate,Coconut Bay Thai Restaurant,False,1107 Howard Avenue,2019-03-01,2,13:30
3223,Mountain View,Seafood,False,650-941-2117,inexpensive,Masa's Sushi,True,400 San Antonio Road,2019-03-01,2,13:30
3224,Santa Rosa,Steakhouse,False,707-546-1446,moderate,Cattlemens,False,2400 Midway Drive,2019-03-02,2,11:30
3225,Daly City,Italian,False,415-468-5300,moderate,Papa Ray's Pizza,False,2731 Geneva Avenue,2019-03-01,3,19:00
3226,Pleasanton,Seafood,False,925-469-9060,moderate,Zakuro Japanese Bistro And Sushi Bar,True,6700 Santa Rita Road Suite A,2019-03-01,2,18:00
3227,Santa Clara,Italian,False,408-330-9212,moderate,Piatti,False,3905 Rivermark Plaza,2019-03-01,2,12:00
3228,Redwood City,Tapas,False,650-679-8141,moderate,La Viga Seafood & Cocina Mexicana,True,1772 Broadway,2019-03-01,2,13:00
3229,San Francisco,American,False,415-829-2737,moderate,Aliment,False,786 Bush Street,2019-03-01,2,17:30
3230,San Francisco,Seafood,False,415-397-8880,expensive,La Mar Cebicheria Peruana,True,pier 1 1/2 The Embarcadero,2019-03-11,2,19:00
3231,Albany,Japanese,False,510-524-4700,moderate,Sumo Japanese Restaurant,True,2009 977,2019-03-01,3,12:30
3232,Berkeley,Mexican,False,510-926-6300,moderate,Comal,True,2020 Shattuck Avenue,2019-03-13,4,11:30
3233,Healdsburg,Ramen,False,707-431-1995,moderate,The Taste Of Tea,True,109 North Street,2019-03-05,2,13:30
3234,San Francisco,Indian,False,415-826-2400,moderate,Clay Oven,True,1689 Church Street,2019-03-01,3,19:00
3235,Cupertino,Japanese,False,408-320-0836,moderate,Pokeworks,False,10815 North Wolfe Road #104,2019-03-01,1,19:00
3236,Palo Alto,Vietnamese,False,650-325-8500,expensive,Tamarine Restaurant & Gallery,True,546 University Avenue,2019-03-01,2,11:30
3237,Vacaville,Sandwich,True,707-449-6477,inexpensive,Mcdonald's,False,990 Alamo Drive,2019-03-01,2,11:30
3238,Los Gatos,Italian,False,408-399-3477,moderate,The Pastaria & Market,True,49 East Main Street,2019-03-05,2,13:00
3239,San Francisco,Seafood,True,415-872-7187,moderate,Shido Sushi Bar & Grill,False,1655 Market Street,2019-03-01,2,18:30
3240,San Francisco,Gastropub,False,415-525-4335,moderate,Myriad Gastropub,True,2491 Mission Street,2019-03-01,2,12:00
3241,San Francisco,American,False,415-369-0222,moderate,Brickhouse Cafe: Restaurant & Bar,True,426 Brannan Street,2019-03-01,2,11:00
3242,Albany,Japanese,False,510-524-4700,moderate,Sumo Japanese Restaurant,True,2009 977,2019-03-06,2,11:00
3243,Gilroy,Mexican,False,408-847-8812,moderate,Carnitas Michoacan,False,7484 Monterey Road,2019-03-05,2,11:00
3244,Santa Rosa,Italian,False,707-542-5800,expensive,Ca'bianca,False,835 2nd Street,2019-03-01,2,19:00
3245,San Francisco,Japanese,False,415-829-7668,inexpensive,There Sushi Bar & Restaurant,True,393 Bay Street,2019-03-01,2,17:30
3246,Half Moon Bay,Italian,False,650-726-5125,moderate,Pasta Moon,False,315 Main Street C,2019-03-01,2,17:30
3247,Milpitas,Barbecue,False,408-955-0228,moderate,Gen Korean Bbq House,True,190 Barber Lane,2019-03-04,2,12:00
3248,Milpitas,Seafood,False,408-955-9666,moderate,Won Kee Bbq Restaurant,False,206 Barber Court,2019-03-01,1,19:30
3249,San Jose,American,True,408-292-0776,inexpensive,Mcdonald's,False,898 South Bascom Avenue,2019-03-01,1,11:30
3250,Dublin,Indian,False,925-364-7086,moderate,Paradise Biryani Pointe,False,6601 Dublin Boulevard,2019-03-01,2,18:30
3251,San Jose,Indian,False,408-528-8500,moderate,Caspian Village,True,2881 The Villages Parkway,2019-03-02,1,18:00
3252,Santa Clara,Italian,False,408-654-9000,moderate,Tomatina,True,3127 Mission College Boulevard,2019-03-01,2,11:30
3253,San Francisco,Chinese,False,415-529-2615,inexpensive,Dim Sum Club,False,2550 Van Ness Avenue,2019-03-01,2,13:00
3254,San Francisco,Thai,False,415-567-1751,moderate,My Ivy,False,1901 Divisadero Street,2019-03-01,2,13:30
3255,Hayward,Thai,False,510-581-6706,moderate,Siam Palace Thai Cuisine,False,22545 Foothill Boulevard,2019-03-01,2,12:00
3256,Pleasant Hill,Italian,True,925-933-9091,moderate,Zio Fraedo's,False,611 Gregory Lane,2019-03-01,2,18:00
3257,Morgan Hill,Japanese,False,408-778-6288,moderate,Hanami Sushi,False,1295 East Dunne Avenue # 190,2019-03-01,2,17:00
3258,San Francisco,French,False,415-440-4290,moderate,Castagna,False,2015 Chestnut Street,2019-03-13,2,19:30
3259,San Jose,American,False,669-234-5600,moderate,Uncle Buck's Fish Bowl And Grill,False,5160 Cherry Avenue,2019-03-01,3,17:30
3260,Lafayette,Asian,False,925-283-8883,moderate,Amarin Thai Cuisine,False,3555 Mount Diablo Boulevard,2019-03-08,1,13:30
3261,Lafayette,Peruvian,False,925-298-5668,moderate,Barranco Cocina Peruana,True,3596 Mount Diablo Boulevard,2019-03-08,1,12:00
3262,Palo Alto,Italian,False,650-473-9616,expensive,Italico Restaurant,False,341 California Avenue,2019-03-01,2,12:30
3263,Concord,Korean,False,925-825-1318,moderate,Imperial Seafood Restaurant,False,1680 Willow Pass Road,2019-03-01,3,11:00
3264,San Francisco,Brunch,True,415-392-3434,expensive,Top Of The Mark,True,999 California Street,2019-03-10,1,18:30
3265,Mill Valley,American,True,415-381-4400,moderate,Lighthouse Bar & Grill,True,475 East Strawberry Drive,2019-03-01,2,12:30
3266,San Francisco,Brunch,True,415-392-3434,expensive,Top Of The Mark,True,999 California Street,2019-03-01,2,19:00
3267,San Francisco,French,False,415-546-6128,moderate,Mathilde French Bistro,True,315 5th Street,,,
3268,San Francisco,Italian,False,415-543-5100,moderate,54 Mint Ristorante Italiano,True,16 Mint Plaza,2019-03-06,2,11:30
3269,Santa Rosa,Mexican,False,707-571-1082,moderate,Chevys Fresh Mex,False,24 4th Street,,,
3270,Santa Rosa,Mexican,False,707-571-1082,moderate,Chevys Fresh Mex,False,24 4th Street,2019-03-12,2,13:30
3271,Napa,Asian,False,707-501-4444,moderate,Eiko's Sushi,False,1300 1st Street #385,,,
3272,Napa,Asian,False,707-501-4444,moderate,Eiko's Sushi,False,1300 1st Street #385,2019-03-01,2,12:30
3273,Oakland,American,True,510-562-0345,inexpensive,Mcdonald's,False,7300 Bancroft Avenue,2019-03-14,4,13:00
3274,Berkeley,Italian,False,510-558-9000,moderate,Cugini Restaurant,False,1556 Solano Avenue,2019-03-11,3,18:00
3275,Berkeley,Sichuan,False,510-845-5807,inexpensive,Chengdu Style Restaurant,False,2600 Bancroft Way,,,
3276,Berkeley,Sichuan,False,510-845-5807,inexpensive,Chengdu Style Restaurant,False,2600 Bancroft Way,2019-03-04,3,13:00
3277,San Francisco,Chinese,False,415-282-8999,inexpensive,Alice's,False,1599 Sanchez Street,2019-03-02,1,18:30
3278,Napa,Italian,False,707-254-8006,moderate,Allegria,False,1026 1st Street,2019-03-08,3,12:30
3279,San Francisco,Brunch,True,415-392-3434,expensive,Top Of The Mark,True,999 California Street,,,
3280,San Francisco,Brunch,False,(415) 284-9922,expensive,Waterbar Restaurant,True,399 The Embarcadero,,,
3281,San Francisco,Brunch,False,415-551-1590,expensive,Absinthe Brasserie & Bar,True,398 Hayes Street,2019-03-14,1,12:00
3282,San Francisco,Greek,False,415-981-0983,very expensive,Kokkari Estiatorio,False,200 Jackson Street,2019-03-09,3,12:30
3283,San Francisco,Sushi,False,415-355-1328,moderate,Umi,False,1328 18th Street,,,
3284,San Francisco,Gastropub,False,415-921-3944,moderate,Balboa Cafe,True,3199 Fillmore Street,2019-03-13,2,18:00
3285,Berkeley,Asian,False,510-526-4915,moderate,Himalayan Tandoori And Curry House,False,1645 Solano Avenue,2019-03-12,1,13:00
3286,San Francisco,Spanish,True,415-430-6580,expensive,Bellota,True,888 Brannan Street,2019-03-07,2,11:00
3287,Berkeley,Mediterranean,False,510-848-8877,moderate,Alborz Restaurant,True,2142 Center Street,2019-03-02,1,12:00
3288,San Francisco,Japanese,False,415-292-9997,moderate,2g Japanese Brasserie,True,601 Van Ness Avenue,2019-03-07,2,12:00
3289,Napa,Spanish,False,707-224-5551,moderate,La Taberna,False,815 Main Street,2019-03-05,2,13:00
3290,San Francisco,Indian,False,415-777-0500,expensive,Amber,False,25 Yerba Buena Lane,2019-03-08,1,13:00
3291,San Francisco,Italian,False,415-543-5100,moderate,54 Mint Ristorante Italiano,True,16 Mint Plaza,2019-03-09,4,13:30
3292,San Francisco,Japanese,False,415-292-9997,moderate,2g Japanese Brasserie,True,601 Van Ness Avenue,2019-03-05,3,11:30
3293,San Francisco,Italian,False,415-771-2216,moderate,A16,True,2355 Chestnut Street,2019-03-03,4,13:00
3294,Napa,Brazilian,False,707-255-5121,expensive,Galpao Gaucho Brazilian Steakhouse,True,1990 Trower Avenue,,,
3295,Napa,Brazilian,False,707-255-5121,expensive,Galpao Gaucho Brazilian Steakhouse,True,1990 Trower Avenue,2019-03-09,1,11:30
3296,San Francisco,Japanese,False,415-292-9997,moderate,2g Japanese Brasserie,True,601 Van Ness Avenue,2019-03-13,3,11:00
3297,Berkeley,California,False,510-809-0400,moderate,Gather,True,2200 Oxford Street,2019-03-12,2,13:30
3298,Brisbane,Sushi,False,415-656-1889,inexpensive,Teriyaki House,False,114 Old County Road,2019-03-07,4,17:00
3299,Oakland,Japanese,False,510-658-7273,moderate,Kansai,False,4345 Telegraph Avenue,,,
3300,Oakland,Japanese,False,510-922-8619,moderate,Noodle Theory Provisions,True,5849 San Pablo Avenue,,,
3301,Oakland,Japanese,False,510-530-8564,moderate,Ramen And Sushi (nama Japanese Cuisine),True,3400 Fruitvale Avenue,,,
3302,Oakland,Japanese,False,510-271-1888,moderate,Shinmai,True,1825-3 San Pablo Avenue,,,
3303,Oakland,Japanese,False,510-530-8564,moderate,Ramen And Sushi (nama Japanese Cuisine),True,3400 Fruitvale Avenue,2019-03-02,4,17:00
3304,Santa Rosa,Japanese,False,707-542-8282,moderate,Osake,False,2446 Patio Court,2019-03-09,3,11:30
3305,Napa,American,False,707-927-3394,moderate,Forge Napa,True,155 Gasser Drive B,2019-03-03,2,12:00
3306,Rohnert Park,Breakfast,True,707-588-9883,inexpensive,Mcdonald's,True,4625 Redwood Drive,2019-03-03,1,12:30
3307,San Jose,Japanese,False,408-931-6875,moderate,Bluefin,False,754 The Alameda #10,2019-03-12,3,17:00
3308,San Francisco,Japanese,False,415-292-9997,moderate,2g Japanese Brasserie,True,601 Van Ness Avenue,2019-03-02,1,18:30
3309,San Francisco,Coffeehouse,False,415-781-0331,moderate,Acquolina,False,1600 Stockton Street,2019-03-10,1,11:30
3310,Napa,Steakhouse,False,707-819-2500,very expensive,Charlie Palmer Steak Napa,False,1260 1st Street,2019-03-12,4,13:30
3311,Rohnert Park,American,False,707-585-2722,moderate,Bear Republic Brewing Co.,True,5000 Roberts Lake Road,2019-03-11,1,13:00
3312,Berkeley,Tapas,False,510-647-9525,moderate,La Marcha Tapas Bar,False,2026 San Pablo Avenue,2019-03-13,3,12:00
3313,San Francisco,French,False,415-543-0573,expensive,Fringale Restaurant,True,570 4th Street,2019-03-11,3,12:30
3314,Napa,American,False,707-944-2424,expensive,Mustards Grill,False,7399 Saint Helena Highway,2019-03-09,2,12:00
3315,San Francisco,Thai,False,415-379-4505,moderate,Baan Thai House & Wine Bar,False,534 Irving Street,2019-03-12,3,13:00
3316,Berkeley,Asian,False,510-843-7996,moderate,Great China Restaurant,False,2190 Bancroft Way,2019-03-07,3,13:30
3317,San Francisco,Japanese,False,415-567-4903,moderate,Ace Wasabi Rock-n-roll Sushi,False,3339 Steiner Street,2019-03-06,2,11:00
3318,Oakland,Take-out,False,510-563-3842,moderate,Chili's Grill & Bar,True,One Airport Drive Box 39,,,
3319,Oakland,Take-out,False,510-563-3842,moderate,Chili's Grill & Bar,True,One Airport Drive Box 39,2019-03-09,1,13:30
3320,San Francisco,Spanish,False,415-929-8888,moderate,Alegrias,False,2018 Lombard Street,2019-03-12,2,12:00
3321,San Francisco,Chinese,False,415-282-8999,inexpensive,Alice's,False,1599 Sanchez Street,2019-03-13,2,11:30
3322,San Francisco,Thai,False,415-874-9661,moderate,Lers Ros Thai,True,307 Hayes Street,,,
3323,San Francisco,Thai,False,415-536-3266,moderate,Ozone Thai Restaurant And Lounge,True,598 2nd Street,,,
3324,San Francisco,Thai,False,415-566-5311,moderate,Thai Cottage Restaurant,True,4041 Judah Street,,,
3325,San Francisco,Thai,False,415-913-7886,moderate,Krua Thai,True,3214 16th Street,2019-03-05,3,13:00
3326,San Francisco,American,True,415-956-2013,moderate,Hard Rock Cafe,True,39 Pier #256,,,
3327,San Francisco,American,True,415-392-9280,expensive,Hillstone,False,1800 Montgomery Street,,,
3328,San Francisco,American,True,415-923-1138,inexpensive,Mcdonald's,False,1100 Fillmore Street,,,
3329,San Francisco,American,True,415-384-9365,moderate,Mr. Tipple's Recording Studio,True,39 Fell Street,,,
3330,San Francisco,American,True,415-829-2642,moderate,Pa'ina Restaurant & Lounge,True,1865 Post Street,,,
3331,San Francisco,American,True,415-386-8439,moderate,Park Chalet Coastal Beer Garden,True,1000 Great Highway,,,
3332,San Francisco,American,True,415-252-1369,moderate,Sauce,True,131 Gough Street,,,
3333,San Francisco,American,True,415-292-2583,moderate,Biscuits & Blues,False,401 Mason Street,2019-03-13,1,12:00
3334,San Francisco,Japanese,False,415-292-9997,moderate,2g Japanese Brasserie,True,601 Van Ness Avenue,2019-03-06,1,11:30
3335,Santa Rosa,Italian,False,707-539-0260,moderate,Basilico,False,4776 Sonoma Highway,2019-03-02,2,12:30
3336,San Francisco,Japanese,False,415-800-8498,moderate,Akira Japanese Restaurant,True,1634 Bush Street,2019-03-12,2,18:00
3337,Oakland,Asian,False,510-839-8815,moderate,Battambang Restaurant,False,850 Broadway,2019-03-05,2,13:30
3338,Berkeley,American,False,510-647-9329,moderate,B&b Kitchen & Wine Bar,True,2116 Shattuck Avenue,2019-03-12,3,13:30
3339,Santa Rosa,Chinese,False,707-526-5840,moderate,Gary Chu's,True,611 5th Street,2019-03-09,1,13:00
3340,Oakland,Italian,False,510-768-8003,expensive,A16,True,5356 College Avenue,2019-03-10,4,13:30
3341,Berkeley,Spanish,False,510-845-6904,moderate,Juan's Place,False,941 Carleton Street,2019-03-05,1,12:30
3342,San Francisco,Bistro,False,415-276-4048,inexpensive,Bistro 10un,False,1130 Market Street,2019-03-06,3,13:00
3343,Santa Rosa,Sushi,False,707-541-6359,moderate,Haku Sushi,False,518 7th Street,2019-03-02,1,11:00
3344,Oakland,Spanish,False,510-893-0174,expensive,Duende,False,468 19th Street,,,
3345,Oakland,Spanish,False,510-893-0174,expensive,Duende,False,468 19th Street,2019-03-09,1,13:30
3346,San Francisco,Mediterranean,False,415-957-5463,expensive,Barcha,True,28 Fremont Street,2019-03-05,2,17:30
3347,San Francisco,Japanese,False,415-292-9997,moderate,2g Japanese Brasserie,True,601 Van Ness Avenue,2019-03-05,2,17:00
3348,Berkeley,Seafood,False,510-549-1900,expensive,Skates On The Bay,False,100 Seawall Drive,2019-03-01,4,12:30
3349,San Francisco,Chinese,False,415-829-8148,expensive,Hakkasan,True,1 Kearny Street,2019-03-03,2,12:00
3350,San Francisco,American,False,415-872-9409,moderate,Alba Ray's,True,2293 Mission Street,2019-03-05,1,11:30
3351,San Jose,Take-out,False,408-286-7500,moderate,4th St Pizza Co,True,150 East Santa Clara Street,2019-03-11,1,17:00
3352,San Francisco,Japanese,False,415-292-9997,moderate,2g Japanese Brasserie,True,601 Van Ness Avenue,2019-03-13,2,18:00
3353,San Francisco,Japanese,False,415-292-9997,moderate,2g Japanese Brasserie,True,601 Van Ness Avenue,2019-03-12,2,12:00
3354,Brisbane,Sushi,False,415-656-1889,inexpensive,Teriyaki House,False,114 Old County Road,2019-03-10,2,13:30
3355,Livermore,Salad,True,925-449-5768,inexpensive,Mcdonald's,False,283 North P Street,2019-03-07,1,11:00
3356,San Francisco,Spanish,False,415-929-8888,moderate,Alegrias,False,2018 Lombard Street,2019-03-12,3,12:00
3357,Berkeley,Chinese,False,510-558-8367,inexpensive,Crave Asia,False,1301 San Pablo Avenue,2019-03-02,1,13:00
3358,San Francisco,Brunch,False,415-551-1590,expensive,Absinthe Brasserie & Bar,True,398 Hayes Street,2019-03-13,3,17:00
3359,San Francisco,Brunch,False,415-551-1590,expensive,Absinthe Brasserie & Bar,True,398 Hayes Street,2019-03-13,4,17:00
3360,Berkeley,Mediterranean,False,510-540-7773,moderate,La Mediterranee,False,2936 College Avenue,2019-03-04,3,11:00
3361,San Francisco,Italian,False,415-543-5100,moderate,54 Mint Ristorante Italiano,True,16 Mint Plaza,2019-03-14,1,13:30
3362,Berkeley,European,False,510-649-9718,moderate,Luca Cucina Italiana,False,2057 San Pablo Avenue,,,
3363,Berkeley,European,False,510-649-9718,moderate,Luca Cucina Italiana,False,2057 San Pablo Avenue,2019-03-11,3,12:00
3364,San Francisco,American,False,415-359-1212,expensive,1760,False,1760 Polk Street,2019-03-06,2,17:30
3365,San Jose,French,False,408-289-1960,expensive,Emile's,True,545 South 2nd Street,,,
3366,San Jose,French,False,408-244-1244,moderate,Lark Creek Kitchen,True,378 Santana Row #1100,,,
3367,San Jose,French,False,408-296-3730,expensive,Le Papillon,False,410 Saratoga Avenue,,,
3368,San Jose,French,False,415-927-3331,expensive,Left Bank,False,377 Santana Row #1100,,,
3369,San Jose,French,False,480-280-1818,moderate,Seven Restaurant & Lounge,True,754 The Alameda,,,
3370,San Jose,Italian,False,408-295-6459,moderate,Palermo Italian Restaurant,True,791 Auzerais Avenue,,,
3371,San Jose,Italian,False,408-292-7030,expensive,San Jose Original Joe's,True,301 South 1st Street,,,
3372,San Jose,Italian,False,408-380-0040,moderate,Tomatina,True,5245 Prospect Road,,,
3373,Martinez,Sandwich,True,925-370-1633,inexpensive,Mcdonald's,False,1021 Arnold Drive,,,
3374,Palo Alto,Thai,False,650-812-0139,moderate,Siam Fine Thai Cuisine,False,3924 El Camino Real,,,
3375,Palo Alto,Thai,False,650-323-7700,moderate,Thaiphoon Restaurant,False,543 Emerson Street,,,
3376,San Francisco,American,False,415-793-9016,inexpensive,Chaparral,False,471 Haight Street,,,
3377,San Francisco,American,False,415-908-7522,inexpensive,Educated Palate Restaurant,False,88 4th Street,,,
3378,San Francisco,American,False,415-549-3765,inexpensive,Flore On Market,True,2298 Market Street,,,
3379,San Francisco,American,False,415-248-2475,inexpensive,Luques Restaurant & Bar,True,433 Powell Street,,,
3380,San Francisco,American,False,415-341-1080,inexpensive,Urban Putt,False,1096 South Van Ness Avenue,,,
3381,Oakland,Korean,False,510-250-9988,moderate,Azit,False,4390 Telegraph Avenue A,,,
3382,Oakland,Korean,False,510-834-5757,moderate,Gogi Time,True,2600 Telegraph Avenue,,,
3383,Oakland,Korean,False,510-444-7658,moderate,Jong Ga House,False,372 Grand Avenue,,,
3384,Union City,Halal,False,510-471-0357,moderate,Peshawari Kababs,False,33330 Alvarado-Niles Road,,,
3385,Oakland,Cambodian,False,510-482-8989,moderate,Phnom Penh Restaurant,True,3912 MacArthur Boulevard,,,
3386,San Francisco,Mexican,False,415-649-6077,moderate,Tacolicious,True,741 Valencia Street,,,
3387,San Francisco,Mexican,False,415-752-9274,moderate,Tia Margarita,True,300 19th Avenue,,,
3388,Menlo Park,Barbecue,False,650-473-6458,moderate,Juban Yakiniku House,False,712 Santa Cruz Avenue,,,
3389,Antioch,Chinese,False,925-753-1763,moderate,Double Dragon,False,2621 Somersville Road,,,
3390,Antioch,Chinese,False,925-777-1883,moderate,Tao San Jin,False,5867 Lone Tree Way,,,
3391,Redwood City,Mexican,False,650-368-7224,inexpensive,Taqueria Y Carniceria Apatzingan 2,False,739 Chestnut Street,,,
3392,Union City,Mexican,False,510-675-9620,moderate,Chevys Fresh Mex,False,31100 Courthouse Drive,,,
3393,Union City,Mexican,True,510-471-4525,moderate,Mexico Lindo,False,33306 Alvarado-Niles Road,,,
3394,Sebastopol,Gastropub,False,707-861-3825,moderate,Gypsy Cafe,True,162 North Main Street,,,
3395,Vallejo,Mexican,False,707-644-4063,moderate,Chevys Fresh Mex,False,157 Plaza Drive,,,
3396,Hayward,Japanese,False,510-887-0166,moderate,Sushi Ichimoto,False,888 West A Street,,,
3397,Hayward,Japanese,False,510-259-1422,moderate,Takumi Sushi Bar & Grill,True,20413 Hesperian Boulevard,,,
3398,Hayward,Japanese,False,510-940-3800,moderate,Tomodachi Sushi Bistro Restaurant,False,24123 Hesperian Boulevard,,,
3399,Napa,Vegan,False,707-253-8880,moderate,Mango On Main ( A.k.a.mini Mango Thai Bistro),True,1142 Main Street,,,
3400,San Francisco,Sandwich,False,415-551-7332,moderate,Elmira Rosticceria,False,154 McAllister Street,,,
3401,San Francisco,Sandwich,True,415-362-1082,inexpensive,Mcdonald's,False,441 Sutter Street,,,
3402,San Francisco,Sandwich,False,415-525-3799,inexpensive,V-105,False,105 Valencia Street,,,
3403,San Francisco,Sandwich,False,415-787-3354,moderate,Wise Sons Jewish Delicatessen,False,3150 24th Street,,,
3404,Petaluma,Sushi,False,707-773-3232,moderate,Kabuki Japanese Restaurant,False,17 Petaluma Boulevard North,,,
3405,Petaluma,Sushi,False,707-781-9695,moderate,Paradise Sushi & Grill,False,20 East Washington Street,,,
3406,San Leandro,English,False,510-357-3571,moderate,The Englander Sports Pub & Restaurant,True,101 Parrott Street,,,
3407,San Francisco,Brasserie,False,415-777-1413,expensive,Marlowe,False,500 Brannan Street,,,
3408,San Francisco,Indian,False,415-525-4174,expensive,Rooh,True,333 Brannan Street #150,,,
3409,South San Francisco,Thai,False,650-952-5279,moderate,Thai Satay Restaurant & Bar,False,265 Grand Avenue,,,
3410,South San Francisco,Thai,False,650-873-8341,moderate,White Elephant Restaurant,False,146 Hazelwood Drive,,,
3411,Hayward,Thai,False,510-278-4224,moderate,Chai Thai Noodles,False,20955 Mission Boulevard,,,
3412,Hayward,Thai,False,510-266-0400,moderate,Elephant Bar Restaurant,False,24177 Southland Drive,,,
3413,Hayward,Thai,False,510-581-6706,moderate,Siam Palace Thai Cuisine,False,22545 Foothill Boulevard,,,
3414,Walnut Creek,Greek,False,925-891-4700,moderate,Opa Authentic Greek Cuisine Walnut Creek,False,1532 North Main Street,,,
3415,San Carlos,Brunch,False,650-453-3313,moderate,West Park Bistro,False,788 Laurel Street,,,
3416,Daly City,Korean,False,650-755-8128,moderate,Dim Sum King,False,99 Skyline Plaza,,,
3417,Mountain View,Japanese,False,650-386-6821,moderate,Bushido,False,156 Castro Street,,,
3418,Mountain View,Japanese,False,650-965-8301,moderate,Gochi Japanese Fusion Tapas,False,1943 West El Camino Real,,,
3419,Mountain View,Japanese,False,650-988-8686,moderate,Hanabi Sushi,False,1040 North Rengstorff Avenue,,,
3420,Mountain View,Japanese,False,650-903-9668,moderate,Niji Sushi,False,743 West Dana Street,,,
3421,Mountain View,Japanese,False,650-428-0888,moderate,Ramen Izakaya Yu-gen,False,152 Castro Street,,,
3422,Mountain View,Japanese,False,650-961-9086,moderate,Rumble Fish,True,357 Castro Street #3a,,,
3423,Mountain View,Japanese,False,650-965-8898,moderate,Sushi 85,False,1350 Grant Road,,,
3424,Mountain View,Japanese,False,650-948-8388,moderate,Sushi 88 & Ramen,True,506 Showers Drive,,,
3425,Sunnyvale,Mediterranean,False,408-685-2269,moderate,Obed,False,911 East Duane Avenue,,,
3426,Sunnyvale,Mediterranean,False,408-735-9971,moderate,Taverna Bistro,False,133 South Murphy Avenue,,,
3427,Foster City,Cantonese,False,650-577-1832,moderate,Cooking Papa,False,949A Edgewater Boulevard,,,
3428,Los Gatos,Seafood,False,408-395-1611,expensive,Steamer's Grillhouse,False,31 University Avenue,,,
3429,San Rafael,Gastropub,False,415-295-7929,moderate,The State Room,True,1132 4th Street,,,
3430,Redwood City,Thai,False,650-556-9966,moderate,Erawan Thai Restaurant,True,2639 Broadway,,,
3431,Redwood City,Thai,False,650-365-4079,moderate,Karakade Thai Cuisine,False,593 Woodside Road G,,,
3432,Redwood City,Thai,False,650-365-2288,moderate,Thaibodia,False,910 Woodside Road,,,
3433,San Carlos,Asian,False,650-593-1035,inexpensive,King Chuan,False,1188 San Carlos Avenue,,,
3434,Fremont,Hunan,False,510-687-1222,moderate,Hunan Cuisine,False,6004 Stevenson Boulevard,,,
3435,San Leandro,Sandwich,True,510-352-7722,inexpensive,Mcdonald's,False,14823 East 14th Street,,,
3436,Occidental,French,False,707-874-2703,moderate,Bistro Des Copains,True,3782 Bohemian Highway,,,
3437,Tiburon,Seafood,True,415-435-6802,moderate,Guaymas Restaurant,True,5 Main Street,,,
3438,Vacaville,Italian,False,707-448-1600,moderate,Evelyn's Big Italian Pizzeria & Ristorante,True,555 Main Street,,,
3439,Vacaville,Italian,True,707-447-5560,moderate,Fuso | Italian Restaurant,False,535 Main Street,,,
3440,Morgan Hill,Mediterranean,False,408-782-5151,expensive,Odeum,False,17500 Depot Street #180,,,
3441,Walnut Creek,Mediterranean,False,925-322-8671,moderate,Lokanta Grill & Bar,True,1520 Locust Street,,,
3442,Walnut Creek,Mediterranean,False,925-933-1000,moderate,Taheri's Mediterranean Restaurant & Catering,False,2999 Oak Road A,,,
3443,Livermore,Seafood,False,925-443-4100,moderate,Clay Oven,False,2417 First Street,,,
3444,Livermore,Seafood,False,925-667-5891,inexpensive,El Charro Mexican Food & Cantina,False,186 Maple Street,,,
3445,Cupertino,Shanghai,False,408-517-9812,moderate,Shanghai Garden,True,20956 Homestead Road,,,
3446,Danville,California,False,925-820-9720,expensive,Bridges,False,44 Church Street,,,
3447,Danville,California,False,925-362-3665,moderate,Danville Harvest,False,500 Hartz Avenue,,,
3448,Danville,California,False,925-820-6611,expensive,The Peasant & The Pear,False,267 Hartz Avenue,,,
3449,Los Gatos,American,False,408-354-8118,moderate,California Cafe,False,50 University Avenue #260,,,
3450,San Francisco,Korean,False,415-541-4949,expensive,Yank Sing,False,49 Stevenson Street,,,
3451,Los Altos,French,False,650-917-9030,very expensive,Ambience Restaurant,True,132 State Street,,,
3452,Los Gatos,Greek,False,408-399-7417,moderate,Opa! Los Gatos,False,27 North Santa Cruz Avenue,,,
3453,Los Gatos,Thai,False,408-442-5977,moderate,Coup De Thai,False,137 North Santa Cruz Avenue,,,
3454,Los Gatos,Thai,False,408-354-2785,moderate,Thai Spice,True,337 North Santa Cruz Avenue,,,
3455,San Francisco,Japanese,False,415-829-8291,expensive,Hinata Sushi,False,810 Van Ness Avenue,,,
3456,San Francisco,Japanese,False,415-525-4750,expensive,Ichi Sushi,False,3369 Mission Street,,,
3457,San Francisco,Japanese,False,415-752-5652,expensive,Kabuto Sushi,False,5121 Geary Boulevard,,,
3458,San Francisco,Japanese,False,415-567-3397,expensive,Okoze Sushi,False,1207 Union Street,,,
3459,San Francisco,Japanese,False,415-882-1333,expensive,Ozumo,False,161 Steuart Street,,,
3460,San Jose,Taco,False,415-649-6077,moderate,Tacolicious,True,300 Santana Row,,,
3461,Napa,Greek,False,707-255-5599,moderate,Tarla Mediterranean Bar + Grill Napa Valley Restaurant,True,"1480 First St Napa, Ca 94559",,,
3462,Hayward,Mexican,False,510-785-8200,moderate,The Mexican Restaurant & Bar,True,19950 Hesperian Boulevard,,,
3463,Mill Valley,American,True,415-383-0184,inexpensive,Mcdonald's,False,600 Redwood Highway,,,
3464,Mill Valley,American,False,415-381-9000,moderate,Mountain Home Inn,False,810 Panoramic Highway,,,
3465,Redwood City,Seafood,False,650-366-1688,moderate,Oh Baby Sushi,False,2139 Roosevelt Avenue,,,
3466,Dublin,Halal,False,925-999-8820,moderate,Pamir Restaurant,False,4288 Dublin Boulevard #111,,,
3467,San Francisco,Italian,True,415-885-8850,expensive,Zingari Ristorante + Jazz Bar,True,501 Post Street,,,
3468,Milpitas,Chinese,False,408-922-6882,inexpensive,Perfect Chinese Food,False,550 Barber Lane,,,
3469,Point Reyes Station,Seafood,False,415-663-1264,moderate,Due West,False,10005 California 1,,,
3470,Point Reyes Station,Seafood,True,415-663-1515,moderate,Station House Cafe,True,11180 California 1,,,
3471,Concord,Thai,False,925-524-0768,moderate,Bronze Buddha,False,5434 Ygnacio Valley Road #90,,,
3472,Concord,Thai,False,925-692-1199,moderate,Mai Thai 2,False,4710 Clayton Road,,,
3473,San Jose,Portuguese,False,408-926-9075,very expensive,Adega,False,1614 Alum Rock Avenue,,,
3474,Millbrae,Seafood,False,650-697-4004,moderate,Little Whale Seafood,False,716 Magnolia Avenue,,,
3475,Millbrae,Seafood,False,650-636-4105,inexpensive,One Piece Sushi,False,108 Park Place,,,
3476,Millbrae,Seafood,False,650-697-9988,moderate,Zen Sushi Bistro,True,420 Broadway,,,
3477,San Carlos,Italian,False,650-486-1539,moderate,Delizie,False,1107 San Carlos Avenue,,,
3478,San Carlos,Italian,False,650-592-7749,moderate,La Tosca,True,777 Laurel Street,,,
3479,San Carlos,Italian,False,650-453-3768,moderate,"Pranzi ""northern Italian Restaurant""",True,777 Laurel Street,,,
3480,San Carlos,Italian,False,650-592-5886,moderate,Spasso,False,769 Laurel Street,,,
3481,Milpitas,Vietnamese,False,408-934-9327,moderate,Vung Tau Ii Restaurant,True,1750 North Milpitas Boulevard,2019-03-01,2,18:30
3482,San Francisco,Gastropub,False,415-814-2671,expensive,The Dorian,True,2001 Chestnut Street,2019-03-01,3,13:00
3483,Union City,Indian,False,925-560-9310,moderate,Favorite Indian Restaurant,False,1706 Decoto Road,,,
3484,Union City,Indian,False,510-471-6666,moderate,Kabila,False,29286 Union City Boulevard,,,
3485,Union City,Indian,False,510-471-6666,moderate,Kabila,False,29286 Union City Boulevard,2019-03-01,2,13:30
3486,Santa Rosa,Mediterranean,False,707-568-7604,moderate,Monti's,False,714 Village Court,,,
3487,Santa Rosa,Mediterranean,False,707-568-7604,moderate,Monti's,False,714 Village Court,2019-03-01,4,18:30
3488,San Jose,Seafood,False,408-269-8383,moderate,Ariake,False,1008 Blossom Hill Road,2019-03-01,2,11:30
3489,Petaluma,Indian,True,707-775-4717,moderate,Shree Indian Cuisine,True,220 Western Avenue,2019-03-01,2,18:00
3490,San Francisco,Salad,False,415-392-2275,moderate,Bask,True,42 Columbus Avenue,2019-03-01,2,18:00
3491,San Jose,Italian,False,408-369-9820,moderate,Al Castello Ristorante,False,2083 Camden Avenue,2019-03-01,2,18:00
3492,San Jose,Breakfast,True,408-238-4321,inexpensive,Mcdonald's,False,3221 South White Road,,,
3493,San Jose,Breakfast,True,408-528-6700,inexpensive,Mcdonald's,True,202 Eastridge Mall Relo,2019-03-01,2,12:00
3494,Concord,Japanese,False,925-332-7610,moderate,Kamrai Sushi & Thai Grill,False,4743 Clayton Road Suite 1,2019-03-01,2,11:30
3495,Daly City,Chinese,False,650-756-8900,inexpensive,Jade Dragon Restaurant,False,2368 Junipero Serra Boulevard,2019-03-01,2,11:30
3496,Mountain View,Japanese,False,650-386-6821,moderate,Bushido,False,156 Castro Street,2019-03-07,2,17:00
3497,San Francisco,American,False,415-495-5875,expensive,25 Lusk,True,25 Lusk Street,2019-03-01,2,18:30
3498,Campbell,Seafood,False,408-879-9091,moderate,Pacific Catch,True,1875 South Bascom Avenue #550,2019-03-08,2,19:30
3499,Berkeley,Italian,False,510-644-3848,moderate,Filippo's Berkeley Elmwood,True,2930 College Avenue,2019-03-02,1,11:30
3500,San Francisco,Japanese,False,415-292-4886,expensive,An Japanese Restaurant,False,22 Peace Plz #510,2019-03-02,2,18:00
3501,San Francisco,Seafood,False,415-989-8218,expensive,Akiko's Sushi Bar,True,542 A Mason Street,2019-03-01,2,13:00
3502,Antioch,Chinese,False,925-753-1763,moderate,Double Dragon,False,2621 Somersville Road,2019-03-04,1,11:30
3503,Oakland,Sandwich,True,510-261-1424,inexpensive,Mcdonald's,True,2520 East 12th Street,2019-03-07,2,12:00
3504,San Jose,Tex-Mex,False,408-532-6727,moderate,Chili's Grill & Bar,True,2185 Eastridge Loop,2019-03-01,1,17:30
3505,Napa,Mexican,False,707-252-4707,moderate,Don Perico Mexican Restaurant,False,1106 1st Street,2019-03-01,2,13:30
3506,San Francisco,Sushi,False,415-548-2429,expensive,Robin,False,620 Gough Street,2019-03-02,1,19:00
3507,San Francisco,American,False,415-495-5875,expensive,25 Lusk,True,25 Lusk Street,2019-03-03,2,18:30
3508,Santa Rosa,Asian,False,650-235-9339,moderate,Best Of Burma,False,528 7th Street,,,
3509,Santa Rosa,Asian,False,707-526-0888,moderate,China Star,False,2101 West College Avenue,,,
3510,Santa Rosa,Asian,False,707-545-8424,moderate,Khoom Lanna,False,107 4th Street,,,
3511,Santa Rosa,Asian,False,707-545-8424,moderate,Khoom Lanna,False,107 4th Street,2019-03-01,2,17:00
3512,San Jose,Vietnamese,False,408-246-5251,moderate,Bowl & Plate At White Shallot,True,3143 Stevens Creek Boulevard,2019-03-01,2,11:00
3513,Livermore,American,True,925-961-9090,inexpensive,Mcdonald's,False,805 North Vasco Road,,,
3514,Livermore,American,True,925-961-9090,inexpensive,Mcdonald's,False,805 North Vasco Road,2019-03-01,4,11:00
3515,San Francisco,Mediterranean,False,415-399-1155,expensive,Boulibar,True,One Ferry Building #35,2019-03-01,2,17:00
3516,San Jose,American,False,408-261-5787,moderate,Bazille,True,2400 Forest Avenue,2019-03-03,2,17:00
3517,Menlo Park,Italian,False,650-322-1211,moderate,Ristorante Carpaccio,True,1120 Crane Street,2019-03-09,1,17:00
3518,San Francisco,American,False,415-359-1212,expensive,1760,False,1760 Polk Street,2019-03-08,3,13:00
3519,Berkeley,California,False,510-809-0400,moderate,Gather,True,2200 Oxford Street,2019-03-01,2,11:30
3520,Menlo Park,Chinese,False,650-752-6173,moderate,Yum Cha Palace,False,1039 El Camino Real,2019-03-09,1,13:00
3521,Alameda,Italian,False,510-769-4828,moderate,C'era Una Volta,False,1332 Park Street D,2019-03-01,2,11:00
3522,San Francisco,Italian,False,415-543-5100,moderate,54 Mint Ristorante Italiano,True,16 Mint Plaza,2019-03-01,2,11:00
3523,San Jose,Chinese,False,408-226-3666,moderate,China Delight,False,5813 Cottle Road,2019-03-01,2,17:30
3524,Antioch,Mexican,True,925-754-1355,moderate,Celia's Mexican Restaurant,False,523 West 10th Street,2019-03-02,2,12:00
3525,Los Gatos,Mexican,False,408-395-8578,moderate,Pedro's,False,316 North Santa Cruz Avenue,,,
3526,Los Gatos,Mexican,False,408-884-8268,moderate,Zona Rosa Los Gatos,False,81 West Main Street,,,
3527,Los Gatos,Mexican,False,408-395-8578,moderate,Pedro's,False,316 North Santa Cruz Avenue,2019-03-02,1,11:30
3528,San Francisco,Sandwich,True,415-362-1082,inexpensive,Mcdonald's,False,441 Sutter Street,2019-03-01,2,18:00
3529,Fremont,Indian,False,510-598-4940,moderate,Paradise Biryani Pointe,False,5029 Mowry Avenue,2019-03-01,2,11:00
3530,San Francisco,Coffeehouse,False,415-989-2038,inexpensive,Broadway Dim Sum,False,684 Broadway,2019-03-01,2,19:00
3531,Mountain View,Asian,True,650-969-7041,inexpensive,Happi House Famous Teriyaki,True,286 West El Camino Real,,,
3532,Mountain View,Asian,True,650-969-7041,inexpensive,Happi House Famous Teriyaki,True,286 West El Camino Real,2019-03-01,2,13:00
3533,San Leandro,Asian,False,510-650-3051,moderate,Creasian,True,1269 MacArthur Boulevard,,,
3534,San Leandro,Asian,False,510-317-9998,moderate,New Dragon Buffet,False,15073 East 14th Street,,,
3535,San Leandro,Asian,False,510-650-3051,moderate,Creasian,True,1269 MacArthur Boulevard,2019-03-03,2,17:30
3536,Albany,Indian,False,510-524-2220,inexpensive,Aangan,False,856 San Pablo Avenue,,,
3537,Albany,Asian,False,510-528-3932,inexpensive,Sabuy Sabuy Ii,False,1233 San Pablo Avenue,,,
3538,Albany,Asian,False,510-525-2791,moderate,White Lotus Thai Cuisine,False,843 San Pablo Avenue,,,
3539,Albany,Asian,False,510-528-3932,inexpensive,Sabuy Sabuy Ii,False,1233 San Pablo Avenue,2019-03-01,2,11:00
3540,San Jose,Japanese,False,408-931-6875,moderate,Bluefin,False,754 The Alameda #10,2019-03-01,2,19:00
3541,Vacaville,Japanese,False,707-448-4002,moderate,Hisui | Japanese Restaurant,False,1350 East Monte Vista Avenue,2019-03-06,3,12:00
3542,San Francisco,Brunch,False,415-551-1590,expensive,Absinthe Brasserie & Bar,True,398 Hayes Street,2019-03-02,2,12:30
3543,Milpitas,Japanese,False,408-946-5100,moderate,My No.1 Sushi & Tofu,True,1747 North Milpitas Boulevard,2019-03-02,2,19:30
3544,San Francisco,Greek,False,415-981-0983,very expensive,Kokkari Estiatorio,False,200 Jackson Street,2019-03-01,3,17:00
3545,Vacaville,Sandwich,True,707-449-6477,inexpensive,Mcdonald's,False,990 Alamo Drive,,,
3546,Vacaville,Sandwich,True,707-449-6477,inexpensive,Mcdonald's,False,990 Alamo Drive,2019-03-02,2,11:30
3547,San Bruno,Korean,False,650-873-3030,moderate,K.grill & Tofu House,False,617 San Mateo Avenue,,,
3548,San Bruno,Korean,False,650-588-5559,moderate,Hiro,True,449 San Mateo Avenue,2019-03-08,2,13:00
3549,San Francisco,California,False,415-416-6136,moderate,Al's Place,True,1499 Valencia Street,2019-03-07,1,19:30
3550,San Francisco,Greek,False,415-664-6739,moderate,Orexi Restaurant,False,243 West Portal Avenue,2019-03-01,2,12:30
3551,Redwood City,Thai,False,650-556-9966,moderate,Erawan Thai Restaurant,True,2639 Broadway,2019-03-01,2,11:00
3552,San Francisco,Buffet,False,415-682-4578,moderate,Fiery Hot Pot Buffet,False,1626 Taraval,,,
3553,San Francisco,Buffet,False,415-682-4578,moderate,Fiery Hot Pot Buffet,False,1626 Taraval,2019-03-01,2,13:00
3554,San Francisco,Mexican,False,415-781-0894,moderate,La Fusion,False,475 Pine Street,,,
3555,San Francisco,Mexican,False,415-434-5000,moderate,Mango's Taqueria & Cantina,False,Pier 39 #255,,,
3556,San Francisco,Mexican,False,415-561-3650,moderate,Arguello,True,50 Moraga Avenue,2019-03-01,2,19:30
3557,Livermore,Mediterranean,False,925-373-0306,moderate,Demitri's Taverna,False,2235 First Street,2019-03-01,2,13:30
3558,San Francisco,Coffeehouse,False,415-989-2038,inexpensive,Broadway Dim Sum,False,684 Broadway,2019-03-02,2,12:30
3559,San Jose,Indian,False,408-248-5400,expensive,Amber India,True,377 Santana Row #1140,2019-03-01,3,13:00
3560,Berkeley,Seafood,False,510-524-1286,moderate,Akemi Japanese Restaurant,True,1695 Solano Avenue,2019-03-01,2,18:00
3561,Berkeley,Contemporary,False,510-526-2542,expensive,Rivoli Restaurant,False,1539 Solano Avenue,,,
3562,Berkeley,Contemporary,False,510-526-2542,expensive,Rivoli Restaurant,False,1539 Solano Avenue,2019-03-01,2,12:00
3563,Union City,Seafood,False,510-487-1033,inexpensive,Hong Kong Restaurant,False,4100 Dyer Street,,,
3564,Union City,Seafood,False,510-487-1033,inexpensive,Hong Kong Restaurant,False,4100 Dyer Street,2019-03-01,1,18:00
3565,San Francisco,Italian,False,415-928-4002,moderate,Allegro Romano,False,1701 Jones Street,2019-03-01,2,12:30
3566,San Francisco,Japanese,False,415-292-9997,moderate,2g Japanese Brasserie,True,601 Van Ness Avenue,2019-03-01,2,19:00
3567,Alameda,Mediterranean,False,510-521-4100,moderate,Asena,False,2508 Santa Clara Avenue,,,
3568,Alameda,Mediterranean,False,510-521-4100,moderate,Asena,False,2508 Santa Clara Avenue,2019-03-01,2,12:30
3569,Sonoma,California,False,707-931-3405,expensive,Carneros Bistro,True,1325 Broadway,,,
3570,Sonoma,California,False,707-931-3405,expensive,Carneros Bistro,True,1325 Broadway,2019-03-01,2,11:30
3571,Brentwood,Mexican,False,925-240-6105,moderate,Jalisco's Restaurant,False,8335 Brentwood Boulevard B,,,
3572,Brentwood,Mexican,True,925-516-2233,moderate,La Fuente Mexican Bar Restaraunt,False,642 1st Street,,,
3573,Brentwood,Mexican,False,925-240-6105,moderate,Jalisco's Restaurant,False,8335 Brentwood Boulevard B,2019-03-01,2,12:00
3574,San Francisco,Gastropub,False,415-433-4332,moderate,Bartlett Hall,True,242 O'Farrell Street,2019-03-02,4,11:00
3575,Oakland,Vegetarian,False,510-832-9463,moderate,Encuentro,True,550 2nd Street,,,
3576,Oakland,Vegetarian,False,510-652-7350,moderate,Juhu Beach Club,True,5179 Telegraph Aveneue,,,
3577,San Francisco,Japanese,False,415-387-8882,inexpensive,Okina Sushi,False,776 Arguello Boulevard,,,
3578,San Francisco,Japanese,False,415-829-7668,inexpensive,There Sushi Bar & Restaurant,True,393 Bay Street,,,
3579,San Francisco,Japanese,False,415-333-2889,inexpensive,Yama Sushi,False,850 Holloway Avenue,,,
3580,San Francisco,Mexican,False,415-401-9420,inexpensive,La Laguna,False,3906 3rd Street,,,
3581,San Francisco,Mexican,False,415-346-3515,inexpensive,The City Taqueria,False,1836 Divisadero Street #2,,,
3582,San Francisco,Mexican,False,415-401-9420,inexpensive,La Laguna,False,3906 3rd Street,2019-03-01,2,12:00
3583,Los Gatos,California,False,408-354-1600,expensive,The Lexington House,True,40 North Santa Cruz Avenue,,,
3584,Los Gatos,California,False,408-354-1600,expensive,The Lexington House,True,40 North Santa Cruz Avenue,2019-03-07,3,18:00
3585,San Francisco,African,False,415-826-9660,inexpensive,Radio Africa Kitchen,True,4800 3rd Street,2019-03-14,2,13:30
3586,Oakland,Vietnamese,False,510-893-8136,inexpensive,Binh Minh Quan,False,338 12th Street,2019-03-12,2,12:00
3587,Redwood City,Brunch,False,650-482-2850,moderate,Stacks - Redwood City,False,314 El Camino Real,2019-03-01,1,13:30
3588,Millbrae,Greek,False,650-875-1616,moderate,Zorba's Pizza,False,1567 El Camino Real,,,
3589,Millbrae,Greek,False,650-875-1616,moderate,Zorba's Pizza,False,1567 El Camino Real,2019-03-01,2,19:30
3590,Walnut Creek,French,False,925-891-4197,moderate,Cypress Restaurant,True,1388 Locust Street,2019-03-05,2,17:30
3591,Burlingame,Indian,False,650-340-7272,expensive,Rasa,False,209 Park Road,2019-03-01,2,13:00
3592,Cupertino,American,False,669-266-6752,moderate,Eureka!,True,19369 Stevens Creek Boulevard Suite 130,,,
3593,Cupertino,American,False,408-359-4690,moderate,Lazy Dog Restaurant & Bar,True,19359 Stevens Creek Boulevard,,,
3594,Cupertino,Seafood,False,408-725-1749,moderate,Kikusushi Japanese Restaurant,True,1655 South De Anza Boulevard,2019-03-01,2,18:00
3595,San Ramon,Asian,False,925-355-9888,moderate,Pearl Garden Restaurant,True,2101 Camino Ramon #100,2019-03-01,2,17:30
3596,Mountain View,Coffeehouse,False,650-967-7477,moderate,Bajis Cafe,True,2423 Old Middlefield Way,2019-03-01,2,17:00
3597,San Jose,Seafood,False,408-269-3474,moderate,The Fish Market,True,1007 Blossom Hill Road,,,
3598,San Jose,Seafood,False,408-225-1420,moderate,Olive Garden Italian Restaurant,True,940 Blossom Hill Road,2019-03-10,2,13:30
3599,South San Francisco,Chinese,False,650-588-6858,inexpensive,New Golden Wok,False,136 Hazelwood Drive,2019-03-04,1,12:30
3600,South San Francisco,Filipino,True,650-871-2222,moderate,"Fort Mckinley Restaurant, Bar & Banquet",False,101 Brentwood Drive,,,
3601,South San Francisco,Filipino,True,510-776-9493,moderate,Ichiban Filipino Cuisine,False,120 Hazelwood Drive,,,
3602,South San Francisco,Filipino,False,650-589-4405,moderate,Karilagan,False,1129 El Camino Real,,,
3603,South San Francisco,Filipino,False,650-872-6748,moderate,"Max's Restaurant, Cuisine Of The Philippines",False,1155 El Camino Real,,,
3604,South San Francisco,Filipino,False,650-615-9618,moderate,Ongpin Restaurant,False,73 Camaritas Avenue,,,
3605,South San Francisco,Filipino,True,650-871-2222,moderate,"Fort Mckinley Restaurant, Bar & Banquet",False,101 Brentwood Drive,2019-03-08,2,13:30
3606,San Francisco,Laotian,False,415-347-7755,moderate,Maneelap Srimongkoun Restaurant,False,4995 Mission Street,2019-03-01,2,11:00
3607,San Jose,Coffeehouse,True,408-926-4233,inexpensive,Mcdonald's,False,2353 McKee Road,,,
3608,Benicia,Coffeehouse,True,707-745-9938,moderate,The Rellik Tavern,True,726 1st Street,2019-03-13,3,11:00
3609,Windsor,American,False,707-838-7800,moderate,Kc's American Kitchen,False,9501 Duvander Lane,2019-03-07,2,13:00
3610,San Francisco,European,False,415-802-1700,expensive,Bon Marche Brasserie & Bar,True,1355 Market Street #120,2019-03-12,2,18:00
3611,Berkeley,Tapas,False,510-559-9006,moderate,Fonda,True,1501 Solano Avenue,2019-03-01,3,12:30
3612,Berkeley,Italian,False,510-558-9000,moderate,Cugini Restaurant,False,1556 Solano Avenue,2019-03-01,2,12:30
3613,San Francisco,Italian,False,415-292-3699,expensive,Ala Romana,True,1098 Jackson Street,2019-03-01,2,12:00
3614,San Francisco,Mexican,False,415-561-3650,moderate,Arguello,True,50 Moraga Avenue,2019-03-07,3,19:30
3615,Fairfield,American,False,707-421-8292,moderate,Red Lobster,True,1525 Travis Boulevard,2019-03-01,1,12:30
3616,San Jose,Coffeehouse,True,408-923-8313,inexpensive,Mcdonald's,False,2680 Story Road,2019-03-01,2,13:00
3617,Oakland,Coffeehouse,False,510-420-6962,expensive,Homestead,False,4029 Piedmont Avenue,2019-03-03,1,18:30
3618,Moraga,Italian,False,925-376-4444,moderate,La Finestra Ristorante,True,1419 Moraga Way,2019-03-01,2,11:30
3619,Sebastopol,Japanese,False,707-823-3778,moderate,Sushi Hana,False,6930 Burnett Street,,,
3620,Sebastopol,Japanese,False,707-824-9886,moderate,Sushi Tozai,False,7531 Healdsburg Avenue,,,
3621,Sebastopol,Japanese,False,707-824-9886,moderate,Sushi Tozai,False,7531 Healdsburg Avenue,2019-03-01,2,18:30
3622,San Francisco,Italian,False,415-771-2216,moderate,A16,True,2355 Chestnut Street,2019-03-10,2,17:00
3623,San Francisco,California,False,415-284-4188,expensive,Grill At The St. Regis,True,125 3rd Street,2019-03-01,1,12:30
3624,Concord,Chinese,False,925-827-4800,inexpensive,Hunan Restaurant,False,4804 Clayton Road,2019-03-08,2,18:00
3625,Berkeley,Laotian,False,510-841-2002,moderate,Dara Thai/lao Cuisine,False,1549 Shattuck Avenue,,,
3626,Berkeley,Laotian,False,510-841-2002,moderate,Dara Thai/lao Cuisine,False,1549 Shattuck Avenue,2019-03-01,3,18:30
3627,Pacifica,Mexican,True,650-355-7873,moderate,The Surf Spot,True,4627 Pacific Coast Highway,,,
3628,Pacifica,Mexican,True,650-355-7873,moderate,The Surf Spot,True,4627 Pacific Coast Highway,2019-03-01,2,11:30
3629,Mountain View,Japanese,False,650-386-6821,moderate,Bushido,False,156 Castro Street,2019-03-07,2,18:00
3630,Lafayette,Italian,False,925-310-4337,moderate,Locanda Positano,True,1005 Brown Avenue,2019-03-11,1,11:30
3631,San Francisco,American,False,415-814-3709,expensive,3rd Cousin,False,919 Cortland Avenue,2019-03-06,1,19:00
3632,Burlingame,American,False,650-373-2237,moderate,37 North,False,835 Airport Boulevard,2019-03-02,2,13:30
3633,San Jose,Steakhouse,False,408-266-6602,moderate,Black Angus Steakhouse,True,1011 Blossom Hill Road,2019-03-01,2,12:00
3634,San Jose,Breakfast,True,408-238-4321,inexpensive,Mcdonald's,False,3221 South White Road,2019-03-01,3,18:00
3635,San Francisco,Asian,False,415-863-9335,moderate,Bai Thong Thai,False,298 Gough Street,2019-03-04,2,18:30
3636,San Francisco,Lebanese,False,415-648-1444,moderate,Arabian Nights,False,2345 Mission Street,,,
3637,San Francisco,Lebanese,False,415-525-3901,moderate,Mazzat,False,501 Fell Street,,,
3638,San Francisco,Lebanese,False,415-648-1444,moderate,Arabian Nights,False,2345 Mission Street,2019-03-11,2,19:30
3639,Berkeley,Chinese,False,510-558-8367,inexpensive,Crave Asia,False,1301 San Pablo Avenue,2019-03-01,2,12:00
3640,San Francisco,Japanese,False,415-292-9997,moderate,2g Japanese Brasserie,True,601 Van Ness Avenue,2019-03-01,1,17:30
3641,San Francisco,Seafood,False,415-989-8218,expensive,Akiko's Sushi Bar,True,542 A Mason Street,2019-03-01,2,13:30
3642,Healdsburg,American,False,707-473-8030,expensive,Chalkboard,False,29 North Street,2019-03-01,2,19:00
3643,Castro Valley,Thai,False,510-538-4400,moderate,Top Thai Cuisine,False,3837 Castro Valley Boulevard,2019-03-06,2,12:00
3644,San Francisco,Chinese,False,415-775-3679,inexpensive,Bamboo Restaurant,True,1441 Polk Street,2019-03-01,2,17:30
3645,Milpitas,Italian,False,408-935-9875,moderate,Romano's Macaroni Grill,True,110 Ranch Drive,,,
3646,Milpitas,Italian,False,408-946-4000,moderate,Zahir's Bistro,False,579 South Main Street,,,
3647,Milpitas,Italian,False,408-935-9875,moderate,Romano's Macaroni Grill,True,110 Ranch Drive,2019-03-01,3,11:30
3648,Rohnert Park,Sushi,False,707-795-9700,moderate,Honey Cuisine,False,1712 East Cotati Avenue,2019-03-01,2,19:00
3649,San Jose,Asian,False,408-239-3149,inexpensive,China Garden Restaurant,False,1890 West San Carlos Street,2019-03-01,2,12:30
3650,Oakland,Mediterranean,False,510-836-4444,inexpensive,Marhaba Indian & Pakistani Halal Cuisine,False,1437 Franklin Street,2019-03-01,2,11:30
3651,San Francisco,Japanese,False,415-800-8498,moderate,Akira Japanese Restaurant,True,1634 Bush Street,2019-03-13,1,13:30
3652,San Francisco,Nepalese,False,415-647-2222,moderate,Cuisine Of Nepal Restaurant,False,3486 Mission Street,2019-03-01,2,18:00
3653,San Bruno,Filipino,False,650-952-5739,inexpensive,Kuya's Asian Cuisine,False,460 San Mateo Avenue,2019-03-14,3,18:30
3654,Burlingame,Asian,False,650-548-0300,moderate,Barracuda Japanese Restaurant,False,347 Primrose Road,2019-03-04,2,19:00
3655,Oakland,Chinese,False,510-839-9697,moderate,Fortune Restaurant,True,940 Webster Street,2019-03-01,2,17:30
3656,Mountain View,Japanese,False,650-386-6821,moderate,Bushido,False,156 Castro Street,2019-03-09,2,19:00
3657,St. Helena,American,False,707-968-9200,expensive,Archetype,False,1429 Main Street,2019-03-09,3,19:30
3658,Santa Clara,Chinese,False,408-984-6688,moderate,Chef Ming's,False,61 Washington Street,2019-03-01,2,13:00
3659,San Francisco,Basque,False,415-282-8867,moderate,Esperpento Restaurant,False,3295 22nd Street,2019-03-05,2,11:00
3660,San Francisco,Basque,False,415-282-8867,moderate,Esperpento Restaurant,False,3295 22nd Street,2019-03-06,2,19:30
3661,Milpitas,Fondue,False,408-262-7888,moderate,Shabu House,False,1191 East Calaveras Boulevard,,,
3662,Milpitas,Fondue,False,408-262-7888,moderate,Shabu House,False,1191 East Calaveras Boulevard,2019-03-07,2,18:30
3663,Half Moon Bay,Mexican,False,650-726-7357,moderate,Spanishtown Mexican Restaurant,False,515 Church Street,,,
3664,Half Moon Bay,Mexican,False,650-726-7357,moderate,Spanishtown Mexican Restaurant,False,515 Church Street,2019-03-01,1,19:30
3665,Redwood City,Sushi,False,650-264-8418,moderate,Otoko Sushi,False,240 Redwood Shores Parkway,,,
3666,Los Altos,Sushi,False,650-941-9898,moderate,Sumo Sushi Boat,False,355 State Street,,,
3667,Los Altos,Sushi,False,650-941-9898,moderate,Sumo Sushi Boat,False,355 State Street,2019-03-01,2,13:00
3668,Windsor,Japanese,False,707-836-1699,moderate,Qimura Sushi & Ramen,False,8960 Brooks Road South,,,
3669,Windsor,Japanese,False,707-836-1699,moderate,Qimura Sushi & Ramen,False,8960 Brooks Road South,2019-03-01,3,17:00
3670,Walnut Creek,American,False,925-927-1149,moderate,A'trio,False,2355 North Main Street,2019-03-04,4,12:00
3671,Petaluma,Mexican,False,707-776-4949,moderate,Plaza Tequila Taqueira Bar & Grill,False,600 East Washington Street,,,
3672,Petaluma,Mexican,False,707-776-4949,moderate,Plaza Tequila Taqueira Bar & Grill,False,600 East Washington Street,2019-03-04,2,12:00
3673,Redwood City,Asian,False,650-483-8881,moderate,Crouching Tiger Restaurant,False,2644 Broadway,,,
3674,Redwood City,Asian,False,650-369-3240,moderate,Higuma Japanese Restaurant,False,540 El Camino Real,,,
3675,Redwood City,Asian,False,650-483-8881,moderate,Crouching Tiger Restaurant,False,2644 Broadway,2019-03-01,3,19:30
3676,San Francisco,Seafood,False,415-440-2828,moderate,Alamo Square Seafood Grill,False,803 Fillmore Street,2019-03-03,2,17:30
3677,San Jose,Indian,False,408-248-5400,expensive,Amber India,True,377 Santana Row #1140,2019-03-04,2,13:30
3678,Palo Alto,American,False,650-688-2614,moderate,Bazille,True,550 Stanford Shopping Center,2019-03-01,2,18:30
3679,Palo Alto,Asian,False,650-285-2770,moderate,Burma Ruby Burmese Cuisine,False,326 University Avenue,2019-03-01,2,18:30
3680,San Francisco,French,False,415-402-5290,moderate,Aquitaine Wine Bar & Bistro,False,175 Sutter Street,2019-03-01,2,11:30
3681,Petaluma,American,False,707-981-8228,moderate,Bistro 100,True,140 2nd Street #100,2019-03-02,3,12:30
3682,Oakland,Peruvian,True,510-451-4206,moderate,La Furia Chalaca,False,310 Broadway,2019-03-10,4,13:00
3683,Oakland,Peruvian,True,510-451-4206,moderate,La Furia Chalaca,False,310 Broadway,2019-03-06,1,18:30
3684,San Francisco,American,False,415-495-5875,expensive,25 Lusk,True,25 Lusk Street,2019-03-05,3,19:30
3685,San Francisco,American,True,415-398-0850,moderate,The Cigar Bar & Grill,True,850 Montgomery Street,,,
3686,San Francisco,American,True,415-384-9365,moderate,Mr. Tipple's Recording Studio,True,39 Fell Street,2019-03-01,2,19:00
3687,Oakland,Brunch,False,510-336-1180,moderate,Bellanico Restaurant And Wine Bar,True,4238 Park Boulevard,2019-03-01,2,12:30
3688,Santa Rosa,American,False,707-569-8222,moderate,Bruno's On Fourth,True,1226 4th Street,2019-03-04,4,18:30
3689,Windsor,American,True,707-837-0446,inexpensive,Mcdonald's,False,125 Windsor River Road,,,
3690,Windsor,American,True,707-837-0446,inexpensive,Mcdonald's,False,125 Windsor River Road,2019-03-01,2,11:00
3691,San Francisco,Mexican,False,415-561-3650,moderate,Arguello,True,50 Moraga Avenue,2019-03-10,2,13:30
3692,San Francisco,Korean,False,415-292-2368,moderate,Aato,True,1449 Lombard Street,2019-03-01,2,11:30
3693,South San Francisco,Mediterranean,False,650-871-2221,inexpensive,Ali Baba,False,1429 San Mateo Avenue,,,
3694,South San Francisco,Mediterranean,False,650-754-6891,moderate,Amoura,False,713 Linden Avenue,,,
3695,South San Francisco,Mediterranean,False,650-754-6891,moderate,Amoura,False,713 Linden Avenue,2019-03-01,3,17:00
3696,Sunnyvale,Mediterranean,False,408-685-2269,moderate,Obed,False,911 East Duane Avenue,2019-03-02,2,11:30
3697,San Francisco,Take-out,False,415-346-5288,moderate,Jackson Fillmore Trattoria,False,2506 Fillmore Street,2019-03-04,1,19:30
3698,Berkeley,Ethiopian,False,510-653-3456,moderate,Addis Restaurant,False,6100 Telegraph Avenue,2019-03-01,1,13:30
3699,San Jose,German,False,408-771-9871,moderate,Ludwig's German Table,True,261 North 2nd Street,2019-03-02,2,13:00
3700,Fremont,Hunan,False,510-687-1222,moderate,Hunan Cuisine,False,6004 Stevenson Boulevard,2019-03-01,2,12:00
3701,Daly City,Burmese,False,650-449-1378,inexpensive,Taste Of Burma,False,2025 Gellert Boulevard #200,2019-03-01,3,19:30
3702,San Francisco,Shabu-shabu,False,415-586-8800,moderate,Shabu House,False,2608 Ocean Avenue,2019-03-08,4,13:30
3703,San Francisco,Steakhouse,False,415-673-6672,moderate,Leatherneck Steakhouse,False,609 Sutter Street,,,
3704,San Francisco,Steakhouse,False,415-616-5000,moderate,Daily Grill,True,347 Geary Street,2019-03-01,2,18:00
3705,San Mateo,Seafood,False,650-340-8974,moderate,Joy Sushi,True,30 South B Street,2019-03-01,2,19:00
3706,Redwood City,Italian,False,650-321-4080,expensive,Chantilly,True,3001 El Camino Real,2019-03-01,2,17:00
3707,San Jose,Tex-Mex,False,408-532-6727,moderate,Chili's Grill & Bar,True,2185 Eastridge Loop,2019-03-02,3,18:00
3708,Hayward,Chinese,False,510-581-9648,inexpensive,Green Tea House Chinese Restaurant,False,29615 Mission Boulevard,2019-03-05,2,12:30
3709,Los Gatos,Italian,False,408-395-7650,moderate,Campo Di Bocce Of Los Gatos,False,565 University Avenue,2019-03-05,2,12:00
3710,Fremont,Asian,False,510-979-1368,moderate,Asian Pearl Seafood Restaurant,False,43635 Boscell Road,2019-03-01,2,12:00
3711,San Francisco,Italian,False,415-771-2216,moderate,A16,True,2355 Chestnut Street,2019-03-14,2,19:30
3712,San Jose,Halal,False,408-753-1139,moderate,Cafe Eden,False,2 North 1st Street,,,
3713,Fremont,Halal,False,510-320-5099,moderate,Li Zhou Chinese Restaurant,False,36456 Fremont Boulevard,2019-03-07,2,12:00
3714,San Carlos,Ostrea,False,650-394-4534,moderate,Rustic House Oyster Bar And Grill - San Carlos,False,920 El Camino Real,,,
3715,San Carlos,Ostrea,False,650-394-4534,moderate,Rustic House Oyster Bar And Grill - San Carlos,False,920 El Camino Real,2019-03-01,1,19:30
3716,Santa Rosa,Italian,False,707-539-0260,moderate,Basilico,False,4776 Sonoma Highway,2019-03-01,2,18:00
3717,Danville,Thai,False,925-743-8424,moderate,Lotus Thai Restaurant,False,115 Hartz Avenue,2019-03-01,1,11:30
3718,Danville,Thai,False,925-743-8424,moderate,Lotus Thai Restaurant,False,115 Hartz Avenue,2019-03-14,2,11:30
3719,Albany,Indian,False,510-679-5079,moderate,Everest Kitchen,True,1150 Solano Avenue,2019-03-01,2,13:30
3720,San Carlos,Greek,False,650-610-0202,moderate,Mythos,True,1201 San Carlos Avenue,2019-03-04,2,17:30
3721,Santa Rosa,Italian,False,707-539-0260,moderate,Basilico,False,4776 Sonoma Highway,2019-03-01,2,17:30
3722,San Francisco,Korean,False,415-525-4985,moderate,Barnzu,True,711 Geary Street,2019-03-01,2,13:30
3723,Belmont,Seafood,False,650-593-1832,moderate,China Village Seafood Restaurant,False,600 Ralston Avenue,,,
3724,Belmont,Seafood,False,650-593-1832,moderate,China Village Seafood Restaurant,False,600 Ralston Avenue,2019-03-11,1,12:00
3725,Concord,American,False,925-265-2120,moderate,Eureka!,True,1975 Diamond Boulevard Ste. C 160,2019-03-14,3,18:00
3726,Berkeley,Vegetarian,False,510-658-8458,moderate,Great Wall | Chinese Restaurant,False,6247 College Avenue,2019-03-01,2,11:30
3727,Novato,Sushi,False,415-382-9988,moderate,Sushi Tri,False,333 Enfrente Road,2019-03-01,2,13:00
3728,Petaluma,American,False,707-981-8228,moderate,Bistro 100,True,140 2nd Street #100,2019-03-01,2,18:30
3729,San Francisco,Vietnamese,False,415-885-5180,moderate,Anh Hong,True,808 Geary Street,2019-03-01,2,17:30
3730,Windsor,American,False,707-838-7800,moderate,Kc's American Kitchen,False,9501 Duvander Lane,2019-03-07,2,17:30
3731,Burlingame,Thai,False,650-558-8268,moderate,Coconut Bay Thai Restaurant,False,1107 Howard Avenue,2019-03-02,2,11:30
3732,San Carlos,American,False,650-597-3108,moderate,Piacere Restaurant,True,727 Laurel Street,2019-03-01,4,19:00
3733,Los Gatos,Seafood,False,408-395-1611,expensive,Steamer's Grillhouse,False,31 University Avenue,2019-03-01,2,18:30
3734,San Francisco,Chinese,False,415-775-3679,inexpensive,Bamboo Restaurant,True,1441 Polk Street,2019-03-02,2,13:00
3735,Brentwood,Mexican,True,925-516-2233,moderate,La Fuente Mexican Bar Restaraunt,False,642 1st Street,2019-03-01,2,19:00
3736,Oakland,Greek,False,510-899-4400,moderate,Ikaros Greek Restaurant,False,3268 Grand Avenue,2019-03-01,2,17:30
3737,Pleasant Hill,American,False,925-938-9900,moderate,Black Angus Steakhouse,True,3195 North Main Street,,,
3738,Pleasant Hill,American,False,925-938-9900,moderate,Black Angus Steakhouse,True,3195 North Main Street,2019-03-01,2,11:00
3739,San Francisco,Take-out,False,415-564-5514,moderate,Golden Gate Indian Cuisine & Pizza,True,4038 Judah Street,2019-03-12,2,12:30
3740,Millbrae,Chinese,False,650-588-3648,moderate,Chef Wang's Restaurant,False,1320 El Camino Real,2019-03-01,2,18:30
3741,San Francisco,Japanese,False,415-567-4903,moderate,Ace Wasabi Rock-n-roll Sushi,False,3339 Steiner Street,2019-03-01,2,12:30
3742,Pacifica,Steakhouse,False,650-359-7411,moderate,Vallemar Station,False,2125 Coast Hwy,,,
3743,Pacifica,Steakhouse,False,650-359-7411,moderate,Vallemar Station,False,2125 Coast Hwy,2019-03-05,3,18:00
3744,San Francisco,Ethiopian,False,415-285-2728,inexpensive,Cafe Ethiopia,False,San Francisco,,,
3745,San Francisco,Ethiopian,False,415-285-2728,inexpensive,Cafe Ethiopia,False,San Francisco,2019-03-05,3,13:30
3746,San Francisco,Moroccan,False,628-233-1503,moderate,Khamsa,False,1503 15th Street,2019-03-01,2,13:30
3747,Santa Rosa,Vietnamese,False,707-528-3747,moderate,Kettles Vietnamese Bistro,False,1202 West Steele Lane,2019-03-05,3,13:30
3748,Oakland,Greek,False,510-899-4400,moderate,Ikaros Greek Restaurant,False,3268 Grand Avenue,2019-03-05,1,18:00
3749,South San Francisco,Mediterranean,False,650-871-2221,inexpensive,Ali Baba,False,1429 San Mateo Avenue,2019-03-03,1,18:00
3750,Lafayette,American,False,925-284-4422,moderate,Metro Lafayette,True,3524 Mount Diablo Boulevard,2019-03-01,2,11:00
3751,San Francisco,Brunch,True,415-771-7100,moderate,1300 On Fillmore,False,1300 Fillmore Street,2019-03-01,2,13:00
3752,San Francisco,Brazilian,False,415-626-8727,moderate,Minas Brazilian,False,41 Franklin Street,,,
3753,San Francisco,Seafood,False,415-757-0569,moderate,Betty Lou's Seafood & Grill,True,318 Columbus Avenue,2019-03-01,2,19:30
3754,Newark,Indian,False,510-745-9870,moderate,Biryani Pot,False,39277 Cedar Boulevard,2019-03-13,2,19:30
3755,Pittsburg,Seafood,False,925-754-6655,moderate,Red Lobster,True,4095 Century Boulevard,,,
3756,Pittsburg,Seafood,False,925-754-6655,moderate,Red Lobster,True,4095 Century Boulevard,2019-03-01,2,12:00
3757,San Francisco,Take-out,False,415-564-5514,moderate,Golden Gate Indian Cuisine & Pizza,True,4038 Judah Street,2019-03-01,2,13:30
3758,Santa Clara,Chinese,False,408-984-6688,moderate,Chef Ming's,False,61 Washington Street,2019-03-12,3,17:00
3759,Pleasanton,Japanese,False,925-224-9916,moderate,P.f. Chang's,True,1330 Stoneridge Mall Road,2019-03-13,2,13:30
3760,South San Francisco,Filipino,True,650-871-2222,moderate,"Fort Mckinley Restaurant, Bar & Banquet",False,101 Brentwood Drive,2019-03-06,3,12:30
3761,Fremont,Italian,False,510-792-2000,expensive,Massimo's,False,5200 Mowry Avenue Ste M,,,
3762,Fremont,Italian,False,510-792-2000,expensive,Massimo's,False,5200 Mowry Avenue Ste M,2019-03-14,1,11:00
3763,Redwood City,Japanese,False,650-369-4350,moderate,Sakura 2 Teppanyaki And Sushi,False,373 Main Street,2019-03-01,2,19:00
3764,Pacifica,Japanese,False,650-898-8730,moderate,8 Sushi,False,2470 Skyline Boulevard,2019-03-13,1,19:00
3765,San Jose,Chinese,False,408-226-3666,moderate,China Delight,False,5813 Cottle Road,2019-03-01,1,19:00
3766,San Francisco,American,False,415-359-1212,expensive,1760,False,1760 Polk Street,2019-03-04,4,11:00
3767,San Francisco,Gastropub,False,415-814-2671,expensive,The Dorian,True,2001 Chestnut Street,2019-03-01,2,18:00
3768,Pleasant Hill,Vegetarian,True,925-671-0132,moderate,El Morocco,False,2203 Morello Avenue,,,
3769,Pleasant Hill,Vegetarian,True,925-671-0132,moderate,El Morocco,False,2203 Morello Avenue,2019-03-07,2,18:00
3770,San Francisco,Chinese,False,415-386-0388,moderate,Old Shanghai Restaurant,True,5145 Geary Boulevard,,,
3771,San Francisco,Chinese,False,415-387-2658,moderate,Chili House Sf,True,726 Clement Street,2019-03-02,2,19:00
3772,Hayward,Chinese,False,510-881-8868,moderate,Hinata Sushi Buffet,False,1071 B Street,2019-03-01,2,19:30
3773,Los Gatos,Seafood,False,408-827-4005,moderate,Billy's Boston Chowder House,True,29 East Main Street,,,
3774,Los Gatos,Seafood,False,408-340-5965,moderate,Shiroi Sushi,False,14103 Winchester Boulevard,,,
3775,Los Gatos,Seafood,False,408-827-4005,moderate,Billy's Boston Chowder House,True,29 East Main Street,2019-03-11,1,19:30
3776,Santa Rosa,Asian,False,650-235-9339,moderate,Best Of Burma,False,528 7th Street,2019-03-01,2,13:30
3777,Union City,Spanish,False,650-580-5111,moderate,Pinoy Handaan,True,31014 Union City Boulevard,,,
3778,Union City,Spanish,False,650-580-5111,moderate,Pinoy Handaan,True,31014 Union City Boulevard,2019-03-01,2,19:30
3779,San Jose,Mexican,False,408-266-1815,moderate,Chevys Fresh Mex,False,5305 Almaden Expressway,2019-03-01,2,17:00
3780,Half Moon Bay,Indian,False,650-712-7700,moderate,India Beach,False,425 Avenue Alhambra,2019-03-01,2,18:30
3781,Pleasanton,Breakfast,True,925-223-8577,moderate,Beer Baron Bar & Kitchen,True,336 Saint Mary Street,,,
3782,Pleasanton,Breakfast,True,925-223-8577,moderate,Beer Baron Bar & Kitchen,True,336 Saint Mary Street,2019-03-01,2,17:30
3783,San Carlos,Brunch,False,650-453-3313,moderate,West Park Bistro,False,788 Laurel Street,2019-03-06,2,17:30
3784,San Francisco,Chinese,False,415-333-8182,moderate,Beijing Restaurant,False,1801 Alemany Boulevard,2019-03-08,3,12:30
3785,San Francisco,Mexican,False,415-561-3650,moderate,Arguello,True,50 Moraga Avenue,2019-03-01,2,19:00
3786,San Francisco,Brasserie,False,415-777-1413,expensive,Marlowe,False,500 Brannan Street,2019-03-01,2,19:30
3787,Mountain View,American,False,650-917-9941,moderate,Paul Martin's America Mountain View,True,545 San Antonio Road Suite 31,2019-03-03,3,18:00
3788,Daly City,Italian,False,415-468-5300,moderate,Papa Ray's Pizza,False,2731 Geneva Avenue,,,
3789,Daly City,Italian,False,415-468-5300,moderate,Papa Ray's Pizza,False,2731 Geneva Avenue,2019-03-13,2,18:30
3790,San Jose,Seafood,False,408-269-8383,moderate,Ariake,False,1008 Blossom Hill Road,2019-03-01,3,18:30
3791,Sebastopol,American,False,707-634-7575,moderate,Fork Roadhouse,False,9890 Bodega Highway,,,
3792,Sebastopol,American,False,707-523-4814,expensive,Zazu Kitchen + Farm,True,6770 McKinley Street #150,,,
3793,Sebastopol,American,False,707-634-7575,moderate,Fork Roadhouse,False,9890 Bodega Highway,2019-03-14,4,17:30
3794,Half Moon Bay,American,False,650-726-4090,expensive,Cetrella,True,845 Main Street,,,
3795,Half Moon Bay,American,True,(650) 728-2739,moderate,Half Moon Bay Brewing Company,True,390 Capistrano Road,,,
3796,Half Moon Bay,American,True,650-726-9053,moderate,Miramar Beach Restaurant,False,131 Mirada Road,,,
3797,Half Moon Bay,American,False,650-726-4090,expensive,Cetrella,True,845 Main Street,2019-03-07,1,12:00
3798,San Francisco,Seafood,False,415-989-8218,expensive,Akiko's Sushi Bar,True,542 A Mason Street,2019-03-03,1,12:30
3799,Morgan Hill,Chinese,False,408-779-0618,moderate,China Palace Restaurant,False,65 West Main Avenue,,,
3800,Morgan Hill,Chinese,False,408-778-9898,inexpensive,Pearl River Restaurant,False,233 West Main Avenue,,,
3801,Morgan Hill,Chinese,False,408-778-9898,inexpensive,Pearl River Restaurant,False,233 West Main Avenue,2019-03-01,2,17:30
3802,Alameda,Cuban,False,510-521-0130,moderate,Habanas Cuban Cuisine,False,1518 Park Street,,,
3803,Alameda,Cuban,False,510-521-0130,moderate,Habanas Cuban Cuisine,False,1518 Park Street,2019-03-10,2,11:00
3804,Forestville,American,False,707-820-8445,moderate,Backyard,False,6566 Front Street,,,
3805,Forestville,American,False,707-820-8445,moderate,Backyard,False,6566 Front Street,2019-03-10,2,17:30
3806,San Mateo,Mexican,False,650-345-1180,moderate,El Sinaloense Restaurant,False,1622 Palm Avenue,2019-03-01,3,13:00
3807,Mountain View,Seafood,False,650-964-6990,moderate,Kappo Nami Nami,True,240 Castro Street,,,
3808,Mountain View,Seafood,False,650-941-2117,inexpensive,Masa's Sushi,True,400 San Antonio Road,,,
3809,Mountain View,Seafood,False,650-941-1810,moderate,Pacific Catch,True,545 San Antonio Road Suite 34,,,
3810,Mountain View,Seafood,False,650-964-6990,moderate,Kappo Nami Nami,True,240 Castro Street,2019-03-01,2,19:30
3811,Milpitas,Korean,False,408-263-6705,moderate,Cj House Korean Bbq,True,260 South Abel Street,2019-03-10,2,12:00
3812,Larkspur,American,False,415-448-5810,moderate,Belcampo Restaurant & Butcher Shop,False,2405 Larkspur Landing Circle,2019-03-01,2,13:00
3813,Berkeley,Tapas,False,510-559-9006,moderate,Fonda,True,1501 Solano Avenue,2019-03-01,2,18:30
3814,San Francisco,Burmese,False,415-933-9900,moderate,B Star,False,127 Clement Street,2019-03-01,2,18:30
3815,San Francisco,Asian,False,415-474-5569,moderate,Burmese Kitchen,False,(between 2nd & 3rd Ave),2019-03-01,2,19:30
3816,Palo Alto,Asian,False,650-329-8129,inexpensive,Siam Royal Authentic Thai,False,338 University Avenue,2019-03-01,1,18:30
3817,Larkspur,Brasserie,False,415-927-3034,moderate,Left Bank Larkspur Brasserie,False,507 Magnolia Avenue,2019-03-01,2,18:30
3818,Oakland,American,False,510-834-2467,moderate,Chop Bar,True,247 4th Street,2019-03-01,2,13:00
3819,San Francisco,Italian,False,415-543-5100,moderate,54 Mint Ristorante Italiano,True,16 Mint Plaza,2019-03-01,2,18:30
3820,San Jose,Steakhouse,False,408-294-2244,moderate,The Grill On The Alley,True,172 South Market Street,2019-03-01,2,11:00
3821,San Francisco,Moroccan,False,415-660-2500,very expensive,Mourad,False,140 New Montgomery Street #1,2019-03-01,3,12:30
3822,San Ramon,Breakfast,True,925-404-0094,inexpensive,Taco Bell,True,21001 San Ramon Valley Boulevard,2019-03-09,3,12:30
3823,Petaluma,Mexican,False,707-776-4949,moderate,Plaza Tequila Taqueira Bar & Grill,False,600 East Washington Street,2019-03-01,2,18:00
3824,Windsor,Thai,False,707-836-1422,moderate,Tomi Thai,False,426 Emily Rose Circle,,,
3825,Windsor,Thai,False,707-836-1422,moderate,Tomi Thai,False,426 Emily Rose Circle,2019-03-02,2,13:30
3826,San Francisco,Japanese,False,415-397-3218,expensive,Akiko's Restaurant,False,431 Bush Street,2019-03-01,2,12:30
3827,Dublin,Mexican,False,925-829-1371,moderate,On The Border Mexican Grill & Cantina,False,4940 Dublin Boulevard,,,
3828,Dublin,Mexican,False,925-829-1371,moderate,On The Border Mexican Grill & Cantina,False,4940 Dublin Boulevard,2019-03-01,2,13:30
3829,Mountain View,Chinese,False,650-969-8968,inexpensive,Hunan Chili,True,102 Castro Street,2019-03-03,2,11:00
3830,San Francisco,Chinese,False,415-282-8999,inexpensive,Alice's,False,1599 Sanchez Street,2019-03-01,2,13:30
3831,Milpitas,Halal,False,408-433-5199,moderate,Darda Seafood,False,296 Barber Court,,,
3832,Milpitas,Halal,False,408-433-5199,moderate,Darda Seafood,False,296 Barber Court,2019-03-04,3,12:00
3833,San Francisco,American,False,(415) 567-5432,very expensive,Acquerello,False,1722 Sacramento Street,2019-03-01,3,19:30
3834,Rohnert Park,American,False,707-585-2722,moderate,Bear Republic Brewing Co.,True,5000 Roberts Lake Road,2019-03-08,2,18:00
3835,Mountain View,Japanese,False,650-386-6821,moderate,Bushido,False,156 Castro Street,2019-03-12,2,13:00
3836,San Francisco,Russian,False,415-750-9090,moderate,Red Tavern,False,2229 Clement Street,2019-03-01,2,13:00
3837,Palo Alto,Asian,False,650-285-2770,moderate,Burma Ruby Burmese Cuisine,False,326 University Avenue,2019-03-01,2,13:30
3838,Menlo Park,California,False,650-494-4342,expensive,Bradley's Fine Diner,True,1165 Merrill Street,,,
3839,Menlo Park,California,False,650-494-4342,expensive,Bradley's Fine Diner,True,1165 Merrill Street,2019-03-01,2,19:00
3840,San Mateo,Mexican,False,650-349-0165,moderate,Celia's,False,Laurelwood Shopping Center,2019-03-01,2,19:30
3841,Portola Valley,Italian,False,650-529-9007,moderate,Parkside Grille,False,884 Portola Road A1,2019-03-05,2,18:30
3842,San Francisco,American,False,415-793-9016,inexpensive,Chaparral,False,471 Haight Street,2019-03-01,2,19:00
3843,San Jose,Salad,True,408-265-5567,inexpensive,Mcdonald's,False,2434 Almaden Road,2019-03-01,1,19:30
3844,San Francisco,French,False,415-292-6916,moderate,Amelie San Francisco,True,1754 Polk Street,2019-03-01,2,12:30
3845,Burlingame,Chinese,False,650-348-8848,moderate,Yangon,False,1136 Broadway,2019-03-01,2,12:00
3846,Burlingame,Chinese,False,650-348-8848,moderate,Yangon,False,1136 Broadway,2019-03-01,2,11:30
3847,San Francisco,Vietnamese,False,415-885-5180,moderate,Anh Hong,True,808 Geary Street,2019-03-01,2,12:30
3848,Daly City,Asian,False,650-992-0771,inexpensive,Egg Roll King,False,6811 Mission Street,,,
3849,Daly City,Asian,False,650-878-8833,moderate,Tai Yuan Seafood Restaurant,False,King Plaza Center,,,
3850,Daly City,Asian,False,650-992-0771,inexpensive,Egg Roll King,False,6811 Mission Street,2019-03-01,2,18:00
3851,Palo Alto,Japanese,False,650-666-3322,very expensive,Nobu Palo Alto,False,180 Hamilton Avenue,2019-03-09,2,12:00
3852,Alamo,Coffeehouse,False,925-743-8371,inexpensive,Alamo Cafe,False,1 Alamo Square Drive,,,
3853,Alamo,Coffeehouse,False,925-743-8371,inexpensive,Alamo Cafe,False,1 Alamo Square Drive,2019-03-01,1,11:00
3854,Sunnyvale,Mediterranean,False,408-735-9971,moderate,Taverna Bistro,False,133 South Murphy Avenue,2019-03-04,4,13:00
3855,San Francisco,Bistro,False,415-351-5561,moderate,Bistro Boudin,False,160 Jefferson Street,2019-03-01,2,12:00
3856,Fairfield,Mexican,True,707-421-8484,moderate,Favela's Fusion,False,1500 Oliver Road,2019-03-05,4,18:30
3857,San Francisco,Italian,False,415-771-2216,moderate,A16,True,2355 Chestnut Street,2019-03-14,4,18:30
3858,Sunnyvale,American,False,408-736-2739,moderate,Faultline Brewing Company,False,1235 Oakmead Parkway,,,
3859,Sunnyvale,American,True,408-245-7640,inexpensive,Mcdonald's,False,1169 W El Camino Real,,,
3860,Sunnyvale,American,False,408-244-7311,moderate,Tanto,False,1063 East El Camino Real,,,
3861,Sunnyvale,American,False,408-245-4501,moderate,Black Angus Steakhouse,True,740 East El Camino Real,2019-03-12,2,12:00
3862,Oakland,Seafood,False,510-907-7555,moderate,Alamar Kitchen & Bar,False,100 Grand Avenue #111,2019-03-01,1,13:30
3863,Sonoma,French,False,707-938-3634,moderate,The Girl & The Fig,True,110 West Spain Street,,,
3864,Sonoma,French,False,707-938-3634,moderate,The Girl & The Fig,True,110 West Spain Street,2019-03-01,2,12:00
3865,Newark,Mexican,True,510-792-2600,moderate,La Cabana,True,7163 Rich Avenue,,,
3866,Newark,Mexican,True,510-792-2600,moderate,La Cabana,True,7163 Rich Avenue,2019-03-14,1,11:00
3867,San Francisco,French,False,415-440-0460,very expensive,Atelier Crenn,True,3127 Fillmore Street,2019-03-01,2,18:30
3868,Richmond,Asian,False,510-234-9898,inexpensive,Eurasia,False,12221 San Pablo Avenue,2019-03-03,2,18:30
3869,Berkeley,Vegetarian,False,510-658-8458,moderate,Great Wall | Chinese Restaurant,False,6247 College Avenue,2019-03-01,2,19:00
3870,San Bruno,Filipino,False,650-952-5739,inexpensive,Kuya's Asian Cuisine,False,460 San Mateo Avenue,2019-03-01,1,12:30
3871,Walnut Creek,Asian,False,925-932-5777,inexpensive,Bombay Indian Restaurant,False,1512 North Main Street,,,
3872,Walnut Creek,Asian,False,925-988-8008,moderate,Modern China Cafe,False,1525 North Main Street,,,
3873,Berkeley,Asian,False,510-841-6118,inexpensive,Mehak Indian Cuisine,False,2449 Sacramento Street,2019-03-01,2,11:00
3874,Alameda,Bistro,False,510-337-9100,expensive,Pappo,False,2320 Central Avenue,,,
3875,Alameda,Bistro,False,510-337-9100,expensive,Pappo,False,2320 Central Avenue,2019-03-06,4,18:30
3876,Concord,Indian,False,925-288-0000,moderate,Hot Basil Cafe,True,790 Oak Grove Road,2019-03-01,2,18:00
3877,Berkeley,American,False,510-338-3464,moderate,Beer Baron Bar & Kitchen,True,5900 College Avenue,2019-03-05,2,18:30
3878,Fremont,Chinese,False,510-790-9888,inexpensive,Chong Qing Xiao Mian,False,34420 Fremont Boulevard,2019-03-01,3,11:30
3879,Bodega Bay,American,False,707-875-3525,expensive,Drakes Sonoma Coast,True,103 California 1,,,
3880,Bodega Bay,American,False,707-875-3525,expensive,Drakes Sonoma Coast,True,103 California 1,2019-03-08,2,19:30
3881,Mill Valley,American,True,415-381-4400,moderate,Lighthouse Bar & Grill,True,475 East Strawberry Drive,2019-03-12,1,19:00
3882,San Ramon,Pakistani,False,925-244-1559,moderate,Cafe Tandoor,False,420 Market Place,2019-03-01,2,11:00
3883,San Francisco,Peruvian,False,415-552-4438,moderate,Destino,False,1815 Market Street,2019-03-13,2,13:00
3884,Mountain View,Mexican,False,650-969-6767,moderate,Agave Mexican Bistro,True,194 Castro Street,2019-03-13,2,13:00
3885,San Francisco,Barbecue,False,415-796-2437,moderate,Hardwood Bar & Smokery,False,680 8th Street Ste. 170,2019-03-01,2,11:30
3886,Union City,Seafood,False,510-487-1033,inexpensive,Hong Kong Restaurant,False,4100 Dyer Street,2019-03-01,2,11:30
3887,Oakland,Seafood,True,510-208-5253,moderate,Lake Chalet,True,1520 Lakeside Drive,2019-03-14,3,17:00
3888,San Francisco,Spanish,False,415-430-6590,expensive,Barcino,True,399 Grove Street,2019-03-01,2,19:30
3889,Danville,American,False,925-736-4295,expensive,Blackhawk Grille,True,3540 Blackhawk Plaza Circle,2019-03-01,2,18:30
3890,Palo Alto,Breakfast,False,650-323-1815,moderate,Bistro Maxine,True,548 Ramona Street,,,
3891,Palo Alto,Breakfast,False,650-853-9201,expensive,Mayfield Bakery & Cafe,True,855 El Camino Real,,,
3892,Palo Alto,Breakfast,False,650-323-1815,moderate,Bistro Maxine,True,548 Ramona Street,2019-03-01,2,12:30
3893,Oakland,Vietnamese,False,510-893-8136,inexpensive,Binh Minh Quan,False,338 12th Street,2019-03-01,2,18:00
3894,Concord,Tex-Mex,False,925-676-4062,moderate,Chili's Grill & Bar,True,1501 Concord Avenue,,,
3895,Concord,Tex-Mex,False,925-672-4430,moderate,Guadalajara Grill,True,5446 Ygnacio Valley Road,,,
3896,Concord,Tex-Mex,False,925-672-4430,moderate,Guadalajara Grill,True,5446 Ygnacio Valley Road,2019-03-01,2,18:30
3897,Albany,Chinese,False,510-525-2285,moderate,China Village Restaurant,False,1335 Solano Avenue,2019-03-13,2,12:30
3898,San Francisco,American,False,415-872-9409,moderate,Alba Ray's,True,2293 Mission Street,2019-03-14,2,11:30
3899,San Francisco,American,False,415-775-1800,moderate,Academy Bar And Kitchen,False,1800 Fillmore Street,2019-03-01,2,19:00
3900,San Francisco,Thai,False,415-379-4505,moderate,Baan Thai House & Wine Bar,False,534 Irving Street,2019-03-01,2,12:30
3901,Berkeley,Ethiopian,False,510-923-6181,moderate,Barcote | Ethiopian Restaurant,False,6430 Telegraph Avenue,2019-03-08,3,12:30
3902,San Francisco,French,False,415-402-5290,moderate,Aquitaine Wine Bar & Bistro,False,175 Sutter Street,2019-03-01,3,12:00
3903,Napa,Spanish,False,707-224-5551,moderate,La Taberna,False,815 Main Street,2019-03-05,3,13:00
3904,Napa,American,False,866-531-2580,expensive,Brix Restaurant And Gardens,False,7377 Saint Helena Highway,2019-03-03,4,13:00
3905,Yountville,Italian,False,707-945-1050,expensive,Bottega Napa Valley,False,V Marketplace,2019-03-07,2,12:00
3906,Berkeley,Bistro,False,510-843-1525,moderate,La Note,False,2377 Shattuck Avenue,,,
3907,Berkeley,Bistro,False,510-843-1525,moderate,La Note,False,2377 Shattuck Avenue,2019-03-14,1,12:00
3908,Berkeley,American,False,510-647-9329,moderate,B&b Kitchen & Wine Bar,True,2116 Shattuck Avenue,2019-03-04,4,11:00
3909,Berkeley,California,False,(510) 548-5072,very expensive,Chez Panisse,True,1517 Shattuck Avenue,2019-03-02,4,12:00
3910,San Francisco,Asian,False,415-863-9335,moderate,Bai Thong Thai,False,298 Gough Street,2019-03-11,4,11:30
3911,San Francisco,Seafood,False,415-440-2828,moderate,Alamo Square Seafood Grill,False,803 Fillmore Street,2019-03-08,3,13:00
3912,Berkeley,Italian,False,510-838-1131,moderate,Donato & Co.,False,2635 Ashby Avenue,2019-03-03,4,12:30
3913,San Francisco,Bistro,False,415-276-4048,inexpensive,Bistro 10un,False,1130 Market Street,2019-03-04,1,12:30
3914,Napa,American,False,866-531-2580,expensive,Brix Restaurant And Gardens,False,7377 Saint Helena Highway,2019-03-14,3,11:00
3915,Napa,Brunch,False,707-257-1999,moderate,Fume,False,4050 Byway East,2019-03-14,2,11:30
3916,San Francisco,Japanese,False,415-567-4903,moderate,Ace Wasabi Rock-n-roll Sushi,False,3339 Steiner Street,2019-03-08,2,13:30
3917,San Francisco,California,False,415-757-0994,very expensive,Californios,False,3115 22nd Street,2019-03-12,2,13:00
3918,San Francisco,American,False,415-359-1212,expensive,1760,False,1760 Polk Street,2019-03-03,2,12:30
3919,San Francisco,Vietnamese,False,415-885-5180,moderate,Anh Hong,True,808 Geary Street,2019-03-14,3,13:00
3920,San Francisco,Mexican,False,415-561-3650,moderate,Arguello,True,50 Moraga Avenue,2019-03-03,1,12:00
3921,San Francisco,European,False,415-255-9440,moderate,Bergerac,True,316 11th Street,2019-03-13,3,13:30
3922,Berkeley,Mexican,False,510-549-1460,moderate,Celia's Mexican Restaurant,False,1841 Euclid Avenue,,,
3923,Berkeley,Mexican,False,510-926-6300,moderate,Comal,True,2020 Shattuck Avenue,,,
3924,Berkeley,Mexican,False,510-548-2222,moderate,El Patio,True,2056 San Pablo Avenue,,,
3925,Berkeley,Mexican,False,510-549-1460,moderate,Celia's Mexican Restaurant,False,1841 Euclid Avenue,2019-03-10,3,13:30
3926,Yountville,American,False,707-944-2222,expensive,Redd Restaurant,False,6480 Washington Street,,,
3927,Yountville,American,False,707-944-2222,expensive,Redd Restaurant,False,6480 Washington Street,2019-03-07,1,13:00
3928,Oakland,Breakfast,False,510-990-7007,moderate,Lungomare,False,1 Broadway,2019-03-11,2,13:30
3929,San Francisco,Greek,False,415-391-1154,inexpensive,Ayola,False,327 Kearny Street,2019-03-05,3,11:00
3930,San Francisco,French,False,415-292-6916,moderate,Amelie San Francisco,True,1754 Polk Street,2019-03-03,2,13:30
3931,San Francisco,Chinese,False,415-387-2658,moderate,Chili House Sf,True,726 Clement Street,2019-03-04,1,11:00
3932,Berkeley,Mexican,False,510-926-6300,moderate,Comal,True,2020 Shattuck Avenue,2019-03-05,2,13:30
3933,Oakland,Italian,False,510-768-8003,expensive,A16,True,5356 College Avenue,2019-03-06,1,13:00
3934,San Francisco,Thai,False,415-999-0345,moderate,Chaiya Thai Restaurant,False,272 Claremont Boulevard,2019-03-09,2,13:00
3935,Berkeley,Laotian,False,510-841-2002,moderate,Dara Thai/lao Cuisine,False,1549 Shattuck Avenue,2019-03-06,3,13:30
3936,San Francisco,Japanese,False,415-292-9997,moderate,2g Japanese Brasserie,True,601 Van Ness Avenue,2019-03-11,3,12:30
3937,Napa,Italian,False,707-224-3300,expensive,Bistro Don Giovanni,False,4110 Howard Lane,2019-03-02,1,12:00
3938,Livermore,Barbecue,True,925-961-1300,moderate,Sauced Bbq & Spirits,True,2300 First Street #120,2019-03-11,2,12:00
3939,Livermore,Barbecue,True,925-961-1300,moderate,Sauced Bbq & Spirits,True,2300 First Street #120,2019-03-11,2,13:00
3940,San Francisco,American,False,415-814-3709,expensive,3rd Cousin,False,919 Cortland Avenue,2019-03-10,2,12:00
3941,Napa,American,False,866-531-2580,expensive,Brix Restaurant And Gardens,False,7377 Saint Helena Highway,2019-03-05,4,11:30
3942,San Francisco,Sushi,False,415-776-5822,moderate,Juban Yakiniku House Japanese,True,1581 Webster Street,2019-03-02,2,12:00
3943,San Francisco,Thai,False,415-379-4505,moderate,Baan Thai House & Wine Bar,False,534 Irving Street,2019-03-12,4,12:00
3944,Napa,American,False,707-260-1600,moderate,City Winery Napa,True,1030 Main Street,2019-03-04,2,13:00
3945,Berkeley,Mexican,False,510-549-1460,moderate,Celia's Mexican Restaurant,False,1841 Euclid Avenue,2019-03-02,3,11:00
3946,Berkeley,Sicilian,False,510-848-8748,moderate,Agrodolce Osteria,True,1730 Shattuck Avenue,2019-03-08,1,12:00
3947,San Francisco,Chinese,False,415-282-8999,inexpensive,Alice's,False,1599 Sanchez Street,2019-03-13,3,12:00
3948,Berkeley,American,False,510-647-9329,moderate,B&b Kitchen & Wine Bar,True,2116 Shattuck Avenue,2019-03-12,1,13:30
3949,San Francisco,Chinese,False,415-829-8148,expensive,Hakkasan,True,1 Kearny Street,2019-03-10,4,12:00
3950,Berkeley,Italian,False,510-558-9000,moderate,Cugini Restaurant,False,1556 Solano Avenue,2019-03-01,3,12:00
3951,San Francisco,Italian,False,415-543-5100,moderate,54 Mint Ristorante Italiano,True,16 Mint Plaza,2019-03-05,3,13:30
3952,Berkeley,Asian,False,510-883-1883,moderate,Da Lian Restaurant,False,1674 Shattuck Avenue,2019-03-05,4,11:00
3953,San Francisco,Korean,False,415-292-2368,moderate,Aato,True,1449 Lombard Street,2019-03-13,2,17:00
3954,Oakland,Korean,False,510-834-5757,moderate,Gogi Time,True,2600 Telegraph Avenue,2019-03-05,2,13:30
3955,Berkeley,Noodle,False,510-524-1677,moderate,Kirin Restaurant,True,1767 Solano Avenue,2019-03-05,2,13:30
3956,San Francisco,Asian,False,415-731-5515,inexpensive,8 Immortals Restaurant,False,1433 Taraval,2019-03-03,1,11:30
3957,San Francisco,Indian,False,415-777-0500,expensive,Amber,False,25 Yerba Buena Lane,2019-03-08,3,13:30
3958,San Francisco,Italian,False,415-771-2216,moderate,A16,True,2355 Chestnut Street,2019-03-08,2,13:00
3959,Brisbane,Sushi,False,415-656-1889,inexpensive,Teriyaki House,False,114 Old County Road,2019-03-06,4,12:30
3960,Oakland,Mediterranean,False,510-250-9491,moderate,Dyafa,False,44 Webster Street,2019-03-05,2,12:00
3961,San Francisco,Italian,False,415-543-5100,moderate,54 Mint Ristorante Italiano,True,16 Mint Plaza,2019-03-11,2,13:30
3962,San Francisco,California,False,415-872-5512,very expensive,Lord Stanley,True,2065 Polk Street,2019-03-06,2,11:00
3963,Berkeley,Sicilian,False,510-848-8748,moderate,Agrodolce Osteria,True,1730 Shattuck Avenue,2019-03-02,1,11:00
3964,Napa,Italian,False,707-224-3300,expensive,Bistro Don Giovanni,False,4110 Howard Lane,2019-03-01,3,11:30
3965,San Francisco,Japanese,False,415-567-4903,moderate,Ace Wasabi Rock-n-roll Sushi,False,3339 Steiner Street,2019-03-03,1,13:00
3966,Napa,Italian,False,707-254-8006,moderate,Allegria,False,1026 1st Street,2019-03-09,1,13:00
3967,San Francisco,Seafood,False,415-440-2828,moderate,Alamo Square Seafood Grill,False,803 Fillmore Street,2019-03-11,2,12:30
3968,Oakland,Vietnamese,False,510-893-8136,inexpensive,Binh Minh Quan,False,338 12th Street,2019-03-04,4,13:30
3969,San Francisco,Tapas,False,415-654-5211,moderate,Barvale,True,661 Divisadero Street,2019-03-10,3,11:30
3970,San Francisco,California,False,415-416-6136,moderate,Al's Place,True,1499 Valencia Street,2019-03-08,2,13:30
3971,Santa Rosa,Chinese,False,707-521-9239,inexpensive,Mei-don Chinese Cuisine,False,6576 Oakmont Drive,2019-03-08,1,11:00
3972,San Francisco,Thai,False,415-552-8999,moderate,Basil,False,1175 Folsom Street,2019-03-14,4,11:30
3973,San Francisco,Asian,False,415-863-9335,moderate,Bai Thong Thai,False,298 Gough Street,2019-03-05,3,12:30
3974,Oakland,Mexican,False,510-288-3668,moderate,Agave Uptown,False,2135 Franklin Street,2019-03-06,3,13:30
3975,San Francisco,Turkish,False,415-345-1011,moderate,A La Turca,False,869 Geary Street,,,
3976,San Francisco,Turkish,False,415-564-4006,moderate,Bursa Restaurant,False,60 West Portal Avenue,,,
3977,San Francisco,Turkish,False,415-753-9479,moderate,Kitchen Istanbul,False,349 Clement Street,,,
3978,San Francisco,Turkish,False,415-731-0400,moderate,Park Gyros,False,1201 9th Avenue,,,
3979,San Francisco,Turkish,False,415-563-4043,moderate,Tuba Nob Hill,False,1550 California Street,,,
3980,San Francisco,Turkish,False,415-345-1011,moderate,A La Turca,False,869 Geary Street,2019-03-14,4,12:00
3981,Oakland,Asian,False,510-839-8815,moderate,Battambang Restaurant,False,850 Broadway,2019-03-04,3,13:30
3982,Oakland,Mexican,False,510-338-3273,moderate,Calavera,True,2337 Broadway,2019-03-14,2,12:30
3983,Oakland,Vegetarian,False,510-444-1800,moderate,Cafe Romanat,False,462 Santa Clara Avenue,,,
3984,Oakland,Vegetarian,False,510-832-9463,moderate,Encuentro,True,550 2nd Street,2019-03-11,4,13:00