,address,category,date,has_seating_outdoors,has_vegetarian_options,location,number_of_seats,phone_number,price_range,rating,restaurant_name,time
0,377 Santana Row #1000,Asian,2019-03-01,True,True,San Jose,2,408-247-8880,moderate,4.00,Sino,11:30
1,335 Powell Street,Steakhouse,2019-03-01,False,False,San Francisco,2,415-397-3003,ultra high-end,3.80,Bourbon Steak Restaurant,13:00
2,2317 South El Camino Real,Seafood,2019-03-01,False,False,San Mateo,1,650-581-1305,moderate,4.20,Andes Cafe San Mateo,11:00
3,261 North 2nd Street,German,2019-03-05,True,False,San Jose,2,408-771-9871,moderate,4.50,Ludwig's German Table,18:30
4,2300 First Street #110,Brunch,2019-03-01,False,True,Livermore,2,925-443-6638,moderate,4.40,Simply Fondue,13:00
5,1335 North 1st Street,Japanese,2019-03-01,False,False,San Jose,2,408-453-8120,moderate,4.20,House Of Genji,18:00
6,805 North Vasco Road,American,2019-03-14,False,False,Livermore,2,925-961-9090,cheap,3.70,Mcdonald's,12:30
7,20649 Rustic Drive,Japanese,2019-03-14,False,False,Castro Valley,2,510-886-8528,moderate,4.20,Isushi,19:30
8,55 River Oaks Place,American,2019-03-01,True,True,San Jose,2,408-618-8072,moderate,4.10,Lalla Grill,18:30
9,133 South Murphy Avenue,Mediterranean,2019-03-01,True,False,Sunnyvale,4,408-735-9971,moderate,4.00,Taverna Bistro,18:00
10,2826 Telegraph Avenue,Chinese,2019-03-03,False,True,Berkeley,2,510-647-9744,moderate,4.50,Royal Rangoon Restaurant,12:00
11,96 Gough Street,Coffeehouse,2019-03-01,False,False,San Francisco,2,415-658-7888,moderate,4.50,Kittea Cat Cafe,19:00
12,599 O'Farrell Street,Mexican,2019-03-01,False,True,San Francisco,2,415-202-0530,cheap,3.80,El Tesoro Taqueria & Grill,12:00
13,500 Raley's Town Centre,Mexican,2019-03-02,True,False,Rohnert Park,1,707-588-0893,moderate,4.10,Tonayan,12:30
14,2148 Story Road #3,Salvadoran,2019-03-08,False,True,San Jose,2,408-684-4416,moderate,3.70,Tanchito's Restaurant,19:30
15,4390 Telegraph Avenue D,Sushi,2019-03-08,False,False,Oakland,2,510-594-0661,moderate,4.00,Koryo Sushi,13:00
16,605 Post Street,Japanese,2019-03-01,False,False,San Francisco,1,415-775-7644,moderate,4.40,Sakana Sushi Bar & Grill,18:30
17,542 Grand Avenue,Mediterranean,2019-03-01,False,False,Oakland,2,510-452-9500,moderate,4.40,Sidebar,19:00
18,32 Lafayette Circle,American,2019-03-01,True,False,Lafayette,2,925-298-5915,moderate,4.00,The Cooperage American Grille,12:00
19,1512 Locust Street,Vietnamese,2019-03-12,False,True,Walnut Creek,2,925-891-4790,moderate,4.40,Vanessa's Bistro 2 Vietnamese Restaurant,18:30
20,3496 Blackhawk Plaza Circle,Japanese,2019-03-07,True,True,Danville,3,925-648-7838,moderate,4.10,Blue Gingko Blackhawk,17:00
21,4401 Cabrillo Street,Chinese,2019-03-01,False,False,San Francisco,3,415-876-6898,moderate,4.10,Hakka Restaurant,17:00
22,127 Clement Street,Burmese,,False,True,San Francisco,,415-933-9900,moderate,4.40,B Star,
23,211 Valencia Street,Burmese,,False,True,San Francisco,,415-861-2100,moderate,4.60,Burma Love,
24,4348 California Street,Burmese,,False,True,San Francisco,,415-386-3896,moderate,4.50,Mandalay Restaurant,
25,3199 Clement Street,Burmese,,False,True,San Francisco,,415-751-2598,moderate,4.50,Pagan Restaurant,
26,590 Van Ness Avenue,Burmese,,False,True,San Francisco,,415-610-4333,moderate,4.00,Rangoon Ruby Burmese Cuisine,
27,127 Clement Street,Burmese,2019-03-01,False,True,San Francisco,2,415-933-9900,moderate,4.40,B Star,12:30
28,1556 Solano Avenue,Italian,,False,False,Berkeley,,510-558-9000,moderate,4.20,Cugini Restaurant,
29,2635 Ashby Avenue,Italian,,False,True,Berkeley,,510-838-1131,moderate,4.30,Donato & Co.,
30,2930 College Avenue,Italian,,False,True,Berkeley,,510-644-3848,moderate,3.40,Filippo's Berkeley Elmwood,
31,2420 Shattuck Avenue,Italian,,False,True,Berkeley,,510-647-9963,moderate,4.30,Gio's Pizza And Bocce,
32,1400 Shattuck Avenue,Italian,,False,False,Berkeley,,510-843-3745,moderate,4.50,Lo Coco's Restaurant,
33,2016 Shattuck Avenue,Italian,,False,True,Berkeley,,510-225-9467,moderate,4.50,Lucia's Berkeley,
34,800 Heinz Avenue,Italian,,True,False,Berkeley,,510-649-5075,moderate,4.50,Riva Cucina,
35,2993 College Avenue,Italian,,False,False,Berkeley,,510-704-1474,moderate,4.20,Trattoria La Siciliana,
36,2635 Ashby Avenue,Italian,2019-03-05,False,True,Berkeley,4,510-838-1131,moderate,4.30,Donato & Co.,12:30
37,3591 El Camino Real,Take-out,,False,False,Santa Clara,,408-554-9578,moderate,3.90,Chili's Grill & Bar,
38,3591 El Camino Real,Take-out,2019-03-01,False,False,Santa Clara,3,408-554-9578,moderate,3.90,Chili's Grill & Bar,19:00
39,1722 Sacramento Street,American,,False,False,San Francisco,,(415) 567-5432,ultra high-end,4.60,Acquerello,
40,1001 Guerrero Street,American,,False,False,San Francisco,,415-875-9810,ultra high-end,4.50,Aster,
41,490 Geary Street,American,,False,False,San Francisco,,415-345-2303,ultra high-end,3.90,Aveline,
42,1085 Mission Street,American,,False,False,San Francisco,,415-369-9161,ultra high-end,4.80,Birdsong,
43,2224 Mission Street,American,,False,False,San Francisco,,415-355-1500,ultra high-end,4.40,Commonwealth,
44,3870 17th Street,American,,False,False,San Francisco,,415-621-3870,ultra high-end,4.60,Frances,
45,252 California Street,American,,False,False,San Francisco,,415-397-9222,ultra high-end,4.60,Michael Mina,
46,300 Spear Street,American,,False,False,San Francisco,,415-247-7770,ultra high-end,4.30,Prospect,
47,178 Townsend Street,American,,False,False,San Francisco,,415-828-7990,ultra high-end,4.50,Saison,
48,1525 Fillmore Street,American,,False,False,San Francisco,,415-673-1294,ultra high-end,4.60,The Progress,
49,1722 Sacramento Street,American,2019-03-12,False,False,San Francisco,1,(415) 567-5432,ultra high-end,4.60,Acquerello,11:30
50,326 University Avenue,Asian,,True,True,Palo Alto,,650-285-2770,moderate,4.30,Burma Ruby Burmese Cuisine,
51,3691 El Camino Real,Asian,,False,False,Palo Alto,,650-251-9062,moderate,4.00,Hong Kong Restaurant,
52,338 University Avenue,Asian,,False,True,Palo Alto,,650-329-8129,cheap,4.00,Siam Royal Authentic Thai,
53,1460 Halford Avenue,Asian,,False,False,Santa Clara,,408-423-0001,moderate,4.20,Beijing Restaurant,
54,1062 Kiely Boulevard,Asian,,False,False,Santa Clara,,408-985-8808,moderate,4.20,Korean Spring,
55,2232 El Camino Real,Asian,,False,True,Santa Clara,,408-248-9747,moderate,3.50,Mayuri Indian Cuisine,
56,3258 El Camino Real,Asian,,False,False,Santa Clara,,408-244-8531,moderate,4.20,Shu's,
57,2634 Homestead Road,Asian,,False,False,Santa Clara,,408-973-0604,moderate,4.40,Sumiya,
58,3240 El Camino Real,Asian,,False,False,Santa Clara,,408-615-8086,moderate,4.20,Tong Soon Garden,
59,3431 El Camino Real,Asian,,False,True,Santa Clara,,408-244-4534,moderate,4.30,Truya Sushi,
60,2232 El Camino Real,Asian,2019-03-01,False,True,Santa Clara,2,408-248-9747,moderate,3.50,Mayuri Indian Cuisine,18:30
61,16 Mint Plaza,Italian,,True,True,San Francisco,,415-543-5100,moderate,4.40,54 Mint Ristorante Italiano,
62,2355 Chestnut Street,Italian,,False,True,San Francisco,,415-771-2216,moderate,4.30,A16,
63,1098 Jackson Street,Italian,,False,False,San Francisco,,415-292-3699,pricey,3.90,Ala Romana,
64,1701 Jones Street,Italian,,False,False,San Francisco,,415-928-4002,moderate,4.30,Allegro Romano,
65,1358 Mason Street,Italian,,False,False,San Francisco,,415-834-5766,moderate,4.70,Altovino,
66,2162 Larkin Street,Italian,,False,False,San Francisco,,415-447-0441,moderate,4.50,Amarena,
67,8 Mission St,Italian,,True,False,San Francisco,,415-278-3777,moderate,4.00,Americano,
68,737 Diamond Street,Italian,,False,True,San Francisco,,415-282-4969,moderate,4.30,Bacco,
69,220 California Street,Italian,,False,False,San Francisco,,415-955-1919,moderate,4.30,Barbacco,
70,52 Belden Place,Italian,,False,True,San Francisco,,415-986-8887,moderate,4.00,Belden Taverna,
71,2355 Chestnut Street,Italian,2019-03-05,False,True,San Francisco,1,415-771-2216,moderate,4.30,A16,18:00
72,785 Oak Grove Road,Sushi,,False,True,Concord,,925-691-6009,moderate,4.40,Ozora Sushi,
73,5458 Ygnacio Valley Road,Sushi,,False,True,Concord,,925-672-1431,moderate,4.50,Tachi Sushi Bar,
74,785 Oak Grove Road,Sushi,2019-03-01,False,True,Concord,2,925-691-6009,moderate,4.40,Ozora Sushi,18:00
75,534 Irving Street,Thai,,False,True,San Francisco,,415-379-4505,moderate,4.30,Baan Thai House & Wine Bar,
76,1175 Folsom Street,Thai,,False,True,San Francisco,,415-552-8999,moderate,4.20,Basil,
77,272 Claremont Boulevard,Thai,,False,False,San Francisco,,415-999-0345,moderate,4.30,Chaiya Thai Restaurant,
78,3226 Geary Boulevard,Thai,,False,True,San Francisco,,415-379-4549,moderate,4.60,Derm Restaurant,
79,710 Florida Street,Thai,,False,True,San Francisco,,415-814-2920,moderate,4.50,Farmhouse Kitchen Thai Cuisine,
80,901 Larkin Street,Thai,,False,True,San Francisco,,415-441-8038,moderate,4.30,House Of Thai,
81,1826 Buchanan Street,Thai,,False,True,San Francisco,,415-292-9027,moderate,4.40,Jitlada Thai Cuisine,
82,55 Cyril Magnin Street,Thai,,False,True,San Francisco,,415-362-7456,pricey,4.30,Kin Khao,
83,415 Brannan Street,Thai,,False,True,San Francisco,,415-369-0008,moderate,3.90,Koh Samui & The Monkey,
84,3214 16th Street,Thai,,False,True,San Francisco,,415-913-7886,moderate,4.10,Krua Thai,
85,1175 Folsom Street,Thai,2019-03-01,False,True,San Francisco,2,415-552-8999,moderate,4.20,Basil,13:00
86,777 Story Road,Salad,,False,False,San Jose,,408-298-6533,cheap,3.50,Mcdonald's,
87,71 Lafayette Circle,American,,True,False,Lafayette,,925-385-0352,moderate,3.90,American Kitchen,
88,3287 Mount Diablo Boulevard,American,,False,True,Lafayette,,925-284-1621,pricey,4.00,Duck Club Restaurant,
89,3524 Mount Diablo Boulevard,American,,True,False,Lafayette,,925-284-4422,moderate,4.10,Metro Lafayette,
90,32 Lafayette Circle,American,,True,False,Lafayette,,925-298-5915,moderate,4.00,The Cooperage American Grille,
91,3406 Mount Diablo Boulevard,American,,True,False,Lafayette,,925-900-8861,moderate,4.50,The Hideout Kitchen & Cafe,
92,71 Lafayette Circle,American,2019-03-01,True,False,Lafayette,2,925-385-0352,moderate,3.90,American Kitchen,18:00
93,2135 Franklin Street,Mexican,,False,True,Oakland,,510-288-3668,moderate,4.30,Agave Uptown,
94,4039 Piedmont Avenue,Mexican,,True,True,Oakland,,510-985-1200,moderate,4.10,Bar Cesar,
95,1457 Fruitvale Avenue,Mexican,,False,True,Oakland,,510-261-3325,moderate,3.90,Mi Grullense | Restaurant & Tequila Bar,
96,525 Skyway Road,American,,False,False,San Carlos,,650-654-2822,moderate,4.20,Izzy's San Carlos,
97,727 Laurel Street,American,,True,True,San Carlos,,650-597-3108,moderate,3.90,Piacere Restaurant,
98,782 Laurel Street,American,,True,False,San Carlos,,650-610-0438,moderate,4.50,The Cask Wine Bar,
99,1748 El Camino Real,American,,True,False,San Carlos,,650-598-9740,moderate,4.20,The Office,
100,782 Laurel Street,American,2019-03-01,True,False,San Carlos,2,650-610-0438,moderate,4.50,The Cask Wine Bar,17:00
101,87 East San Fernando Street,Mexican,,True,False,San Jose,,408-293-4321,moderate,4.00,Chacho's,
102,5305 Almaden Expressway,Mexican,,False,False,San Jose,,408-266-1815,moderate,3.90,Chevys Fresh Mex,
103,543 Coleman Avenue,Mexican,,False,False,San Jose,,408-275-9340,moderate,4.00,Chili's Grill & Bar,
104,337 Santana Row #1125,Mexican,,False,False,San Jose,,408-260-7082,moderate,3.80,Consuelo Mexican Bistro,
105,7090 Santa Teresa Boulevard,Mexican,,True,False,San Jose,,408-365-9500,moderate,4.20,El Amigo,
106,5440 Thornwood Drive #1,Mexican,,False,False,San Jose,,408-227-1752,moderate,4.10,El Tule,
107,3088 Monterey Road,Mexican,,False,False,San Jose,,408-225-3080,moderate,3.60,Jess's Place,
108,1616 Almaden Road,Mexican,,False,False,San Jose,,408-320-2651,moderate,4.00,La Hacienda,
109,1495 The Alameda,Mexican,,True,True,San Jose,,408-320-2654,moderate,4.50,Luna Mexican Kitchen,
110,1860 The Alameda,Mexican,,False,False,San Jose,,408-841-3304,moderate,3.80,Mango's Mexican Grill,
111,5305 Almaden Expressway,Mexican,2019-03-06,False,False,San Jose,1,408-266-1815,moderate,3.90,Chevys Fresh Mex,13:00
112,3854 Geary Boulevard,Italian,,False,True,San Francisco,,415-221-0305,moderate,4.50,Bella Trattoria,
113,1199 Valencia Street,Italian,,True,True,San Francisco,,415-695-1199,moderate,4.50,Beretta,
114,464 Castro Street,Italian,,False,True,San Francisco,,415-865-9963,moderate,4.30,Cafe Mystique,
115,28 Belden Place,Italian,,True,True,San Francisco,,415-421-3009,moderate,4.20,Cafe Tiramisu,
116,916 Kearny Street,Italian,,True,True,San Francisco,,415-291-1700,moderate,4.40,Cafe Zoetrope,
117,430 Columbus Avenue,Italian,,True,True,San Francisco,,415-397-3600,moderate,4.20,Calzone's Restaurant,
118,25 Lusk Street,American,,False,True,San Francisco,,415-495-5875,pricey,4.40,25 Lusk,
119,919 Cortland Avenue,American,,False,True,San Francisco,,415-814-3709,pricey,4.60,3rd Cousin,
120,1800 Fillmore Street,American,,False,True,San Francisco,,415-775-1800,moderate,3.80,Academy Bar And Kitchen,
121,648 Bush Street,American,,False,True,San Francisco,,650-627-4303,moderate,4.30,All Spice,
122,865 Market Street,American,,False,True,San Francisco,,415-977-5155,moderate,4.30,Bazille,
123,2362 Market Street,American,,True,True,San Francisco,,415-431-5000,moderate,4.30,Catch,
124,471 Haight Street,American,,False,True,San Francisco,,415-793-9016,cheap,5.00,Chaparral,
125,1198 Folsom Street,American,,False,True,San Francisco,,415-556-4901,moderate,4.10,Citizen's Band,
126,5 Embarcadero Center,American,,False,True,San Francisco,,415-291-6581,moderate,3.70,Eclipse Kitchen & Bar,
127,2298 Market Street,American,,True,True,San Francisco,,415-549-3765,cheap,4.00,Flore On Market,
128,25 Lusk Street,American,2019-03-02,False,True,San Francisco,2,415-495-5875,pricey,4.40,25 Lusk,11:00
129,911 Main Street,American,,False,False,Redwood City,,650-995-7500,moderate,4.50,Aly's On Main,
130,2915 El Camino Real,American,,False,False,Redwood City,,650-365-7777,moderate,4.60,John Bentley's Restaurant,
131,2021 Broadway,American,,False,False,Redwood City,,650-367-7974,moderate,4.20,Mandaloun,
132,223 Twin Dolphin Drive,American,,True,True,Redwood City,,650-598-9000,moderate,4.10,Scroll Bar Waterside Kitchen,
133,2021 Broadway,American,,False,False,Redwood City,,650-367-7974,moderate,4.00,The Courthouse 2021,
134,917 Main Street,American,,False,False,Redwood City,,650-257-3710,moderate,4.40,The Striped Pig,
135,50 University Avenue #260,American,,True,True,Los Gatos,,408-354-8118,moderate,4.10,California Cafe,
136,11 College Avenue,American,,True,True,Los Gatos,,408-402-5053,pricey,4.70,Nick's Next Door,
137,532 North Santa Cruz Avenue,American,,True,False,Los Gatos,,408-560-9639,pricey,4.50,The Bywater,
138,50 University Avenue #260,American,2019-03-12,True,True,Los Gatos,4,408-354-8118,moderate,4.10,California Cafe,18:00
139,28 Fremont Street,Mediterranean,,True,True,San Francisco,,415-957-5463,pricey,4.30,Barcha,
140,One Ferry Building #35,Mediterranean,,False,True,San Francisco,,415-399-1155,pricey,4.30,Boulibar,
141,10 29th Street,Mediterranean,,False,True,San Francisco,,415-970-2428,cheap,4.20,Goood Frikin Chicken,
142,454 Geary Street,Mediterranean,,False,False,San Francisco,,415-872-9767,moderate,4.60,La Marsa,
143,4068 18th Street,Mediterranean,,False,False,San Francisco,,415-400-4623,moderate,4.30,Lark,
144,2435 Clement Street,Mediterranean,,False,True,San Francisco,,415-668-1676,moderate,4.30,Layaly Mediterranean Grill,
145,810 Van Ness Avenue,Mediterranean,,False,False,San Francisco,,415-829-2730,cheap,4.20,Mazza Luna,
146,560 Divisadero Street,Mediterranean,,False,True,San Francisco,,415-864-8643,pricey,4.50,Nopa,
147,8 Mint Plaza,Mediterranean,,False,True,San Francisco,,415-974-1212,pricey,4.30,Oro,
148,345 Spear Street #100,Mediterranean,,True,True,San Francisco,,415-512-7400,moderate,4.00,Palomino,
149,28 Fremont Street,Mediterranean,2019-03-01,True,True,San Francisco,2,415-957-5463,pricey,4.30,Barcha,19:30
150,1662 Lombard Street,Sushi,,False,False,San Francisco,,415-614-1958,moderate,4.50,Atami Sushi Bar & Grill,
151,1581 Webster Street,Sushi,,False,False,San Francisco,,415-776-5822,moderate,3.10,Juban Yakiniku House Japanese,
152,2001 17th Street,Sushi,,False,False,San Francisco,,415-861-6438,moderate,4.30,Live Sushi Bar,
153,323 Grant Avenue,Sushi,,False,False,San Francisco,,415-781-6730,moderate,4.00,Mikaku Restaurant,
154,620 Gough Street,Sushi,,False,False,San Francisco,,415-548-2429,pricey,4.60,Robin,
155,3015 Geary Boulevard,Sushi,,False,False,San Francisco,,415-702-9979,moderate,4.50,Sqwers Japanese Restaurant,
156,1701 Powell Street,Sushi,,False,True,San Francisco,,415-291-9268,moderate,3.80,Sushi Hunter,
157,745 Columbus Avenue,Sushi,,False,False,San Francisco,,415-788-8050,moderate,4.60,Sushi On North Beach,
158,22 Peace Plaza #505,Sushi,,False,False,San Francisco,,415-921-2000,moderate,4.00,Takara,
159,1306 Fulton Street,Sushi,,False,True,San Francisco,,415-567-7664,moderate,4.30,Tsunami Panhandle,
160,1662 Lombard Street,Sushi,2019-03-01,False,False,San Francisco,2,415-614-1958,moderate,4.50,Atami Sushi Bar & Grill,18:00
161,2355 Chestnut Street,Italian,2019-03-01,False,True,San Francisco,2,415-771-2216,moderate,4.30,A16,18:00
162,338 12th Street,Vietnamese,,False,True,Oakland,,510-893-8136,cheap,4.30,Binh Minh Quan,
163,5362 College Avenue,Vietnamese,,False,True,Oakland,,510-601-8818,moderate,4.40,Holy Basil Pho,
164,1007 Clay Street,Vietnamese,,False,True,Oakland,,510-763-8495,moderate,4.30,Le Cheval,
165,354 17th Street,Vietnamese,,False,True,Oakland,,510-832-1338,moderate,4.40,Pho 84,
166,4218 Piedmont Avenue,Vietnamese,,False,True,Oakland,,510-654-2681,moderate,4.00,Xyclo Restaurant,
167,5362 College Avenue,Vietnamese,2019-03-01,False,True,Oakland,2,510-601-8818,moderate,4.40,Holy Basil Pho,13:00
168,19068 Stevens Creek Boulevard,Japanese,,False,False,Cupertino,,408-996-8815,moderate,4.30,Amami Shima Sushi,
169,Portal Plaza,Japanese,,False,False,Cupertino,,408-257-4057,moderate,4.40,Azuma Japanese Cuisine,
170,10815 North Wolfe Road #104,Japanese,,False,True,Cupertino,,408-320-0836,moderate,4.50,Pokeworks,
171,20682 Homestead Road,Japanese,,False,False,Cupertino,,408-564-8852,moderate,4.30,Yayoi Cupertino,
172,10815 North Wolfe Road #104,Japanese,2019-03-01,False,True,Cupertino,3,408-320-0836,moderate,4.50,Pokeworks,19:00
173,2235 First Street,Mediterranean,,True,True,Livermore,,925-373-0306,moderate,4.40,Demitri's Taverna,
174,2235 First Street,Mediterranean,2019-03-03,True,True,Livermore,2,925-373-0306,moderate,4.40,Demitri's Taverna,18:30
175,5945 Almaden Expressway #150,Thai,,False,True,San Jose,,408-268-3235,moderate,4.20,Erawan Thai Cuisine,
176,642 South Winchester Boulevard,Thai,,False,True,San Jose,,408-260-8224,moderate,4.20,Krungthai,
177,2043 Camden Avenue,Thai,,False,True,San Jose,,408-626-7718,moderate,4.00,Lanna Thai Restaurant,
178,580 North Winchester Boulevard,Thai,,False,True,San Jose,,408-248-3435,moderate,4.10,New Krungthai,
179,6177 Santa Teresa Boulevard,Thai,,False,True,San Jose,,408-809-7878,moderate,4.30,Oros Thai Restaurant,
180,1080 South De Anza Boulevard A,Thai,,False,True,San Jose,,408-366-1080,moderate,4.20,Siam Thai Cuisine,
181,1423 The Alameda,Thai,,True,True,San Jose,,408-947-7927,moderate,4.20,Tee Nee Thai Cuisine,
182,846 Blossom Hill Road,Thai,,False,True,San Jose,,408-224-8600,moderate,4.30,Thai Grata Restaurant,
183,1715 Lundy Avenue #180,Thai,,False,True,San Jose,,408-452-1326,moderate,3.80,Thai Recipe Cuisine,
184,1102 Bird Avenue #10,Thai,,False,True,San Jose,,408-277-7500,moderate,4.30,Thai Spice,
185,642 South Winchester Boulevard,Thai,2019-03-03,False,True,San Jose,4,408-260-8224,moderate,4.20,Krungthai,13:00
186,2043 Camden Avenue,Thai,2019-03-05,False,True,San Jose,2,408-626-7718,moderate,4.00,Lanna Thai Restaurant,18:30
187,440 1st Street,Coffeehouse,,True,True,Benicia,,707-745-1400,moderate,4.40,First St. Cafe,
188,907 1st Street,Coffeehouse,,True,False,Benicia,,707-746-0505,moderate,4.40,Nine Zero Seven,
189,726 1st Street,Coffeehouse,,False,False,Benicia,,707-745-9938,moderate,4.40,The Rellik Tavern,
190,1503 15th Street,Moroccan,,True,True,San Francisco,,628-233-1503,moderate,4.40,Khamsa,
191,1503 15th Street,Moroccan,2019-03-01,True,True,San Francisco,2,628-233-1503,moderate,4.40,Khamsa,19:30
192,176 South Murphy Avenue,Italian,,True,True,Sunnyvale,,408-737-8384,moderate,3.90,Gumba's,
193,100 South Murphy Avenue,Italian,,True,True,Sunnyvale,,408-733-5351,moderate,4.00,Il Postale,
194,1025 West El Camino Real,Italian,,True,True,Sunnyvale,,408-738-2400,moderate,4.30,Pezzella's Villa Napoli,
195,1025 West El Camino Real,Italian,2019-03-13,True,True,Sunnyvale,3,408-738-2400,moderate,4.30,Pezzella's Villa Napoli,12:00
196,754 The Alameda #10,Japanese,,False,False,San Jose,,408-931-6875,moderate,4.30,Bluefin,
197,1306 Saratoga Avenue,Japanese,,False,False,San Jose,,408-249-6020,moderate,4.40,Dan Izakaya Restaurant,
198,3830 Stevens Creek Boulevard,Japanese,,False,False,San Jose,,408-985-2968,moderate,3.80,Hokkaido Buffet,
199,1335 North 1st Street,Japanese,,False,False,San Jose,,408-453-8120,moderate,4.20,House Of Genji,
200,2041 Camden Avenue,Japanese,,False,False,San Jose,,408-371-4702,moderate,4.40,Ishi Shima Sushi,
201,519 West Capitol Expressway,Japanese,,False,False,San Jose,,408-723-1133,moderate,4.30,Kampai Bar And Grill,
202,250 Jackson Street,Japanese,,False,True,San Jose,,408-288-9611,moderate,4.30,Kazoo Japanese Restaurant,
203,385 South Winchester Boulevard,Japanese,,False,False,San Jose,,408-985-1889,moderate,4.20,Kenji Sushi,
204,593 North 5th Street,Japanese,,False,False,San Jose,,408-279-8440,moderate,4.30,Kubota,
205,664 Blossom Hill Road,Japanese,,False,False,San Jose,,408-224-0600,moderate,4.20,Miyakko Japanese Cuisine,
206,1306 Saratoga Avenue,Japanese,2019-03-10,False,False,San Jose,1,408-249-6020,moderate,4.40,Dan Izakaya Restaurant,18:30
207,1690 Locust Street,Seafood,,False,False,Walnut Creek,,925-378-7924,moderate,4.10,Andy's Sushi,
208,313 North Civic Drive,Seafood,,False,False,Walnut Creek,,925-930-8811,moderate,4.60,House Of Sake,
209,2131 North Broadway,Seafood,,False,True,Walnut Creek,,925-932-1112,moderate,4.30,Miraku,
210,1502 Sunnyvale Avenue,Seafood,,False,True,Walnut Creek,,925-932-9540,moderate,4.30,Nama Sushi & Teriyaki,
211,1333 North California Boulevard,Seafood,,True,False,Walnut Creek,,925-934-1300,pricey,4.40,Scott's Seafood Restaurant,
212,1555 Bonanza Street,Seafood,,False,False,Walnut Creek,,925-944-3474,pricey,4.50,Walnut Creek Yacht Club,
213,1008 Blossom Hill Road,Seafood,,False,False,San Jose,,408-269-8383,moderate,4.00,Ariake,
214,1694 Tully Road,Seafood,,True,False,San Jose,,408-238-2888,moderate,4.30,Big T's Seafood Market Bar,
215,860 Willow Street,Seafood,,False,False,San Jose,,408-289-8879,moderate,4.10,Blue Water Seafood And Crab,
216,1696 Berryessa Road,Seafood,,False,False,San Jose,,408-649-6741,moderate,4.60,Claw Shack,
217,1759 Technology Drive,Seafood,,False,False,San Jose,,408-392-0087,moderate,3.70,Honba Sushi,
218,171 Branham Lane #3,Seafood,,False,False,San Jose,,408-365-9000,moderate,4.40,Kampai Sushi & Grill,
219,1718 Senter Road,Seafood,,False,False,San Jose,,408-286-1738,moderate,4.10,Mariscos San Juan 2,
220,1111 Meridian Avenue Ste 5,Seafood,,False,False,San Jose,,408-440-2468,moderate,4.50,Mavericks Mexican Grill,
221,940 Blossom Hill Road,Seafood,,False,True,San Jose,,408-225-1420,moderate,4.00,Olive Garden Italian Restaurant,
222,26 North San Pedro Street,Seafood,,True,True,San Jose,,408-913-8080,moderate,4.10,Sushi Confidential,
223,1008 Blossom Hill Road,Seafood,2019-03-01,False,False,San Jose,3,408-269-8383,moderate,4.00,Ariake,13:30
224,1760 Polk Street,American,,False,False,San Francisco,,415-359-1212,pricey,4.40,1760,
225,2293 Mission Street,American,,False,False,San Francisco,,415-872-9409,moderate,4.50,Alba Ray's,
226,786 Bush Street,American,,False,False,San Francisco,,415-829-2737,moderate,4.20,Aliment,
227,1420 Market Street,American,,False,False,San Francisco,,415-590-2585,pricey,4.30,Alta Ca,
228,355 11th Street,American,,True,False,San Francisco,,415-355-9400,pricey,4.20,Bar Agricole,
229,410 Cortland Avenue,American,,True,False,San Francisco,,415-695-8777,pricey,4.30,Bernal Star,
230,56 Gold Street,American,,False,False,San Francisco,,415-433-6300,pricey,4.40,Bix,
231,1 Yerba Buena Lane,American,,False,False,San Francisco,,415-547-1111,pricey,4.00,Bluestem Brasserie,
232,Chestnut Street,American,,False,False,San Francisco,,415-351-0175,pricey,3.60,Circa,
233,50 3rd Street,American,,False,False,San Francisco,,415-977-0271,pricey,3.90,Ducca,
234,919 Cortland Avenue,American,2019-03-06,False,True,San Francisco,2,415-814-3709,pricey,4.60,3rd Cousin,18:30
235,21 Town Square Place # A,Breakfast,,True,True,Vacaville,,707-448-2113,moderate,4.40,Los Reyes Restaurante Y Cantina,
236,1501 Helen Power Drive,Breakfast,,False,False,Vacaville,,707-451-4947,cheap,3.60,Mcdonald's,
237,21 Town Square Place # A,Breakfast,2019-03-08,True,True,Vacaville,2,707-448-2113,moderate,4.40,Los Reyes Restaurante Y Cantina,17:30
238,1695 Solano Avenue,Seafood,,False,True,Berkeley,,510-524-1286,moderate,4.30,Akemi Japanese Restaurant,
239,1316 Gilman Street,Seafood,,False,False,Berkeley,,510-525-5458,moderate,4.40,Kiku Sushi,
240,100 Seawall Drive,Seafood,,False,True,Berkeley,,510-549-1900,pricey,4.20,Skates On The Bay,
241,2033 Martin Luther King Junior Way,Seafood,,False,False,Berkeley,,510-548-0737,moderate,4.50,Sushi California,
242,1695 Solano Avenue,Seafood,2019-03-01,False,True,Berkeley,2,510-524-1286,moderate,4.30,Akemi Japanese Restaurant,17:00
243,455 Hartz Avenue,Italian,,True,True,Danville,,925-820-2349,pricey,4.40,Incontro Ristorante,
244,172 East Prospect Avenue,Italian,,True,True,Danville,,925-984-2101,moderate,4.60,Locanda Ravello,
245,100 Sycamore Valley Road,Italian,,True,True,Danville,,925-838-2082,moderate,4.40,Piatti,
246,501 Hartz Avenue,Italian,,False,True,Danville,,925-831-2828,moderate,3.80,The Basil Leaf Cafe,
247,455 Hartz Avenue,Italian,2019-03-10,True,True,Danville,2,925-820-2349,pricey,4.40,Incontro Ristorante,19:00
248,850 Broadway,Asian,,False,True,Oakland,,510-839-8815,moderate,4.50,Battambang Restaurant,
249,3437 Lakeshore Avenue,Asian,,False,True,Oakland,,510-835-8322,moderate,4.50,Lin Jia Asian Kitchen,
250,388 9th Street #288,Asian,,False,False,Oakland,,510-286-8866,moderate,4.10,Peony Seafood Restaurant,
251,5498 College Avenue,Asian,,False,True,Oakland,,510-420-8600,moderate,4.40,Sukho Thai,
252,296 Hegenberger Road,Asian,,False,True,Oakland,,510-430-2552,moderate,3.90,Yoshino Sushi,
253,298 Gough Street,Asian,,False,True,San Francisco,,415-863-9335,moderate,3.70,Bai Thong Thai,
254,(between 2nd & 3rd Ave),Asian,,False,False,San Francisco,,415-474-5569,moderate,4.40,Burmese Kitchen,
255,33 The Embarcadero,Asian,,False,True,San Francisco,,415-864-8999,moderate,4.00,Butterfly Restaurant,
256,320 3rd Street,Asian,,False,True,San Francisco,,415-979-9946,moderate,4.10,Chaat Corner,
257,1030 Irving Street,Asian,,False,True,San Francisco,,415-731-8110,moderate,4.00,Chang's Kitchen Restaurant,
258,1426 Fillmore Street,Asian,,False,True,San Francisco,,415-563-8882,moderate,4.20,King Lee's Chinese Restaurant,
259,149 2nd Street,Asian,,False,True,San Francisco,,415-278-9991,moderate,4.10,Lao Table,
260,730 Larkin Street,Asian,,False,True,San Francisco,,415-923-8978,moderate,4.30,Lers Ros,
261,1247 Polk Street,Asian,,False,True,San Francisco,,415-922-8424,moderate,4.00,Modern Thai,
262,2033 Union Street,Asian,,False,True,San Francisco,,415-567-8964,moderate,3.80,Osha Thai Restaurant,
263,869 4th Street,Nepalese,,False,False,San Rafael,,415-459-3315,moderate,4.50,Napoli Pizza-taste Of The Himalayas,
264,869 4th Street,Nepalese,2019-03-01,False,False,San Rafael,3,415-459-3315,moderate,4.50,Napoli Pizza-taste Of The Himalayas,18:00
265,2075 South El Camino Real,Japanese,,False,True,San Mateo,,650-522-9698,moderate,3.90,Daiki Sushi,
266,204 2nd Avenue A,Japanese,,False,False,San Mateo,,650-340-1508,moderate,4.40,Dash Japanese Tapas And Sushi,
267,2942 South Norfolk Street,Japanese,,False,False,San Mateo,,650-212-1272,moderate,4.30,Inshou Japanese Cuisine,
268,123 West 25th Avenue,Japanese,,False,True,San Mateo,,650-212-1828,moderate,4.30,Kaori Sushi And Sake Bar,
269,243 South B Street,Japanese,,False,True,San Mateo,,650-389-2482,moderate,4.20,Pacific Catch,
270,34 East 4th Avenue,Japanese,,False,False,San Mateo,,650-570-6609,moderate,4.30,Tokie's,
271,104 South El Camino Real,Japanese,,False,False,San Mateo,,650-558-8239,moderate,4.40,Yu Raku,
272,2075 South El Camino Real,Japanese,2019-03-01,False,True,San Mateo,2,650-522-9698,moderate,3.90,Daiki Sushi,17:30
273,341 Castro Street,Turkish,,True,True,Mountain View,,650-969-3835,moderate,4.30,Cafe Baklava,
274,341 Castro Street,Turkish,2019-03-01,True,True,Mountain View,2,650-969-3835,moderate,4.30,Cafe Baklava,17:30
275,71 North San Pedro Street,American,,True,True,San Jose,,408-971-8523,moderate,4.00,71 Saint Peter,
276,2400 Forest Avenue,American,,False,True,San Jose,,408-261-5787,moderate,4.20,Bazille,
277,99 South 1st Street,American,,False,False,San Jose,,408-292-4300,moderate,3.70,Billy Berk's,
278,511 Coleman Avenue,American,,True,True,San Jose,,408-343-7230,moderate,3.90,Bj's Restaurant & Brewhouse,
279,1202 Lincoln Avenue,American,,True,False,San Jose,,408-816-7251,pricey,4.40,Black Sheep Brasserie,
280,2445 Fontaine Road,American,,False,True,San Jose,,408-238-9110,moderate,4.20,Chuck E. Cheese's,
281,61 Curtner Avenue,American,,False,False,San Jose,,408-292-7444,moderate,4.10,Famous Dave's Bar-b-que,
282,69 North San Pedro Street,American,,True,False,San Jose,,408-287-6969,moderate,4.30,Firehouse No.1 Gastropub,
283,230 Jackson Street,American,,False,False,San Jose,,408-279-4888,moderate,4.30,Hukilau,
284,1238 Lincoln Avenue,American,,True,True,San Jose,,408-998-1440,moderate,4.40,John's Of Willow Glen,
285,99 South 1st Street,American,2019-03-13,False,False,San Jose,2,408-292-4300,moderate,3.70,Billy Berk's,12:00
286,1419 Moraga Way,Italian,,False,True,Moraga,,925-376-4444,moderate,4.40,La Finestra Ristorante,
287,360 Park Street,Italian,,False,False,Moraga,,925-377-7662,moderate,4.20,Ristorante Amoroma,
288,360 Park Street,Italian,2019-03-01,False,False,Moraga,2,925-377-7662,moderate,4.20,Ristorante Amoroma,13:00
289,523 4th Street,American,,True,False,Santa Rosa,,707-526-5787,moderate,4.40,Belly Left Coast Kitchen & Taproom,
290,170 Railroad Street,American,,True,False,Santa Rosa,,707-636-7388,moderate,3.50,Brasserie Restaurant & Lounge,
291,1226 4th Street,American,,True,False,Santa Rosa,,707-569-8222,moderate,4.60,Bruno's On Fourth,
292,5755 Mountain Hawk Drive,American,,False,True,Santa Rosa,,707-230-2610,moderate,4.60,Earth's Bounty Kitchen & Wine Bar,
293,1229 North Dutton Avenue,American,,True,True,Santa Rosa,,707-526-1229,moderate,4.40,Franchettis',
294,115 4th Street,American,,False,False,Santa Rosa,,707-526-4347,moderate,4.20,Jack & Tony's,
295,2642 Santa Rosa Avenue,American,,False,True,Santa Rosa,,707-569-9222,cheap,3.40,Mcdonald's,
296,90 Old Courthouse Square,American,,False,True,Santa Rosa,,707-541-6896,moderate,4.40,Perch + Plow,
297,401 South A Street,American,,False,True,Santa Rosa,,707-528-7100,pricey,4.50,The Spinster Sisters,
298,39839 Mowry School Road,American,,False,True,Newark,,510-445-0660,moderate,3.80,Chuck E. Cheese's,
299,39839 Mowry School Road,American,2019-03-12,False,True,Newark,1,510-445-0660,moderate,3.80,Chuck E. Cheese's,11:30
300,338 South Main Street,Mexican,,False,True,Milpitas,,408-263-9455,moderate,4.30,Baja Cactus,
301,20 North Abel Street,Mexican,,True,False,Milpitas,,408-946-0466,moderate,4.30,Casa Azteca Restaurant,
302,477 East Calaveras Boulevard,Mexican,,True,False,Milpitas,,408-946-8012,moderate,4.00,El Torito,
303,107 North Milpitas Boulevard,Mexican,,False,True,Milpitas,,408-945-6540,moderate,4.40,La Milpa,
304,260 Ranch Drive,Mexican,,False,False,Milpitas,,408-935-6070,moderate,3.90,On The Border,
305,338 South Main Street,Mexican,2019-03-12,False,True,Milpitas,2,408-263-9455,moderate,4.30,Baja Cactus,11:30
306,100 Grand Avenue #111,Seafood,,True,False,Oakland,,510-907-7555,moderate,4.30,Alamar Kitchen & Bar,
307,3314 Piedmont Avenue,Seafood,,True,True,Oakland,,510-645-1912,moderate,4.50,Judoku Sushi,
308,1520 Lakeside Drive,Seafood,,True,True,Oakland,,510-208-5253,moderate,4.10,Lake Chalet,
309,1437 Franklin Street,Seafood,,False,True,Oakland,,510-251-9688,cheap,0.00,Le Tasty Chinese Restaurant,
310,1951 Embarcadero,Seafood,,True,False,Oakland,,510-536-2050,moderate,4.20,Quinn's Lighthouse,
311,4209 Park Boulevard,Seafood,,False,False,Oakland,,510-336-2388,moderate,4.40,Sushi Park | Japanese Restaurant,
312,1414 Jefferson Street,Seafood,,False,True,Oakland,,510-663-8262,moderate,4.20,Tambo Peruvian Restaurant,
313,1520 Lakeside Drive,Seafood,2019-03-09,True,True,Oakland,3,510-208-5253,moderate,4.10,Lake Chalet,12:00
314,23 Orinda Way,Asian,,False,True,Orinda,,925-253-1975,moderate,4.40,Siam Orchid,
315,23 Orinda Way,Asian,2019-03-03,False,True,Orinda,2,925-253-1975,moderate,4.40,Siam Orchid,18:30
316,425 Main Street,Bistro,,True,True,Pleasanton,,925-600-0411,moderate,4.40,Nonni's Bistro,
317,425 Main Street,Bistro,2019-03-01,True,True,Pleasanton,2,925-600-0411,moderate,4.40,Nonni's Bistro,12:30
318,1581 Webster Street,Sushi,2019-03-12,False,False,San Francisco,1,415-776-5822,moderate,3.10,Juban Yakiniku House Japanese,12:00
319,1581 Webster Street,Sushi,2019-03-13,False,False,San Francisco,2,415-776-5822,moderate,3.10,Juban Yakiniku House Japanese,12:00
320,4288 Dublin Boulevard #110,Japanese,,False,False,Dublin,,925-833-9833,moderate,4.10,Halu Shabu Shabu,
321,6599 Dublin Boulevard,Japanese,,False,False,Dublin,,925-556-9573,moderate,4.20,Yanagi Sushi & Grill Dublin,
322,4288 Dublin Boulevard #110,Japanese,2019-03-01,False,False,Dublin,2,925-833-9833,moderate,4.10,Halu Shabu Shabu,18:30
323,1919 Davis Street,Coffeehouse,,False,False,San Leandro,,510-430-9417,cheap,2.90,Mcdonald's,
324,604 MacArthur Boulevard,Coffeehouse,,False,False,San Leandro,,510-562-2828,cheap,3.80,Oriental Tea House,
325,1919 Davis Street,Coffeehouse,2019-03-01,False,False,San Leandro,1,510-430-9417,cheap,2.90,Mcdonald's,19:00
326,101 Parrott Street,English,,True,False,San Leandro,,510-357-3571,moderate,4.00,The Englander Sports Pub & Restaurant,
327,101 Parrott Street,English,2019-03-02,True,False,San Leandro,2,510-357-3571,moderate,4.00,The Englander Sports Pub & Restaurant,11:00
328,351 West Washington Avenue,Halal,,False,True,Sunnyvale,,408-245-4350,moderate,4.30,Kabul Afghan Cuisine,
329,351 West Washington Avenue,Halal,2019-03-01,False,True,Sunnyvale,2,408-245-4350,moderate,4.30,Kabul Afghan Cuisine,11:30
330,127 North McDowell Boulevard,Chinese,,False,True,Petaluma,,707-763-3083,moderate,4.40,City Chopsticks,
331,3100 Lakeville Highway H,Chinese,,False,True,Petaluma,,707-782-1170,moderate,4.50,Lily Kai Chinese Cuisine,
332,127 North McDowell Boulevard,Chinese,2019-03-01,False,True,Petaluma,1,707-763-3083,moderate,4.40,City Chopsticks,19:30
333,244 Jackson Street,Steakhouse,,False,True,San Francisco,,415-989-2539,pricey,4.30,5a5 Steak Lounge,
334,1450 Lombard Street,Steakhouse,,False,False,San Francisco,,415-441-8880,pricey,4.20,Bobo's,
335,1686 Market Street,Steakhouse,,False,False,San Francisco,,415-552-8792,pricey,4.50,Espetus Churrascaria - San Francisco,
336,2100 Van Ness Avenue,Steakhouse,,False,False,San Francisco,,415-673-8817,pricey,4.60,Harris',
337,3345 Steiner Street,Steakhouse,,False,False,San Francisco,,415-563-0487,pricey,4.30,Izzy's,
338,845 Market Street #402,Steakhouse,,False,False,San Francisco,,415-593-4100,pricey,4.00,Lark Creek Steak,
339,244 Jackson Street,Steakhouse,2019-03-01,False,True,San Francisco,2,415-989-2539,pricey,4.30,5a5 Steak Lounge,11:00
340,140 North Civic Drive,Indian,,False,True,Walnut Creek,,925-937-2700,moderate,4.00,Sargam Indian Cuisine,
341,140 North Civic Drive,Indian,2019-03-01,False,True,Walnut Creek,3,925-937-2700,moderate,4.00,Sargam Indian Cuisine,11:30
342,17500 Depot Street #180,Mediterranean,,True,False,Morgan Hill,,408-782-5151,pricey,4.40,Odeum,
343,17500 Depot Street #180,Mediterranean,2019-03-04,True,False,Morgan Hill,3,408-782-5151,pricey,4.40,Odeum,11:30
344,1041 Middlefield Road,Italian,,True,False,Redwood City,,650-701-1000,pricey,4.30,Donato Enoteca,
345,Portobello Grill,Italian,,True,False,Redwood City,,650-299-9918,moderate,4.30,Portobello Grill,
346,2030 Broadway,Italian,,True,False,Redwood City,,650-780-0793,moderate,4.30,Vino Santo Bistro,
347,1041 Middlefield Road,Italian,2019-03-01,True,False,Redwood City,2,650-701-1000,pricey,4.30,Donato Enoteca,17:00
348,35192 Newark Boulevard,Coffeehouse,,False,False,Newark,,510-791-1389,cheap,3.20,Mcdonald's,
349,35192 Newark Boulevard,Coffeehouse,2019-03-06,False,False,Newark,2,510-791-1389,cheap,3.20,Mcdonald's,11:30
350,2053 Broadway,Mediterranean,,False,False,Redwood City,,650-299-9551,cheap,4.30,Rocknwraps And Kabobs,
351,2053 Broadway,Mediterranean,2019-03-13,False,False,Redwood City,2,650-299-9551,cheap,4.30,Rocknwraps And Kabobs,11:00
352,462 Santa Clara Avenue,Vegetarian,,False,True,Oakland,,510-444-1800,moderate,4.60,Cafe Romanat,
353,550 2nd Street,Vegetarian,,False,True,Oakland,,510-832-9463,moderate,4.50,Encuentro,
354,5179 Telegraph Aveneue,Vegetarian,,False,True,Oakland,,510-652-7350,moderate,4.00,Juhu Beach Club,
355,5912 College Avenue,Vegetarian,,True,True,Oakland,,510-735-9459,pricey,4.60,Millennium,
356,462 Santa Clara Avenue,Vegetarian,2019-03-01,False,True,Oakland,1,510-444-1800,moderate,4.60,Cafe Romanat,12:30
357,1501 Tara Hills Drive,Chinese,,False,True,Pinole,,510-964-1882,cheap,4.10,China Delights,
358,1971 San Pablo Avenue,Chinese,,False,True,Pinole,,510-741-8788,moderate,3.60,China House Restaurant,
359,795 Fernandez Avenue,Chinese,,False,True,Pinole,,510-724-1668,moderate,4.10,King Valley,
360,1971 San Pablo Avenue,Chinese,2019-03-11,False,True,Pinole,2,510-741-8788,moderate,3.60,China House Restaurant,13:00
361,4115 El Camino Real,Take-out,,True,True,Palo Alto,,650-424-9400,moderate,4.30,Pizz'a Chicago,
362,4115 El Camino Real,Take-out,2019-03-11,True,True,Palo Alto,4,650-424-9400,moderate,4.30,Pizz'a Chicago,17:00
363,2033 Camden Avenue # F3,Chinese,,False,True,San Jose,,408-377-8310,moderate,4.30,Chef Li,
364,5813 Cottle Road,Chinese,,False,True,San Jose,,408-226-3666,moderate,4.40,China Delight,
365,80 Senter Road,Chinese,,False,True,San Jose,,408-225-9101,moderate,4.10,China Station Restaurant,
366,9 North Market Street,Chinese,,False,True,San Jose,,408-280-6688,moderate,3.90,China Wok Restaurant,
367,3082 Landess Avenue,Chinese,,False,False,San Jose,,408-945-1380,moderate,4.10,Golden Garlic,
368,7108 Santa Teresa Boulevard,Chinese,,False,True,San Jose,,408-225-8001,cheap,4.60,Golden House Restaurant,
369,5152 Moorpark Avenue #30,Chinese,,False,False,San Jose,,408-873-9982,moderate,4.40,Hunan Impression,
370,3095 McKee Road,Chinese,,False,False,San Jose,,408-251-7693,cheap,3.40,K K Chinese,
371,1882 Curtner Avenue,Chinese,,False,False,San Jose,,408-371-2968,cheap,3.90,Little Hunan,
372,1715 Lundy Avenue,Chinese,,False,True,San Jose,,408-437-2499,moderate,4.10,Ma's Restaurant,
373,5813 Cottle Road,Chinese,2019-03-11,False,True,San Jose,1,408-226-3666,moderate,4.40,China Delight,13:30
374,1754 Polk Street,French,,False,False,San Francisco,,415-292-6916,moderate,4.50,Amelie San Francisco,
375,175 Sutter Street,French,,False,False,San Francisco,,415-402-5290,moderate,4.20,Aquitaine Wine Bar & Bistro,
376,3127 Fillmore Street,French,,False,False,San Francisco,,415-440-0460,ultra high-end,4.70,Atelier Crenn,
377,3340 Steiner Street,French,,False,False,San Francisco,,415-202-0100,pricey,4.50,Bistro Aix,
378,560 Central Avenue,French,,True,False,San Francisco,,415-931-7272,pricey,4.40,Bistro Central Parc,
379,22 Belden Place,French,,True,False,San Francisco,,415-986-5673,moderate,4.40,Cafe Bastille,
380,1454 Grant Avenue,French,,False,False,San Francisco,,415-981-5565,pricey,4.50,Cafe Jacqueline,
381,2015 Chestnut Street,French,,False,False,San Francisco,,415-440-4290,moderate,4.30,Castagna,
382,126 Clement Street,French,,False,False,San Francisco,,415-387-0408,pricey,4.70,Chapeau!,
383,2223 Union Street,French,,False,True,San Francisco,,415-771-7771,cheap,5.00,Chez Maman,
384,1401 18th Street,French,,False,False,San Francisco,,415-824-8205,moderate,4.00,Chez Papa Bistrot,
385,2500 Washington Street,French,,True,False,San Francisco,,415-359-0075,moderate,4.30,Chouquet's,
386,715 Bush Street,French,,False,False,San Francisco,,415-421-3154,moderate,4.50,"Closed For Renovation - Reopening April 23rd, 2019)",
387,2223 Union Street,French,,True,False,San Francisco,,415-771-7771,moderate,4.60,Gamine,
388,465 Davis Street,French,,False,True,San Francisco,,415-981-7824,moderate,4.10,L'olivier French Restaurant,
389,175 Sutter Street,French,2019-03-01,False,False,San Francisco,2,415-402-5290,moderate,4.20,Aquitaine Wine Bar & Bistro,17:00
390,1599 Sanchez Street,Chinese,,False,True,San Francisco,,415-282-8999,cheap,4.30,Alice's,
391,1441 Polk Street,Chinese,,False,True,San Francisco,,415-775-3679,cheap,3.60,Bamboo Restaurant,
392,2218 Irving Street,Chinese,,False,False,San Francisco,,415-661-8385,cheap,4.40,Bei Fang Style,
393,1801 Alemany Boulevard,Chinese,,False,False,San Francisco,,415-333-8182,moderate,4.10,Beijing Restaurant,
394,726 Clement Street,Chinese,,False,False,San Francisco,,415-387-2658,moderate,4.30,Chili House Sf,
395,2205 Lombard Street,Chinese,,False,False,San Francisco,,415-655-3335,moderate,4.50,Chubby Noodle Marina,
396,2257 San Jose Avenue,Chinese,,False,True,San Francisco,,415-337-1888,cheap,3.40,Crazy Pepper,
397,2550 Van Ness Avenue,Chinese,,False,False,San Francisco,,415-529-2615,cheap,4.10,Dim Sum Club,
398,5700 Geary Boulevard,Chinese,,False,False,San Francisco,,415-333-8899,moderate,4.40,Dragon Beaux,
399,5045 Geary Boulevard,Chinese,,False,True,San Francisco,,415-387-8512,cheap,4.40,Dragon River Restaurant,
400,1599 Sanchez Street,Chinese,2019-03-01,False,True,San Francisco,2,415-282-8999,cheap,4.30,Alice's,13:00
401,15099-A Hesperian Boulevard,Mexican,,False,True,San Leandro,,510-856-0301,cheap,3.20,Taco Bell,
402,15099-A Hesperian Boulevard,Mexican,2019-03-01,False,True,San Leandro,1,510-856-0301,cheap,3.20,Taco Bell,19:30
403,1599 Sanchez Street,Chinese,2019-03-11,False,True,San Francisco,2,415-282-8999,cheap,4.30,Alice's,13:00
404,300 El Camino Real,Chinese,,False,True,Millbrae,,650-697-7888,moderate,3.70,Tai Wu Restaurant,
405,300 El Camino Real,Chinese,2019-03-01,False,True,Millbrae,2,650-697-7888,moderate,3.70,Tai Wu Restaurant,19:30
406,1027 Oliver Road,American,,False,True,Fairfield,,707-426-4500,moderate,4.10,Chuck E. Cheese's,
407,1525 Travis Boulevard,American,,False,True,Fairfield,,707-421-8292,moderate,4.10,Red Lobster,
408,3333 North Texas Street,American,,False,False,Fairfield,,707-422-7623,moderate,4.40,Texas Roadhouse,
409,1027 Oliver Road,American,2019-03-01,False,True,Fairfield,2,707-426-4500,moderate,4.10,Chuck E. Cheese's,12:30
410,754 The Alameda #10,Japanese,2019-03-01,False,False,San Jose,2,408-931-6875,moderate,4.30,Bluefin,11:30
411,4580 Dublin Boulevard,Chinese,,False,True,Dublin,,925-556-9988,moderate,4.40,China Paradise Restaurant,
412,7745 Amador Valley Boulevard,Chinese,,False,False,Dublin,,925-828-2028,moderate,4.00,Golden Sand Harbor,
413,3720 Fallon Road,Chinese,,False,False,Dublin,,925-999-8627,moderate,4.20,Gum Kuo,
414,4288 Dublin Boulevard #213,Chinese,,False,True,Dublin,,925-833-9090,moderate,4.00,Koi Palace - Dublin,
415,3870 Fallon Road,Chinese,,False,False,Dublin,,925-829-8895,moderate,4.30,Little Dipper Shabu Shabu,
416,4068 Grafton Street,Chinese,,False,False,Dublin,,925-361-8682,moderate,4.40,"Little Sheep Mongolian Hot Pot, Dublin",
417,6513 Regional Street,Chinese,,False,True,Dublin,,925-828-9111,moderate,4.20,Ocean Garden,
418,4580 Dublin Boulevard,Chinese,2019-03-05,False,True,Dublin,3,925-556-9988,moderate,4.40,China Paradise Restaurant,12:00
419,16 Mint Plaza,Italian,2019-03-04,True,True,San Francisco,3,415-543-5100,moderate,4.40,54 Mint Ristorante Italiano,12:00
420,1830 Fourth Street,Japanese,,True,True,Berkeley,,510-845-8100,pricey,4.50,Iyasare,
421,2441 Dwight Way,Japanese,,True,True,Berkeley,,510-848-5260,moderate,4.00,Joshu-ya Brasserie,
422,1400 Shattuck Avenue,Japanese,,False,False,Berkeley,,510-540-5000,moderate,4.40,Kamado Sushi,
423,1695 Solano Avenue,Japanese,,False,True,Berkeley,,510-524-1286,cheap,3.80,Miyuki Japanese Restaurant,
424,1830 Fourth Street,Japanese,2019-03-01,True,True,Berkeley,2,510-845-8100,pricey,4.50,Iyasare,12:00
425,"1480 First St Napa, Ca 94559",Greek,,True,True,Napa,,707-255-5599,moderate,4.50,Tarla Mediterranean Bar + Grill Napa Valley Restaurant,
426,"1480 First St Napa, Ca 94559",Greek,2019-03-01,True,True,Napa,2,707-255-5599,moderate,4.50,Tarla Mediterranean Bar + Grill Napa Valley Restaurant,12:00
427,1420 Market Street,Jamaican,,False,False,San Francisco,,415-590-2585,moderate,4.30,Kaya Restaurant,
428,1420 Market Street,Jamaican,2019-03-02,False,False,San Francisco,3,415-590-2585,moderate,4.30,Kaya Restaurant,19:00
429,12108 Saratoga Sunnyvale Road,Seafood,,False,False,Saratoga,,408-777-8774,moderate,4.50,Sushi Heaven,
430,12108 Saratoga Sunnyvale Road,Seafood,2019-03-01,False,False,Saratoga,2,408-777-8774,moderate,4.50,Sushi Heaven,19:00
431,500 Precita Avenue,Asado,,True,True,San Francisco,,415-647-7702,moderate,4.30,Precita Park Cafe & Grill,
432,500 Precita Avenue,Asado,2019-03-01,True,True,San Francisco,2,415-647-7702,moderate,4.30,Precita Park Cafe & Grill,13:30
433,39145 Farwell Drive,Take-out,,False,True,Fremont,,510-796-5102,moderate,4.10,Olive Garden Italian Restaurant,
434,39145 Farwell Drive,Take-out,2019-03-11,False,True,Fremont,1,510-796-5102,moderate,4.10,Olive Garden Italian Restaurant,11:00
435,71 North San Pedro Street,American,2019-03-09,True,True,San Jose,2,408-971-8523,moderate,4.00,71 Saint Peter,17:30
436,2232 Bush Street,Asian,,False,True,San Francisco,,415-923-9575,moderate,4.30,Otd,
437,298 Gough Street,Asian,2019-03-12,False,True,San Francisco,2,415-863-9335,moderate,3.70,Bai Thong Thai,18:00
438,383 1st Street,European,,False,True,Gilroy,,408-847-7527,moderate,4.70,Tasso's Old House Restaurant,
439,383 1st Street,European,2019-03-01,False,True,Gilroy,2,408-847-7527,moderate,4.70,Tasso's Old House Restaurant,11:30
440,383 1st Street,European,2019-03-01,False,True,Gilroy,2,408-847-7527,moderate,4.70,Tasso's Old House Restaurant,18:00
441,39145 Farwell Drive,Take-out,2019-03-01,False,True,Fremont,2,510-796-5102,moderate,4.10,Olive Garden Italian Restaurant,12:30
442,13670 Arnold Drive,American,,True,False,Glen Ellen,,707-996-1174,moderate,4.50,Glen Ellen Inn,
443,13670 Arnold Drive,American,2019-03-05,True,False,Glen Ellen,2,707-996-1174,moderate,4.50,Glen Ellen Inn,17:00
444,134 Castro Street,Asian,,False,True,Mountain View,,650-964-8881,moderate,3.80,Hangen Szechuan,
445,286 West El Camino Real,Asian,,True,False,Mountain View,,650-969-7041,cheap,4.00,Happi House Famous Teriyaki,
446,485 Castro Street,Asian,,False,True,Mountain View,,650-965-1059,moderate,3.90,Kirin,
447,975 West Dana Street,Asian,,False,False,Mountain View,,650-960-0626,moderate,4.50,Yakko,
448,485 Castro Street,Asian,2019-03-01,False,True,Mountain View,2,650-965-1059,moderate,3.90,Kirin,12:00
449,2317 South El Camino Real,Seafood,,False,False,San Mateo,,650-581-1305,moderate,4.20,Andes Cafe San Mateo,
450,428 East 3rd Avenue,Seafood,,False,False,San Mateo,,650-348-7810,moderate,4.10,Fuji Sukiyaki,
451,570 South Norfolk Street,Seafood,,False,True,San Mateo,,650-347-1228,cheap,3.70,Golden Wok,
452,30 South B Street,Seafood,,False,True,San Mateo,,650-340-8974,moderate,4.20,Joy Sushi,
453,73 East 3rd Avenue,Seafood,,True,True,San Mateo,,650-342-0288,moderate,4.40,Ni-mo Japanese Cuisine,
454,1952 South El Camino Real,Seafood,,False,False,San Mateo,,650-315-2827,moderate,4.10,Seapot,
455,1855 South Norfolk Street,Seafood,,True,True,San Mateo,,650-349-3474,moderate,4.30,The Fish Market,
456,1855 South Norfolk Street,Seafood,,False,True,San Mateo,,650-349-1845,pricey,4.20,Top Of The Market,
457,54 37th Avenue,Seafood,,False,False,San Mateo,,650-358-0298,moderate,4.50,Yuzu,
458,2317 South El Camino Real,Seafood,2019-03-09,False,False,San Mateo,2,650-581-1305,moderate,4.20,Andes Cafe San Mateo,13:00
459,601 Van Ness Avenue,Japanese,,False,True,San Francisco,,415-292-9997,moderate,3.50,2g Japanese Brasserie,
460,3339 Steiner Street,Japanese,,False,True,San Francisco,,415-567-4903,moderate,4.40,Ace Wasabi Rock-n-roll Sushi,
461,1634 Bush Street,Japanese,,False,True,San Francisco,,415-800-8498,moderate,4.60,Akira Japanese Restaurant,
462,5041 Geary Boulevard,Japanese,,False,False,San Francisco,,415-221-6255,moderate,4.60,Ariake,
463,2170 Bryant Street,Japanese,,False,False,San Francisco,,415-285-3848,moderate,4.10,Blowfish Sushi,
464,2850 21st Street,Japanese,,False,False,San Francisco,,415-872-9332,moderate,4.60,"Bon, Nene",
465,301 West Portal Avenue,Japanese,,False,False,San Francisco,,415-564-6360,moderate,4.30,Fuji Japanese Restaurant,
466,658 Market Street,Japanese,,False,False,San Francisco,,415-530-2466,moderate,4.20,Ginto,
467,1793 Haight Street,Japanese,,False,False,San Francisco,,415-742-0552,moderate,4.30,Ginza Sushi & Sake,
468,2721 Hyde Street,Japanese,,False,False,San Francisco,,415-673-6826,moderate,4.40,Grandeho's Kamekyo,
469,601 Van Ness Avenue,Japanese,2019-03-01,False,True,San Francisco,3,415-292-9997,moderate,3.50,2g Japanese Brasserie,11:00
470,2337 Broadway,Mexican,,True,False,Oakland,,510-338-3273,moderate,4.20,Calavera,
471,3829 Foothill Boulevard,Mexican,,False,False,Oakland,,510-536-6898,moderate,4.30,El Malecon,
472,891 Island Drive # B,Mexican,,False,False,Oakland,,510-769-9110,moderate,4.30,La Penca Azul,
473,3872 International Boulevard,Mexican,,False,False,Oakland,,510-536-0909,moderate,3.80,Otaez Restaurant,
474,1308 International Boulevard,Mexican,,False,False,Oakland,,510-532-5575,moderate,4.30,Tijuana | Mexican Seafood Restaurant,
475,2135 Franklin Street,Mexican,2019-03-01,False,True,Oakland,2,510-288-3668,moderate,4.30,Agave Uptown,13:30
476,2121 San Pablo Avenue,Take-out,,False,True,Berkeley,,510-647-5016,moderate,4.50,Gaumenkitzel,
477,2121 San Pablo Avenue,Take-out,2019-03-01,False,True,Berkeley,2,510-647-5016,moderate,4.50,Gaumenkitzel,19:30
478,1367 North McDowell Boulevard #110,Asian,,False,True,Petaluma,,707-775-3088,moderate,4.00,Flowering Tea House,
479,1367 North McDowell Boulevard,Asian,,False,True,Petaluma,,707-789-9296,moderate,4.30,Gohan,
480,1367 North McDowell Boulevard #110,Asian,2019-03-07,False,True,Petaluma,4,707-775-3088,moderate,4.00,Flowering Tea House,17:00
481,8000 El Cerrito Plaza,Italian,,False,True,El Cerrito,,510-524-9336,moderate,3.90,Romano's Macaroni Grill,
482,8000 El Cerrito Plaza,Italian,2019-03-14,False,True,El Cerrito,1,510-524-9336,moderate,3.90,Romano's Macaroni Grill,11:30
483,2174 Market Street,Tapas,,False,True,San Francisco,,415-471-2977,pricey,4.20,Aatxe,
484,661 Divisadero Street,Tapas,,False,False,San Francisco,,415-654-5211,moderate,4.40,Barvale,
485,4058 18th Street A,Tapas,,False,False,San Francisco,,415-801-5392,moderate,4.30,Beso Bistronomia,
486,216 Townsend Street,Tapas,,False,False,San Francisco,,415-896-2120,moderate,4.30,District San Francisco,
487,1101 Valencia Street,Tapas,,False,False,San Francisco,,415-401-8959,moderate,4.30,Garcon,
488,6 Claude Lane,Tapas,,False,False,San Francisco,,415-788-6686,pricey,4.20,Gitane Restaurant & Bar,
489,2199 Mission Street,Tapas,,False,False,San Francisco,,415-863-4777,moderate,4.10,L'emigrante,
490,3120 16th Street,Tapas,,True,False,San Francisco,,415-431-4089,moderate,4.40,Picaro,
491,3120 16th Street,Tapas,2019-03-01,True,False,San Francisco,1,415-431-4089,moderate,4.40,Picaro,12:30
492,1501 Tara Hills Drive,Chinese,2019-03-06,False,True,Pinole,1,510-964-1882,cheap,4.10,China Delights,18:30
493,4058 18th Street A,Tapas,2019-03-01,False,False,San Francisco,2,415-801-5392,moderate,4.30,Beso Bistronomia,18:00
494,720 Howard Street,American,,True,False,San Francisco,,415-495-9800,moderate,4.10,B,
495,601 Eddy Street,American,,True,False,San Francisco,,415-496-5178,moderate,4.30,Chambers,
496,558 Castro Street,American,,True,False,San Francisco,,415-590-2404,moderate,4.30,Fable,
497,858 Folsom Street,American,,True,False,San Francisco,,415-273-9192,moderate,4.30,Jamber Wine Pub,
498,3499 16th Street,American,,True,True,San Francisco,,415-525-4905,moderate,4.40,Kitchen Story,
499,300 Jefferson Street,American,,True,False,San Francisco,,415-771-5687,moderate,4.00,Lou's Fish Shack,
500,1398 Haight Street,American,,True,False,San Francisco,,415-864-7468,moderate,4.30,Magnolia Brewing - Haight,
501,1000 Great Highway,American,,True,True,San Francisco,,415-386-8439,moderate,3.90,Park Chalet Coastal Beer Garden,
502,563 Ruger Street,American,,True,True,San Francisco,,415-885-1888,moderate,4.30,Presidio Social Club,
503,2362 Market Street,American,2019-03-07,True,True,San Francisco,2,415-431-5000,moderate,4.30,Catch,13:00
504,6935 Camino Arroyo,Brunch,,False,True,Gilroy,,408-842-4043,moderate,3.90,Mimi's Cafe,
505,7397 Monterey Road,Brunch,,False,True,Gilroy,,408-337-5100,moderate,4.30,The Milias Restaurant,
506,6935 Camino Arroyo,Brunch,2019-03-05,False,True,Gilroy,2,408-842-4043,moderate,3.90,Mimi's Cafe,18:00
507,14583 Big Basin Way # 2A,American,,False,False,Saratoga,,408-705-2016,ultra high-end,4.00,Sent Sovi Restaurant,
508,14583 Big Basin Way # 2A,American,2019-03-07,False,False,Saratoga,2,408-705-2016,ultra high-end,4.00,Sent Sovi Restaurant,11:30
509,498 Jefferson Street,Italian,,True,False,San Francisco,,415-771-9371,moderate,4.00,Capurro's,
510,2826 Jones Street,Italian,,True,True,San Francisco,,415-676-1185,moderate,4.40,Carmel Pizza Company,
511,4342 California Street,Italian,,True,False,San Francisco,,415-650-3002,moderate,4.40,Corks,
512,3599 24th Street,Italian,,True,False,San Francisco,,415-642-4822,moderate,4.40,Fiore Caffe,
513,16 Mint Plaza,Italian,2019-03-01,True,True,San Francisco,2,415-543-5100,moderate,4.40,54 Mint Ristorante Italiano,12:30
514,1662 Lombard Street,Sushi,2019-03-13,False,False,San Francisco,4,415-614-1958,moderate,4.50,Atami Sushi Bar & Grill,17:30
515,16 Mint Plaza,Italian,2019-03-01,True,True,San Francisco,1,415-543-5100,moderate,4.40,54 Mint Ristorante Italiano,12:00
516,5403 College Avenue,Italian,,False,True,Oakland,,510-350-7619,moderate,4.70,Belotti Ristorante E Bottega,
517,388 Grand Avenue,Italian,,True,True,Oakland,,510-918-3205,moderate,4.50,Contrasto,
518,5474 College Avenue,Italian,,False,False,Oakland,,510-428-4078,moderate,4.50,Enoteca Molinari,
519,5095 Telegraph Avenue suite a,Italian,,False,False,Oakland,,510-652-7401,moderate,4.50,Genova Delicatessen,
520,2220 Mountain Boulevard #100,Italian,,True,True,Oakland,,510-482-8094,moderate,4.40,Italian Colors,
521,4214 Park Boulevard,Italian,,True,False,Oakland,,510-479-1448,moderate,4.40,Marzano Restaurant And Bar,
522,388 Grand Avenue,Italian,2019-03-01,True,True,Oakland,2,510-918-3205,moderate,4.50,Contrasto,18:00
523,60 Monarch Bay,American,,True,False,San Leandro,,510-351-5556,pricey,4.30,Horatio's,
524,150 West Juana Avenue,American,,True,False,San Leandro,,510-352-7652,moderate,4.40,Sons Of Liberty Alehouse,
525,5524-A Springdale Avenue,Burrito,,False,True,Pleasanton,,925-463-1231,cheap,3.30,Taco Bell,
526,431 Bush Street,Japanese,,False,False,San Francisco,,415-397-3218,pricey,4.50,Akiko's Restaurant,
527,22 Peace Plz #510,Japanese,,False,False,San Francisco,,415-292-4886,pricey,4.60,An Japanese Restaurant,
528,1234 Noriega Street,Japanese,,False,False,San Francisco,,415-665-1772,cheap,4.40,Fujiyama-ya,
529,638 El Camino Real,Italian,,False,True,Santa Clara,,408-984-0414,moderate,4.40,Fiorillo's Restaurant And Banquet Facilities,
530,1290 Benton Street,Italian,,False,True,Santa Clara,,408-241-9414,moderate,4.50,Mio Vicino,
531,3905 Rivermark Plaza,Italian,,True,True,Santa Clara,,408-330-9212,moderate,4.20,Piatti,
532,3127 Mission College Boulevard,Italian,,False,True,Santa Clara,,408-654-9000,moderate,4.20,Tomatina,
533,151 East El Camino Real,Take-out,,True,True,Sunnyvale,,408-245-9999,moderate,3.50,Bombay To Goa,
534,751 East El Camino Real,Take-out,,False,False,Sunnyvale,,408-245-3710,moderate,4.00,Marie Callender's,
535,25 Yerba Buena Lane,Indian,,False,True,San Francisco,,415-777-0500,pricey,4.20,Amber,
536,524 Van Ness Avenue,Indian,,False,True,San Francisco,,415-771-5900,moderate,4.20,August 1 Five,
537,280 Valencia Street,Indian,,False,True,San Francisco,,231-444-4444,pricey,4.00,Babu Ji Sf,
538,1063 Market Street,Indian,,False,True,San Francisco,,415-222-9696,cheap,4.40,Chanvi Eatery,
539,418 Beach Street,Indian,,False,True,San Francisco,,415-929-6983,moderate,3.70,Chennai Kings,
540,511 Jones Street,Indian,,False,True,San Francisco,,415-650-0085,cheap,4.00,Chutney Restaurant,
541,1689 Church Street,Indian,,False,True,San Francisco,,415-826-2400,moderate,3.80,Clay Oven,
542,385 West Portal Avenue,Indian,,False,True,San Francisco,,415-731-2400,moderate,3.90,Clay Oven Indian Restaurant,
543,1142 Valencia Street,Indian,,False,True,San Francisco,,415-915-2222,cheap,4.00,Deccan Spice,
544,995 Valencia Street,Indian,,False,True,San Francisco,,415-642-3672,moderate,4.30,Dosa On Valencia,
545,2355 Sand Creek Road,American,,True,True,Brentwood,,925-516-5533,moderate,4.10,Black Angus Steakhouse,
546,2013 Elkins Way,American,,False,False,Brentwood,,925-516-4131,moderate,4.70,Shutters Brasserie,
547,247 4th Street,American,,True,False,Oakland,,510-834-2467,moderate,4.40,Chop Bar,
548,5422 College Avenue,American,,True,True,Oakland,,510-871-3463,moderate,4.50,Duchess Oakland,
549,1900 Telegraph Avenue,American,,False,False,Oakland,,510-286-0100,pricey,4.40,Flora,
550,66 Franklin Street #100,American,,True,True,Oakland,,510-268-3200,moderate,4.30,Forge Pizza Oakland,
551,44 Webster Street,American,,True,True,Oakland,,510-663-4440,pricey,4.60,Haven,
552,1915 San Pablo Avenue,American,,True,False,Oakland,,510-788-6217,moderate,4.30,Hopscotch,
553,2022 Telegraph Avenue,American,,False,False,Oakland,,510-419-0622,moderate,4.00,Hutch Bar & Kitchen,
554,3112 Market Street,American,,True,True,Oakland,,510-735-9115,moderate,4.10,Ivy Moon Restaurant,
555,1 Franklin Street,American,,False,False,Oakland,,510-835-8600,moderate,4.20,"Kincaid's Fish, Chop & Steak House",
556,640 Hegenberger Road,American,,False,False,Oakland,,510-632-9225,cheap,3.50,Mcdonald's,
557,4301 Valley Avenue B,Japanese,,False,True,Pleasanton,,925-462-3321,moderate,4.40,Meiko Sushi,
558,1330 Stoneridge Mall Road,Japanese,,True,True,Pleasanton,,925-224-9916,moderate,3.80,P.f. Chang's,
559,30 Neal Street #110,Japanese,,True,False,Pleasanton,,925-600-8008,cheap,4.20,Senro Sushi,
560,2835 Hopyard Road,Japanese,,False,False,Pleasanton,,925-484-5588,moderate,4.30,Sozo Sushi,
561,817 Leisure Town Road,Sandwich,,False,False,Vacaville,,707-446-4408,cheap,3.50,Mcdonald's,
562,797 1st Street,Coffeehouse,,False,False,Gilroy,,408-842-2524,cheap,3.10,Mcdonald's,
563,1388 Locust Street,French,,False,False,Walnut Creek,,925-891-4197,moderate,4.10,Cypress Restaurant,
564,1606 North Main Street,French,,False,False,Walnut Creek,,925-448-8187,moderate,4.30,La Sen Bistro Wc,
565,1606 North Main Street,French,,False,False,Walnut Creek,,925-407-8002,moderate,0.00,Le Bistro,
566,2301 Central Avenue,American,,True,False,Alameda,,510-769-2000,moderate,4.10,Alameda Cinema Grill,
567,1500 Webster Street,American,,True,True,Alameda,,510-523-4500,moderate,4.40,Cafe Jolie,
568,2690 5th Street Ste B,American,,True,True,Alameda,,510-764-3786,moderate,4.00,Famous Dave's Alameda,
569,San Francisco,Ethiopian,,False,True,San Francisco,,415-285-2728,cheap,4.20,Cafe Ethiopia,
570,907 Irving Street,Ethiopian,,False,True,San Francisco,,415-681-1288,moderate,4.60,New Eritrea Restaurant,
571,1419 Fillmore Street,Ethiopian,,False,False,San Francisco,,415-440-7414,moderate,4.50,Sheba Piano Lounge,
572,2961 East El Camino Real,Halal,,False,True,Santa Clara,,888-786-7919,moderate,4.00,Paradise Biryani Pointe,
573,4340 Clayton Road,Asian,,False,True,Concord,,925-687-2828,cheap,3.70,New Lim's Garden,
574,3119 Clement Street,Moroccan,,False,False,San Francisco,,415-751-2312,moderate,4.50,El Mansour,
575,419 O'Farrell Street,Moroccan,,False,False,San Francisco,,415-776-1538,moderate,3.80,Marrakech,
576,140 New Montgomery Street #1,Moroccan,,False,True,San Francisco,,415-660-2500,ultra high-end,4.70,Mourad,
577,6185 Jarvis Avenue,Korean,,False,False,Newark,,510-574-0901,moderate,4.00,Cham Sae Bistro,
578,548 Ramona Street,Breakfast,,True,True,Palo Alto,,650-323-1815,moderate,4.10,Bistro Maxine,
579,855 El Camino Real,Breakfast,,True,False,Palo Alto,,650-853-9201,pricey,4.20,Mayfield Bakery & Cafe,
580,3128 El Camino Real,Breakfast,,True,False,Palo Alto,,650-494-7161,cheap,3.60,Mcdonald's,
581,157 Plaza Drive,Mexican,,True,True,Vallejo,,707-644-4063,moderate,3.80,Chevys Fresh Mex,
582,1100 Burlingame Avenue,Tapas,,True,True,Burlingame,,650-513-6059,moderate,3.90,Flights Restaurant Burlingame,
583,303 Broadway,Sushi,,False,False,Oakland,,510-451-2224,moderate,4.30,Ginza | Japanese Sushi Restaurant,
584,4390 Telegraph Avenue D,Sushi,,False,False,Oakland,,510-594-0661,moderate,4.00,Koryo Sushi,
585,2251 Broadway,Sushi,,False,True,Oakland,,510-286-9866,pricey,4.10,Ozumo,
586,5335 College Avenue # 2,Sushi,,False,False,Oakland,,510-595-7388,moderate,4.40,Rikyu | Japanese Restaurant,
587,2050 Columbus Parkway,Italian,,False,False,Benicia,,707-748-1011,moderate,4.60,Palermos,
588,911 1st Street,Italian,,True,True,Benicia,,707-747-5263,moderate,4.50,Venticellos Ristorante Italiano,
589,327 Kearny Street,Greek,,False,False,San Francisco,,415-391-1154,cheap,4.10,Ayola,
590,200 Jackson Street,Greek,,False,False,San Francisco,,415-981-0983,ultra high-end,4.70,Kokkari Estiatorio,
591,4000 24th Street,Greek,,True,True,San Francisco,,415-829-8383,moderate,4.20,Novy Restaurant,
592,243 West Portal Avenue,Greek,,False,True,San Francisco,,415-664-6739,moderate,4.40,Orexi Restaurant,
593,449 Castro Street,Greek,,False,True,San Francisco,,415-872-9779,cheap,4.30,Park Gyros Castro,
594,12100 Saratoga Sunnyvale Road,Indian,,False,True,Saratoga,,408-320-1255,moderate,3.70,Bikaner Indian Cuisine,
595,464 1st Street East Suite F,Nepalese,,True,True,Sonoma,,707-996-1161,moderate,4.50,Taste Of The Himalayas,
596,3001 El Camino Real,Italian,,False,True,Redwood City,,650-321-4080,pricey,4.20,Chantilly,
597,2107 Broadway,Italian,,False,True,Redwood City,,650-216-9713,moderate,3.70,The Old Spaghetti Factory,
598,1819 Colfax Street,Nicaraguan,,False,True,Concord,,925-446-6141,moderate,4.40,La Fritanguera,
599,1300 Fillmore Street,Brunch,,False,False,San Francisco,,415-771-7100,moderate,4.00,1300 On Fillmore,
600,398 Hayes Street,Brunch,,True,True,San Francisco,,415-551-1590,pricey,4.30,Absinthe Brasserie & Bar,
601,1434 18th Street,Brunch,,False,True,San Francisco,,415-252-1036,moderate,4.20,Aperto,
602,1785 Fulton Street,Brunch,,False,False,San Francisco,,415-416-6989,moderate,4.30,Barrel Head Brewhouse,
603,2150 Chestnut Street,Brunch,,True,True,San Francisco,,415-931-9663,moderate,4.40,Blackwood,
604,4 Mint Plaza,Brunch,,False,False,San Francisco,,415-546-4134,moderate,3.80,Chez Papa Resto,
605,622 Green Street,Brunch,,True,False,San Francisco,,415-722-9109,cheap,4.30,Chief Sullivan's,
606,369 The Embarcadero,Brunch,,True,False,San Francisco,,415-369-9218,ultra high-end,4.40,Epic Steak,
607,661 Divisadero Street,Brunch,,False,True,San Francisco,,415-440-4500,pricey,3.90,La Urbana,
608,888 Howard Street,Brunch,,False,False,San Francisco,,415-616-6566,pricey,4.20,Luce Restaurant,
609,175 Vineyard Avenue,Italian,,True,True,Livermore,,925-249-9800,moderate,4.40,Campo Di Bocce Of Livermore,
610,4433 First Street,Italian,,False,True,Livermore,,925-371-4499,moderate,4.30,Melo's Pizza & Pasta Livermore,
611,2470 First Street,Italian,,True,False,Livermore,,925-371-1000,moderate,4.30,Patxi's Pizza Livermore,
612,4040 East Avenue,Italian,,True,True,Livermore,,925-456-3333,moderate,4.30,Terra Mia,
613,310 Linden Avenue,Japanese,,False,False,South San Francisco,,650-873-1084,moderate,4.50,Amami San,
614,257 Grand Avenue,Japanese,,False,False,South San Francisco,,650-636-2267,moderate,4.10,Izanami,
615,112 Grand Avenue,Japanese,,False,False,South San Francisco,,650-952-2888,moderate,4.40,Kamu Sushi,
616,305 East 4th Avenue,Tapas,,True,False,San Mateo,,650-513-1759,moderate,4.50,Amour Amour,
617,643 Emerson Street,Italian,,False,True,Palo Alto,,650-329-0665,moderate,3.80,Buca Di Beppo Italian Restaurant,
618,2437 Birch Street,Italian,,True,False,Palo Alto,,650-326-1626,moderate,4.30,Cafe Pro Bono,
619,341 California Avenue,Italian,,True,True,Palo Alto,,650-473-9616,pricey,4.40,Italico Restaurant,
620,335 University Avenue,Italian,,True,False,Palo Alto,,650-324-8033,moderate,4.00,La Strada Ristorante Italiano,
621,247 Hamilton Avenue,Italian,,False,True,Palo Alto,,650-328-5700,pricey,4.20,Osteria Toscana,
622,417 California Avenue,Italian,,True,False,Palo Alto,,650-327-9390,moderate,4.00,Spalti Ristorante,
623,700 Welch Road,Italian,,True,True,Palo Alto,,650-646-3477,pricey,4.40,Vina Enoteca,
624,5560 Santa Teresa Boulevard,Chinese,,False,True,San Jose,,408-281-8898,moderate,4.30,Mandarin Gourmet Restaurant,
625,5400 Monterey Road,Chinese,,False,False,San Jose,,408-281-3838,moderate,4.10,Ocean Delight,
626,925 Blossom Hill Road #1515,Chinese,,True,True,San Jose,,408-960-2940,moderate,3.70,P.f. Chang's,
627,4050 Byway East,Brunch,,True,True,Napa,,707-257-1999,moderate,4.40,Fume,
628,2217 Morello Avenue,Sushi,,False,True,Pleasant Hill,,925-671-9925,moderate,4.70,Jo's Sushi Bar,
629,2217 Morello Avenue,Sushi,2019-03-13,False,True,Pleasant Hill,2,925-671-9925,moderate,4.70,Jo's Sushi Bar,11:30
630,9890 Bodega Highway,American,,True,True,Sebastopol,,707-634-7575,moderate,4.50,Fork Roadhouse,
631,6770 McKinley Street #150,American,,True,False,Sebastopol,,707-523-4814,pricey,4.20,Zazu Kitchen + Farm,
632,9890 Bodega Highway,American,2019-03-13,True,True,Sebastopol,2,707-634-7575,moderate,4.50,Fork Roadhouse,12:30
633,40900 Fremont Boulevard,American,,False,True,Fremont,,510-623-8500,moderate,4.40,Mirchi Cafe,
634,39401 Fremont Boulevard,American,,False,True,Fremont,,510-657-2436,moderate,3.90,Red Lobster,
635,40900 Fremont Boulevard,American,2019-03-10,False,True,Fremont,2,510-623-8500,moderate,4.40,Mirchi Cafe,12:00
636,1534 Locust Street,Sushi,,True,False,Walnut Creek,,925-274-9496,moderate,4.30,Kaiwa Sushi,
637,1280 Newell Avenue,Sushi,,False,True,Walnut Creek,,925-938-3239,moderate,4.10,Kana Sushi,
638,1280 Newell Avenue,Sushi,2019-03-07,False,True,Walnut Creek,2,925-938-3239,moderate,4.10,Kana Sushi,13:00
639,2083 Camden Avenue,Italian,,False,False,San Jose,,408-369-9820,moderate,4.40,Al Castello Ristorante,
640,436 Blossom Hill Road,Italian,,False,False,San Jose,,408-227-5502,moderate,4.50,Angelo's Italian Restaurant,
641,1701 Park Avenue,Italian,,False,True,San Jose,,408-279-4922,moderate,3.90,Antonella's Ristorante,
642,100 West San Carlos Street,Italian,,False,False,San Jose,,408-278-4555,pricey,4.00,Arcadia,
643,925 Blossom Hill Road,Italian,,False,True,San Jose,,408-226-1444,moderate,3.50,Buca Di Beppo Italian Restaurant,
644,320 West Saint John Street,Italian,,False,False,San Jose,,408-618-5455,moderate,4.40,Enoteca La Storia Downtown,
645,5245 Prospect Road,Italian,,False,True,San Jose,,408-446-9644,moderate,3.00,Frankie Johnnie & Luigi Too,
646,1445 Foxworthy Avenue,Italian,,True,True,San Jose,,408-264-5781,moderate,4.20,Giorgio's Italian Food & Pizzeria,
647,3055 Olin Avenue Suite 1000,Italian,,True,True,San Jose,,408-423-8973,moderate,4.20,Maggiano's Little Italy,
648,350 West Julian Street,Italian,,True,False,San Jose,,408-217-9327,moderate,4.50,Paesano,
649,2083 Camden Avenue,Italian,2019-03-03,False,False,San Jose,1,408-369-9820,moderate,4.40,Al Castello Ristorante,12:00
650,2360 South Bascom Avenue,Chinese,,False,True,Campbell,,408-377-7666,moderate,4.10,Best Taste Sushi & Chinese Restaurant,
651,2028 Winchester Boulevard,Chinese,,False,True,Campbell,,408-378-0323,moderate,4.20,Blue Sky,
652,104 San Tomas Aquino Road,Chinese,,False,False,Campbell,,408-379-5169,moderate,4.30,Tsing Tao,
653,2360 South Bascom Avenue,Chinese,2019-03-03,False,True,Campbell,3,408-377-7666,moderate,4.10,Best Taste Sushi & Chinese Restaurant,11:30
654,5945 Almaden Expressway #150,Thai,2019-03-06,False,True,San Jose,1,408-268-3235,moderate,4.20,Erawan Thai Cuisine,13:30
655,140 2nd Street #100,American,,False,True,Petaluma,,707-981-8228,moderate,4.40,Bistro 100,
656,42 Petaluma Boulevard North,American,,False,False,Petaluma,,707-778-9900,pricey,4.70,Central Market,
657,931 Petaluma Boulevard South,American,,True,False,Petaluma,,707-763-8538,cheap,4.60,Mr Mom's Cafe,
658,3120 Lakeville Highway,American,,True,True,Petaluma,,707-782-9090,moderate,4.30,Pub Republic,
659,6650 Bloomfield Road,American,,False,False,Petaluma,,707-795-0127,moderate,4.30,Stormy's Spirits & Supper,
660,190 Kentucky Street,American,,False,True,Petaluma,,707-774-6689,pricey,4.40,The Drawing Board,
661,140 2nd Street #100,American,2019-03-11,False,True,Petaluma,2,707-981-8228,moderate,4.40,Bistro 100,11:30
662,3044 East El Camino Real,Italian,,False,False,Santa Clara,,408-296-1052,moderate,4.60,Vesuvio,
663,638 El Camino Real,Italian,2019-03-11,False,True,Santa Clara,2,408-984-0414,moderate,4.40,Fiorillo's Restaurant And Banquet Facilities,11:00
664,1628 Hostetter Road f,Korean,,False,False,San Jose,,408-477-2773,moderate,4.10,Gen Korean Bbq House,
665,1035 South Winchester Boulevard,Korean,,False,False,San Jose,,408-260-7200,moderate,4.30,Mizu Sushi Bar & Grill,
666,1783 West San Carlos Street,Korean,,False,False,San Jose,,408-293-2668,moderate,4.50,Yakiniq,
667,1628 Hostetter Road f,Korean,2019-03-10,False,False,San Jose,2,408-477-2773,moderate,4.10,Gen Korean Bbq House,11:30
668,1200 Contra Costa Boulevard # K,Asian,,False,True,Pleasant Hill,,925-288-0999,cheap,4.20,China Chef Restaurant,
669,1675 Contra Costa Boulevard,Asian,,False,False,Pleasant Hill,,925-686-9190,cheap,4.50,Green Garden,
670,1200 Contra Costa Boulevard # K,Asian,2019-03-09,False,True,Pleasant Hill,1,925-288-0999,cheap,4.20,China Chef Restaurant,17:30
671,671 South Bernardo Avenue,Mexican,,False,False,Sunnyvale,,408-739-2900,moderate,4.40,Casa Lupe,
672,510 East El Camino Real,Mexican,,False,True,Sunnyvale,,408-739-1191,moderate,4.10,El Caminito,
673,168 South Murphy Avenue,Mexican,,True,False,Sunnyvale,,408-739-2021,moderate,4.20,Roberto's Cantina,
674,671 South Bernardo Avenue,Mexican,2019-03-13,False,False,Sunnyvale,2,408-739-2900,moderate,4.40,Casa Lupe,12:30
675,50 University Avenue #260,American,2019-03-01,True,True,Los Gatos,4,408-354-8118,moderate,4.10,California Cafe,13:00
676,2644 Broadway,Asian,,False,True,Redwood City,,650-483-8881,moderate,4.20,Crouching Tiger Restaurant,
677,540 El Camino Real,Asian,,False,False,Redwood City,,650-369-3240,moderate,4.50,Higuma Japanese Restaurant,
678,2550 El Camino Real,Asian,,False,True,Redwood City,,650-948-7727,cheap,3.70,Suraj Indian Cuisine,
679,2644 Broadway,Asian,2019-03-02,False,True,Redwood City,2,650-483-8881,moderate,4.20,Crouching Tiger Restaurant,11:00
680,3001 El Camino Real,Italian,2019-03-14,False,True,Redwood City,2,650-321-4080,pricey,4.20,Chantilly,11:30
681,5356 College Avenue,Italian,,False,True,Oakland,,510-768-8003,pricey,4.20,A16,
682,5655 College Avenue,Italian,,False,False,Oakland,,510-547-5356,pricey,4.00,Oliveto,
683,5403 College Avenue,Italian,2019-03-06,False,True,Oakland,2,510-350-7619,moderate,4.70,Belotti Ristorante E Bottega,11:00
684,1170 Arnold Drive #116,Italian,,False,False,Martinez,,925-228-9123,moderate,4.40,Mangia Bene Restaurant,
685,512 Center Avenue,Italian,,False,False,Martinez,,925-313-9040,moderate,4.30,Pasta Bella Ristorante,
686,1170 Arnold Drive #116,Italian,2019-03-10,False,False,Martinez,2,925-228-9123,moderate,4.40,Mangia Bene Restaurant,12:00
687,33 South Central Avenue,Italian,,True,False,Campbell,,408-370-7705,moderate,4.50,A Bellagio Italian Restaurant,
688,1875 South Bascom Avenue,Italian,,False,True,Campbell,,408-377-7722,moderate,3.70,Buca Di Beppo Italian Restaurant,
689,2509 South Bascom Avenue,Italian,,False,False,Campbell,,408-377-5850,moderate,0.00,Dicicco's Ristorante Italiano Autentico,
690,200 East Hamilton Avenue,Italian,,False,False,Campbell,,408-379-3333,moderate,4.20,Mama Mia's,
691,915 South San Tomas Aquino Road,Italian,,False,False,Campbell,,408-374-1800,moderate,4.50,Sorelle Italian Bistro,
692,33 South Central Avenue,Italian,2019-03-06,True,False,Campbell,2,408-370-7705,moderate,4.50,A Bellagio Italian Restaurant,12:30
693,1 Broadway,Breakfast,,True,False,Oakland,,510-990-7007,moderate,4.10,Lungomare,
694,800 Market Street,Breakfast,,False,False,Oakland,,510-839-9331,cheap,3.40,Mcdonald's,
695,1800 Madison Street,Breakfast,,False,True,Oakland,,510-903-3771,moderate,4.20,The Terrace Room Restaurant,
696,1 Broadway,Breakfast,2019-03-06,True,False,Oakland,3,510-990-7007,moderate,4.10,Lungomare,11:30
697,150 East Santa Clara Street,Take-out,,False,True,San Jose,,408-286-7500,moderate,4.30,4th St Pizza Co,
698,1200 El Paseo de Saratoga,Take-out,,True,True,San Jose,,408-378-0778,moderate,3.80,Mimi's Cafe,
699,1170 North Capitol Avenue,Take-out,,False,True,San Jose,,408-926-7133,moderate,3.80,Mountain Mike's Pizza,
700,2226 Eastridge Loop,Take-out,,False,True,San Jose,,408-274-2287,moderate,4.20,Olive Garden Italian Restaurant,
701,150 East Santa Clara Street,Take-out,2019-03-10,False,True,San Jose,1,408-286-7500,moderate,4.30,4th St Pizza Co,12:00
702,2809 Middlefield Road,Mexican,,False,False,Redwood City,,650-368-6444,moderate,3.80,7 Mares,
703,820 Veterans Boulevard ste b,Mexican,,False,True,Redwood City,,650-364-7848,moderate,4.50,Frida's Colibri Restaurant & Bar,
704,2098 Broadway,Mexican,,True,False,Redwood City,,650-701-0709,moderate,4.00,Margaritas,
705,1099 Middlefield Road,Mexican,,True,True,Redwood City,,650-369-4730,moderate,4.30,Milagros Latin Kitchen,
706,2809 Middlefield Road,Mexican,2019-03-09,False,False,Redwood City,2,650-368-6444,moderate,3.80,7 Mares,12:00
707,41 Woodsworth Lane,Asian,,False,True,Pleasant Hill,,925-686-9828,moderate,4.20,Sichuan Fortune House,
708,1200 Contra Costa Boulevard # K,Asian,2019-03-09,False,True,Pleasant Hill,2,925-288-0999,cheap,4.20,China Chef Restaurant,18:30
709,2337 Broadway,Mexican,2019-03-01,True,False,Oakland,2,510-338-3273,moderate,4.20,Calavera,12:30
710,2028 Winchester Boulevard,Chinese,2019-03-12,False,True,Campbell,4,408-378-0323,moderate,4.20,Blue Sky,11:00
711,240 Castro Street,Seafood,,False,False,Mountain View,,650-964-6990,moderate,4.30,Kappo Nami Nami,
712,1405 West El Camino Real,Seafood,,False,False,Mountain View,,650-964-3321,pricey,4.50,Le Petit Bistro,
713,400 San Antonio Road,Seafood,,False,True,Mountain View,,650-941-2117,cheap,4.40,Masa's Sushi,
714,545 San Antonio Road Suite 34,Seafood,,True,True,Mountain View,,650-941-1810,moderate,4.20,Pacific Catch,
715,705 East El Camino Real,Seafood,,False,False,Mountain View,,650-966-1122,moderate,4.20,Satsuma Sushi,
716,1405 West El Camino Real,Seafood,2019-03-13,False,False,Mountain View,4,650-964-3321,pricey,4.50,Le Petit Bistro,11:30
717,8000 El Cerrito Plaza,Italian,2019-03-10,False,True,El Cerrito,2,510-524-9336,moderate,3.90,Romano's Macaroni Grill,11:00
718,877 Grant Avenue,American,,True,False,Novato,,415-899-1516,moderate,4.20,Finnegan's Marin Restaurant & Bar,
719,250 Entrada Drive,American,,True,False,Novato,,415-883-9477,moderate,4.00,Rickey's Restaurant,
720,5800 Nave Drive,American,,True,True,Novato,,415-382-1133,moderate,4.00,Toast Restaurant,
721,225 Alameda del Prado,American,,True,False,Novato,,415-883-9125,moderate,4.10,Wildfox Restaurant,
722,877 Grant Avenue,American,2019-03-05,True,False,Novato,2,415-899-1516,moderate,4.20,Finnegan's Marin Restaurant & Bar,11:00
723,2355 North Main Street,American,,False,False,Walnut Creek,,925-927-1149,moderate,4.60,A'trio,
724,1627 North Broadway,American,,True,True,Walnut Creek,,925-932-2828,moderate,4.50,Benvenuti Ristorante,
725,1548 Bonanza Street,American,,True,False,Walnut Creek,,925-945-6960,moderate,4.50,Broderick Roadhouse,
726,1680 Locust Street,American,,False,False,Walnut Creek,,925-946-0949,moderate,4.20,Katy's Kreek,
727,1358 North Main Street,American,,True,True,Walnut Creek,,925-933-1001,moderate,4.30,Main Street Kitchen & Bar,
728,1300 South Main Street,American,,True,False,Walnut Creek,,925-944-0895,moderate,4.00,Stanford's Restaurant & Bar,
729,2355 North Main Street,American,2019-03-09,False,False,Walnut Creek,2,925-927-1149,moderate,4.60,A'trio,13:00
730,27 North Santa Cruz Avenue,Greek,,False,False,Los Gatos,,408-399-7417,moderate,4.20,Opa! Los Gatos,
731,27 North Santa Cruz Avenue,Greek,2019-03-05,False,False,Los Gatos,2,408-399-7417,moderate,4.20,Opa! Los Gatos,11:30
732,712 Santa Cruz Avenue,Barbecue,,False,False,Menlo Park,,650-473-6458,moderate,4.10,Juban Yakiniku House,
733,712 Santa Cruz Avenue,Barbecue,2019-03-03,False,False,Menlo Park,2,650-473-6458,moderate,4.10,Juban Yakiniku House,11:30
734,135 4th Street,California,,False,False,Santa Rosa,,707-545-6900,moderate,4.50,Jackson's Bar And Oven,
735,205 5th Street,California,,False,False,Santa Rosa,,707-545-4300,moderate,4.50,The Pullman Kitchen,
736,205 5th Street,California,2019-03-09,False,False,Santa Rosa,2,707-545-4300,moderate,4.50,The Pullman Kitchen,13:00
737,2375 Contra Costa Boulevard Ste. A,Japanese,,False,True,Pleasant Hill,,925-356-0292,moderate,4.00,Nama Sushi Pleasant Hill,
738,2375 Contra Costa Boulevard Ste. A,Japanese,2019-03-08,False,True,Pleasant Hill,1,925-356-0292,moderate,4.00,Nama Sushi Pleasant Hill,12:30
739,41 Throckmorton Avenue,Mexican,,True,True,Mill Valley,,415-384-8871,moderate,4.20,Playa Mill Valley,
740,651 East Blithedale Avenue,Mexican,,True,True,Mill Valley,,415-381-1070,moderate,4.20,The Cantina,
741,41 Throckmorton Avenue,Mexican,2019-03-11,True,True,Mill Valley,2,415-384-8871,moderate,4.20,Playa Mill Valley,11:00
742,3287 Mount Diablo Boulevard,American,2019-03-13,False,True,Lafayette,1,925-284-1621,pricey,4.00,Duck Club Restaurant,11:00
743,416 North Santa Cruz Avenue,Coffeehouse,,True,False,Los Gatos,,408-625-7272,moderate,4.40,Enoteca La Storia,
744,416 North Santa Cruz Avenue,Coffeehouse,2019-03-05,True,False,Los Gatos,2,408-625-7272,moderate,4.40,Enoteca La Storia,11:00
745,15475 Los Gatos Boulevard,Sandwich,,False,True,Los Gatos,,408-356-3095,cheap,3.90,Mcdonald's,
746,15475 Los Gatos Boulevard,Sandwich,2019-03-05,False,True,Los Gatos,1,408-356-3095,cheap,3.90,Mcdonald's,12:30
747,914 Main Street,Coffeehouse,,False,False,Antioch,,925-754-6114,cheap,3.50,Mcdonald's,
748,914 Main Street,Coffeehouse,2019-03-04,False,False,Antioch,4,925-754-6114,cheap,3.50,Mcdonald's,13:30
749,172 South Murphy Avenue,Asian,,True,True,Sunnyvale,,408-245-8585,moderate,3.80,Siam Taste,
750,172 South Murphy Avenue,Asian,2019-03-06,True,True,Sunnyvale,2,408-245-8585,moderate,3.80,Siam Taste,13:00
751,2400 Midway Drive,Steakhouse,,False,False,Santa Rosa,,707-546-1446,moderate,4.10,Cattlemens,
752,2400 Midway Drive,Steakhouse,2019-03-01,False,False,Santa Rosa,2,707-546-1446,moderate,4.10,Cattlemens,13:00
753,2521 Guerneville Road,Breakfast,,False,False,Santa Rosa,,707-528-4662,cheap,3.40,Mcdonald's,
754,2521 Guerneville Road,Breakfast,2019-03-06,False,False,Santa Rosa,1,707-528-4662,cheap,3.40,Mcdonald's,12:30
755,1200 Contra Costa Boulevard # K,Asian,2019-03-09,False,True,Pleasant Hill,3,925-288-0999,cheap,4.20,China Chef Restaurant,11:30
756,127 Throckmorton Avenue,Italian,,False,False,Mill Valley,,415-388-0224,moderate,4.50,La Ginestra,
757,22 Miller Avenue,Italian,,True,True,Mill Valley,,415-388-2126,moderate,4.50,Piazza D'angelo,
758,800 Redwood Highway #705,Italian,,True,False,Mill Valley,,415-383-0600,moderate,4.20,Pizza Antica,
759,22 Miller Avenue,Italian,2019-03-08,True,True,Mill Valley,2,415-388-2126,moderate,4.50,Piazza D'angelo,11:00
760,50 University Avenue #260,American,2019-03-01,True,True,Los Gatos,2,408-354-8118,moderate,4.10,California Cafe,12:00
761,2033 Camden Avenue # F3,Chinese,2019-03-05,False,True,San Jose,1,408-377-8310,moderate,4.30,Chef Li,11:00
762,3616 Mount Diablo Boulevard,Mexican,,True,False,Lafayette,,925-282-3811,moderate,4.20,Rancho Cantina,
763,3616 Mount Diablo Boulevard,Mexican,2019-03-12,True,False,Lafayette,3,925-282-3811,moderate,4.20,Rancho Cantina,12:00
764,960 Moraga Road,French,,False,False,Lafayette,,925-385-0793,pricey,4.40,Chevalier Restaurant,
765,960 Moraga Road,French,2019-03-04,False,False,Lafayette,2,925-385-0793,pricey,4.40,Chevalier Restaurant,11:30
766,725 South Fair Oaks Avenue,Indian,,False,True,Sunnyvale,,408-774-1540,moderate,3.80,Arka Indian Restaurant,
767,544 Lawrence Expressway,Indian,,False,True,Sunnyvale,,408-735-7448,moderate,3.00,Madhuban Indian Cuisine,
768,685 East El Camino Real,Indian,,False,True,Sunnyvale,,408-310-3111,moderate,4.10,Ulavacharu,
769,725 South Fair Oaks Avenue,Indian,2019-03-01,False,True,Sunnyvale,2,408-774-1540,moderate,3.80,Arka Indian Restaurant,13:30
770,3001 Alamo Drive,Asian,,False,False,Vacaville,,707-448-2157,moderate,4.10,Hisui 2,
771,3001 Alamo Drive,Asian,2019-03-02,False,False,Vacaville,4,707-448-2157,moderate,4.10,Hisui 2,11:30
772,1208 South El Camino Real,Chinese,,False,True,San Mateo,,650-286-9386,moderate,4.60,Gau Poang,
773,139 South B Street,Chinese,,False,True,San Mateo,,650-513-1764,moderate,4.10,Inchin's Bamboo Garden,
774,2450 South El Camino Real,Chinese,,False,True,San Mateo,,650-345-6288,moderate,4.00,Jade Dragon,
775,17 East 25th Avenue,Chinese,,False,False,San Mateo,,650-573-7161,cheap,4.20,Little Shanghai,
776,2224 South El Camino Real,Chinese,,False,False,San Mateo,,650-571-1298,moderate,4.00,Silver House,
777,17 East 25th Avenue,Chinese,2019-03-11,False,False,San Mateo,2,650-573-7161,cheap,4.20,Little Shanghai,11:00
778,16105 Monterey Road,Korean,,False,True,Morgan Hill,,408-776-8880,moderate,4.20,Maroo Korean Cuisine,
779,16985 Monterey Road #326,Korean,,False,True,Morgan Hill,,408-779-0994,moderate,4.50,Moon's Kitchen,
780,17305 Monterey Road,American,,True,True,Morgan Hill,,408-201-9200,pricey,4.50,Ladera Grill,
781,17305 Monterey Road,American,2019-03-13,True,True,Morgan Hill,2,408-201-9200,pricey,4.50,Ladera Grill,13:00
782,4776 Sonoma Highway,Italian,,False,False,Santa Rosa,,707-539-0260,moderate,4.40,Basilico,
783,1055 4th Street,Italian,,False,True,Santa Rosa,,707-528-3336,moderate,0.00,Italian Affair,
784,629 4th Street,Italian,,True,False,Santa Rosa,,707-575-1113,moderate,4.60,La Vera Pizza,
785,117 4th Street,Italian,,False,True,Santa Rosa,,707-523-2227,moderate,4.60,Lococo's Cucina Rustica,
786,75 Montgomery Drive,Italian,,True,True,Santa Rosa,,707-579-2682,moderate,4.70,Riviera,
787,3901 Montgomery Drive,Italian,,True,False,Santa Rosa,,707-528-7755,moderate,4.10,The Villa,
788,2323 Sonoma Avenue,Italian,,True,True,Santa Rosa,,707-583-0035,moderate,4.00,Tomatina,
789,2700 Yulupa Avenue,Italian,,True,False,Santa Rosa,,707-542-9050,moderate,4.70,Trattoria Cattaneo,
790,280 Mission Boulevard,Italian,,True,True,Santa Rosa,,707-538-6000,moderate,4.30,Union Hotel Restaurant,
791,1007 West College Avenue d,Italian,,False,False,Santa Rosa,,707-544-3444,moderate,4.00,Union Hotel Restaurants,
792,629 4th Street,Italian,2019-03-14,True,False,Santa Rosa,2,707-575-1113,moderate,4.60,La Vera Pizza,12:00
793,535 Ross Street,Indian,,False,True,Santa Rosa,,707-595-3311,moderate,4.20,Kafal Restaurant,
794,409 Mendocino Avenue,Indian,,False,True,Santa Rosa,,707-579-5999,moderate,4.00,New Sizzling Tandoor,
795,190 Farmers Lane,Indian,,False,True,Santa Rosa,,707-521-9608,moderate,4.40,Yeti Restaurant,
796,535 Ross Street,Indian,2019-03-08,False,True,Santa Rosa,2,707-595-3311,moderate,4.20,Kafal Restaurant,18:30
797,535 Ross Street,Indian,2019-03-08,False,True,Santa Rosa,2,707-595-3311,moderate,4.20,Kafal Restaurant,13:30
798,71 North San Pedro Street,American,2019-03-11,True,True,San Jose,2,408-971-8523,moderate,4.00,71 Saint Peter,13:00
799,2009 977,Japanese,,False,True,Albany,,510-524-4700,moderate,4.40,Sumo Japanese Restaurant,
800,2009 977,Japanese,2019-03-12,False,True,Albany,1,510-524-4700,moderate,4.40,Sumo Japanese Restaurant,19:30
801,134 Robles Way,Chinese,,False,True,Vallejo,,707-552-9700,moderate,4.30,J's Garden Restaurant,
802,134 Robles Way,Chinese,2019-03-01,False,True,Vallejo,2,707-552-9700,moderate,4.30,J's Garden Restaurant,18:30
803,2116 Shattuck Avenue,American,,True,True,Berkeley,,510-647-9329,moderate,4.20,B&b Kitchen & Wine Bar,
804,5900 College Avenue,American,,True,False,Berkeley,,510-338-3464,moderate,4.20,Beer Baron Bar & Kitchen,
805,2068 Center Street,American,,False,False,Berkeley,,510-809-8282,moderate,4.30,Eureka!,
806,2600 Durant Avenue,American,,False,True,Berkeley,,510-809-4132,moderate,4.00,Henry's,
807,2181 Shattuck Avenue,American,,True,False,Berkeley,,510-843-8277,moderate,4.50,Jupiter,
808,1329 Gilman Street,American,,False,True,Berkeley,,510-527-9838,pricey,4.30,Lalime's,
809,41 Tunnel Road,American,,True,False,Berkeley,,510-549-8585,pricey,4.20,Limewood Bar & Restaurant,
810,1508 Walnut Street B,American,,True,False,Berkeley,,510-280-5920,moderate,4.10,Nico's 1508,
811,2102 Shattuck Avenue,American,,False,False,Berkeley,,510-549-9950,moderate,4.20,Revival Bar + Kitchen,
812,1407 San Pablo Avenue,American,,False,True,Berkeley,,510-524-3400,moderate,4.50,Stella Nonna,
813,2116 Shattuck Avenue,American,2019-03-01,True,True,Berkeley,2,510-647-9329,moderate,4.20,B&b Kitchen & Wine Bar,11:00
814,3597 Homestead Road,Korean,,False,False,Santa Clara,,408-899-2956,moderate,4.00,Chimek,
815,2333 El Camino Real,Korean,,False,False,Santa Clara,,408-246-8773,moderate,4.30,Gaboja,
816,2331 El Camino Real,Korean,,False,False,Santa Clara,,408-615-9292,moderate,4.20,Gooyi Gooyi,
817,3148 El Camino Real,Korean,,False,False,Santa Clara,,408-296-6030,moderate,4.30,Jang Mo Jip,
818,1484 Halford Avenue,Korean,,False,False,Santa Clara,,408-246-1484,moderate,3.90,Moo Bong Ri Korean Restaurant,
819,3216 El Camino Real,Korean,,False,False,Santa Clara,,408-247-0507,moderate,4.30,Musa,
820,3072 El Camino Real,Korean,,False,False,Santa Clara,,408-557-0650,moderate,4.00,Obok Restaurant,
821,4477 Stevens Creek Boulevard,Korean,,False,False,Santa Clara,,408-243-8282,moderate,4.50,Omee J Fusion Sushi Bar & Grill,
822,3180 El Camino Real,Korean,,False,False,Santa Clara,,408-246-1208,pricey,4.40,Restaurant Chungdam,
823,3028 El Camino Real,Korean,,False,False,Santa Clara,,408-615-0370,moderate,4.00,Seoul Gom Tang,
824,3597 Homestead Road,Korean,2019-03-01,False,False,Santa Clara,2,408-899-2956,moderate,4.00,Chimek,11:00
825,4193 First Street,Sushi,,False,False,Livermore,,925-454-8889,moderate,4.30,Kobe Japan Restaurant,
826,2106 First Street,Gastropub,,True,False,Livermore,,925-371-6588,moderate,4.40,First Street Alehouse,
827,2106 First Street,Gastropub,2019-03-01,True,False,Livermore,2,925-371-6588,moderate,4.40,First Street Alehouse,11:30
828,388 Vintage Park Drive,Mexican,,False,False,Foster City,,650-574-6844,moderate,3.70,El Torito,
829,388 Vintage Park Drive,Mexican,2019-03-01,False,False,Foster City,2,650-574-6844,moderate,3.70,El Torito,13:30
830,7 San Pedro Road,Japanese,,False,True,Daly City,,650-755-8863,cheap,4.20,Oriental Kitchen Japanese Restaurant,
831,7 San Pedro Road,Japanese,2019-03-01,False,True,Daly City,2,650-755-8863,cheap,4.20,Oriental Kitchen Japanese Restaurant,17:30
832,135 4th Street,California,2019-03-01,False,False,Santa Rosa,2,707-545-6900,moderate,4.50,Jackson's Bar And Oven,19:30
833,534 Irving Street,Thai,2019-03-01,False,True,San Francisco,2,415-379-4505,moderate,4.30,Baan Thai House & Wine Bar,17:30
834,542 A Mason Street,Seafood,,False,False,San Francisco,,415-989-8218,pricey,4.30,Akiko's Sushi Bar,
835,803 Fillmore Street,Seafood,,False,False,San Francisco,,415-440-2828,moderate,4.20,Alamo Square Seafood Grill,
836,8 Fishermans Wharf,Seafood,,False,False,San Francisco,,415-673-0183,moderate,4.00,Alioto's,
837,83 Minna Street,Seafood,,False,False,San Francisco,,415-501-9100,pricey,4.20,Anchor & Hope,
838,615 Jackson Street,Seafood,,False,False,San Francisco,,415-757-0120,moderate,4.20,Begoni Bistro,
839,318 Columbus Avenue,Seafood,,False,False,San Francisco,,415-757-0569,moderate,4.60,Betty Lou's Seafood & Grill,
840,1814 Clement Street,Seafood,,False,False,San Francisco,,415-387-2441,moderate,4.10,Blue Fin Sushi & Lounge,
841,88 Belden Place,Seafood,,False,False,San Francisco,,415-593-8000,moderate,4.10,Brindisi Cucina Di Mare,
842,574 Green Street,Seafood,,False,False,San Francisco,,415-981-1251,moderate,4.20,Caffe Sport,
843,203 Pier 39,Seafood,,False,False,San Francisco,,415-434-2722,pricey,4.10,Crab House At Pier 39,
844,317 Sanchez Street,Seafood,,False,False,San Francisco,,415-558-8149,moderate,4.50,Eiji,
845,653 Union Street,Seafood,,False,False,San Francisco,,415-274-2561,moderate,4.50,Ferry Plaza Seafood,
846,1429 Stockton Street,Seafood,,False,False,San Francisco,,415-392-8485,moderate,4.50,Firenze By Night,
847,803 Fillmore Street,Seafood,2019-03-01,False,False,San Francisco,2,415-440-2828,moderate,4.20,Alamo Square Seafood Grill,17:30
848,1981 Diamond Boulevard,American,,False,False,Concord,,925-798-4300,moderate,3.90,Claim Jumper Restaurants,
849,1975 Diamond Boulevard Ste. C 160,American,,True,False,Concord,,925-265-2120,moderate,4.30,Eureka!,
850,2151 Salvio Street Suite I,American,,True,True,Concord,,925-309-7774,moderate,4.40,Lima,
851,Sunvalley Shopping Center,American,,True,False,Concord,,925-677-7427,moderate,4.20,Lucille's Smokehouse Bar-b-que,
852,1981 Diamond Boulevard,American,2019-03-01,False,False,Concord,2,925-798-4300,moderate,3.90,Claim Jumper Restaurants,17:30
853,7202 Amador Plaza Road,Asian,,False,True,Dublin,,925-803-0170,moderate,3.40,Elephant Bar Restaurant,
854,7202 Amador Plaza Road,Asian,2019-03-01,False,True,Dublin,2,925-803-0170,moderate,3.40,Elephant Bar Restaurant,19:30
855,35 Broadway,Italian,,False,False,Fairfax,,415-459-1618,moderate,4.70,Fradelizio's Ristorante,
856,107 Bolinas Road,Italian,,False,True,Fairfax,,415-258-4520,moderate,4.80,Sorella Caffe,
857,35 Broadway,Italian,2019-03-01,False,False,Fairfax,2,415-459-1618,moderate,4.70,Fradelizio's Ristorante,19:30
858,1100 Burlingame Avenue,Tapas,2019-03-05,True,True,Burlingame,1,650-513-6059,moderate,3.90,Flights Restaurant Burlingame,12:00
859,327 Kearny Street,Greek,2019-03-06,False,False,San Francisco,2,415-391-1154,cheap,4.10,Ayola,17:00
860,560 Waverley Street,Korean,,False,False,Palo Alto,,650-329-9168,moderate,4.20,Tai Pan,
861,425 California Avenue,Thai,,False,True,Palo Alto,,650-289-0907,moderate,3.90,Lotus Thai Bistro,
862,3924 El Camino Real,Thai,,False,True,Palo Alto,,650-812-0139,moderate,4.20,Siam Fine Thai Cuisine,
863,543 Emerson Street,Thai,,True,True,Palo Alto,,650-323-7700,moderate,4.00,Thaiphoon Restaurant,
864,425 California Avenue,Thai,2019-03-11,False,True,Palo Alto,2,650-289-0907,moderate,3.90,Lotus Thai Bistro,12:30
865,6127 Geary Boulevard,Indian,,False,True,San Francisco,,415-751-4435,moderate,3.70,Great India Restaurant,
866,2424 Van Ness Avenue,Indian,,False,True,San Francisco,,415-345-0072,moderate,4.30,Helmand Palace,
867,1040 Columbus Avenue,Indian,,True,True,San Francisco,,415-441-8855,moderate,3.80,India Curry House,
868,908 Clement Street,Indian,,False,True,San Francisco,,415-742-4010,moderate,4.50,Keeva,
869,1375 9th Avenue,Indian,,False,True,San Francisco,,415-566-6976,moderate,3.80,Masala Dosa,
870,524 Van Ness Avenue,Indian,2019-03-12,False,True,San Francisco,2,415-771-5900,moderate,4.20,August 1 Five,12:00
871,1039 El Camino Real,Chinese,,False,False,Menlo Park,,650-752-6173,moderate,4.10,Yum Cha Palace,
872,1039 El Camino Real,Chinese,2019-03-05,False,False,Menlo Park,1,650-752-6173,moderate,4.10,Yum Cha Palace,12:30
873,95 Bliss Avenue,Mexican,,False,False,Pittsburg,,925-252-0222,moderate,4.00,La Pinata,
874,95 Bliss Avenue,Mexican,2019-03-01,False,False,Pittsburg,3,925-252-0222,moderate,4.00,La Pinata,12:00
875,181 East 4th Avenue,American,,True,False,San Mateo,,650-558-8401,moderate,4.30,Central Park Bistro,
876,4000 South El Camino Real,American,,False,True,San Mateo,,650-212-2643,moderate,4.10,Qube Bar & Grill,
877,4000 South El Camino Real,American,2019-03-01,False,True,San Mateo,2,650-212-2643,moderate,4.10,Qube Bar & Grill,11:00
878,558 Bridgeway,Seafood,,True,False,Sausalito,,415-331-3232,pricey,4.20,The Trident,
879,558 Bridgeway,Seafood,2019-03-01,True,False,Sausalito,2,415-331-3232,pricey,4.20,The Trident,11:00
880,41 Woodsworth Lane,Asian,2019-03-05,False,True,Pleasant Hill,2,925-686-9828,moderate,4.20,Sichuan Fortune House,11:00
881,601 Van Ness Avenue,Japanese,2019-03-01,False,True,San Francisco,2,415-292-9997,moderate,3.50,2g Japanese Brasserie,13:30
882,1760 Polk Street,American,2019-03-01,False,False,San Francisco,1,415-359-1212,pricey,4.40,1760,18:00
883,620 5th Street,French,,False,False,Santa Rosa,,707-546-2929,moderate,4.40,Bistro 29,
884,620 5th Street,French,2019-03-08,False,False,Santa Rosa,2,707-546-2929,moderate,4.40,Bistro 29,11:30
885,534 Irving Street,Thai,2019-03-04,False,True,San Francisco,2,415-379-4505,moderate,4.30,Baan Thai House & Wine Bar,12:00
886,1627 North Broadway,American,2019-03-02,True,True,Walnut Creek,4,925-932-2828,moderate,4.50,Benvenuti Ristorante,17:00
887,534 Irving Street,Thai,2019-03-01,False,True,San Francisco,3,415-379-4505,moderate,4.30,Baan Thai House & Wine Bar,18:30
888,280 Valencia Street,Indian,2019-03-14,False,True,San Francisco,3,231-444-4444,pricey,4.00,Babu Ji Sf,17:30
889,347 Primrose Road,Asian,,False,False,Burlingame,,650-548-0300,moderate,3.90,Barracuda Japanese Restaurant,
890,1496 Old Bayshore Highway,Asian,,False,False,Burlingame,,650-342-5202,pricey,4.00,Benihana,
891,1600 Old Bayshore Highway,Asian,,False,True,Burlingame,,650-259-9585,moderate,3.90,Elephant Bar,
892,1101 Burlingame Avenue,Asian,,False,True,Burlingame,,650-343-2075,moderate,4.40,Kabul Afghan Cuisine,
893,347 Primrose Road,Asian,2019-03-01,False,False,Burlingame,2,650-548-0300,moderate,3.90,Barracuda Japanese Restaurant,11:00
894,1754 Polk Street,French,2019-03-01,False,False,San Francisco,2,415-292-6916,moderate,4.50,Amelie San Francisco,17:30
895,528 7th Street,Asian,,False,True,Santa Rosa,,650-235-9339,moderate,4.60,Best Of Burma,
896,2101 West College Avenue,Asian,,False,True,Santa Rosa,,707-526-0888,moderate,4.40,China Star,
897,107 4th Street,Asian,,False,True,Santa Rosa,,707-545-8424,moderate,4.20,Khoom Lanna,
898,528 7th Street,Asian,2019-03-13,False,True,Santa Rosa,2,650-235-9339,moderate,4.60,Best Of Burma,18:30
899,4029 Piedmont Avenue,Coffeehouse,,False,True,Oakland,,510-420-6962,pricey,4.50,Homestead,
900,9725 East 14th Street,Coffeehouse,,False,False,Oakland,,510-633-2152,cheap,3.50,Mcdonald's,
901,4239 Park Boulevard,Coffeehouse,,True,True,Oakland,,510-866-2133,moderate,4.40,Paulista Brazilian Kitchen And Taproom,
902,1628 Webster Street,Coffeehouse,,True,True,Oakland,,510-268-0170,moderate,4.20,Spice Monkey Restaurant & Bar,
903,4029 Piedmont Avenue,Coffeehouse,2019-03-07,False,True,Oakland,2,510-420-6962,pricey,4.50,Homestead,11:00
904,310 Linden Avenue,Japanese,2019-03-01,False,False,South San Francisco,2,650-873-1084,moderate,4.50,Amami San,19:30
905,1760 Polk Street,American,2019-03-02,False,False,San Francisco,2,415-359-1212,pricey,4.40,1760,18:00
906,888 West A Street,Japanese,,False,True,Hayward,,510-887-0166,moderate,4.30,Sushi Ichimoto,
907,20413 Hesperian Boulevard,Japanese,,False,True,Hayward,,510-259-1422,moderate,4.50,Takumi Sushi Bar & Grill,
908,24123 Hesperian Boulevard,Japanese,,False,False,Hayward,,510-940-3800,moderate,4.30,Tomodachi Sushi Bistro Restaurant,
909,24123 Hesperian Boulevard,Japanese,2019-03-08,False,False,Hayward,2,510-940-3800,moderate,4.30,Tomodachi Sushi Bistro Restaurant,17:30
910,542 A Mason Street,Seafood,2019-03-01,False,False,San Francisco,2,415-989-8218,pricey,4.30,Akiko's Sushi Bar,11:00
911,1556 Solano Avenue,Italian,2019-03-01,False,False,Berkeley,2,510-558-9000,moderate,4.20,Cugini Restaurant,18:00
912,185 Park Avenue,Seafood,,True,False,San Jose,,408-971-1700,pricey,4.20,Scott's Seafood,
913,1008 Blossom Hill Road,Seafood,2019-03-01,False,False,San Jose,1,408-269-8383,moderate,4.00,Ariake,19:30
914,507 Magnolia Avenue,Brasserie,,True,False,Larkspur,,415-927-3034,moderate,4.30,Left Bank Larkspur Brasserie,
915,507 Magnolia Avenue,Brasserie,2019-03-01,True,False,Larkspur,2,415-927-3034,moderate,4.30,Left Bank Larkspur Brasserie,12:30
916,3284 El Camino Real,Tapas,,False,False,Santa Clara,,408-249-9999,moderate,4.10,Dae Bak,
917,1998 Homestead Road #113,Tapas,,False,False,Santa Clara,,408-216-9805,moderate,4.50,Tapas Tokki,
918,1998 Homestead Road #113,Tapas,2019-03-08,False,False,Santa Clara,2,408-216-9805,moderate,4.50,Tapas Tokki,18:30
919,4580 Dublin Boulevard,Chinese,2019-03-14,False,True,Dublin,2,925-556-9988,moderate,4.40,China Paradise Restaurant,18:00
920,591 Redwood Highway,Japanese,,False,False,Mill Valley,,415-381-8400,moderate,4.20,Robata Grill & Sushi,
921,247 Shoreline Highway,Japanese,,False,True,Mill Valley,,415-383-8888,moderate,3.40,Shang Hai Kitchen,
922,591 Redwood Highway,Japanese,2019-03-01,False,False,Mill Valley,2,415-381-8400,moderate,4.20,Robata Grill & Sushi,12:00
923,260 South Abel Street,Korean,,False,False,Milpitas,,408-263-6705,moderate,4.20,Cj House Korean Bbq,
924,269 West Calaveras Boulevard,Korean,,False,False,Milpitas,,408-262-3434,cheap,4.20,Jang Su Jang,
925,1535 Landess Avenue #143,Korean,,False,False,Milpitas,,408-946-2222,moderate,3.90,Korea Garden,
926,260 South Abel Street,Korean,2019-03-01,False,False,Milpitas,1,408-263-6705,moderate,4.20,Cj House Korean Bbq,12:30
927,1499 Valencia Street,California,,True,True,San Francisco,,415-416-6136,moderate,4.50,Al's Place,
928,1275 Minnesota Street,California,,False,False,San Francisco,,415-580-7662,pricey,4.20,Alta Msp,
929,1085 Mission Street,California,,False,True,San Francisco,,415-341-9000,ultra high-end,4.30,Aq,
930,295 Terry A Francois Boulevard,California,,True,True,San Francisco,,415-512-7153,moderate,4.20,Atwater Tavern,
931,222 Sansome Street,California,,False,False,San Francisco,,415-276-9888,moderate,4.40,Brasserie S&p,
932,3115 22nd Street,California,,False,False,San Francisco,,415-757-0994,ultra high-end,4.60,Californios,
933,3519 Balboa Street,California,,True,True,San Francisco,,415-640-8990,moderate,4.50,Cassava,
934,3000 20th Street,California,,False,False,San Francisco,,415-826-7004,pricey,4.50,Central Kitchen,
935,3161 24th Street,California,,False,True,San Francisco,,415-829-7814,moderate,4.30,Foxsister,
936,125 3rd Street,California,,False,True,San Francisco,,415-284-4188,pricey,4.20,Grill At The St. Regis,
937,1275 Minnesota Street,California,2019-03-04,False,False,San Francisco,2,415-580-7662,pricey,4.20,Alta Msp,19:00
938,87 East San Fernando Street,Mexican,2019-03-01,True,False,San Jose,2,408-293-4321,moderate,4.00,Chacho's,18:00
939,125 Monterey Road,Sandwich,,False,False,Pacifica,,650-355-1477,cheap,3.50,Mcdonald's,
940,125 Monterey Road,Sandwich,2019-03-03,False,False,Pacifica,4,650-355-1477,cheap,3.50,Mcdonald's,12:30
941,2100 Lincoln Avenue,Mexican,,False,False,Alameda,,510-239-4912,moderate,4.10,Acapulco,
942,1619 Webster Street,Mexican,,True,False,Alameda,,510-521-9090,moderate,4.10,Otaez,
943,2100 Lincoln Avenue,Mexican,2019-03-01,False,False,Alameda,2,510-239-4912,moderate,4.10,Acapulco,12:00
944,1815 Market Street,Peruvian,,False,True,San Francisco,,415-552-4438,moderate,4.20,Destino,
945,3945 24th Street,Peruvian,,False,False,San Francisco,,415-695-0549,moderate,4.30,Fresca,
946,1407 Bush Street,Peruvian,,False,False,San Francisco,,415-345-1685,moderate,4.20,La Fina Estampa,
947,1001 South Van Ness Avenue,Peruvian,,False,True,San Francisco,,415-821-2134,moderate,4.50,Limon Rotisserie,
948,1469 18th Street,Peruvian,,False,True,San Francisco,,415-278-0480,moderate,4.30,Mochica,
949,1815 Market Street,Peruvian,2019-03-01,False,True,San Francisco,2,415-552-4438,moderate,4.20,Destino,17:30
950,523 4th Street,American,2019-03-09,True,False,Santa Rosa,3,707-526-5787,moderate,4.40,Belly Left Coast Kitchen & Taproom,13:30
951,2961 East El Camino Real,Halal,2019-03-03,False,True,Santa Clara,2,888-786-7919,moderate,4.00,Paradise Biryani Pointe,12:30
952,3143 Stevens Creek Boulevard,Vietnamese,,False,True,San Jose,,408-246-5251,moderate,4.10,Bowl & Plate At White Shallot,
953,2852 Alum Rock Avenue,Vietnamese,,False,False,San Jose,,408-254-2927,moderate,4.00,Dong Que Restaurant,
954,1150 Murphy Avenue d,Vietnamese,,True,False,San Jose,,408-899-6921,moderate,4.20,Elevenfifty,
955,3245 South White Road,Vietnamese,,False,True,San Jose,,408-270-8350,moderate,4.50,Golden Bamboo Vegetarian House,
956,535 East Santa Clara Street,Vietnamese,,False,False,San Jose,,408-288-9055,moderate,4.20,Vung Tau,
957,3143 Stevens Creek Boulevard,Vietnamese,2019-03-01,False,True,San Jose,2,408-246-5251,moderate,4.10,Bowl & Plate At White Shallot,12:30
958,1170 Arnold Drive #116,Italian,2019-03-12,False,False,Martinez,2,925-228-9123,moderate,4.40,Mangia Bene Restaurant,18:00
959,39060 Fremont Boulevard,Thai,,False,True,Fremont,,510-739-1698,moderate,3.80,Banh Thai Restaurant,
960,3241 Walnut Avenue,Thai,,False,True,Fremont,,510-792-0770,moderate,4.20,Sala Thai Restaurant,
961,39060 Fremont Boulevard,Thai,2019-03-06,False,True,Fremont,2,510-739-1698,moderate,3.80,Banh Thai Restaurant,19:30
962,27 North Santa Cruz Avenue,Greek,2019-03-11,False,False,Los Gatos,3,408-399-7417,moderate,4.20,Opa! Los Gatos,13:30
963,127 Clement Street,Burmese,2019-03-07,False,True,San Francisco,1,415-933-9900,moderate,4.40,B Star,18:30
964,1023 North Fair Oaks Avenue,Seafood,,False,False,Sunnyvale,,408-745-1260,moderate,4.00,Lion & Compass,
965,511 Borregas Avenue,Seafood,,False,False,Sunnyvale,,408-735-8280,moderate,4.10,Seto,
966,1023 North Fair Oaks Avenue,Seafood,2019-03-07,False,False,Sunnyvale,2,408-745-1260,moderate,4.00,Lion & Compass,18:30
967,170 Lincoln Road East,Coffeehouse,,False,False,Vallejo,,707-553-1209,cheap,3.40,Mcdonald's,
968,4425-F Treat Boulevard,Italian,,False,True,Concord,,925-687-5520,moderate,4.20,Pasta Primavera Cafe,
969,2001 Salvio Street,Italian,,True,True,Concord,,925-680-6888,moderate,4.20,Skipolini's Pizza,
970,2151 Salvio Street,Italian,,False,True,Concord,,925-521-9010,moderate,5.00,Toscana Ristorante,
971,2001 Salvio Street,Italian,2019-03-14,True,True,Concord,2,925-680-6888,moderate,4.20,Skipolini's Pizza,11:00
972,960 Admiral Callaghan Lane,Chinese,,False,False,Vallejo,,707-643-0202,moderate,4.20,Princess Garden,
973,134 Robles Way,Chinese,2019-03-04,False,True,Vallejo,4,707-552-9700,moderate,4.30,J's Garden Restaurant,18:30
974,932 Ralston Avenue,Sandwich,,False,False,Belmont,,650-486-1031,moderate,4.70,The Greedy Ant Gourmet,
975,932 Ralston Avenue,Sandwich,2019-03-08,False,False,Belmont,2,650-486-1031,moderate,4.70,The Greedy Ant Gourmet,19:00
976,4150 Great America Parkway,American,,True,False,Santa Clara,,408-748-0378,moderate,3.50,Bennigan's,
977,3955 Freedom Circle,American,,True,False,Santa Clara,,408-980-6400,pricey,4.40,Birk's,
978,5151 Stars and Stripes Drive,American,,False,False,Santa Clara,,408-727-0927,moderate,4.00,David's Restaurant,
979,2605 Homestead Road,American,,False,False,Santa Clara,,408-645-5286,moderate,4.00,Poorboy's Cajun Kitchen,
980,4150 Great America Parkway,American,2019-03-06,True,False,Santa Clara,2,408-748-0378,moderate,3.50,Bennigan's,19:00
981,3288 Pierce Street A118,Chinese,,False,False,Richmond,,510-526-6800,moderate,3.80,Asian Pearl Seafood Restaurant,
982,3288 Pierce Street,Chinese,,False,False,Richmond,,510-527-2378,moderate,3.80,Daimo Chinese Restaurant,
983,3288 Pierce Street A118,Chinese,2019-03-01,False,False,Richmond,1,510-526-6800,moderate,3.80,Asian Pearl Seafood Restaurant,12:00
984,3075 El Camino Real,Indian,,False,True,Santa Clara,,408-243-2779,moderate,4.00,Aappakadai,
985,777 Lawrence Expressway,Indian,,False,True,Santa Clara,,408-243-5500,moderate,3.90,Anjappar Chettinad Indian Restaurant,
986,1074 Kiely Boulevard,Indian,,False,True,Santa Clara,,408-246-7778,moderate,2.80,Ganesha Indian Cuisine Sweets & Catering,
987,3170 De La Cruz Boulevard #131,Indian,,False,True,Santa Clara,,669-230-6116,moderate,4.00,Igrill,
988,2798 El Camino Real,Indian,,False,True,Santa Clara,,408-247-9264,moderate,3.40,Peacock Indian Cuisine,
989,3555 Monroe Street Suite 80,Indian,,False,True,Santa Clara,,408-380-4143,pricey,3.50,The Yellow Chilli By Chef Sanjeev Kapoor,
990,3075 El Camino Real,Indian,2019-03-11,False,True,Santa Clara,4,408-243-2779,moderate,4.00,Aappakadai,12:00
991,1106 1st Street,Mexican,,True,True,Napa,,707-252-4707,moderate,4.30,Don Perico Mexican Restaurant,
992,1533 Trancas Street,Mexican,,False,False,Napa,,707-252-3575,moderate,4.40,Frida's Mexican Grill,
993,1533 Trancas Street,Mexican,2019-03-04,False,False,Napa,3,707-252-3575,moderate,4.40,Frida's Mexican Grill,19:00
994,16 Kentucky Street,Italian,,False,True,Petaluma,,707-664-1418,moderate,4.60,Brixx Pizzeria,
995,114 Petaluma Boulevard North,Italian,,False,False,Petaluma,,707-782-1775,moderate,4.60,Cucina Paradiso,
996,154 Petaluma Boulevard North,Italian,,False,True,Petaluma,,707-766-7600,moderate,4.60,Risibisi,
997,5 Petaluma Boulevard South B,Italian,,True,False,Petaluma,,707-782-9298,moderate,4.50,Sugo Trattoria,
998,16 Kentucky Street,Italian,2019-03-07,False,True,Petaluma,1,707-664-1418,moderate,4.60,Brixx Pizzeria,19:00
999,1730 Travis Boulevard,Mexican,,True,True,Fairfield,,707-425-8374,moderate,3.60,Chevys Fresh Mex,
1000,1500 Oliver Road,Mexican,,False,False,Fairfield,,707-421-8484,moderate,4.30,Favela's Fusion,
1001,1985 West Texas Street,Mexican,,False,False,Fairfield,,707-426-3385,moderate,4.10,Pelayo's Mexican Food,
1002,1730 Travis Boulevard,Mexican,2019-03-14,True,True,Fairfield,2,707-425-8374,moderate,3.60,Chevys Fresh Mex,11:00
1003,156 Castro Street,Japanese,,False,True,Mountain View,,650-386-6821,moderate,4.10,Bushido,
1004,1943 West El Camino Real,Japanese,,False,False,Mountain View,,650-965-8301,moderate,4.50,Gochi Japanese Fusion Tapas,
1005,1040 North Rengstorff Avenue,Japanese,,False,False,Mountain View,,650-988-8686,moderate,4.10,Hanabi Sushi,
1006,570 North Shoreline Boulevard J,Japanese,,False,False,Mountain View,,650-967-6166,cheap,4.40,Momoya Sushi,
1007,743 West Dana Street,Japanese,,False,False,Mountain View,,650-903-9668,moderate,4.20,Niji Sushi,
1008,152 Castro Street,Japanese,,False,False,Mountain View,,650-428-0888,moderate,4.40,Ramen Izakaya Yu-gen,
1009,357 Castro Street #3a,Japanese,,True,True,Mountain View,,650-961-9086,moderate,4.00,Rumble Fish,
1010,1350 Grant Road,Japanese,,False,False,Mountain View,,650-965-8898,moderate,3.80,Sushi 85,
1011,506 Showers Drive,Japanese,,False,True,Mountain View,,650-948-8388,moderate,4.10,Sushi 88 & Ramen,
1012,1943 West El Camino Real,Japanese,2019-03-01,False,False,Mountain View,2,650-965-8301,moderate,4.50,Gochi Japanese Fusion Tapas,18:00
1013,21275 Stevens Creek Boulevard #510,Italian,,True,True,Cupertino,,408-255-2686,pricey,4.30,Enzo's Italian Restaurant,
1014,20840 Stevens Creek Boulevard,Italian,,False,False,Cupertino,,408-725-0188,pricey,4.00,Fontana's Italian Restaurant,
1015,19469 Stevens Creek Boulevard,Italian,,True,True,Cupertino,,408-899-4490,moderate,4.10,Panino Giusto,
1016,219 Texas Street C,Chinese,,False,True,Fairfield,,707-428-9736,moderate,4.30,Mandarin Restaurant And Lounge,
1017,219 Texas Street C,Chinese,2019-03-07,False,True,Fairfield,2,707-428-9736,moderate,4.30,Mandarin Restaurant And Lounge,17:30
1018,791 Auzerais Avenue,Italian,,True,True,San Jose,,408-295-6459,moderate,4.50,Palermo Italian Restaurant,
1019,5245 Prospect Road,Italian,,True,True,San Jose,,408-380-0040,moderate,4.10,Tomatina,
1020,3137 Stevens Creek Boulevard,Italian,,True,True,San Jose,,408-246-4605,moderate,4.20,Tony & Alba's Pizza And Pasta,
1021,1346 Lincoln Avenue,Italian,,True,True,San Jose,,408-920-2508,moderate,4.50,Vin Santo,
1022,1445 Foxworthy Avenue,Italian,2019-03-04,True,True,San Jose,1,408-264-5781,moderate,4.20,Giorgio's Italian Food & Pizzeria,12:30
1023,100 South 1st Street,Asado,,True,False,Dixon,,707-678-4745,moderate,4.30,Bud's Pub & Grill,
1024,100 South 1st Street,Asado,2019-03-08,True,False,Dixon,2,707-678-4745,moderate,4.30,Bud's Pub & Grill,19:00
1025,22507 Main Street,Seafood,,False,True,Hayward,,510-727-1568,moderate,4.50,Sapporo Restaurant,
1026,22507 Main Street,Seafood,2019-03-12,False,True,Hayward,2,510-727-1568,moderate,4.50,Sapporo Restaurant,18:30
1027,1016 Santa Rosa Plaza,Vegetarian,,False,True,Santa Rosa,,707-546-3267,cheap,3.80,Rubio's,
1028,1016 Santa Rosa Plaza,Vegetarian,2019-03-13,False,True,Santa Rosa,2,707-546-3267,cheap,3.80,Rubio's,17:30
1029,3001 Alamo Drive,Asian,2019-03-04,False,False,Vacaville,2,707-448-2157,moderate,4.10,Hisui 2,11:00
1030,235 Castro Street,Italian,,True,True,Mountain View,,650-961-9749,moderate,4.20,Don Giovanni,
1031,939 West El Camino Real,Italian,,False,True,Mountain View,,650-967-5384,moderate,4.00,"Frankie, Johnnie & Luigi Too!",
1032,108 Castro Street,Italian,,True,True,Mountain View,,650-940-1717,moderate,4.20,Vaso Azzurro,
1033,235 Castro Street,Italian,2019-03-14,True,True,Mountain View,1,650-961-9749,moderate,4.20,Don Giovanni,19:30
1034,2203 Loveridge Road,Sandwich,,False,False,Pittsburg,,925-439-5289,cheap,3.50,Mcdonald's,
1035,2203 Loveridge Road,Sandwich,2019-03-01,False,False,Pittsburg,2,925-439-5289,cheap,3.50,Mcdonald's,19:00
1036,5458 Ygnacio Valley Road,Sushi,2019-03-08,False,True,Concord,2,925-672-1431,moderate,4.50,Tachi Sushi Bar,18:00
1037,518 7th Street,Sushi,,False,True,Santa Rosa,,707-541-6359,moderate,4.60,Haku Sushi,
1038,1531 Farmers Lane,Sushi,,False,True,Santa Rosa,,707-575-5557,moderate,4.50,Shogun | Japanese Restaurant,
1039,518 7th Street,Sushi,2019-03-05,False,True,Santa Rosa,2,707-541-6359,moderate,4.60,Haku Sushi,18:30
1040,767 Lincoln Avenue,Guatemalan,,True,True,San Rafael,,415-457-4910,moderate,4.30,El Lucerito Restaurante Guatemalteco San Rafael,
1041,816 4th Street,Japanese,,False,True,San Rafael,,415-721-0392,moderate,4.10,Sushi To Dai For,
1042,821 B Street,Japanese,,False,True,San Rafael,,415-524-2727,moderate,4.40,Uchiwa Ramen,
1043,816 4th Street,Japanese,2019-03-04,False,True,San Rafael,2,415-721-0392,moderate,4.10,Sushi To Dai For,13:30
1044,1680 Willow Pass Road,Korean,,False,False,Concord,,925-825-1318,moderate,4.10,Imperial Seafood Restaurant,
1045,1671 Willow Pass Road,Korean,,False,False,Concord,,925-798-9292,moderate,4.30,Ohgane Korean Bbq & Cuisine,
1046,1680 Willow Pass Road,Korean,2019-03-01,False,False,Concord,2,925-825-1318,moderate,4.10,Imperial Seafood Restaurant,18:30
1047,3149 Mission Street,Barbecue,,False,False,San Francisco,,415-896-4250,moderate,4.20,Baby Blues Bbq,
1048,4014 Geary Boulevard,Barbecue,,False,False,San Francisco,,415-387-1378,moderate,4.40,Camp Bbq,
1049,680 8th Street Ste. 170,Barbecue,,False,False,San Francisco,,415-796-2437,moderate,4.40,Hardwood Bar & Smokery,
1050,6314 Geary Boulevard,Barbecue,,False,False,San Francisco,,415-221-8282,moderate,4.20,Jang Soo Bbq,
1051,3149 Mission Street,Barbecue,2019-03-05,False,False,San Francisco,2,415-896-4250,moderate,4.20,Baby Blues Bbq,18:00
1052,5434 Ygnacio Valley Road #90,Thai,,False,True,Concord,,925-524-0768,moderate,4.30,Bronze Buddha,
1053,4710 Clayton Road,Thai,,False,True,Concord,,925-692-1199,moderate,4.50,Mai Thai 2,
1054,5434 Ygnacio Valley Road #90,Thai,2019-03-02,False,True,Concord,4,925-524-0768,moderate,4.30,Bronze Buddha,12:30
1055,3113 Stevenson Boulevard,Chinese,,False,True,Fremont,,510-770-8818,moderate,4.10,B K's Bistro,
1056,46997 Warm Springs Boulevard,Chinese,,False,False,Fremont,,510-226-1588,moderate,4.20,Boiling Hot Pot,
1057,34420 Fremont Boulevard,Chinese,,False,False,Fremont,,510-790-9888,cheap,3.90,Chong Qing Xiao Mian,
1058,46573 Mission Boulevard,Chinese,,False,False,Fremont,,510-651-8989,moderate,4.20,Little Dipper Shabu Shabu,
1059,43829 Boscell Road,Chinese,,False,False,Fremont,,510-657-5555,moderate,4.00,Little Hot Pot,
1060,40900 Fremont Boulevard,Chinese,,False,False,Fremont,,510-252-9926,cheap,4.00,New Yong Kang Seafood Restaurant,
1061,34145 Fremont Boulevard,Chinese,,False,False,Fremont,,510-744-9988,moderate,4.50,Ping's Bistro,
1062,3113 Stevenson Boulevard,Chinese,2019-03-09,False,True,Fremont,2,510-770-8818,moderate,4.10,B K's Bistro,19:30
1063,1632 North Main Street,Japanese,,False,False,Walnut Creek,,925-476-5001,moderate,4.50,Ikoi,
1064,1432 North Main Street,Japanese,,True,True,Walnut Creek,,925-210-0188,moderate,4.40,Sasa,
1065,1432 North Main Street,Japanese,2019-03-09,True,True,Walnut Creek,2,925-210-0188,moderate,4.40,Sasa,12:00
1066,4440 Lone Tree Way,Coffeehouse,2019-03-04,False,False,Antioch,3,925-756-7689,cheap,3.30,Mcdonald's,11:00
1067,510 East El Camino Real,Mexican,2019-03-14,False,True,Sunnyvale,3,408-739-1191,moderate,4.10,El Caminito,19:00
1068,5305 Almaden Expressway,Mexican,2019-03-06,False,False,San Jose,2,408-266-1815,moderate,3.90,Chevys Fresh Mex,12:00
1069,4185 Cushing Parkway,Korean,,False,False,Fremont,,510-252-9844,moderate,4.10,Bob Sang,
1070,46851 Warm Springs Boulevard,Korean,,False,True,Fremont,,510-226-7700,moderate,4.10,Mom's Tofu House,
1071,43635 Boscell Road,Asian,,False,False,Fremont,,510-979-1368,moderate,3.90,Asian Pearl Seafood Restaurant,
1072,39233 Fremont Boulevard,Asian,,True,True,Fremont,,510-742-6221,moderate,3.70,Elephant Bar Restaurant,
1073,43683 Boscell Road,Asian,,False,True,Fremont,,510-687-9998,moderate,3.70,Spicy Town,
1074,43635 Boscell Road,Asian,2019-03-08,False,False,Fremont,1,510-979-1368,moderate,3.90,Asian Pearl Seafood Restaurant,13:00
1075,90 South 2nd Street,Bistro,,True,False,San Jose,,408-374-5777,moderate,4.00,Loft Bar & Bistro,
1076,378 Santana Row #1035,Bistro,,True,False,San Jose,,408-248-9091,moderate,3.60,Village California Bistro And Wine Bar,
1077,90 South 2nd Street,Bistro,2019-03-09,True,False,San Jose,2,408-374-5777,moderate,4.00,Loft Bar & Bistro,12:00
1078,3830 Stevens Creek Boulevard,Japanese,2019-03-11,False,False,San Jose,2,408-985-2968,moderate,3.80,Hokkaido Buffet,19:00
1079,1260 1st Street,Steakhouse,,False,False,Napa,,707-819-2500,ultra high-end,4.30,Charlie Palmer Steak Napa,
1080,1260 1st Street,Steakhouse,2019-03-03,False,False,Napa,3,707-819-2500,ultra high-end,4.30,Charlie Palmer Steak Napa,13:30
1081,1269 MacArthur Boulevard,Asian,,False,True,San Leandro,,510-650-3051,moderate,4.40,Creasian,
1082,15073 East 14th Street,Asian,,False,True,San Leandro,,510-317-9998,moderate,3.70,New Dragon Buffet,
1083,1269 MacArthur Boulevard,Asian,2019-03-08,False,True,San Leandro,2,510-650-3051,moderate,4.40,Creasian,18:30
1084,436 Blossom Hill Road,Italian,2019-03-14,False,False,San Jose,2,408-227-5502,moderate,4.50,Angelo's Italian Restaurant,19:30
1085,2033 Camden Avenue # F3,Chinese,2019-03-10,False,True,San Jose,2,408-377-8310,moderate,4.30,Chef Li,18:30
1086,95 Bliss Avenue,Mexican,2019-03-04,False,False,Pittsburg,3,925-252-0222,moderate,4.00,La Pinata,19:00
1087,223 3rd Street,Seafood,,False,False,San Rafael,,415-457-6776,moderate,4.20,Kamikaze Sushi Bar & Cuisine,
1088,15 Harbor Street,Seafood,,True,False,San Rafael,,415-256-9121,moderate,4.30,Pier 15,
1089,100 Smith Ranch Road,Seafood,,False,False,San Rafael,,415-785-8151,moderate,4.30,Sakura Sushi,
1090,223 3rd Street,Seafood,2019-03-04,False,False,San Rafael,3,415-457-6776,moderate,4.20,Kamikaze Sushi Bar & Cuisine,12:00
1091,20 South Santa Cruz Avenue,Chinese,,False,True,Los Gatos,,408-395-2373,moderate,3.70,Jasmine Chinese Cuisine,
1092,14107 South Winchester Boulevard,Chinese,,False,True,Los Gatos,,408-370-2032,moderate,4.40,Yeung Shing,
1093,20 South Santa Cruz Avenue,Chinese,2019-03-05,False,True,Los Gatos,3,408-395-2373,moderate,3.70,Jasmine Chinese Cuisine,13:30
1094,6010 Stevenson Boulevard,Buffet,,False,False,Fremont,,510-490-6888,moderate,3.30,World Gourmet,
1095,6010 Stevenson Boulevard,Buffet,2019-03-05,False,False,Fremont,4,510-490-6888,moderate,3.30,World Gourmet,18:00
1096,107 Bolinas Road,Italian,2019-03-14,False,True,Fairfax,2,415-258-4520,moderate,4.80,Sorella Caffe,19:30
1097,2083 Camden Avenue,Italian,2019-03-07,False,False,San Jose,2,408-369-9820,moderate,4.40,Al Castello Ristorante,18:00
1098,5029 Mowry Avenue,Indian,,False,True,Fremont,,510-598-4940,moderate,3.70,Paradise Biryani Pointe,
1099,43852 Pacific Commons Boulevard,Indian,,False,True,Fremont,,510-353-9002,moderate,4.20,Rangoli Flavors Of India,
1100,39195 Farwell Drive,Indian,,False,True,Fremont,,510-744-9500,moderate,4.00,Sakoon,
1101,5144 Mowry Avenue,Indian,,False,True,Fremont,,510-791-1316,moderate,3.50,Taste Of India,
1102,5168 Mowry Avenue,Indian,,True,True,Fremont,,510-362-7000,moderate,4.40,Veg N Chaat Cuisine,
1103,5029 Mowry Avenue,Indian,2019-03-06,False,True,Fremont,4,510-598-4940,moderate,3.70,Paradise Biryani Pointe,19:30
1104,18 Tamalpais Drive,Italian,2019-03-08,False,False,Corte Madera,2,415-927-2316,moderate,4.10,Benissimo Restaurant & Bar,12:00
1105,33 The Embarcadero,Asian,2019-03-11,False,True,San Francisco,2,415-864-8999,moderate,4.00,Butterfly Restaurant,11:30
1106,525 Crespi Drive,Peruvian,2019-03-01,True,True,Pacifica,2,650-733-7343,moderate,4.10,Puerto 27,13:30
1107,1882 Curtner Avenue,Chinese,2019-03-01,False,False,San Jose,2,408-371-2968,cheap,3.90,Little Hunan,17:00
1108,100 West American Canyon Road,Mexican,2019-03-01,False,False,American Canyon,2,707-645-7459,moderate,4.00,Mi Zacatecas Family Restaurant,17:30
1109,1155 Folsom Street,Brunch,2019-03-08,False,True,San Francisco,1,415-703-0557,moderate,3.80,Triptych,18:00
1110,507 Magnolia Avenue,Brasserie,2019-03-01,True,False,Larkspur,2,415-927-3034,moderate,4.30,Left Bank Larkspur Brasserie,13:30
1111,6300 East 14th Street,Sandwich,2019-03-06,False,False,Oakland,2,510-568-6471,cheap,3.50,Mcdonald's,18:30
1112,307 Hayes Street,Thai,2019-03-01,False,True,San Francisco,1,415-874-9661,moderate,4.20,Lers Ros Thai,12:00
1113,115 Hartz Avenue,Thai,2019-03-01,False,True,Danville,2,925-743-8424,moderate,4.50,Lotus Thai Restaurant,12:00
1114,2129 Taraval,Chinese,2019-03-05,False,False,San Francisco,3,415-242-0811,cheap,4.00,Ming's Diner,18:30
1115,5012 Petaluma Boulevard North,Steakhouse,2019-03-01,False,False,Petaluma,2,707-763-4114,moderate,4.30,Cattlemens,19:30
1116,1550 Halford Avenue,Thai,2019-03-11,False,True,Santa Clara,2,408-615-9199,moderate,4.30,Thai Chili Cuisine,18:00
1117,7416 Redwood Boulevard,Italian,2019-03-01,False,False,Novato,2,415-878-0314,moderate,4.50,Chianti Cucina,17:00
1118,212 Western Avenue,Japanese,2019-03-10,False,True,Petaluma,4,707-789-9068,moderate,4.60,Izakaya Kitaru,17:30
1119,1350 Grant Road,Japanese,2019-03-01,False,False,Mountain View,2,650-965-8898,moderate,3.80,Sushi 85,19:00
1120,1700 Church Street,Thai,2019-03-01,False,True,San Francisco,2,415-643-5893,cheap,4.30,Regent Thai,18:30
1121,455 Magnolia Avenue,Italian,2019-03-01,False,False,Larkspur,2,415-924-3332,moderate,3.50,Amalfi,17:30
1122,201 Vineyard Town Ctr,American,2019-03-04,False,False,Morgan Hill,2,408-779-8182,cheap,3.40,Mcdonald's,18:30
1123,489 3rd Street,Italian,2019-03-01,False,False,San Francisco,3,415-512-0300,moderate,4.20,La Briciola,11:30
1124,1500 Webster Street,American,2019-03-13,True,True,Alameda,1,510-523-4500,moderate,4.40,Cafe Jolie,11:30
1125,1800 Fillmore Street,American,2019-03-01,False,True,San Francisco,2,415-775-1800,moderate,3.80,Academy Bar And Kitchen,19:00
1126,499 Dolores Street,American,2019-03-01,False,True,San Francisco,2,415-431-6268,moderate,4.30,Namu Gaji,12:30
1127,8840 Lakewood Drive,Chinese,2019-03-01,False,True,Windsor,1,707-838-2101,moderate,4.60,Yin Keng Restaurant,13:00
1128,941 Kearny Street,Indian,2019-03-13,False,True,San Francisco,2,415-951-0505,moderate,3.40,Tandoori Mahal Indian Restaurant,12:30
1129,2203 Loveridge Road,Sandwich,2019-03-01,False,False,Pittsburg,2,925-439-5289,cheap,3.50,Mcdonald's,12:00
1130,131 Mirada Road,American,2019-03-03,True,False,Half Moon Bay,1,650-726-9053,moderate,4.20,Miramar Beach Restaurant,11:30
1131,425 California Avenue,Thai,2019-03-03,False,True,Palo Alto,2,650-289-0907,moderate,3.90,Lotus Thai Bistro,11:30
1132,2323 Birch Street,Mediterranean,2019-03-01,True,True,Palo Alto,1,650-853-9700,moderate,4.20,Anatolian Kitchen,12:30
1133,240 Front Street,European,2019-03-14,False,False,San Francisco,2,415-421-4778,moderate,4.20,Schroeder's,13:30
1134,71 North San Pedro Street,American,2019-03-05,True,True,San Jose,1,408-971-8523,moderate,4.00,71 Saint Peter,12:00
1135,1339 Pearl Street,Japanese,,False,False,Napa,,707-294-2049,pricey,4.50,Kenzo,
1136,821 Coombs Street,Japanese,,False,True,Napa,,707-254-9464,pricey,4.50,Miminashi,
1137,610 Main Street,Japanese,,True,True,Napa,,707-252-1600,ultra high-end,4.30,Morimoto Napa,
1138,3206 Jefferson Street,Japanese,,True,False,Napa,,707-226-2996,moderate,4.10,Sushi Haku,
1139,610 Main Street,Japanese,2019-03-03,True,True,Napa,2,707-252-1600,ultra high-end,4.30,Morimoto Napa,17:00
1140,1011 Blossom Hill Road,Steakhouse,,False,True,San Jose,,408-266-6602,moderate,4.10,Black Angus Steakhouse,
1141,355 Santana Row,Steakhouse,,False,False,San Jose,,408-423-5400,moderate,4.20,Citrus Restaurant,
1142,402 Toyon Avenue,Steakhouse,,False,False,San Jose,,408-272-1512,moderate,3.80,Drying Shed,
1143,334 Santana Row #1000,Steakhouse,,True,False,San Jose,,408-244-1180,pricey,4.20,Lb Steak,
1144,170 South Market Street,Steakhouse,,True,False,San Jose,,408-283-7200,pricey,3.90,Mccormick & Schmick's Seafood & Steaks,
1145,4130 North 1st Street,Steakhouse,,True,True,San Jose,,669-900-1829,moderate,4.30,Rok Steakhouse & Grill,
1146,2050 Gateway Place,Steakhouse,,False,False,San Jose,,408-437-2170,pricey,4.10,Spencer's For Steaks And Chops,
1147,399 Silicon Valley Boulevard,Steakhouse,,False,False,San Jose,,408-972-1961,moderate,3.30,Summit Steakhouse & Saloon,
1148,172 South Market Street,Steakhouse,,True,True,San Jose,,408-294-2244,moderate,4.30,The Grill On The Alley,
1149,1011 Blossom Hill Road,Steakhouse,2019-03-01,False,True,San Jose,2,408-266-6602,moderate,4.10,Black Angus Steakhouse,17:00
1150,1433 Taraval,Asian,,False,False,San Francisco,,415-731-5515,cheap,4.00,8 Immortals Restaurant,
1151,2436 Clement Street,Asian,,False,True,San Francisco,,415-751-0505,cheap,3.50,India Clay Oven,
1152,1537 Ocean Avenue,Asian,,False,True,San Francisco,,415-452-9618,cheap,4.30,Jo Jo's Cafe,
1153,1700 Laguna Street,Asian,,False,False,San Francisco,,415-474-2866,ultra high-end,4.50,Kiss Seafood,
1154,1433 Taraval,Asian,2019-03-01,False,False,San Francisco,3,415-731-5515,cheap,4.00,8 Immortals Restaurant,13:00
1155,1449 Lombard Street,Korean,,False,True,San Francisco,,415-292-2368,moderate,3.60,Aato,
1156,711 Geary Street,Korean,,False,False,San Francisco,,415-525-4985,moderate,4.60,Barnzu,
1157,1825 Post Street,Korean,,False,False,San Francisco,,415-872-9868,moderate,4.10,Beque Bbq Grill,
1158,4128 Geary Boulevard,Korean,,False,False,San Francisco,,415-387-7991,moderate,4.40,Brothers Restaurant,
1159,662 Commercial Street,Korean,,False,False,San Francisco,,415-398-2838,moderate,4.40,City View Restaurant,
1160,631 O'Farrell Street #94,Korean,,False,False,San Francisco,,415-776-1898,moderate,3.80,Dong Baek,
1161,1802 Balboa Street,Korean,,False,False,San Francisco,,415-752-4447,moderate,4.40,Han Il Kwan,
1162,5322 Geary Boulevard,Korean,,False,False,San Francisco,,415-668-8836,moderate,4.20,Hong Kong Lounge,
1163,4516 Mission Street,Korean,,False,True,San Francisco,,415-859-7111,cheap,4.30,Hwaro,
1164,1705 Buchanan Street,Korean,,False,False,San Francisco,,415-929-1471,moderate,3.90,Playground,
1165,1449 Lombard Street,Korean,2019-03-01,False,True,San Francisco,2,415-292-2368,moderate,3.60,Aato,19:00
1166,80 Senter Road,Chinese,2019-03-01,False,True,San Jose,4,408-225-9101,moderate,4.10,China Station Restaurant,17:00
1167,25 Lusk Street,American,2019-03-01,False,True,San Francisco,4,415-495-5875,pricey,4.40,25 Lusk,19:00
1168,1001 Alameda de las Pulgas,Japanese,,False,True,Belmont,,650-592-1878,moderate,4.20,Sushi Kuu,
1169,550 Masonic Way,Japanese,,False,False,Belmont,,650-593-2291,moderate,4.20,Sushi Lover,
1170,1001 Alameda de las Pulgas,Japanese,2019-03-09,False,True,Belmont,2,650-592-1878,moderate,4.20,Sushi Kuu,17:30
1171,139 Petaluma Boulevard North B,Tapas,,True,True,Petaluma,,707-776-4631,moderate,4.30,Speakeasy,
1172,139 Petaluma Boulevard North B,Tapas,2019-03-01,True,True,Petaluma,2,707-776-4631,moderate,4.30,Speakeasy,18:00
1173,25 Broadway,Thai,,False,True,Fairfax,,415-453-5967,moderate,4.20,Siam Lotus,
1174,25 Lusk Street,American,2019-03-01,False,True,San Francisco,2,415-495-5875,pricey,4.40,25 Lusk,19:30
1175,4485 Stevens Creek Boulevard,Mexican,,False,True,Santa Clara,,408-248-3113,cheap,4.30,El Amigo Burrito,
1176,2280 El Camino Real,Mexican,,False,False,Santa Clara,,408-247-0990,moderate,4.00,La Paloma,
1177,3149 Mission College Boulevard,Mexican,,False,False,Santa Clara,,408-588-9865,moderate,3.80,Mexicali Grill,
1178,3935 Freedom Circle,Mexican,,True,False,Santa Clara,,408-496-6597,moderate,4.10,Pedro's,
1179,2752 Augustine Drive #110,Mexican,,True,True,Santa Clara,,408-333-9750,moderate,4.20,Puesto Santa Clara,
1180,4485 Stevens Creek Boulevard,Mexican,2019-03-01,False,True,Santa Clara,2,408-248-3113,cheap,4.30,El Amigo Burrito,17:00
1181,3540 Blackhawk Plaza Circle,American,,True,True,Danville,,925-736-4295,pricey,4.10,Blackhawk Grille,
1182,416 Sycamore Valley Road,American,,True,False,Danville,,925-838-7611,moderate,4.30,Dana's,
1183,750 Camino Ramon,American,,False,True,Danville,,925-314-0974,pricey,4.60,Esin Restaurant & Bar,
1184,331 Hartz Avenue,American,,True,False,Danville,,925-208-1758,moderate,4.50,Revel Kitchen & Bar,
1185,416 Sycamore Valley Road,American,2019-03-14,True,False,Danville,3,925-838-7611,moderate,4.30,Dana's,17:30
1186,10088 North Wolfe Road #120,Neapolitan,,True,True,Cupertino,,408-863-0308,moderate,4.30,Doppio Zero,
1187,10088 North Wolfe Road #120,Neapolitan,2019-03-01,True,True,Cupertino,3,408-863-0308,moderate,4.30,Doppio Zero,11:00
1188,550 Stanford Shopping Center,American,,False,True,Palo Alto,,650-688-2614,moderate,4.10,Bazille,
1189,420 Ramona Street,American,,False,False,Palo Alto,,650-656-8180,moderate,4.50,Bird Dog,
1190,2363 Birch Street,American,,True,False,Palo Alto,,650-327-0284,moderate,4.30,Bistro Elan,
1191,445 California Avenue,American,,True,True,Palo Alto,,650-326-8640,moderate,4.10,Cafe Brioche,
1192,3398 El Camino Real,American,,False,False,Palo Alto,,650-493-6787,moderate,4.20,Cibo Restaurant & Bar,
1193,271 University Avenue,American,,True,True,Palo Alto,,650-322-7509,moderate,4.20,Local Union 271,
1194,140 University Avenue,American,,False,False,Palo Alto,,650-321-3514,moderate,4.20,Palo Alto Grill,
1195,565 Bryant Street,American,,True,False,Palo Alto,,650-521-0651,moderate,4.50,Zola Restaurant,
1196,550 Stanford Shopping Center,American,2019-03-01,False,True,Palo Alto,1,650-688-2614,moderate,4.10,Bazille,12:30
1197,1200 El Paseo de Saratoga,Take-out,2019-03-01,True,True,San Jose,2,408-378-0778,moderate,3.80,Mimi's Cafe,11:30
1198,301 East 4th Avenue,Asian,,False,False,San Mateo,,925-408-4891,moderate,4.40,Izakaya Ginji,
1199,168 East 4th Avenue,Asian,,False,True,San Mateo,,650-345-9168,moderate,4.00,Little Sichuan Restaurant,
1200,112 South B Street,Asian,,False,False,San Mateo,,650-558-8969,moderate,4.20,Old Town Sushi,
1201,120 West 25th Avenue,Asian,,False,True,San Mateo,,650-487-8414,moderate,4.30,Tannourine,
1202,173 East 4th Avenue,Asian,,True,True,San Mateo,,650-342-6451,moderate,3.90,Thonglor Thai Bistro,
1203,301 East 4th Avenue,Asian,2019-03-01,False,False,San Mateo,2,925-408-4891,moderate,4.40,Izakaya Ginji,13:30
1204,420 Market Place,Pakistani,,False,True,San Ramon,,925-244-1559,moderate,3.80,Cafe Tandoor,
1205,420 Market Place,Pakistani,2019-03-01,False,True,San Ramon,2,925-244-1559,moderate,3.80,Cafe Tandoor,13:30
1206,725 South Fair Oaks Avenue,Indian,2019-03-14,False,True,Sunnyvale,2,408-774-1540,moderate,3.80,Arka Indian Restaurant,12:00
1207,20 South Santa Cruz Avenue,Chinese,2019-03-05,False,True,Los Gatos,2,408-395-2373,moderate,3.70,Jasmine Chinese Cuisine,11:30
1208,1848 Portola Avenue,Steakhouse,,True,True,Livermore,,925-456-7100,moderate,3.70,Castle Rock Restaurant,
1209,1848 Portola Avenue,Steakhouse,2019-03-01,True,True,Livermore,3,925-456-7100,moderate,3.70,Castle Rock Restaurant,13:30
1210,504 Center Street,Take-out,,False,True,Moraga,,925-377-6453,moderate,3.90,Mountain Mike's Pizza,
1211,504 Center Street,Take-out,2019-03-12,False,True,Moraga,1,925-377-6453,moderate,3.90,Mountain Mike's Pizza,17:00
1212,46 Wharf Road,Vegetarian,,True,False,Bolinas,,415-868-2298,moderate,4.20,Coast Cafe,
1213,46 Wharf Road,Vegetarian,2019-03-14,True,False,Bolinas,2,415-868-2298,moderate,4.20,Coast Cafe,18:30
1214,1532 North Main Street,Greek,,False,True,Walnut Creek,,925-891-4700,moderate,4.20,Opa Authentic Greek Cuisine Walnut Creek,
1215,1532 North Main Street,Greek,2019-03-03,False,True,Walnut Creek,2,925-891-4700,moderate,4.20,Opa Authentic Greek Cuisine Walnut Creek,19:00
1216,700 Welch Road,Italian,2019-03-01,True,True,Palo Alto,2,650-646-3477,pricey,4.40,Vina Enoteca,13:00
1217,601 Old County Road,Indian,,True,True,San Carlos,,650-401-6564,moderate,4.00,Kamakshi's Kitchen Restaurant,
1218,1143 San Carlos Avenue,Indian,,False,True,San Carlos,,650-593-4269,moderate,4.20,Saffron Indian Bistro,
1219,601 Old County Road,Indian,2019-03-13,True,True,San Carlos,3,650-401-6564,moderate,4.00,Kamakshi's Kitchen Restaurant,11:00
1220,1890 West San Carlos Street,Asian,,False,False,San Jose,,408-239-3149,cheap,3.60,China Garden Restaurant,
1221,1001 Story Road,Asian,,False,False,San Jose,,408-286-6668,moderate,3.80,Dynasty,
1222,6471-10 Almaden Expressway,Asian,,False,True,San Jose,,408-927-8773,moderate,4.60,Elements Restaurant,
1223,1705 Branham Lane b3,Asian,,False,True,San Jose,,408-978-3536,cheap,3.90,Golden Rice Bowl,
1224,1080 Saratoga Avenue,Asian,,False,False,San Jose,,408-246-9550,moderate,4.30,May Flower Restaurant,
1225,211 South 1st Street,Asian,,True,False,San Jose,,408-282-8850,moderate,4.20,Mosaic Inside The Four Points By Sheraton Hotel,
1226,170 South Market Street,Asian,,False,True,San Jose,,408-287-1648,moderate,0.00,Pagoda Lounge,
1227,3082 Story Road,Asian,,False,False,San Jose,,408-251-9590,moderate,4.00,Phu Lam Chinese Restaurant,
1228,3695 Union Avenue,Asian,,False,True,San Jose,,408-377-2222,moderate,3.90,Rangoli,
1229,377 Santana Row #1000,Asian,,True,True,San Jose,,408-247-8880,moderate,4.00,Sino,
1230,310 Baldwin Avenue,Italian,,False,True,San Mateo,,650-342-3100,moderate,4.20,Capellini Restaurant,
1231,180 West 25th Avenue,Italian,,False,False,San Mateo,,650-341-8877,moderate,4.40,La Lanterna,
1232,109 West 25th Avenue,Italian,,False,False,San Mateo,,650-574-1256,moderate,4.10,Luceti's,
1233,139 South B Street,Italian,,False,True,San Mateo,,650-579-6021,moderate,3.90,Osteria Coppa - Permanently Closed,
1234,223 East 4th Avenue,Italian,,True,True,San Mateo,,650-375-0818,pricey,4.50,Pausa Bar & Cookery,
1235,147 East 3rd Avenue,Italian,,False,False,San Mateo,,650-685-6151,moderate,4.60,Vespucci,
1236,1700 Coyote Point Drive,American,,True,False,San Mateo,,650-522-7526,pricey,4.30,Poplar Creek Grill,
1237,60 East 3rd Avenue,American,,False,False,San Mateo,,650-579-5911,pricey,4.50,Porterhouse,
1238,181 East 4th Avenue,American,2019-03-01,True,False,San Mateo,2,650-558-8401,moderate,4.30,Central Park Bistro,19:30
1239,601 Van Ness Avenue,Japanese,2019-03-01,False,True,San Francisco,2,415-292-9997,moderate,3.50,2g Japanese Brasserie,19:30
1240,1830 Fourth Street,Japanese,2019-03-11,True,True,Berkeley,4,510-845-8100,pricey,4.50,Iyasare,19:30
1241,325 Main Street,Greek,,True,True,Los Altos,,650-209-5340,moderate,4.10,Opa! Los Altos,
1242,1000 6th Avenue,Italian,,False,False,Belmont,,650-591-4156,moderate,3.20,Caprinos,
1243,968 Ralston Avenue,Italian,,False,False,Belmont,,650-620-9103,moderate,4.40,Divino Ristorante,
1244,1910 Ralston Avenue,Italian,,False,False,Belmont,,650-637-0611,moderate,4.50,Vivace Ristorante,
1245,1000 6th Avenue,Italian,2019-03-14,False,False,Belmont,2,650-591-4156,moderate,3.20,Caprinos,11:30
1246,1433 Taraval,Asian,2019-03-05,False,False,San Francisco,2,415-731-5515,cheap,4.00,8 Immortals Restaurant,12:30
1247,776 Arguello Boulevard,Japanese,,False,False,San Francisco,,415-387-8882,cheap,4.70,Okina Sushi,
1248,393 Bay Street,Japanese,,False,True,San Francisco,,415-829-7668,cheap,4.20,There Sushi Bar & Restaurant,
1249,850 Holloway Avenue,Japanese,,False,True,San Francisco,,415-333-2889,cheap,3.60,Yama Sushi,
1250,1234 Noriega Street,Japanese,2019-03-01,False,False,San Francisco,2,415-665-1772,cheap,4.40,Fujiyama-ya,18:30
1251,5800 Hollis Street,American,,True,True,Emeryville,,510-595-1000,moderate,4.30,The Bureau 510,
1252,5800 Hollis Street,American,2019-03-10,True,True,Emeryville,1,510-595-1000,moderate,4.30,The Bureau 510,12:00
1253,600 Ralston Avenue,Seafood,,False,False,Belmont,,650-593-1832,moderate,4.10,China Village Seafood Restaurant,
1254,600 Ralston Avenue,Seafood,2019-03-01,False,False,Belmont,2,650-593-1832,moderate,4.10,China Village Seafood Restaurant,12:30
1255,938 Villa Street,French,,False,False,Mountain View,,650-964-7466,ultra high-end,4.50,Chez Tj,
1256,186 Castro Street,French,,True,False,Mountain View,,650-968-2300,moderate,4.20,La Fontaine,
1257,938 Villa Street,French,2019-03-01,False,False,Mountain View,4,650-964-7466,ultra high-end,4.50,Chez Tj,12:00
1258,21021 Geyserville Avenue,Italian,,True,False,Geyserville,,707-814-0111,moderate,4.60,Diavola Pizzeria & Salumeria,
1259,21021 Geyserville Avenue,Italian,2019-03-01,True,False,Geyserville,2,707-814-0111,moderate,4.60,Diavola Pizzeria & Salumeria,13:00
1260,542 A Mason Street,Seafood,2019-03-02,False,False,San Francisco,2,415-989-8218,pricey,4.30,Akiko's Sushi Bar,12:30
1261,156 Castro Street,Japanese,2019-03-04,False,True,Mountain View,1,650-386-6821,moderate,4.10,Bushido,11:00
1262,534 Irving Street,Thai,2019-03-01,False,True,San Francisco,2,415-379-4505,moderate,4.30,Baan Thai House & Wine Bar,11:30
1263,345 Healdsburg Avenue,American,,True,False,Healdsburg,,707-433-2337,moderate,4.40,Bear Republic Brewing Co,
1264,29 North Street,American,,True,False,Healdsburg,,707-473-8030,pricey,4.50,Chalkboard,
1265,131 North Street,American,,True,False,Healdsburg,,707-723-4646,ultra high-end,4.70,Singlethread Farm - Restaurant - Inn,
1266,109 Plaza Street,American,,False,False,Healdsburg,,707-473-8580,pricey,4.70,The Brass Rabbit,
1267,344 Center Street,American,,False,False,Healdsburg,,707-473-0946,ultra high-end,4.80,Valette,
1268,345 Healdsburg Avenue,American,2019-03-01,True,False,Healdsburg,2,707-433-2337,moderate,4.40,Bear Republic Brewing Co,18:30
1269,87 East San Fernando Street,Mexican,2019-03-01,True,False,San Jose,2,408-293-4321,moderate,4.00,Chacho's,11:00
1270,3284 El Camino Real,Tapas,2019-03-02,False,False,Santa Clara,1,408-249-9999,moderate,4.10,Dae Bak,18:30
1271,716 Magnolia Avenue,Seafood,,False,False,Millbrae,,650-697-4004,moderate,4.10,Little Whale Seafood,
1272,108 Park Place,Seafood,,False,False,Millbrae,,650-636-4105,cheap,4.40,One Piece Sushi,
1273,420 Broadway,Seafood,,False,True,Millbrae,,650-697-9988,moderate,4.00,Zen Sushi Bistro,
1274,716 Magnolia Avenue,Seafood,2019-03-01,False,False,Millbrae,2,650-697-4004,moderate,4.10,Little Whale Seafood,19:00
1275,601 Van Ness Avenue,Japanese,2019-03-12,False,True,San Francisco,2,415-292-9997,moderate,3.50,2g Japanese Brasserie,12:00
1276,331 West Hacienda Avenue,American,,True,False,Campbell,,408-374-3400,moderate,4.10,Effie's Restaurant & Bar,
1277,368 East Campbell Avenue,American,,True,False,Campbell,,408-364-1564,moderate,3.90,Flights Restaurant Campbell,
1278,1700 West Campbell Avenue,American,,True,True,Campbell,,408-628-0683,moderate,4.50,Forthright Oyster Bar & Kitchen,
1279,331 West Hacienda Avenue,American,2019-03-01,True,False,Campbell,2,408-374-3400,moderate,4.10,Effie's Restaurant & Bar,19:00
1280,316 North Santa Cruz Avenue,Mexican,,False,False,Los Gatos,,408-395-8578,moderate,4.00,Pedro's,
1281,81 West Main Street,Mexican,,False,False,Los Gatos,,408-884-8268,moderate,4.40,Zona Rosa Los Gatos,
1282,316 North Santa Cruz Avenue,Mexican,2019-03-01,False,False,Los Gatos,2,408-395-8578,moderate,4.00,Pedro's,18:30
1283,1441 Polk Street,Chinese,2019-03-01,False,True,San Francisco,2,415-775-3679,cheap,3.60,Bamboo Restaurant,11:00
1284,2377 Shattuck Avenue,Bistro,,True,True,Berkeley,,510-843-1525,moderate,4.40,La Note,
1285,2377 Shattuck Avenue,Bistro,2019-03-01,True,True,Berkeley,2,510-843-1525,moderate,4.40,La Note,13:00
1286,3782 Bohemian Highway,French,,False,False,Occidental,,707-874-2703,moderate,4.50,Bistro Des Copains,
1287,3782 Bohemian Highway,French,2019-03-01,False,False,Occidental,3,707-874-2703,moderate,4.50,Bistro Des Copains,11:00
1288,1560 Fillmore Street,Izakaya,,False,False,San Francisco,,415-441-9294,cheap,4.40,Izakaya Kou,
1289,1560 Fillmore Street,Izakaya,2019-03-12,False,False,San Francisco,1,415-441-9294,cheap,4.40,Izakaya Kou,13:00
1290,1316 El Camino Real,Thai,,False,True,Belmont,,650-591-9888,moderate,4.10,Thai Tamarind Restaurant,
1291,1316 El Camino Real,Thai,2019-03-01,False,True,Belmont,2,650-591-9888,moderate,4.10,Thai Tamarind Restaurant,13:00
1292,3268 Grand Avenue,Greek,,True,True,Oakland,,510-899-4400,moderate,4.30,Ikaros Greek Restaurant,
1293,3268 Grand Avenue,Greek,2019-03-01,True,True,Oakland,2,510-899-4400,moderate,4.30,Ikaros Greek Restaurant,18:00
1294,24 Sunnyside Avenue,Indian,,True,True,Mill Valley,,415-384-1717,moderate,4.40,Prabh Indian Kitchen,
1295,24 Sunnyside Avenue,Indian,2019-03-10,True,True,Mill Valley,4,415-384-1717,moderate,4.40,Prabh Indian Kitchen,13:00
1296,4869 Telegraph Avenue,Barbecue,,False,False,Oakland,,510-654-2000,moderate,4.50,Bowl'd Bbq,
1297,126 Broadway,Barbecue,,True,False,Oakland,,510-663-2350,moderate,4.10,Everett & Jones Barbeque,
1298,4869 Telegraph Avenue,Barbecue,2019-03-09,False,False,Oakland,3,510-654-2000,moderate,4.50,Bowl'd Bbq,18:00
1299,2327 Shattuck Avenue,Breakfast,,False,True,Berkeley,,510-540-5950,moderate,4.30,Venus Restaurant,
1300,2327 Shattuck Avenue,Breakfast,2019-03-01,False,True,Berkeley,2,510-540-5950,moderate,4.30,Venus Restaurant,17:00
1301,199 Seawall Drive,European,,True,True,Berkeley,,510-843-2733,moderate,4.10,Hs Lordships Restaurant,
1302,2057 San Pablo Avenue,European,,False,True,Berkeley,,510-649-9718,moderate,4.20,Luca Cucina Italiana,
1303,199 Seawall Drive,European,2019-03-09,True,True,Berkeley,3,510-843-2733,moderate,4.10,Hs Lordships Restaurant,18:00
1304,211 San Mateo Road,Seafood,,False,False,Half Moon Bay,,650-712-1125,moderate,4.30,Flying Fish Bar & Grill,
1305,459 Prospect Way,Seafood,,False,True,Half Moon Bay,,650-728-8108,moderate,4.40,Mezza Luna Restaurant,
1306,4210 Cabrillo Highway,Seafood,,True,False,Half Moon Bay,,650-712-0245,moderate,4.40,Sam's Chowder House,
1307,211 San Mateo Road,Seafood,2019-03-01,False,False,Half Moon Bay,2,650-712-1125,moderate,4.30,Flying Fish Bar & Grill,13:00
1308,194 Castro Street,Mexican,,False,True,Mountain View,,650-969-6767,moderate,4.00,Agave Mexican Bistro,
1309,459 Castro Street,Mexican,,True,False,Mountain View,,650-965-2944,moderate,4.30,Casa Lupe,
1310,2560 West El Camino Real,Mexican,,False,False,Mountain View,,650-941-2227,moderate,4.00,Chili's Grill & Bar,
1311,89 West El Camino Real,Mexican,,False,False,Mountain View,,650-625-8374,moderate,3.80,La Espuela,
1312,240 Villa Street,Mexican,,False,True,Mountain View,,650-968-1364,moderate,4.30,La Fiesta,
1313,660 North San Antonio Road # A,Mexican,,True,False,Mountain View,,650-917-8290,cheap,4.00,La Salsa,
1314,430 Moffett Boulevard,Mexican,,False,False,Mountain View,,650-968-0493,moderate,4.40,Los Portales,
1315,2082 West El Camino Real,Mexican,,False,False,Mountain View,,650-669-2435,cheap,4.60,Super Tacos El Conrro,
1316,2020 West El Camino Real,Mexican,,True,True,Mountain View,,650-938-2020,moderate,4.30,Vive Sol,
1317,194 Castro Street,Mexican,2019-03-14,False,True,Mountain View,2,650-969-6767,moderate,4.00,Agave Mexican Bistro,11:00
1318,475 East Strawberry Drive,American,,True,False,Mill Valley,,415-381-4400,moderate,4.20,Lighthouse Bar & Grill,
1319,600 Redwood Highway,American,,False,False,Mill Valley,,415-383-0184,cheap,3.40,Mcdonald's,
1320,810 Panoramic Highway,American,,True,False,Mill Valley,,415-381-9000,moderate,4.30,Mountain Home Inn,
1321,600 Redwood Highway,American,2019-03-11,False,False,Mill Valley,3,415-383-0184,cheap,3.40,Mcdonald's,13:30
1322,88 4th Street,American,,False,False,San Francisco,,415-908-7522,cheap,4.80,Educated Palate Restaurant,
1323,433 Powell Street,American,,False,False,San Francisco,,415-248-2475,cheap,3.80,Luques Restaurant & Bar,
1324,1100 Fillmore Street,American,,False,True,San Francisco,,415-923-1138,cheap,3.20,Mcdonald's,
1325,1096 South Van Ness Avenue,American,,False,False,San Francisco,,415-341-1080,cheap,4.60,Urban Putt,
1326,471 Haight Street,American,2019-03-06,False,True,San Francisco,3,415-793-9016,cheap,5.00,Chaparral,11:00
1327,2116 Shattuck Avenue,American,2019-03-13,True,True,Berkeley,4,510-647-9329,moderate,4.20,B&b Kitchen & Wine Bar,19:00
1328,808 Geary Street,Vietnamese,,False,False,San Francisco,,415-885-5180,moderate,4.40,Anh Hong,
1329,2327 Polk Street,Vietnamese,,False,True,San Francisco,,415-928-4977,moderate,4.10,Aux Delices,
1330,1653 Polk Street,Vietnamese,,False,True,San Francisco,,415-292-6161,moderate,4.30,Co Nam,
1331,655 Townsend Street,Vietnamese,,False,False,San Francisco,,415-724-2325,pricey,4.70,Khai,
1332,5830 Geary Boulevard,Vietnamese,,False,False,San Francisco,,415-668-8080,cheap,4.00,La Vie,
1333,1416 Powell Street,Vietnamese,,False,False,San Francisco,,415-397-2290,cheap,4.20,Lai Hong Lounge,
1334,3216 Mission Street,Vietnamese,,False,True,San Francisco,,415-282-9088,cheap,3.90,Lotus Garden Vietnamese Cuisine,
1335,4101 Judah Street,Vietnamese,,False,False,San Francisco,,415-665-1146,pricey,4.50,Thanh Long Restaurant,
1336,One Ferry Building #3,Vietnamese,,True,False,San Francisco,,415-861-8032,pricey,4.30,The Slanted Door,
1337,191 Pine Street,Vietnamese,,False,False,San Francisco,,415-982-9828,moderate,3.80,Unicorn Pan-asian Cuisine,
1338,808 Geary Street,Vietnamese,2019-03-01,False,False,San Francisco,2,415-885-5180,moderate,4.40,Anh Hong,19:30
1339,3119 Clement Street,Moroccan,2019-03-01,False,False,San Francisco,2,415-751-2312,moderate,4.50,El Mansour,11:30
1340,134 Castro Street,Asian,2019-03-01,False,True,Mountain View,2,650-964-8881,moderate,3.80,Hangen Szechuan,12:00
1341,15475 Los Gatos Boulevard,Sandwich,2019-03-01,False,True,Los Gatos,2,408-356-3095,cheap,3.90,Mcdonald's,11:30
1342,60 East 3rd Avenue,American,2019-03-01,False,False,San Mateo,3,650-579-5911,pricey,4.50,Porterhouse,19:00
1343,4 Embarcadero Center,Korean,,True,True,San Francisco,,415-839-4070,moderate,3.80,Stone Korean Kitchen,
1344,505 Beach Street,Korean,,True,False,San Francisco,,415-771-8449,moderate,4.50,Surisan,
1345,49 Stevenson Street,Korean,,True,False,San Francisco,,415-541-4949,pricey,4.30,Yank Sing,
1346,4 Embarcadero Center,Korean,2019-03-12,True,True,San Francisco,3,415-839-4070,moderate,3.80,Stone Korean Kitchen,13:30
1347,1062 Kiely Boulevard,Asian,2019-03-13,False,False,Santa Clara,2,408-985-8808,moderate,4.20,Korean Spring,11:00
1348,5000 Roberts Lake Road,American,,True,False,Rohnert Park,,707-585-2722,moderate,4.30,Bear Republic Brewing Co.,
1349,630 Park Court,American,,False,True,Rohnert Park,,707-585-7505,moderate,4.00,Daily Grill,
1350,630 Park Court,American,2019-03-01,False,True,Rohnert Park,1,707-585-7505,moderate,4.00,Daily Grill,12:00
1351,1825 Sutter Street #C,European,,False,False,Concord,,925-825-3277,moderate,4.60,D J's Bistro,
1352,1825 Sutter Street #C,European,2019-03-03,False,False,Concord,4,925-825-3277,moderate,4.60,D J's Bistro,19:30
1353,4239 Park Boulevard,Coffeehouse,2019-03-01,True,True,Oakland,2,510-866-2133,moderate,4.40,Paulista Brazilian Kitchen And Taproom,18:30
1354,55 River Oaks Place,American,,True,True,San Jose,,408-618-8072,moderate,4.10,Lalla Grill,
1355,2083 Camden Avenue,Italian,2019-03-01,False,False,San Jose,2,408-369-9820,moderate,4.40,Al Castello Ristorante,12:30
1356,2142 Chestnut Street,Chinese,,False,True,San Francisco,,415-474-6888,moderate,4.40,Dragon Well,
1357,660 Howard Street,Chinese,,False,True,San Francisco,,415-777-8568,moderate,4.10,Fang,
1358,649 Jackson Street,Chinese,,False,False,San Francisco,,415-986-2500,moderate,3.90,Great Eastern Restaurant,
1359,4401 Cabrillo Street,Chinese,,False,False,San Francisco,,415-876-6898,moderate,4.10,Hakka Restaurant,
1360,939 Clement Street,Chinese,,False,False,San Francisco,,415-221-9888,moderate,3.80,House Of Banquet,
1361,2626 San Bruno Avenue,Chinese,,False,False,San Francisco,,415-468-9333,moderate,3.50,Imperial Garden Seafood Restaurant,
1362,1801 Alemany Boulevard,Chinese,2019-03-06,False,False,San Francisco,2,415-333-8182,moderate,4.10,Beijing Restaurant,18:30
1363,1457 Lincoln Avenue,Gastropub,,True,False,Calistoga,,707-942-5938,moderate,4.20,Johnny's,
1364,1457 Lincoln Avenue,Gastropub,2019-03-09,True,False,Calistoga,1,707-942-5938,moderate,4.20,Johnny's,13:00
1365,2960 North Shoreline Boulevard,American,,True,False,Mountain View,,650-962-1014,moderate,4.00,Michaels At Shoreline,
1366,545 San Antonio Road Suite 31,American,,True,False,Mountain View,,650-917-9941,moderate,4.20,Paul Martin's America Mountain View,
1367,401 Castro Street #100,American,,True,True,Mountain View,,650-237-3132,pricey,4.10,Scratch,
1368,895 Villa Street,American,,True,False,Mountain View,,650-963-9568,moderate,4.20,Steins,
1369,2960 North Shoreline Boulevard,American,2019-03-01,True,False,Mountain View,2,650-962-1014,moderate,4.00,Michaels At Shoreline,17:30
1370,2355 Chestnut Street,Italian,2019-03-01,False,True,San Francisco,2,415-771-2216,moderate,4.30,A16,12:00
1371,1261 Folsom Street,Filipino,,False,False,San Francisco,,415-590-3251,cheap,4.60,Pampalasa,
1372,1261 Folsom Street,Filipino,2019-03-01,False,False,San Francisco,1,415-590-3251,cheap,4.60,Pampalasa,12:30
1373,1599 Sanchez Street,Chinese,2019-03-09,False,True,San Francisco,1,415-282-8999,cheap,4.30,Alice's,19:30
1374,5391 Prospect Road,Barbecue,,False,False,San Jose,,408-725-1686,moderate,4.00,Dickey's Barbecue Pit,
1375,2297 Stevens Creek Boulevard,Barbecue,,False,False,San Jose,,408-947-8600,moderate,4.30,Korean Palace,
1376,5391 Prospect Road,Barbecue,2019-03-04,False,False,San Jose,4,408-725-1686,moderate,4.00,Dickey's Barbecue Pit,12:00
1377,24 4th Street,Mexican,,True,True,Santa Rosa,,707-571-1082,moderate,3.90,Chevys Fresh Mex,
1378,24 4th Street,Mexican,2019-03-12,True,True,Santa Rosa,2,707-571-1082,moderate,3.90,Chevys Fresh Mex,11:00
1379,611 Gregory Lane,Italian,,False,True,Pleasant Hill,,925-933-9091,moderate,4.40,Zio Fraedo's,
1380,611 Gregory Lane,Italian,2019-03-04,False,True,Pleasant Hill,1,925-933-9091,moderate,4.40,Zio Fraedo's,12:00
1381,2915 El Camino Real,American,2019-03-10,False,False,Redwood City,2,650-365-7777,moderate,4.60,John Bentley's Restaurant,12:30
1382,173 Throckmorton Avenue,Gastropub,,False,True,Mill Valley,,415-888-8218,moderate,4.40,Mill Valley Beerworks,
1383,173 Throckmorton Avenue,Gastropub,2019-03-02,False,True,Mill Valley,2,415-888-8218,moderate,4.40,Mill Valley Beerworks,12:00
1384,1016 Santa Rosa Plaza,Vegetarian,2019-03-11,False,True,Santa Rosa,2,707-546-3267,cheap,3.80,Rubio's,13:30
1385,7760 Monterey Road,Chinese,,False,True,Gilroy,,408-842-8611,cheap,4.20,Great China Garden,
1386,769 1st Street,Chinese,,True,True,Gilroy,,408-842-2888,moderate,4.30,Pineapple Village,
1387,769 1st Street,Chinese,2019-03-06,True,True,Gilroy,3,408-842-2888,moderate,4.30,Pineapple Village,13:30
1388,190 Farmers Lane,Indian,2019-03-05,False,True,Santa Rosa,1,707-521-9608,moderate,4.40,Yeti Restaurant,11:30
1389,4776 Sonoma Highway,Italian,2019-03-12,False,False,Santa Rosa,2,707-539-0260,moderate,4.40,Basilico,11:30
1390,454 Ignacio Boulevard,Seafood,,True,True,Novato,,415-883-2304,moderate,4.20,Boca Pizzeria,
1391,454 Ignacio Boulevard,Seafood,2019-03-13,True,True,Novato,1,415-883-2304,moderate,4.20,Boca Pizzeria,12:00
1392,1001 Story Road,Asian,2019-03-03,False,False,San Jose,1,408-286-6668,moderate,3.80,Dynasty,13:30
1393,137 North Santa Cruz Avenue,Thai,,False,True,Los Gatos,,408-442-5977,moderate,4.30,Coup De Thai,
1394,337 North Santa Cruz Avenue,Thai,,False,True,Los Gatos,,408-354-2785,moderate,4.30,Thai Spice,
1395,137 North Santa Cruz Avenue,Thai,2019-03-06,False,True,Los Gatos,3,408-442-5977,moderate,4.30,Coup De Thai,13:30
1396,523 4th Street,American,2019-03-04,True,False,Santa Rosa,3,707-526-5787,moderate,4.40,Belly Left Coast Kitchen & Taproom,13:00
1397,80 Senter Road,Chinese,2019-03-02,False,True,San Jose,2,408-225-9101,moderate,4.10,China Station Restaurant,11:00
1398,714 Village Court,Mediterranean,,True,False,Santa Rosa,,707-568-7604,moderate,4.30,Monti's,
1399,835 2nd Street,Italian,,True,False,Santa Rosa,,707-542-5800,pricey,4.60,Ca'bianca,
1400,835 2nd Street,Italian,2019-03-14,True,False,Santa Rosa,2,707-542-5800,pricey,4.60,Ca'bianca,12:30
1401,528 7th Street,Asian,2019-03-07,False,True,Santa Rosa,2,650-235-9339,moderate,4.60,Best Of Burma,18:30
1402,4020 Technology Place,Italian,,True,True,Fremont,,510-651-2500,moderate,4.30,Campo Di Bocce Of Fremont,
1403,4020 Technology Place,Italian,2019-03-09,True,True,Fremont,2,510-651-2500,moderate,4.30,Campo Di Bocce Of Fremont,11:30
1404,611 5th Street,Chinese,,False,True,Santa Rosa,,707-526-5840,moderate,3.90,Gary Chu's,
1405,2700 Yulupa Avenue,Chinese,,False,True,Santa Rosa,,707-525-1957,moderate,4.30,Kirin,
1406,6576 Oakmont Drive,Chinese,,True,True,Santa Rosa,,707-521-9239,cheap,4.00,Mei-don Chinese Cuisine,
1407,2700 Yulupa Avenue,Chinese,2019-03-13,False,True,Santa Rosa,2,707-525-1957,moderate,4.30,Kirin,12:00
1408,71 Lafayette Circle,American,2019-03-08,True,False,Lafayette,2,925-385-0352,moderate,3.90,American Kitchen,13:30
1409,1011 Blossom Hill Road,Steakhouse,2019-03-08,False,True,San Jose,2,408-266-6602,moderate,4.10,Black Angus Steakhouse,13:00
1410,1202 West Steele Lane,Vietnamese,,False,True,Santa Rosa,,707-528-3747,moderate,4.40,Kettles Vietnamese Bistro,
1411,1202 West Steele Lane,Vietnamese,2019-03-03,False,True,Santa Rosa,2,707-528-3747,moderate,4.40,Kettles Vietnamese Bistro,11:30
1412,1150 Murphy Avenue d,Vietnamese,2019-03-09,True,False,San Jose,2,408-899-6921,moderate,4.20,Elevenfifty,13:00
1413,61 Main Street,Chinese,,False,True,St. Helena,,707-967-9888,moderate,4.10,Golden Harvest,
1414,61 Main Street,Chinese,2019-03-08,False,True,St. Helena,2,707-967-9888,moderate,4.10,Golden Harvest,12:30
1415,1359 Locust Street,Mexican,,False,False,Walnut Creek,,925-891-4023,moderate,3.80,Fuego Tequila Grill,
1416,1315 North Main Street,Mexican,,True,False,Walnut Creek,,925-934-8121,moderate,4.00,La Fogata Mexican Bar & Grill,
1417,1470 North Broadway,Mexican,,True,True,Walnut Creek,,925-946-1010,moderate,4.10,Maria Maria,
1418,1315 North Main Street,Mexican,2019-03-02,True,False,Walnut Creek,3,925-934-8121,moderate,4.00,La Fogata Mexican Bar & Grill,11:00
1419,820 Santa Cruz Avenue,Italian,,True,False,Menlo Park,,650-323-3665,moderate,4.10,Angelo Mio,
1420,651 Oak Grove Avenue Suite H,Italian,,False,False,Menlo Park,,650-326-1314,moderate,4.30,Piccolo Ristorante Italiano,
1421,1120 Crane Street,Italian,,False,True,Menlo Park,,650-322-1211,moderate,4.30,Ristorante Carpaccio,
1422,827 Santa Cruz Avenue,Italian,,False,True,Menlo Park,,650-325-7900,moderate,3.50,Ristorante Mataro,
1423,1077 El Camino Real,Italian,,True,False,Menlo Park,,650-326-9028,moderate,4.20,Trellis Restaurant,
1424,820 Santa Cruz Avenue,Italian,2019-03-08,True,False,Menlo Park,2,650-323-3665,moderate,4.10,Angelo Mio,11:00
1425,1512 North Main Street,Asian,,False,True,Walnut Creek,,925-932-5777,cheap,3.70,Bombay Indian Restaurant,
1426,1525 North Main Street,Asian,,True,True,Walnut Creek,,925-988-8008,moderate,3.90,Modern China Cafe,
1427,1512 North Main Street,Asian,2019-03-10,False,True,Walnut Creek,3,925-932-5777,cheap,3.70,Bombay Indian Restaurant,11:30
1428,5305 Almaden Expressway,Mexican,2019-03-06,False,False,San Jose,4,408-266-1815,moderate,3.90,Chevys Fresh Mex,12:00
1429,190 Nut Tree Parkway,American,,False,True,Vacaville,,707-359-2200,moderate,4.00,Bj's Restaurant & Brewhouse,
1430,349 Merchant Street,American,,True,True,Vacaville,,707-446-0368,moderate,4.30,Merchant & Main Grill & Bar,
1431,190 Nut Tree Parkway,American,2019-03-01,False,True,Vacaville,3,707-359-2200,moderate,4.00,Bj's Restaurant & Brewhouse,12:00
1432,751 East El Camino Real,Take-out,2019-03-12,False,False,Sunnyvale,3,408-245-3710,moderate,4.00,Marie Callender's,13:00
1433,17533 Santa Cruz Highway,Barbecue,,False,False,Los Gatos,,408-354-4020,moderate,4.30,The Cats,
1434,17533 Santa Cruz Highway,Barbecue,2019-03-12,False,False,Los Gatos,1,408-354-4020,moderate,4.30,The Cats,17:00
1435,1710 West Campbell Avenue,Seafood,,True,False,Campbell,,408-374-5777,moderate,4.00,Capers Eat & Drink,
1436,1875 South Bascom Avenue #550,Seafood,,True,True,Campbell,,408-879-9091,moderate,4.30,Pacific Catch,
1437,1875 South Bascom Avenue #550,Seafood,2019-03-08,True,True,Campbell,3,408-879-9091,moderate,4.30,Pacific Catch,11:00
1438,831 West Hamilton Avenue,Seafood,,False,False,Campbell,,408-374-8366,moderate,4.40,Sushi Zono,
1439,1710 West Campbell Avenue,Seafood,2019-03-12,True,False,Campbell,2,408-374-5777,moderate,4.00,Capers Eat & Drink,13:30
1440,1918 Oak Park Boulevard,Steakhouse,,False,False,Pleasant Hill,,925-705-7066,moderate,4.40,Kobe Japan Restaurant,
1441,999 Contra Costa Boulevard,Steakhouse,,False,False,Pleasant Hill,,925-687-8096,moderate,4.00,Tahoe Joe's,
1442,1918 Oak Park Boulevard,Steakhouse,2019-03-07,False,False,Pleasant Hill,2,925-705-7066,moderate,4.40,Kobe Japan Restaurant,13:00
1443,349 Enfrente Road,Mexican,,True,True,Novato,,415-883-6292,moderate,4.20,Maya Palenque Restaurant,
1444,349 Enfrente Road,Mexican,2019-03-03,True,True,Novato,2,415-883-6292,moderate,4.20,Maya Palenque Restaurant,11:30
1445,1915 Main Street,California,,True,True,St. Helena,,707-963-9004,pricey,4.60,Acacia House By Chris Cosentino,
1446,900 Meadowood Lane,California,,True,True,St. Helena,,707-967-1200,ultra high-end,4.70,The Grill At Meadowood,
1447,900 Meadowood Lane,California,2019-03-14,True,True,St. Helena,2,707-967-1200,ultra high-end,4.70,The Grill At Meadowood,19:00
1448,2700 Yulupa Avenue,Chinese,2019-03-08,False,True,Santa Rosa,2,707-525-1957,moderate,4.30,Kirin,12:00
1449,877 Grant Avenue,American,2019-03-04,True,False,Novato,1,415-899-1516,moderate,4.20,Finnegan's Marin Restaurant & Bar,12:00
1450,40900 Fremont Boulevard,American,2019-03-05,False,True,Fremont,3,510-623-8500,moderate,4.40,Mirchi Cafe,11:00
1451,911 Main Street,American,2019-03-10,False,False,Redwood City,2,650-995-7500,moderate,4.50,Aly's On Main,13:30
1452,95 Bliss Avenue,Mexican,2019-03-12,False,False,Pittsburg,3,925-252-0222,moderate,4.00,La Pinata,11:00
1453,1506 Leimert Boulevard,Thai,,False,True,Oakland,,510-500-3151,moderate,4.10,3 Seasons Thai Bistro,
1454,5231 College Avenue,Thai,,True,True,Oakland,,510-653-8587,cheap,4.10,Bangkok Garden,
1455,6118 Medau Place,Thai,,True,True,Oakland,,510-823-2354,moderate,4.50,Daughter Thai Kitchen,
1456,4301 Piedmont Avenue A,Thai,,False,True,Oakland,,510-817-4816,moderate,4.60,Infinite Thai Eatery,
1457,3236 Grand Avenue,Thai,,False,True,Oakland,,510-451-9419,moderate,4.20,Neecha Thai Cuisine,
1458,6217 MacArthur Boulevard,Thai,,False,True,Oakland,,510-430-8771,cheap,4.60,Old Weang Ping,
1459,4133 Piedmont Avenue,Thai,,False,True,Oakland,,510-658-8491,moderate,4.10,Orchids Thai,
1460,1009 Clay Street,Thai,,False,True,Oakland,,510-452-1499,moderate,4.40,Siam Bay | Authentic Thai Cuisine,
1461,1506 Leimert Boulevard,Thai,2019-03-06,False,True,Oakland,2,510-500-3151,moderate,4.10,3 Seasons Thai Bistro,13:30
1462,333 Enfrente Road,Sushi,,True,True,Novato,,415-382-9988,moderate,4.60,Sushi Tri,
1463,452 Ignacio Boulevard,Sushi,,True,True,Novato,,415-883-2423,moderate,4.40,Taki Japanese Restaurant,
1464,333 Enfrente Road,Sushi,2019-03-08,True,True,Novato,1,415-382-9988,moderate,4.60,Sushi Tri,11:00
1465,501 Main Street,Thai,,False,True,Martinez,,925-387-0388,moderate,4.60,Lemongrass Bistro,
1466,501 Main Street,Thai,2019-03-01,False,True,Martinez,2,925-387-0388,moderate,4.60,Lemongrass Bistro,11:30
1467,137 North Santa Cruz Avenue,Thai,2019-03-03,False,True,Los Gatos,2,408-442-5977,moderate,4.30,Coup De Thai,13:30
1468,40 North Santa Cruz Avenue,California,,True,True,Los Gatos,,408-354-1600,pricey,4.50,The Lexington House,
1469,40 North Santa Cruz Avenue,California,2019-03-08,True,True,Los Gatos,2,408-354-1600,pricey,4.50,The Lexington House,11:00
1470,185 Castro Street,Mediterranean,,True,True,Mountain View,,650-625-8155,moderate,4.20,Ephesus,
1471,185 Castro Street,Mediterranean,2019-03-08,True,True,Mountain View,2,650-625-8155,moderate,4.20,Ephesus,12:00
1472,5620 College Avenue,Chinese,,False,True,Oakland,,510-601-9888,cheap,4.30,Becky's,
1473,940 Webster Street,Chinese,,False,True,Oakland,,510-839-9697,moderate,3.60,Fortune Restaurant,
1474,701 Webster Street,Chinese,,False,False,Oakland,,510-832-7661,cheap,4.00,Gourmet Delight Restaurant,
1475,4112 MacArthur Boulevard,Chinese,,False,True,Oakland,,510-482-3988,moderate,4.20,Happy Garden,
1476,4258 Piedmont Avenue,Chinese,,False,True,Oakland,,510-658-9799,moderate,4.20,Little Shin Shin,
1477,3537 Fruitvale Avenue,Chinese,,False,False,Oakland,,510-530-3232,moderate,4.30,Ly-luck Restaurant,
1478,3300 Grand Avenue,Chinese,,False,False,Oakland,,510-823-2082,moderate,4.10,Qi Dumpling House,
1479,5620 College Avenue,Chinese,2019-03-13,False,True,Oakland,2,510-601-9888,cheap,4.30,Becky's,12:30
1480,2425 South Bascom Avenue Suite A,Cambodian,,False,True,Campbell,,408-371-7711,cheap,4.30,Chez Sovan Restaurant,
1481,2425 South Bascom Avenue Suite A,Cambodian,2019-03-08,False,True,Campbell,2,408-371-7711,cheap,4.30,Chez Sovan Restaurant,13:30
1482,310 Broadway,Peruvian,,False,False,Oakland,,510-451-4206,moderate,3.80,La Furia Chalaca,
1483,3858 Piedmont Avenue,Peruvian,,False,False,Oakland,,510-652-1439,moderate,4.50,Mistura,
1484,310 Broadway,Peruvian,2019-03-01,False,False,Oakland,2,510-451-4206,moderate,3.80,La Furia Chalaca,12:00
1485,205 State Street,Breakfast,,True,True,Los Altos,,650-559-1941,moderate,4.30,Rick's Cafe,
1486,420 South San Antonio Road,Breakfast,,False,False,Los Altos,,650-559-9197,moderate,4.00,The Original Pancake House,
1487,205 State Street,Breakfast,2019-03-04,True,True,Los Altos,1,650-559-1941,moderate,4.30,Rick's Cafe,13:30
1488,2033 Camden Avenue # F3,Chinese,2019-03-11,False,True,San Jose,2,408-377-8310,moderate,4.30,Chef Li,13:00
1489,1005 Brown Avenue,Italian,,True,True,Lafayette,,925-310-4337,moderate,4.60,Locanda Positano,
1490,3577 Mount Diablo Boulevard,Italian,,True,False,Lafayette,,925-299-0700,moderate,4.10,Patxi's Pizza Lafayette,
1491,3565 Mount Diablo Boulevard,Italian,,True,False,Lafayette,,925-299-8700,pricey,4.60,Postino,
1492,1005 Brown Avenue,Italian,2019-03-11,True,True,Lafayette,2,925-310-4337,moderate,4.60,Locanda Positano,11:00
1493,124 Plaza Drive,American,,False,True,Vallejo,,707-647-0595,moderate,3.90,Black Angus Steakhouse,
1494,2565 Springs Road,American,,False,False,Vallejo,,707-552-9798,cheap,3.50,Mcdonald's,
1495,124 Plaza Drive,American,2019-03-09,False,True,Vallejo,2,707-647-0595,moderate,3.90,Black Angus Steakhouse,11:00
1496,160 Nut Tree Parkway,Steakhouse,,False,False,Vacaville,,707-452-1167,moderate,3.70,Applebee's Grill + Bar,
1497,160 Nut Tree Parkway,Steakhouse,2019-03-09,False,False,Vacaville,1,707-452-1167,moderate,3.70,Applebee's Grill + Bar,13:00
1498,33 South Central Avenue,Italian,2019-03-11,True,False,Campbell,1,408-370-7705,moderate,4.50,A Bellagio Italian Restaurant,12:00
1499,911 Main Street,American,2019-03-03,False,False,Redwood City,1,650-995-7500,moderate,4.50,Aly's On Main,19:30
1500,373 Main Street,Japanese,,False,True,Redwood City,,650-369-4350,moderate,4.20,Sakura 2 Teppanyaki And Sushi,
1501,2050 Broadway,Japanese,,False,False,Redwood City,,650-298-9011,moderate,4.20,Yokohama,
1502,373 Main Street,Japanese,2019-03-01,False,True,Redwood City,2,650-369-4350,moderate,4.20,Sakura 2 Teppanyaki And Sushi,13:30
1503,2101 Camino Ramon #100,Asian,2019-03-01,False,True,San Ramon,2,925-355-9888,moderate,3.80,Pearl Garden Restaurant,13:00
1504,20855 Redwood Road,Japanese,2019-03-01,False,True,Castro Valley,2,510-537-3862,moderate,4.30,Genghix Asian Fusion,12:00
1505,1647 Solano Avenue,Sushi,2019-03-01,False,True,Berkeley,2,510-559-8229,moderate,4.20,Sushi 29,12:00
1506,20 Bryant Way,American,2019-03-03,False,False,Orinda,3,925-254-4630,moderate,4.40,Casa Orinda,11:30
1507,1405 West El Camino Real,Seafood,2019-03-01,False,False,Mountain View,2,650-964-3321,pricey,4.50,Le Petit Bistro,12:00
1508,2420 Shattuck Avenue,Italian,2019-03-09,False,True,Berkeley,2,510-647-9963,moderate,4.30,Gio's Pizza And Bocce,18:00
1509,337 North Santa Cruz Avenue,Thai,2019-03-10,False,True,Los Gatos,2,408-354-2785,moderate,4.30,Thai Spice,13:00
1510,2072 San Pablo Avenue,Indian,2019-03-08,False,True,Berkeley,4,510-644-3977,moderate,3.80,Priya Indian Cuisine,11:30
1511,1011 Soscol Ferry Road,Italian,2019-03-01,False,False,Napa,2,707-252-4533,moderate,3.90,Villa Romano,18:30
1512,301 South 1st Street,Italian,2019-03-01,False,False,San Jose,2,408-292-7030,pricey,4.20,San Jose Original Joe's,18:00
1513,2206 First Street,Japanese,2019-03-03,True,False,Livermore,4,925-245-9662,moderate,4.40,Roppongi Sushi,12:30
1514,219 Healdsburg Avenue,California,2019-03-01,False,False,Healdsburg,2,707-473-9078,moderate,4.50,Spoonbar,18:30
1515,2211 San Ramon Valley Boulevard H,Chinese,2019-03-04,False,True,San Ramon,2,925-838-9600,cheap,3.90,Three Brothers From China,19:00
1516,152 Shoreline Highway,Seafood,2019-03-01,True,True,Mill Valley,2,415-289-5777,moderate,4.20,Frantoio Ristorante,12:00
1517,2475 San Ramon Valley Boulevard,Japanese,2019-03-05,False,False,San Ramon,3,925-820-2883,moderate,4.40,Senro Sushi,11:00
1518,550 2nd Street,Vegetarian,2019-03-01,False,True,Oakland,1,510-832-9463,moderate,4.50,Encuentro,12:00
1519,1549 Shattuck Avenue,Laotian,2019-03-09,True,True,Berkeley,2,510-841-2002,moderate,4.00,Dara Thai/lao Cuisine,13:00
1520,523 4th Street,American,2019-03-01,True,False,Santa Rosa,2,707-526-5787,moderate,4.40,Belly Left Coast Kitchen & Taproom,13:30
1521,1335 4th Street,Mexican,2019-03-07,False,True,San Rafael,2,415-521-5691,moderate,4.10,Green Chile Kitchen,19:00
1522,1600 Atlas Peak Road,Steakhouse,2019-03-01,False,False,Napa,1,707-257-5400,pricey,5.00,Royal Oak Steak & Seafood,12:30
1523,2048 Nut Tree Road,Filipino,2019-03-01,False,False,Vacaville,2,707-455-7003,cheap,4.40,Roline's,12:30
1524,10443 San Pablo Avenue,Chinese,2019-03-01,False,True,El Cerrito,2,510-524-0888,cheap,4.20,Little Hong Kong,13:30
1525,1226 4th Street,American,2019-03-01,True,False,Santa Rosa,2,707-569-8222,moderate,4.60,Bruno's On Fourth,17:30
1526,2072 San Pablo Avenue,Indian,2019-03-01,False,True,Berkeley,2,510-644-3977,moderate,3.80,Priya Indian Cuisine,12:30
1527,109 North Street,Ramen,2019-03-08,True,True,Healdsburg,4,707-431-1995,moderate,4.70,The Taste Of Tea,13:30
1528,17900 San Ramon Valley Boulevard,Chinese,2019-03-01,False,True,San Ramon,2,925-415-3236,moderate,3.60,Inchin's Bamboo Garden,12:30
1529,2107 Broadway,Italian,2019-03-01,False,True,Redwood City,2,650-216-9713,moderate,3.70,The Old Spaghetti Factory,13:30
1530,3950 Middlefield Road,Salad,2019-03-01,False,True,Palo Alto,4,650-494-0645,moderate,4.10,Green Elephant Gourmet,11:30
1531,2280 El Camino Real,Mexican,2019-03-01,False,False,Santa Clara,2,408-247-0990,moderate,4.00,La Paloma,18:00
1532,39233 Fremont Boulevard,Asian,2019-03-01,True,True,Fremont,1,510-742-6221,moderate,3.70,Elephant Bar Restaurant,12:30
1533,4100 Dyer Street,Seafood,2019-03-01,False,True,Union City,1,510-487-1033,cheap,4.10,Hong Kong Restaurant,19:00
1534,8335 Brentwood Boulevard B,Mexican,2019-03-01,False,False,Brentwood,2,925-240-6105,moderate,4.20,Jalisco's Restaurant,11:30
1535,7300 Bancroft Avenue,American,2019-03-04,False,False,Oakland,3,510-562-0345,cheap,3.30,Mcdonald's,19:00
1536,17500 Depot Street #180,Mediterranean,2019-03-01,True,False,Morgan Hill,2,408-782-5151,pricey,4.40,Odeum,18:00
1537,2350 Midway Drive,Thai,2019-03-01,True,True,Santa Rosa,2,707-528-8333,moderate,4.50,Sea Thai Bistro,11:30
1538,5862 Doyle Street,California,2019-03-01,True,False,Emeryville,2,510-652-6151,moderate,4.50,Townhouse Bar & Grill,19:00
1539,162 North Main Street,Gastropub,2019-03-03,False,True,Sebastopol,2,707-861-3825,moderate,4.60,Gypsy Cafe,13:00
1540,337 Biscayne Drive,American,2019-03-01,True,False,San Rafael,2,415-454-6450,moderate,4.20,Rangecafe Bar And Grill,12:30
1541,601 Union Street,Steakhouse,2019-03-01,False,False,San Francisco,2,415-775-4877,moderate,4.50,Original Joe's,13:30
1542,109 Plaza Street,American,2019-03-01,False,False,Healdsburg,2,707-473-8580,pricey,4.70,The Brass Rabbit,17:00
1543,969 Gravenstein Highway South,Nepalese,2019-03-01,False,True,Sebastopol,2,707-824-1800,moderate,4.70,Himalayan Tandoori And Curry House,19:00
1544,2300 First Street #120,Barbecue,2019-03-01,True,False,Livermore,2,925-961-1300,moderate,4.40,Sauced Bbq & Spirits,18:00
1545,2565 Springs Road,American,2019-03-01,False,False,Vallejo,2,707-552-9798,cheap,3.50,Mcdonald's,18:00
1546,1875 South Bascom Avenue #405,Take-out,2019-03-01,False,True,Campbell,2,408-559-0700,moderate,4.10,Patxi's Pizza,13:30
1547,125 East Sir Francis Drake Boulevard,Fondue,2019-03-01,False,True,Larkspur,2,415-461-6358,pricey,4.50,The Melting Pot,13:30
1548,3149 Mission Street,Barbecue,2019-03-09,False,False,San Francisco,3,415-896-4250,moderate,4.20,Baby Blues Bbq,19:30
1549,1025 C Street,Fusion,2019-03-04,False,True,San Rafael,2,415-295-7990,moderate,4.50,Lavier Latin Fusion Restaurant,18:30
1550,190 Farmers Lane,Indian,2019-03-01,False,True,Santa Rosa,2,707-521-9608,moderate,4.40,Yeti Restaurant,18:30
1551,420 Ramona Street,American,2019-03-01,False,False,Palo Alto,2,650-656-8180,moderate,4.50,Bird Dog,11:30
1552,2050 Broadway,Japanese,2019-03-01,False,False,Redwood City,3,650-298-9011,moderate,4.20,Yokohama,11:00
1553,1450 Lombard Street,Steakhouse,2019-03-01,False,False,San Francisco,2,415-441-8880,pricey,4.20,Bobo's,13:00
1554,1702 East Cotati Avenue,Breakfast,,False,False,Rohnert Park,,707-792-0579,cheap,3.30,Mcdonald's,
1555,1800 Madison Street,Breakfast,2019-03-14,False,True,Oakland,2,510-903-3771,moderate,4.20,The Terrace Room Restaurant,19:00
1556,314 Spring Street,Italian,,False,False,Suisun City,,707-426-4887,pricey,4.50,Chianti Osteria,
1557,314 Spring Street,Italian,2019-03-07,False,False,Suisun City,1,707-426-4887,pricey,4.50,Chianti Osteria,13:00
1558,1335 Solano Avenue,Chinese,,False,True,Albany,,510-525-2285,moderate,4.40,China Village Restaurant,
1559,1477 Solano Avenue,Chinese,,False,True,Albany,,510-525-2330,moderate,4.20,Renee's Place,
1560,139 South B Street,Chinese,2019-03-03,False,True,San Mateo,3,650-513-1764,moderate,4.10,Inchin's Bamboo Garden,17:00
1561,2033 Camden Avenue # F3,Chinese,2019-03-01,False,True,San Jose,2,408-377-8310,moderate,4.30,Chef Li,17:00
1562,1007 Blossom Hill Road,Seafood,,True,True,San Jose,,408-269-3474,moderate,4.20,The Fish Market,
1563,1694 Tully Road,Seafood,2019-03-12,True,False,San Jose,4,408-238-2888,moderate,4.30,Big T's Seafood Market Bar,18:30
1564,1306 Saratoga Avenue,Japanese,2019-03-01,False,False,San Jose,1,408-249-6020,moderate,4.40,Dan Izakaya Restaurant,12:00
1565,38 East 4th Avenue,Mexican,,False,True,San Mateo,,650-581-7223,cheap,3.90,Rubio's,
1566,38 East 4th Avenue,Mexican,2019-03-01,False,True,San Mateo,2,650-581-7223,cheap,3.90,Rubio's,17:00
1567,16 Mint Plaza,Italian,2019-03-01,True,True,San Francisco,2,415-543-5100,moderate,4.40,54 Mint Ristorante Italiano,17:30
1568,3540 Blackhawk Plaza Circle,American,2019-03-03,True,True,Danville,2,925-736-4295,pricey,4.10,Blackhawk Grille,18:30
1569,2018 Lombard Street,Spanish,,False,False,San Francisco,,415-929-8888,moderate,4.40,Alegrias,
1570,44 Belden Place,Spanish,,True,False,San Francisco,,415-986-6287,moderate,4.10,B44 Catalan Bistro,
1571,399 Grove Street,Spanish,,False,True,San Francisco,,415-430-6590,pricey,4.10,Barcino,
1572,888 Brannan Street,Spanish,,False,False,San Francisco,,415-430-6580,pricey,4.50,Bellota,
1573,490 Geary Street,Spanish,,False,False,San Francisco,,415-345-2301,pricey,4.00,Bota Tapas & Paella Bar,
1574,2272 Market Street,Spanish,,False,True,San Francisco,,415-552-3000,moderate,4.50,Canela Bistro & Wine Bar,
1575,Pier 5 The Embarcadero,Spanish,,True,False,San Francisco,,415-704-8866,pricey,4.40,Coqueta,
1576,1015 Battery Street,Spanish,,False,False,San Francisco,,415-391-2555,pricey,4.40,Piperade,
1577,2018 Lombard Street,Spanish,2019-03-01,False,False,San Francisco,2,415-929-8888,moderate,4.40,Alegrias,19:00
1578,1306 Saratoga Avenue,Japanese,2019-03-01,False,False,San Jose,2,408-249-6020,moderate,4.40,Dan Izakaya Restaurant,11:30
1579,2953 Baker Street,Breakfast,,True,False,San Francisco,,415-931-1475,moderate,4.30,Baker Street Bistro,
1580,471 Jefferson Street,Breakfast,,True,True,San Francisco,,415-771-2222,moderate,4.00,Blue Mermaid,
1581,401 Taylor Street,Breakfast,,False,False,San Francisco,,415-775-7979,moderate,3.70,Jasper's Corner Tap And Kitchen,
1582,1801 Clement Street,Breakfast,,False,True,San Francisco,,415-702-6219,moderate,4.70,Lokma,
1583,5454 Mission Street,Breakfast,,False,False,San Francisco,,415-333-1011,cheap,3.50,Mcdonald's,
1584,4001 Judah Street,Breakfast,,True,True,San Francisco,,415-661-6140,moderate,4.40,Outerlands,
1585,432 Powell Street,Breakfast,,False,False,San Francisco,,415-395-8549,pricey,4.20,Scala's Bistro,
1586,360 Jessie Street,Breakfast,,False,False,San Francisco,,415-321-6000,pricey,4.40,The Cavalier,
1587,1100 Market Street,Breakfast,,False,False,San Francisco,,628-895-2040,pricey,4.30,Villon,
1588,125 3rd Street,Breakfast,,False,True,San Francisco,,415-284-4049,pricey,4.60,Vitrine,
1589,2953 Baker Street,Breakfast,2019-03-04,True,False,San Francisco,2,415-931-1475,moderate,4.30,Baker Street Bistro,18:00
1590,5231 College Avenue,Thai,2019-03-01,True,True,Oakland,2,510-653-8587,cheap,4.10,Bangkok Garden,12:00
1591,2327 Mission Street,Caribbean,,False,False,San Francisco,,415-824-1502,moderate,4.20,Cha Cha Cha,
1592,1123 Folsom Street,Caribbean,,False,False,San Francisco,,415-525-3676,moderate,3.80,El Capitan,
1593,2032 Union Street,Caribbean,,True,False,San Francisco,,415-400-4355,moderate,4.30,Palm House,
1594,2327 Mission Street,Caribbean,2019-03-02,False,False,San Francisco,3,415-824-1502,moderate,4.20,Cha Cha Cha,17:30
1595,10151 Cabrillo Highway North,Japanese,,False,False,Half Moon Bay,,650-713-5140,moderate,4.10,Monster Chef,
1596,20 Stone Pine Road,Japanese,,False,True,Half Moon Bay,,650-712-8886,moderate,4.40,Shiki Japanese Cuisine,
1597,400 Main Street,Japanese,,False,False,Half Moon Bay,,650-726-6336,moderate,4.40,Sushi Main Street,
1598,10151 Cabrillo Highway North,Japanese,2019-03-01,False,False,Half Moon Bay,2,650-713-5140,moderate,4.10,Monster Chef,18:30
1599,2018 Lombard Street,Spanish,2019-03-13,False,False,San Francisco,2,415-929-8888,moderate,4.40,Alegrias,13:30
1600,8150 Cabrillo Highway,Seafood,,True,False,Montara,,650-728-1600,pricey,4.50,La Costanera,
1601,8150 Cabrillo Highway,Seafood,2019-03-07,True,False,Montara,4,650-728-1600,pricey,4.50,La Costanera,17:30
1602,1599 Sanchez Street,Chinese,2019-03-01,False,True,San Francisco,2,415-282-8999,cheap,4.30,Alice's,12:00
1603,914 Main Street,Coffeehouse,2019-03-01,False,False,Antioch,2,925-754-6114,cheap,3.50,Mcdonald's,17:30
1604,20855 Redwood Road,Japanese,,False,True,Castro Valley,,510-537-3862,moderate,4.30,Genghix Asian Fusion,
1605,20649 Rustic Drive,Japanese,,False,False,Castro Valley,,510-886-8528,moderate,4.20,Isushi,
1606,2652 Castro Valley Boulevard,Japanese,,False,True,Castro Valley,,510-690-9500,moderate,4.30,Koyomisushi,
1607,20855 Redwood Road,Japanese,2019-03-01,False,True,Castro Valley,2,510-537-3862,moderate,4.30,Genghix Asian Fusion,12:30
1608,1760 Polk Street,American,2019-03-01,False,False,San Francisco,2,415-359-1212,pricey,4.40,1760,18:00
1609,250 Entrada Drive,American,2019-03-01,True,False,Novato,2,415-883-9477,moderate,4.00,Rickey's Restaurant,19:30
1610,4627 Pacific Coast Highway,Mexican,,False,False,Pacifica,,650-355-7873,moderate,3.80,The Surf Spot,
1611,7484 Monterey Road,Mexican,,False,False,Gilroy,,408-847-8812,moderate,4.20,Carnitas Michoacan,
1612,850 Renz Lane,Mexican,,False,False,Gilroy,,408-842-4000,moderate,3.90,Chili's Grill & Bar,
1613,757 1st Street,Mexican,,True,False,Gilroy,,408-848-1052,moderate,4.40,Victoria's Mexican Restaurant,
1614,7484 Monterey Road,Mexican,2019-03-01,False,False,Gilroy,2,408-847-8812,moderate,4.20,Carnitas Michoacan,17:00
1615,244 Jackson Street,Steakhouse,2019-03-01,False,True,San Francisco,1,415-989-2539,pricey,4.30,5a5 Steak Lounge,12:00
1616,1760 Polk Street,American,2019-03-01,False,False,San Francisco,2,415-359-1212,pricey,4.40,1760,12:00
1617,330 North Santa Cruz Avenue,Steakhouse,,True,False,Los Gatos,,408-354-8858,moderate,3.60,Chicago Steak & Fish,
1618,210 East Main Street,Steakhouse,,True,True,Los Gatos,,408-354-7701,pricey,4.50,Dio Deka Fine Hellenic Cuisine,
1619,330 North Santa Cruz Avenue,Steakhouse,2019-03-06,True,False,Los Gatos,1,408-354-8858,moderate,3.60,Chicago Steak & Fish,19:00
1620,1449 Lombard Street,Korean,2019-03-14,False,True,San Francisco,2,415-292-2368,moderate,3.60,Aato,12:00
1621,4632 Meridian Avenue,Asian,,False,False,San Jose,,408-723-2598,moderate,3.80,Sushi Factory,
1622,150 South 1st Street # 107/109,Asian,,False,True,San Jose,,408-292-7222,moderate,3.20,Tandoori Oven,
1623,1001 Story Road,Asian,2019-03-03,False,False,San Jose,4,408-286-6668,moderate,3.80,Dynasty,11:30
1624,44 Webster Street,Mediterranean,,True,True,Oakland,,510-250-9491,moderate,4.40,Dyafa,
1625,1437 Franklin Street,Mediterranean,,False,True,Oakland,,510-836-4444,cheap,4.30,Marhaba Indian & Pakistani Halal Cuisine,
1626,3407 Lakeshore Avenue,Mediterranean,,True,True,Oakland,,510-251-0329,moderate,4.50,Shakewell,
1627,542 Grand Avenue,Mediterranean,,False,False,Oakland,,510-452-9500,moderate,4.40,Sidebar,
1628,44 Webster Street,Mediterranean,2019-03-01,True,True,Oakland,2,510-250-9491,moderate,4.40,Dyafa,11:00
1629,2380 Cabrillo Highway South,Italian,,False,False,Half Moon Bay,,650-560-9260,moderate,3.90,Half Moon Bay Joe's,
1630,315 Main Street C,Italian,,False,True,Half Moon Bay,,650-726-5125,moderate,4.40,Pasta Moon,
1631,2810 Cabrillo Highway North,Italian,,False,False,Half Moon Bay,,650-560-8858,moderate,4.20,Via Uno Cucina Italiana & Bar,
1632,2380 Cabrillo Highway South,Italian,2019-03-01,False,False,Half Moon Bay,2,650-560-9260,moderate,3.90,Half Moon Bay Joe's,12:00
1633,398 Hayes Street,Brunch,2019-03-06,True,True,San Francisco,2,415-551-1590,pricey,4.30,Absinthe Brasserie & Bar,11:30
1634,200 Merrydale Road,Italian,,False,True,San Rafael,,415-472-7100,moderate,4.50,Gaspare's Pizzeria Ristorante,
1635,901 A Street,Italian,,True,True,San Rafael,,415-485-0469,moderate,4.60,Il Davide,
1636,3751 Redwood Highway,Italian,,True,False,San Rafael,,415-492-9100,moderate,4.40,Ristorante La Toscana,
1637,5800 Northgate Drive #138,Italian,,True,False,San Rafael,,415-479-3200,moderate,3.50,Tomatina,
1638,200 Merrydale Road,Italian,2019-03-04,False,True,San Rafael,2,415-472-7100,moderate,4.50,Gaspare's Pizzeria Ristorante,13:00
1639,3324 Steiner Street,California,,False,False,San Francisco,,415-567-9588,pricey,4.30,Isa Restaurant,
1640,648 Bush Street,California,,False,True,San Francisco,,415-989-7154,pricey,4.60,Masa's Restaurant,
1641,199 Gough Street,California,,False,False,San Francisco,,415-355-9085,pricey,4.70,Rich Table,
1642,2 New Montgomery Street,California,,False,False,San Francisco,,415-546-5089,pricey,4.20,The Garden Court,
1643,780 Mission Street,California,,False,False,San Francisco,,415-442-6003,pricey,4.40,The View Lounge,
1644,3000 20th Street,California,2019-03-01,False,False,San Francisco,2,415-826-7004,pricey,4.50,Central Kitchen,18:30
1645,536 9th Street,Japanese,,False,False,Oakland,,510-823-2050,pricey,4.60,Delage,
1646,4345 Telegraph Avenue,Japanese,,False,True,Oakland,,510-658-7273,moderate,4.30,Kansai,
1647,5849 San Pablo Avenue,Japanese,,False,True,Oakland,,510-922-8619,moderate,4.30,Noodle Theory Provisions,
1648,3400 Fruitvale Avenue,Japanese,,True,True,Oakland,,510-530-8564,moderate,4.00,Ramen And Sushi (nama Japanese Cuisine),
1649,1825-3 San Pablo Avenue,Japanese,,False,True,Oakland,,510-271-1888,moderate,4.60,Shinmai,
1650,5415 College Avenue,Japanese,,False,False,Oakland,,510-654-7753,cheap,4.20,Uzen,
1651,2317 South El Camino Real,Seafood,2019-03-07,False,False,San Mateo,2,650-581-1305,moderate,4.20,Andes Cafe San Mateo,11:30
1652,2621 Somersville Road,Chinese,,False,True,Antioch,,925-753-1763,moderate,4.50,Double Dragon,
1653,3436 Deer Valley Road,Chinese,,False,False,Antioch,,925-777-0888,cheap,4.20,Rice Bowl,
1654,5867 Lone Tree Way,Chinese,,False,True,Antioch,,925-777-1883,moderate,4.20,Tao San Jin,
1655,2621 Somersville Road,Chinese,2019-03-06,False,True,Antioch,3,925-753-1763,moderate,4.50,Double Dragon,17:00
1656,200 Sycamore Valley Rd W,Steakhouse,,False,False,Danville,,925-552-0505,pricey,4.50,Forbes Mill Steakhouse,
1657,7377 Saint Helena Highway,American,,True,False,Napa,,866-531-2580,pricey,4.40,Brix Restaurant And Gardens,
1658,1030 Main Street,American,,False,False,Napa,,707-260-1600,moderate,4.30,City Winery Napa,
1659,902 Main Street,American,,True,False,Napa,,707-258-2337,moderate,4.20,Downtown Joe's,
1660,155 Gasser Drive B,American,,True,True,Napa,,707-927-3394,moderate,4.20,Forge Napa,
1661,7399 Saint Helena Highway,American,,False,False,Napa,,707-944-2424,pricey,4.60,Mustards Grill,
1662,540 Main Street Ste 100,American,,True,True,Napa,,707-259-0762,moderate,4.40,Napa General Store,
1663,975 Clinton Street,American,,False,True,Napa,,707-666-2383,moderate,4.50,Napa Valley Bistro,
1664,1600 Atlas Peak Road,American,,True,False,Napa,,707-257-5400,pricey,4.00,The Grill,
1665,2044 Airport Road,American,,False,False,Napa,,707-258-6115,moderate,4.20,The Runway By Patrick,
1666,813 Main Street,American,,False,False,Napa,,707-226-7821,pricey,4.30,The Thomas,
1667,7377 Saint Helena Highway,American,2019-03-01,True,False,Napa,2,866-531-2580,pricey,4.40,Brix Restaurant And Gardens,12:00
1668,205 Franklin Street,Gastropub,,False,False,San Francisco,,415-287-6599,moderate,4.20,B-side,
1669,3199 Fillmore Street,Gastropub,,True,False,San Francisco,,415-921-3944,moderate,4.30,Balboa Cafe,
1670,242 O'Farrell Street,Gastropub,,False,False,San Francisco,,415-433-4332,moderate,4.10,Bartlett Hall,
1671,1 Mission Street,Gastropub,,False,False,San Francisco,,415-543-6084,ultra high-end,4.50,Boulevard,
1672,133 2nd Street,Gastropub,,False,False,San Francisco,,415-722-9109,moderate,4.10,Eddie Rickenbacker's,
1673,2491 Mission Street,Gastropub,,True,True,San Francisco,,415-525-4335,moderate,4.30,Myriad Gastropub,
1674,3324 24th Street,Gastropub,,False,False,San Francisco,,415-375-1477,moderate,4.40,Paprika,
1675,301 Sacramento Street,Gastropub,,False,False,San Francisco,,415-956-1710,moderate,4.20,Royal Exchange,
1676,56 Belden Place,Gastropub,,True,True,San Francisco,,415-397-8800,moderate,4.20,Sauce: Belden Place,
1677,1 Letterman Drive,Gastropub,,True,False,San Francisco,,415-655-9413,pricey,4.30,Sessions At The Presidio,
1678,205 Franklin Street,Gastropub,2019-03-03,False,False,San Francisco,1,415-287-6599,moderate,4.20,B-side,13:00
1679,265 Grand Avenue,Thai,,False,True,South San Francisco,,650-952-5279,moderate,4.10,Thai Satay Restaurant & Bar,
1680,146 Hazelwood Drive,Thai,,False,True,South San Francisco,,650-873-8341,moderate,4.10,White Elephant Restaurant,
1681,265 Grand Avenue,Thai,2019-03-01,False,True,South San Francisco,2,650-952-5279,moderate,4.10,Thai Satay Restaurant & Bar,18:00
1682,941 Carleton Street,Spanish,,False,False,Berkeley,,510-845-6904,moderate,4.40,Juan's Place,
1683,941 Carleton Street,Spanish,2019-03-13,False,False,Berkeley,2,510-845-6904,moderate,4.40,Juan's Place,18:00
1684,2400 Polk Street,Austrian,,False,False,San Francisco,,415-474-2000,moderate,4.60,Leopold's,
1685,2400 Polk Street,Austrian,2019-03-01,False,False,San Francisco,3,415-474-2000,moderate,4.60,Leopold's,19:30
1686,43330 Pacific Commons Boulevard,Steakhouse,,False,False,Fremont,,510-445-1850,moderate,4.00,Claim Jumper Restaurants,
1687,45915 Warm Springs Boulevard,Steakhouse,,False,False,Fremont,,510-656-9141,moderate,4.30,Spin A Yarn,
1688,3113 Stevenson Boulevard,Chinese,2019-03-12,False,True,Fremont,2,510-770-8818,moderate,4.10,B K's Bistro,17:30
1689,754 The Alameda #10,Japanese,2019-03-13,False,False,San Jose,4,408-931-6875,moderate,4.30,Bluefin,12:00
1690,645 4th Street A,Seafood,,False,True,Santa Rosa,,707-569-8588,moderate,4.20,Jojo Restaurant & Sushi Bar,
1691,458 B Street,Seafood,,False,False,Santa Rosa,,707-708-8808,moderate,3.90,Mariscos El Patron,
1692,521 Adams Street,Seafood,,False,False,Santa Rosa,,707-546-5100,pricey,4.50,Stark's Steak & Seafood,
1693,645 4th Street A,Seafood,2019-03-01,False,True,Santa Rosa,2,707-569-8588,moderate,4.20,Jojo Restaurant & Sushi Bar,18:00
1694,3810 Mowry Avenue,Seafood,,False,False,Fremont,,510-797-3474,moderate,4.40,Aniki's Sushi,
1695,4949 Stevenson Boulevard,Seafood,,False,False,Fremont,,510-573-2264,moderate,4.00,Cut The Crab,
1696,43406 Christy Street,Seafood,,True,False,Fremont,,510-791-8675,moderate,4.20,Market Broiler Fremont,
1697,4906 Paseo Padre Parkway,Seafood,,False,False,Fremont,,510-745-8866,moderate,4.10,Yum's Bistro,
1698,3810 Mowry Avenue,Seafood,2019-03-01,False,False,Fremont,2,510-797-3474,moderate,4.40,Aniki's Sushi,13:00
1699,243 O'Farrell Street,Irish,,False,False,San Francisco,,415-954-0777,moderate,4.30,Johnny Foley's Irish House,
1700,1940 Taraval,Irish,,False,False,San Francisco,,415-731-8900,moderate,4.40,Parkside Tavern,
1701,1101 Burlingame Avenue,Peruvian,,True,False,Burlingame,,650-727-0050,moderate,4.40,Limon Rotisserie Burlingame,
1702,57 North Milpitas Boulevard,Coffeehouse,,False,True,Milpitas,,408-719-8200,moderate,3.90,Honey Thai Restaurant,
1703,4390 Telegraph Avenue A,Korean,,False,False,Oakland,,510-250-9988,moderate,3.90,Azit,
1704,2600 Telegraph Avenue,Korean,,False,False,Oakland,,510-834-5757,moderate,4.40,Gogi Time,
1705,372 Grand Avenue,Korean,,False,False,Oakland,,510-444-7658,moderate,4.30,Jong Ga House,
1706,2180 Third Street,Japanese,,False,True,Livermore,,925-606-7222,moderate,4.30,Kawa Sushi,
1707,2180 West Bayshore Road #120,Chinese,,False,False,Palo Alto,,650-485-2221,moderate,4.20,Chef Zhao Kitchen,
1708,443 Emerson Street,Chinese,,False,True,Palo Alto,,650-328-6885,moderate,3.90,Jing-jing Szechwan & Hunan Gourmet,
1709,151 California Avenue,Chinese,,False,True,Palo Alto,,650-321-9388,moderate,3.70,Peking Duck Restaurant,
1710,4256 El Camino Real,Chinese,,False,True,Palo Alto,,650-493-3836,moderate,4.00,Su Hong,
1711,180 El Camino Real #700,Chinese,,True,True,Palo Alto,,650-322-1188,moderate,3.80,Yucca De Lac,
1712,1 Vivian Street,Mexican,,False,False,San Rafael,,415-456-8190,moderate,4.20,Celia's Mexican Restaurant,
1713,1335 4th Street,Mexican,,False,True,San Rafael,,415-521-5691,moderate,4.10,Green Chile Kitchen,
1714,3060 Kerner Boulevard,Mexican,,True,False,San Rafael,,415-456-4070,cheap,4.50,Los Palillos Restaurant,
1715,1355 Broadway,Korean,,False,False,Burlingame,,650-347-3717,moderate,4.20,Sesame,
1716,3912 MacArthur Boulevard,Cambodian,,False,True,Oakland,,510-482-8989,moderate,4.70,Phnom Penh Restaurant,
1717,1655 Post Street,Korean,,False,True,San Francisco,,415-563-7664,moderate,3.50,Seoul Garden,
1718,509 Haight Street,Korean,,False,True,San Francisco,,415-834-5025,moderate,4.40,Stone Bowl Plus,
1719,2340 Geary Boulevard,Korean,,False,True,San Francisco,,415-447-0655,cheap,4.20,Zazang Korean Noodles,
1720,1050 Admiral Court A,Breakfast,,False,True,San Bruno,,650-589-2222,moderate,4.30,Jack's Restaurant And Bar - San Bruno,
1721,1130 Market Street,Bistro,,False,False,San Francisco,,415-276-4048,cheap,4.00,Bistro 10un,
1722,160 Jefferson Street,Bistro,,False,False,San Francisco,,415-351-5561,moderate,4.30,Bistro Boudin,
1723,1849 Union Street,Bistro,,False,True,San Francisco,,415-218-4136,moderate,3.00,Bistro Unique,
1724,320 Mason Street,Bistro,,False,False,San Francisco,,415-544-0144,moderate,3.90,Cafe Mason,
1725,2346 Chestnut Street,Bistro,,True,True,San Francisco,,415-447-6081,moderate,4.40,Causwells,
1726,438 Geary Street,Bistro,,False,False,San Francisco,,415-440-2737,moderate,4.20,Colibri,
1727,795 Valencia Street,Bistro,,True,False,San Francisco,,415-926-5477,moderate,4.30,Etcetera Wine Bar And Cafe,
1728,185 Sutter Street,Bistro,,False,False,San Francisco,,415-576-8800,pricey,4.10,Gaspar Brasserie,
1729,451 Gough Street,Bistro,,False,False,San Francisco,,415-403-2233,pricey,4.40,Monsieur Benjamin,
1730,626 Clement Street,Bistro,,False,False,San Francisco,,415-876-6313,moderate,4.40,Sakesan Sushi & Bistro,
1731,16250 East 14th Street,Seafood,,False,True,San Leandro,,510-276-3999,moderate,4.30,Angry Fish,
1732,699 Lewelling Boulevard # 142 # 142,Seafood,,False,False,San Leandro,,510-483-4835,moderate,4.50,Minami Sushi,
1733,11180 California 1,Seafood,,True,True,Point Reyes Station,,415-663-1515,moderate,4.30,Station House Cafe,
1734,2241 First Street,Spanish,,True,False,Livermore,,925-215-2656,moderate,4.00,Pura Vida - Cocina Latina & Sangria Bar,
1735,4300 Great America Parkway #156,Japanese,,False,False,Santa Clara,,408-988-2555,moderate,4.20,Amakai Japanese Cuisine,
1736,2783 El Camino Real,Japanese,,False,False,Santa Clara,,408-244-8500,moderate,4.10,Fugetsu,
1737,1271 Franklin Mall,Japanese,,False,True,Santa Clara,,408-248-8500,moderate,4.20,Hatcho Japanese Cuisine,
1738,2640 Homestead Road,Japanese,,False,True,Santa Clara,,408-246-9333,moderate,4.20,Taichi Pot Shabu Shabu,
1739,1827 Pruneridge Avenue,Japanese,,False,False,Santa Clara,,408-248-9144,moderate,4.30,Yuki Sushi,
1740,2212 North Texas Street,Salad,,False,True,Fairfield,,707-421-2867,cheap,3.50,Mcdonald's,
1741,17385 Monterey Road,Italian,,True,True,Morgan Hill,,408-779-7422,moderate,4.40,Betto's Bistro,
1742,25 East 1st Street,Italian,,True,True,Morgan Hill,,408-782-7550,moderate,4.70,Maurizio's,
1743,25 West Main Avenue,Italian,,True,True,Morgan Hill,,408-778-0399,moderate,4.40,Sicilia In Bocca,
1744,1888 Solano Avenue,Indian,,False,True,Berkeley,,510-526-4373,moderate,4.20,Ajanta,
1745,1543 Shattuck Avenue,Indian,,False,True,Berkeley,,510-848-9664,moderate,4.50,Jot Mahal Palace Of Indian Cuisine,
1746,1889 Solano Avenue,Indian,,False,True,Berkeley,,510-528-2519,moderate,3.80,Khana Peena,
1747,2323 Shattuck Avenue,Indian,,False,True,Berkeley,,510-898-1291,moderate,3.90,Namaste Madras Cuisine,
1748,2072 San Pablo Avenue,Indian,,False,True,Berkeley,,510-644-3977,moderate,3.80,Priya Indian Cuisine,
1749,9900 Sonoma Highway,Seafood,,True,False,Kenwood,,707-833-6326,pricey,4.60,Salt And Stone Restaurant,
1750,1512 Locust Street,Vietnamese,,False,True,Walnut Creek,,925-891-4790,moderate,4.40,Vanessa's Bistro 2 Vietnamese Restaurant,
1751,115 De Anza Boulevard,Kaiseki,,False,False,San Mateo,,650-286-0410,ultra high-end,4.70,Wakuriya,
1752,3950 Middlefield Road,Salad,,False,True,Palo Alto,,650-494-0645,moderate,4.10,Green Elephant Gourmet,
1753,960 Moraga Road #1,Indian,,False,True,Lafayette,,925-962-9575,moderate,4.30,Swad Indian Cuisine,
1754,1235 East Calaveras Boulevard,Seafood,,False,False,Milpitas,,408-262-9288,moderate,4.00,Fortunes Restaurant Milpitas,
1755,1678 North Milpitas Boulevard,Seafood,,False,False,Milpitas,,408-263-3888,moderate,3.80,Golden Sun Palace,
1756,222 Great Mall Drive,Seafood,,False,True,Milpitas,,408-935-6999,moderate,3.50,Mayflower Restaurant,
1757,206 Barber Court,Seafood,,False,False,Milpitas,,408-955-9666,moderate,3.70,Won Kee Bbq Restaurant,
1758,5657 Snell Avenue,Seafood,,False,True,San Jose,,408-972-5978,moderate,4.40,Sushi Okawa Japanese Restaurant,
1759,1140 Lincoln Avenue,Seafood,,False,True,San Jose,,408-287-9854,moderate,4.40,Yuki Sushi,
1760,3236 South White Road,Seafood,,False,True,San Jose,,408-270-7993,moderate,4.30,Yuri Japanese Restaurant,
1761,1674 Shattuck Avenue,Asian,,False,True,Berkeley,,510-883-1883,moderate,4.10,Da Lian Restaurant,
1762,2190 Bancroft Way,Asian,,False,True,Berkeley,,510-843-7996,moderate,4.40,Great China Restaurant,
1763,1645 Solano Avenue,Asian,,False,True,Berkeley,,510-526-4915,moderate,4.40,Himalayan Tandoori And Curry House,
1764,2449 Sacramento Street,Asian,,False,True,Berkeley,,510-841-6118,cheap,4.30,Mehak Indian Cuisine,
1765,2598 Telegraph Avenue,Asian,,False,True,Berkeley,,510-843-3951,moderate,4.30,Mount Everest Restaurant,
1766,2914 College Avenue,Asian,,False,True,Berkeley,,510-883-1688,moderate,4.30,Shen Hua,
1767,1700 Shattuck Avenue,Asian,,False,True,Berkeley,,510-849-4983,moderate,4.40,Taste Of The Himalayas,
1768,1715 Solano Avenue,Asian,,True,True,Berkeley,,510-525-8300,moderate,4.40,Vanessa's Bistro,
1769,3700 Bohemian Highway,Italian,,False,False,Occidental,,707-874-0301,moderate,4.50,Negri's Original Occidental,
1770,2206 First Street,Japanese,,True,False,Livermore,,925-245-9662,moderate,4.40,Roppongi Sushi,
1771,120 Marina Drive,Steakhouse,,True,True,Rio Vista,,707-374-5400,moderate,4.20,The Point Restaurant,
1772,1015 Gravenstein Highway South,Mexican,,True,True,Sebastopol,,707-829-7010,moderate,4.20,El Coronel Mexican Restaurant,
1773,4100 Montgomery Drive C,Japanese,,False,False,Santa Rosa,,707-539-9188,moderate,3.70,Hikuni,
1774,2446 Patio Court,Japanese,,False,False,Santa Rosa,,707-542-8282,moderate,4.50,Osake,
1775,3082 Marlow Road,Japanese,,False,True,Santa Rosa,,707-527-8871,moderate,4.60,Toyo Restaurant,
1776,2700 Yulupa Avenue #23,Japanese,,False,True,Santa Rosa,,707-578-8180,moderate,4.70,Yao-kiku,
1777,379 Gellert Boulevard,Mexican,,False,False,Daly City,,650-755-6213,moderate,4.00,Celia's,
1778,6582 Mission Street,Mexican,,False,False,Daly City,,650-756-6289,moderate,4.40,Lisa's,
1779,4555 Hopyard Road,Indian,,False,True,Pleasanton,,925-750-7709,moderate,3.60,Aappakadai,
1780,1991 Santa Rita Road,Indian,,False,True,Pleasanton,,925-750-7149,moderate,3.90,Amaravati House,
1781,4040 Pimlico Drive #116,Indian,,False,True,Pleasanton,,925-467-1555,moderate,3.30,Bawarchi Indian Cuisine,
1782,5681 Gibraltar Drive,Indian,,False,True,Pleasanton,,925-225-9999,moderate,3.50,Blue Fox Indian Cuisine,
1783,2025 Santa Rita Road,Indian,,False,True,Pleasanton,,925-846-4547,moderate,4.20,Curry Cravings,
1784,411 Main Street,Indian,,True,True,Pleasanton,,925-846-3077,moderate,4.30,Frontier Spice,
1785,3037 Hopyard Road G,Indian,,True,True,Pleasanton,,925-271-7575,moderate,3.40,Vedas Indian Restaurant,
1786,33 South Central Avenue,Italian,2019-03-01,True,False,Campbell,2,408-370-7705,moderate,4.50,A Bellagio Italian Restaurant,19:00
1787,1600 Stockton Street,Coffeehouse,,True,True,San Francisco,,415-781-0331,moderate,4.10,Acquolina,
1788,684 Broadway,Coffeehouse,,False,False,San Francisco,,415-989-2038,cheap,3.60,Broadway Dim Sum,
1789,7 Claude Lane,Coffeehouse,,True,False,San Francisco,,415-392-3505,moderate,4.30,Cafe Claude,
1790,888 Stockton Street,Coffeehouse,,False,False,San Francisco,,415-923-8488,cheap,3.50,Cafe New Honolulu,
1791,100 Van Ness Avenue,Coffeehouse,,False,True,San Francisco,,415-834-5684,moderate,4.30,Corridor,
1792,2417 California Street,Coffeehouse,,True,False,San Francisco,,415-929-9030,moderate,4.40,Curbside,
1793,96 Gough Street,Coffeehouse,,False,False,San Francisco,,415-658-7888,moderate,4.50,Kittea Cat Cafe,
1794,255 Winston Drive,Coffeehouse,,False,True,San Francisco,,415-759-5033,cheap,3.50,Mcdonald's,
1795,505 Montgomery Street,Coffeehouse,,False,True,San Francisco,,415-681-9925,cheap,3.30,Palio Caffe,
1796,1944 Union Street,Coffeehouse,,True,True,San Francisco,,415-922-9022,pricey,4.20,Perry's On Union,
1797,1397 El Camino Real,Coffeehouse,,True,True,Belmont,,650-592-2107,moderate,4.40,Sumac Mediterranean Grill,
1798,1397 El Camino Real,Coffeehouse,2019-03-01,True,True,Belmont,2,650-592-2107,moderate,4.40,Sumac Mediterranean Grill,17:30
1799,2018 Lombard Street,Spanish,2019-03-01,False,False,San Francisco,2,415-929-8888,moderate,4.40,Alegrias,13:30
1800,25 Yerba Buena Lane,Indian,2019-03-01,False,True,San Francisco,2,415-777-0500,pricey,4.20,Amber,18:00
1801,1506 Leimert Boulevard,Thai,2019-03-12,False,True,Oakland,2,510-500-3151,moderate,4.10,3 Seasons Thai Bistro,11:00
1802,459 Castro Street,Mexican,2019-03-01,True,False,Mountain View,2,650-965-2944,moderate,4.30,Casa Lupe,12:30
1803,41 Tunnel Road,French,,False,True,Berkeley,,510-549-8585,pricey,2.00,Antoinette Restaurant,
1804,1849 Shattuck Avenue,French,,False,True,Berkeley,,510-849-2155,pricey,4.10,Bistro Liaison,
1805,41 Tunnel Road,French,2019-03-01,False,True,Berkeley,2,510-549-8585,pricey,2.00,Antoinette Restaurant,11:00
1806,29583 Mission Boulevard,Vietnamese,,False,True,Hayward,,510-881-8593,moderate,4.10,Red Chili Thai Vietnamese Noodle Restaurant,
1807,29583 Mission Boulevard,Vietnamese,2019-03-12,False,True,Hayward,2,510-881-8593,moderate,4.10,Red Chili Thai Vietnamese Noodle Restaurant,11:30
1808,175 Vineyard Avenue,Italian,2019-03-02,True,True,Livermore,3,925-249-9800,moderate,4.40,Campo Di Bocce Of Livermore,13:30
1809,3314 Piedmont Avenue,Seafood,2019-03-01,True,True,Oakland,2,510-645-1912,moderate,4.50,Judoku Sushi,19:30
1810,601 Van Ness Avenue,Japanese,2019-03-01,False,True,San Francisco,2,415-292-9997,moderate,3.50,2g Japanese Brasserie,13:00
1811,1219 Burlingame Avenue,Italian,,False,False,Burlingame,,650-347-7672,moderate,1.00,Cafe La Scala Italian Rest.,
1812,1095 Rollins Road,Italian,,True,False,Burlingame,,650-342-4922,moderate,4.20,Fattoria E Mare,
1813,1444 Burlingame Avenue,Italian,,True,True,Burlingame,,650-288-1041,moderate,4.40,Pizzeria Delfina,
1814,1451 Burlingame Avenue,Italian,,True,True,Burlingame,,650-235-9715,moderate,4.50,Rise Pizzeria,
1815,1447 Burlingame Avenue,Italian,,False,False,Burlingame,,650-348-3277,moderate,4.30,Sapore Italiano Ristorante,
1816,401 Primrose Road,Italian,,True,False,Burlingame,,650-347-5733,pricey,4.50,Stella Alpina Osteria,
1817,1219 Burlingame Avenue,Italian,2019-03-01,False,False,Burlingame,2,650-347-7672,moderate,1.00,Cafe La Scala Italian Rest.,19:30
1818,2355 Chestnut Street,Italian,2019-03-13,False,True,San Francisco,3,415-771-2216,moderate,4.30,A16,13:00
1819,5391 Prospect Road,Barbecue,2019-03-01,False,False,San Jose,3,408-725-1686,moderate,4.00,Dickey's Barbecue Pit,13:30
1820,16 Mint Plaza,Italian,2019-03-01,True,True,San Francisco,2,415-543-5100,moderate,4.40,54 Mint Ristorante Italiano,11:30
1821,202 Stage Road,American,,False,False,Pescadero,,650-879-0464,moderate,4.30,Duarte's Tavern,
1822,202 Stage Road,American,2019-03-01,False,False,Pescadero,2,650-879-0464,moderate,4.30,Duarte's Tavern,11:00
1823,21 Town Square Place # A,Breakfast,2019-03-02,True,True,Vacaville,2,707-448-2113,moderate,4.40,Los Reyes Restaurante Y Cantina,19:30
1824,3369 Mission Street,Japanese,,False,True,San Francisco,,415-525-4750,pricey,4.30,Ichi Sushi,
1825,5158 Geary Boulevard,Japanese,,False,True,San Francisco,,415-379-4539,moderate,4.20,Jin Pot,
1826,71 5th Street,Japanese,,False,True,San Francisco,,415-536-7888,moderate,4.00,Kaisen Sushi,
1827,1684 Bryant Street,Japanese,,False,True,San Francisco,,415-565-0918,moderate,3.90,Mikado Sushi,
1828,2154 Mission Street,Japanese,,False,True,San Francisco,,415-864-1888,moderate,4.50,Minako Organic Japanese Restaurant,
1829,2092 3rd Street,Japanese,,True,True,San Francisco,,415-861-8285,moderate,4.40,Moshi Moshi,
1830,983 Valencia Street,Japanese,,False,True,San Francisco,,415-484-1206,pricey,4.00,Motze,
1831,3339 Steiner Street,Japanese,2019-03-11,False,True,San Francisco,2,415-567-4903,moderate,4.40,Ace Wasabi Rock-n-roll Sushi,19:30
1832,296 Barber Court,Halal,,False,True,Milpitas,,408-433-5199,moderate,4.20,Darda Seafood,
1833,296 Barber Court,Halal,2019-03-09,False,True,Milpitas,2,408-433-5199,moderate,4.20,Darda Seafood,12:00
1834,471 Saratoga Avenue,Chinese,,False,False,San Jose,,408-984-5788,cheap,4.30,Szechuan Chili Restaurant,
1835,1659 Branham Lane,Chinese,,False,True,San Jose,,408-448-3748,cheap,4.30,Taste Of China,
1836,3095 McKee Road,Chinese,2019-03-01,False,False,San Jose,2,408-251-7693,cheap,3.40,K K Chinese,13:00
1837,1760 Polk Street,American,2019-03-09,False,False,San Francisco,2,415-359-1212,pricey,4.40,1760,13:30
1838,1026 1st Street,Italian,,True,False,Napa,,707-254-8006,moderate,4.30,Allegria,
1839,4110 Howard Lane,Italian,,True,True,Napa,,707-224-3300,pricey,4.60,Bistro Don Giovanni,
1840,1141 1st Street,Italian,,True,True,Napa,,707-224-6664,moderate,4.30,Ca' Momi Osteria,
1841,645 1st Street,Italian,,False,True,Napa,,707-254-9700,moderate,4.40,Filippi's Pizza Grotto,
1842,4211 Solano Avenue,Italian,,False,True,Napa,,707-251-8600,moderate,4.50,Il Posto Trattoria,
1843,3085 Jefferson Street,Italian,,False,True,Napa,,707-257-3300,moderate,4.00,Mary's Pizza Shack,
1844,1425 1st Street,Italian,,False,True,Napa,,707-252-1022,pricey,4.50,Oenotri,
1845,1502 Main Street,Italian,,False,True,Napa,,707-492-8026,moderate,4.60,Pasta Prego,
1846,1011 Soscol Ferry Road,Italian,,False,False,Napa,,707-252-4533,moderate,3.90,Villa Romano,
1847,1026 1st Street,Italian,2019-03-01,True,False,Napa,2,707-254-8006,moderate,4.30,Allegria,19:00
1848,200 Sycamore Valley Rd W,Steakhouse,2019-03-11,False,False,Danville,2,925-552-0505,pricey,4.50,Forbes Mill Steakhouse,11:30
1849,1888 Solano Avenue,Indian,2019-03-04,False,True,Berkeley,2,510-526-4373,moderate,4.20,Ajanta,18:30
1850,6247 College Avenue,Vegetarian,,False,True,Berkeley,,510-658-8458,moderate,4.30,Great Wall | Chinese Restaurant,
1851,1585 University Avenue,Vegetarian,,False,True,Berkeley,,510-704-0174,moderate,4.10,Himalayan Flavors,
1852,1700 Shattuck Avenue,Vegetarian,,False,True,Berkeley,,510-549-0612,moderate,4.40,Thai Delight Cuisine,
1853,1903 University Avenue,Vegetarian,,False,True,Berkeley,,510-843-6600,cheap,4.20,Udupi Palace,
1854,6247 College Avenue,Vegetarian,2019-03-12,False,True,Berkeley,2,510-658-8458,moderate,4.30,Great Wall | Chinese Restaurant,18:00
1855,17385 Monterey Road,Italian,2019-03-01,True,True,Morgan Hill,2,408-779-7422,moderate,4.40,Betto's Bistro,11:00
1856,150 East Santa Clara Street,Take-out,2019-03-02,False,True,San Jose,3,408-286-7500,moderate,4.30,4th St Pizza Co,11:30
1857,336 Healdsburg Avenue,Italian,,False,False,Healdsburg,,707-433-8111,moderate,4.60,Baci | Cafe & Wine Bar,
1858,330 Healdsburg Avenue,Italian,,True,False,Healdsburg,,707-395-4640,moderate,4.60,Campo Fina,
1859,109A Plaza Street,Italian,,False,True,Healdsburg,,707-433-5282,pricey,4.70,Scopa,
1860,336 Healdsburg Avenue,Italian,2019-03-02,False,False,Healdsburg,1,707-433-8111,moderate,4.60,Baci | Cafe & Wine Bar,12:00
1861,790 Oak Grove Road,Indian,,False,True,Concord,,925-288-0000,moderate,4.00,Hot Basil Cafe,
1862,790 Oak Grove Road,Indian,2019-03-01,False,True,Concord,2,925-288-0000,moderate,4.00,Hot Basil Cafe,12:30
1863,3486 Mission Street,Nepalese,,False,True,San Francisco,,415-647-2222,moderate,4.70,Cuisine Of Nepal Restaurant,
1864,280 Valencia Street,Nepalese,,False,True,San Francisco,,510-942-5771,moderate,4.40,Dancing Yak,
1865,1386 9th Avenue,Nepalese,,False,True,San Francisco,,415-213-5654,moderate,4.20,Gorkha Kitchen,
1866,925 Cortland Avenue,Nepalese,,False,True,San Francisco,,415-643-3881,moderate,4.40,Little Nepal,
1867,523 Broadway,Nepalese,,False,True,San Francisco,,415-677-9743,moderate,4.20,Urban Curry,
1868,1499 Valencia Street,California,2019-03-09,True,True,San Francisco,2,415-416-6136,moderate,4.50,Al's Place,17:00
1869,331 West Hacienda Avenue,American,2019-03-01,True,False,Campbell,2,408-374-3400,moderate,4.10,Effie's Restaurant & Bar,17:30
1870,921 East Duane Avenue,Asian,,False,True,Sunnyvale,,408-732-3319,moderate,4.20,Barn Thai,
1871,101 South Murphy Avenue,Asian,,False,True,Sunnyvale,,408-773-1098,moderate,3.90,Thai Basil,
1872,921 East Duane Avenue,Asian,2019-03-01,False,True,Sunnyvale,4,408-732-3319,moderate,4.20,Barn Thai,12:00
1873,50 Mission Circle,Sandwich,,False,False,Santa Rosa,,707-538-7730,cheap,3.50,Mcdonald's,
1874,33 South Central Avenue,Italian,2019-03-01,True,False,Campbell,2,408-370-7705,moderate,4.50,A Bellagio Italian Restaurant,12:00
1875,448 Brannan Street,Steakhouse,,False,False,San Francisco,,415-495-1111,ultra high-end,4.50,Alexander's Steakhouse,
1876,659 Merchant Street,Steakhouse,,False,False,San Francisco,,415-397-1928,ultra high-end,4.00,Alfred's Steakhouse,
1877,500 California Street,Steakhouse,,False,False,San Francisco,,415-273-3085,ultra high-end,4.30,Bob's Steak & Chop House,
1878,335 Powell Street,Steakhouse,,False,False,San Francisco,,415-397-3003,ultra high-end,3.80,Bourbon Steak Restaurant,
1879,347 Geary Street,Steakhouse,,False,False,San Francisco,,415-616-5000,moderate,4.00,Daily Grill,
1880,244 Jackson Street,Steakhouse,2019-03-01,False,True,San Francisco,2,415-989-2539,pricey,4.30,5a5 Steak Lounge,17:30
1881,2215 Church Lane,Italian,,False,True,San Pablo,,510-237-9047,moderate,4.50,La Strada Italian Cuisine,
1882,2215 Church Lane,Italian,2019-03-01,False,True,San Pablo,2,510-237-9047,moderate,4.50,La Strada Italian Cuisine,19:30
1883,2018 Lombard Street,Spanish,2019-03-01,False,False,San Francisco,2,415-929-8888,moderate,4.40,Alegrias,11:00
1884,22 Miller Avenue,Italian,2019-03-02,True,True,Mill Valley,2,415-388-2126,moderate,4.50,Piazza D'angelo,19:00
1885,5391 Prospect Road,Barbecue,2019-03-01,False,False,San Jose,2,408-725-1686,moderate,4.00,Dickey's Barbecue Pit,12:30
1886,601 Van Ness Avenue,Japanese,2019-03-01,False,True,San Francisco,2,415-292-9997,moderate,3.50,2g Japanese Brasserie,12:00
1887,2786 California Street,Vegetarian,,False,False,San Francisco,,415-318-8000,moderate,3.60,Ben Wah Restaurant,
1888,1325 9th Avenue,Vegetarian,,False,False,San Francisco,,415-731-2658,moderate,4.50,Nabe,
1889,1007 Guerrero Street,Vegetarian,,False,True,San Francisco,,415-826-8822,moderate,4.50,Tuba Authentic Turkish Restaurant,
1890,2786 California Street,Vegetarian,2019-03-01,False,False,San Francisco,2,415-318-8000,moderate,3.60,Ben Wah Restaurant,18:00
1891,601 Van Ness Avenue,Japanese,2019-03-02,False,True,San Francisco,2,415-292-9997,moderate,3.50,2g Japanese Brasserie,11:00
1892,5620 College Avenue,Chinese,2019-03-01,False,True,Oakland,2,510-601-9888,cheap,4.30,Becky's,17:00
1893,16 Mint Plaza,Italian,2019-03-10,True,True,San Francisco,2,415-543-5100,moderate,4.40,54 Mint Ristorante Italiano,18:00
1894,1055 4th Street,Italian,2019-03-01,False,True,Santa Rosa,2,707-528-3336,moderate,0.00,Italian Affair,18:00
1895,1007 Clay Street,Vietnamese,2019-03-09,False,True,Oakland,1,510-763-8495,moderate,4.30,Le Cheval,18:30
1896,848 Willow Avenue,Seafood,,True,False,Hercules,,510-245-0888,moderate,4.00,Claws And Craws,
1897,1581 Sycamore Avenue #8,Seafood,,False,False,Hercules,,510-245-1581,moderate,4.20,Genki House Japanese Restaurant,
1898,848 Willow Avenue,Seafood,2019-03-01,True,False,Hercules,1,510-245-0888,moderate,4.00,Claws And Craws,17:00
1899,556 E El Camino Real,Coffeehouse,,False,False,Sunnyvale,,408-736-5091,cheap,3.50,Mcdonald's,
1900,199 South Murphy Avenue,Coffeehouse,,True,False,Sunnyvale,,408-675-8466,moderate,4.20,Vino Vino,
1901,556 E El Camino Real,Coffeehouse,2019-03-07,False,False,Sunnyvale,4,408-736-5091,cheap,3.50,Mcdonald's,13:00
1902,4776 Sonoma Highway,Italian,2019-03-03,False,False,Santa Rosa,2,707-539-0260,moderate,4.40,Basilico,18:30
1903,3900 Bel Aire Plaza D,Barbecue,,True,False,Napa,,707-224-6600,moderate,4.10,The Q Restaurant & Bar,
1904,3900 Bel Aire Plaza D,Barbecue,2019-03-01,True,False,Napa,2,707-224-6600,moderate,4.10,The Q Restaurant & Bar,13:00
1905,Laurelwood Shopping Center,Mexican,,False,False,San Mateo,,650-349-0165,moderate,4.20,Celia's,
1906,1622 Palm Avenue,Mexican,,False,False,San Mateo,,650-345-1180,moderate,4.30,El Sinaloense Restaurant,
1907,2310 South El Camino Real,Mexican,,False,False,San Mateo,,650-574-9699,moderate,4.30,La Fonda Cocina Mexicana,
1908,Laurelwood Shopping Center,Mexican,2019-03-01,False,False,San Mateo,2,650-349-0165,moderate,4.20,Celia's,17:00
1909,869 Geary Street,Turkish,,True,True,San Francisco,,415-345-1011,moderate,4.40,A La Turca,
1910,60 West Portal Avenue,Turkish,,False,True,San Francisco,,415-564-4006,moderate,4.50,Bursa Restaurant,
1911,349 Clement Street,Turkish,,False,False,San Francisco,,415-753-9479,moderate,4.40,Kitchen Istanbul,
1912,1201 9th Avenue,Turkish,,True,True,San Francisco,,415-731-0400,moderate,4.20,Park Gyros,
1913,1550 California Street,Turkish,,False,True,San Francisco,,415-563-4043,moderate,4.50,Tuba Nob Hill,
1914,60 West Portal Avenue,Turkish,2019-03-01,False,True,San Francisco,2,415-564-4006,moderate,4.50,Bursa Restaurant,13:30
1915,400 Moffett Boulevard,Take-out,,False,True,Mountain View,,650-262-9728,cheap,3.90,Chef Zhao Bistro,
1916,1991 West El Camino Real,Take-out,,False,True,Mountain View,,650-969-9990,moderate,3.90,Passage To India,
1917,400 Moffett Boulevard,Take-out,2019-03-01,False,True,Mountain View,2,650-262-9728,cheap,3.90,Chef Zhao Bistro,17:30
1918,1760 Polk Street,American,2019-03-10,False,False,San Francisco,2,415-359-1212,pricey,4.40,1760,19:00
1919,10690 North De Anza Boulevard,Take-out,,True,True,Cupertino,,408-865-6970,moderate,4.00,Bj's Restaurant & Brewhouse,
1920,10690 North De Anza Boulevard,Take-out,2019-03-01,True,True,Cupertino,4,408-865-6970,moderate,4.00,Bj's Restaurant & Brewhouse,13:00
1921,2397 Broadway,Indian,,False,True,Redwood City,,650-369-9000,moderate,4.20,Broadway Masala,
1922,2397 Broadway,Indian,2019-03-01,False,True,Redwood City,2,650-369-9000,moderate,4.20,Broadway Masala,19:00
1923,1017 Reichert Avenue,Mexican,,True,False,Novato,,415-892-3171,moderate,4.20,Las Guitarras Restaurant,
1924,1017 Reichert Avenue,Mexican,2019-03-01,True,False,Novato,2,415-892-3171,moderate,4.20,Las Guitarras Restaurant,18:00
1925,129 Lytton Avenue,Vegetarian,,False,True,Palo Alto,,650-321-6688,moderate,4.10,Darbar Indian Cuisine,
1926,129 Lytton Avenue,Vegetarian,2019-03-06,False,True,Palo Alto,1,650-321-6688,moderate,4.10,Darbar Indian Cuisine,12:00
1927,1760 Polk Street,American,2019-03-01,False,False,San Francisco,2,415-359-1212,pricey,4.40,1760,13:30
1928,3500 Golden Gate Way,Chinese,,False,True,Lafayette,,925-284-3500,moderate,4.30,Great Wall Restaurant,
1929,999 Oak Hill Road,Chinese,,False,True,Lafayette,,925-283-1688,moderate,4.20,Uncle Yu's,
1930,3500 Golden Gate Way,Chinese,2019-03-01,False,True,Lafayette,2,925-284-3500,moderate,4.30,Great Wall Restaurant,12:30
1931,1760 Polk Street,American,2019-03-06,False,False,San Francisco,2,415-359-1212,pricey,4.40,1760,11:30
1932,2174 Market Street,Tapas,2019-03-14,False,True,San Francisco,1,415-471-2977,pricey,4.20,Aatxe,12:00
1933,141 Hickey Boulevard,Mexican,,True,False,South San Francisco,,650-755-0614,moderate,3.90,Chevys Fresh Mex,
1934,141 Hickey Boulevard,Mexican,2019-03-13,True,False,South San Francisco,4,650-755-0614,moderate,3.90,Chevys Fresh Mex,13:30
1935,811 Grant Avenue,Asian,,False,True,Novato,,415-892-3440,moderate,3.00,Anokha Cuisine Of India,
1936,1553 South Novato Boulevard G,Asian,,False,True,Novato,,415-892-9303,moderate,4.60,Chao Praya,
1937,1553 South Novato Boulevard G,Asian,2019-03-08,False,True,Novato,4,415-892-9303,moderate,4.60,Chao Praya,12:30
1938,165 East El Camino Real,Indian,,False,True,Mountain View,,650-965-1111,cheap,3.90,Chaat Paradise,
1939,2105 Old Middlefield Way suite c,Indian,,False,True,Mountain View,,650-965-1888,cheap,4.10,Dosa Paratha Indian Cuisine,
1940,288 Castro Street,Indian,,False,True,Mountain View,,650-960-1000,moderate,4.10,Mantra India,
1941,357 Castro Street,Indian,,False,True,Mountain View,,650-965-2000,moderate,4.20,Sakoon,
1942,2700 West El Camino Real,Indian,,False,True,Mountain View,,408-800-6368,moderate,3.40,The Menu Indian Cuisine,
1943,288 Castro Street,Indian,2019-03-13,False,True,Mountain View,3,650-960-1000,moderate,4.10,Mantra India,11:00
1944,740 East El Camino Real,American,,False,True,Sunnyvale,,408-245-4501,moderate,4.00,Black Angus Steakhouse,
1945,1235 Oakmead Parkway,American,,False,False,Sunnyvale,,408-736-2739,moderate,4.10,Faultline Brewing Company,
1946,111 South Murphy Avenue,American,,True,False,Sunnyvale,,408-773-9500,moderate,3.80,Firehouse Grill & Brewery,
1947,1169 W El Camino Real,American,,True,False,Sunnyvale,,408-245-7640,cheap,3.60,Mcdonald's,
1948,151 South Murphy Avenue,American,,True,False,Sunnyvale,,408-685-2477,moderate,4.30,Metro City,
1949,1063 East El Camino Real,American,,False,False,Sunnyvale,,408-244-7311,moderate,4.40,Tanto,
1950,195 South Murphy Avenue,American,,True,True,Sunnyvale,,408-245-8503,moderate,4.20,The Oxford,
1951,740 East El Camino Real,American,2019-03-01,False,True,Sunnyvale,2,408-245-4501,moderate,4.00,Black Angus Steakhouse,19:00
1952,355 Santana Row #1060,American,,True,False,San Jose,,408-247-1706,moderate,4.00,Rosie Mccann's Irish Pub & Restaurant,
1953,1502 Saratoga Avenue,American,,True,True,San Jose,,408-866-4176,moderate,4.20,The Blue Door Restaurant & Bar,
1954,1110 Willow Street,American,,True,True,San Jose,,408-638-7911,moderate,4.30,The Table,
1955,1411 The Alameda,American,,True,False,San Jose,,408-275-1411,moderate,4.20,Zona Rosa,
1956,925 Blossom Hill Road,American,2019-03-02,True,False,San Jose,2,408-284-4260,moderate,4.10,Bj's Restaurant & Brewhouse,18:30
1957,507 Magnolia Avenue,Brasserie,2019-03-02,True,False,Larkspur,4,415-927-3034,moderate,4.30,Left Bank Larkspur Brasserie,11:00
1958,1532 North Main Street,Italian,,False,True,Walnut Creek,,510-943-1094,moderate,0.00,Caffe Delle Stelle Restaurant,
1959,2291 Olympic Boulevard,Italian,,False,True,Walnut Creek,,925-939-9060,moderate,4.40,Il Pavone,
1960,1604 Locust Street,Italian,,True,True,Walnut Creek,,925-932-1474,pricey,4.40,Massimo Ristorante,
1961,1528 Civic Drive,Italian,,False,True,Walnut Creek,,925-943-6608,moderate,4.60,Montecatini Ristorante,
1962,2997 North Main Street,Italian,,False,True,Walnut Creek,,925-930-7774,moderate,4.30,Pasta Primavera,
1963,1522 North Main Street,Italian,,False,True,Walnut Creek,,925-935-7780,pricey,4.50,Prima Restaurant,
1964,1325 North Main Street,Italian,,True,True,Walnut Creek,,925-930-9999,moderate,4.10,Tomatina,
1965,1532 North Main Street,Italian,2019-03-13,False,True,Walnut Creek,2,510-943-1094,moderate,0.00,Caffe Delle Stelle Restaurant,11:30
1966,1532 North Main Street,Italian,2019-03-13,False,True,Walnut Creek,2,510-943-1094,moderate,0.00,Caffe Delle Stelle Restaurant,19:00
1967,961 Bluebell Drive,Asian,,False,True,Livermore,,925-294-8698,cheap,4.50,Sai's T Restaurant,
1968,961 Bluebell Drive,Asian,2019-03-09,False,True,Livermore,2,925-294-8698,cheap,4.50,Sai's T Restaurant,12:30
1969,2564 Springs Road ste B,Take-out,,False,False,Vallejo,,707-554-3434,moderate,4.10,Giant New York Pizza,
1970,1176 Admiral Callaghan Lane,Take-out,,False,True,Vallejo,,707-648-0431,moderate,3.90,Olive Garden Italian Restaurant,
1971,2564 Springs Road ste B,Take-out,2019-03-05,False,False,Vallejo,2,707-554-3434,moderate,4.10,Giant New York Pizza,18:00
1972,1492 Old Bayshore Highway,Seafood,,False,False,Burlingame,,650-347-9988,moderate,3.80,Grand Harbor,
1973,243 California Drive,Seafood,,False,False,Burlingame,,650-348-4064,moderate,4.40,Sakae Sushi & Grill,
1974,1492 Old Bayshore Highway,Seafood,2019-03-02,False,False,Burlingame,4,650-347-9988,moderate,3.80,Grand Harbor,17:00
1975,300 Broadway,Taiwanese,,False,False,Oakland,,510-922-8032,moderate,4.10,Dragon Gate,
1976,300 Broadway,Taiwanese,2019-03-12,False,False,Oakland,1,510-922-8032,moderate,4.10,Dragon Gate,13:30
1977,2400 Forest Avenue,American,2019-03-05,False,True,San Jose,2,408-261-5787,moderate,4.20,Bazille,11:30
1978,13808 Skyline Boulevard,American,,False,False,Woodside,,650-851-8541,pricey,4.70,The Mountain House,
1979,13808 Skyline Boulevard,American,2019-03-08,False,False,Woodside,2,650-851-8541,pricey,4.70,The Mountain House,11:00
1980,534 Irving Street,Thai,2019-03-09,False,True,San Francisco,2,415-379-4505,moderate,4.30,Baan Thai House & Wine Bar,19:00
1981,1295 East Dunne Avenue,American,,True,False,Morgan Hill,,669-888-3488,moderate,4.20,88 Keys Cafe,
1982,17105 Monterey Road,American,,True,False,Morgan Hill,,408-779-8800,moderate,4.50,Bubbles & Brew,
1983,30 East 3rd Street,American,,True,False,Morgan Hill,,408-779-3376,moderate,4.20,Huntington Station,
1984,201 Vineyard Town Ctr,American,,False,False,Morgan Hill,,408-779-8182,cheap,3.40,Mcdonald's,
1985,1295 East Dunne Avenue,American,2019-03-08,True,False,Morgan Hill,4,669-888-3488,moderate,4.20,88 Keys Cafe,12:00
1986,2018 Lombard Street,Spanish,2019-03-05,False,False,San Francisco,2,415-929-8888,moderate,4.40,Alegrias,19:00
1987,16 Mint Plaza,Italian,2019-03-07,True,True,San Francisco,2,415-543-5100,moderate,4.40,54 Mint Ristorante Italiano,12:00
1988,2135 Franklin Street,Mexican,2019-03-11,False,True,Oakland,2,510-288-3668,moderate,4.30,Agave Uptown,12:00
1989,25 Lusk Street,American,2019-03-07,False,True,San Francisco,2,415-495-5875,pricey,4.40,25 Lusk,17:00
1990,4318 Thornton Avenue,Sandwich,,False,False,Fremont,,510-791-7400,cheap,3.70,Mcdonald's,
1991,42800 Mission Boulevard,Sandwich,2019-03-12,False,False,Fremont,2,510-656-9375,cheap,3.70,Mcdonald's,19:00
1992,4440 Lone Tree Way,Coffeehouse,2019-03-01,False,False,Antioch,2,925-756-7689,cheap,3.30,Mcdonald's,13:00
1993,14109 South Winchester Boulevard,Italian,,True,False,Los Gatos,,408-374-1808,moderate,4.30,Aldo's Ristorante & Bar,
1994,565 University Avenue,Italian,,True,False,Los Gatos,,408-395-7650,moderate,4.40,Campo Di Bocce Of Los Gatos,
1995,109 West Main Street,Italian,,False,False,Los Gatos,,408-384-4007,moderate,4.40,Centonove,
1996,14180 Blossom Hill Road,Italian,,False,True,Los Gatos,,408-358-3661,moderate,2.50,Gallo's,
1997,51 North Santa Cruz Avenue,Italian,,False,False,Los Gatos,,408-354-8788,moderate,4.00,Gardino's Ristorante Italiano,
1998,25 East Main Street,Italian,,True,True,Los Gatos,,408-399-5180,moderate,4.20,I Gatti Restaurant,
1999,49 East Main Street,Italian,,False,True,Los Gatos,,408-399-3477,moderate,4.60,The Pastaria & Market,
2000,50 University Avenue,Italian,,True,False,Los Gatos,,408-399-1914,moderate,4.20,Wine Cellar Restaurant,
2001,565 University Avenue,Italian,2019-03-01,True,False,Los Gatos,2,408-395-7650,moderate,4.40,Campo Di Bocce Of Los Gatos,18:30
2002,1 Pagoda Place,Beijing,,False,True,San Francisco,,415-982-5608,moderate,4.10,Hang Ah Dim Sum Tea House,
2003,3132 Vicente Street,Beijing,,False,True,San Francisco,,415-564-9588,moderate,4.30,Old Mandarin Islamic Restaurant,
2004,245 Church Street,Beijing,,False,True,San Francisco,,415-621-3020,cheap,4.20,Red Jade,
2005,1 Pagoda Place,Beijing,2019-03-05,False,True,San Francisco,2,415-982-5608,moderate,4.10,Hang Ah Dim Sum Tea House,18:00
2006,835 Airport Boulevard,American,,False,False,Burlingame,,650-373-2237,moderate,4.20,37 North,
2007,1333 Old Bayshore Highway,American,,False,True,Burlingame,,650-347-1234,moderate,4.00,3sixty Bar Bistro Market,
2008,1250 Old Bayshore Highway,American,,False,False,Burlingame,,650-342-6297,moderate,4.10,Original Max's,
2009,333 California Drive,American,,False,False,Burlingame,,650-344-6050,moderate,4.10,Steelhead Brewing Company,
2010,835 Airport Boulevard,American,2019-03-11,False,False,Burlingame,2,650-373-2237,moderate,4.20,37 North,12:00
2011,835 Airport Boulevard,American,2019-03-11,False,False,Burlingame,2,650-373-2237,moderate,4.20,37 North,13:00
2012,2241 First Street,Spanish,2019-03-04,True,False,Livermore,1,925-215-2656,moderate,4.00,Pura Vida - Cocina Latina & Sangria Bar,19:00
2013,127 Throckmorton Avenue,Italian,2019-03-03,False,False,Mill Valley,2,415-388-0224,moderate,4.50,La Ginestra,19:00
2014,286 Coddingtown Center,Thai,,False,True,Santa Rosa,,707-521-9087,moderate,4.50,Sea Noodle Bar,
2015,2350 Midway Drive,Thai,,True,True,Santa Rosa,,707-528-8333,moderate,4.50,Sea Thai Bistro,
2016,2478 West 3rd Street,Thai,,False,True,Santa Rosa,,707-575-9296,moderate,4.20,Thai Pot,
2017,286 Coddingtown Center,Thai,2019-03-02,False,True,Santa Rosa,2,707-521-9087,moderate,4.50,Sea Noodle Bar,18:00
2018,601 Van Ness Avenue,Japanese,2019-03-12,False,True,San Francisco,4,415-292-9997,moderate,3.50,2g Japanese Brasserie,11:30
2019,247 4th Street,American,2019-03-12,True,False,Oakland,2,510-834-2467,moderate,4.40,Chop Bar,18:30
2020,3620 Fallon Road,Take-out,,True,True,Dublin,,925-452-1155,moderate,3.80,Bj's Restaurant & Brewhouse,
2021,3620 Fallon Road,Take-out,2019-03-08,True,True,Dublin,4,925-452-1155,moderate,3.80,Bj's Restaurant & Brewhouse,13:00
2022,65 West Main Avenue,Chinese,,False,True,Morgan Hill,,408-779-0618,moderate,3.90,China Palace Restaurant,
2023,233 West Main Avenue,Chinese,,False,True,Morgan Hill,,408-778-9898,cheap,3.70,Pearl River Restaurant,
2024,233 West Main Avenue,Chinese,2019-03-06,False,True,Morgan Hill,1,408-778-9898,cheap,3.70,Pearl River Restaurant,19:30
2025,699 Chenery Street,French,,False,False,San Francisco,,415-334-3238,moderate,4.40,Le P'tit Laurent,
2026,1754 Polk Street,French,2019-03-08,False,False,San Francisco,2,415-292-6916,moderate,4.50,Amelie San Francisco,18:30
2027,1208 South El Camino Real,Chinese,2019-03-13,False,True,San Mateo,2,650-286-9386,moderate,4.60,Gau Poang,12:00
2028,4293 Piedmont Avenue,California,,True,False,Oakland,,510-652-3676,moderate,4.60,Dopo,
2029,416 13th Street,California,,False,True,Oakland,,510-290-0331,cheap,4.30,Mockingbird,
2030,942 Stanford Avenue,California,,True,True,Oakland,,510-808-7519,moderate,4.60,Sideshow Kitchen,
2031,4293 Piedmont Avenue,California,2019-03-01,True,False,Oakland,2,510-652-3676,moderate,4.60,Dopo,19:00
2032,2509 South Bascom Avenue,Steakhouse,,True,False,Campbell,,408-371-8729,moderate,4.40,Grill Em Steak House & Sports Bar,
2033,280 East Campbell Avenue,Steakhouse,,True,False,Campbell,,408-374-5000,moderate,4.30,Willard Hicks,
2034,2509 South Bascom Avenue,Steakhouse,2019-03-10,True,False,Campbell,1,408-371-8729,moderate,4.40,Grill Em Steak House & Sports Bar,17:00
2035,61 Washington Street,Chinese,,False,True,Santa Clara,,408-984-6688,moderate,4.30,Chef Ming's,
2036,2110 El Camino Real,Chinese,,False,True,Santa Clara,,408-244-1684,moderate,4.20,China Stix,
2037,2855 Stevens Creek Boulevard #1259,Chinese,,False,True,Santa Clara,,408-248-1688,moderate,4.30,Din Tai Fung,
2038,3581 Homestead Road,Chinese,,False,True,Santa Clara,,408-564-4958,moderate,4.00,Jx Cuisine,
2039,4495 Stevens Creek Boulevard,Chinese,,False,True,Santa Clara,,408-249-2784,moderate,4.50,Lock Chun Restaurant,
2040,2855 Stevens Creek Boulevard #1259,Chinese,2019-03-07,False,True,Santa Clara,2,408-248-1688,moderate,4.30,Din Tai Fung,13:00
2041,454 California Avenue,Japanese,,True,False,Palo Alto,,650-321-3454,pricey,4.40,Jin Sho,
2042,180 Hamilton Avenue,Japanese,,True,False,Palo Alto,,650-666-3322,ultra high-end,4.10,Nobu Palo Alto,
2043,454 California Avenue,Japanese,2019-03-01,True,False,Palo Alto,1,650-321-3454,pricey,4.40,Jin Sho,12:00
2044,2317 South El Camino Real,Seafood,2019-03-14,False,False,San Mateo,4,650-581-1305,moderate,4.20,Andes Cafe San Mateo,17:30
2045,39839 Mowry School Road,American,2019-03-09,False,True,Newark,2,510-445-0660,moderate,3.80,Chuck E. Cheese's,17:30
2046,740 McClelland Drive,American,,True,True,Windsor,,707-837-7546,moderate,4.40,Kin Windsor,
2047,740 McClelland Drive,American,2019-03-11,True,True,Windsor,2,707-837-7546,moderate,4.40,Kin Windsor,18:00
2048,919 Cortland Avenue,American,2019-03-05,False,True,San Francisco,2,415-814-3709,pricey,4.60,3rd Cousin,19:30
2049,156 Castro Street,Japanese,2019-03-13,False,True,Mountain View,1,650-386-6821,moderate,4.10,Bushido,13:00
2050,3199 Powell Street,Chinese,,False,False,Emeryville,,510-655-3388,moderate,4.10,Hong Kong East Ocean Seafood Restaurant,
2051,3199 Powell Street,Chinese,2019-03-06,False,False,Emeryville,3,510-655-3388,moderate,4.10,Hong Kong East Ocean Seafood Restaurant,18:00
2052,1819 Colfax Street,Nicaraguan,2019-03-13,False,True,Concord,2,925-446-6141,moderate,4.40,La Fritanguera,12:30
2053,Stanford Shopping Center,Coffeehouse,,True,True,Palo Alto,,650-262-1830,pricey,4.20,Terrain Cafe,
2054,Stanford Shopping Center,Coffeehouse,2019-03-03,True,True,Palo Alto,2,650-262-1830,pricey,4.20,Terrain Cafe,17:30
2055,4031 Balboa Street,Egyptian,,False,True,San Francisco,,415-876-2300,moderate,4.00,Al-masri Egyptian Restaurant,
2056,1702 Post Street,Japanese,,False,True,San Francisco,,415-346-3486,moderate,4.00,Sanppo Restaurant,
2057,431 Balboa Street,Japanese,,False,True,San Francisco,,415-933-7100,moderate,4.40,Sushi Bistro,
2058,601 Van Ness Avenue,Japanese,2019-03-03,False,True,San Francisco,1,415-292-9997,moderate,3.50,2g Japanese Brasserie,12:00
2059,1 Pagoda Place,Beijing,2019-03-03,False,True,San Francisco,2,415-982-5608,moderate,4.10,Hang Ah Dim Sum Tea House,12:00
2060,2048 Nut Tree Road,Filipino,,False,False,Vacaville,,707-455-7003,cheap,4.40,Roline's,
2061,2048 Nut Tree Road,Filipino,2019-03-12,False,False,Vacaville,2,707-455-7003,cheap,4.40,Roline's,18:00
2062,2481 San Ramon Valley Boulevard,Salad,,False,False,San Ramon,,925-820-4325,cheap,3.20,Mcdonald's,
2063,2481 San Ramon Valley Boulevard,Salad,2019-03-02,False,False,San Ramon,3,925-820-4325,cheap,3.20,Mcdonald's,19:00
2064,29583 Mission Boulevard,Vietnamese,2019-03-13,False,True,Hayward,1,510-881-8593,moderate,4.10,Red Chili Thai Vietnamese Noodle Restaurant,11:00
2065,16 Mint Plaza,Italian,2019-03-05,True,True,San Francisco,4,415-543-5100,moderate,4.40,54 Mint Ristorante Italiano,13:00
2066,2327 Buchanan Road,Seafood,,False,True,Antioch,,925-778-1585,moderate,4.50,Okawa Japanese Restaurant,
2067,1 I Street,Seafood,,False,False,Antioch,,925-757-2272,moderate,4.00,Riverview Lodge,
2068,1 I Street,Seafood,2019-03-05,False,False,Antioch,2,925-757-2272,moderate,4.00,Riverview Lodge,18:00
2069,2086 El Camino Real,Seafood,,False,False,Santa Clara,,408-984-5623,moderate,3.90,Kobe Japanese Restaurant,
2070,3775 El Camino Real,Seafood,,False,True,Santa Clara,,408-246-3474,moderate,4.40,The Fish Market,
2071,2086 El Camino Real,Seafood,2019-03-06,False,False,Santa Clara,4,408-984-5623,moderate,3.90,Kobe Japanese Restaurant,18:30
2072,825 San Pablo Avenue,Take-out,,False,True,Albany,,510-526-2552,moderate,3.90,Nizza La Bella,
2073,1133 Solano Avenue,Take-out,,False,True,Albany,,510-525-8686,moderate,4.00,Solano Grill & Bar,
2074,825 San Pablo Avenue,Take-out,2019-03-07,False,True,Albany,2,510-526-2552,moderate,3.90,Nizza La Bella,18:00
2075,825 San Pablo Avenue,Take-out,2019-03-07,False,True,Albany,2,510-526-2552,moderate,3.90,Nizza La Bella,19:30
2076,14503 Big Basin Way,Italian,,True,False,Saratoga,,408-741-5115,moderate,4.20,Bella Saratoga,
2077,14510 Big Basin Way #11,Italian,,True,True,Saratoga,,408-741-1784,moderate,4.10,Florentine Trattoria,
2078,14441 Big Basin Way,Italian,,False,False,Saratoga,,408-741-1518,moderate,4.20,Sole Mio Ristorante Italiano,
2079,14503 Big Basin Way,Italian,2019-03-01,True,False,Saratoga,2,408-741-5115,moderate,4.20,Bella Saratoga,11:00
2080,600 Redwood Highway,American,2019-03-06,False,False,Mill Valley,2,415-383-0184,cheap,3.40,Mcdonald's,19:00
2081,754 The Alameda #10,Japanese,2019-03-02,False,False,San Jose,2,408-931-6875,moderate,4.30,Bluefin,19:00
2082,167 West San Fernando Street,Brazilian,,False,False,San Jose,,855-586-9288,pricey,4.40,Taurinus Brazilian Steak House,
2083,167 West San Fernando Street,Brazilian,2019-03-08,False,False,San Jose,2,855-586-9288,pricey,4.40,Taurinus Brazilian Steak House,12:00
2084,1310 Old Bayshore Highway,Tofu,,False,True,Burlingame,,650-477-2859,moderate,3.90,I Love Sushi & Tofu,
2085,1310 Old Bayshore Highway,Tofu,2019-03-01,False,True,Burlingame,2,650-477-2859,moderate,3.90,I Love Sushi & Tofu,12:30
2086,2111 El Camino Real,Seafood,,False,False,Palo Alto,,650-327-2222,moderate,4.10,Odori Japanese Cuisine,
2087,900 Stanford Shopping Center Bldg. W Bldg. W,Seafood,,True,True,Palo Alto,,650-330-1782,moderate,3.70,P.f. Chang's,
2088,3150 El Camino Real,Seafood,,True,True,Palo Alto,,650-493-9188,moderate,4.30,The Fish Market,
2089,4269 El Camino Real,Seafood,,False,False,Palo Alto,,650-213-1111,ultra high-end,4.50,The Sea By Alexander's Steakhouse,
2090,900 Stanford Shopping Center Bldg. W Bldg. W,Seafood,2019-03-08,True,True,Palo Alto,2,650-330-1782,moderate,3.70,P.f. Chang's,12:00
2091,265 Grand Avenue,Thai,2019-03-13,False,True,South San Francisco,3,650-952-5279,moderate,4.10,Thai Satay Restaurant & Bar,17:00
2092,586 San Mateo Avenue,Chinese,,False,True,San Bruno,,650-873-1388,cheap,4.00,China Garden,
2093,354 El Camino Real,Chinese,,False,False,San Bruno,,650-737-9899,cheap,3.90,Dumpling Era,
2094,436 San Mateo Avenue,Chinese,,False,True,San Bruno,,650-588-2375,cheap,4.10,Ming's,
2095,354 El Camino Real,Chinese,2019-03-04,False,False,San Bruno,2,650-737-9899,cheap,3.90,Dumpling Era,12:00
2096,17320 Monterey Road,Seafood,,True,True,Morgan Hill,,408-778-0551,moderate,4.20,Rosy's At The Beach,
2097,17385 Monterey Road,Italian,2019-03-01,True,True,Morgan Hill,2,408-779-7422,moderate,4.40,Betto's Bistro,12:00
2098,435 Magnolia Avenue,Chinese,,True,True,Larkspur,,415-924-0717,cheap,4.60,Dj's Chinese Cuisine,
2099,25 Ward Street,American,,True,True,Larkspur,,415-891-8577,moderate,4.60,Farm House Local,
2100,25 Ward Street,American,2019-03-02,True,True,Larkspur,2,415-891-8577,moderate,4.60,Farm House Local,
