,average_rating,city,is_unisex,phone_number,street_address,stylist_name,appointment_date,appointment_time
0,3.70,Concord,True,925-446-4144,4330 Clayton Road suite j,Breds Barbershop,,
1,4.40,Concord,True,925-798-3000,114 Sun Valley Mall,Empire Barbershop,,
2,4.50,Concord,True,925-349-6036,1585 Clayton Road,First Class Barber Shop,,
3,3.30,Concord,True,925-681-2887,790 Oak Grove Road Ste B,Great Clips,,
4,4.30,Concord,True,925-673-5686,5434 Ygnacio Valley Road Suite #50,Sport Clips Haircuts Of Clayton Valley Shopping Center,,
5,4.00,Concord,True,925-671-2525,4475 Treat Boulevard F,Supercuts,,
6,4.50,,True,925-349-6036,1585 Clayton Road,First Class Barber Shop,2019-03-13,18:30
7,4.80,San Francisco,True,415-286-4371,1532 20th Street,1512 Barber Shop,,
8,4.50,San Francisco,True,415-824-1335,2737 20th Street,20Th Salon And Barber,,
9,3.90,San Francisco,True,415-788-4936,44 Montgomery Street #30,A Businessman'S Haircut,,
10,4.40,San Francisco,True,415-296-9212,310 Sutter Street 4th floor,Alcheme Salon,,
11,5.00,San Francisco,True,415-445-9373,333 Bush Street Suite #104,Alexander G.,,
12,4.40,San Francisco,True,415-587-5003,949 Geneva Avenue,Amazon Barber Shop,,
13,4.40,San Francisco,True,415-956-4049,140 Sutter Street,Arcade Barber Shop,,
14,5.00,San Francisco,False,415-433-3334,33 Grant Avenue,Archer Salon,,
15,4.90,San Francisco,True,415-658-7469,1041 Guerrero Street,Arrow Salon,,
16,4.80,San Francisco,True,415-501-0338,"2, 1996 Union Street",Arthur Sebastian Hair Salon,,
17,4.80,,True,415-286-4371,1532 20th Street,1512 Barber Shop,2019-03-14,15:00
18,4.50,Vacaville,True,707-689-5136,198 Dobbins Street,Primo'S Barbershop,,
19,4.00,Vacaville,True,707-447-4606,"Nut Tree Village, 1631 East Monte Vista Avenue K101",Sport Clips Haircuts Of Vacaville - Nut Tree Village,,
20,3.60,Vacaville,True,707-446-9673,3033 Alamo Drive,Supercuts,,
21,4.50,Vacaville,True,707-448-8983,500 Elmira Road C,Velocity Cutz,,
22,4.50,,True,707-689-5136,198 Dobbins Street,Primo'S Barbershop,2019-03-03,12:00
23,4.70,Oakland,True,510-653-1059,4801 Telegraph Avenue,17 Jewels Salon,,
24,5.00,Oakland,True,510-227-4268,408 14th Street,Benny Adem Grooming Parlor,,
25,5.00,Oakland,True,510-838-2426,2509 Broadway,Bibo Salon,,
26,4.20,Oakland,True,510-451-1300,3342 Lakeshore Avenue,Bounce Blowdry Bar,,
27,4.30,Oakland,False,510-601-5225,4179 Piedmont Avenue,Calm A Salon,,
28,4.90,Oakland,True,510-834-8330,180 2nd Street #6,Charles Blades Barber Spa,,
29,4.70,Oakland,True,510-365-4585,1707 Webster Street,Dax Lee'S Barber & Apothecary,,
30,4.20,Oakland,False,510-652-5431,5431 College Avenue,"Elizabeth H/The Art Of Hair, Skin &Nail Design",,
31,4.80,Oakland,True,510-788-6378,4928 Telegraph Avenue,Fig & Clover,,
32,4.90,Oakland,True,510-332-9400,4287 Piedmont Avenue,Hairapy,,
33,5.00,,True,510-838-2426,2509 Broadway,Bibo Salon,2019-03-01,13:00
34,4.70,Fremont,False,510-574-0881,5154 Mowry Avenue,3Sixty Salon And Boutique,,
35,4.70,Fremont,True,510-623-1635,"4175, 42151 Blacow Road",Alex'S Classic Barber Shop,,
36,4.20,Fremont,False,510-794-4526,5371 Mowry Avenue,Beauology,,
37,4.30,Fremont,False,510-790-9900,37485 Fremont Boulevard B,Beauty Spot Salon,,
38,4.90,Fremont,True,510-656-1955,40645 Fremont Boulevard,Fremont Barber Shop,,
39,4.10,Fremont,False,510-739-6666,241 Fremont Hub Courtyard,Little Scissors - Kids Hair Salon,,
40,3.50,Fremont,False,510-494-1531,34119 Fremont Boulevard,Passion Salon,,
41,4.10,Fremont,True,510-505-9605,37477 Fremont Boulevard,Prince Barber Shop,,
42,4.60,Fremont,True,510-694-0208,40811 Grimmer Boulevard,Rehab Parlour,,
43,4.80,Fremont,True,510-498-1090,43360 Mission Boulevard #130,Salon Valenti Hair Nails Skin,,
44,4.00,Corte Madera,True,415-891-3571,208 Redwood Avenue,Colour Bar,,
45,3.50,Corte Madera,True,415-924-2288,127 Corte Madera Town Center,Panda Room,,
46,3.00,Corte Madera,True,415-924-1166,141 Corte Madera Town Center,Supercuts,,
47,4.00,,True,415-891-3571,208 Redwood Avenue,Colour Bar,2019-03-11,17:00
48,4.50,,True,415-824-1335,2737 20th Street,20Th Salon And Barber,2019-03-05,12:00
49,5.00,Redwood City,True,650-679-0457,704 Winslow Street,August Barbershop,,
50,4.30,Redwood City,True,650-298-8586,2606 Broadway,Natalie'S Salon,,
51,4.60,Redwood City,True,650-257-7017,1766 Broadway,Redwood Barber Co,,
52,4.80,Redwood City,False,650-666-3025,2072 Broadway,Retreat Salon,,
53,3.70,Redwood City,True,650-369-8992,1057 El Camino Real,Supercuts Sequoia Station,,
54,4.30,,True,650-298-8586,2606 Broadway,Natalie'S Salon,2019-03-14,16:30
55,4.30,Pleasanton,True,925-462-2695,4275 First Street,Cosmo'S Barber Shop,,
56,4.80,Pleasanton,True,925-600-0080,722 Main Street,Fusion 3 Salon Pleasanton,,
57,4.70,Pleasanton,False,925-462-4348,350 Main Street # J,Gary Patrick Salon,,
58,5.00,Pleasanton,False,925-426-1250,363 Saint Mary Street,House Of Cabelo,,
59,4.30,Pleasanton,True,925-399-6870,5424 Sunol Boulevard #2,Pleasanton Barber Shop,,
60,4.80,Pleasanton,True,925-426-1750,77 West Angela Street,Salon 77 West,,
61,4.40,Pleasanton,True,925-847-3090,4001 Santa Rita Road Suite 3,Sport Clips Haircuts Of Pleasanton,,
62,3.30,Pleasanton,True,925-461-1438,1737 Santa Rita Road #200,Supercuts,,
63,2.90,Pleasanton,True,925-425-7700,2243 Stoneridge Mall Road,Urban Barber Barbershop,,
64,5.00,,True,650-679-0457,704 Winslow Street,August Barbershop,2019-03-05,18:00
65,3.90,Foster City,True,650-522-8433,929 East Hillsdale Boulevard,Great Clips,,
66,3.90,,True,650-522-8433,929 East Hillsdale Boulevard,Great Clips,2019-03-10,12:30
67,4.50,,True,415-824-1335,2737 20th Street,20Th Salon And Barber,2019-03-13,11:30
68,4.40,Walnut Creek,True,925-837-2990,1639 North California Boulevard,Blow Dry Bar,,
69,4.70,Walnut Creek,True,925-938-3648,1919 Mount Diablo Boulevard,Dipietro Todd Salon,,
70,4.70,Walnut Creek,True,925-822-9826,1634 Bonanza Street,Drybar Walnut Creek,,
71,4.00,Walnut Creek,True,925-210-0613,1833 Ygnacio Valley Road,Great Clips,,
72,5.00,Walnut Creek,True,925-788-7105,1280 Boulevard Way #214,Hi-Definition Salon,,
73,4.90,Walnut Creek,True,925-357-8818,94596 2341 Boulevard Circle,Rare Byrd Salon,,
74,4.60,Walnut Creek,True,925-222-5210,2252 Oak Grove Road,Snip-Its Haircuts For Kids,,
75,4.80,Walnut Creek,True,925-274-1985,2815 Ygnacio Valley Road,Sport Clips Haircuts Of Walnut Creek - Encina Grande,,
76,4.10,Walnut Creek,True,925-933-7836,1698 Bonanza Street,Stem Salon,,
77,4.60,Walnut Creek,True,925-448-2967,2854 Ygnacio Valley Road,"The Grove Salon- Walnut Creek, Ca- An Aveda Salon",,
78,4.70,,True,925-822-9826,1634 Bonanza Street,Drybar Walnut Creek,2019-03-08,15:00
79,4.30,Fremont,True,510-252-0924,46543 Mission Boulevard,Sean'S Barber Shop,,
80,3.50,Fremont,True,510-623-1015,43321 Christy Street,Sport Clips Haircuts Of Fremont,,
81,4.50,Fremont,True,510-792-5922,5200 Mowry Avenue,Visual Image Salon,,
82,4.70,,True,510-623-1635,"4175, 42151 Blacow Road",Alex'S Classic Barber Shop,2019-03-04,16:00
83,4.80,,True,415-286-4371,1532 20th Street,1512 Barber Shop,2019-03-14,18:00
84,4.50,,True,925-349-6036,1585 Clayton Road,First Class Barber Shop,2019-03-06,14:00
85,4.80,,True,415-286-4371,1532 20th Street,1512 Barber Shop,2019-03-07,15:00
86,4.30,San Jose,True,408-293-3494,1047 Lincoln Highway suite 101,Atelier Salon Willow Glen,,
87,5.00,San Jose,True,669-258-9601,1775 Park Avenue,Barba & Co. San Jose,,
88,4.50,San Jose,True,408-460-8070,1186 South 2nd Street,Beautique Salon,,
89,4.70,San Jose,True,408-271-1970,200 South 1st Street #70,Bedlam Beauty & Barber,,
90,4.70,San Jose,True,408-421-8035,892 Emory Street,Bellarmine Barber Shop,,
91,4.20,San Jose,True,408-947-9926,448 East Santa Clara Street,Braid It Up,,
92,4.60,San Jose,True,408-216-9649,2314 Stevens Creek Boulevard,Concept Barbershop,,
93,4.80,San Jose,True,408-821-6847,4750 Almaden Expressway Suite 128 Suite 128,Cookie Cutters Haircuts For Kids - San Jose,,
94,4.50,San Jose,True,408-418-3299,111 North Market Street #140,Crewners Barber Shop,,
95,4.50,San Jose,True,408-218-4644,1918 Alum Rock Avenue,Delabay Kutz,,
96,3.80,Los Gatos,True,408-358-2232,15992 Los Gatos Boulevard,Great Clips,,
97,4.90,Los Gatos,True,408-395-1314,130 North Santa Cruz Avenue # E,Los Gatos Beauty Bar,,
98,4.90,Los Gatos,True,408-354-7717,65 West Main Street,Nimbus Salon,,
99,4.40,Los Gatos,True,408-702-2322,15466 Los Gatos Boulevard #113,Rocks Blow Dry Bar,,
100,5.00,Los Gatos,True,408-395-1234,227 North Santa Cruz Avenue,Royal Shaving Parlor,,
101,4.60,Los Gatos,True,408-340-5435,14107 Winchester Boulevard,Wildflower Salon,,
102,3.80,,True,408-358-2232,15992 Los Gatos Boulevard,Great Clips,2019-03-10,15:30
103,4.80,Santa Clara,True,408-727-2200,2485 De La Cruz Boulevard,About Time Barber Shop,,
104,4.20,Santa Clara,False,408-244-3888,1274 Benton Street,Hunny Hair & Nail Spa,,
105,4.20,Santa Clara,True,408-663-0137,2803 El Camino Real,Jimmy Hair Team,,
106,4.80,Santa Clara,True,408-216-9065,3407 El Camino Real,Krystal Hair Salon,,
107,4.30,Santa Clara,True,408-296-7777,1064 Kiely Boulevard,Mr.T Barber Shop,,
108,4.60,Santa Clara,True,408-296-0496,"4808, 977 Monroe Street",Sam & Roy'S University Barber,,
109,4.10,Santa Clara,True,408-241-4271,65 Washington Street,Santa Clara Barber Shop,,
110,3.70,Santa Clara,True,408-247-1775,2094 El Camino Real,Santa Clara Hair Studio,,
111,2.90,Santa Clara,True,408-486-9806,3966 Rivermark Plaza,Supercuts Santa Clara,,
112,5.00,San Mateo,True,650-345-9882,2260 Palm Avenue,Elite Hair Design,,
113,3.40,San Mateo,True,650-685-1888,207 East 4th Avenue,Great Clips,,
114,4.20,San Mateo,True,650-513-6884,602 East 4th Avenue,Headlinerz Barbershop,,
115,4.10,San Mateo,True,650-212-3233,"4404, 61 37th Avenue",Hitters Barber Shop,,
116,4.40,San Mateo,True,650-342-6668,"4037, 223 South San Mateo Drive",L Salon & Color Group,,
117,5.00,San Mateo,False,650-570-5750,113 De Anza Boulevard,Les Amis - Salon Et Spa,,
118,4.50,San Mateo,True,650-578-8700,1100 Park Place #80,Salon Kavi,,
119,4.50,San Mateo,True,650-347-3762,302 East 5th Avenue,Shane'S Barbershop & Shave Parlour,,
120,3.80,San Mateo,True,650-212-1350,2017 Chess Drive,Sport Clips Haircuts Of San Mateo,,
121,4.60,San Mateo,False,650-437-2271,2335 South El Camino Real,Sunesy Hair Design,,
122,3.70,San Mateo,True,650-389-2253,854 North Delaware Street,Supercuts - San Mateo,,
123,3.40,,True,650-685-1888,207 East 4th Avenue,Great Clips,2019-03-06,16:30
124,4.50,Walnut Creek,False,925-943-4944,1613 North Main Street,Phoenix Salon & Day Spa,,
125,5.00,Walnut Creek,False,925-939-7425,2400 Olympic Boulevard #5,Salon Cartier,,
126,4.70,Walnut Creek,False,925-256-9914,1459 Newell Avenue,Salonamour Hair Salon Walnut Creek,,
127,4.70,,True,925-938-3648,1919 Mount Diablo Boulevard,Dipietro Todd Salon,2019-03-02,17:30
128,4.30,,True,650-298-8586,2606 Broadway,Natalie'S Salon,2019-03-03,16:30
129,4.10,Sunnyvale,True,408-743-5780,450 East El Camino Real,A+ Haircuts For Men,,
130,3.80,Sunnyvale,True,408-738-8389,472 North Mathilda Avenue,Alpha Barbershop,,
131,4.40,Sunnyvale,False,408-595-1467,160 South Murphy Avenue A,Evoke Beauty Salon,,
132,3.70,Sunnyvale,True,408-457-8453,138 E El Camino Real Ste B,Great Clips,,
133,4.10,Sunnyvale,True,408-732-1475,1026 East El Camino Real,Hair Focus,,
134,4.10,Sunnyvale,True,408-738-1563,717 East El Camino Real #4,Impression Spa,,
135,4.40,Sunnyvale,False,408-416-7353,297 E Washington Ave Near Aloft Hotel Sunnyvale downtown,Jyoti Threading Salon,,
136,3.90,Sunnyvale,True,408-730-1112,753 East El Camino Real #1,Kanzi Hair Studio,,
137,3.20,Sunnyvale,False,408-588-1215,1014 East El Camino Real,Khoobsurat Threading Salon,,
138,4.20,Sunnyvale,False,650-968-0767,1283 West El Camino Real,Lisa'S Perfect Cuts,,
139,3.90,Millbrae,True,650-552-9316,979 Broadway Ave Ste 108,Great Clips,,
140,4.60,Millbrae,True,650-583-1773,1727 El Camino Real,Millbrae Hair Salon,,
141,3.90,,True,650-552-9316,979 Broadway Ave Ste 108,Great Clips,2019-03-12,17:30
142,4.30,Mountain View,False,650-938-2400,820 East El Camino Real,Bollywood Beauty Salon,,
143,4.40,Mountain View,True,650-966-8588,2425 California Street # C,Christine'S Salon,,
144,4.50,Mountain View,True,650-964-5437,1734 El Camino Real,Cubby Cuts For Kids,,
145,4.60,Mountain View,True,650-988-8822,826 West Dana Street,Essence Salon,,
146,4.00,Mountain View,False,650-965-2351,834 West Dana Street,Eyebrow Station,,
147,3.70,Mountain View,True,650-965-4247,1712 Miramonte Avenue Ste C,Great Clips,,
148,4.40,Mountain View,True,650-625-9506,80 West El Camino Real,Quality Men'S Haircuts,,
149,4.90,Mountain View,False,650-961-4247,364 Castro Street,Studio 364,,
150,4.40,Mountain View,True,650-969-7070,1350 Grant Road #10b,Unique Men Haircuts,,
151,4.50,,True,650-964-5437,1734 El Camino Real,Cubby Cuts For Kids,2019-03-11,11:30
152,4.90,Fairfield,True,707-673-7601,2240 North Texas Street,C'S Barber Shop,,
153,4.20,Fairfield,True,707-421-1107,1359 Oliver Road,Crowns Barber Shop & Hair Salon,,
154,4.90,,True,707-673-7601,2240 North Texas Street,C'S Barber Shop,2019-03-14,13:30
155,4.60,San Francisco,True,415-931-4405,1680 Post Street,Arty Hair Salon,,
156,3.90,,True,415-788-4936,44 Montgomery Street #30,A Businessman'S Haircut,2019-03-06,15:00
157,4.20,,True,408-663-0137,2803 El Camino Real,Jimmy Hair Team,2019-03-04,13:00
158,4.10,Pleasant Hill,True,925-798-5214,2255 Contra Costa Boulevard,Cool Tops,,
159,4.10,Pleasant Hill,True,925-681-2547,2186 Contra Costa Boulevard,Great Clips,,
160,3.90,Pleasant Hill,True,925-288-1701,2360 Monument Boulevard Suite 1B,Sport Clips Haircuts Of Crossroads At Pleasant Hill,,
161,4.40,Pleasant Hill,False,925-686-4216,1881 Contra Costa Boulevard,Sue'S Hair Salon,,
162,4.10,,True,925-798-5214,2255 Contra Costa Boulevard,Cool Tops,2019-03-01,16:00
163,4.30,,True,925-462-2695,4275 First Street,Cosmo'S Barber Shop,2019-03-14,17:00
164,4.80,Livermore,False,925-447-1776,1776 First Street,Fusion 3 Salon Livermore,,
165,4.30,Livermore,True,925-454-0292,1416 First Street,Great Clips,,
166,4.70,Livermore,True,925-292-5328,2027 Third Street,Livermore Barber Shop Third Street Og,,
167,4.30,Livermore,True,925-371-2887,4338 Las Positas Road,Sport Clips Haircuts Of Livermore,,
168,3.70,Livermore,True,925-606-8811,4489 First Street,Supercuts,,
169,5.00,Livermore,True,925-667-9161,1549 North Vasco Road,Vasco Barbershop,,
170,4.70,,True,925-292-5328,2027 Third Street,Livermore Barber Shop Third Street Og,2019-03-01,18:30
171,4.80,Santa Rosa,True,707-575-1474,205 5th Street D,Elle Lui Hair Salon,,
172,4.80,Santa Rosa,True,707-528-8266,314 Mendocino Avenue,Exclusive Spa,,
173,4.70,Santa Rosa,True,707-575-5551,1235 North Dutton Avenue Suite B,Leading Edge Salon,,
174,4.30,Santa Rosa,True,707-318-7003,2101 West College Avenue,Redline Barbers,,
175,4.90,Santa Rosa,True,707-542-3380,2330 4th Street,Santa Rosa Barbershop,,
176,4.30,Santa Rosa,True,707-479-5872,1305 Cleveland Avenue H,The Barbery,,
177,4.90,Santa Rosa,True,707-595-3420,140 Stony Point Road e,The Den Barber Shop,,
178,4.00,Santa Rosa,True,707-843-5069,46 West College Avenue,West Coast Cuts,,
179,4.80,,True,707-528-8266,314 Mendocino Avenue,Exclusive Spa,2019-03-09,13:00
180,4.70,El Cerrito,False,510-649-7843,6493 Portola Drive,Chop Salon & Spa,,
181,4.70,,False,510-649-7843,6493 Portola Drive,Chop Salon & Spa,2019-03-05,10:30
182,4.70,Campbell,True,408-371-2051,2160 South Bascom Avenue,Bella Capelli Salon,,
183,4.60,Campbell,True,408-214-6060,513 East Hamilton Avenue,Craft Salon & Barbershop,,
184,4.70,Campbell,True,408-866-4247,565 East Campbell Avenue,Rage Salon,,
185,4.90,Campbell,True,408-377-2255,1875 South Bascom Avenue #2430,Salon Rache,,
186,4.70,Campbell,True,408-502-8367,"Suite #148, 1875 South Bascom Avenue Suite #148",V'S Barbershop Campbell,,
187,4.70,,True,408-371-2051,2160 South Bascom Avenue,Bella Capelli Salon,2019-03-09,12:00
188,5.00,,True,669-258-9601,1775 Park Avenue,Barba & Co. San Jose,2019-03-11,15:30
189,4.40,Sonoma,False,707-935-8329,18615 California 12,C C Beauty Salon,,
190,3.90,Sonoma,True,707-935-0100,19217 Sonoma Highway,Great Clips,,
191,4.70,Sonoma,False,707-939-7647,75 Andrieux Street,Snipz Sonoma,,
192,4.40,,False,707-935-8329,18615 California 12,C C Beauty Salon,2019-03-09,16:30
193,4.30,,True,408-293-3494,1047 Lincoln Highway suite 101,Atelier Salon Willow Glen,2019-03-01,13:00
194,4.30,,True,408-293-3494,1047 Lincoln Highway suite 101,Atelier Salon Willow Glen,2019-03-01,16:30
195,4.70,Burlingame,True,650-342-1602,1012 Oak Grove Avenue,Burlingame Barber Shop,,
196,4.60,Burlingame,True,650-344-3010,1221 Donnelly Avenue,Didi Salon,,
197,3.80,Burlingame,True,877-379-2279,245 Primrose Road,Drybar Burlingame,,
198,3.70,Burlingame,True,650-343-8579,211 Primrose Road,Great Clips,,
199,4.30,Burlingame,False,650-548-1490,1200 Howard Avenue # 102,Just Kids Cuts & Beauty Market,,
200,4.80,Burlingame,True,650-581-1270,841 California Drive,Le Reve Salon,,
201,4.20,Burlingame,True,650-347-4737,1113 Burlingame Avenue,Onyx Salon,,
202,4.60,Burlingame,True,650-347-1202,256 Lorton Avenue,Reconnect Hair Design,,
203,4.80,Burlingame,True,650-434-7565,401 Primrose Road g,Salon Revel,,
204,4.50,Burlingame,True,650-513-1656,1200 Howard Avenue #105,Salon Stilo,,
205,3.90,Burlingame,True,650-348-4881,1222 Broadway,Supercuts,,
206,3.90,Palo Alto,True,650-460-8290,855 El Camino Real Building #1 Suite #3,18/8 Fine Men'S Salons - Palo Alto,,
207,4.40,Palo Alto,True,650-326-4820,441 Cambridge Avenue,California Barber Shop,,
208,4.20,Palo Alto,True,650-853-8442,475 California Avenue,Campus Barber Shop,,
209,4.40,Palo Alto,True,650-272-6833,409 California Avenue,Casual Chic Salon,,
210,4.80,Palo Alto,True,650-328-4855,2307 Birch Street,Dipietro Todd Salon,,
211,3.90,Palo Alto,True,650-713-3210,180 El Camino Real,Drybar Palo Alto,,
212,4.10,Palo Alto,True,650-493-2100,3902 Middlefield Road,Great Clips,,
213,3.70,Palo Alto,True,650-324-2007,232 Stanford Shopping Center,Hair International,,
214,4.80,Palo Alto,True,650-328-4067,240 University Avenue,Juut Salon Spa,,
215,4.20,Palo Alto,True,650-462-9856,2786 Middlefield Road,Midtown Hair Studio,,
216,3.90,,True,650-460-8290,855 El Camino Real Building #1 Suite #3,18/8 Fine Men'S Salons - Palo Alto,2019-03-10,12:30
217,4.00,Sunnyvale,True,408-685-2072,330 West El Camino Real,Sport Clips Haircuts Of Sunnyvale - Cherry Orchard,,
218,3.40,Sunnyvale,True,408-248-6560,1054 East El Camino Real,Supercuts,,
219,3.70,,True,408-457-8453,138 E El Camino Real Ste B,Great Clips,2019-03-12,10:00
220,4.90,Napa,True,707-266-1108,1637 Lincoln Avenue,Stags Barbershop,,
221,3.80,Napa,True,707-257-3744,1806 Soscol Avenue B,Supercuts,,
222,4.80,Napa,True,707-266-1416,2758 Old Sonoma Road,The Gentlemen'S Parlor,,
223,4.70,Napa,True,707-255-1606,2105 West Pueblo Avenue,The Industry Napa Valley'S Barbershop,,
224,4.90,,True,707-266-1108,1637 Lincoln Avenue,Stags Barbershop,2019-03-03,16:00
225,3.90,,True,415-788-4936,44 Montgomery Street #30,A Businessman'S Haircut,2019-03-06,10:30
226,4.10,,True,408-743-5780,450 East El Camino Real,A+ Haircuts For Men,2019-03-05,15:30
227,4.80,Berkeley,True,510-540-1261,2556 Telegraph Avenue #4,Berkeley Hair Studio,,
228,4.30,Berkeley,True,510-843-4919,2492 Channing Way,Edge Hair Salon,,
229,4.70,Berkeley,True,510-526-1700,1599 Hopkins Street,Elixir Salon An Aveda And Eufora Eco Boutique Salon,,
230,5.00,Berkeley,True,510-705-1582,911 University Avenue,Fox And Belle Salon,,
231,3.20,Berkeley,True,510-845-2322,2415 Shattuck Avenue,Great Clips,,
232,4.60,Berkeley,True,510-601-0102,1600 Shattuck Avenue # 108,La Peluqueria Hair Salon,,
233,4.70,Berkeley,True,510-883-9010,2302 Ellsworth Street,La Petite Hair Salon,,
234,4.70,Berkeley,True,510-849-3197,2510 Shattuck Avenue,Lili Hair Salon,,
235,4.60,Berkeley,True,510-646-8338,1887 Solano Avenue,Lola Salon,,
236,4.80,Berkeley,True,510-859-8112,2211 San Pablo Avenue,"Mark-Jason Solofa, Men'S Grooming",,
237,4.80,,True,510-540-1261,2556 Telegraph Avenue #4,Berkeley Hair Studio,2019-03-10,18:30
238,4.80,,True,510-540-1261,2556 Telegraph Avenue #4,Berkeley Hair Studio,2019-03-13,18:00
239,4.40,Oakland,True,510-594-6887,5030 Telegraph Avenue,Harper Paige Salon East,,
240,4.30,Oakland,True,510-208-3449,3351 Grand Avenue,Jaujou Studio,,
241,4.70,,True,510-653-1059,4801 Telegraph Avenue,17 Jewels Salon,2019-03-01,11:00
242,4.30,,True,408-293-3494,1047 Lincoln Highway suite 101,Atelier Salon Willow Glen,2019-03-01,17:00
243,4.30,Castro Valley,True,510-582-6310,4045 East Castro Valley Boulevard,Great Clips,,
244,3.70,Castro Valley,False,510-538-4111,20627 Rustic Drive,Rae Talbot Salon,,
245,4.40,Castro Valley,False,510-537-8084,20590 Redwood Road,Stacy Monroe'S Salon,,
246,4.40,Castro Valley,True,510-881-9555,3372 Village Drive,Village Barber Shop,,
247,4.60,Castro Valley,False,510-886-8839,2970 Castro Valley Boulevard,Wink Hair Salon,,
248,3.70,,False,510-538-4111,20627 Rustic Drive,Rae Talbot Salon,2019-03-10,11:30
249,4.60,Martinez,True,925-228-2010,620 Main Street,Citrus Salon,,
250,3.60,Martinez,True,925-229-2177,542 Center Avenue,Great Clips,,
251,3.90,San Leandro,True,510-415-3420,15208 East 14th Street,Sofia African Hair Braiding,,
252,3.30,San Leandro,True,510-278-4672,15100 Hesperian Boulevard Suite 212,Supercuts,,
253,4.80,,True,415-286-4371,1532 20th Street,1512 Barber Shop,2019-03-07,18:00
254,4.80,,True,415-286-4371,1532 20th Street,1512 Barber Shop,2019-03-08,18:30
255,3.90,,True,415-788-4936,44 Montgomery Street #30,A Businessman'S Haircut,2019-03-03,18:00
256,4.60,Santa Rosa,False,707-575-5123,122 4th Street,Daredevils & Queens,,
257,5.00,San Rafael,True,415-250-4370,294 North San Pedro Road,Best Coast Cuts,,
258,4.00,San Rafael,True,415-479-1961,216 Northgate One,Great Clips,,
259,4.00,,True,415-479-1961,216 Northgate One,Great Clips,2019-03-09,17:30
260,3.60,Cupertino,True,408-255-2178,20686 Homestead Road,Great Clips,,
261,4.30,Cupertino,True,408-725-2588,7335 Bollinger Road B,New Fashion Hair,,
262,4.40,Cupertino,True,408-569-9654,10095 Saich Way #2,Parlour 17,,
263,3.80,Cupertino,True,669-342-7762,19655 Stevens Creek Boulevard,Sassy Hair,,
264,3.60,Cupertino,True,408-996-3300,20735 Stevens Creek Boulevard Ste F,Supercuts,,
265,4.60,Cupertino,True,408-418-3638,19505 Stevens Creek Boulevard,Vjones Salon,,
266,3.60,,True,408-255-2178,20686 Homestead Road,Great Clips,2019-03-06,13:00
267,5.00,,True,669-258-9601,1775 Park Avenue,Barba & Co. San Jose,2019-03-12,15:00
268,4.10,Benicia,True,707-751-1775,808 Southampton Road,Sport Clips Haircuts Of Benicia,,
269,3.50,Benicia,True,707-747-0659,868 Southampton Road,Supercuts,,
270,4.10,,True,707-751-1775,808 Southampton Road,Sport Clips Haircuts Of Benicia,2019-03-05,12:30
271,4.80,,True,707-575-1474,205 5th Street D,Elle Lui Hair Salon,2019-03-07,16:00
272,4.70,,True,925-938-3648,1919 Mount Diablo Boulevard,Dipietro Todd Salon,2019-03-08,14:30
273,4.60,San Mateo,True,650-638-1624,1226 South El Camino Real,The San Mateo Zoo,,
274,3.40,,True,650-685-1888,207 East 4th Avenue,Great Clips,2019-03-11,12:30
275,4.80,,True,707-266-1416,2758 Old Sonoma Road,The Gentlemen'S Parlor,2019-03-03,14:00
276,4.90,,True,408-395-1314,130 North Santa Cruz Avenue # E,Los Gatos Beauty Bar,2019-03-05,10:30
277,4.70,Saratoga,True,408-605-6261,14531 Big Basin Way,D & H Hair Salon,,
278,4.40,Saratoga,True,408-255-2895,1821 Saratoga Avenue #102,Viange Hair Saratoga,,
279,4.40,,True,408-255-2895,1821 Saratoga Avenue #102,Viange Hair Saratoga,2019-03-04,16:30
280,3.80,,True,707-257-3744,1806 Soscol Avenue B,Supercuts,2019-03-10,18:30
281,4.40,,True,510-881-9555,3372 Village Drive,Village Barber Shop,2019-03-11,14:00
282,4.80,,True,408-727-2200,2485 De La Cruz Boulevard,About Time Barber Shop,2019-03-12,18:00
283,3.70,,True,925-446-4144,4330 Clayton Road suite j,Breds Barbershop,2019-03-08,16:00
284,4.30,,True,925-462-2695,4275 First Street,Cosmo'S Barber Shop,2019-03-03,17:00
285,4.30,,True,408-293-3494,1047 Lincoln Highway suite 101,Atelier Salon Willow Glen,2019-03-10,13:30
286,4.90,Petaluma,True,707-769-8000,25 Kentucky Street,Dukes And Dolls Salon,,
287,5.00,Petaluma,True,707-364-6469,410 Petaluma Boulevard South,Modern Classics Barber Shop,,
288,4.70,Petaluma,True,707-981-8469,145 1st Street,Salon Method,,
289,3.70,Petaluma,True,707-766-7100,401 Kenilworth Drive Ste 640,Sport Clips Haircuts Of Petaluma,,
290,3.90,Petaluma,True,707-765-6300,"401 Kenilworth Drive, suite 610",Style Bar,,
291,4.20,Petaluma,True,707-765-1055,367 South McDowell Boulevard,Supercuts,,
292,4.60,Petaluma,True,707-773-1258,139 Kentucky Street,The Shop - Cuts For Men & Women,,
293,4.90,,True,707-769-8000,25 Kentucky Street,Dukes And Dolls Salon,2019-03-03,13:00
294,4.70,San Bruno,True,650-273-4409,430 San Bruno Avenue West,Cut Right Barber Shop,,
295,4.70,San Bruno,True,650-808-9828,725 Camino Plaza,Salon Mia Bella,,
296,4.70,,True,650-273-4409,430 San Bruno Avenue West,Cut Right Barber Shop,2019-03-07,14:30
297,2.90,Stanford,False,650-853-9659,459 Lagunita Drive,Stanford Hair,,
298,2.90,,False,650-853-9659,459 Lagunita Drive,Stanford Hair,2019-03-11,17:00
299,5.00,,True,415-250-4370,294 North San Pedro Road,Best Coast Cuts,2019-03-10,14:30
300,5.00,Alameda,True,510-473-7869,1502 1/2 Webster St,Al'S Barber Shop,,
301,3.80,Alameda,True,510-522-7587,2221 South Shore Center,Great Clips,,
302,4.90,Alameda,False,510-995-8937,2327 Blanding Avenue STE D,Isalon,,
303,4.20,Alameda,True,510-522-2881,1500 Encinal Avenue,Salon 1500,,
304,4.00,Alameda,True,510-521-9100,1912 Clement Avenue,Spank Salon,,
305,4.10,Alameda,True,510-521-2887,2640 5th Street Suite #C,Sport Clips Haircuts Of Alameda Landing,,
306,4.90,Alameda,True,510-769-9909,1906 Encinal Avenue,Twist Salon,,
307,4.40,Alameda,False,510-523-4355,1343 Park Street,We Are Hair Of Alameda,,
308,4.60,Hayward,True,510-247-9087,27659 Mission Boulevard,King Of Kutz Barbershop,,
309,4.40,Hayward,True,510-780-9735,24891 Santa Clara Street,Santa Clara Sports Barber Shop,,
310,4.30,Hayward,True,510-397-6997,1093 Turner Court,The Cutz Barbershop,,
311,5.00,Healdsburg,True,707-395-0931,340 Healdsburg Avenue,Wash & Brushup Co.,,
312,4.30,Vallejo,False,707-643-3358,930 Admiral Callaghan Lane,Eyebrow Hub - Vallejo,,
313,4.40,Vallejo,False,707-557-8930,3315 Sonoma Boulevard #60,Glamour Beauty Supply,,
314,4.40,Vallejo,True,707-980-6819,1752 Tuolumne Street,Kenny Le Salon,,
315,3.50,Vallejo,True,707-644-6618,962 Admiral Callaghan Lane,Supercuts,,
316,5.00,Petaluma,False,707-775-3355,855 Lakeville Street #106,Mockingbird Heights Salon,,
317,3.40,Pinole,True,510-243-0808,1386 Fitzgerald Drive,Great Clips,,
318,4.60,Pinole,True,510-223-2900,1406 Pinole Valley Road,Jovance Salon & Barbering,,
319,3.40,Pinole,True,510-758-4823,2792 Pinole Valley Road,Supercuts,,
320,4.20,,True,925-718-7118,3478 Camino Tassajara Ste B,"Great Clips In Blackhawk, Danville",2019-03-05,18:30
321,4.20,,True,415-534-5423,2238 Fillmore Street,Hair Fairies The Head Lice Helpers,2019-03-06,12:30
322,4.60,,True,408-216-9649,2314 Stevens Creek Boulevard,Concept Barbershop,2019-03-10,15:00
323,3.70,,True,650-369-8992,1057 El Camino Real,Supercuts Sequoia Station,2019-03-08,12:00
324,4.50,,False,925-284-1474,57 Lafayette Circle,Caroline'S Salon,2019-03-02,11:00
325,4.00,,True,510-653-4702,6046 College Avenue,Supercuts,2019-03-14,16:30
326,3.10,,True,650-592-2887,1250 El Camino Real b,Supercuts,2019-03-02,18:30
327,3.20,,True,510-845-2322,2415 Shattuck Avenue,Great Clips,2019-03-04,10:00
328,4.80,,True,510-788-6378,4928 Telegraph Avenue,Fig & Clover,2019-03-13,10:00
329,4.40,,True,650-272-6833,409 California Avenue,Casual Chic Salon,2019-03-04,10:30
330,4.10,,True,650-212-3233,"4404, 61 37th Avenue",Hitters Barber Shop,2019-03-05,18:30
331,4.80,,True,650-434-7565,401 Primrose Road g,Salon Revel,2019-03-01,18:30
332,4.80,,True,415-431-8267,2164 Market Street,Revamp Salon,2019-03-02,10:00
333,4.40,,True,707-664-5259,15 Raley's Towne Centre,Supercuts,2019-03-10,10:00
334,4.90,,True,510-332-9400,4287 Piedmont Avenue,Hairapy,2019-03-01,17:30
335,4.30,,False,510-236-9062,12221 San Pablo Avenue,Tommy Cuts,2019-03-09,10:00
336,4.50,,True,408-275-9100,1355 Lincoln Avenue,Oz A Salon Inc,2019-03-08,16:00
337,5.00,,True,650-679-0457,704 Winslow Street,August Barbershop,2019-03-03,10:30
338,3.70,,False,510-538-4111,20627 Rustic Drive,Rae Talbot Salon,2019-03-02,13:30
339,4.50,,True,415-441-8599,571 Geary Street,Public Barber Salon,2019-03-03,11:00
340,4.50,,False,925-238-0519,622 West 2nd Street,Divine Beauty Salon,2019-03-13,17:30
341,4.90,,True,408-277-0400,1060 Lincoln Avenue,Dimoda Salon,2019-03-07,15:00
342,4.80,,True,415-431-8267,2164 Market Street,Revamp Salon,2019-03-11,17:00
343,4.50,,True,408-320-2753,964 East Santa Clara Street,Evergreen Barbershop,2019-03-04,14:30
344,3.90,,True,510-849-1188,2646 Ashby Avenue,Supercuts,2019-03-12,18:00
345,4.80,,True,408-998-0433,119 Paseo De San Antonio,Tangerine Hair Studio,2019-03-05,16:00
346,4.90,,True,707-769-8000,25 Kentucky Street,Dukes And Dolls Salon,2019-03-10,18:30
347,4.00,,True,510-653-4702,6046 College Avenue,Supercuts,2019-03-08,11:00
348,4.40,,False,408-365-9888,5823 Cottle Road,Linda Hair & Nails,2019-03-03,18:00
349,5.00,,True,415-445-9373,333 Bush Street Suite #104,Alexander G.,2019-03-12,13:30
350,5.00,,True,925-788-7105,1280 Boulevard Way #214,Hi-Definition Salon,2019-03-11,12:00
351,5.00,,True,415-569-5000,45 Camino Alto #106,Miller And Mane,2019-03-03,15:00
352,5.00,,False,650-570-5750,113 De Anza Boulevard,Les Amis - Salon Et Spa,2019-03-12,10:00
353,4.60,,False,408-297-3858,917 East Arques Avenue Suite 23,Shampoo Dolls,2019-03-07,15:30
354,4.40,,False,510-795-7852,36935 Sycamore Street,Kim P Beauty Care,2019-03-14,17:30
355,3.50,,True,415-474-9652,2306 Fillmore Street,Supercuts,2019-03-13,18:30
356,4.50,,False,650-349-2414,939 Edgewater Boulevard E,Barberia Salon,2019-03-05,12:00
357,4.40,,True,415-987-5893,40 Millwood Street,Ap Luxe Salon,2019-03-09,11:30
358,4.60,,True,415-861-4526,304 Valencia Street,Glama-Rama! Salon,2019-03-07,17:00
359,4.20,,True,669-234-7975,2951 Monterey Road ste 75,The Barbers Inc. Barbershop,2019-03-02,11:00
360,3.90,,True,707-765-6300,"401 Kenilworth Drive, suite 610",Style Bar,2019-03-13,15:00
361,5.00,,True,415-495-1912,2 Townsend Street SUITE 4B,Bateau Hair Salon,2019-03-05,13:00
362,4.30,,True,510-251-0796,3619 Grand Avenue,Slick & Dapper On Grand,2019-03-14,15:00
363,4.80,,True,510-498-1090,43360 Mission Boulevard #130,Salon Valenti Hair Nails Skin,2019-03-09,13:00
364,4.80,,True,925-778-1230,727 West 10th Street,Slick'S Barber Shop,2019-03-04,18:30
365,4.80,,True,415-286-4371,1532 20th Street,1512 Barber Shop,2019-03-07,12:00
366,4.80,,True,408-727-2200,2485 De La Cruz Boulevard,About Time Barber Shop,2019-03-10,10:00
367,4.80,,True,415-286-4371,1532 20th Street,1512 Barber Shop,2019-03-08,17:00
368,4.30,Berkeley,False,510-527-3100,1880 Solano Avenue,Aya Salon & Spa,,
369,4.30,,False,510-527-3100,1880 Solano Avenue,Aya Salon & Spa,2019-03-03,15:00
370,4.10,,True,925-254-7474,1 Camino Sobrante Ste 5,Great Clips,2019-03-10,16:00
371,4.80,,True,415-286-4371,1532 20th Street,1512 Barber Shop,2019-03-10,11:30
372,4.30,,True,408-293-3494,1047 Lincoln Highway suite 101,Atelier Salon Willow Glen,2019-03-05,14:30
373,4.30,,True,408-293-3494,1047 Lincoln Highway suite 101,Atelier Salon Willow Glen,2019-03-07,11:30
374,4.80,,True,415-286-4371,1532 20th Street,1512 Barber Shop,2019-03-12,12:00
375,4.80,,True,415-286-4371,1532 20th Street,1512 Barber Shop,2019-03-08,10:00
376,4.30,,True,408-293-3494,1047 Lincoln Highway suite 101,Atelier Salon Willow Glen,2019-03-14,13:30
377,4.60,Sebastopol,True,707-861-3476,6790 McKinley Street #180,Reframe Hair Gallery,,
378,4.60,,True,707-861-3476,6790 McKinley Street #180,Reframe Hair Gallery,2019-03-08,18:30
379,4.80,,True,415-286-4371,1532 20th Street,1512 Barber Shop,2019-03-01,16:00
380,4.30,,False,650-938-2400,820 East El Camino Real,Bollywood Beauty Salon,2019-03-14,10:00
381,4.70,,True,650-342-1602,1012 Oak Grove Avenue,Burlingame Barber Shop,2019-03-06,17:00
382,4.30,,False,707-643-3358,930 Admiral Callaghan Lane,Eyebrow Hub - Vallejo,2019-03-04,17:00
383,4.10,,True,408-743-5780,450 East El Camino Real,A+ Haircuts For Men,2019-03-10,10:30
384,4.20,,False,408-244-3888,1274 Benton Street,Hunny Hair & Nail Spa,2019-03-11,11:30
385,4.10,,True,408-743-5780,450 East El Camino Real,A+ Haircuts For Men,2019-03-03,17:00
386,4.00,Antioch,True,925-238-0059,3136 Contra Loma Boulevard,Himc Barber Studio,,
387,4.20,Antioch,True,925-753-1663,611 East 18th Street,Latinos Hair Salon & Spa,,
388,4.80,Antioch,True,925-778-1230,727 West 10th Street,Slick'S Barber Shop,,
389,4.00,,True,925-238-0059,3136 Contra Loma Boulevard,Himc Barber Studio,2019-03-13,10:30
390,4.80,,True,415-286-4371,1532 20th Street,1512 Barber Shop,2019-03-07,15:30
391,4.30,,False,510-527-3100,1880 Solano Avenue,Aya Salon & Spa,2019-03-10,17:30
392,4.80,,True,408-727-2200,2485 De La Cruz Boulevard,About Time Barber Shop,2019-03-13,15:00
393,4.40,Windsor,True,707-836-8600,9018 Brooks Road South,Great Clips,,
394,4.40,Windsor,True,707-657-4717,6400 Hembree Lane #300,Supercuts,,
395,4.80,Windsor,True,707-838-8536,9025 Old Redwood Highway D,The Gentlemen'S Barbershop,,
396,4.40,San Ramon,False,925-560-0882,21314 San Ramon Valley Boulevard,Dream Salon,,
397,5.00,San Ramon,True,925-577-1415,3211 Crow Canyon Place Suite J,Hair By Jane Joo In San Ramon,,
398,4.30,San Ramon,True,925-866-2887,120 Market Place,Sport Clips Haircuts Of San Ramon,,
399,4.20,San Ramon,True,925-718-5995,2438 San Ramon Valley Boulevard,The Shaky Razor Barbershop,,
400,4.40,San Ramon,True,925-309-4261,21001 San Ramon Valley Boulevard #119,Zolf Salon,,
401,4.40,,False,925-560-0882,21314 San Ramon Valley Boulevard,Dream Salon,2019-03-02,18:00
402,4.00,,True,707-447-4606,"Nut Tree Village, 1631 East Monte Vista Avenue K101",Sport Clips Haircuts Of Vacaville - Nut Tree Village,2019-03-06,15:00
403,4.90,,True,510-656-1955,40645 Fremont Boulevard,Fremont Barber Shop,2019-03-10,18:00
404,4.80,,True,415-286-4371,1532 20th Street,1512 Barber Shop,2019-03-01,16:30
405,4.40,,True,925-837-2990,1639 North California Boulevard,Blow Dry Bar,2019-03-02,16:00
406,4.80,,True,415-286-4371,1532 20th Street,1512 Barber Shop,2019-03-10,14:00
407,4.80,,True,415-286-4371,1532 20th Street,1512 Barber Shop,2019-03-11,13:30
408,4.80,,True,415-286-4371,1532 20th Street,1512 Barber Shop,2019-03-04,17:30
409,4.60,Saratoga,False,408-973-1454,18478 Prospect Road,Happy Cuts,,
410,4.90,Saratoga,False,408-741-1330,14510 Big Basin Way,Studio O,,
411,4.70,,True,408-605-6261,14531 Big Basin Way,D & H Hair Salon,2019-03-05,12:00
412,3.40,,True,510-243-0808,1386 Fitzgerald Drive,Great Clips,2019-03-13,15:00
413,5.00,,True,669-258-9601,1775 Park Avenue,Barba & Co. San Jose,2019-03-07,11:00
414,4.70,,True,510-653-1059,4801 Telegraph Avenue,17 Jewels Salon,2019-03-01,16:30
415,4.50,,True,925-939-1639,301 Hartz Avenue #105,Blow Dry Bar,2019-03-14,17:30
416,3.30,,True,650-595-5855,2040 Ralston Avenue Ste B,Great Clips,2019-03-07,16:00
417,4.80,,True,415-286-4371,1532 20th Street,1512 Barber Shop,2019-03-06,10:30
418,3.70,Menlo Park,True,650-763-3443,325 Sharon Park Drive Ste F-2,Great Clips,,
419,4.60,Menlo Park,True,650-391-9008,2100 Avy Avenue,Menlo Park Barber Shop,,
420,4.60,,True,650-391-9008,2100 Avy Avenue,Menlo Park Barber Shop,2019-03-05,15:00
421,4.80,,True,415-286-4371,1532 20th Street,1512 Barber Shop,2019-03-10,13:00
422,4.80,,True,415-286-4371,1532 20th Street,1512 Barber Shop,2019-03-11,12:30
423,4.80,,True,707-575-1474,205 5th Street D,Elle Lui Hair Salon,2019-03-02,11:30
424,4.70,,True,510-653-1059,4801 Telegraph Avenue,17 Jewels Salon,2019-03-09,15:00
425,4.30,,True,408-293-3494,1047 Lincoln Highway suite 101,Atelier Salon Willow Glen,2019-03-02,12:30
426,4.50,,True,650-964-5437,1734 El Camino Real,Cubby Cuts For Kids,2019-03-14,16:30
427,4.30,,True,408-293-3494,1047 Lincoln Highway suite 101,Atelier Salon Willow Glen,2019-03-13,13:30
428,4.00,,True,925-238-0059,3136 Contra Loma Boulevard,Himc Barber Studio,2019-03-02,18:30
429,4.50,,True,925-939-1639,301 Hartz Avenue #105,Blow Dry Bar,2019-03-05,12:00
430,4.70,,True,510-653-1059,4801 Telegraph Avenue,17 Jewels Salon,2019-03-02,10:30
431,4.80,,True,510-540-1261,2556 Telegraph Avenue #4,Berkeley Hair Studio,2019-03-07,11:00
432,4.30,,True,408-293-3494,1047 Lincoln Highway suite 101,Atelier Salon Willow Glen,2019-03-06,15:00
433,4.80,,True,415-286-4371,1532 20th Street,1512 Barber Shop,2019-03-05,15:00
434,3.90,,True,415-788-4936,44 Montgomery Street #30,A Businessman'S Haircut,2019-03-03,15:30
435,4.60,Albany,False,510-525-5153,1174 Solano Avenue,Albany Hair Salon,,
436,4.70,Albany,True,510-526-9874,1483 Solano Avenue,Grove Salon,,
437,3.60,Albany,True,510-524-9050,1395 Solano Avenue,Supercuts,,
438,4.60,,False,510-525-5153,1174 Solano Avenue,Albany Hair Salon,2019-03-06,14:00
439,4.00,,True,415-479-1961,216 Northgate One,Great Clips,2019-03-02,12:00
440,4.80,,True,415-286-4371,1532 20th Street,1512 Barber Shop,2019-03-05,18:30
441,4.80,,True,650-328-4855,2307 Birch Street,Dipietro Todd Salon,2019-03-05,17:30
442,4.50,,True,707-689-5136,198 Dobbins Street,Primo'S Barbershop,2019-03-07,10:00
443,3.70,,True,925-446-4144,4330 Clayton Road suite j,Breds Barbershop,2019-03-03,13:00
444,4.40,,True,925-837-2990,1639 North California Boulevard,Blow Dry Bar,2019-03-03,16:00
445,4.60,,False,707-575-5123,122 4th Street,Daredevils & Queens,2019-03-02,17:00
446,3.90,,True,650-460-8290,855 El Camino Real Building #1 Suite #3,18/8 Fine Men'S Salons - Palo Alto,2019-03-06,12:30
447,4.80,,True,415-286-4371,1532 20th Street,1512 Barber Shop,2019-03-03,13:30
448,4.40,,True,925-837-2990,1639 North California Boulevard,Blow Dry Bar,2019-03-02,17:30
449,4.80,,True,707-575-1474,205 5th Street D,Elle Lui Hair Salon,2019-03-08,15:30
450,4.80,,True,415-286-4371,1532 20th Street,1512 Barber Shop,2019-03-06,11:00
451,4.80,,True,415-286-4371,1532 20th Street,1512 Barber Shop,2019-03-03,15:00
452,3.90,Brentwood,True,925-240-1337,6271 Lone Tree Way,Lollipop Haircut Shop,,
453,4.30,Brentwood,True,925-513-2288,5541 Lone Tree Way Suite 120,Sport Clips Haircuts Of Brentwood,,
454,3.50,Brentwood,True,925-240-8560,2420 Sand Creek Road Ste C-2,Supercuts,,
455,4.30,,True,925-513-2288,5541 Lone Tree Way Suite 120,Sport Clips Haircuts Of Brentwood,2019-03-13,10:00
456,4.30,,True,925-513-2288,5541 Lone Tree Way Suite 120,Sport Clips Haircuts Of Brentwood,2019-03-01,10:00
457,3.80,,True,408-532-1849,4055 Evergreen Village Square Ste 110,Great Clips,2019-03-02,14:00
458,3.90,,True,510-415-3420,15208 East 14th Street,Sofia African Hair Braiding,2019-03-02,12:00
459,4.80,,True,415-286-4371,1532 20th Street,1512 Barber Shop,2019-03-01,12:30
460,4.70,,True,510-623-1635,"4175, 42151 Blacow Road",Alex'S Classic Barber Shop,2019-03-08,17:30
461,4.80,,True,415-286-4371,1532 20th Street,1512 Barber Shop,2019-03-07,10:30
462,4.80,,True,415-286-4371,1532 20th Street,1512 Barber Shop,2019-03-09,18:30
463,4.50,,True,925-939-1639,301 Hartz Avenue #105,Blow Dry Bar,2019-03-02,10:30
464,4.40,,False,925-560-0882,21314 San Ramon Valley Boulevard,Dream Salon,2019-03-09,18:30
465,4.80,,True,510-540-1261,2556 Telegraph Avenue #4,Berkeley Hair Studio,2019-03-01,18:30
466,4.80,,True,510-540-1261,2556 Telegraph Avenue #4,Berkeley Hair Studio,2019-03-09,17:30
467,4.30,,True,408-293-3494,1047 Lincoln Highway suite 101,Atelier Salon Willow Glen,2019-03-04,16:30
468,4.80,,True,415-286-4371,1532 20th Street,1512 Barber Shop,2019-03-05,14:00
469,5.00,,True,669-258-9601,1775 Park Avenue,Barba & Co. San Jose,2019-03-02,10:30
470,4.50,,True,415-824-1335,2737 20th Street,20Th Salon And Barber,2019-03-03,16:00
471,4.80,,True,415-286-4371,1532 20th Street,1512 Barber Shop,2019-03-02,10:00
472,4.50,,True,415-824-1335,2737 20th Street,20Th Salon And Barber,2019-03-02,11:30
473,5.00,,True,510-838-2426,2509 Broadway,Bibo Salon,2019-03-08,13:30
474,4.30,,True,408-293-3494,1047 Lincoln Highway suite 101,Atelier Salon Willow Glen,2019-03-01,18:00
475,4.60,,False,707-575-5123,122 4th Street,Daredevils & Queens,2019-03-05,17:30
476,4.70,,True,510-653-1059,4801 Telegraph Avenue,17 Jewels Salon,2019-03-05,18:00
477,4.50,,True,415-824-1335,2737 20th Street,20Th Salon And Barber,2019-03-05,13:30
478,4.80,,True,707-575-1474,205 5th Street D,Elle Lui Hair Salon,2019-03-03,12:00
479,3.90,,True,925-240-1337,6271 Lone Tree Way,Lollipop Haircut Shop,2019-03-05,12:30
480,4.50,,True,925-939-1639,301 Hartz Avenue #105,Blow Dry Bar,2019-03-04,13:00
481,4.80,,True,707-528-8266,314 Mendocino Avenue,Exclusive Spa,2019-03-04,18:30
482,5.00,,False,707-775-3355,855 Lakeville Street #106,Mockingbird Heights Salon,2019-03-05,18:00
483,5.00,,True,510-227-4268,408 14th Street,Benny Adem Grooming Parlor,2019-03-07,10:00
484,4.90,,True,707-769-8000,25 Kentucky Street,Dukes And Dolls Salon,2019-03-01,10:30
485,5.00,,True,925-577-1415,3211 Crow Canyon Place Suite J,Hair By Jane Joo In San Ramon,2019-03-04,15:00
486,4.80,,True,510-540-1261,2556 Telegraph Avenue #4,Berkeley Hair Studio,2019-03-07,18:00
487,3.90,,True,510-415-3420,15208 East 14th Street,Sofia African Hair Braiding,2019-03-07,13:00
488,4.50,,True,415-824-1335,2737 20th Street,20Th Salon And Barber,2019-03-03,12:30
489,4.50,,True,415-824-1335,2737 20th Street,20Th Salon And Barber,2019-03-02,14:30
490,4.30,,False,650-938-2400,820 East El Camino Real,Bollywood Beauty Salon,2019-03-07,15:30
491,4.60,,True,408-214-6060,513 East Hamilton Avenue,Craft Salon & Barbershop,2019-03-05,15:00
492,4.80,,True,415-286-4371,1532 20th Street,1512 Barber Shop,2019-03-07,13:30
493,4.10,,True,925-798-5214,2255 Contra Costa Boulevard,Cool Tops,2019-03-04,15:00
494,4.40,,True,650-966-8588,2425 California Street # C,Christine'S Salon,2019-03-07,11:30
495,4.30,,True,408-293-3494,1047 Lincoln Highway suite 101,Atelier Salon Willow Glen,2019-03-05,11:30
496,3.70,,True,925-556-1775,4550 Tassajara Road,Great Clips,2019-03-01,14:00
497,4.70,,True,510-623-1635,"4175, 42151 Blacow Road",Alex'S Classic Barber Shop,2019-03-01,12:00
498,3.30,,True,925-681-2887,790 Oak Grove Road Ste B,Great Clips,2019-03-01,17:00
499,4.70,,True,510-653-1059,4801 Telegraph Avenue,17 Jewels Salon,2019-03-09,11:30
500,4.80,,True,510-540-1261,2556 Telegraph Avenue #4,Berkeley Hair Studio,2019-03-01,13:00
501,4.50,,True,925-939-1639,301 Hartz Avenue #105,Blow Dry Bar,2019-03-02,15:30
502,4.50,,True,925-939-1639,301 Hartz Avenue #105,Blow Dry Bar,2019-03-05,14:30
503,5.00,,True,669-258-9601,1775 Park Avenue,Barba & Co. San Jose,2019-03-07,13:00
504,3.90,,True,510-415-3420,15208 East 14th Street,Sofia African Hair Braiding,2019-03-05,16:00
505,4.80,,True,415-286-4371,1532 20th Street,1512 Barber Shop,2019-03-06,11:30
506,4.80,,True,707-528-8266,314 Mendocino Avenue,Exclusive Spa,2019-03-05,14:30
507,4.80,,True,408-727-2200,2485 De La Cruz Boulevard,About Time Barber Shop,2019-03-07,17:00
508,3.90,,True,650-460-8290,855 El Camino Real Building #1 Suite #3,18/8 Fine Men'S Salons - Palo Alto,2019-03-05,14:30
509,5.00,,True,510-473-7869,1502 1/2 Webster St,Al'S Barber Shop,2019-03-09,14:30
510,5.00,,True,650-679-0457,704 Winslow Street,August Barbershop,2019-03-02,16:00
511,4.40,,True,925-837-2990,1639 North California Boulevard,Blow Dry Bar,2019-03-03,15:00
512,4.70,,True,510-653-1059,4801 Telegraph Avenue,17 Jewels Salon,2019-03-01,16:00
513,4.50,,True,415-824-1335,2737 20th Street,20Th Salon And Barber,2019-03-09,10:00
514,4.80,,True,415-286-4371,1532 20th Street,1512 Barber Shop,2019-03-07,10:00
515,4.10,,True,650-493-2100,3902 Middlefield Road,Great Clips,2019-03-08,10:30
516,4.70,,True,408-371-2051,2160 South Bascom Avenue,Bella Capelli Salon,2019-03-02,10:30
517,4.30,,True,408-293-3494,1047 Lincoln Highway suite 101,Atelier Salon Willow Glen,2019-03-05,10:30
518,4.40,Gilroy,True,408-763-6990,7520 Eigleberry Street,Garlic City Barbers,,
519,4.90,Gilroy,False,408-842-8800,8505 Church Street #9,Googooli,,
520,4.20,Gilroy,True,408-842-0237,791 1st Street,Great Clips,,
521,3.90,Gilroy,True,408-847-8454,6965 Camino Arroyo Ste 40,Supercuts Gilroy Crossing,,
522,4.40,,True,408-763-6990,7520 Eigleberry Street,Garlic City Barbers,2019-03-05,14:30
523,4.90,,True,707-769-8000,25 Kentucky Street,Dukes And Dolls Salon,2019-03-05,11:00
524,4.80,,True,415-286-4371,1532 20th Street,1512 Barber Shop,2019-03-04,10:00
525,4.30,,False,510-527-3100,1880 Solano Avenue,Aya Salon & Spa,2019-03-01,18:00
526,3.90,,True,650-460-8290,855 El Camino Real Building #1 Suite #3,18/8 Fine Men'S Salons - Palo Alto,2019-03-03,14:00
527,4.30,,False,510-527-3100,1880 Solano Avenue,Aya Salon & Spa,2019-03-04,11:30
528,4.70,,True,408-371-2051,2160 South Bascom Avenue,Bella Capelli Salon,2019-03-05,16:00
529,5.00,,True,669-258-9601,1775 Park Avenue,Barba & Co. San Jose,2019-03-06,13:30
530,4.50,,True,415-824-1335,2737 20th Street,20Th Salon And Barber,2019-03-01,18:30
531,5.00,,True,669-258-9601,1775 Park Avenue,Barba & Co. San Jose,2019-03-02,16:00
532,4.80,,True,415-286-4371,1532 20th Street,1512 Barber Shop,2019-03-01,15:30
533,3.70,,True,925-446-4144,4330 Clayton Road suite j,Breds Barbershop,2019-03-07,17:00
534,3.90,,True,415-788-4936,44 Montgomery Street #30,A Businessman'S Haircut,2019-03-02,10:00
535,4.90,,True,707-266-1108,1637 Lincoln Avenue,Stags Barbershop,2019-03-01,14:30
536,5.00,,True,510-227-4268,408 14th Street,Benny Adem Grooming Parlor,2019-03-05,11:30
537,4.80,,True,415-286-4371,1532 20th Street,1512 Barber Shop,2019-03-01,10:00
538,4.30,,True,408-293-3494,1047 Lincoln Highway suite 101,Atelier Salon Willow Glen,2019-03-01,17:30
539,4.80,,True,415-286-4371,1532 20th Street,1512 Barber Shop,2019-03-06,15:00
540,4.90,,True,707-769-8000,25 Kentucky Street,Dukes And Dolls Salon,2019-03-05,11:30
541,4.30,,True,408-293-3494,1047 Lincoln Highway suite 101,Atelier Salon Willow Glen,2019-03-02,17:30
542,4.80,,True,415-286-4371,1532 20th Street,1512 Barber Shop,2019-03-03,14:00
543,4.10,Milpitas,True,408-644-5852,1216 South Abel Street,Apple Salon Hair & Nails,,
544,4.30,Milpitas,True,408-618-8988,308 South Abel Street,Galaxy Barber Shop,,
545,4.30,Milpitas,True,408-904-8917,184 South Main Street,Legends Barbershop,,
546,4.00,Milpitas,True,408-946-9999,33 North Milpitas Boulevard,Simple Hair,,
547,4.10,,True,408-644-5852,1216 South Abel Street,Apple Salon Hair & Nails,2019-03-02,12:00
548,4.30,,True,408-293-3494,1047 Lincoln Highway suite 101,Atelier Salon Willow Glen,2019-03-04,11:30
549,4.80,,True,415-286-4371,1532 20th Street,1512 Barber Shop,2019-03-08,16:00
550,5.00,,True,650-679-0457,704 Winslow Street,August Barbershop,2019-03-02,11:30
551,4.70,,True,925-822-9826,1634 Bonanza Street,Drybar Walnut Creek,2019-03-05,16:30
552,3.20,,True,510-845-2322,2415 Shattuck Avenue,Great Clips,2019-03-01,17:30
553,4.50,,True,408-460-8070,1186 South 2nd Street,Beautique Salon,2019-03-07,12:00
554,4.40,,False,707-935-8329,18615 California 12,C C Beauty Salon,2019-03-06,18:00
555,5.00,,True,707-364-6469,410 Petaluma Boulevard South,Modern Classics Barber Shop,2019-03-06,18:00
556,4.30,,True,510-843-4919,2492 Channing Way,Edge Hair Salon,2019-03-03,11:30
557,4.20,Morgan Hill,True,408-465-0180,820 East Dunne Avenue Ste 170,Great Clips,,
558,4.20,Morgan Hill,True,408-782-7456,1053 Cochrane Road Suite 140,Sport Clips Haircuts Of Morgan Hill,,
559,4.30,Morgan Hill,True,408-726-9026,16375 Monterey Road,Timeless Barbers,,
560,4.30,,True,408-293-3494,1047 Lincoln Highway suite 101,Atelier Salon Willow Glen,2019-03-01,18:30
561,4.70,,True,510-653-1059,4801 Telegraph Avenue,17 Jewels Salon,2019-03-03,10:00
562,4.80,,True,707-575-1474,205 5th Street D,Elle Lui Hair Salon,2019-03-08,14:30
563,4.70,,True,510-623-1635,"4175, 42151 Blacow Road",Alex'S Classic Barber Shop,2019-03-08,17:00
564,3.90,,True,415-788-4936,44 Montgomery Street #30,A Businessman'S Haircut,2019-03-03,10:00
565,4.10,,True,925-798-5214,2255 Contra Costa Boulevard,Cool Tops,2019-03-03,11:00
566,4.80,,True,415-286-4371,1532 20th Street,1512 Barber Shop,2019-03-01,12:00
567,3.90,,True,650-460-8290,855 El Camino Real Building #1 Suite #3,18/8 Fine Men'S Salons - Palo Alto,2019-03-03,18:00
568,3.90,,True,415-788-4936,44 Montgomery Street #30,A Businessman'S Haircut,2019-03-02,18:30
569,4.80,,True,415-286-4371,1532 20th Street,1512 Barber Shop,2019-03-05,13:00
570,4.40,,True,925-837-2990,1639 North California Boulevard,Blow Dry Bar,2019-03-08,12:00
571,5.00,,True,650-679-0457,704 Winslow Street,August Barbershop,2019-03-01,14:00
572,3.70,,True,707-585-6390,360 Rohnert Park Expressway W,Great Clips,2019-03-09,12:30
573,3.90,,True,650-460-8290,855 El Camino Real Building #1 Suite #3,18/8 Fine Men'S Salons - Palo Alto,2019-03-09,14:00
574,4.80,,True,415-286-4371,1532 20th Street,1512 Barber Shop,2019-03-09,14:00
575,4.50,Union City,False,510-477-4782,34624 Alvarado-Niles Road,Precision Cutz,,
576,3.80,,False,408-928-2887,1780 Story Road # 20,Precision Cutz,2019-03-07,14:00
577,4.70,,False,925-462-4348,350 Main Street # J,Gary Patrick Salon,2019-03-13,16:00
578,4.50,,True,925-939-1639,301 Hartz Avenue #105,Blow Dry Bar,2019-03-12,14:00
579,4.50,,True,415-824-1335,2737 20th Street,20Th Salon And Barber,2019-03-06,10:30
580,5.00,,True,669-258-9601,1775 Park Avenue,Barba & Co. San Jose,2019-03-05,14:30
581,4.70,,True,510-623-1635,"4175, 42151 Blacow Road",Alex'S Classic Barber Shop,2019-03-03,17:00
582,4.40,,True,510-881-9555,3372 Village Drive,Village Barber Shop,2019-03-10,11:00
583,4.20,South San Francisco,True,650-873-5887,1027 Airport Boulevard,Philgood Cuts,,
584,3.80,South San Francisco,True,650-589-6612,945 El Camino Real,Supercuts,,
585,3.80,,True,707-257-3744,1806 Soscol Avenue B,Supercuts,2019-03-14,16:00
586,4.10,,True,408-644-5852,1216 South Abel Street,Apple Salon Hair & Nails,2019-03-02,17:30
587,4.10,,True,408-644-5852,1216 South Abel Street,Apple Salon Hair & Nails,2019-03-09,11:30
588,4.50,,True,650-964-5437,1734 El Camino Real,Cubby Cuts For Kids,2019-03-05,17:30
589,4.70,,True,510-653-1059,4801 Telegraph Avenue,17 Jewels Salon,2019-03-07,11:00
590,4.40,Belmont,True,650-591-9677,1098 Alameda de las Pulgas,Belmont Hair Studio,,
591,4.50,Belmont,True,650-592-9772,1024 6th Avenue,Bushwacker Barbers,,
592,3.30,Belmont,True,650-595-5855,2040 Ralston Avenue Ste B,Great Clips,,
593,3.10,Belmont,True,650-592-2887,1250 El Camino Real b,Supercuts,,
594,4.40,,True,650-591-9677,1098 Alameda de las Pulgas,Belmont Hair Studio,2019-03-05,14:30
595,4.20,,True,408-663-0137,2803 El Camino Real,Jimmy Hair Team,2019-03-09,17:00
596,5.00,,True,510-227-4268,408 14th Street,Benny Adem Grooming Parlor,2019-03-06,16:30
597,4.30,,True,408-293-3494,1047 Lincoln Highway suite 101,Atelier Salon Willow Glen,2019-03-08,11:30
598,4.40,Newark,False,510-795-7852,36935 Sycamore Street,Kim P Beauty Care,,
599,3.70,Newark,True,510-793-7901,5777 Jarvis Avenue,Supercuts,,
600,4.90,Newark,False,510-894-2885,6449 Thornton Avenue A,The Madhouse Salon,,
601,3.70,,True,925-606-8811,4489 First Street,Supercuts,2019-03-12,16:30
602,4.90,,True,707-266-1108,1637 Lincoln Avenue,Stags Barbershop,2019-03-07,10:00
603,4.10,,True,707-751-1775,808 Southampton Road,Sport Clips Haircuts Of Benicia,2019-03-06,15:00
604,4.70,,True,510-623-1635,"4175, 42151 Blacow Road",Alex'S Classic Barber Shop,2019-03-05,13:30
605,3.40,,True,510-243-0808,1386 Fitzgerald Drive,Great Clips,2019-03-04,14:30
606,5.00,,True,650-679-0457,704 Winslow Street,August Barbershop,2019-03-14,14:30
607,4.20,,True,707-562-2555,6040 Main Street Ste 144,Great Clips,2019-03-07,13:30
608,3.90,,True,650-460-8290,855 El Camino Real Building #1 Suite #3,18/8 Fine Men'S Salons - Palo Alto,2019-03-07,11:00
609,4.50,,True,415-824-1335,2737 20th Street,20Th Salon And Barber,2019-03-01,11:30
610,4.90,San Carlos,True,650-394-8080,58 El Camino Real,Sasha Salon,,
611,4.10,San Carlos,True,650-592-6075,1321 Laurel Street A,Today'S Haircuts,,
612,4.10,,True,650-592-6075,1321 Laurel Street A,Today'S Haircuts,2019-03-11,11:00
613,4.20,,False,408-244-3888,1274 Benton Street,Hunny Hair & Nail Spa,2019-03-04,11:00
614,4.30,,True,925-454-0292,1416 First Street,Great Clips,2019-03-11,10:00
615,4.30,,True,408-293-3494,1047 Lincoln Highway suite 101,Atelier Salon Willow Glen,2019-03-06,16:00
616,4.00,,True,415-891-3571,208 Redwood Avenue,Colour Bar,2019-03-13,17:00
617,4.30,Lafayette,True,925-297-5127,15 Fiesta Lane,18|8 Fine Men'S Salons - Lafayette,,
618,4.70,Lafayette,False,925-284-7930,3629 Mount Diablo Boulevard,California Haircuts,,
619,4.50,Lafayette,False,925-284-1474,57 Lafayette Circle,Caroline'S Salon,,
620,5.00,Lafayette,True,925-385-7200,999 Oak Hill Road,Citizen Salon,,
621,4.90,Lafayette,True,925-351-5556,"3805, 1001 Oak Hill Road",Sharp Barber Shop,,
622,4.30,Lafayette,True,925-299-6750,3586 Mount Diablo Boulevard,Supercuts,,
623,4.30,,True,925-297-5127,15 Fiesta Lane,18|8 Fine Men'S Salons - Lafayette,2019-03-04,14:30
624,4.50,,True,925-939-1639,301 Hartz Avenue #105,Blow Dry Bar,2019-03-01,10:30
625,4.30,,True,408-293-3494,1047 Lincoln Highway suite 101,Atelier Salon Willow Glen,2019-03-03,10:30
626,4.50,,True,650-592-9772,1024 6th Avenue,Bushwacker Barbers,2019-03-01,17:00
627,5.00,,True,510-473-7869,1502 1/2 Webster St,Al'S Barber Shop,2019-03-09,16:00
628,4.10,Orinda,True,925-254-7474,1 Camino Sobrante Ste 5,Great Clips,,
629,4.20,,True,408-842-0237,791 1st Street,Great Clips,2019-03-05,14:00
630,4.60,,True,925-228-2010,620 Main Street,Citrus Salon,2019-03-08,16:30
631,4.70,,True,510-623-1635,"4175, 42151 Blacow Road",Alex'S Classic Barber Shop,2019-03-09,16:30
632,4.20,,True,408-663-0137,2803 El Camino Real,Jimmy Hair Team,2019-03-14,11:00
633,3.90,,True,650-460-8290,855 El Camino Real Building #1 Suite #3,18/8 Fine Men'S Salons - Palo Alto,2019-03-08,16:30
634,4.80,,True,408-727-2200,2485 De La Cruz Boulevard,About Time Barber Shop,2019-03-14,17:00
635,3.90,,True,650-460-8290,855 El Camino Real Building #1 Suite #3,18/8 Fine Men'S Salons - Palo Alto,2019-03-05,16:30
636,4.80,,True,415-286-4371,1532 20th Street,1512 Barber Shop,2019-03-08,15:00
637,4.10,,True,925-798-5214,2255 Contra Costa Boulevard,Cool Tops,2019-03-07,17:00
638,5.00,,True,925-577-1415,3211 Crow Canyon Place Suite J,Hair By Jane Joo In San Ramon,2019-03-11,11:30
639,5.00,,True,510-227-4268,408 14th Street,Benny Adem Grooming Parlor,2019-03-12,11:30
640,4.00,,True,415-891-3571,208 Redwood Avenue,Colour Bar,2019-03-05,14:00
641,3.90,,True,707-935-0100,19217 Sonoma Highway,Great Clips,2019-03-09,14:30
642,4.70,,False,510-574-0881,5154 Mowry Avenue,3Sixty Salon And Boutique,2019-03-13,15:30
643,4.40,Mill Valley,True,415-987-5893,40 Millwood Street,Ap Luxe Salon,,
644,4.40,Mill Valley,True,415-389-8000,800 Redwood Highway #220,D&O Salon,,
645,4.40,Mill Valley,False,415-381-1950,655 Redwood Highway #140,Edward'S Salon,,
646,5.00,Mill Valley,True,415-569-5000,45 Camino Alto #106,Miller And Mane,,
647,4.60,Mill Valley,False,415-388-0988,3 East Blithedale Avenue,Milvali Salon & Cosmetics,,
648,4.90,Mill Valley,True,415-384-8102,142 East Blithedale Avenue,Shavery Barbershop,,
649,3.70,Mill Valley,True,415-384-8440,383 Miller Avenue,Showroom 383 Salon,,
650,4.40,,True,415-389-8000,800 Redwood Highway #220,D&O Salon,2019-03-01,15:00
651,4.90,,True,650-394-8080,58 El Camino Real,Sasha Salon,2019-03-14,17:00
652,4.50,,True,415-824-1335,2737 20th Street,20Th Salon And Barber,2019-03-12,13:30
653,4.70,,True,510-653-1059,4801 Telegraph Avenue,17 Jewels Salon,2019-03-03,15:00
654,4.30,,False,510-527-3100,1880 Solano Avenue,Aya Salon & Spa,2019-03-06,14:00
655,4.80,Fairfax,True,415-258-0178,67 Broadway,Fairfax Barber Shop,,
656,4.60,,True,650-344-3010,1221 Donnelly Avenue,Didi Salon,2019-03-07,14:00
657,4.60,,True,707-861-3476,6790 McKinley Street #180,Reframe Hair Gallery,2019-03-06,17:00
658,4.70,,False,510-574-0881,5154 Mowry Avenue,3Sixty Salon And Boutique,2019-03-12,16:00
659,4.60,,True,650-391-9008,2100 Avy Avenue,Menlo Park Barber Shop,2019-03-05,10:30
660,4.80,,False,925-447-1776,1776 First Street,Fusion 3 Salon Livermore,2019-03-03,14:00
661,4.40,,True,650-966-8588,2425 California Street # C,Christine'S Salon,2019-03-08,13:30
662,4.30,,True,408-293-3494,1047 Lincoln Highway suite 101,Atelier Salon Willow Glen,2019-03-14,10:30
663,4.70,,True,510-653-1059,4801 Telegraph Avenue,17 Jewels Salon,2019-03-14,15:00
664,4.70,,True,510-653-1059,4801 Telegraph Avenue,17 Jewels Salon,2019-03-07,13:30
665,3.90,,True,650-460-8290,855 El Camino Real Building #1 Suite #3,18/8 Fine Men'S Salons - Palo Alto,2019-03-09,10:00
666,4.70,Vacaville,False,707-447-3197,819 Davis Street # E,Kings Cuts,,
667,4.70,,False,707-447-3197,819 Davis Street # E,Kings Cuts,2019-03-12,11:00
668,4.30,,True,408-618-8988,308 South Abel Street,Galaxy Barber Shop,2019-03-09,10:30
669,4.70,,True,650-342-1602,1012 Oak Grove Avenue,Burlingame Barber Shop,2019-03-02,16:00
670,4.80,,True,415-286-4371,1532 20th Street,1512 Barber Shop,2019-03-07,16:30
671,5.00,,True,669-258-9601,1775 Park Avenue,Barba & Co. San Jose,2019-03-13,15:30
672,3.90,,True,650-522-8433,929 East Hillsdale Boulevard,Great Clips,2019-03-04,11:00
673,5.00,,True,707-364-6469,410 Petaluma Boulevard South,Modern Classics Barber Shop,2019-03-14,16:00
674,4.30,,True,925-454-0292,1416 First Street,Great Clips,2019-03-12,15:00
675,4.00,,True,415-891-3571,208 Redwood Avenue,Colour Bar,2019-03-07,16:30
676,4.00,,True,415-891-3571,208 Redwood Avenue,Colour Bar,2019-03-14,14:00
677,4.80,,True,415-286-4371,1532 20th Street,1512 Barber Shop,2019-03-12,15:00
678,4.60,,True,650-344-3010,1221 Donnelly Avenue,Didi Salon,2019-03-02,11:00
679,3.90,,True,510-415-3420,15208 East 14th Street,Sofia African Hair Braiding,2019-03-01,16:30
680,3.90,,True,650-460-8290,855 El Camino Real Building #1 Suite #3,18/8 Fine Men'S Salons - Palo Alto,2019-03-01,17:00
681,4.30,,True,408-293-3494,1047 Lincoln Highway suite 101,Atelier Salon Willow Glen,2019-03-13,16:30
682,4.80,,True,415-286-4371,1532 20th Street,1512 Barber Shop,2019-03-11,16:30
683,4.30,,True,925-462-2695,4275 First Street,Cosmo'S Barber Shop,2019-03-03,15:30
684,5.00,,True,669-258-9601,1775 Park Avenue,Barba & Co. San Jose,2019-03-11,10:00
685,4.70,,True,510-653-1059,4801 Telegraph Avenue,17 Jewels Salon,2019-03-08,10:30
686,4.70,,True,510-653-1059,4801 Telegraph Avenue,17 Jewels Salon,2019-03-07,16:30
687,4.50,Rohnert Park,True,707-843-3921,6469 Redwood Drive,Barber'S Garage,,
688,3.70,Rohnert Park,True,707-585-6390,360 Rohnert Park Expressway W,Great Clips,,
689,4.50,Rohnert Park,True,707-293-8407,6590 Commerce Boulevard,Razor Mike'S Barber Shop,,
690,4.40,Rohnert Park,True,707-664-5259,15 Raley's Towne Centre,Supercuts,,
691,4.50,,True,707-843-3921,6469 Redwood Drive,Barber'S Garage,2019-03-02,13:30
692,4.80,,True,707-575-1474,205 5th Street D,Elle Lui Hair Salon,2019-03-02,15:00
693,4.00,,True,925-210-0613,1833 Ygnacio Valley Road,Great Clips,2019-03-14,16:00
694,3.50,,True,707-747-0659,868 Southampton Road,Supercuts,2019-03-06,11:30
695,3.70,,True,925-446-4144,4330 Clayton Road suite j,Breds Barbershop,2019-03-02,16:30
696,4.60,,True,510-247-9087,27659 Mission Boulevard,King Of Kutz Barbershop,2019-03-09,10:30
697,3.80,,True,408-738-8389,472 North Mathilda Avenue,Alpha Barbershop,2019-03-07,16:00
698,4.30,,False,510-527-3100,1880 Solano Avenue,Aya Salon & Spa,2019-03-10,10:30
699,4.30,,False,510-527-3100,1880 Solano Avenue,Aya Salon & Spa,2019-03-04,15:30
700,4.90,,True,510-656-1955,40645 Fremont Boulevard,Fremont Barber Shop,2019-03-07,17:00
701,4.80,,True,415-286-4371,1532 20th Street,1512 Barber Shop,2019-03-01,10:30
702,4.60,,True,510-223-2900,1406 Pinole Valley Road,Jovance Salon & Barbering,2019-03-08,15:00
703,4.60,Daly City,True,650-550-4180,6755 Mission Street,Black & Gold Barber Lounge,,
704,3.80,Daly City,True,650-992-3747,215 Westlake Center,Supercuts,,
705,3.40,,True,415-566-3929,59 West Portal Avenue,Supercuts,2019-03-03,12:00
706,4.30,,True,925-299-6750,3586 Mount Diablo Boulevard,Supercuts,2019-03-03,14:30
707,4.30,,False,510-527-3100,1880 Solano Avenue,Aya Salon & Spa,2019-03-04,10:00
708,4.30,,False,510-527-3100,1880 Solano Avenue,Aya Salon & Spa,2019-03-10,10:00
709,4.30,,True,925-297-5127,15 Fiesta Lane,18|8 Fine Men'S Salons - Lafayette,2019-03-06,10:30
710,4.30,,True,408-293-3494,1047 Lincoln Highway suite 101,Atelier Salon Willow Glen,2019-03-05,13:30
711,3.90,,True,510-849-1188,2646 Ashby Avenue,Supercuts,2019-03-02,10:30
712,3.80,,True,925-679-0279,2589 Main Street,Great Clips,2019-03-13,10:30
713,4.80,,True,415-286-4371,1532 20th Street,1512 Barber Shop,2019-03-04,17:00
714,4.30,,True,408-293-3494,1047 Lincoln Highway suite 101,Atelier Salon Willow Glen,2019-03-13,17:00
715,4.80,,True,415-286-4371,1532 20th Street,1512 Barber Shop,2019-03-11,15:00
716,4.80,,True,510-540-1261,2556 Telegraph Avenue #4,Berkeley Hair Studio,2019-03-11,15:00
717,5.00,,True,669-258-9601,1775 Park Avenue,Barba & Co. San Jose,2019-03-01,15:00
718,4.90,,True,707-266-1108,1637 Lincoln Avenue,Stags Barbershop,2019-03-05,11:30
719,4.70,,True,510-653-1059,4801 Telegraph Avenue,17 Jewels Salon,2019-03-12,14:30
720,4.80,,True,415-286-4371,1532 20th Street,1512 Barber Shop,2019-03-04,16:00
721,4.40,,True,415-987-5893,40 Millwood Street,Ap Luxe Salon,2019-03-04,10:30
722,4.80,,True,415-286-4371,1532 20th Street,1512 Barber Shop,2019-03-12,10:00
723,4.80,,True,415-286-4371,1532 20th Street,1512 Barber Shop,2019-03-07,14:30
724,4.60,,True,650-550-4180,6755 Mission Street,Black & Gold Barber Lounge,2019-03-03,17:00
725,4.80,,True,415-286-4371,1532 20th Street,1512 Barber Shop,2019-03-09,13:30
726,4.50,,False,510-477-4782,34624 Alvarado-Niles Road,Precision Cutz,2019-03-02,15:30
727,4.70,Half Moon Bay,True,650-995-4040,765 MAIN STREET HALF,Main Barber,,
728,4.70,,True,650-995-4040,765 MAIN STREET HALF,Main Barber,2019-03-02,16:00
729,4.80,,True,415-286-4371,1532 20th Street,1512 Barber Shop,2019-03-06,16:00
730,4.80,,True,707-575-1474,205 5th Street D,Elle Lui Hair Salon,2019-03-11,17:30
731,4.70,,True,650-342-1602,1012 Oak Grove Avenue,Burlingame Barber Shop,2019-03-10,16:00
732,4.50,,False,510-477-4782,34624 Alvarado-Niles Road,Precision Cutz,2019-03-01,17:30
733,4.80,,True,415-286-4371,1532 20th Street,1512 Barber Shop,2019-03-14,17:30
734,4.70,,True,510-653-1059,4801 Telegraph Avenue,17 Jewels Salon,2019-03-01,15:30
735,4.30,,False,650-938-2400,820 East El Camino Real,Bollywood Beauty Salon,2019-03-01,17:00
736,4.30,Richmond,False,510-236-9062,12221 San Pablo Avenue,Tommy Cuts,,
737,4.30,,False,510-236-9062,12221 San Pablo Avenue,Tommy Cuts,2019-03-01,17:00
738,4.70,,True,408-371-2051,2160 South Bascom Avenue,Bella Capelli Salon,2019-03-13,15:00
739,3.90,,True,510-415-3420,15208 East 14th Street,Sofia African Hair Braiding,2019-03-12,16:30
740,4.30,,True,510-582-6310,4045 East Castro Valley Boulevard,Great Clips,2019-03-14,15:00
741,4.30,,False,650-938-2400,820 East El Camino Real,Bollywood Beauty Salon,2019-03-04,15:30
742,4.70,,False,510-649-7843,6493 Portola Drive,Chop Salon & Spa,2019-03-11,17:30
743,4.70,,True,707-575-5551,1235 North Dutton Avenue Suite B,Leading Edge Salon,2019-03-04,16:00
744,4.10,,True,408-644-5852,1216 South Abel Street,Apple Salon Hair & Nails,2019-03-08,15:00
745,4.30,,True,408-293-3494,1047 Lincoln Highway suite 101,Atelier Salon Willow Glen,2019-03-06,14:30
746,5.00,,True,650-679-0457,704 Winslow Street,August Barbershop,2019-03-02,15:00
747,4.50,,True,415-824-1335,2737 20th Street,20Th Salon And Barber,2019-03-10,15:30
748,4.80,,True,415-286-4371,1532 20th Street,1512 Barber Shop,2019-03-03,15:30
749,4.30,,True,408-293-3494,1047 Lincoln Highway suite 101,Atelier Salon Willow Glen,2019-03-04,16:00
750,4.70,,True,650-342-1602,1012 Oak Grove Avenue,Burlingame Barber Shop,2019-03-09,15:00
751,4.90,,True,650-394-8080,58 El Camino Real,Sasha Salon,2019-03-06,15:00
752,3.70,,True,925-446-4144,4330 Clayton Road suite j,Breds Barbershop,2019-03-03,17:00
753,4.30,,True,408-293-3494,1047 Lincoln Highway suite 101,Atelier Salon Willow Glen,2019-03-05,16:30
754,4.80,,True,415-286-4371,1532 20th Street,1512 Barber Shop,2019-03-11,17:30
755,4.30,,True,408-293-3494,1047 Lincoln Highway suite 101,Atelier Salon Willow Glen,2019-03-11,16:30
756,4.10,,True,707-751-1775,808 Southampton Road,Sport Clips Haircuts Of Benicia,2019-03-10,17:30
757,4.30,,True,925-297-5127,15 Fiesta Lane,18|8 Fine Men'S Salons - Lafayette,2019-03-11,15:00
758,4.80,,True,415-286-4371,1532 20th Street,1512 Barber Shop,2019-03-06,15:30
759,4.90,,True,650-394-8080,58 El Camino Real,Sasha Salon,2019-03-02,16:00
760,4.80,,True,415-286-4371,1532 20th Street,1512 Barber Shop,2019-03-12,16:00
761,4.50,,True,415-824-1335,2737 20th Street,20Th Salon And Barber,2019-03-13,17:00
762,4.30,,True,408-293-3494,1047 Lincoln Highway suite 101,Atelier Salon Willow Glen,2019-03-04,17:00
763,4.80,Woodside,True,650-851-1150,2920 Woodside Road,Olive Hill Salon,,
764,4.80,,True,650-851-1150,2920 Woodside Road,Olive Hill Salon,2019-03-11,14:30
765,5.00,,True,415-250-4370,294 North San Pedro Road,Best Coast Cuts,2019-03-07,16:30
766,4.30,,True,925-462-2695,4275 First Street,Cosmo'S Barber Shop,2019-03-10,17:30
767,4.80,,True,707-575-1474,205 5th Street D,Elle Lui Hair Salon,2019-03-02,16:00
768,4.80,,True,415-286-4371,1532 20th Street,1512 Barber Shop,2019-03-11,15:30
769,4.20,Dublin,False,925-560-8569,6046 Dougherty Road,Anu'S Beautique,,
770,3.70,Dublin,True,925-556-1775,4550 Tassajara Road,Great Clips,,
771,4.20,,False,925-560-8569,6046 Dougherty Road,Anu'S Beautique,2019-03-04,16:30
772,4.80,,True,415-286-4371,1532 20th Street,1512 Barber Shop,2019-03-12,14:30
773,4.20,,True,408-663-0137,2803 El Camino Real,Jimmy Hair Team,2019-03-13,17:30
774,4.80,,True,415-286-4371,1532 20th Street,1512 Barber Shop,2019-03-12,17:30
775,4.50,,True,415-824-1335,2737 20th Street,20Th Salon And Barber,2019-03-04,14:30
776,4.20,,True,510-522-2881,1500 Encinal Avenue,Salon 1500,2019-03-12,17:00
777,4.90,,True,650-394-8080,58 El Camino Real,Sasha Salon,2019-03-10,17:00
778,4.30,,True,408-293-3494,1047 Lincoln Highway suite 101,Atelier Salon Willow Glen,2019-03-08,15:00
779,3.90,,True,650-552-9316,979 Broadway Ave Ste 108,Great Clips,2019-03-11,16:30
780,4.50,,True,415-824-1335,2737 20th Street,20Th Salon And Barber,2019-03-03,14:30
781,4.40,,True,925-798-3000,114 Sun Valley Mall,Empire Barbershop,2019-03-10,15:30
782,3.70,,True,925-446-4144,4330 Clayton Road suite j,Breds Barbershop,2019-03-05,14:00
783,4.80,,True,415-286-4371,1532 20th Street,1512 Barber Shop,2019-03-06,17:00
784,5.00,,True,650-679-0457,704 Winslow Street,August Barbershop,2019-03-07,16:00
785,4.00,,True,925-210-0613,1833 Ygnacio Valley Road,Great Clips,2019-03-14,17:00
786,4.20,,True,408-465-0180,820 East Dunne Avenue Ste 170,Great Clips,2019-03-08,15:30
787,4.10,,True,408-743-5780,450 East El Camino Real,A+ Haircuts For Men,2019-03-10,17:00
788,5.00,,True,415-250-4370,294 North San Pedro Road,Best Coast Cuts,2019-03-08,17:30
789,4.50,,True,925-349-6036,1585 Clayton Road,First Class Barber Shop,2019-03-02,15:00
790,4.50,Foster City,False,650-349-2414,939 Edgewater Boulevard E,Barberia Salon,,
791,4.50,,False,650-349-2414,939 Edgewater Boulevard E,Barberia Salon,2019-03-14,15:30
792,5.00,,True,650-345-9882,2260 Palm Avenue,Elite Hair Design,2019-03-12,16:00
793,5.00,,True,650-345-9882,2260 Palm Avenue,Elite Hair Design,2019-03-13,16:30
794,3.90,,True,415-788-4936,44 Montgomery Street #30,A Businessman'S Haircut,2019-03-05,14:30
795,4.80,,True,925-600-0080,722 Main Street,Fusion 3 Salon Pleasanton,2019-03-14,16:30
796,4.30,,False,510-527-3100,1880 Solano Avenue,Aya Salon & Spa,2019-03-13,15:30
797,3.40,,True,650-685-1888,207 East 4th Avenue,Great Clips,2019-03-03,15:00
798,4.40,,True,408-763-6990,7520 Eigleberry Street,Garlic City Barbers,2019-03-10,16:30
799,4.20,,False,925-560-8569,6046 Dougherty Road,Anu'S Beautique,2019-03-05,16:00
800,4.80,,True,408-727-2200,2485 De La Cruz Boulevard,About Time Barber Shop,2019-03-06,17:30
801,4.80,,True,415-286-4371,1532 20th Street,1512 Barber Shop,2019-03-09,16:00
802,3.90,,True,650-460-8290,855 El Camino Real Building #1 Suite #3,18/8 Fine Men'S Salons - Palo Alto,2019-03-10,15:00
803,4.10,,True,650-493-2100,3902 Middlefield Road,Great Clips,2019-03-10,16:30
804,3.90,,True,415-788-4936,44 Montgomery Street #30,A Businessman'S Haircut,2019-03-08,15:30
805,3.70,,True,707-585-6390,360 Rohnert Park Expressway W,Great Clips,2019-03-09,15:30
806,5.00,,True,510-227-4268,408 14th Street,Benny Adem Grooming Parlor,2019-03-03,17:00
807,4.70,,False,510-574-0881,5154 Mowry Avenue,3Sixty Salon And Boutique,2019-03-13,14:00
808,4.70,,True,408-866-4247,565 East Campbell Avenue,Rage Salon,2019-03-12,15:30
809,3.90,,True,650-460-8290,855 El Camino Real Building #1 Suite #3,18/8 Fine Men'S Salons - Palo Alto,2019-03-05,15:30
810,4.40,,True,925-837-2990,1639 North California Boulevard,Blow Dry Bar,2019-03-08,15:30
811,4.80,,True,925-600-0080,722 Main Street,Fusion 3 Salon Pleasanton,2019-03-03,16:00
812,3.70,,True,925-446-4144,4330 Clayton Road suite j,Breds Barbershop,2019-03-01,15:00
813,4.70,,True,510-653-1059,4801 Telegraph Avenue,17 Jewels Salon,2019-03-08,16:30
814,4.70,,False,510-574-0881,5154 Mowry Avenue,3Sixty Salon And Boutique,2019-03-01,16:30
815,4.80,,True,408-727-2200,2485 De La Cruz Boulevard,About Time Barber Shop,2019-03-14,16:00
816,4.30,,True,925-462-2695,4275 First Street,Cosmo'S Barber Shop,2019-03-09,16:30
817,4.70,,True,510-653-1059,4801 Telegraph Avenue,17 Jewels Salon,2019-03-08,16:00
818,4.10,,True,408-644-5852,1216 South Abel Street,Apple Salon Hair & Nails,2019-03-06,15:30
819,4.40,,True,925-837-2990,1639 North California Boulevard,Blow Dry Bar,2019-03-03,17:00
820,4.70,,True,650-342-1602,1012 Oak Grove Avenue,Burlingame Barber Shop,2019-03-03,16:00
821,4.20,,True,707-421-1107,1359 Oliver Road,Crowns Barber Shop & Hair Salon,2019-03-03,16:30
822,4.50,,True,415-824-1335,2737 20th Street,20Th Salon And Barber,2019-03-03,17:00
823,4.70,,True,925-938-3648,1919 Mount Diablo Boulevard,Dipietro Todd Salon,2019-03-07,16:00
824,4.70,,True,510-653-1059,4801 Telegraph Avenue,17 Jewels Salon,2019-03-12,17:00
825,4.30,,True,925-454-0292,1416 First Street,Great Clips,2019-03-01,16:00
826,4.80,,False,925-447-1776,1776 First Street,Fusion 3 Salon Livermore,2019-03-04,14:30
827,4.90,,True,707-266-1108,1637 Lincoln Avenue,Stags Barbershop,2019-03-09,16:00
828,4.60,,True,510-247-9087,27659 Mission Boulevard,King Of Kutz Barbershop,2019-03-07,17:00
829,3.70,,True,707-585-6390,360 Rohnert Park Expressway W,Great Clips,2019-03-09,17:00
830,5.00,,True,510-473-7869,1502 1/2 Webster St,Al'S Barber Shop,2019-03-07,17:30
831,4.70,,True,650-995-4040,765 MAIN STREET HALF,Main Barber,2019-03-09,16:00
832,4.90,,True,707-266-1108,1637 Lincoln Avenue,Stags Barbershop,2019-03-03,14:30
833,4.20,Novato,False,415-883-7053,475 Entrada Drive,Best Hair,,
834,4.20,,False,415-883-7053,475 Entrada Drive,Best Hair,2019-03-13,15:30
835,5.00,,True,650-345-9882,2260 Palm Avenue,Elite Hair Design,2019-03-09,17:30
836,4.80,,True,415-286-4371,1532 20th Street,1512 Barber Shop,2019-03-02,14:30
837,4.30,,False,707-643-3358,930 Admiral Callaghan Lane,Eyebrow Hub - Vallejo,2019-03-05,15:30
838,4.80,,True,707-575-1474,205 5th Street D,Elle Lui Hair Salon,2019-03-07,14:30
839,4.40,,True,510-780-9735,24891 Santa Clara Street,Santa Clara Sports Barber Shop,2019-03-01,11:30
840,4.50,,True,415-824-1335,2737 20th Street,20Th Salon And Barber,2019-03-04,15:00
841,4.80,,True,408-727-2200,2485 De La Cruz Boulevard,About Time Barber Shop,2019-03-01,15:30
842,4.10,,True,408-644-5852,1216 South Abel Street,Apple Salon Hair & Nails,2019-03-12,12:30
843,4.20,,False,510-794-4526,5371 Mowry Avenue,Beauology,2019-03-08,18:00
844,4.80,,True,415-286-4371,1532 20th Street,1512 Barber Shop,2019-03-13,18:00
845,4.30,,True,925-462-2695,4275 First Street,Cosmo'S Barber Shop,2019-03-10,16:30
846,4.70,,True,510-526-9874,1483 Solano Avenue,Grove Salon,2019-03-09,16:30
847,4.30,,True,408-293-3494,1047 Lincoln Highway suite 101,Atelier Salon Willow Glen,2019-03-01,15:00
848,3.70,,True,925-446-4144,4330 Clayton Road suite j,Breds Barbershop,2019-03-07,14:30
849,4.30,,True,510-843-4919,2492 Channing Way,Edge Hair Salon,2019-03-02,15:00
850,4.40,,True,408-569-9654,10095 Saich Way #2,Parlour 17,2019-03-12,13:30
851,4.30,,True,408-293-3494,1047 Lincoln Highway suite 101,Atelier Salon Willow Glen,2019-03-08,10:30
852,4.80,,True,415-286-4371,1532 20th Street,1512 Barber Shop,2019-03-14,11:30
853,4.80,,True,415-286-4371,1532 20th Street,1512 Barber Shop,2019-03-01,11:00
854,4.30,,True,408-293-3494,1047 Lincoln Highway suite 101,Atelier Salon Willow Glen,2019-03-06,12:00
855,5.00,,True,669-258-9601,1775 Park Avenue,Barba & Co. San Jose,2019-03-13,18:00
856,4.70,,True,650-995-4040,765 MAIN STREET HALF,Main Barber,2019-03-07,15:30
857,4.50,,True,415-824-1335,2737 20th Street,20Th Salon And Barber,2019-03-13,16:00
858,4.40,,True,925-837-2990,1639 North California Boulevard,Blow Dry Bar,2019-03-13,13:30
859,4.20,,False,415-883-7053,475 Entrada Drive,Best Hair,2019-03-11,14:00
860,4.00,,True,925-238-0059,3136 Contra Loma Boulevard,Himc Barber Studio,2019-03-08,11:00
861,4.40,,True,650-966-8588,2425 California Street # C,Christine'S Salon,2019-03-14,18:00
862,4.80,,False,925-447-1776,1776 First Street,Fusion 3 Salon Livermore,2019-03-04,14:00
863,4.00,,True,925-238-0059,3136 Contra Loma Boulevard,Himc Barber Studio,2019-03-11,12:30
864,4.50,,True,707-843-3921,6469 Redwood Drive,Barber'S Garage,2019-03-11,16:00
865,5.00,,True,650-345-9882,2260 Palm Avenue,Elite Hair Design,2019-03-14,14:30
866,4.80,,True,415-286-4371,1532 20th Street,1512 Barber Shop,2019-03-14,12:30
867,4.30,,True,925-462-2695,4275 First Street,Cosmo'S Barber Shop,2019-03-07,11:00
868,3.30,,True,925-461-1438,1737 Santa Rita Road #200,Supercuts,2019-03-14,10:30
869,4.50,,True,650-964-5437,1734 El Camino Real,Cubby Cuts For Kids,2019-03-02,10:30
870,4.60,,False,408-973-1454,18478 Prospect Road,Happy Cuts,2019-03-03,14:00
871,4.60,,False,408-973-1454,18478 Prospect Road,Happy Cuts,2019-03-13,11:30
872,3.80,,True,408-358-2232,15992 Los Gatos Boulevard,Great Clips,2019-03-14,10:30
873,4.30,,False,510-527-3100,1880 Solano Avenue,Aya Salon & Spa,2019-03-08,15:30
874,4.80,,True,408-727-2200,2485 De La Cruz Boulevard,About Time Barber Shop,2019-03-03,12:30
875,4.90,,True,707-266-1108,1637 Lincoln Avenue,Stags Barbershop,2019-03-13,16:30
876,4.70,,True,510-623-1635,"4175, 42151 Blacow Road",Alex'S Classic Barber Shop,2019-03-01,17:00
877,4.40,,False,707-935-8329,18615 California 12,C C Beauty Salon,2019-03-08,15:00
878,4.70,,True,510-623-1635,"4175, 42151 Blacow Road",Alex'S Classic Barber Shop,2019-03-03,11:00
879,3.90,,True,415-788-4936,44 Montgomery Street #30,A Businessman'S Haircut,2019-03-05,15:00
880,4.50,,True,925-939-1639,301 Hartz Avenue #105,Blow Dry Bar,2019-03-10,12:00
881,3.90,,True,707-935-0100,19217 Sonoma Highway,Great Clips,2019-03-07,11:00
882,4.40,,True,415-987-5893,40 Millwood Street,Ap Luxe Salon,2019-03-02,17:00
883,4.70,,True,650-342-1602,1012 Oak Grove Avenue,Burlingame Barber Shop,2019-03-05,16:30
884,4.10,,True,925-798-5214,2255 Contra Costa Boulevard,Cool Tops,2019-03-12,13:30
885,4.30,,True,408-293-3494,1047 Lincoln Highway suite 101,Atelier Salon Willow Glen,2019-03-09,10:30
886,3.80,,True,408-358-2232,15992 Los Gatos Boulevard,Great Clips,2019-03-06,10:30
887,5.00,,True,669-258-9601,1775 Park Avenue,Barba & Co. San Jose,2019-03-11,17:30
888,4.50,,True,925-939-1639,301 Hartz Avenue #105,Blow Dry Bar,2019-03-06,12:30
889,4.00,,True,925-210-0613,1833 Ygnacio Valley Road,Great Clips,2019-03-01,10:00
890,4.70,,True,510-623-1635,"4175, 42151 Blacow Road",Alex'S Classic Barber Shop,2019-03-11,17:30
891,4.70,,True,650-342-1602,1012 Oak Grove Avenue,Burlingame Barber Shop,2019-03-12,14:00
892,4.60,,True,707-861-3476,6790 McKinley Street #180,Reframe Hair Gallery,2019-03-07,10:30
893,4.40,,False,408-595-1467,160 South Murphy Avenue A,Evoke Beauty Salon,2019-03-04,10:30
894,4.40,,False,707-935-8329,18615 California 12,C C Beauty Salon,2019-03-02,13:30
895,4.80,,True,650-851-1150,2920 Woodside Road,Olive Hill Salon,2019-03-01,15:30
896,4.80,,True,707-838-8536,9025 Old Redwood Highway D,The Gentlemen'S Barbershop,2019-03-01,12:00
897,4.40,,False,510-795-7852,36935 Sycamore Street,Kim P Beauty Care,2019-03-10,12:00
898,4.40,,True,707-980-6819,1752 Tuolumne Street,Kenny Le Salon,2019-03-03,14:00
899,4.20,San Anselmo,True,415-457-4900,552 San Anselmo Avenue,Sproos Hair Salon,,
900,4.20,,True,415-457-4900,552 San Anselmo Avenue,Sproos Hair Salon,2019-03-09,12:30
901,4.30,,True,510-843-4919,2492 Channing Way,Edge Hair Salon,2019-03-14,18:00
902,4.50,,True,415-824-1335,2737 20th Street,20Th Salon And Barber,2019-03-04,12:30
903,4.90,,True,707-769-8000,25 Kentucky Street,Dukes And Dolls Salon,2019-03-08,16:00
904,4.50,,True,415-824-1335,2737 20th Street,20Th Salon And Barber,2019-03-13,11:00
905,3.70,,True,650-343-8579,211 Primrose Road,Great Clips,2019-03-03,11:30
906,5.00,,True,669-258-9601,1775 Park Avenue,Barba & Co. San Jose,2019-03-06,16:00
907,5.00,,True,650-345-9882,2260 Palm Avenue,Elite Hair Design,2019-03-10,18:00
908,5.00,,True,510-473-7869,1502 1/2 Webster St,Al'S Barber Shop,2019-03-11,17:30
909,3.70,,True,925-446-4144,4330 Clayton Road suite j,Breds Barbershop,2019-03-14,10:30
910,3.30,,True,650-595-5855,2040 Ralston Avenue Ste B,Great Clips,2019-03-06,18:00
911,4.30,,True,408-293-3494,1047 Lincoln Highway suite 101,Atelier Salon Willow Glen,2019-03-09,14:00
912,4.50,Danville,True,925-939-1639,301 Hartz Avenue #105,Blow Dry Bar,,
913,4.20,Danville,True,925-718-7118,3478 Camino Tassajara Ste B,"Great Clips In Blackhawk, Danville",,
914,4.30,Danville,True,925-648-2887,9500-B Crow Canyon Road,Sport Clips Haircuts Of Danville,,
915,4.80,,True,415-286-4371,1532 20th Street,1512 Barber Shop,2019-03-06,10:00
916,4.50,,True,415-824-1335,2737 20th Street,20Th Salon And Barber,2019-03-07,16:00
917,4.00,,True,408-257-8101,18566 Prospect Road,Supercuts,2019-03-04,15:30
918,4.50,,True,925-939-1639,301 Hartz Avenue #105,Blow Dry Bar,2019-03-08,17:30
919,5.00,,True,510-473-7869,1502 1/2 Webster St,Al'S Barber Shop,2019-03-10,10:00
920,4.30,,True,408-293-3494,1047 Lincoln Highway suite 101,Atelier Salon Willow Glen,2019-03-01,14:30
921,5.00,,True,510-838-2426,2509 Broadway,Bibo Salon,2019-03-12,18:30
922,3.90,,True,650-552-9316,979 Broadway Ave Ste 108,Great Clips,2019-03-04,18:00
923,5.00,,True,510-473-7869,1502 1/2 Webster St,Al'S Barber Shop,2019-03-07,14:00
924,5.00,,True,669-258-9601,1775 Park Avenue,Barba & Co. San Jose,2019-03-06,11:00
925,4.40,,False,510-795-7852,36935 Sycamore Street,Kim P Beauty Care,2019-03-01,13:00
926,3.40,,True,510-243-0808,1386 Fitzgerald Drive,Great Clips,2019-03-01,10:30
927,4.40,,True,650-966-8588,2425 California Street # C,Christine'S Salon,2019-03-03,16:00
928,4.10,,True,408-743-5780,450 East El Camino Real,A+ Haircuts For Men,2019-03-13,11:00
929,4.80,,True,510-540-1261,2556 Telegraph Avenue #4,Berkeley Hair Studio,2019-03-11,14:00
930,4.90,,False,510-995-8937,2327 Blanding Avenue STE D,Isalon,2019-03-10,17:30
931,4.30,,True,510-843-4919,2492 Channing Way,Edge Hair Salon,2019-03-12,10:30
932,5.00,,True,510-227-4268,408 14th Street,Benny Adem Grooming Parlor,2019-03-11,18:00
933,3.80,,True,877-379-2279,245 Primrose Road,Drybar Burlingame,2019-03-10,18:00
934,3.80,,True,408-738-8389,472 North Mathilda Avenue,Alpha Barbershop,2019-03-01,17:00
935,4.50,,True,415-824-1335,2737 20th Street,20Th Salon And Barber,2019-03-01,14:30
936,4.50,,False,650-349-2414,939 Edgewater Boulevard E,Barberia Salon,2019-03-09,12:00
937,4.30,,False,707-643-3358,930 Admiral Callaghan Lane,Eyebrow Hub - Vallejo,2019-03-02,11:00
938,4.00,,True,510-653-4702,6046 College Avenue,Supercuts,2019-03-11,15:00
939,4.70,,True,510-653-1059,4801 Telegraph Avenue,17 Jewels Salon,2019-03-04,15:30
940,4.80,,False,925-447-1776,1776 First Street,Fusion 3 Salon Livermore,2019-03-14,18:30
941,4.10,,True,925-798-5214,2255 Contra Costa Boulevard,Cool Tops,2019-03-13,14:30
942,5.00,,True,650-679-0457,704 Winslow Street,August Barbershop,2019-03-05,12:30
943,4.80,,True,510-540-1261,2556 Telegraph Avenue #4,Berkeley Hair Studio,2019-03-10,18:00
944,4.40,,True,707-836-8600,9018 Brooks Road South,Great Clips,2019-03-14,14:30
945,4.70,,True,925-822-9826,1634 Bonanza Street,Drybar Walnut Creek,2019-03-08,13:30
946,3.80,,True,510-522-7587,2221 South Shore Center,Great Clips,2019-03-09,16:30
947,4.80,,True,408-727-2200,2485 De La Cruz Boulevard,About Time Barber Shop,2019-03-11,12:00
948,4.40,,True,510-881-9555,3372 Village Drive,Village Barber Shop,2019-03-04,12:30
949,3.90,,True,510-415-3420,15208 East 14th Street,Sofia African Hair Braiding,2019-03-07,14:00
950,4.80,,True,415-286-4371,1532 20th Street,1512 Barber Shop,2019-03-07,11:30
951,4.40,,True,707-980-6819,1752 Tuolumne Street,Kenny Le Salon,2019-03-01,17:30
952,4.70,,True,510-623-1635,"4175, 42151 Blacow Road",Alex'S Classic Barber Shop,2019-03-06,15:30
953,4.40,,True,650-966-8588,2425 California Street # C,Christine'S Salon,2019-03-03,17:30
954,3.90,,True,650-460-8290,855 El Camino Real Building #1 Suite #3,18/8 Fine Men'S Salons - Palo Alto,2019-03-06,16:30
955,4.80,,True,707-575-1474,205 5th Street D,Elle Lui Hair Salon,2019-03-07,15:30
956,4.20,,True,408-663-0137,2803 El Camino Real,Jimmy Hair Team,2019-03-04,11:00
957,4.60,,False,510-525-5153,1174 Solano Avenue,Albany Hair Salon,2019-03-09,11:00
958,4.60,,True,650-344-3010,1221 Donnelly Avenue,Didi Salon,2019-03-05,11:00
959,4.10,,True,408-743-5780,450 East El Camino Real,A+ Haircuts For Men,2019-03-05,15:00
960,3.70,,True,650-965-4247,1712 Miramonte Avenue Ste C,Great Clips,2019-03-11,15:30
961,4.10,,True,408-743-5780,450 East El Camino Real,A+ Haircuts For Men,2019-03-05,16:30
962,4.50,,True,415-824-1335,2737 20th Street,20Th Salon And Barber,2019-03-05,11:30
963,4.30,,True,408-293-3494,1047 Lincoln Highway suite 101,Atelier Salon Willow Glen,2019-03-10,18:00
964,4.30,,True,408-293-3494,1047 Lincoln Highway suite 101,Atelier Salon Willow Glen,2019-03-10,15:30
965,4.90,,True,925-351-5556,"3805, 1001 Oak Hill Road",Sharp Barber Shop,2019-03-10,11:30
966,3.80,Oakley,True,925-679-0279,2589 Main Street,Great Clips,,
967,5.00,Oakley,True,925-383-6212,3639 Main Street,True Edge Barber Shop,,
968,4.80,,True,510-540-1261,2556 Telegraph Avenue #4,Berkeley Hair Studio,2019-03-12,10:00
969,4.80,,True,650-851-1150,2920 Woodside Road,Olive Hill Salon,2019-03-01,10:30
970,5.00,,True,415-250-4370,294 North San Pedro Road,Best Coast Cuts,2019-03-07,12:30
971,4.70,,True,510-526-1700,1599 Hopkins Street,Elixir Salon An Aveda And Eufora Eco Boutique Salon,2019-03-12,11:00
972,4.80,,True,510-540-1261,2556 Telegraph Avenue #4,Berkeley Hair Studio,2019-03-03,11:00
973,5.00,,True,669-258-9601,1775 Park Avenue,Barba & Co. San Jose,2019-03-12,17:00
974,4.80,,True,510-540-1261,2556 Telegraph Avenue #4,Berkeley Hair Studio,2019-03-06,18:00
975,4.80,,True,415-286-4371,1532 20th Street,1512 Barber Shop,2019-03-09,18:00
976,4.10,,True,707-751-1775,808 Southampton Road,Sport Clips Haircuts Of Benicia,2019-03-12,12:00
977,4.30,,True,408-293-3494,1047 Lincoln Highway suite 101,Atelier Salon Willow Glen,2019-03-05,17:00
978,4.30,,False,510-527-3100,1880 Solano Avenue,Aya Salon & Spa,2019-03-10,16:00
979,4.80,,False,925-447-1776,1776 First Street,Fusion 3 Salon Livermore,2019-03-10,14:30
980,5.00,,True,669-258-9601,1775 Park Avenue,Barba & Co. San Jose,2019-03-10,12:30
981,4.80,,True,415-286-4371,1532 20th Street,1512 Barber Shop,2019-03-08,14:00
982,4.30,,True,925-297-5127,15 Fiesta Lane,18|8 Fine Men'S Salons - Lafayette,2019-03-09,14:00
983,4.40,,False,707-935-8329,18615 California 12,C C Beauty Salon,2019-03-04,17:30
984,5.00,,True,669-258-9601,1775 Park Avenue,Barba & Co. San Jose,2019-03-12,11:30
985,4.70,,True,510-623-1635,"4175, 42151 Blacow Road",Alex'S Classic Barber Shop,2019-03-11,13:30
986,4.50,,True,415-824-1335,2737 20th Street,20Th Salon And Barber,2019-03-07,10:30
987,3.30,,True,650-595-5855,2040 Ralston Avenue Ste B,Great Clips,2019-03-02,14:30
988,4.10,,True,408-644-5852,1216 South Abel Street,Apple Salon Hair & Nails,2019-03-01,14:30
989,4.30,,True,408-293-3494,1047 Lincoln Highway suite 101,Atelier Salon Willow Glen,2019-03-08,11:00
990,4.80,,True,415-286-4371,1532 20th Street,1512 Barber Shop,2019-03-05,18:00
991,3.80,,True,408-738-8389,472 North Mathilda Avenue,Alpha Barbershop,2019-03-07,17:00
992,4.80,,True,707-575-1474,205 5th Street D,Elle Lui Hair Salon,2019-03-02,12:00
993,4.80,,True,408-727-2200,2485 De La Cruz Boulevard,About Time Barber Shop,2019-03-07,11:00
994,3.90,,True,650-460-8290,855 El Camino Real Building #1 Suite #3,18/8 Fine Men'S Salons - Palo Alto,2019-03-07,12:00
995,5.00,,True,510-227-4268,408 14th Street,Benny Adem Grooming Parlor,2019-03-02,13:00
996,4.40,,False,415-381-1950,655 Redwood Highway #140,Edward'S Salon,2019-03-04,17:30
997,4.00,,True,925-238-0059,3136 Contra Loma Boulevard,Himc Barber Studio,2019-03-04,12:00
998,4.30,,True,925-297-5127,15 Fiesta Lane,18|8 Fine Men'S Salons - Lafayette,2019-03-14,17:00
999,4.40,,True,925-837-2990,1639 North California Boulevard,Blow Dry Bar,2019-03-05,10:30
1000,4.80,,True,415-286-4371,1532 20th Street,1512 Barber Shop,2019-03-07,11:00
1001,4.40,,False,510-795-7852,36935 Sycamore Street,Kim P Beauty Care,2019-03-04,12:00
1002,3.30,,True,925-681-2887,790 Oak Grove Road Ste B,Great Clips,2019-03-08,17:30
1003,5.00,,True,707-395-0931,340 Healdsburg Avenue,Wash & Brushup Co.,2019-03-01,10:00
1004,4.90,,True,707-769-8000,25 Kentucky Street,Dukes And Dolls Salon,2019-03-02,15:30
1005,3.80,,True,408-532-1849,4055 Evergreen Village Square Ste 110,Great Clips,2019-03-10,10:00
1006,4.90,,True,707-673-7601,2240 North Texas Street,C'S Barber Shop,2019-03-09,16:00
1007,3.70,,True,925-446-4144,4330 Clayton Road suite j,Breds Barbershop,2019-03-02,13:00
1008,4.80,,True,415-286-4371,1532 20th Street,1512 Barber Shop,2019-03-01,17:30
1009,4.80,,True,415-286-4371,1532 20th Street,1512 Barber Shop,2019-03-03,10:30
1010,4.30,,True,408-293-3494,1047 Lincoln Highway suite 101,Atelier Salon Willow Glen,2019-03-01,10:00
1011,4.50,Antioch,False,925-238-0519,622 West 2nd Street,Divine Beauty Salon,,
1012,4.50,,False,925-238-0519,622 West 2nd Street,Divine Beauty Salon,2019-03-01,18:30
1013,4.40,,True,925-837-2990,1639 North California Boulevard,Blow Dry Bar,2019-03-12,14:30
1014,3.90,,True,650-460-8290,855 El Camino Real Building #1 Suite #3,18/8 Fine Men'S Salons - Palo Alto,2019-03-01,16:30
1015,4.40,,True,650-966-8588,2425 California Street # C,Christine'S Salon,2019-03-13,10:00
1016,4.80,,True,415-286-4371,1532 20th Street,1512 Barber Shop,2019-03-07,18:30
1017,4.40,,True,650-591-9677,1098 Alameda de las Pulgas,Belmont Hair Studio,2019-03-11,10:30
1018,4.80,,True,415-286-4371,1532 20th Street,1512 Barber Shop,2019-03-13,12:00
1019,4.50,,True,415-824-1335,2737 20th Street,20Th Salon And Barber,2019-03-14,18:00
1020,4.20,,False,510-794-4526,5371 Mowry Avenue,Beauology,2019-03-01,17:30
1021,3.30,,True,650-595-5855,2040 Ralston Avenue Ste B,Great Clips,2019-03-13,17:00
1022,4.30,,False,650-938-2400,820 East El Camino Real,Bollywood Beauty Salon,2019-03-07,18:00
1023,4.50,,True,415-824-1335,2737 20th Street,20Th Salon And Barber,2019-03-07,17:00
1024,4.50,,True,408-460-8070,1186 South 2nd Street,Beautique Salon,2019-03-05,13:30
1025,3.70,,True,925-446-4144,4330 Clayton Road suite j,Breds Barbershop,2019-03-10,18:30
1026,4.30,,True,925-462-2695,4275 First Street,Cosmo'S Barber Shop,2019-03-12,18:30
1027,4.40,,True,925-837-2990,1639 North California Boulevard,Blow Dry Bar,2019-03-11,16:00
1028,4.80,,True,415-286-4371,1532 20th Street,1512 Barber Shop,2019-03-02,17:00
1029,4.00,,True,925-210-0613,1833 Ygnacio Valley Road,Great Clips,2019-03-12,18:00
1030,4.30,,True,408-293-3494,1047 Lincoln Highway suite 101,Atelier Salon Willow Glen,2019-03-03,15:00
1031,5.00,,True,669-258-9601,1775 Park Avenue,Barba & Co. San Jose,2019-03-04,10:30
1032,4.30,,True,650-298-8586,2606 Broadway,Natalie'S Salon,2019-03-08,18:30
1033,5.00,,True,669-258-9601,1775 Park Avenue,Barba & Co. San Jose,2019-03-03,15:00
1034,4.10,,True,925-798-5214,2255 Contra Costa Boulevard,Cool Tops,2019-03-06,16:30
1035,4.10,,True,925-798-5214,2255 Contra Costa Boulevard,Cool Tops,2019-03-13,10:00
1036,4.90,,True,707-769-8000,25 Kentucky Street,Dukes And Dolls Salon,2019-03-12,16:30
1037,4.70,,True,510-653-1059,4801 Telegraph Avenue,17 Jewels Salon,2019-03-04,10:30
1038,4.80,,True,415-286-4371,1532 20th Street,1512 Barber Shop,2019-03-05,16:30
1039,4.30,,True,408-293-3494,1047 Lincoln Highway suite 101,Atelier Salon Willow Glen,2019-03-14,17:30
1040,4.50,,True,415-824-1335,2737 20th Street,20Th Salon And Barber,2019-03-14,17:00
1041,4.30,,True,408-293-3494,1047 Lincoln Highway suite 101,Atelier Salon Willow Glen,2019-03-07,10:00
1042,4.30,,True,408-293-3494,1047 Lincoln Highway suite 101,Atelier Salon Willow Glen,2019-03-08,18:00
1043,4.80,,True,415-286-4371,1532 20th Street,1512 Barber Shop,2019-03-08,12:00
1044,3.90,,True,650-460-8290,855 El Camino Real Building #1 Suite #3,18/8 Fine Men'S Salons - Palo Alto,2019-03-14,18:00
1045,4.30,,True,408-293-3494,1047 Lincoln Highway suite 101,Atelier Salon Willow Glen,2019-03-06,10:00
1046,4.30,,False,707-643-3358,930 Admiral Callaghan Lane,Eyebrow Hub - Vallejo,2019-03-08,17:30
1047,4.50,,True,415-824-1335,2737 20th Street,20Th Salon And Barber,2019-03-08,12:00
1048,4.30,,False,650-938-2400,820 East El Camino Real,Bollywood Beauty Salon,2019-03-05,18:00
1049,4.80,,True,415-286-4371,1532 20th Street,1512 Barber Shop,2019-03-04,15:30
1050,3.80,,True,925-679-0279,2589 Main Street,Great Clips,2019-03-04,17:00
1051,4.40,,True,925-837-2990,1639 North California Boulevard,Blow Dry Bar,2019-03-05,18:30
1052,4.80,,True,415-286-4371,1532 20th Street,1512 Barber Shop,2019-03-01,15:00
1053,4.80,,True,415-286-4371,1532 20th Street,1512 Barber Shop,2019-03-11,14:30
1054,3.90,,True,415-788-4936,44 Montgomery Street #30,A Businessman'S Haircut,2019-03-04,17:00
1055,4.30,,True,510-582-6310,4045 East Castro Valley Boulevard,Great Clips,2019-03-12,13:30
1056,4.00,,True,925-238-0059,3136 Contra Loma Boulevard,Himc Barber Studio,2019-03-01,17:00
1057,3.90,,True,650-460-8290,855 El Camino Real Building #1 Suite #3,18/8 Fine Men'S Salons - Palo Alto,2019-03-05,18:00
1058,3.90,,True,650-460-8290,855 El Camino Real Building #1 Suite #3,18/8 Fine Men'S Salons - Palo Alto,2019-03-05,13:00
1059,3.90,,True,650-460-8290,855 El Camino Real Building #1 Suite #3,18/8 Fine Men'S Salons - Palo Alto,2019-03-13,12:00
1060,4.10,,True,408-743-5780,450 East El Camino Real,A+ Haircuts For Men,2019-03-09,10:00
1061,3.40,,True,510-243-0808,1386 Fitzgerald Drive,Great Clips,2019-03-03,17:00
1062,4.30,,True,925-297-5127,15 Fiesta Lane,18|8 Fine Men'S Salons - Lafayette,2019-03-06,18:00
1063,4.30,,True,408-293-3494,1047 Lincoln Highway suite 101,Atelier Salon Willow Glen,2019-03-09,11:30
1064,4.00,San Lorenzo,False,510-276-2040,15824 Hesperian Blvd,Inspire Hair,,
1065,4.60,,False,707-575-5123,122 4th Street,Daredevils & Queens,2019-03-02,16:30
1066,4.60,,False,707-575-5123,122 4th Street,Daredevils & Queens,2019-03-02,18:30
1067,5.00,,True,669-258-9601,1775 Park Avenue,Barba & Co. San Jose,2019-03-04,14:00
1068,4.30,,True,925-866-2887,120 Market Place,Sport Clips Haircuts Of San Ramon,2019-03-02,13:00
1069,5.00,,True,669-258-9601,1775 Park Avenue,Barba & Co. San Jose,2019-03-04,15:00
1070,5.00,,True,415-250-4370,294 North San Pedro Road,Best Coast Cuts,2019-03-08,18:00
1071,5.00,,True,415-250-4370,294 North San Pedro Road,Best Coast Cuts,2019-03-08,10:00
1072,4.70,Cotati,True,707-795-8099,8099 La Plaza,Cotati Barbershop,,
1073,5.00,,True,669-258-9601,1775 Park Avenue,Barba & Co. San Jose,2019-03-04,12:00
1074,4.60,,False,707-575-5123,122 4th Street,Daredevils & Queens,2019-03-02,15:30
1075,5.00,,True,669-258-9601,1775 Park Avenue,Barba & Co. San Jose,2019-03-04,13:00
1076,4.70,,True,707-981-8469,145 1st Street,Salon Method,2019-03-03,11:00
1077,4.50,,True,415-824-1335,2737 20th Street,20Th Salon And Barber,2019-03-03,16:30
1078,4.50,,True,415-824-1335,2737 20th Street,20Th Salon And Barber,2019-03-03,11:00
1079,5.00,,True,415-250-4370,294 North San Pedro Road,Best Coast Cuts,2019-03-08,12:00
1080,4.70,,True,707-981-8469,145 1st Street,Salon Method,2019-03-03,10:30
1081,4.60,,False,707-575-5123,122 4th Street,Daredevils & Queens,2019-03-02,18:00
1082,4.60,,False,707-575-5123,122 4th Street,Daredevils & Queens,2019-03-02,16:00
1083,4.60,,False,707-575-5123,122 4th Street,Daredevils & Queens,2019-03-02,12:00
1084,5.00,,True,669-258-9601,1775 Park Avenue,Barba & Co. San Jose,2019-03-04,15:30
1085,4.40,,False,707-935-8329,18615 California 12,C C Beauty Salon,2019-03-02,11:00
1086,4.40,,False,707-935-8329,18615 California 12,C C Beauty Salon,2019-03-02,12:30
1087,5.00,,True,415-250-4370,294 North San Pedro Road,Best Coast Cuts,2019-03-08,13:30
1088,4.70,,True,707-981-8469,145 1st Street,Salon Method,2019-03-03,12:00
1089,4.40,,False,707-935-8329,18615 California 12,C C Beauty Salon,2019-03-02,16:00
1090,5.00,,True,415-250-4370,294 North San Pedro Road,Best Coast Cuts,2019-03-08,17:00
1091,4.60,,False,707-575-5123,122 4th Street,Daredevils & Queens,2019-03-02,13:30
1092,4.40,,False,707-935-8329,18615 California 12,C C Beauty Salon,2019-03-02,18:00
1093,5.00,,True,415-250-4370,294 North San Pedro Road,Best Coast Cuts,2019-03-08,15:30
1094,5.00,,True,669-258-9601,1775 Park Avenue,Barba & Co. San Jose,2019-03-04,14:30
1095,4.50,,True,415-824-1335,2737 20th Street,20Th Salon And Barber,2019-03-03,10:00
1096,4.50,,True,415-824-1335,2737 20th Street,20Th Salon And Barber,2019-03-03,13:00
1097,3.90,Larkspur,True,415-419-5260,"1802, 2001 Larkspur Landing Circle",Barber Lane Marin,,
1098,4.50,Larkspur,True,415-461-1146,2215 Larkspur Landing Circle,Cooper Alley,,
1099,3.20,Larkspur,True,415-785-4965,"316 Bon Air Center, Greenbrae, California 94904, United States",Style Bar,,
1100,3.90,,True,415-419-5260,"1802, 2001 Larkspur Landing Circle",Barber Lane Marin,2019-03-02,10:30
1101,4.40,,True,925-837-2990,1639 North California Boulevard,Blow Dry Bar,2019-03-13,10:00
1102,3.60,,True,408-255-2178,20686 Homestead Road,Great Clips,2019-03-09,17:00
1103,4.40,,True,707-980-6819,1752 Tuolumne Street,Kenny Le Salon,2019-03-05,10:30
1104,4.70,,True,650-342-1602,1012 Oak Grove Avenue,Burlingame Barber Shop,2019-03-02,12:00
1105,4.30,,True,408-293-3494,1047 Lincoln Highway suite 101,Atelier Salon Willow Glen,2019-03-05,12:00
1106,4.80,,True,650-851-1150,2920 Woodside Road,Olive Hill Salon,2019-03-08,10:30
1107,4.50,,True,415-824-1335,2737 20th Street,20Th Salon And Barber,2019-03-09,14:00
1108,4.10,,True,650-493-2100,3902 Middlefield Road,Great Clips,2019-03-08,18:00
1109,4.50,,True,415-824-1335,2737 20th Street,20Th Salon And Barber,2019-03-07,16:30
1110,4.70,,True,510-653-1059,4801 Telegraph Avenue,17 Jewels Salon,2019-03-11,10:00
1111,4.70,,False,510-574-0881,5154 Mowry Avenue,3Sixty Salon And Boutique,2019-03-12,10:30
1112,4.00,,True,925-238-0059,3136 Contra Loma Boulevard,Himc Barber Studio,2019-03-01,10:00
1113,3.70,,True,925-556-1775,4550 Tassajara Road,Great Clips,2019-03-01,13:00
1114,3.80,,True,408-358-2232,15992 Los Gatos Boulevard,Great Clips,2019-03-01,12:00
1115,4.70,,True,650-342-1602,1012 Oak Grove Avenue,Burlingame Barber Shop,2019-03-11,13:00
1116,4.70,,True,925-292-5328,2027 Third Street,Livermore Barber Shop Third Street Og,2019-03-04,14:00
1117,4.40,,False,415-381-1950,655 Redwood Highway #140,Edward'S Salon,2019-03-03,17:30
1118,4.50,,True,415-824-1335,2737 20th Street,20Th Salon And Barber,2019-03-12,11:30
1119,5.00,,True,510-227-4268,408 14th Street,Benny Adem Grooming Parlor,2019-03-12,15:30
1120,3.30,,True,650-595-5855,2040 Ralston Avenue Ste B,Great Clips,2019-03-08,10:30
1121,4.20,,True,408-782-7456,1053 Cochrane Road Suite 140,Sport Clips Haircuts Of Morgan Hill,2019-03-06,16:30
1122,4.80,,True,415-286-4371,1532 20th Street,1512 Barber Shop,2019-03-08,11:00
1123,3.40,,True,650-685-1888,207 East 4th Avenue,Great Clips,2019-03-13,13:30
1124,4.70,,True,408-371-2051,2160 South Bascom Avenue,Bella Capelli Salon,2019-03-10,18:30
1125,4.20,,True,408-663-0137,2803 El Camino Real,Jimmy Hair Team,2019-03-07,14:00
1126,4.40,,True,650-326-4820,441 Cambridge Avenue,California Barber Shop,2019-03-01,14:00
1127,3.70,,True,650-343-8579,211 Primrose Road,Great Clips,2019-03-14,18:30
1128,4.40,,False,510-795-7852,36935 Sycamore Street,Kim P Beauty Care,2019-03-09,14:00
1129,3.40,,True,408-244-4102,5138 Stevens Creek Boulevard,Supercuts,2019-03-11,11:30
1130,4.80,,True,415-286-4371,1532 20th Street,1512 Barber Shop,2019-03-05,13:30
1131,4.30,,False,650-938-2400,820 East El Camino Real,Bollywood Beauty Salon,2019-03-13,16:30
1132,4.90,Emeryville,True,510-547-5000,1195 65th Street,New Florence Salon,,
1133,4.90,,True,510-547-5000,1195 65th Street,New Florence Salon,2019-03-06,18:00
1134,3.70,,True,925-446-4144,4330 Clayton Road suite j,Breds Barbershop,2019-03-13,16:00
1135,3.90,,True,650-460-8290,855 El Camino Real Building #1 Suite #3,18/8 Fine Men'S Salons - Palo Alto,2019-03-03,16:30
1136,4.80,,True,415-286-4371,1532 20th Street,1512 Barber Shop,2019-03-04,15:00
1137,4.80,,True,415-286-4371,1532 20th Street,1512 Barber Shop,2019-03-03,18:00
1138,4.50,,True,707-689-5136,198 Dobbins Street,Primo'S Barbershop,2019-03-07,18:30
1139,4.50,,True,707-689-5136,198 Dobbins Street,Primo'S Barbershop,2019-03-12,12:00
1140,4.40,,False,925-560-0882,21314 San Ramon Valley Boulevard,Dream Salon,2019-03-02,10:00
1141,4.60,,True,510-247-9087,27659 Mission Boulevard,King Of Kutz Barbershop,2019-03-13,10:30
1142,4.80,,True,415-286-4371,1532 20th Street,1512 Barber Shop,2019-03-05,11:00
1143,4.00,,True,925-238-0059,3136 Contra Loma Boulevard,Himc Barber Studio,2019-03-05,10:00
1144,4.80,,True,408-727-2200,2485 De La Cruz Boulevard,About Time Barber Shop,2019-03-06,10:30
1145,4.70,,True,510-526-9874,1483 Solano Avenue,Grove Salon,2019-03-07,14:30
1146,4.70,,True,408-605-6261,14531 Big Basin Way,D & H Hair Salon,2019-03-01,16:30
1147,4.40,,True,415-987-5893,40 Millwood Street,Ap Luxe Salon,2019-03-06,15:00
1148,5.00,,True,669-258-9601,1775 Park Avenue,Barba & Co. San Jose,2019-03-08,11:30
1149,4.70,,True,650-342-1602,1012 Oak Grove Avenue,Burlingame Barber Shop,2019-03-01,11:30
1150,3.90,,True,650-460-8290,855 El Camino Real Building #1 Suite #3,18/8 Fine Men'S Salons - Palo Alto,2019-03-08,11:00
1151,4.20,,True,650-873-5887,1027 Airport Boulevard,Philgood Cuts,2019-03-13,18:00
1152,4.70,,True,650-808-9828,725 Camino Plaza,Salon Mia Bella,2019-03-04,15:30
1153,3.30,,True,925-681-2887,790 Oak Grove Road Ste B,Great Clips,2019-03-01,15:00
1154,3.90,,True,415-419-5260,"1802, 2001 Larkspur Landing Circle",Barber Lane Marin,2019-03-02,12:00
1155,4.80,,True,510-540-1261,2556 Telegraph Avenue #4,Berkeley Hair Studio,2019-03-14,18:00
1156,4.00,,True,925-238-0059,3136 Contra Loma Boulevard,Himc Barber Studio,2019-03-07,11:30
1157,4.80,,True,415-286-4371,1532 20th Street,1512 Barber Shop,2019-03-06,14:00
1158,3.90,,True,650-460-8290,855 El Camino Real Building #1 Suite #3,18/8 Fine Men'S Salons - Palo Alto,2019-03-01,10:30
1159,4.70,,False,510-574-0881,5154 Mowry Avenue,3Sixty Salon And Boutique,2019-03-01,15:00
1160,4.70,,False,510-574-0881,5154 Mowry Avenue,3Sixty Salon And Boutique,2019-03-12,18:00
1161,5.00,,True,650-345-9882,2260 Palm Avenue,Elite Hair Design,2019-03-14,17:30
1162,4.30,,True,408-293-3494,1047 Lincoln Highway suite 101,Atelier Salon Willow Glen,2019-03-11,14:30
1163,4.80,,True,415-286-4371,1532 20th Street,1512 Barber Shop,2019-03-06,12:30
1164,3.70,,True,415-285-8852,5214B Diamond Heights Boulevard,Great Clips,2019-03-04,13:30
1165,4.50,,True,415-824-1335,2737 20th Street,20Th Salon And Barber,2019-03-03,17:30
1166,4.80,,True,510-540-1261,2556 Telegraph Avenue #4,Berkeley Hair Studio,2019-03-14,14:00
1167,4.80,,True,510-540-1261,2556 Telegraph Avenue #4,Berkeley Hair Studio,2019-03-14,11:30
1168,4.30,,True,408-293-3494,1047 Lincoln Highway suite 101,Atelier Salon Willow Glen,2019-03-11,18:30
1169,4.30,,True,408-293-3494,1047 Lincoln Highway suite 101,Atelier Salon Willow Glen,2019-03-11,17:30
1170,4.30,,True,925-297-5127,15 Fiesta Lane,18|8 Fine Men'S Salons - Lafayette,2019-03-07,14:00
1171,4.70,,True,408-605-6261,14531 Big Basin Way,D & H Hair Salon,2019-03-08,17:00
1172,4.30,,True,925-462-2695,4275 First Street,Cosmo'S Barber Shop,2019-03-04,15:00
1173,4.80,,True,650-328-4855,2307 Birch Street,Dipietro Todd Salon,2019-03-01,10:30
1174,4.50,,False,650-349-2414,939 Edgewater Boulevard E,Barberia Salon,2019-03-10,11:00
1175,4.80,,True,707-838-8536,9025 Old Redwood Highway D,The Gentlemen'S Barbershop,2019-03-11,14:30
1176,4.70,,True,510-653-1059,4801 Telegraph Avenue,17 Jewels Salon,2019-03-05,11:00
1177,4.80,,True,415-286-4371,1532 20th Street,1512 Barber Shop,2019-03-01,14:30
1178,3.90,,True,650-460-8290,855 El Camino Real Building #1 Suite #3,18/8 Fine Men'S Salons - Palo Alto,2019-03-01,13:00
1179,4.40,,True,408-763-6990,7520 Eigleberry Street,Garlic City Barbers,2019-03-14,16:00
1180,4.40,,True,925-837-2990,1639 North California Boulevard,Blow Dry Bar,2019-03-10,18:00
1181,4.90,,True,707-266-1108,1637 Lincoln Avenue,Stags Barbershop,2019-03-02,13:30
1182,4.30,,False,510-527-3100,1880 Solano Avenue,Aya Salon & Spa,2019-03-09,14:00
1183,4.10,,True,408-743-5780,450 East El Camino Real,A+ Haircuts For Men,2019-03-04,16:00
1184,4.10,,True,408-743-5780,450 East El Camino Real,A+ Haircuts For Men,2019-03-04,17:30
1185,5.00,,True,650-679-0457,704 Winslow Street,August Barbershop,2019-03-11,14:00
1186,4.70,,True,510-653-1059,4801 Telegraph Avenue,17 Jewels Salon,2019-03-05,12:30
1187,4.40,,True,925-837-2990,1639 North California Boulevard,Blow Dry Bar,2019-03-10,17:30
1188,3.90,,True,650-460-8290,855 El Camino Real Building #1 Suite #3,18/8 Fine Men'S Salons - Palo Alto,2019-03-01,18:00
1189,5.00,,True,510-473-7869,1502 1/2 Webster St,Al'S Barber Shop,2019-03-06,15:30
1190,4.50,,False,510-477-4782,34624 Alvarado-Niles Road,Precision Cutz,2019-03-08,11:30
1191,5.00,,True,650-345-9882,2260 Palm Avenue,Elite Hair Design,2019-03-14,11:00
