,average_rating,city,doctor_name,phone_number,street_address,type,appointment_date,appointment_time
0,5.00,San Francisco,"Anne Han, M.D.",415-600-3800,655 Redwood Highway Suite 100,Dermatologist,,
1,4.00,San Francisco,Aura Skin Spa,415-788-3800,450 Sutter Street #2340,Dermatologist,,
2,4.20,San Francisco,Bay Area Cosmetic Dermatology,415-440-6356,2211 Post Street #404,Dermatologist,,
3,3.70,San Francisco,Berman Skin Institute,415-771-6300,490 Post Street #320,Dermatologist,,
4,5.00,San Francisco,California Skin Institute,415-678-5887,909 Hyde Street #419,Dermatologist,,
5,5.00,San Francisco,Camarillo Diana B MD,415-441-1670,515 Spruce Street,Dermatologist,,
6,5.00,San Francisco,"Caren Campbell, MD",415-839-8118,45 Castro Street # 332,Dermatologist,,
7,4.90,San Francisco,David J MacGregor MD,415-989-9400,107 Melville Avenue,Dermatologist,,
8,4.00,San Francisco,Dr. Andrea Hui Austin,415-292-6350,2299 Post Street #312,Dermatologist,,
9,4.20,San Francisco,"Dr. Lawrence C. Cheung, MD",415-333-0348,595 Buckingham Way Ste. 220,Dermatologist,,
10,3.70,San Francisco,Abazari Mina MD,949-916-9100,5050 West El Camino Real # 110,General Practitioner,,
11,5.00,San Francisco,Arthur H Coleman Medical Center: Dickey Jan V MD,415-467-1400,4340 Redwood Highway Suite A-22,General Practitioner,,
12,5.00,San Francisco,"Avril Swan, MD",415-642-0333,1286 Sanchez Street a,General Practitioner,,
13,4.40,San Francisco,Bellamy Amber MD,415-452-2000,769 Center Boulevard #124,General Practitioner,,
14,5.00,San Francisco,Castro-Mission Health Center: Brown Deborah E MD,415-558-8221,1375 Sutter Street,General Practitioner,,
15,5.00,San Francisco,"Daniel S. Dinenberg, MD",415-529-4050,3555 Cesar Chavez,General Practitioner,,
16,5.00,San Francisco,Discover Health,415-732-7029,2250 Hayes Street,General Practitioner,,
17,3.80,San Francisco,"Dr. Arkady Gendelman, MD",415-567-8187,4050 Dublin Boulevard #2,General Practitioner,,
18,5.00,San Francisco,"Dr. David R. Pepper, MD",415-552-1013,240 Shotwell Street,General Practitioner,,
19,4.20,San Francisco,Dr. Jacob Wardwell,415-606-0309,1286 Sanchez Street,General Practitioner,,
20,5.00,,Arthur H Coleman Medical Center: Dickey Jan V MD,415-467-1400,4340 Redwood Highway Suite A-22,General Practitioner,2019-03-08,15:30
21,5.00,Los Gatos,Blossom Ridge Medical Group: Zimmer J Kirk MD,408-377-9180,555 Knowles Drive #203,General Practitioner,,
22,5.00,Los Gatos,"Dr. Anakha R. Nambiar, MD",408-871-9105,55 East Julian Street,General Practitioner,,
23,4.80,Los Gatos,"Dr. D. Jeffrey Duckham, MD",408-358-3836,2505 Samaritan Drive,General Practitioner,,
24,3.70,Los Gatos,"Dr. James M. Pellegrin, MD",408-354-0782,143 East Main Street,General Practitioner,,
25,5.00,Los Gatos,"Dr. Jeffrey E. Brown, MD",408-998-5811,2300 California Street,General Practitioner,,
26,4.80,Los Gatos,"Dr. Kuljeet S. Rai, MD",408-356-3576,3880 South Bascom Avenue # 108,General Practitioner,,
27,5.00,Los Gatos,"Dr. Mary D. Defigard, MD",408-377-1459,Camden Avenue,General Practitioner,,
28,3.70,Los Gatos,"Dr. Susan Tran, D.O.",408-426-5540,1071 Blossom Hill Road,General Practitioner,,
29,3.10,Los Gatos,Family Medicine Samaritan Family Practice,408-340-5700,143 East Main Street,General Practitioner,,
30,4.30,Los Gatos,Hopner Dan MD,408-378-9114,14251 Winchester Boulevard #200,General Practitioner,,
31,5.00,,Blossom Ridge Medical Group: Zimmer J Kirk MD,408-377-9180,555 Knowles Drive #203,General Practitioner,2019-03-12,12:30
32,5.00,Larkspur,"Dr. Robert R. Anderson, MD",415-461-8200,2211 Bush Street,Ophthalmologist,,
33,5.00,Larkspur,Marin Eye and Ear: Shimokaji and Shapiro M.D.s,415-925-2020,55 Stevenson Street,Ophthalmologist,,
34,5.00,,"Dr. Robert R. Anderson, MD",415-461-8200,2211 Bush Street,Ophthalmologist,2019-03-08,16:00
35,5.00,Novato,Elloway John MD,415-892-3300,1956 Union Street,General Practitioner,,
36,4.80,Novato,"J. Timothy Murphy, M.D.",415-209-2609,468 Tehama Street A,General Practitioner,,
37,5.00,Novato,"Patricia Glatt, M.D.",415-878-7200,1324 Grant Avenue,General Practitioner,,
38,5.00,Vacaville,"Dr. Farhad Zamani, MD",707-624-4000,131 West A Street,General Practitioner,,
39,5.00,Vacaville,"Maria Carmela Saavedra, M.D.",707-454-5952,770 Mason Street,General Practitioner,,
40,5.00,Vacaville,Vadlamudi Gautam K MD,707-455-8724,2360 Mendocino Avenue,General Practitioner,,
41,4.60,Vacaville,William T OConnor MD,707-446-1655,770 Mason Street,General Practitioner,,
42,5.00,,"Dr. Farhad Zamani, MD",707-624-4000,131 West A Street,General Practitioner,2019-03-12,14:30
43,5.00,Santa Clara,"David Quincy, M.D., MPH",408-241-3801,2734 East El Camino Real,General Practitioner,,
44,3.50,Santa Clara,"Emanuel Elias, M.D.",408-524-5733,2101 Forest Avenue #124,General Practitioner,,
45,5.00,Santa Clara,"Melissa Huck-Nguyen, M.D.",209-334-0944,7225 Rainbow Drive,General Practitioner,,
46,5.00,Santa Clara,"Peter Chung, DO",408-247-0099,210 North Jackson Avenue #20,General Practitioner,,
47,4.20,Santa Clara,Roger Washington's Family Practice,408-246-9926,1470 Halford Avenue #168,General Practitioner,,
48,5.00,Martinez,Contra-Costa Regional Med Center: Cominos Eve D MD,925-370-5000,2500 Alhambra Avenue,General Practitioner,,
49,5.00,Martinez,Contra-Costa Regional Med Center: Hubiak Melissa M MD,925-370-5110,2500 Alhambra Avenue,General Practitioner,,
50,5.00,Martinez,"Dr. Greta T. Perez, MD",925-370-5158,87 Fenton Street Suite 210,General Practitioner,,
51,5.00,Martinez,"Dr. Malaika M. Scott, MD",925-370-5142,2500 Alhambra Avenue,General Practitioner,,
52,5.00,,Contra-Costa Regional Med Center: Hubiak Melissa M MD,925-370-5110,2500 Alhambra Avenue,General Practitioner,2019-03-09,13:00
53,5.00,San Francisco,"Aaron Tward, M.D.",415-353-2757,2380 Sutter Street,ENT Specialist,,
54,4.80,San Francisco,"Clifford Chew, MD",415-433-7945,45 Castro Street,ENT Specialist,,
55,4.70,San Francisco,"Dr. Clark Rosen, MD",415-885-7700,500 Sutter Street #430,ENT Specialist,,
56,5.00,San Francisco,"Dr. Daniel F. Hartman, MD",415-751-1414,3838 California Street #505,ENT Specialist,,
57,4.00,San Francisco,"Dr. Gary A. Rust, MD",415-626-4900,2460 Mission Street #217,ENT Specialist,,
58,5.00,San Francisco,Dr. Oscar A Saddul,415-641-5600,3838 California Street,ENT Specialist,,
59,5.00,San Francisco,"Dr. Steven H. Sloan, MD",415-379-9900,929 Clay Street Suite 501,ENT Specialist,,
60,5.00,San Francisco,Dr.Tipton Dale L MD Inc,415-621-6191,45 Castro Street #210,ENT Specialist,,
61,4.00,San Francisco,"Katherine Yung, M.D.",415-839-8639,1825 4th Street,ENT Specialist,,
62,3.70,San Francisco,Kim Theresa B MD,415-362-5443,450 Sutter Street #933,ENT Specialist,,
63,5.00,,"Aaron Tward, M.D.",415-353-2757,2380 Sutter Street,ENT Specialist,2019-03-08,11:30
64,5.00,Santa Rosa,Alchemy John MD,707-576-7000,"Sonoma Ave, # 44, 1820 Doctors Park Drive",General Practitioner,,
65,3.70,Santa Rosa,Bastoni Kelly A MD,707-393-4044,1550 Gateway Boulevard,General Practitioner,,
66,4.50,Santa Rosa,Bloom David-James MD,707-575-3500,3325 Chanate Rd,General Practitioner,,
67,5.00,Santa Rosa,"Caroline G. Hellings, M.D.",707-541-7700,131B Stony Circle #1600,General Practitioner,,
68,5.00,Santa Rosa,"Dr. Anthony K. Boyce, DO",707-571-4320,401 Bicentennial Way,General Practitioner,,
69,5.00,Santa Rosa,"Dr. April M. Hurley, MD",707-528-4968,131-B Stony Circle #1600,General Practitioner,,
70,5.00,Santa Rosa,"Dr. Ele Lozares-Lewis, MD",707-303-3611,510 Doyle Park Drive,General Practitioner,,
71,5.00,Santa Rosa,"Dr. Enrique Sanchez Mendez, MD",707-547-2220,3569 Round Barn Circle,General Practitioner,,
72,5.00,Santa Rosa,"Dr. John W. Alchemy, MD",707-483-4346,15400 Los Gatos Boulevard #2,General Practitioner,,
73,5.00,Santa Rosa,"Dr. John W. Nimtz, MD",707-522-1800,3883 Airway Drive #202,General Practitioner,,
74,5.00,,Alchemy John MD,707-576-7000,"Sonoma Ave, # 44, 1820 Doctors Park Drive",General Practitioner,2019-03-01,16:00
75,5.00,Los Altos,Berman Skin Institute,650-325-6000,321 Middlefield Road # 245,Dermatologist,,
76,4.00,Los Altos,California Skin Institute,650-917-7711,701 E El Camino Real 3rd Floor,Dermatologist,,
77,5.00,Los Altos,Vossough Slavosh MD,650-949-2388,851 Fremont Avenue #112,Dermatologist,,
78,4.70,Campbell,Age Defying Dermatology,408-369-4214,3803 South Bascom Avenue #200,Dermatologist,,
79,5.00,Campbell,"Amelia K. Hausauer, MD",408-559-7177,3803 South Bascom Avenue #100,Dermatologist,,
80,5.00,,"Amelia K. Hausauer, MD",408-559-7177,3803 South Bascom Avenue #100,Dermatologist,2019-03-06,16:30
81,3.70,,Bastoni Kelly A MD,707-393-4044,1550 Gateway Boulevard,General Practitioner,2019-03-03,16:30
82,5.00,Brentwood,"Lance Gibson, MD",925-308-8112,2400 Balfour Road Suite 120,General Practitioner,,
83,5.00,Brentwood,Muir Family Physicians,925-513-9495,3707 Sunset Lane,General Practitioner,,
84,5.00,Los Gatos,Chen M Dwight MD,408-523-3900,360 Dardanelli Lane #2d,Gynecologist,,
85,5.00,Los Gatos,"Dr. Linda A. Teagle, MD",408-370-1331,777 Knowles Drive,Gynecologist,,
86,5.00,Los Gatos,Eleanor Martinez MD FACOG,408-374-6299,320 Dardanelli Lane,Gynecologist,,
87,4.60,Los Gatos,"For Women By Women: Rosanne Mayhew, MD",408-871-1885,555 Knowles Drive Suite 109,Gynecologist,,
88,5.00,Los Gatos,"Gerald E. Trobough, MD",408-356-0431,15151 National Avenue,Gynecologist,,
89,5.00,Los Gatos,"Jennifer Conwell, MD",408-356-8569,15151 National Avenue,Gynecologist,,
90,4.20,Los Gatos,"OB-GYN Women Physicians Assoc. Inc: Nilima Parekhji, MD, FACOG",408-358-1881,15195 National Avenue #207,Gynecologist,,
91,4.30,Los Gatos,Vital Health Endometriosis Center- Dr. Andrew Cook,408-358-2511,14830 Los Gatos Boulevard #300,Gynecologist,,
92,5.00,,Chen M Dwight MD,408-523-3900,360 Dardanelli Lane #2d,Gynecologist,2019-03-05,12:30
93,5.00,San Francisco,"Alan B. Scott, M.D.",415-923-3120,2100 Webster Street suite 214,Ophthalmologist,,
94,5.00,San Francisco,"Alejandra de Alba, M.D.",415-353-2800,291 Geary Street #700,Ophthalmologist,,
95,5.00,San Francisco,"Ali A. Zaidi, M.D.",415-923-3007,2100 Webster Street #214,Ophthalmologist,,
96,5.00,San Francisco,"Ayman Naseri, M.D.",415-514-8200,3838 California Street #100,Ophthalmologist,,
97,3.30,San Francisco,Bert Melvyn MD,415-834-1444,165 Rowland Way #207,Ophthalmologist,,
98,4.90,San Francisco,DILYS J. BART MD,415-751-7700,909 Hyde Street #530,Ophthalmologist,,
99,4.40,San Francisco,Daniel F Goodman Md,415-474-3333,8 Koret Way,Ophthalmologist,,
100,5.00,San Francisco,"Dr. Kevin Tan, MD",415-982-2020,3300 Webster Street,Ophthalmologist,,
101,4.30,San Francisco,Gary L Aguilar MD,415-776-7456,490 Post Street #933,Ophthalmologist,,
102,5.00,San Francisco,Hirabayashi Dean R MD,415-362-3364,711 Van Ness Avenue #310,Ophthalmologist,,
103,5.00,,"Alejandra de Alba, M.D.",415-353-2800,291 Geary Street #700,Ophthalmologist,2019-03-14,15:00
104,5.00,San Rafael,Dr. Elizabeth Olle,415-444-2940,2645 Ocean Avenue #303,General Practitioner,,
105,5.00,San Rafael,"Elson Haas, M.D.",415-472-7636,750 Las Gallinas Avenue # 106,General Practitioner,,
106,5.00,San Rafael,Hass Frederick J MD,415-507-9557,3490 California Street #200,General Practitioner,,
107,5.00,,Dr. Elizabeth Olle,415-444-2940,2645 Ocean Avenue #303,General Practitioner,2019-03-04,15:30
108,3.60,Healdsburg,Andolsen Richard J MD,707-433-7013,300 Mason Street,General Practitioner,,
109,5.00,Healdsburg,"Dr. Patricia W. Kulawiak, MD",707-431-1427,421 March Avenue D,General Practitioner,,
110,5.00,Healdsburg,Healdsburg Primary Care: Wilson Locke MD,707-433-3383,421-b March Avenue,General Practitioner,,
111,5.00,Healdsburg,James F Carroll Inc,707-433-0347,1312 Prentice Drive,General Practitioner,,
112,5.00,Healdsburg,Vargas R Steven MD,707-433-5511,465 March Avenue # A,General Practitioner,,
113,3.60,,Andolsen Richard J MD,707-433-7013,300 Mason Street,General Practitioner,2019-03-08,10:00
114,5.00,,"Avril Swan, MD",415-642-0333,1286 Sanchez Street a,General Practitioner,2019-03-09,11:30
115,5.00,Berkeley,"Avis E. Logan, M.D.",510-985-5020,3100 San Pablo Avenue Suite 310,General Practitioner,,
116,4.60,Berkeley,Berkeley Family Practice Med: Goo Julie MD,810-848-4924,400 North McDowell Boulevard,General Practitioner,,
117,5.00,Berkeley,Berkeley Family Practice Medical: Zaman Aysha MD,510-841-1647,3000 Colby Street #201,General Practitioner,,
118,5.00,Berkeley,"Dr. Catherine Jiam Seagren, MD",510-204-8110,500 San Pablo Avenue #300,General Practitioner,,
119,5.00,Berkeley,Dr. Frank Lucido,510-848-0958,2636 Telegraph Avenue # A,General Practitioner,,
120,5.00,Berkeley,"Dr. Jeffrey A. Mandel, MD",510-869-5250,21297 Foothill Boulevard Ste 201,General Practitioner,,
121,3.70,Berkeley,"Dr. Timothy A. Fitzer, MD",510-848-4924,2610 Woolsey Street,General Practitioner,,
122,5.00,Berkeley,"Grant W. Wang, M.D.",510-843-0804,2300 Durant Avenue,General Practitioner,,
123,5.00,Berkeley,Hedelman Elizabeth MD,510-643-2997,3100 Telegraph Avenue #2109,General Practitioner,,
124,4.00,Berkeley,"Roxanne C. Fiscella, M.D.",510-843-0692,2500 Milvia Street,General Practitioner,,
125,5.00,,"Avis E. Logan, M.D.",510-985-5020,3100 San Pablo Avenue Suite 310,General Practitioner,2019-03-03,11:00
126,4.30,Walnut Creek,Berman Skin Institute,925-932-3800,355 Lennon Lane Suite 255,Dermatologist,,
127,5.00,Walnut Creek,"Dr. Sandra Bendeck, MD",925-817-5600,770 San Ramon Valley Boulevard,Dermatologist,,
128,4.20,Walnut Creek,Golden State Dermatology,925-945-7005,2255 Ygnacio Valley Road Suite B-1,Dermatologist,,
129,3.70,Walnut Creek,"Hina Ahmad, MD",925-932-7704,2255 Ygnacio Valley Road Suite B-1,Dermatologist,,
130,5.00,,"Dr. Sandra Bendeck, MD",925-817-5600,770 San Ramon Valley Boulevard,Dermatologist,2019-03-01,14:00
131,4.30,San Jose,Alta Eye Care,408-502-6188,1085 West El Camino Real Level 2,Ophthalmologist,,
132,4.20,San Jose,Chen Howard MD,408-937-0928,200 Jose Figueres Avenue #240,Ophthalmologist,,
133,3.60,San Jose,"Contreras Claudio S, MD",408-971-2020,2100 Forest Avenue # 105,Ophthalmologist,,
134,4.30,San Jose,"Dr. Craig S. Bindi, MD",408-296-1010,431 Monterey Avenue Ste 3,Ophthalmologist,,
135,5.00,San Jose,Dr. Edward J. Saub,408-358-5300,344 East Hamilton Avenue,Ophthalmologist,,
136,4.60,San Jose,"Dr. Krikor Barsoumian, MD",405-559-1710,2449 South King Road #10,Ophthalmologist,,
137,4.00,San Jose,"Dr. Randal Pham MD, MS, FACS",408-295-1201,2110 Forest Avenue suite b,Ophthalmologist,,
138,4.00,San Jose,Dr. Randal Pham at Aesthetic & Refractive Surgery Medical Center,408-998-1818,2186 Geary Boulevard STE 312,Ophthalmologist,,
139,5.00,San Jose,"Dr.Barry Y.P. Fung,M.D.",408-238-1978,989 Story Road #8063,Ophthalmologist,,
140,4.70,San Jose,Eye Consultants of Silicon Valley,408-295-3433,2110 Forest Avenue,Ophthalmologist,,
141,3.60,,"Contreras Claudio S, MD",408-971-2020,2100 Forest Avenue # 105,Ophthalmologist,2019-03-12,14:00
142,5.00,Lafayette,"Dr. Steven G. Pascal, MD",925-283-8400,5980 Stoneridge Drive #117,Ophthalmologist,,
143,5.00,,"Dr. Steven G. Pascal, MD",925-283-8400,5980 Stoneridge Drive #117,Ophthalmologist,2019-03-01,11:30
144,5.00,Oakland,Dermatology: UCSF Benioff Children's Hospital Oakland,510-428-3304,3300 Webster Street,Dermatologist,,
145,5.00,Oakland,Dr. David Paslin,510-652-8091,460 34th Street,Dermatologist,,
146,4.20,Oakland,Dr. Lesley M. Plotke,510-452-2811,2320 Woolsey Street Suite 202,Dermatologist,,
147,5.00,Oakland,"Tomi Wall, M.D.",510-763-2662,39210 State Street #218,Dermatologist,,
148,5.00,Gilroy,"Dr. Faith R. Protsman, MD",408-846-6444,9360 North Name Uno,General Practitioner,,
149,4.00,Gilroy,"Dr. Gunjan Mittal, MD",408-846-8101,10440 South De Anza Boulevard Ste D6,General Practitioner,,
150,5.00,Gilroy,"Dr. Jocelyn G. Lim, DO",408-842-1544,9360 No Name Uno suite 125,General Practitioner,,
151,4.90,Gilroy,Dr. Joseph C. Barbara,408-842-0278,8833 Monterey Road H,General Practitioner,,
152,5.00,Gilroy,"Dr. Keith S. Rayburn, MD",888-334-1000,7475 Camino Arroyo,General Practitioner,,
153,4.60,Gilroy,"Dr. Peter R. Coelho, MD",408-707-0234,10353 Torre Avenue,General Practitioner,,
154,5.00,Gilroy,"Dr. Roger F. Lucero, MD",408-842-2229,9460 No Name Uno #115,General Practitioner,,
155,5.00,Gilroy,"Smitha Kumar, MD",408-842-3133,9460 No Name Uno #115,General Practitioner,,
156,4.00,,"Dr. Gunjan Mittal, MD",408-846-8101,10440 South De Anza Boulevard Ste D6,General Practitioner,2019-03-03,14:30
157,4.80,Oakland,"Carla Stelling, MD",510-275-7492,3300 Webster Street #1200,Gynecologist,,
158,5.00,Oakland,"Dr. Frank O. Brown III, MD",510-632-5000,9925 International Boulevard #2,Gynecologist,,
159,5.00,Oakland,Dr. Ruth Olweny,415-866-7932,280 West MacArthur Boulevard,Gynecologist,,
160,5.00,Oakland,"Eve F. Zaritsky, M.D.",510-752-1000,3779 Piedmont Avenue,Gynecologist,,
161,5.00,Oakland,"Madgy Girgis, MD",510-893-1700,365 Hawthorne Avenue #301,Gynecologist,,
162,4.40,Oakland,"Yvette Gentry, MD",510-653-0846,3300 Webster Street #1200,Gynecologist,,
163,4.80,,"Carla Stelling, MD",510-275-7492,3300 Webster Street #1200,Gynecologist,2019-03-07,16:30
164,4.00,San Jose,Access Health,408-729-7690,301 Old San Francisco Road Level 2,General Practitioner,,
165,4.20,San Jose,Benson Frederick P MD,408-224-6236,6950 Santa Teresa Boulevard,General Practitioner,,
166,5.00,San Jose,Darith Khay Inc,408-254-4100,3030 Alum Rock Avenue,General Practitioner,,
167,3.40,San Jose,Deepa Ramachandran MD,408-335-7640,15425 Los Gatos Boulevard #120,General Practitioner,,
168,4.20,San Jose,"Denise Babin, M.D.",209-833-2345,"795 El Camino Real Jamplis Building, Level 1",General Practitioner,,
169,5.00,San Jose,Dohn Richard,408-356-8672,221 East Hacienda Avenue b,General Practitioner,,
170,5.00,San Jose,Doll Robert L MD,408-972-6050,260 International Circle,General Practitioner,,
171,4.20,San Jose,Dr James Luu - Immigration Physical Exam Doctor,408-963-7351,260 International Circle,General Practitioner,,
172,5.00,San Jose,Dr. Arbella Sarkis,408-560-9900,16400 Lark Avenue #150,General Practitioner,,
173,5.00,San Jose,"Dr. Graciela Lopez, MD",408-918-2600,200 Jose Figueres Avenue # 325,General Practitioner,,
174,4.00,,Access Health,408-729-7690,301 Old San Francisco Road Level 2,General Practitioner,2019-03-13,15:00
175,5.00,Larkspur,"Dr. Janet Bodle, MD",415-860-5875,3838 California Street #601,General Practitioner,,
176,5.00,Larkspur,"Dr. Oliver S. Osborn, MD",415-924-1214,1660 Geary Boulevard,General Practitioner,,
177,5.00,Larkspur,"First Med Marin: Barry Landfield, MD",415-461-3500,6301 3rd Street,General Practitioner,,
178,4.00,,Aura Skin Spa,415-788-3800,450 Sutter Street #2340,Dermatologist,2019-03-12,16:00
179,3.90,Cupertino,"John Chiu, M.D.",408-863-0709,700 West Parr Avenue,General Practitioner,,
180,3.40,Cupertino,Manjul Patwardhan MD. Prof. Corporation,408-725-1777,996 South King Road,General Practitioner,,
181,4.60,Cupertino,"Marc Iwahashi MD, FAAFP",408-253-5811,200 Jose Figueres Avenue # 315,General Practitioner,,
182,4.20,Cupertino,Zitman Sheldon A MD,408-996-9339,6475 Camden Avenue #105,General Practitioner,,
183,4.80,,"Clifford Chew, MD",415-433-7945,45 Castro Street,ENT Specialist,2019-03-11,17:00
184,3.60,Mountain View,"Daniel J. Beers, MD",650-961-2585,525 South Drive #101,Ophthalmologist,,
185,3.30,Mountain View,"Dr. Peter S. Levin, MD",650-964-9600,1174 Castro Street #112,Ophthalmologist,,
186,4.70,Mountain View,"Jay Bansal, MD",650-966-0900,4906 El Camino Real B,Ophthalmologist,,
187,5.00,Mountain View,"Rahul N. Khurana, MD",650-988-7480,"2224, 1800 Sullivan Avenue # 410",Ophthalmologist,,
188,4.70,,"Jay Bansal, MD",650-966-0900,4906 El Camino Real B,Ophthalmologist,2019-03-13,11:00
189,5.00,Palo Alto,Bay Area House Call Physicians,650-384-0986,701 E El Camino Real 2nd Floor,General Practitioner,,
190,4.00,Palo Alto,Byrne Eileen MD,650-321-4121,550 Hamilton Avenue # 329,General Practitioner,,
191,5.00,Palo Alto,"Christina Palmer, M.D.",209-951-7873,2690 South White Road # 200,General Practitioner,,
192,5.00,Palo Alto,"Dr. Jimmy Chen, MD",650-723-6963,211 Quarry Road Suite 102,General Practitioner,,
193,4.20,Palo Alto,"Dr. Richard D. Lee, MD",650-289-0110,1150 Veterans Boulevard,General Practitioner,,
194,5.00,Palo Alto,"Erica E. Weirich, M.D.",650-614-3299,455 Grand Avenue,General Practitioner,,
195,5.00,Palo Alto,Evaleen Kay Jones,650-736-5211,321 Middlefield Road,General Practitioner,,
196,4.00,Palo Alto,"Jennifer S. Falk, M.D.",650-853-2984,"795 El Camino Real Jamplis Building, Level 1",General Practitioner,,
197,5.00,Palo Alto,Killebrew Frances Kru MD,650-327-8717,1 Baywood Avenue #10,General Practitioner,,
198,5.00,Palo Alto,Mali A. Mann MD,650-325-8762,900 Welch Road #208,General Practitioner,,
199,5.00,,Bay Area House Call Physicians,650-384-0986,701 E El Camino Real 2nd Floor,General Practitioner,2019-03-04,11:00
200,4.90,Los Altos,"Brown Peter, MD",650-941-4545,877 West Fremont Avenue unit n1,General Practitioner,,
201,5.00,Los Altos,D Graeme Shaw Md,650-474-2130 ext. 4,"5050 West El Camino Real # 110, Los Altos, California 94022, United States",General Practitioner,,
202,5.00,Los Altos,"Dr. Milagros T. Buenviaje, MD",650-988-0828,1704 Miramonte Avenue,General Practitioner,,
203,5.00,Los Altos,"Melissa Stenberg, M.D.",209-257-1726,2734 East El Camino Real,General Practitioner,,
204,5.00,Los Altos,"Patricia Weltz, Do",650-482-9898,795 Willow Rd # 334,General Practitioner,,
205,5.00,Los Altos,"Shiv Jain, M.D.",650-254-5200,370 Distel Circle,General Practitioner,,
206,3.30,Sebastopol,"Dr. Gregory P. Rosa, MD",707-823-7616,652 Petaluma Avenue Suite B,General Practitioner,,
207,3.70,Sebastopol,Family Practice Associates: Davidson Nancy A MD,707-823-5341,678 Petaluma Avenue,General Practitioner,,
208,5.00,Sebastopol,Fichman David K MD,707-829-1811,6 Tarman Drive,General Practitioner,,
209,5.00,Sebastopol,Pitzen Roger J MD,707-823-3210,6800 Palm Avenue # A,General Practitioner,,
210,4.30,Sebastopol,Whisman Kathleen MD,707-823-6997,652 Petaluma Avenue ste b,General Practitioner,,
211,3.30,,"Dr. Gregory P. Rosa, MD",707-823-7616,652 Petaluma Avenue Suite B,General Practitioner,2019-03-14,13:30
212,4.00,Gilroy,"James A. Watson, MD",408-842-6500,8833 Monterey Road,Gynecologist,,
213,4.00,,"James A. Watson, MD",408-842-6500,8833 Monterey Road,Gynecologist,2019-03-12,10:30
214,5.00,Pleasant Hill,"Dr. Chika Akera, MD",925-363-2000,2500 Alhambra Avenue,General Practitioner,,
215,4.70,Pleasant Hill,Harpole Jr B Patrick MD,925-680-8700,2481 Pacheco Street,General Practitioner,,
216,5.00,Pleasant Hill,Jolin Patrick V MD,925-689-4010,5161 Clayton Road # C1,General Practitioner,,
217,5.00,Pleasant Hill,"Nicolas Makhoul, MD",925-674-4721,2700 Grant Street Suite 200,General Practitioner,,
218,4.00,Pleasant Hill,"Tara Tarantino, DO",925-682-2401,401 Gregory Lane Suite 104,General Practitioner,,
219,5.00,,Jolin Patrick V MD,925-689-4010,5161 Clayton Road # C1,General Practitioner,2019-03-05,15:00
220,4.50,Daly City,"Dr. Ruth E. Hoddinott, MD",650-301-0500,795 El Camino Real,General Practitioner,,
221,5.00,Daly City,Kini Divya MD,650-755-2192,"795 El Camino Real Jamplis Building, Level 1",General Practitioner,,
222,3.70,Daly City,Medicus: Carrillo Lornalyn J MD,650-994-0459,1800 Sullivan Avenue,General Practitioner,,
223,3.80,Daly City,North East Medical Services (NEMS) - Eastmoor,650-550-3923,40 North San Mateo Drive,General Practitioner,,
224,5.00,Daly City,Wilson John w MD,650-994-9093,270 Perkins Street,General Practitioner,,
225,4.00,,Aura Skin Spa,415-788-3800,450 Sutter Street #2340,Dermatologist,2019-03-02,10:30
226,5.00,San Jose,"Anjali Tate, M.D.",510-845-8035,2400 Samaritan Drive #105,Gynecologist,,
227,5.00,San Jose,"Dr. Ali A. Zaki, MD",408-272-2252,200 Jose Figueres Avenue #490,Gynecologist,,
228,3.50,San Jose,"Dr. Phuong T. Nguyen, MD, FACOG",408-296-2496,210 North Jackson Avenue #10,Gynecologist,,
229,5.00,San Jose,"Dr. Ruth Yemane, MD",408-358-1888,2400 Samaritan Drive,Gynecologist,,
230,4.90,San Jose,"Dr. Smriti Nalwa, MD",408-271-6500,455 Oconnor Drive,Gynecologist,,
231,4.70,San Jose,Faryno Violetta MD,408-288-9933,2577 Samaritan Drive #720B,Gynecologist,,
232,5.00,San Jose,Genesis Clinica De La Mujer,408-258-3724,244 North Jackson Avenue suite 209,Gynecologist,,
233,4.20,San Jose,Lakshmi Vatsan MD,650-666-0033,1299 Water Lily Way #90,Gynecologist,,
234,4.60,San Jose,"Lelanya B. Kearns, M.D.",408-357-1480,2585 Samaritan Drive,Gynecologist,,
235,5.00,San Jose,"Mahari, Sofia MD",408-885-5000,750 South Bascom Avenue,Gynecologist,,
236,3.90,San Jose,"Advanced Dermatology & Skin Surgery, George Hsieh, M.D.",408-217-1905,4155 Moorpark Avenue #3,Dermatologist,,
237,4.70,San Jose,Britz Marie B MD,408-294-3202,2074 Forest Avenue # 1,Dermatologist,,
238,4.30,San Jose,California Skin Institute,408-281-9606,393 Blossom Hill Road #290,Dermatologist,,
239,4.50,San Jose,Dr. Anthony J. Badame,408-297-4200,2025 Forest Avenue #9,Dermatologist,,
240,5.00,San Jose,"Dr. Sara L. Colby, MD",408-369-5600,2420 Samaritan Drive,Dermatologist,,
241,4.00,,Aura Skin Spa,415-788-3800,450 Sutter Street #2340,Dermatologist,2019-03-12,17:00
242,4.00,,Byrne Eileen MD,650-321-4121,550 Hamilton Avenue # 329,General Practitioner,2019-03-13,12:00
243,5.00,,"Dr. Ali A. Zaki, MD",408-272-2252,200 Jose Figueres Avenue #490,Gynecologist,2019-03-14,16:00
244,5.00,Burlingame,Claudio A Bet Inc,650-692-1296,211 Quarry Road,General Practitioner,,
245,5.00,Burlingame,"Dr. Aaron M. Roland, MD",650-259-5840,329 Primrose Road,General Practitioner,,
246,5.00,Burlingame,"Radhika Varma, M.D.",650-652-8500,1501 Trousdale Drive #4,General Practitioner,,
247,5.00,Burlingame,"Susan Runyan, MD, MPH",650-288-1200,590 Forest Avenue,General Practitioner,,
248,5.00,,Claudio A Bet Inc,650-692-1296,211 Quarry Road,General Practitioner,2019-03-05,12:00
249,5.00,,Contra-Costa Regional Med Center: Cominos Eve D MD,925-370-5000,2500 Alhambra Avenue,General Practitioner,2019-03-03,17:30
250,5.00,,Blossom Ridge Medical Group: Zimmer J Kirk MD,408-377-9180,555 Knowles Drive #203,General Practitioner,2019-03-09,12:30
251,5.00,Napa,"Dr. Kathleen M. Healey, MD",707-251-3608,1701 4th Street Suite 120,ENT Specialist,,
252,5.00,,"Dr. Kathleen M. Healey, MD",707-251-3608,1701 4th Street Suite 120,ENT Specialist,2019-03-10,17:30
253,4.40,Benicia,"Clifford Hoffman DO, MPH Family Doctor",707-750-5944,1179 North McDowell Boulevard,General Practitioner,,
254,3.40,Benicia,Family Health Center of Benicia,707-745-0711,1440 Military West # 101,General Practitioner,,
255,5.00,Benicia,Hill D L Do,707-745-3785,831 East 2nd Street #103,General Practitioner,,
256,4.40,,"Clifford Hoffman DO, MPH Family Doctor",707-750-5944,1179 North McDowell Boulevard,General Practitioner,2019-03-14,13:00
257,5.00,Albany,"Nina R. Birnbaum, M.D.",510-524-0861,500 San Pablo Avenue,General Practitioner,,
258,3.80,Albany,"Rebecca Clyde, M.D.",510-204-8130,12 Camino Encinas,General Practitioner,,
259,5.00,Albany,Shapiro Marcey MD,510-525-2200,5915 B Hollis Street,General Practitioner,,
260,5.00,Albany,Sutter East Bay Med Foundation: Whinnery Catherine MD,510-524-1580,1152 Solano Avenue # A,General Practitioner,,
261,5.00,,"Nina R. Birnbaum, M.D.",510-524-0861,500 San Pablo Avenue,General Practitioner,2019-03-07,17:00
262,5.00,,"Aaron Tward, M.D.",415-353-2757,2380 Sutter Street,ENT Specialist,2019-03-10,11:00
263,4.00,Milpitas,"Dr. Hoang M. Duong, MD",408-263-6073,991 County Highway G4 STE 104,Dermatologist,,
264,3.20,Milpitas,Dr. Sunil S. Dhawan,408-957-7676,995 County Highway G4 #111,Dermatologist,,
265,4.00,Milpitas,Malhotra Neema MD,408-945-0300,1113 South Park Victoria Drive,Dermatologist,,
266,4.00,,"Dr. Hoang M. Duong, MD",408-263-6073,991 County Highway G4 STE 104,Dermatologist,2019-03-13,14:30
267,5.00,Antioch,Antioch Family Practice: Copeland John W MD,925-778-7233,3440 Hillcrest Avenue Suite 150,General Practitioner,,
268,5.00,Antioch,Baart Antioch: Quismorio William L MD,925-522-0124,5161 Clayton Road Suite F,General Practitioner,,
269,5.00,Antioch,Howard L Friesen Inc,925-757-2250,3436 Hillcrest Avenue # 200,General Practitioner,,
270,5.00,Antioch,"Jessica Roberts, MD",925-779-1331,3720 Sunset Lane # A,General Practitioner,,
271,4.30,Antioch,"Randolph J. Clarke, MD",925-777-0477,3741 Sunset Lane # A,General Practitioner,,
272,4.00,Antioch,Spring Hill Medical Group: Elyasi Siamak MD,925-779-9601,7667 Amador Valley Boulevard,General Practitioner,,
273,4.30,Antioch,Williams Clark E DO,925-778-4062,1111 A Street,General Practitioner,,
274,5.00,,Howard L Friesen Inc,925-757-2250,3436 Hillcrest Avenue # 200,General Practitioner,2019-03-13,15:30
275,5.00,Lafayette,"Neil Fruman, MD - Retired",925-296-7490,1450 Treat Boulevard Suite 120B,General Practitioner,,
276,5.00,,"Neil Fruman, MD - Retired",925-296-7490,1450 Treat Boulevard Suite 120B,General Practitioner,2019-03-14,12:30
277,5.00,Lafayette,Dr. Ani Tajirian,510-839-2937,20400 Lake Chabot Road #202,Dermatologist,,
278,4.30,Lafayette,"Dr. Kelly T. Hood, MD",925-283-5500,3807 Lone Tree Way,Dermatologist,,
279,5.00,Lafayette,"Lesley Plotke, MD",925-283-4820,970 Dewing Avenue # 301,Dermatologist,,
280,5.00,,Dr. Ani Tajirian,510-839-2937,20400 Lake Chabot Road #202,Dermatologist,2019-03-14,13:00
281,4.00,Hayward,Optima Ophthalmic Med Associates: Mandel Mark R MD,510-886-3937,706 Webster Street,Ophthalmologist,,
282,4.00,,Optima Ophthalmic Med Associates: Mandel Mark R MD,510-886-3937,706 Webster Street,Ophthalmologist,2019-03-01,11:00
283,5.00,San Mateo,"Arthur D. Fu, MD",650-342-7137,1391 Woodside Road #200,Ophthalmologist,,
284,5.00,San Mateo,Filer Eye MD: Filer Robert S MD,650-342-4595,101 South San Mateo Drive #306,Ophthalmologist,,
285,5.00,San Mateo,"Walter H. Stern, MD",650-340-0111,50 South San Mateo Drive,Ophthalmologist,,
286,5.00,Santa Rosa,"Dr. Dan R. Lightfoot, MD",707-575-3800,3536 Mendocino Avenue #380,Ophthalmologist,,
287,5.00,Santa Rosa,"Dr. James E. Hunt, MD",707-838-3232,4501 Rosewood Drive,Ophthalmologist,,
288,5.00,Santa Rosa,"Rona Silkiss, MD, FACS",707-544-3375,1460 North Camino Alto,Ophthalmologist,,
289,4.50,Santa Rosa,"Thomas Schlesinger, M.D., Ph.D.",707-575-5353,3536 Mendocino Avenue #380,Ophthalmologist,,
290,5.00,,"Dr. James E. Hunt, MD",707-838-3232,4501 Rosewood Drive,Ophthalmologist,2019-03-10,10:00
291,5.00,Castro Valley,"Dr. Arthur C. O'brien Jr, MD",510-581-7677,22101 Redwood Road,General Practitioner,,
292,5.00,Castro Valley,"Dr. Maryam Fortani, MD",510-357-3023,13851 East 14th Street #102,General Practitioner,,
293,5.00,Castro Valley,"Dr. Najibulrahman Saifulrahman, MD",510-605-5330,27206 Calaroga Avenue,General Practitioner,,
294,5.00,Castro Valley,"Dr. Paul J. Robinson, D.O.",510-886-5515,27206 Calaroga Avenue,General Practitioner,,
295,3.50,Castro Valley,"Kelly A. Welsh, M.D.",510-886-3400,20700 Lake Chabot Road,General Practitioner,,
296,5.00,Castro Valley,Parviz Talebi MD,510-889-1922,13847 East 14th Street #119,General Practitioner,,
297,5.00,,"Dr. Maryam Fortani, MD",510-357-3023,13851 East 14th Street #102,General Practitioner,2019-03-05,11:00
298,4.70,Pleasanton,Berman Skin Institute,925-416-2291,2700 Grant Street #309,Dermatologist,,
299,4.20,Pleasanton,"Dean Anthony, MD",925-847-3020,4000 Dublin Boulevard #2,Dermatologist,,
300,5.00,Pleasanton,"Juliana R. Cinque, MD",925-416-1122,5575 West Las Positas Boulevard,Dermatologist,,
301,4.40,Pleasanton,Minh Dang MD Dermatology,925-251-9012,5201 Norris Canyon Road,Dermatologist,,
302,5.00,Pleasanton,Pleasanton Dermatology,925-226-7910,11030 Bollinger Canyon Road #240,Dermatologist,,
303,4.70,,Berman Skin Institute,925-416-2291,2700 Grant Street #309,Dermatologist,2019-03-13,15:30
304,4.60,Walnut Creek,"Alphaeus Wise, MD",925-935-3113,1181 Boulevard Way B,General Practitioner,,
305,5.00,Walnut Creek,"Catherine Wang, MD",925-947-0417,2621 Shadelands Drive,General Practitioner,,
306,5.00,Walnut Creek,Chang David C H MD,925-944-9193,"1981 North Broadway, Walnut Creek, CA 94596",General Practitioner,,
307,4.80,Walnut Creek,Chong Mee-Jin MD,925-932-8938,120 La Casa Via,General Practitioner,,
308,3.70,Walnut Creek,"Dr. Mark N. Isaacs, MD",925-945-8656,2621 Shadelands Drive,General Practitioner,,
309,5.00,Walnut Creek,"Dr. Sujay Banerjee, MD",925-295-5100,3466 Mount Diablo Boulevard Suite C-104,General Practitioner,,
310,5.00,Walnut Creek,Family Practice: Dudler Jack E MD,925-943-5757,1812 San Miguel Drive,General Practitioner,,
311,3.70,Walnut Creek,"Jasleen Sohal, MD",925-296-9736,1450 Treat Boulevard Suite 320,General Practitioner,,
312,5.00,Walnut Creek,"Kishore Nath, MD",925-296-9880,1450 Treat Boulevard Suite 320,General Practitioner,,
313,5.00,Walnut Creek,Stuart A Bussey Inc: Bussey Stuart A MD,925-934-7691,1181 Boulevard Way suite b,General Practitioner,,
314,4.60,,"Alphaeus Wise, MD",925-935-3113,1181 Boulevard Way B,General Practitioner,2019-03-08,15:00
315,3.70,,Abazari Mina MD,949-916-9100,5050 West El Camino Real # 110,General Practitioner,2019-03-14,16:00
316,5.00,San Lorenzo,Linder Alan M MD,510-276-3150,3100 Telegraph Avenue #2102,General Practitioner,,
317,5.00,,Linder Alan M MD,510-276-3150,3100 Telegraph Avenue #2102,General Practitioner,2019-03-07,10:30
318,5.00,,"Anne Han, M.D.",415-600-3800,655 Redwood Highway Suite 100,Dermatologist,2019-03-12,12:00
319,5.00,,Antioch Family Practice: Copeland John W MD,925-778-7233,3440 Hillcrest Avenue Suite 150,General Practitioner,2019-03-07,14:00
320,5.00,,Alchemy John MD,707-576-7000,"Sonoma Ave, # 44, 1820 Doctors Park Drive",General Practitioner,2019-03-01,15:30
321,4.90,Sonoma,"Daisy Manuel-Arguelles, DO",707-202-5034,5900 State Farm Drive,General Practitioner,,
322,4.00,Sonoma,"Dr. James F. Dolan, MD",877-818-6100,7475 Camino Arroyo,General Practitioner,,
323,5.00,Sonoma,"Dr. Subhash Mishra, MD",707-938-3131,15000 Arnold Drive,General Practitioner,,
324,4.60,Sonoma,Sonoma Dermatology,707-938-1423,1104 Adams Street # 201,Dermatologist,,
325,4.60,,Sonoma Dermatology,707-938-1423,1104 Adams Street # 201,Dermatologist,2019-03-01,12:30
326,4.00,Campbell,Borodulin Tatyana MD,408-378-3300,340 Dardanelli Ln # 24,General Practitioner,,
327,5.00,Campbell,"Dr. Christian Fulmer, DO",408-357-1410,50 East Hamilton Avenue #120,General Practitioner,,
328,4.70,Campbell,"Dr. Elham J. Louis, DO",408-364-7600,7225 Rainbow Drive,General Practitioner,,
329,4.00,,Borodulin Tatyana MD,408-378-3300,340 Dardanelli Ln # 24,General Practitioner,2019-03-02,13:30
330,4.60,Walnut Creek,Babak Edraki MD,925-627-3440,1479 Ygnacio Valley Road,Gynecologist,,
331,3.70,Walnut Creek,"Dr. Alan N. Kaplan, MD",925-932-1333,1776 Ygnacio Valley Road,Gynecologist,,
332,4.00,Walnut Creek,"Dr. Elwood Kronick, MD",925-932-2565,240 La Casa Via #100,Gynecologist,,
333,4.30,Walnut Creek,Dr. Stephen Wells MD,925-935-5356,110 Tampico Ste #220,Gynecologist,,
334,5.00,Walnut Creek,Innovative Wellness Inc.,925-954-8209,2255 Ygnacio Valley Road Suite T,Gynecologist,,
335,5.00,Walnut Creek,"Jean Kayser, MD",925-295-4040,1515 Newell Avenue,Gynecologist,,
336,4.00,Walnut Creek,"John Crockett, MD",925-296-7370,1450 Treat Boulevard Suite 220A,Gynecologist,,
337,3.80,Walnut Creek,"Louis Klein, MD",925-937-0995,1776 Ygnacio Valley Road #208,Gynecologist,,
338,5.00,Walnut Creek,Madhavi Vemulapalli MD,925-239-0012,112 La Casa Via #300,Gynecologist,,
339,3.60,Walnut Creek,Muir OB GYN Medical Group Inc. a Division of BASS Medical Group,925-933-4747,112 La Casa Via,Gynecologist,,
340,4.70,Santa Rosa,"Jonathan Kurss, MD",707-303-1719,500 Doyle Park Drive #200,Gynecologist,,
341,5.00,Santa Rosa,Ratcliffe Jennifer V MD,707-575-5831,1111 Sonoma Avenue #214,Gynecologist,,
342,4.40,Santa Rosa,"Shazah Khawaja, MD",707-579-1102,500 Doyle Park Drive Suite 103,Gynecologist,,
343,5.00,Santa Rosa,"Susan C. Logan, MD",707-575-1626,1111 Sonoma Avenue Suite 202,Gynecologist,,
344,5.00,,Ratcliffe Jennifer V MD,707-575-5831,1111 Sonoma Avenue #214,Gynecologist,2019-03-02,13:30
345,5.00,Mountain View,"Dr. Elizabeth A. Abel, MD",650-969-5600,1700 2nd Street #220,Dermatologist,,
346,5.00,Mountain View,"F. Landon Clark, M.D., MPH",650-934-7676,401 Old San Francisco Road,Dermatologist,,
347,3.60,Mountain View,"Jean Gordon, MD (A Woman's Touch)",650-938-6559,86 3rd Street #114,Dermatologist,,
348,5.00,,"F. Landon Clark, M.D., MPH",650-934-7676,401 Old San Francisco Road,Dermatologist,2019-03-04,17:30
349,4.20,,Bay Area Cosmetic Dermatology,415-440-6356,2211 Post Street #404,Dermatologist,2019-03-07,14:00
350,4.00,Fremont,4D Miracles,510-863-3258,42808 Christy Street #208,Gynecologist,,
351,5.00,Fremont,Amy Kane,510-490-1222,"2, 3200 Kearney Street",Gynecologist,,
352,5.00,Fremont,Bay Area Ob-Gyn Medical Group: Mack Scott R MD,510-284-4100,1860 Mowry Ave # 306,Gynecologist,,
353,5.00,Fremont,"Dr. Stacie Macdonald, MD",510-248-1470,2299 Mowry Avenue #3c,Gynecologist,,
354,4.40,Fremont,Fremont OB/GYN: Padmaja Sharma MD,510-796-7104,3885 Beacon Avenue,Gynecologist,,
355,5.00,Fremont,"Jessica Y Ing, M.D.",510-498-2182,3200 Kearney Street Bldg 1,Gynecologist,,
356,5.00,Fremont,Scott Kramer MD,510-796-0510,2333 Mowry Avenue #201,Gynecologist,,
357,5.00,Fremont,Washington Prenatal Diagnostic Center,510-818-5110,1900 Mowry Avenue Suite 101,Gynecologist,,
358,4.00,,4D Miracles,510-863-3258,42808 Christy Street #208,Gynecologist,2019-03-01,15:00
359,3.70,,Abazari Mina MD,949-916-9100,5050 West El Camino Real # 110,General Practitioner,2019-03-13,15:30
360,4.00,,"James A. Watson, MD",408-842-6500,8833 Monterey Road,Gynecologist,2019-03-12,10:00
361,5.00,,Claudio A Bet Inc,650-692-1296,211 Quarry Road,General Practitioner,2019-03-09,14:00
362,5.00,Mountain View,"John Nguyen, M.D.",650-934-7900,4906 West El Camino Real # A,ENT Specialist,,
363,5.00,,"John Nguyen, M.D.",650-934-7900,4906 West El Camino Real # A,ENT Specialist,2019-03-14,12:00
364,5.00,Napa,"Alex De Moraes, MD",707-257-1550,935 Trancas Street,General Practitioner,,
365,4.20,Napa,"Andrew Patrinellis, MD",707-266-1875,3569 Round Barn Circle,General Practitioner,,
366,4.30,Napa,"Aurelio Campos, MD",707-253-1566,1141 Pear Tree Lane # 100,General Practitioner,,
367,4.50,Napa,"Clinic Ole: Jennifer Wilson, MD",707-254-1770,1141 Pear Tree Lane #100,General Practitioner,,
368,5.00,Napa,"David D Pratt, MD",707-257-2187,1222 Pine Street,General Practitioner,,
369,3.20,Napa,John F Dermody MD,707-252-0494,1155 Trancas Street,General Practitioner,,
370,5.00,Napa,"Michael Novak, MD",707-251-3604,1001 Professional Drive,General Practitioner,,
371,3.70,Napa,"Robert E. Erwin, MD",707-255-7222,3010 Beard Road,General Practitioner,,
372,4.20,Napa,"Thomas Suard, MD",707-252-4781,1100 Trancas Street,General Practitioner,,
373,5.00,,"Alex De Moraes, MD",707-257-1550,935 Trancas Street,General Practitioner,2019-03-13,12:00
374,4.20,Los Gatos,"Harrup Kaur, MD",408-940-3930,2120 McKee Road,Ophthalmologist,,
375,5.00,Los Gatos,"Martin Fishman, MD",408-354-9510,2577 Samaritan Drive Suite 740,Ophthalmologist,,
376,4.50,Los Gatos,"Polaris Eye & Laser: Jeehee Kim, MD",408-358-3932,2505 Samaritan Drive Suite 408,Ophthalmologist,,
377,4.20,,"Harrup Kaur, MD",408-940-3930,2120 McKee Road,Ophthalmologist,2019-03-01,17:30
378,5.00,,"Alan B. Scott, M.D.",415-923-3120,2100 Webster Street suite 214,Ophthalmologist,2019-03-10,13:30
379,3.30,Dublin,California Skin Institute,925-828-1701,400 El Cerro Boulevard #204,Dermatologist,,
380,5.00,Dublin,"Rajnish Gupta, M.D., Ph.D.",925-875-6100,"1, 4050 Dublin Boulevard",Dermatologist,,
381,3.30,,California Skin Institute,925-828-1701,400 El Cerro Boulevard #204,Dermatologist,2019-03-14,13:30
382,3.40,San Ramon,Advanced Laser & Skin Care Center,925-743-1488,101 Park Place,Dermatologist,,
383,3.70,San Ramon,Dr. Robert Greenberg,925-277-1300,3511 School Street,Dermatologist,,
384,4.90,San Ramon,"Joseph Mardanzai, MD",925-232-0483,2221 Balfour Road Suite A,Dermatologist,,
385,4.70,San Ramon,Diablo Family Physicians,925-866-1005,2305 Camino Ramon Suite 100,General Practitioner,,
386,3.80,San Ramon,"Erik Gracer, MD",925-362-1001,2100 Monument Boulevard #8,General Practitioner,,
387,3.70,San Ramon,Gracer Richard I MD,925-277-1100,1320 El Capitan Drive Suite #400,General Practitioner,,
388,5.00,San Ramon,"Ma. Theresa Egasani-Elises, MD",925-866-8050,4050 Dublin Boulevard #2,General Practitioner,,
389,4.00,San Ramon,"Ralph Fong Jr., MD",925-837-3913,7601 Stoneridge Drive,General Practitioner,,
390,4.00,San Ramon,San Ramon Valley Family Medicine,925-905-8970,5401 Norris Canyon Road #204,General Practitioner,,
391,3.70,San Ramon,Severance Douglas E MD,925-275-0400,5401 Norris Canyon Road #102,General Practitioner,,
392,4.00,Castro Valley,"Dr. Diane C. Albracht, MD",510-538-5252,2999 Regent Street #425,Ophthalmologist,,
393,5.00,Redwood City,"Dr. Madhavi Chenumalla, MD",650-299-2000,1800 Sullivan Avenue # 606,General Practitioner,,
394,4.00,Redwood City,"Gary S. Toig, MD",650-365-9997,4067 Transport Street b,General Practitioner,,
395,5.00,Redwood City,"Steven J. Harris, MD",650-474-2130,745 Distel Drive,General Practitioner,,
396,5.00,Campbell,"Makela Women's Health: Sandra Makela, M.D.",408-335-7774,3425 South Bascom Avenue #235,Gynecologist,,
397,5.00,Sunnyvale,"Carol Winton, M.D.",408-524-5900,1085 West El Camino Real Level 3,Ophthalmologist,,
398,4.00,Fairfield,"Dr. Dina T. Nguyen, MD",707-551-3600,329 Tennessee Street,General Practitioner,,
399,5.00,Fairfield,"Dr. Robert A. Varady, MD",707-428-0778,1525 Webster Street # C,General Practitioner,,
400,5.00,Fairfield,"Ehsan Ghods, DO",707-646-5500,421 Nut Tree Road,General Practitioner,,
401,4.00,Fairfield,Gillespie Craig MD,707-428-3925,1620 Pennsylvania Avenue,General Practitioner,,
402,4.00,Fairfield,Gilliam Medical Group: Gilliam David R MD,707-428-4878,1381 University Avenue,General Practitioner,,
403,5.00,Fairfield,Kaiser Permanente: Fouzia Aftab A MD,707-427-4025,770 Mason Street,General Practitioner,,
404,5.00,Palo Alto,"Dr. Deirdre Lyell, MD",650-736-1191,300 Pasteur Drive,Gynecologist,,
405,5.00,Palo Alto,"Jonathan S. Berek, MD, MMS",650-498-6004,900 Blake Wilbur Drive 1st Floor,Gynecologist,,
406,5.00,Palo Alto,"Zena Kharsa, MD - Stanford Children's Health",650-721-6060,211 Quarry Road #107,Gynecologist,,
407,4.30,San Francisco,"Amita Kachru, MD",415-641-6996,1580 Valencia Street #508,Gynecologist,,
408,5.00,San Francisco,"Audrey Koh, MD (Associates In Obstetrics and Gynecology)",415-923-3128,94109. parking entry on Hyde St 1199 Bush Street Suite 500 Suite 500,Gynecologist,,
409,3.70,San Francisco,"Bayspring Medical Group: Dr. Marilyn Milkman, MD",415-674-2600,1199 Bush Street,Gynecologist,,
410,5.00,San Francisco,"Dana Gossett, M.D.",415-353-2566,1825 4th Street,Gynecologist,,
411,5.00,San Francisco,"Dr. Donna A. Wiggins, MD",415-666-1250,1725 Montgomery Street #200,Gynecologist,,
412,5.00,San Francisco,"Dr. Frederico Rocha, MD",415-885-7788,1825 4th Street,Gynecologist,,
413,5.00,San Francisco,Dr. Fung-Yee Chan,415-379-9600,1375 Sutter Street #105,Gynecologist,,
414,3.50,San Francisco,"Dr. Jennifer Gunter, MD",415-833-2200,2238 Geary Boulevard,Gynecologist,,
415,4.00,San Francisco,Dr. Katherine Hsiao,415-876-8500,3905 Sacramento Street #204,Gynecologist,,
416,5.00,San Francisco,"Dr. Malini Nijagal, MD",415-448-1500,1825 4th Street,Gynecologist,,
417,5.00,Burlingame,"Nikolajs Lapins, M.D.",650-692-0182,730 Welch Road 1st Floor,Dermatologist,,
418,5.00,Burlingame,"Toyin Falola, M.D.",650-652-8310,1501 Trousdale Drive #2,Dermatologist,,
419,5.00,Sunnyvale,Dr. Anne Cole,650-969-2959,23275 Eastbrook Court,General Practitioner,,
420,5.00,Sunnyvale,"Dr. Christine P. Weigen, MD",800-230-7526,2636 Telegraph Avenue,General Practitioner,,
421,3.80,Sunnyvale,"Dr. Yingchih J. Lin, MD",408-481-9800,15195 National Avenue #205,General Practitioner,,
422,4.30,Sunnyvale,Family Medicine Sunnyvale Center Palo Alto Medical Foundation,408-730-4362,301 Old San Francisco Road Level 2,General Practitioner,,
423,4.90,Sunnyvale,Greider Buff R MD,408-329-9604,877 W Fremont Ave # F,General Practitioner,,
424,3.20,Sunnyvale,"Heideh Khalilnejad, MD",408-738-0200,18550 Depaul Drive #208,General Practitioner,,
425,5.00,Sunnyvale,"Kevin Fell, MD",408-520-4510,15400 Los Gatos Boulevard #2,General Practitioner,,
426,5.00,Sunnyvale,Misty S. Steffen,408-245-4048,885 Scott Boulevard #4,General Practitioner,,
427,4.20,Sunnyvale,"Neha Anand, M.D.",408-730-4360,301 Old San Francisco Road,General Practitioner,,
428,5.00,Danville,"Bela Steven Kenessey, MD",925-277-1600,1515 Newell Avenue,General Practitioner,,
429,5.00,Danville,"Bhoomika Kamath, MD",925-314-0260,319 Diablo Road,General Practitioner,,
430,4.80,Danville,"Dr. John W. Roberts, MD",925-736-7070,1130 A Street B,General Practitioner,,
431,5.00,Danville,"Michael Schierman, MD",925-648-7144,401 Gregory Lane Suite 104,General Practitioner,,
432,5.00,Danville,"Sayema Saifullah, M.D.",707-573-5413,2734 East El Camino Real,General Practitioner,,
433,5.00,Fairfield,"Julie A. Chen, M.D.",707-427-4900,380 Tesconi Court,Ophthalmologist,,
434,5.00,Fairfield,Retina Center of Solano,707-759-4942,104 Lynch Creek Way,Ophthalmologist,,
435,3.70,Berkeley,"Attia Kadri, M.D.",510-204-5600,2500 Milvia Street,Gynecologist,,
436,5.00,Berkeley,"Katarina E. Lanner-Cusin, M.D., FACOG",510-204-8190,2500 Milvia Street,Gynecologist,,
437,3.40,Berkeley,Women's Group for Health,510-204-0965,2999 Regent Street #201,Gynecologist,,
438,3.70,Union City,"Tam T. Nguyen, MD",510-248-1500,33077 Alvarado-Niles Road,General Practitioner,,
439,3.80,San Ramon,Dr. Joanne Vogel MD,925-736-0110,11030 Bollinger Canyon Road #250,Gynecologist,,
440,3.40,San Ramon,"Helen Matthews, MD",925-241-4091,1081 Market Place #500,Gynecologist,,
441,5.00,Hayward,Dr. Amita Sharma,510-619-9686,2222 Bancroft Way,General Practitioner,,
442,5.00,Hayward,Dr. Raul A. Gentini,510-887-4711,"add suite #107, 20700 Lake Chabot Road",General Practitioner,,
443,3.70,Hayward,Massen Arkady M MD,510-783-0536,38143 Martha Avenue,General Practitioner,,
444,3.20,Hayward,"Michael D DeLange, MD Inc",510-881-1041,20101 Lake Chabot Road,General Practitioner,,
445,5.00,Menlo Park,"Donna J. Lee, MD",650-498-7949,301 Industrial Road,Ophthalmologist,,
446,5.00,Menlo Park,Dr. Anne F. Henzel,650-325-3937,50 South San Mateo Drive #125,Ophthalmologist,,
447,4.00,Eldridge,Sonoma Developmental Center: Elmer Russell M MD,707-938-6000,919 Harrison Street # A,General Practitioner,,
448,5.00,Concord,"Benjamin Sadoff, MD",925-677-0500,2700 Grant Street Suite 200,General Practitioner,,
449,5.00,Concord,"Brian Honbo, MD",925-677-0519,401 Gregory Lane #206,General Practitioner,,
450,5.00,Concord,Charles J Renner Md,925-689-5608,4165 Blackhawk Plaza Circle #100,General Practitioner,,
451,3.30,Concord,Crockett John A MD,925-682-0136,401 Gregory Lane Suite 104,General Practitioner,,
452,5.00,Concord,"Diane Chandler, DO",925-609-8282,5161 Clayton Road Suite F,General Practitioner,,
453,5.00,Concord,"Dr. Maureen Mbadike-Obiora, MD",925-685-8894,2270 Bacon Street,General Practitioner,,
454,5.00,Concord,"Dr. Ori Tzvieli, MD",925-646-5535,3052 Willow Pass Road,General Practitioner,,
455,5.00,Concord,"John Toth, D.O.",925-687-9483,401 Gregory Ln # 248,General Practitioner,,
456,4.80,Concord,Von Stieff Fred J MD,925-680-8933,2485 High School Avenue # 303,General Practitioner,,
457,4.00,Concord,Contra Costa Eye Medical Center: Kindy Nadine A MD,925-687-8280,2225 Port Chicago Highway A,Ophthalmologist,,
458,5.00,Concord,"Dr. Arun Prasad, MD",925-687-6847,2222 East St #365,Ophthalmologist,,
459,3.90,Concord,Ho Viet H MD,925-798-2020,5801 Norris Canyon Road #200,Ophthalmologist,,
460,4.00,Concord,Tsai Clark S MD,925-689-7744,100 North Wiget Lane,Ophthalmologist,,
461,3.40,Los Gatos,Bruce M. Saal MD,408-374-1320,777 Knowles Drive,Dermatologist,,
462,4.80,Los Gatos,Kalia Dermatology & Laser,408-707-3328,15055 Los Gatos Boulevard,Dermatologist,,
463,5.00,Los Gatos,Kenneth A Miller MD PC,408-356-9111,14527 South Bascom Avenue,Dermatologist,,
464,3.60,Los Gatos,Miller Dermatology,408-356-2345,14911 National Avenue #5,Dermatologist,,
465,4.70,Los Gatos,Refined Dermatology,408-688-2082,800 Pollard Road bldg a,Dermatologist,,
466,4.40,Los Gatos,Schmidt Christopher MD,408-356-2147,15215 National Avenue #204,Dermatologist,,
467,3.80,Los Gatos,"Wennie C. Liao, M.D.",408-730-6130,15720 Winchester Boulevard 2nd Floor,Dermatologist,,
468,4.00,Novato,MarinEyes,415-892-0111,2100 Webster Street #214,Ophthalmologist,,
469,4.60,Novato,Novato Dermatology,415-892-0754,2100 Webster Street Suite 411,Dermatologist,,
470,5.00,,"Dr. Thomas O. Stodgel, MD",650-344-7802,"1820 Ogden Avenue Floor, 2",Gynecologist,2019-03-08,11:00
471,5.00,,"Radhika Varma, M.D.",650-652-8500,1501 Trousdale Drive #4,General Practitioner,2019-03-09,15:00
472,5.00,,"Dr. Andrew L. Sorenson, MD",510-848-7347,"2915, 1237, B Street",Ophthalmologist,2019-03-06,16:30
473,5.00,,Werschky II a G MD,415-388-2657,125 Throckmorton Avenue,General Practitioner,2019-03-14,15:30
474,3.30,,"Edward C Lee, MD",650-967-1770,16130 Juan Hernandez Drive #108,ENT Specialist,2019-03-05,12:30
475,5.00,,"Hoang, Tuan A. MD",415-397-5660,950 Stockton Street,General Practitioner,2019-03-11,14:30
476,4.00,,"Roxanne C. Fiscella, M.D.",510-843-0692,2500 Milvia Street,General Practitioner,2019-03-01,17:30
477,3.80,,Wong Hung-Kwong MD,408-295-1886,696 East Santa Clara Street,General Practitioner,2019-03-13,13:30
478,5.00,,"Dr. Richard J Kerbavaz, MD",510-845-4500,2316 Dwight Way,ENT Specialist,2019-03-04,16:30
479,4.00,,Dr. Randal Pham at Aesthetic & Refractive Surgery Medical Center,408-998-1818,2186 Geary Boulevard STE 312,Ophthalmologist,2019-03-07,16:00
480,4.40,,"Carol Somersille, MD",650-988-3232,2490 Hospital Drive #300,Gynecologist,2019-03-11,17:00
481,4.20,,Dr. Jacob Wardwell,415-606-0309,1286 Sanchez Street,General Practitioner,2019-03-10,17:00
482,5.00,,"Dr. Sabi Ahmed, MD",408-573-9686,2242 Camden Avenue # 200,General Practitioner,2019-03-01,16:30
483,5.00,,Dohn Richard,408-356-8672,221 East Hacienda Avenue b,General Practitioner,2019-03-08,15:30
484,5.00,,"John J. Smucny, M.D.",415-600-1085,2300 California Street #202,General Practitioner,2019-03-12,14:30
485,4.30,,"Dr. Richard G. Glogau, MD",415-564-1261,199 Ocean Avenue,Dermatologist,2019-03-02,16:00
486,5.00,,"Dr. Claudia S. Pinilla, MD",925-837-1403,7601 Stoneridge Drive,Ophthalmologist,2019-03-09,11:00
487,5.00,,"Dr. David R. Pepper, MD",415-552-1013,240 Shotwell Street,General Practitioner,2019-03-12,13:30
488,5.00,,"Dr. Anthony K. Boyce, DO",707-571-4320,401 Bicentennial Way,General Practitioner,2019-03-08,12:30
489,5.00,,"Jonathan S. Berek, MD, MMS",650-498-6004,900 Blake Wilbur Drive 1st Floor,Gynecologist,2019-03-10,15:30
490,5.00,,"Donna J. Lee, MD",650-498-7949,301 Industrial Road,Ophthalmologist,2019-03-09,13:00
491,4.60,,"Cynthia S. Chiu, MD, FACS, Inc.",510-836-2122,491 30th Street #201,Ophthalmologist,2019-03-05,11:00
492,5.00,,"Susan C. Logan, MD",707-575-1626,1111 Sonoma Avenue Suite 202,Gynecologist,2019-03-13,10:30
493,4.70,,"Jay Bansal, MD",650-966-0900,4906 El Camino Real B,Ophthalmologist,2019-03-09,17:00
494,4.00,,"Jennifer S. Falk, M.D.",650-853-2984,"795 El Camino Real Jamplis Building, Level 1",General Practitioner,2019-03-03,17:00
495,3.70,,Point Reyes Medical Clinic: Hamblin Basil C MD,415-663-8666,3 Harbor Drive Ste 111,General Practitioner,2019-03-05,17:30
496,3.70,,"Dr. Vilasini M. Ganesh, MD",408-378-1610,1600 West Campbell Avenue #202,General Practitioner,2019-03-06,16:00
497,3.90,,"John Chiu, M.D.",408-863-0709,700 West Parr Avenue,General Practitioner,2019-03-14,13:30
498,4.70,,Delta Aesthetics,925-757-5311,320 Lennon Lane,Dermatologist,2019-03-12,10:00
499,4.70,,Lawrence Bruce P MD,510-465-2502,3200 Kearney Street Bldg 2,General Practitioner,2019-03-01,13:30
500,5.00,,"Dr. Janet Bodle, MD",415-860-5875,3838 California Street #601,General Practitioner,2019-03-05,14:00
501,5.00,,"Isaac Neuhaus, M.D.",415-353-7878,1701 Divisadero Street,Dermatologist,2019-03-06,15:00
502,5.00,,"Stewart A. Daniels, M.D",925-522-8850,3330 Clayton Road,Ophthalmologist,2019-03-11,11:00
503,4.20,,Ocean Medical Clinic,415-585-7300,301 Industrial Road Level 3,Dermatologist,2019-03-12,14:00
504,4.70,,"Gayle L. Sutcliffe, M.D.",707-678-0258,125 North Lincoln Street # G,General Practitioner,2019-03-12,12:30
505,3.70,,"Dr. Mauro B. Ruffy, MD",408-357-1250,2505 Samaritan Drive Suite 510,ENT Specialist,2019-03-02,17:00
506,5.00,,"Amy Teng, DO",650-396-8110,2500 Hospital Drive ste 8a,Gynecologist,2019-03-07,17:30
507,5.00,,"Shaheen Khosla, DO",650-591-8501,1010 Laurel Street,Dermatologist,2019-03-03,14:00
508,4.30,,Ferry James A MD,925-813-6500,5601 Deer Valley Road,Gynecologist,2019-03-12,12:30
509,4.00,,"Dr. Gary A. Rust, MD",415-626-4900,2460 Mission Street #217,ENT Specialist,2019-03-02,16:00
510,5.00,,"Women's Pelvic Health Institute - Peter Castillo MD, FACOG",925-905-9922,1210 Alhambra Avenue,Gynecologist,2019-03-09,13:00
511,5.00,,"Dr. Edward E. Manche, MD",650-498-7020,1300 Crane Street,Ophthalmologist,2019-03-14,17:30
512,4.00,,"Dr. Philip R. Lindstrom, DO",408-972-7000,455 Oconnor Drive #210,General Practitioner,2019-03-03,14:00
513,5.00,,"Aaron Tward, M.D.",415-353-2757,2380 Sutter Street,ENT Specialist,2019-03-01,15:30
514,4.90,Walnut Creek,Bay Area Retina Associates,925-943-6800,122 La Casa Via,Ophthalmologist,,
515,5.00,Walnut Creek,"Dr. Vahid Feiz, M.D.",925-705-7299,100 North Wiget Lane Suite 270,Ophthalmologist,,
516,5.00,Walnut Creek,Liu Michelle W MD,925-930-8100,365 Lennon Lane Suite 250,Ophthalmologist,,
517,3.70,Walnut Creek,Northern California Cornea Assc,925-947-0888,370 Distel Circle,Ophthalmologist,,
518,5.00,,"Dr. Vahid Feiz, M.D.",925-705-7299,100 North Wiget Lane Suite 270,Ophthalmologist,2019-03-01,13:00
519,4.00,,Access Health,408-729-7690,301 Old San Francisco Road Level 2,General Practitioner,2019-03-08,12:30
520,5.00,,Antioch Family Practice: Copeland John W MD,925-778-7233,3440 Hillcrest Avenue Suite 150,General Practitioner,2019-03-06,11:30
521,4.80,,"Carla Stelling, MD",510-275-7492,3300 Webster Street #1200,Gynecologist,2019-03-01,15:00
522,5.00,,Kini Divya MD,650-755-2192,"795 El Camino Real Jamplis Building, Level 1",General Practitioner,2019-03-14,11:00
523,5.00,,"Anjali Tate, M.D.",510-845-8035,2400 Samaritan Drive #105,Gynecologist,2019-03-09,17:30
524,5.00,,"Anjali Tate, M.D.",510-845-8035,2400 Samaritan Drive #105,Gynecologist,2019-03-04,14:30
525,4.30,,Alta Eye Care,408-502-6188,1085 West El Camino Real Level 2,Ophthalmologist,2019-03-03,16:00
526,5.00,Pleasanton,"Dr. Elaine R. Sumaquial, MD",925-847-5050,2301 Camino Ramon,General Practitioner,,
527,3.70,Pleasanton,John Muir Medical Group: Dr. Manisha Shingate,925-224-0722,5860 Owens Drive Suite 210,General Practitioner,,
528,4.50,Pleasanton,"Maliha Qadir, MD",925-463-0590,5575 West Las Positas Boulevard #130,General Practitioner,,
529,3.70,Pleasanton,"Patricia Carter, MD",925-224-0740,5601 Norris Canyon Terrace # 330,General Practitioner,,
530,5.00,Pleasanton,"Shazia K. Mughal, MD",925-416-6767,1133 East Stanley Boulevard #101,General Practitioner,,
531,4.00,Pleasanton,Wherry Jeffrey MD,925-460-9903,5575 West Las Positas Boulevard #130,General Practitioner,,
532,5.00,,"Dr. Elaine R. Sumaquial, MD",925-847-5050,2301 Camino Ramon,General Practitioner,2019-03-05,12:00
533,3.70,,Abazari Mina MD,949-916-9100,5050 West El Camino Real # 110,General Practitioner,2019-03-13,17:00
534,5.00,,"Alex De Moraes, MD",707-257-1550,935 Trancas Street,General Practitioner,2019-03-03,11:30
535,5.00,,"Toyin Falola, M.D.",650-652-8310,1501 Trousdale Drive #2,Dermatologist,2019-03-09,17:30
536,5.00,,"Rajnish Gupta, M.D., Ph.D.",925-875-6100,"1, 4050 Dublin Boulevard",Dermatologist,2019-03-10,11:30
537,4.70,,"Jonathan Kurss, MD",707-303-1719,500 Doyle Park Drive #200,Gynecologist,2019-03-07,10:00
538,5.00,,"Dr. Dan R. Lightfoot, MD",707-575-3800,3536 Mendocino Avenue #380,Ophthalmologist,2019-03-08,15:30
539,5.00,Dublin,"Dr. William A. Davis, MD",925-828-0847,7788 Dublin Boulevard,General Practitioner,,
540,5.00,Dublin,Dr. Yusuf Ruhullah,925-829-9888,2305 Camino Ramon Suite 100,General Practitioner,,
541,5.00,Dublin,"John J. Smucny, M.D.",415-600-1085,2300 California Street #202,General Practitioner,,
542,5.00,Santa Rosa,"Cosmetic & Restorative Dermatology: Marek Lorenc, M.D.",707-578-1800,"2929, 2290 Sacramento Street",Dermatologist,,
543,3.80,Santa Rosa,"Helena A. Longin, M.D.",707-521-7760,196 Wikiup Drive,Dermatologist,,
544,4.50,Santa Rosa,NCMA Redwood Family Dermatology,707-545-4537,2725 Mendocino Avenue,Dermatologist,,
545,3.20,Santa Rosa,NorCal Dermatology and Cosmetic,707-527-9517,864 2nd Street,Dermatologist,,
546,4.60,Santa Rosa,Santa Rosa Dermatology: Anders R Makala MD,707-542-5664,2725 Mendocino Avenue,Dermatologist,,
547,5.00,,"Cosmetic & Restorative Dermatology: Marek Lorenc, M.D.",707-578-1800,"2929, 2290 Sacramento Street",Dermatologist,2019-03-12,16:30
548,5.00,,"Benjamin Sadoff, MD",925-677-0500,2700 Grant Street Suite 200,General Practitioner,2019-03-11,12:00
549,5.00,,"John Nguyen, M.D.",650-934-7900,4906 West El Camino Real # A,ENT Specialist,2019-03-08,14:30
550,5.00,,"Anne Han, M.D.",415-600-3800,655 Redwood Highway Suite 100,Dermatologist,2019-03-12,11:30
551,5.00,,"Dr. Ali A. Zaki, MD",408-272-2252,200 Jose Figueres Avenue #490,Gynecologist,2019-03-06,15:00
552,5.00,,Alchemy John MD,707-576-7000,"Sonoma Ave, # 44, 1820 Doctors Park Drive",General Practitioner,2019-03-03,15:30
553,3.70,,Bastoni Kelly A MD,707-393-4044,1550 Gateway Boulevard,General Practitioner,2019-03-08,16:00
554,4.00,,Access Health,408-729-7690,301 Old San Francisco Road Level 2,General Practitioner,2019-03-03,17:00
555,5.00,Napa,"Daneil Hersh, MD",707-251-1850,1100 Trancas Street #209,Gynecologist,,
556,4.30,Napa,Premier ObGyn Napa,707-666-0547,3030 Beard Road,Gynecologist,,
557,5.00,,"Daneil Hersh, MD",707-251-1850,1100 Trancas Street #209,Gynecologist,2019-03-07,17:00
558,5.00,,"Nikolajs Lapins, M.D.",650-692-0182,730 Welch Road 1st Floor,Dermatologist,2019-03-13,16:30
559,5.00,,Baart Antioch: Quismorio William L MD,925-522-0124,5161 Clayton Road Suite F,General Practitioner,2019-03-11,14:30
560,5.00,,"Alex De Moraes, MD",707-257-1550,935 Trancas Street,General Practitioner,2019-03-02,15:30
561,4.20,Oakland,Anthony E Jones MD,510-268-1800,17251 Hesperian Boulevard,General Practitioner,,
562,5.00,Oakland,"Caroline Schreiber, MD",510-645-9900,3100 Telegraph Avenue # 2109,General Practitioner,,
563,5.00,Oakland,Do Anh T MD,714-489-1070,604 East Evelyn Avenue,General Practitioner,,
564,5.00,Oakland,"Emily Caro-Bruce, MD",510-225-1013,100 San Pablo Towne Center,General Practitioner,,
565,4.50,Oakland,"George Lee, MD",510-986-6800,450 Park Street #100B,General Practitioner,,
566,5.00,Oakland,George M Martinez Inc,510-763-3005,19682 Hesperian Boulevard #101,General Practitioner,,
567,3.70,Oakland,Jaime R Cortes Inc,510-532-1070,3351 International Boulevard,General Practitioner,,
568,5.00,Oakland,"John Good, MD",510-286-8160,3100 Telegraph Avenue #2102,General Practitioner,,
569,3.30,Oakland,John Muir Medical Group,510-985-3620,3100 San Pablo Avenue Suite 310,General Practitioner,,
570,5.00,Oakland,Lake Gordon a MD,510-419-0230,"3, 2500 Merced Street",General Practitioner,,
571,4.20,,Anthony E Jones MD,510-268-1800,17251 Hesperian Boulevard,General Practitioner,2019-03-13,10:00
572,5.00,Orinda,"Catherine Jiam-Seagren, M.D.",510-204-8166,3850 Grand Avenue,General Practitioner,,
573,5.00,,"Catherine Jiam-Seagren, M.D.",510-204-8166,3850 Grand Avenue,General Practitioner,2019-03-06,17:30
574,5.00,Mountain View,"Albert Pisani, M.D.",650-934-7520,2490 Hospital Drive #111,Gynecologist,,
575,3.50,Mountain View,Altos Oaks OB-GYN group - Stanford,650-988-7470,2485 Hospital Drive #330,Gynecologist,,
576,5.00,Mountain View,"Amy Teng, DO",650-396-8110,2500 Hospital Drive ste 8a,Gynecologist,,
577,4.40,Mountain View,"Carol Somersille, MD",650-988-3232,2490 Hospital Drive #300,Gynecologist,,
578,5.00,Mountain View,"Dr. Connie T. Tan, MD",650-988-7638,2485 Hospital Drive,Gynecologist,,
579,4.60,Mountain View,Liu Ken H MD,650-988-7588,2485 Hospital Drive,Gynecologist,,
580,4.80,,"Carla Stelling, MD",510-275-7492,3300 Webster Street #1200,Gynecologist,2019-03-11,12:00
581,4.30,,"Amita Kachru, MD",415-641-6996,1580 Valencia Street #508,Gynecologist,2019-03-02,12:30
582,5.00,,"Alan B. Scott, M.D.",415-923-3120,2100 Webster Street suite 214,Ophthalmologist,2019-03-05,11:00
583,5.00,,"Anne Han, M.D.",415-600-3800,655 Redwood Highway Suite 100,Dermatologist,2019-03-04,14:30
584,4.00,San Mateo,Allura Skin & Laser Center,650-344-1121,280 Baldwin Avenue,Dermatologist,,
585,4.20,San Mateo,California Skin Institute,650-348-1242,3060 Broadway,Dermatologist,,
586,5.00,San Mateo,Schmidt Lucy M MD,650-344-4142,136 North San Mateo Drive 2nd floor,Dermatologist,,
587,4.00,,Allura Skin & Laser Center,650-344-1121,280 Baldwin Avenue,Dermatologist,2019-03-06,12:00
588,5.00,,Alchemy John MD,707-576-7000,"Sonoma Ave, # 44, 1820 Doctors Park Drive",General Practitioner,2019-03-09,12:00
589,3.70,,Abazari Mina MD,949-916-9100,5050 West El Camino Real # 110,General Practitioner,2019-03-09,14:30
590,4.00,,"Dr. Hoang M. Duong, MD",408-263-6073,991 County Highway G4 STE 104,Dermatologist,2019-03-14,15:00
591,5.00,,"Cosmetic & Restorative Dermatology: Marek Lorenc, M.D.",707-578-1800,"2929, 2290 Sacramento Street",Dermatologist,2019-03-14,15:30
592,3.70,,Abazari Mina MD,949-916-9100,5050 West El Camino Real # 110,General Practitioner,2019-03-12,16:00
593,5.00,San Carlos,"Marc H. Levin, MD, PhD.",650-596-4220,1008 Laurel Street,Ophthalmologist,,
594,3.70,San Carlos,Weil Eye Care Medical Center,650-654-2133,2452 Watson Court,Ophthalmologist,,
595,5.00,,"Marc H. Levin, MD, PhD.",650-596-4220,1008 Laurel Street,Ophthalmologist,2019-03-09,11:30
596,4.00,,"Dr. Dina T. Nguyen, MD",707-551-3600,329 Tennessee Street,General Practitioner,2019-03-12,11:00
597,3.60,Gilroy,California Skin Institute,408-847-1257,9460 No Name Uno # 210,Dermatologist,,
598,5.00,Gilroy,"Dr. Clayton L. Schiltz, DO",408-713-2600,7888 Wren Avenue A110,Dermatologist,,
599,3.60,,California Skin Institute,408-847-1257,9460 No Name Uno # 210,Dermatologist,2019-03-11,14:30
600,5.00,,Bay Area House Call Physicians,650-384-0986,701 E El Camino Real 2nd Floor,General Practitioner,2019-03-05,14:30
601,5.00,Berkeley,Dotz Warren Dr,510-540-5010,460 34th Street,Dermatologist,,
602,5.00,Berkeley,"Helen O. Chodsky, PA-C",510-486-1700,2320 Woolsey Street,Dermatologist,,
603,4.90,Berkeley,Icecreamwala Dermatology,510-330-2264,744 52nd Street,Dermatologist,,
604,5.00,,Dotz Warren Dr,510-540-5010,460 34th Street,Dermatologist,2019-03-03,11:30
605,4.20,San Leandro,"Dr. Michael J. Mcglynn Jr, MD",510-357-5436,433 Estudillo Avenue #303,Gynecologist,,
606,4.20,,"Dr. Michael J. Mcglynn Jr, MD",510-357-5436,433 Estudillo Avenue #303,Gynecologist,2019-03-10,16:00
607,4.00,,Access Health,408-729-7690,301 Old San Francisco Road Level 2,General Practitioner,2019-03-02,15:30
608,3.40,Emeryville,"Dr. Ben L. Littlejohn III, MD",510-529-3800,2700 International Boulevard # 35,General Practitioner,,
609,4.00,Emeryville,"Dr. Louise E. Nurre, D.O.",510-525-2400,5855 Doyle Street #110,General Practitioner,,
610,3.40,,"Dr. Ben L. Littlejohn III, MD",510-529-3800,2700 International Boulevard # 35,General Practitioner,2019-03-14,16:00
611,5.00,,"Dr. Elaine R. Sumaquial, MD",925-847-5050,2301 Camino Ramon,General Practitioner,2019-03-08,16:00
612,5.00,Petaluma,"Dr. Fasih A. Hameed, MD",707-559-7510,1301 Southpoint Boulevard,General Practitioner,,
613,5.00,Petaluma,"Dr. John D. Pendleton, MD",707-559-7620,401 Bicentennial Way,General Practitioner,,
614,5.00,Petaluma,"Dr. Nicole Mohlman, MD",707-763-7005,24 West El Rose Drive,General Practitioner,,
615,5.00,Petaluma,"Dr. Stephen P. Krickl, MD",866-325-0281,347 Andrieux Street,General Practitioner,,
616,4.50,Petaluma,El Rose Medical Group: Umino Paul K MD,707-763-9891,905 East Washington Street,General Practitioner,,
617,4.20,Petaluma,Lozanov Nikola Y MD,707-782-1244,555 Petaluma Avenue # A,General Practitioner,,
618,5.00,Petaluma,"Nurit Licht, MD",707-559-7500,1179 North McDowell Boulevard,General Practitioner,,
619,4.00,Petaluma,Petaluma Aesthetics: Nguyen Lana MD,707-765-2425,108 Lynch Creek Way # 4,General Practitioner,,
620,4.20,Danville,Dermatology and Laser Centre,925-820-3376,4680 Tassajara Road,Dermatologist,,
621,4.80,Danville,"Dr. Adam G. Wallach, MD",925-837-8848,917 San Ramon Valley Boulevard #199,Dermatologist,,
622,5.00,Danville,Elite MD - Medical Dermatology,925-838-4363,350 Rose Street,Dermatologist,,
623,4.80,Danville,"Marilyn Kwolek, MD",925-838-2677,1320 El Capitan Drive,Dermatologist,,
624,4.20,,Dermatology and Laser Centre,925-820-3376,4680 Tassajara Road,Dermatologist,2019-03-07,16:00
625,4.00,Richmond,"Dr. Christopher R. Zamani, MD",510-374-7330,80 Nicholl Avenue,General Practitioner,,
626,5.00,Richmond,"Dr. Roger N. Morrison, MD",510-412-9044,350 30th Street #407,General Practitioner,,
627,5.00,Richmond,"Immanuel A. Asuncion, M.D.",510-204-8090,2850 Telegraph Avenue #130,General Practitioner,,
628,4.00,,"Dr. Christopher R. Zamani, MD",510-374-7330,80 Nicholl Avenue,General Practitioner,2019-03-03,12:00
629,5.00,,Antioch Family Practice: Copeland John W MD,925-778-7233,3440 Hillcrest Avenue Suite 150,General Practitioner,2019-03-05,16:00
630,5.00,,"Dr. Robert R. Anderson, MD",415-461-8200,2211 Bush Street,Ophthalmologist,2019-03-01,15:30
631,4.30,,"Dr. Kelly T. Hood, MD",925-283-5500,3807 Lone Tree Way,Dermatologist,2019-03-13,16:00
632,4.70,Menlo Park,Dale Pearlman MD,650-325-0505,888 Oak Grove Avenue #8,Dermatologist,,
633,5.00,Menlo Park,"Elizabeth Gould, MD",650-212-5883,1220 University Drive #203,Dermatologist,,
634,4.00,Menlo Park,Gould-Jacobson Dermatology,650-327-5783,695 Oak Grove Avenue #220,Dermatologist,,
635,3.70,Menlo Park,"JoEllen VanZander, MD",650-736-5772,1618 Sullivan Avenue suite 105 105,Dermatologist,,
636,5.00,Menlo Park,"Jodie L. Bogomilsky, M.D.",650-325-1511,4300 El Camino Real Suite 100,Dermatologist,,
637,5.00,Menlo Park,Peninsula Dermatologic Surgery: Miller Tara MD,650-326-7222,695 Oak Grove Avenue STE 220,Dermatologist,,
638,4.70,,Dale Pearlman MD,650-325-0505,888 Oak Grove Avenue #8,Dermatologist,2019-03-04,15:00
639,5.00,,Claudio A Bet Inc,650-692-1296,211 Quarry Road,General Practitioner,2019-03-07,11:30
640,5.00,South San Francisco,"Dr. Donald R. Dossett, MD",650-636-1286,1501 Trousdale Drive #4,General Practitioner,,
641,3.70,South San Francisco,"Dr. Leland M. Luna, MD",650-871-4834,747 Altos Oaks Drive,General Practitioner,,
642,5.00,,"Anne Han, M.D.",415-600-3800,655 Redwood Highway Suite 100,Dermatologist,2019-03-05,10:30
643,3.70,,Abazari Mina MD,949-916-9100,5050 West El Camino Real # 110,General Practitioner,2019-03-02,14:00
644,4.90,Daly City,Bay Area Obstetrics & Gynecology,650-238-6244,1850 Sullivan Avenue Suite 550,Gynecologist,,
645,5.00,Daly City,"Milagros C. Cabrera, MD, FACOG",650-756-2404,1850 Sullivan Avenue #550,Gynecologist,,
646,4.90,,Bay Area Obstetrics & Gynecology,650-238-6244,1850 Sullivan Avenue Suite 550,Gynecologist,2019-03-03,11:00
647,5.00,,Chen M Dwight MD,408-523-3900,360 Dardanelli Lane #2d,Gynecologist,2019-03-05,16:00
648,5.00,,Alchemy John MD,707-576-7000,"Sonoma Ave, # 44, 1820 Doctors Park Drive",General Practitioner,2019-03-09,15:30
649,5.00,,Elloway John MD,415-892-3300,1956 Union Street,General Practitioner,2019-03-01,10:30
650,5.00,,Elloway John MD,415-892-3300,1956 Union Street,General Practitioner,2019-03-05,16:00
651,4.90,,Bay Area Obstetrics & Gynecology,650-238-6244,1850 Sullivan Avenue Suite 550,Gynecologist,2019-03-06,11:00
652,5.00,,Blossom Ridge Medical Group: Zimmer J Kirk MD,408-377-9180,555 Knowles Drive #203,General Practitioner,2019-03-12,16:30
653,4.70,,"Dr. Clark Rosen, MD",415-885-7700,500 Sutter Street #430,ENT Specialist,2019-03-13,15:30
654,5.00,,"Dr. Elaine R. Sumaquial, MD",925-847-5050,2301 Camino Ramon,General Practitioner,2019-03-07,16:30
655,4.00,Sebastopol,"Advanced Skin Care & Dermatology, Inc.",707-829-5795,3443 Villa Lane,Dermatologist,,
656,5.00,Sebastopol,Dr. Cynthia Bailey Aestheticians,707-829-5779,6880 Palm Avenue,Dermatologist,,
657,4.00,,"Advanced Skin Care & Dermatology, Inc.",707-829-5795,3443 Villa Lane,Dermatologist,2019-03-02,17:30
658,5.00,,"Alan B. Scott, M.D.",415-923-3120,2100 Webster Street suite 214,Ophthalmologist,2019-03-02,15:00
659,5.00,,"Anne Han, M.D.",415-600-3800,655 Redwood Highway Suite 100,Dermatologist,2019-03-06,11:00
660,5.00,Dixon,"Dr. Andy Y. Zhu, MD",707-635-1639,100 Hospital Drive # 304,General Practitioner,,
661,4.70,Dixon,"Gayle L. Sutcliffe, M.D.",707-678-0258,125 North Lincoln Street # G,General Practitioner,,
662,5.00,Dixon,Lee Sandra MD,707-678-1623,125 North Lincoln Street STE G,General Practitioner,,
663,5.00,,"Dr. Andy Y. Zhu, MD",707-635-1639,100 Hospital Drive # 304,General Practitioner,2019-03-08,16:00
664,4.70,,Berman Skin Institute,925-416-2291,2700 Grant Street #309,Dermatologist,2019-03-02,13:00
665,5.00,Hayward,"Bay Valley Medical Group: Sheri Task, MD",510-785-5000,27212 Calaroga Avenue,Gynecologist,,
666,5.00,,"Bay Valley Medical Group: Sheri Task, MD",510-785-5000,27212 Calaroga Avenue,Gynecologist,2019-03-10,17:00
667,4.00,,"Dr. Dina T. Nguyen, MD",707-551-3600,329 Tennessee Street,General Practitioner,2019-03-14,15:00
668,4.30,Hercules,Dermatology Associates of the Bay Area,510-741-7299,500 Alfred Nobel Drive #245,Dermatologist,,
669,5.00,Hercules,Dermatology Associates of the Bay Area: Dr. Eitan Homa,510-741-7418,3300 Webster Street #1106,Dermatologist,,
670,4.10,Hercules,"Dr. William W. Ting, MD",510-669-5700,3555 Whipple Rd,Dermatologist,,
671,4.60,,Dermatology Associates of the Bay Area,707-762-5531,500 Alfred Nobel Drive #245,Dermatologist,2019-03-11,17:30
672,4.20,,Benson Frederick P MD,408-224-6236,6950 Santa Teresa Boulevard,General Practitioner,2019-03-01,15:00
673,4.20,,Benson Frederick P MD,408-224-6236,6950 Santa Teresa Boulevard,General Practitioner,2019-03-02,12:00
674,5.00,Mill Valley,"Aesthetic Dermatology and Skin Cancer: Jeffrey H. Binstock, M.D.",415-383-5475,45 Castro Street,Dermatologist,,
675,5.00,Mill Valley,"Dr. David A. Laub, MD",415-381-6661,535 Miller Avenue,Dermatologist,,
676,5.00,Mill Valley,Mill Valley Dermatology,415-634-8411,909 Hyde Street #419,Dermatologist,,
677,5.00,Mill Valley,"Zand Dermatology: Sarvenaz Zand, M.D.",415-301-5000,655 Redwood Highway Frontage Road Suite 246,Dermatologist,,
678,5.00,,"Dr. Farhad Zamani, MD",707-624-4000,131 West A Street,General Practitioner,2019-03-11,15:00
679,4.50,Antioch,"Dr. Daniel L. Zimmerman, MD",925-754-8070,3737 Lone Tree Way # A,Gynecologist,,
680,4.30,Antioch,Ferry James A MD,925-813-6500,5601 Deer Valley Road,Gynecologist,,
681,4.80,Antioch,"Youngs ObGyn: Young Kim, MD",925-778-0700,3724 Lone Tree Way Suite A,Gynecologist,,
682,4.50,,"Dr. Daniel L. Zimmerman, MD",925-754-8070,3737 Lone Tree Way # A,Gynecologist,2019-03-11,11:30
683,5.00,Concord,Ford Lloyd C MD,925-685-7400,2700 Grant Street #104,ENT Specialist,,
684,5.00,,Ford Lloyd C MD,925-685-7400,2700 Grant Street #104,ENT Specialist,2019-03-05,16:30
685,4.80,Fremont,"Dr. James N. Cohn, MD",510-791-2233,491 30th St,Ophthalmologist,,
686,4.80,,"Dr. James N. Cohn, MD",510-791-2233,491 30th St,Ophthalmologist,2019-03-07,17:00
687,4.80,,"Dr. James N. Cohn, MD",510-791-2233,491 30th St,Ophthalmologist,2019-03-12,14:30
688,3.60,Fremont,Cheney Tamara MD,510-248-1700,2287 Mowry Avenue suite c,General Practitioner,,
689,3.90,Fremont,"Dr. Ebrahim Ahmadi, MD",510-791-2002,632 Mowry Avenue,General Practitioner,,
690,3.50,Fremont,"Edmundo Ruiz Davila, MD",510-797-5372,350 30th Street #540,General Practitioner,,
691,5.00,Fremont,"John J. Wankner, Pac",510-796-1000,4087 Peralta Boulevard,General Practitioner,,
692,5.00,Fremont,Khalid A Baig MD,510-793-4717,39225 State Street,General Practitioner,,
693,4.00,Fremont,"Steven Curran, MD",510-248-1065,46690 Mohave Drive,General Practitioner,,
694,5.00,Fremont,Tilley Spencer B MD,510-794-3641,3161 Walnut Avenue,General Practitioner,,
695,3.60,,Cheney Tamara MD,510-248-1700,2287 Mowry Avenue suite c,General Practitioner,2019-03-07,14:30
696,5.00,Mountain View,"Christopher A. Chin, M.D.",916-408-5401,701 E El Camino Real 2nd Floor,General Practitioner,,
697,5.00,Mountain View,Midori Nishimura Md,650-988-1800,1800 Sullivan Avenue # 101,General Practitioner,,
698,5.00,Mountain View,Tatelman Joyce MD,650-528-5110,"2036, 211 Eastmoor Avenue",General Practitioner,,
699,4.00,Mountain View,"Thanhan Viviane Nguyen, D.O.",650-404-8370,301 Old San Francisco Road Level 2,General Practitioner,,
700,5.00,,"Christopher A. Chin, M.D.",916-408-5401,701 E El Camino Real 2nd Floor,General Practitioner,2019-03-12,17:00
701,5.00,,"Anne Han, M.D.",415-600-3800,655 Redwood Highway Suite 100,Dermatologist,2019-03-09,15:00
702,5.00,St. Helena,Family Birth Place,707-963-6505,10 Woodland Road,Gynecologist,,
703,5.00,St. Helena,John H Kirk MD,707-967-7550,821 S Saint Helena Highway,Gynecologist,,
704,5.00,,"Anjali Tate, M.D.",510-845-8035,2400 Samaritan Drive #105,Gynecologist,2019-03-07,11:00
705,3.20,Walnut Creek,Diablo Valley ENT in Walnut Creek,925-933-8462,2440 Samaritan Drive,ENT Specialist,,
706,5.00,Walnut Creek,"Dr. Lloyd C Ford, MD - Contra Costa ENT a Division of BASS Medical Group",925-932-3112,365 Lennon Lane Suite 280,ENT Specialist,,
707,3.20,,Diablo Valley ENT in Walnut Creek,925-933-8462,2440 Samaritan Drive,ENT Specialist,2019-03-05,14:00
708,5.00,,Dr. Ruth Olweny,415-866-7932,280 West MacArthur Boulevard,Gynecologist,2019-03-09,13:30
709,5.00,,Dr. Ruth Olweny,415-866-7932,280 West MacArthur Boulevard,Gynecologist,2019-03-02,15:30
710,5.00,Dublin,"Nicole A. Jeffrey-Starr, M.D.",925-875-6546,4000 Dublin Boulevard #2,Gynecologist,,
711,5.00,,"Nicole A. Jeffrey-Starr, M.D.",925-875-6546,4000 Dublin Boulevard #2,Gynecologist,2019-03-06,12:30
712,4.30,,"Amita Kachru, MD",415-641-6996,1580 Valencia Street #508,Gynecologist,2019-03-04,11:00
713,3.50,,Altos Oaks OB-GYN group - Stanford,650-988-7470,2485 Hospital Drive #330,Gynecologist,2019-03-06,16:30
714,3.10,Castro Valley,Mark Zeme MD,510-889-6673,1900 University Ave #105,ENT Specialist,,
715,5.00,,"Dr. James E. Hunt, MD",707-838-3232,4501 Rosewood Drive,Ophthalmologist,2019-03-09,14:00
716,4.30,Concord,"Curtis A. Raskin, MD, FAAD",925-687-8882,101 Park Place Suite 101,Dermatologist,,
717,4.30,,"Curtis A. Raskin, MD, FAAD",925-687-8882,101 Park Place Suite 101,Dermatologist,2019-03-05,16:00
718,5.00,,Dr. Anne Cole,650-969-2959,23275 Eastbrook Court,General Practitioner,2019-03-11,12:30
719,5.00,,"Dr. Fasih A. Hameed, MD",707-559-7510,1301 Southpoint Boulevard,General Practitioner,2019-03-13,13:00
720,5.00,,"Anne Han, M.D.",415-600-3800,655 Redwood Highway Suite 100,Dermatologist,2019-03-10,15:00
721,3.30,Los Altos,"Edward C Lee, MD",650-967-1770,16130 Juan Hernandez Drive #108,ENT Specialist,,
722,3.30,,"Edward C Lee, MD",650-967-1770,16130 Juan Hernandez Drive #108,ENT Specialist,2019-03-06,12:00
723,4.90,Fremont,"Jason R. Van Tassel, MD",510-248-1590,2961 Summit Street,ENT Specialist,,
724,4.90,,"Jason R. Van Tassel, MD",510-248-1590,2961 Summit Street,ENT Specialist,2019-03-04,17:30
725,4.60,,Babak Edraki MD,925-627-3440,1479 Ygnacio Valley Road,Gynecologist,2019-03-04,11:30
726,5.00,,Antioch Family Practice: Copeland John W MD,925-778-7233,3440 Hillcrest Avenue Suite 150,General Practitioner,2019-03-07,11:00
727,5.00,,"Aaron Tward, M.D.",415-353-2757,2380 Sutter Street,ENT Specialist,2019-03-08,17:30
728,4.00,,Access Health,408-729-7690,301 Old San Francisco Road Level 2,General Practitioner,2019-03-07,12:30
729,4.00,,Access Health,408-729-7690,301 Old San Francisco Road Level 2,General Practitioner,2019-03-06,13:00
730,5.00,Redwood City,Feiler Lewis S MD,650-369-2529,2452 Watson Court,Ophthalmologist,,
731,5.00,Redwood City,Tearse Eye Care,650-368-3937,162 Clinton Street,Ophthalmologist,,
732,3.70,Redwood City,California Skin Institute,650-361-1177,1010 Laurel Street,Dermatologist,,
733,5.00,Redwood City,"Jennifer Chen, MD",650-723-6316,455 Oconnor Drive #290,Dermatologist,,
734,5.00,Redwood City,Sumaira Z. Aasi MD,650-725-5272,321 Middlefield Road,Dermatologist,,
735,5.00,,California Skin Institute,415-678-5887,909 Hyde Street #419,Dermatologist,2019-03-13,16:00
736,5.00,,Bay Area Retina Associates,510-505-1430,21675 Redwood Road,Ophthalmologist,2019-03-09,12:00
737,5.00,,Bay Area House Call Physicians,650-384-0986,701 E El Camino Real 2nd Floor,General Practitioner,2019-03-06,12:00
738,3.70,,Abazari Mina MD,949-916-9100,5050 West El Camino Real # 110,General Practitioner,2019-03-13,12:00
739,5.00,,"Albert Pisani, M.D.",650-934-7520,2490 Hospital Drive #111,Gynecologist,2019-03-06,17:30
740,5.00,,"Dr. Fasih A. Hameed, MD",707-559-7510,1301 Southpoint Boulevard,General Practitioner,2019-03-14,11:30
741,5.00,,Blossom Ridge Medical Group: Zimmer J Kirk MD,408-377-9180,555 Knowles Drive #203,General Practitioner,2019-03-03,12:00
742,5.00,,"Dr. Anakha R. Nambiar, MD",408-871-9105,55 East Julian Street,General Practitioner,2019-03-03,15:00
743,5.00,,Claudio A Bet Inc,650-692-1296,211 Quarry Road,General Practitioner,2019-03-09,12:30
744,5.00,Antioch,Bay Area Retina Associates,510-505-1430,21675 Redwood Road,Ophthalmologist,,
745,5.00,Antioch,"Stewart A. Daniels, M.D",925-522-8850,3330 Clayton Road,Ophthalmologist,,
746,4.50,,"Dr. Maryam Fortani, MD",510-924-7993,3318 Elm Street,General Practitioner,2019-03-09,10:00
747,4.90,,Bay Area Obstetrics & Gynecology,650-238-6244,1850 Sullivan Avenue Suite 550,Gynecologist,2019-03-13,16:00
748,5.00,,"Anjali Tate, M.D.",510-845-8035,2400 Samaritan Drive #105,Gynecologist,2019-03-07,10:00
749,3.70,,Dr. Robert Greenberg,925-277-1300,3511 School Street,Dermatologist,2019-03-07,15:00
750,4.30,,"Amita Kachru, MD",415-641-6996,1580 Valencia Street #508,Gynecologist,2019-03-06,16:30
751,5.00,,"Dr. Linda A. Teagle, MD",408-370-1331,777 Knowles Drive,Gynecologist,2019-03-12,14:00
752,4.30,,Berman Skin Institute,925-932-3800,355 Lennon Lane Suite 255,Dermatologist,2019-03-03,10:00
753,3.50,Sunnyvale,"Ann Wong, M.D.",408-730-4240,301 Old San Francisco Road Level 3,Gynecologist,,
754,3.50,,"Ann Wong, M.D.",408-730-4240,301 Old San Francisco Road Level 3,Gynecologist,2019-03-14,10:30
755,4.10,San Ramon,"Nooshin Parhizkar, M.D.",925-277-9000,911 Moraga Road Suite 102,ENT Specialist,,
756,4.10,,"Nooshin Parhizkar, M.D.",925-277-9000,911 Moraga Road Suite 102,ENT Specialist,2019-03-02,13:30
757,5.00,,"Anne Han, M.D.",415-600-3800,655 Redwood Highway Suite 100,Dermatologist,2019-03-14,17:00
758,4.60,,"Alphaeus Wise, MD",925-935-3113,1181 Boulevard Way B,General Practitioner,2019-03-07,10:30
759,5.00,,Dermatology: UCSF Benioff Children's Hospital Oakland,510-428-3304,3300 Webster Street,Dermatologist,2019-03-11,14:00
760,4.70,,"Jonathan Kurss, MD",707-303-1719,500 Doyle Park Drive #200,Gynecologist,2019-03-01,12:00
761,5.00,,Arthur H Coleman Medical Center: Dickey Jan V MD,415-467-1400,4340 Redwood Highway Suite A-22,General Practitioner,2019-03-03,13:30
762,5.00,,Blossom Ridge Medical Group: Zimmer J Kirk MD,408-377-9180,555 Knowles Drive #203,General Practitioner,2019-03-07,15:00
763,3.40,,Bruce M. Saal MD,408-374-1320,777 Knowles Drive,Dermatologist,2019-03-05,17:30
764,3.70,,Bastoni Kelly A MD,707-393-4044,1550 Gateway Boulevard,General Practitioner,2019-03-14,15:30
765,5.00,Milpitas,"Dr. Ramon F. Garcia, MD",408-945-2900,2323 Montpelier Drive # C,General Practitioner,,
766,5.00,,"Dr. Ramon F. Garcia, MD",408-945-2900,2323 Montpelier Drive # C,General Practitioner,2019-03-09,13:00
767,4.00,,Access Health,408-729-7690,301 Old San Francisco Road Level 2,General Practitioner,2019-03-05,17:00
768,3.90,,"Advanced Dermatology & Skin Surgery, George Hsieh, M.D.",408-217-1905,4155 Moorpark Avenue #3,Dermatologist,2019-03-06,14:00
769,5.00,,"Alan B. Scott, M.D.",415-923-3120,2100 Webster Street suite 214,Ophthalmologist,2019-03-11,16:00
770,5.00,,"Dr. Fasih A. Hameed, MD",707-559-7510,1301 Southpoint Boulevard,General Practitioner,2019-03-04,10:30
771,5.00,,"Dr. Fasih A. Hameed, MD",707-559-7510,1301 Southpoint Boulevard,General Practitioner,2019-03-03,14:30
772,5.00,,"Anne Han, M.D.",415-600-3800,655 Redwood Highway Suite 100,Dermatologist,2019-03-07,10:30
773,4.10,Los Altos,Chang David F MD,650-948-9123,1174 Castro Street # 100,Ophthalmologist,,
774,5.00,Los Altos,"Dr. Barry Y.P. Fung, M.D.",650-967-7834,2485 Hospital Drive #200,Ophthalmologist,,
775,4.10,,Chang David F MD,650-948-9123,1174 Castro Street # 100,Ophthalmologist,2019-03-12,13:30
776,5.00,,Blossom Ridge Medical Group: Zimmer J Kirk MD,408-377-9180,555 Knowles Drive #203,General Practitioner,2019-03-07,16:30
777,5.00,,Berman Skin Institute,650-325-6000,321 Middlefield Road # 245,Dermatologist,2019-03-09,11:30
778,4.70,,Age Defying Dermatology,408-369-4214,3803 South Bascom Avenue #200,Dermatologist,2019-03-05,11:00
779,4.90,San Ramon,East Bay Eye Center: Severin Todd D MD,925-830-8823,909 San Ramon Valley Boulevard #114,Ophthalmologist,,
780,5.00,San Ramon,"Robert B. Neves, M.D.",925-866-2020,1844 San Miguel Drive # 303,Ophthalmologist,,
781,4.90,,East Bay Eye Center: Severin Todd D MD,925-830-8823,909 San Ramon Valley Boulevard #114,Ophthalmologist,2019-03-11,11:30
782,5.00,,"Anjali Tate, M.D.",510-845-8035,2400 Samaritan Drive #105,Gynecologist,2019-03-03,15:00
783,5.00,,Blossom Ridge Medical Group: Zimmer J Kirk MD,408-377-9180,555 Knowles Drive #203,General Practitioner,2019-03-02,16:30
784,4.30,,"Amita Kachru, MD",415-641-6996,1580 Valencia Street #508,Gynecologist,2019-03-09,13:00
785,3.20,,Dr. Sunil S. Dhawan,408-957-7676,995 County Highway G4 #111,Dermatologist,2019-03-11,16:30
786,5.00,,"Anne Han, M.D.",415-600-3800,655 Redwood Highway Suite 100,Dermatologist,2019-03-12,16:30
787,4.60,,"Alphaeus Wise, MD",925-935-3113,1181 Boulevard Way B,General Practitioner,2019-03-11,10:30
788,3.70,,Abazari Mina MD,949-916-9100,5050 West El Camino Real # 110,General Practitioner,2019-03-04,13:30
789,4.00,,Access Health,408-729-7690,301 Old San Francisco Road Level 2,General Practitioner,2019-03-04,16:30
790,5.00,,Antioch Family Practice: Copeland John W MD,925-778-7233,3440 Hillcrest Avenue Suite 150,General Practitioner,2019-03-02,12:30
791,5.00,,"Dr. Madhavi Chenumalla, MD",650-299-2000,1800 Sullivan Avenue # 606,General Practitioner,2019-03-05,17:30
792,5.00,,"Albert Pisani, M.D.",650-934-7520,2490 Hospital Drive #111,Gynecologist,2019-03-07,15:00
793,5.00,,Alchemy John MD,707-576-7000,"Sonoma Ave, # 44, 1820 Doctors Park Drive",General Practitioner,2019-03-01,11:00
794,5.00,Palo Alto,Clear Skin Concierge,424-256-5699,2435 Webster Street #101,Dermatologist,,
795,5.00,Palo Alto,"Faranak Kamangar, M.D.",650-853-2982,"795 El Camino Real Clark Building, Level 2",Dermatologist,,
796,5.00,Palo Alto,"Julie A. Letsinger, M.D.",916-454-6852,401 Old San Francisco Road Level 2,Dermatologist,,
797,3.70,Palo Alto,Stanford Children's Health- Dermatology Department,650-721-1227,"f4, 450 Broadway",Dermatologist,,
798,5.00,,Clear Skin Concierge,424-256-5699,2435 Webster Street #101,Dermatologist,2019-03-05,10:30
799,5.00,Burlingame,"Dr. Debra Shapiro, MD",650-697-8808,1720 El Camino Real # 120,Gynecologist,,
800,5.00,Burlingame,Dr. Joy Zhou - MD,650-692-8080,1750 El Camino Real #102,Gynecologist,,
801,5.00,Burlingame,"Dr. Thomas O. Stodgel, MD",650-344-7802,"1820 Ogden Avenue Floor, 2",Gynecologist,,
802,5.00,Burlingame,"Lisa Dyer, MD",650-652-8420,1501 Trousdale Drive 4th Floor,Gynecologist,,
803,5.00,,"Dr. Debra Shapiro, MD",650-697-8808,1720 El Camino Real # 120,Gynecologist,2019-03-13,17:30
804,5.00,,"Albert Pisani, M.D.",650-934-7520,2490 Hospital Drive #111,Gynecologist,2019-03-01,11:00
805,5.00,,"Anne Han, M.D.",415-600-3800,655 Redwood Highway Suite 100,Dermatologist,2019-03-07,11:30
806,4.90,Oakland,Bay Area Retina Associates,510-832-6554,491 30th Street #201,Ophthalmologist,,
807,4.60,Oakland,"Cynthia S. Chiu, MD, FACS, Inc.",510-836-2122,491 30th Street #201,Ophthalmologist,,
808,5.00,Oakland,"Dr. Christopher J. Dickens, MD",510-763-9775,491 30th Street #103,Ophthalmologist,,
809,4.00,Oakland,Northern California Cornea Associates.Inc.,510-444-0603,2219 Buchanan Road #6,Ophthalmologist,,
810,4.30,Oakland,Silkiss Rona Z MD,510-763-0881,491 30th Street #103,Ophthalmologist,,
811,4.90,,Bay Area Retina Associates,510-832-6554,491 30th Street #201,Ophthalmologist,2019-03-01,13:30
812,5.00,,Elloway John MD,415-892-3300,1956 Union Street,General Practitioner,2019-03-10,15:00
813,5.00,Pleasanton,Bay Area Retina Associates,925-463-8200,2219 Buchanan Road #6,Ophthalmologist,,
814,3.50,Pleasanton,"Charles Huang, MD",925-847-5065,2305 Camino Ramon #202,Ophthalmologist,,
815,5.00,Pleasanton,"Steven H. Hong, OD",925-225-9036,3685 Mount Diablo Boulevard #100,Ophthalmologist,,
816,5.00,,Bay Area Retina Associates,707-552-9596,1460 North Camino Alto #109,Ophthalmologist,2019-03-06,15:00
817,3.30,,"Dr. Gregory P. Rosa, MD",707-823-7616,652 Petaluma Avenue Suite B,General Practitioner,2019-03-05,16:00
818,5.00,,"Anne Han, M.D.",415-600-3800,655 Redwood Highway Suite 100,Dermatologist,2019-03-01,17:00
819,3.60,,Cheney Tamara MD,510-248-1700,2287 Mowry Avenue suite c,General Practitioner,2019-03-05,13:30
820,4.00,,4D Miracles,510-863-3258,42808 Christy Street #208,Gynecologist,2019-03-13,12:30
821,5.00,,"Aaron Tward, M.D.",415-353-2757,2380 Sutter Street,ENT Specialist,2019-03-05,16:00
822,5.00,,Chen M Dwight MD,408-523-3900,360 Dardanelli Lane #2d,Gynecologist,2019-03-09,15:00
823,4.20,,Anthony E Jones MD,510-268-1800,17251 Hesperian Boulevard,General Practitioner,2019-03-10,12:30
824,5.00,,"Anne Han, M.D.",415-600-3800,655 Redwood Highway Suite 100,Dermatologist,2019-03-07,17:30
825,3.50,Milpitas,"Gul A. Zikria, M.D., FACOG",408-217-7781,1109 South Park Victoria Drive,Gynecologist,,
826,4.00,,4D Miracles,510-863-3258,42808 Christy Street #208,Gynecologist,2019-03-14,11:00
827,5.00,,"Stewart A. Daniels, M.D",925-522-8850,3330 Clayton Road,Ophthalmologist,2019-03-02,13:30
828,5.00,,"Alan B. Scott, M.D.",415-923-3120,2100 Webster Street suite 214,Ophthalmologist,2019-03-12,11:30
829,3.90,,"John Chiu, M.D.",408-863-0709,700 West Parr Avenue,General Practitioner,2019-03-14,14:30
830,5.00,Menlo Park,Dalal Sapna MD,650-493-5000,866 Campus Drive,General Practitioner,,
831,3.70,Menlo Park,"Daniel Huie, MD",650-736-5770,1500 Southgate Avenue #204,General Practitioner,,
832,5.00,,Dalal Sapna MD,650-493-5000,866 Campus Drive,General Practitioner,2019-03-11,13:00
833,4.20,San Jose,"Dr. Lionel M. Nelson, MD",408-358-6163,2577 Samaritan Drive #845,ENT Specialist,,
834,3.70,San Jose,"Dr. Mauro B. Ruffy, MD",408-357-1250,2505 Samaritan Drive Suite 510,ENT Specialist,,
835,4.50,San Jose,Dr. Michael Murray,408-227-6300,6060 Hellyer Avenue #150,ENT Specialist,,
836,4.70,San Jose,"Ricardo J. Trevino, MD",408-926-5300,1199 Bush Street #290,ENT Specialist,,
837,5.00,San Jose,San Jose Ear and Sinus Medical Center,408-358-8507,2577 Samaritan Drive #845,ENT Specialist,,
838,4.20,,"Dr. Lionel M. Nelson, MD",408-358-6163,2577 Samaritan Drive #845,ENT Specialist,2019-03-04,11:00
839,5.00,Fairfield,"Rachel Villalon, MD",707-646-4100,1860 Pennsylvania Avenue #300b,Gynecologist,,
840,5.00,,"Rachel Villalon, MD",707-646-4100,1860 Pennsylvania Avenue #300b,Gynecologist,2019-03-11,14:00
841,4.70,San Leandro,Baldwin Medical Group: Baldwin Vincent MD,510-357-3790,1501 3rd Street,General Practitioner,,
842,5.00,San Leandro,Dr. Anatoly G. Brodsky,510-454-4010,445 30th Street #2,General Practitioner,,
843,4.50,San Leandro,"Dr. Maryam Fortani, MD",510-924-7993,3318 Elm Street,General Practitioner,,
844,3.80,San Leandro,Family Medical Group,510-351-2100,20410 Lake Chabot Road #3,General Practitioner,,
845,5.00,San Leandro,Family Medical Group: Robertson Bruce A MD,510-357-3389,333 Estudillo Avenue # C,General Practitioner,,
846,4.70,,Baldwin Medical Group: Baldwin Vincent MD,510-357-3790,1501 3rd Street,General Practitioner,2019-03-09,16:00
847,5.00,,"Nicole A. Jeffrey-Starr, M.D.",925-875-6546,4000 Dublin Boulevard #2,Gynecologist,2019-03-06,15:30
848,4.90,,"Brown Peter, MD",650-941-4545,877 West Fremont Avenue unit n1,General Practitioner,2019-03-06,12:30
849,4.30,,Alta Eye Care,408-502-6188,1085 West El Camino Real Level 2,Ophthalmologist,2019-03-09,16:00
850,4.60,,Novato Dermatology,415-892-0754,2100 Webster Street Suite 411,Dermatologist,2019-03-13,15:30
851,4.60,,Novato Dermatology,415-892-0754,2100 Webster Street Suite 411,Dermatologist,2019-03-12,17:30
852,3.70,,Abazari Mina MD,949-916-9100,5050 West El Camino Real # 110,General Practitioner,2019-03-01,12:30
853,4.30,,"Amita Kachru, MD",415-641-6996,1580 Valencia Street #508,Gynecologist,2019-03-02,14:00
854,4.30,,Berman Skin Institute,925-932-3800,355 Lennon Lane Suite 255,Dermatologist,2019-03-04,12:30
855,4.60,,"Alphaeus Wise, MD",925-935-3113,1181 Boulevard Way B,General Practitioner,2019-03-12,10:30
856,5.00,,"Albert Pisani, M.D.",650-934-7520,2490 Hospital Drive #111,Gynecologist,2019-03-08,11:00
857,5.00,,Dr. Anne Cole,650-969-2959,23275 Eastbrook Court,General Practitioner,2019-03-05,13:00
858,5.00,,"Dr. Faith R. Protsman, MD",408-846-6444,9360 North Name Uno,General Practitioner,2019-03-02,12:30
859,5.00,,"Bhoomika Kamath, MD",925-314-0260,319 Diablo Road,General Practitioner,2019-03-11,14:00
860,5.00,,"Bhoomika Kamath, MD",925-314-0260,319 Diablo Road,General Practitioner,2019-03-11,10:00
861,5.00,,"Dr. Chika Akera, MD",925-363-2000,2500 Alhambra Avenue,General Practitioner,2019-03-14,11:00
862,5.00,San Mateo,"Beatrice Burke, MD",650-344-1114,136 North San Mateo Drive #101,Gynecologist,,
863,4.20,San Mateo,"Isabell Beddow, Md",650-558-0611,1 Baywood Avenue #5,Gynecologist,,
864,4.50,San Mateo,"Rubi Khilnani, M.D., FACOG",650-477-8112,1 Baywood Avenue Suite 9,Gynecologist,,
865,3.70,San Mateo,"Zelda S. de la Cruz, MD OBGYN",650-375-8482,1 Baywood Avenue #7,Gynecologist,,
866,5.00,,"Beatrice Burke, MD",650-344-1114,136 North San Mateo Drive #101,Gynecologist,2019-03-01,10:30
867,4.30,,"Amita Kachru, MD",415-641-6996,1580 Valencia Street #508,Gynecologist,2019-03-13,15:00
868,5.00,,Chen M Dwight MD,408-523-3900,360 Dardanelli Lane #2d,Gynecologist,2019-03-01,15:30
869,3.30,,"Dr. Gregory P. Rosa, MD",707-823-7616,652 Petaluma Avenue Suite B,General Practitioner,2019-03-05,17:00
870,5.00,,Amy Kane,510-490-1222,"2, 3200 Kearney Street",Gynecologist,2019-03-02,17:30
871,4.30,Vallejo,Associated Family Physicians: Hennessey Sean P MD,707-643-3028,3431 Broadway Street,General Practitioner,,
872,5.00,Vallejo,Daquioag Rodolfo A MD,707-554-4495,155 Glen Cove Marina Road #100,General Practitioner,,
873,4.60,Vallejo,Lim Steve MD,707-645-8576,1646 Broadway Street,General Practitioner,,
874,5.00,Vallejo,Valdez Amelia B MD,707-554-1986,1460 North Camino Alto # 100,General Practitioner,,
875,5.00,Vallejo,Yoshisato Paige A MD,707-558-8699,1179 North McDowell Boulevard,General Practitioner,,
876,4.30,,Associated Family Physicians: Hennessey Sean P MD,707-643-3028,3431 Broadway Street,General Practitioner,2019-03-01,17:00
877,5.00,Windsor,"Brenda Manfredi, MD",707-387-3910,2323 Bethards Drive,General Practitioner,,
878,5.00,,"Brenda Manfredi, MD",707-387-3910,2323 Bethards Drive,General Practitioner,2019-03-14,15:30
879,4.80,,"Carla Stelling, MD",510-275-7492,3300 Webster Street #1200,Gynecologist,2019-03-11,16:30
880,3.50,,"Ann Wong, M.D.",408-730-4240,301 Old San Francisco Road Level 3,Gynecologist,2019-03-07,15:00
881,5.00,Mill Valley,"Dr. Beth McDougall, MD",415-388-5520,2574 San Bruno Avenue,General Practitioner,,
882,5.00,Mill Valley,Werschky II a G MD,415-388-2657,125 Throckmorton Avenue,General Practitioner,,
883,5.00,Palo Alto,"Brad Hinrichs, M.D.",916-736-5533,5401 Norris Canyon Road,ENT Specialist,,
884,5.00,Palo Alto,Chris Holsinger,650-498-6000,801 Welch Road,ENT Specialist,,
885,3.70,Atherton,California Sinus Centers,650-399-4630,"F3, 900 Blake Wilbur Drive",ENT Specialist,,
886,5.00,Petaluma,"Dr. Michael A. Saidel, MD",707-762-3573,1383 North McDowell Boulevard #100,Ophthalmologist,,
887,5.00,Petaluma,Eye Care Institute,707-763-6400,6880 Palm Avenue,Ophthalmologist,,
888,5.00,Berkeley,"Dr. Richard J Kerbavaz, MD",510-845-4500,2316 Dwight Way,ENT Specialist,,
889,5.00,Larkspur,"Kambridge Hribar, MD",415-295-7160,"1, 2380 Sutter Street",ENT Specialist,,
890,3.70,Saratoga,"Dr. Vilasini M. Ganesh, MD",408-378-1610,1600 West Campbell Avenue #202,General Practitioner,,
891,5.00,Saratoga,"Joseph J. Walters, MD",408-253-4806,20555 Prospect Road Suite A,General Practitioner,,
892,4.80,Petaluma,"Julie Clark, MD",707-763-2900,1550 A Professional Drive #100,Gynecologist,,
893,5.00,Union City,"Jennifer Isaacs, MD",510-454-4090,3553 Whipple Road,Gynecologist,,
894,3.50,Livermore,"Meghan Dickman, MD",925-373-4601,5575 West Las Positas Boulevard,Dermatologist,,
895,3.30,San Carlos,"Janice Kim, M.D.",650-596-4000,301 Industrial Road Level 3,General Practitioner,,
896,5.00,San Carlos,"Wendy M. Landreville, M.D.",530-749-3623,370 Distel Circle,General Practitioner,,
897,5.00,Redwood City,"Dr. Julianne G. O'callahan, MD",650-366-4633,2950 Whipple Avenue,Gynecologist,,
898,4.10,Redwood City,Freyja Clinic,650-701-1882,570 Price Avenue,Gynecologist,,
899,4.00,Redwood City,"Mary Pravdin, MD",650-298-0990,2900 Whipple Avenue,Gynecologist,,
900,5.00,Redwood City,"Tatiana Spirtos, MD - Stanford Children's Health",650-366-5594,2900 Whipple Avenue #135,Gynecologist,,
901,5.00,Pleasanton,"Dr. Sonia R. Santana, DO",925-416-0111,5565 West Las Positas Boulevard,Gynecologist,,
902,4.00,Concord,"Dr. Mehrnoosh Almassi, MD",925-674-2125,2485 High School Street #111,Gynecologist,,
903,5.00,Daly City,"Dr. Daniel J. Buckley, MD",650-991-9007,1440 Southgate Avenue,Ophthalmologist,,
904,5.00,Daly City,Dr. Paul R. Holland,650-992-1300,2702 Low Court,Ophthalmologist,,
905,4.70,Daly City,"Dr. Paul R. Holland, MD",650-758-2171,762 Altos Oaks Drive,Ophthalmologist,,
906,5.00,Napa,Dr. Kathryn Kent,707-927-3508,461 7th Street West # 3,Dermatologist,,
907,5.00,Napa,"Lewis May, II, MD",707-258-4527,941 Merchant Street # A,Dermatologist,,
908,5.00,Napa,Napa Dermatology Associates,707-252-2931,1700 2nd Street #220,Dermatologist,,
909,5.00,Vacaville,"Dr. Caren Campbell, MD",415-217-3880,600 Nut Tree Road #260,Dermatologist,,
910,3.20,Vacaville,Vacaville Dermatology,707-446-6969,941 Merchant Street A,Dermatologist,,
911,4.90,,"Brown Peter, MD",650-941-4545,877 West Fremont Avenue unit n1,General Practitioner,2019-03-08,13:00
912,5.00,,"Alan B. Scott, M.D.",415-923-3120,2100 Webster Street suite 214,Ophthalmologist,2019-03-01,13:30
913,4.70,,Britz Marie B MD,408-294-3202,2074 Forest Avenue # 1,Dermatologist,2019-03-04,17:00
914,5.00,,"Avis E. Logan, M.D.",510-985-5020,3100 San Pablo Avenue Suite 310,General Practitioner,2019-03-07,15:00
915,3.90,,"Dr. Ebrahim Ahmadi, MD",510-791-2002,632 Mowry Avenue,General Practitioner,2019-03-07,10:30
916,5.00,,"Catherine Jiam-Seagren, M.D.",510-204-8166,3850 Grand Avenue,General Practitioner,2019-03-06,16:30
917,5.00,,"Arthur D. Fu, MD",650-342-7137,1391 Woodside Road #200,Ophthalmologist,2019-03-09,14:30
918,4.00,Brentwood,"Balfour Dermatology Robert E. Beer, MD",925-240-9116,6155 Stoneridge Drive #150,Dermatologist,,
919,3.70,Brentwood,Golden State Dermatology,925-308-9510,1133 East Stanley Boulevard Suite 111,Dermatologist,,
920,4.00,,"Balfour Dermatology Robert E. Beer, MD",925-240-9116,6155 Stoneridge Drive #150,Dermatologist,2019-03-13,14:00
921,5.00,,Bay Area House Call Physicians,650-384-0986,701 E El Camino Real 2nd Floor,General Practitioner,2019-03-02,13:30
922,5.00,,"Dr. Robert A. Varady, MD",707-428-0778,1525 Webster Street # C,General Practitioner,2019-03-05,14:00
923,4.30,,Berman Skin Institute,925-932-3800,355 Lennon Lane Suite 255,Dermatologist,2019-03-08,14:30
924,5.00,,"Albert Pisani, M.D.",650-934-7520,2490 Hospital Drive #111,Gynecologist,2019-03-11,13:30
925,4.00,,"Dr. Louise E. Nurre, D.O.",510-525-2400,5855 Doyle Street #110,General Practitioner,2019-03-01,15:00
926,5.00,,"Aesthetic Dermatology and Skin Cancer: Jeffrey H. Binstock, M.D.",415-383-5475,45 Castro Street,Dermatologist,2019-03-01,13:00
927,5.00,Daly City,"Dr. Gary W. Oliver, MD",650-756-5500,1618 Sullivan Avenue Suite 105,Dermatologist,,
928,5.00,,"Dr. Gary W. Oliver, MD",650-756-5500,1618 Sullivan Avenue Suite 105,Dermatologist,2019-03-14,10:30
929,4.00,,Access Health,408-729-7690,301 Old San Francisco Road Level 2,General Practitioner,2019-03-05,13:00
930,5.00,,"Aaron Tward, M.D.",415-353-2757,2380 Sutter Street,ENT Specialist,2019-03-01,13:00
931,5.00,,Claudio A Bet Inc,650-692-1296,211 Quarry Road,General Practitioner,2019-03-09,15:00
932,3.70,,Abazari Mina MD,949-916-9100,5050 West El Camino Real # 110,General Practitioner,2019-03-12,12:30
933,4.30,,"Amita Kachru, MD",415-641-6996,1580 Valencia Street #508,Gynecologist,2019-03-04,17:30
934,4.90,Morgan Hill,"Camino Ear, Nose & Throat Clinic",669-258-5454,980 Trancas Street # 10,ENT Specialist,,
935,4.10,Morgan Hill,"Donald Burt, Jr., MD",408-847-1199,175 North Jackson Avenue #200,ENT Specialist,,
936,4.10,,"Donald Burt, Jr., MD",408-847-1199,175 North Jackson Avenue #200,ENT Specialist,2019-03-13,14:30
937,4.50,,NCMA Redwood Family Dermatology,707-545-4537,2725 Mendocino Avenue,Dermatologist,2019-03-03,15:00
938,4.60,,Babak Edraki MD,925-627-3440,1479 Ygnacio Valley Road,Gynecologist,2019-03-10,14:30
939,4.60,,"Cynthia S. Chiu, MD, FACS, Inc.",510-836-2122,491 30th Street #201,Ophthalmologist,2019-03-13,13:30
940,3.80,,"Helena A. Longin, M.D.",707-521-7760,196 Wikiup Drive,Dermatologist,2019-03-06,12:00
941,3.70,,Abazari Mina MD,949-916-9100,5050 West El Camino Real # 110,General Practitioner,2019-03-09,16:30
942,5.00,,Ford Lloyd C MD,925-685-7400,2700 Grant Street #104,ENT Specialist,2019-03-09,12:30
943,5.00,,"Anjali Tate, M.D.",510-845-8035,2400 Samaritan Drive #105,Gynecologist,2019-03-04,12:00
944,4.10,Alameda,Kochenburger Richard J MD,510-522-6544,2111 Whitehall Place,Gynecologist,,
945,4.20,Alameda,Olivia Butt MD - Alameda OB GYN,510-864-4800,"501 S Shore Ctr W, Ste D",Gynecologist,,
946,4.10,,Kochenburger Richard J MD,510-522-6544,2111 Whitehall Place,Gynecologist,2019-03-04,16:00
947,5.00,,Amy Kane,510-490-1222,"2, 3200 Kearney Street",Gynecologist,2019-03-10,15:30
948,3.70,,California Sinus Centers,650-399-4630,"F3, 900 Blake Wilbur Drive",ENT Specialist,2019-03-01,13:30
949,5.00,,"Avis E. Logan, M.D.",510-985-5020,3100 San Pablo Avenue Suite 310,General Practitioner,2019-03-12,14:00
950,4.30,,"Amita Kachru, MD",415-641-6996,1580 Valencia Street #508,Gynecologist,2019-03-04,10:00
951,5.00,Vallejo,"Bilhartz Women's Health Center, Dr. Teri Bilhartz",707-812-1910,480 Redwood Street suite 14,Gynecologist,,
952,5.00,Vallejo,"Rima Goldman, MD",707-651-1031,975 Sereno Drive,Gynecologist,,
953,5.00,,"Rima Goldman, MD",707-651-1031,975 Sereno Drive,Gynecologist,2019-03-12,15:30
954,3.70,Point Reyes Station,Point Reyes Medical Clinic: Hamblin Basil C MD,415-663-8666,3 Harbor Drive Ste 111,General Practitioner,,
955,3.50,Rohnert Park,Maggioncalda Michael D DO,707-206-3044,1100 Trancas Street #350,General Practitioner,,
956,4.00,Rohnert Park,"Robert L. Goodman, MD",707-584-7474,1 Quality Drive,General Practitioner,,
957,5.00,Rohnert Park,Weinstein Jamie S MD,707-206-3000,5900 State Farm Drive,General Practitioner,,
958,3.50,,Maggioncalda Michael D DO,707-206-3044,1100 Trancas Street #350,General Practitioner,2019-03-08,12:00
959,3.40,,Family Health Center of Benicia,707-745-0711,1440 Military West # 101,General Practitioner,2019-03-12,11:00
960,3.40,,Family Health Center of Benicia,707-745-0711,1440 Military West # 101,General Practitioner,2019-03-12,17:00
961,4.50,,"Dr. Ruth E. Hoddinott, MD",650-301-0500,795 El Camino Real,General Practitioner,2019-03-10,14:00
962,3.70,,Dr. Robert Greenberg,925-277-1300,3511 School Street,Dermatologist,2019-03-02,12:00
963,3.70,,"Attia Kadri, M.D.",510-204-5600,2500 Milvia Street,Gynecologist,2019-03-14,15:00
964,4.50,Antioch,"Andrew Ness, MD",925-293-8934,1200 Central Boulevard suite d,Dermatologist,,
965,4.70,Antioch,Delta Aesthetics,925-757-5311,320 Lennon Lane,Dermatologist,,
966,3.20,Antioch,Diablo Dermatology,925-754-6767,3807 Lone Tree Way,Dermatologist,,
967,4.50,,"Andrew Ness, MD",925-293-8934,1200 Central Boulevard suite d,Dermatologist,2019-03-07,17:00
968,5.00,,"Aesthetic Dermatology and Skin Cancer: Jeffrey H. Binstock, M.D.",415-383-5475,45 Castro Street,Dermatologist,2019-03-06,14:00
969,5.00,,"Aaron Tward, M.D.",415-353-2757,2380 Sutter Street,ENT Specialist,2019-03-06,14:00
970,3.80,San Mateo,Bay Family Medical Group: Paley Adam E MD,650-348-7923,801 Brewster Avenue #240,General Practitioner,,
971,5.00,San Mateo,"Dr. Brian T. Mitchell, DO",650-343-3122,50 South San Mateo Drive,General Practitioner,,
972,5.00,San Mateo,"Dr. Masayasu Kihira, MD",650-558-9364,60 North El Camino Real,General Practitioner,,
973,5.00,San Mateo,Hipolito Ernesto B MD,650-570-2273,1 Baywood Ave # 6,General Practitioner,,
974,3.70,San Mateo,Kawano David MD,650-579-4407,301 Industrial Road Level 3,General Practitioner,,
975,4.80,San Mateo,"Richard Young, MD",650-342-2974,100 South Ellsworth Avenue Ste 504,General Practitioner,,
976,3.80,,Bay Family Medical Group: Paley Adam E MD,650-348-7923,801 Brewster Avenue #240,General Practitioner,2019-03-14,14:30
977,3.70,,"Attia Kadri, M.D.",510-204-5600,2500 Milvia Street,Gynecologist,2019-03-09,14:30
978,5.00,,Bay Area Retina Associates,925-463-8200,2219 Buchanan Road #6,Ophthalmologist,2019-03-09,16:30
979,3.70,,Abazari Mina MD,949-916-9100,5050 West El Camino Real # 110,General Practitioner,2019-03-01,15:30
980,4.90,,Bay Area Obstetrics & Gynecology,650-238-6244,1850 Sullivan Avenue Suite 550,Gynecologist,2019-03-05,14:30
981,4.00,,Byrne Eileen MD,650-321-4121,550 Hamilton Avenue # 329,General Practitioner,2019-03-05,17:00
982,4.30,,Ferry James A MD,925-813-6500,5601 Deer Valley Road,Gynecologist,2019-03-11,16:00
983,5.00,San Carlos,"Jennifer C. Boldrick, M.D.",415-600-3451,55 2nd Street,Dermatologist,,
984,5.00,San Carlos,"Shaheen Khosla, DO",650-591-8501,1010 Laurel Street,Dermatologist,,
985,5.00,,"Shaheen Khosla, DO",650-591-8501,1010 Laurel Street,Dermatologist,2019-03-04,11:00
986,3.70,,John Muir Medical Group: Dr. Manisha Shingate,925-224-0722,5860 Owens Drive Suite 210,General Practitioner,2019-03-01,12:00
987,4.60,,"Cynthia S. Chiu, MD, FACS, Inc.",510-836-2122,491 30th Street #201,Ophthalmologist,2019-03-14,13:00
988,5.00,,"Audrey Koh, MD (Associates In Obstetrics and Gynecology)",415-923-3128,94109. parking entry on Hyde St 1199 Bush Street Suite 500 Suite 500,Gynecologist,2019-03-09,12:30
989,4.60,,"Alphaeus Wise, MD",925-935-3113,1181 Boulevard Way B,General Practitioner,2019-03-02,12:00
990,5.00,San Rafael,"Dr. Kathryn K. Najafi-Tagol, MD",415-444-0301,901 E Street,Ophthalmologist,,
991,5.00,,"Dr. Kathryn K. Najafi-Tagol, MD",415-444-0301,901 E Street,Ophthalmologist,2019-03-07,14:30
992,5.00,,"Anne Han, M.D.",415-600-3800,655 Redwood Highway Suite 100,Dermatologist,2019-03-04,10:00
993,5.00,,"Dr. Christine P. Weigen, MD",800-230-7526,2636 Telegraph Avenue,General Practitioner,2019-03-13,14:00
994,5.00,,"Dr. Lloyd C Ford, MD - Contra Costa ENT a Division of BASS Medical Group",925-932-3112,365 Lennon Lane Suite 280,ENT Specialist,2019-03-11,13:30
995,4.00,,"Dr. Mehrnoosh Almassi, MD",925-674-2125,2485 High School Street #111,Gynecologist,2019-03-13,15:30
996,5.00,,Chen M Dwight MD,408-523-3900,360 Dardanelli Lane #2d,Gynecologist,2019-03-11,10:00
997,5.00,,"Dr. Debra Shapiro, MD",650-697-8808,1720 El Camino Real # 120,Gynecologist,2019-03-09,14:00
998,5.00,,"Cosmetic & Restorative Dermatology: Marek Lorenc, M.D.",707-578-1800,"2929, 2290 Sacramento Street",Dermatologist,2019-03-02,13:30
999,5.00,,"Avis E. Logan, M.D.",510-985-5020,3100 San Pablo Avenue Suite 310,General Practitioner,2019-03-08,10:00
1000,4.80,,"J. Timothy Murphy, M.D.",415-209-2609,468 Tehama Street A,General Practitioner,2019-03-11,12:00
1001,3.50,Pittsburg,"Dr. Sharon Y. de Edwards, MD FACOG NCMP",925-754-9961,2240 Gladstone Drive #1,Gynecologist,,
1002,3.50,,"Dr. Sharon Y. de Edwards, MD FACOG NCMP",925-754-9961,2240 Gladstone Drive #1,Gynecologist,2019-03-13,11:30
1003,5.00,St. Helena,"Francis Mueller, MD",707-259-2000,1103 Trancas Street B,General Practitioner,,
1004,5.00,,Family Birth Place,707-963-6505,10 Woodland Road,Gynecologist,2019-03-03,15:00
1005,5.00,,"Caroline Schreiber, MD",510-645-9900,3100 Telegraph Avenue # 2109,General Practitioner,2019-03-05,13:00
1006,4.00,,Access Health,408-729-7690,301 Old San Francisco Road Level 2,General Practitioner,2019-03-08,13:30
1007,3.60,,Andolsen Richard J MD,707-433-7013,300 Mason Street,General Practitioner,2019-03-07,12:00
1008,5.00,,"Anne Han, M.D.",415-600-3800,655 Redwood Highway Suite 100,Dermatologist,2019-03-08,13:00
1009,5.00,,"Dr. Brian T. Mitchell, DO",650-343-3122,50 South San Mateo Drive,General Practitioner,2019-03-02,12:00
1010,3.50,,Maggioncalda Michael D DO,707-206-3044,1100 Trancas Street #350,General Practitioner,2019-03-02,10:00
1011,4.30,,Dermatology Associates of the Bay Area,510-741-7299,500 Alfred Nobel Drive #245,Dermatologist,2019-03-14,14:30
1012,3.40,,Advanced Laser & Skin Care Center,925-743-1488,101 Park Place,Dermatologist,2019-03-13,11:30
1013,5.00,,Alchemy John MD,707-576-7000,"Sonoma Ave, # 44, 1820 Doctors Park Drive",General Practitioner,2019-03-14,15:30
1014,5.00,,Contra-Costa Regional Med Center: Hubiak Melissa M MD,925-370-5110,2500 Alhambra Avenue,General Practitioner,2019-03-12,11:00
1015,5.00,,"Makela Women's Health: Sandra Makela, M.D.",408-335-7774,3425 South Bascom Avenue #235,Gynecologist,2019-03-09,17:00
1016,5.00,,"Albert Pisani, M.D.",650-934-7520,2490 Hospital Drive #111,Gynecologist,2019-03-10,16:00
1017,5.00,,"Donna J. Lee, MD",650-498-7949,301 Industrial Road,Ophthalmologist,2019-03-09,15:00
1018,4.20,,Dermatology and Laser Centre,925-820-3376,4680 Tassajara Road,Dermatologist,2019-03-11,15:30
1019,5.00,,Arthur H Coleman Medical Center: Dickey Jan V MD,415-467-1400,4340 Redwood Highway Suite A-22,General Practitioner,2019-03-10,13:00
1020,4.30,,Ferry James A MD,925-813-6500,5601 Deer Valley Road,Gynecologist,2019-03-09,15:30
1021,5.00,,"Dr. Fasih A. Hameed, MD",707-559-7510,1301 Southpoint Boulevard,General Practitioner,2019-03-02,11:00
1022,5.00,,"Anjali Tate, M.D.",510-845-8035,2400 Samaritan Drive #105,Gynecologist,2019-03-08,10:00
1023,3.50,,"Gul A. Zikria, M.D., FACOG",408-217-7781,1109 South Park Victoria Drive,Gynecologist,2019-03-01,14:30
1024,4.00,Sunnyvale,"Bernard Recht, Ph.D., M.D.",408-736-0441,603 South Knickerbocker Drive,Dermatologist,,
1025,5.00,Sunnyvale,"Jennifer Chan, M.D.",916-773-7979,5933 Coronado Lane,Dermatologist,,
1026,4.00,,"Bernard Recht, Ph.D., M.D.",408-736-0441,603 South Knickerbocker Drive,Dermatologist,2019-03-08,17:00
1027,4.60,,Babak Edraki MD,925-627-3440,1479 Ygnacio Valley Road,Gynecologist,2019-03-05,17:00
1028,5.00,,"Alex De Moraes, MD",707-257-1550,935 Trancas Street,General Practitioner,2019-03-03,16:30
1029,4.00,,MarinEyes,415-892-0111,2100 Webster Street #214,Ophthalmologist,2019-03-13,12:30
1030,5.00,,Arthur H Coleman Medical Center: Dickey Jan V MD,415-467-1400,4340 Redwood Highway Suite A-22,General Practitioner,2019-03-07,15:30
1031,4.90,,Bay Area Retina Associates,925-943-6800,122 La Casa Via,Ophthalmologist,2019-03-05,11:00
1032,5.00,,"Dr. Patricia W. Kulawiak, MD",707-431-1427,421 March Avenue D,General Practitioner,2019-03-01,15:00
1033,5.00,,"Dr. Chika Akera, MD",925-363-2000,2500 Alhambra Avenue,General Practitioner,2019-03-12,16:00
1034,5.00,,"Dr. Dan R. Lightfoot, MD",707-575-3800,3536 Mendocino Avenue #380,Ophthalmologist,2019-03-14,14:00
1035,5.00,,"Jennifer C. Boldrick, M.D.",415-600-3451,55 2nd Street,Dermatologist,2019-03-06,16:30
1036,5.00,,"Dr. Julianne G. O'callahan, MD",650-366-4633,2950 Whipple Avenue,Gynecologist,2019-03-02,13:30
1037,5.00,,"Dr. Faith R. Protsman, MD",408-846-6444,9360 North Name Uno,General Practitioner,2019-03-13,14:00
1038,4.20,,Benson Frederick P MD,408-224-6236,6950 Santa Teresa Boulevard,General Practitioner,2019-03-08,16:30
1039,5.00,,"Alan B. Scott, M.D.",415-923-3120,2100 Webster Street suite 214,Ophthalmologist,2019-03-01,11:00
1040,5.00,,Alchemy John MD,707-576-7000,"Sonoma Ave, # 44, 1820 Doctors Park Drive",General Practitioner,2019-03-01,11:30
1041,5.00,,"Dr. Fasih A. Hameed, MD",707-559-7510,1301 Southpoint Boulevard,General Practitioner,2019-03-12,14:00
1042,5.00,,Clear Skin Concierge,424-256-5699,2435 Webster Street #101,Dermatologist,2019-03-11,10:30
1043,5.00,,"Anjali Tate, M.D.",510-845-8035,2400 Samaritan Drive #105,Gynecologist,2019-03-11,12:30
1044,5.00,,Berkeley Family Practice Medical: Zaman Aysha MD,510-841-1647,3000 Colby Street #201,General Practitioner,2019-03-01,12:00
1045,5.00,,"Catherine Wang, MD",925-947-0417,2621 Shadelands Drive,General Practitioner,2019-03-06,13:30
1046,4.70,,Baldwin Medical Group: Baldwin Vincent MD,510-357-3790,1501 3rd Street,General Practitioner,2019-03-11,15:30
1047,5.00,,"David Quincy, M.D., MPH",408-241-3801,2734 East El Camino Real,General Practitioner,2019-03-08,11:30
1048,5.00,Morgan Hill,Dr. Becky Kroll,408-779-5546,777 Knowles Drive #8,General Practitioner,,
1049,3.70,Morgan Hill,"Dr. Robin E. Bennett, DO",408-776-8040,18181 Butterfield Boulevard #180,General Practitioner,,
1050,5.00,Morgan Hill,Perez Ricardo MD,408-779-0668,18181 Butterfield Boulevard #180,General Practitioner,,
1051,5.00,,Dr. Becky Kroll,408-779-5546,777 Knowles Drive #8,General Practitioner,2019-03-08,15:30
1052,5.00,,Berman Skin Institute,650-325-6000,321 Middlefield Road # 245,Dermatologist,2019-03-14,13:30
1053,5.00,,"Anne Han, M.D.",415-600-3800,655 Redwood Highway Suite 100,Dermatologist,2019-03-12,10:30
1054,5.00,,"Beatrice Burke, MD",650-344-1114,136 North San Mateo Drive #101,Gynecologist,2019-03-01,15:30
1055,5.00,,Blossom Ridge Medical Group: Zimmer J Kirk MD,408-377-9180,555 Knowles Drive #203,General Practitioner,2019-03-07,12:00
1056,4.30,,Alta Eye Care,408-502-6188,1085 West El Camino Real Level 2,Ophthalmologist,2019-03-04,12:00
1057,4.80,,"Carla Stelling, MD",510-275-7492,3300 Webster Street #1200,Gynecologist,2019-03-12,12:30
1058,3.70,,Medicus: Carrillo Lornalyn J MD,650-994-0459,1800 Sullivan Avenue,General Practitioner,2019-03-06,12:30
1059,3.90,,"John Chiu, M.D.",408-863-0709,700 West Parr Avenue,General Practitioner,2019-03-02,10:00
1060,5.00,,"Jennifer C. Boldrick, M.D.",415-600-3451,55 2nd Street,Dermatologist,2019-03-13,16:00
1061,5.00,Livermore,"Mignonette (Mae) Willkom, MD",925-454-4280,1447 Cedarwood Lane # A,General Practitioner,,
1062,4.00,Livermore,"Sonal Aggarwal, MD",925-373-0337,87 Fenton Street Suite 210,General Practitioner,,
1063,5.00,,"Mignonette (Mae) Willkom, MD",925-454-4280,1447 Cedarwood Lane # A,General Practitioner,2019-03-12,10:30
1064,5.00,,"Dr. Kathryn K. Najafi-Tagol, MD",415-444-0301,901 E Street,Ophthalmologist,2019-03-01,11:30
1065,5.00,,"Neil Fruman, MD - Retired",925-296-7490,1450 Treat Boulevard Suite 120B,General Practitioner,2019-03-01,15:30
1066,5.00,,Darith Khay Inc,408-254-4100,3030 Alum Rock Avenue,General Practitioner,2019-03-13,13:30
1067,4.70,,"Jonathan Kurss, MD",707-303-1719,500 Doyle Park Drive #200,Gynecologist,2019-03-14,17:00
1068,5.00,,"Avis E. Logan, M.D.",510-985-5020,3100 San Pablo Avenue Suite 310,General Practitioner,2019-03-01,15:30
1069,5.00,,Napa Dermatology Associates,707-252-2931,1700 2nd Street #220,Dermatologist,2019-03-12,13:30
1070,5.00,,Arthur H Coleman Medical Center: Dickey Jan V MD,415-467-1400,4340 Redwood Highway Suite A-22,General Practitioner,2019-03-08,17:30
1071,3.90,,"Advanced Dermatology & Skin Surgery, George Hsieh, M.D.",408-217-1905,4155 Moorpark Avenue #3,Dermatologist,2019-03-04,11:00
1072,5.00,,Bay Area Retina Associates,707-552-9596,1460 North Camino Alto #109,Ophthalmologist,2019-03-11,12:00
1073,3.70,,"Bayspring Medical Group: Dr. Marilyn Milkman, MD",415-674-2600,1199 Bush Street,Gynecologist,2019-03-05,10:00
1074,3.60,,Cheney Tamara MD,510-248-1700,2287 Mowry Avenue suite c,General Practitioner,2019-03-01,14:30
1075,5.00,,"Benjamin Sadoff, MD",925-677-0500,2700 Grant Street Suite 200,General Practitioner,2019-03-09,12:30
1076,5.00,,"Alan B. Scott, M.D.",415-923-3120,2100 Webster Street suite 214,Ophthalmologist,2019-03-10,12:30
1077,5.00,,Contra-Costa Regional Med Center: Cominos Eve D MD,925-370-5000,2500 Alhambra Avenue,General Practitioner,2019-03-01,14:30
1078,5.00,,"Alan B. Scott, M.D.",415-923-3120,2100 Webster Street suite 214,Ophthalmologist,2019-03-10,17:30
1079,5.00,,"Alejandra de Alba, M.D.",415-353-2800,291 Geary Street #700,Ophthalmologist,2019-03-07,13:00
1080,5.00,,"Avis E. Logan, M.D.",510-985-5020,3100 San Pablo Avenue Suite 310,General Practitioner,2019-03-03,11:30
1081,4.30,,Alta Eye Care,408-502-6188,1085 West El Camino Real Level 2,Ophthalmologist,2019-03-04,14:30
1082,4.60,,"Alphaeus Wise, MD",925-935-3113,1181 Boulevard Way B,General Practitioner,2019-03-09,11:00
1083,4.60,,Babak Edraki MD,925-627-3440,1479 Ygnacio Valley Road,Gynecologist,2019-03-06,12:30
1084,5.00,Alameda,"Dr. April Fredian, MD",510-992-3104,450 Park Street #100b,General Practitioner,,
1085,5.00,Alameda,"William Sellman, MD",510-521-2300,2433 Central Avenue,General Practitioner,,
1086,4.80,,"Carla Stelling, MD",510-275-7492,3300 Webster Street #1200,Gynecologist,2019-03-12,14:00
1087,5.00,,"Albert Pisani, M.D.",650-934-7520,2490 Hospital Drive #111,Gynecologist,2019-03-01,17:30
