,class,date_of_journey,from,from_station,journey_start_time,number_of_adults,to,to_station,total,trip_protection
0,Value,2019-03-07,Anaheim,Anaheim Intermodal Center,06:30,1,Phoenix,Phoenix Union Station,123,True
1,Value,2019-03-07,Anaheim,Anaheim Intermodal Center,06:40,1,Phoenix,Phoenix Union Station,125,True
2,Value,2019-03-07,Anaheim,Anaheim Intermodal Center,12:00,1,Phoenix,Phoenix Union Station,132,True
3,Value,2019-03-07,Anaheim,Anaheim Intermodal Center,14:50,1,Phoenix,Phoenix Union Station,142,True
4,Value,2019-03-01,New York,Grand Central Station,06:00,1,Chicago,Chicago Union Station,115,True
5,Value,2019-03-01,New York,Grand Central Station,06:10,1,Chicago,Chicago Union Station,114,True
6,Value,2019-03-01,New York,Grand Central Station,07:50,1,Chicago,Chicago Union Station,127,True
7,Value,2019-03-01,New York,Grand Central Station,09:50,1,Chicago,Chicago Union Station,111,True
8,Value,2019-03-01,New York,Grand Central Station,13:40,1,Chicago,Chicago Union Station,136,True
9,Value,2019-03-01,New York,Grand Central Station,17:10,1,Chicago,Chicago Union Station,127,True
10,Value,2019-03-01,Fresno,Fresno Station,07:00,1,Anaheim,Anaheim Intermodal Center,72,True
11,Value,2019-03-01,Fresno,Fresno Station,09:30,1,Anaheim,Anaheim Intermodal Center,69,True
12,Value,2019-03-01,Fresno,Fresno Station,10:50,1,Anaheim,Anaheim Intermodal Center,66,True
13,Value,2019-03-01,Fresno,Fresno Station,16:50,1,Anaheim,Anaheim Intermodal Center,69,True
14,Value,2019-03-01,Fresno,Fresno Station,18:00,1,Anaheim,Anaheim Intermodal Center,74,True
15,Value,2019-03-01,Fresno,Fresno Station,18:40,1,Anaheim,Anaheim Intermodal Center,74,True
16,Business,2019-03-01,Fresno,Fresno Station,09:30,4,Anaheim,Anaheim Intermodal Center,397,True
17,Business,2019-03-01,Fresno,Fresno Station,10:50,4,Anaheim,Anaheim Intermodal Center,384,True
18,Business,2019-03-01,Fresno,Fresno Station,18:00,4,Anaheim,Anaheim Intermodal Center,414,True
19,Value,2019-03-10,San Francisco,Salesforce Transit Center,06:10,1,Sacramento,Sacramento Valley Station,45,True
20,Value,2019-03-10,San Francisco,Salesforce Transit Center,06:20,1,Sacramento,Sacramento Valley Station,50,True
21,Value,2019-03-10,San Francisco,Salesforce Transit Center,06:50,1,Sacramento,Sacramento Valley Station,52,True
22,Value,2019-03-10,San Francisco,Salesforce Transit Center,10:20,1,Sacramento,Sacramento Valley Station,45,True
23,Value,2019-03-10,San Francisco,Salesforce Transit Center,10:50,1,Sacramento,Sacramento Valley Station,46,True
24,Value,2019-03-10,San Francisco,Salesforce Transit Center,12:30,1,Sacramento,Sacramento Valley Station,47,True
25,Value,2019-03-10,San Francisco,Salesforce Transit Center,12:40,1,Sacramento,Sacramento Valley Station,43,True
26,Value,2019-03-10,San Francisco,Salesforce Transit Center,16:50,1,Sacramento,Sacramento Valley Station,43,True
27,Value,2019-03-10,San Francisco,Salesforce Transit Center,18:50,1,Sacramento,Sacramento Valley Station,47,True
28,Value,2019-03-03,Los Angeles,Union Station,06:30,1,Phoenix,Phoenix Union Station,86,True
29,Value,2019-03-03,Los Angeles,Union Station,07:40,1,Phoenix,Phoenix Union Station,87,True
30,Value,2019-03-03,Los Angeles,Union Station,08:10,1,Phoenix,Phoenix Union Station,93,True
31,Value,2019-03-03,Los Angeles,Union Station,09:00,1,Phoenix,Phoenix Union Station,86,True
32,Value,2019-03-03,Los Angeles,Union Station,11:20,1,Phoenix,Phoenix Union Station,92,True
33,Value,2019-03-09,Vancouver,Pacific Central Station,06:50,1,Portland,Union Station,80,True
34,Value,2019-03-09,Vancouver,Pacific Central Station,08:10,1,Portland,Union Station,82,True
35,Value,2019-03-09,Vancouver,Pacific Central Station,08:20,1,Portland,Union Station,78,True
36,Value,2019-03-09,Vancouver,Pacific Central Station,08:40,1,Portland,Union Station,81,True
37,Value,2019-03-09,Vancouver,Pacific Central Station,12:00,1,Portland,Union Station,85,True
38,Value,2019-03-09,Vancouver,Pacific Central Station,14:10,1,Portland,Union Station,79,True
39,Value,2019-03-09,Vancouver,Pacific Central Station,16:10,1,Portland,Union Station,73,True
40,Value,2019-03-09,Vancouver,Pacific Central Station,16:20,1,Portland,Union Station,70,True
41,Value,2019-03-12,San Diego,Santa Fe Depot,08:30,1,Anaheim,Anaheim Intermodal Center,53,True
42,Value,2019-03-12,San Diego,Santa Fe Depot,09:10,1,Anaheim,Anaheim Intermodal Center,54,True
43,Value,2019-03-12,San Diego,Santa Fe Depot,09:50,1,Anaheim,Anaheim Intermodal Center,58,True
44,Value,2019-03-12,San Diego,Santa Fe Depot,10:00,1,Anaheim,Anaheim Intermodal Center,50,True
45,Value,2019-03-12,San Diego,Santa Fe Depot,12:20,1,Anaheim,Anaheim Intermodal Center,51,True
46,Value,2019-03-12,San Diego,Santa Fe Depot,15:10,1,Anaheim,Anaheim Intermodal Center,55,True
47,Value,2019-03-12,San Diego,Santa Fe Depot,15:20,1,Anaheim,Anaheim Intermodal Center,48,True
48,Value,2019-03-12,San Diego,Santa Fe Depot,19:40,1,Anaheim,Anaheim Intermodal Center,49,True
49,Value,2019-03-02,Vancouver,Pacific Central Station,06:20,1,Seattle,King Street Station,55,True
50,Value,2019-03-02,Vancouver,Pacific Central Station,06:40,1,Seattle,King Street Station,61,True
51,Value,2019-03-02,Vancouver,Pacific Central Station,07:10,1,Seattle,King Street Station,57,True
52,Value,2019-03-02,Vancouver,Pacific Central Station,14:40,1,Seattle,King Street Station,62,True
53,Value,2019-03-02,Vancouver,Pacific Central Station,15:10,1,Seattle,King Street Station,60,True
54,Value,2019-03-02,Vancouver,Pacific Central Station,15:50,1,Seattle,King Street Station,57,True
55,Value,2019-03-02,Vancouver,Pacific Central Station,17:40,1,Seattle,King Street Station,56,True
56,Value,2019-03-02,Vancouver,Pacific Central Station,18:10,1,Seattle,King Street Station,56,True
57,Value,2019-03-02,Vancouver,Pacific Central Station,18:30,1,Seattle,King Street Station,59,True
58,Flexible,2019-03-05,Anaheim,Anaheim Intermodal Center,06:50,1,Sacramento,Sacramento Valley Station,151,True
59,Flexible,2019-03-05,Anaheim,Anaheim Intermodal Center,07:10,1,Sacramento,Sacramento Valley Station,172,True
60,Flexible,2019-03-05,Anaheim,Anaheim Intermodal Center,07:40,1,Sacramento,Sacramento Valley Station,158,True
61,Flexible,2019-03-05,Anaheim,Anaheim Intermodal Center,08:10,1,Sacramento,Sacramento Valley Station,153,True
62,Flexible,2019-03-05,Anaheim,Anaheim Intermodal Center,11:00,1,Sacramento,Sacramento Valley Station,151,True
63,Flexible,2019-03-05,Anaheim,Anaheim Intermodal Center,12:30,1,Sacramento,Sacramento Valley Station,162,True
64,Flexible,2019-03-05,Anaheim,Anaheim Intermodal Center,14:50,1,Sacramento,Sacramento Valley Station,180,True
65,Flexible,2019-03-05,Anaheim,Anaheim Intermodal Center,17:00,1,Sacramento,Sacramento Valley Station,142,True
66,Flexible,2019-03-05,Anaheim,Anaheim Intermodal Center,17:10,1,Sacramento,Sacramento Valley Station,155,True
67,Flexible,2019-03-05,Anaheim,Anaheim Intermodal Center,18:00,1,Sacramento,Sacramento Valley Station,139,True
68,Value,2019-03-05,Sacramento,Sacramento Valley Station,06:30,1,San Diego,Santa Fe Depot,154,True
69,Value,2019-03-05,Sacramento,Sacramento Valley Station,07:20,1,San Diego,Santa Fe Depot,158,True
70,Value,2019-03-05,Sacramento,Sacramento Valley Station,07:30,1,San Diego,Santa Fe Depot,146,True
71,Value,2019-03-05,Sacramento,Sacramento Valley Station,08:00,1,San Diego,Santa Fe Depot,156,True
72,Value,2019-03-05,Sacramento,Sacramento Valley Station,08:10,1,San Diego,Santa Fe Depot,143,True
73,Value,2019-03-05,Sacramento,Sacramento Valley Station,08:30,1,San Diego,Santa Fe Depot,150,True
74,Value,2019-03-05,Sacramento,Sacramento Valley Station,08:40,1,San Diego,Santa Fe Depot,152,True
75,Value,2019-03-05,Sacramento,Sacramento Valley Station,09:30,1,San Diego,Santa Fe Depot,151,True
76,Value,2019-03-05,Sacramento,Sacramento Valley Station,09:50,1,San Diego,Santa Fe Depot,150,True
77,Value,2019-03-05,Sacramento,Sacramento Valley Station,10:10,1,San Diego,Santa Fe Depot,149,True
78,Value,2019-03-02,Anaheim,Anaheim Intermodal Center,06:50,1,Sacramento,Sacramento Valley Station,131,True
79,Value,2019-03-02,Anaheim,Anaheim Intermodal Center,07:10,1,Sacramento,Sacramento Valley Station,149,True
80,Value,2019-03-02,Anaheim,Anaheim Intermodal Center,07:40,1,Sacramento,Sacramento Valley Station,143,True
81,Value,2019-03-02,Anaheim,Anaheim Intermodal Center,08:10,1,Sacramento,Sacramento Valley Station,128,True
82,Value,2019-03-02,Anaheim,Anaheim Intermodal Center,11:00,1,Sacramento,Sacramento Valley Station,135,True
83,Value,2019-03-02,Anaheim,Anaheim Intermodal Center,12:30,1,Sacramento,Sacramento Valley Station,140,True
84,Value,2019-03-02,Anaheim,Anaheim Intermodal Center,14:50,1,Sacramento,Sacramento Valley Station,143,True
85,Value,2019-03-02,Anaheim,Anaheim Intermodal Center,17:00,1,Sacramento,Sacramento Valley Station,129,True
86,Value,2019-03-02,Anaheim,Anaheim Intermodal Center,17:10,1,Sacramento,Sacramento Valley Station,120,True
87,Value,2019-03-02,Anaheim,Anaheim Intermodal Center,18:00,1,Sacramento,Sacramento Valley Station,128,True
88,Value,2019-03-02,Chicago,Chicago Union Station,07:30,1,New York,Grand Central Station,120,True
89,Value,2019-03-02,Chicago,Chicago Union Station,08:00,1,New York,Grand Central Station,109,True
90,Value,2019-03-02,Chicago,Chicago Union Station,08:10,1,New York,Grand Central Station,133,True
91,Value,2019-03-02,Chicago,Chicago Union Station,09:40,1,New York,Grand Central Station,132,True
92,Value,2019-03-02,Chicago,Chicago Union Station,10:50,1,New York,Grand Central Station,111,True
93,Value,2019-03-02,Chicago,Chicago Union Station,17:40,1,New York,Grand Central Station,103,True
94,Value,2019-03-02,Chicago,Chicago Union Station,18:00,1,New York,Grand Central Station,119,True
95,Value,2019-03-02,Chicago,Chicago Union Station,07:30,2,New York,Grand Central Station,229,True
96,Value,2019-03-02,Chicago,Chicago Union Station,08:00,2,New York,Grand Central Station,207,True
97,Value,2019-03-02,Chicago,Chicago Union Station,08:10,2,New York,Grand Central Station,248,True
98,Value,2019-03-02,Chicago,Chicago Union Station,09:40,2,New York,Grand Central Station,247,True
99,Value,2019-03-02,Chicago,Chicago Union Station,10:50,2,New York,Grand Central Station,210,True
100,Value,2019-03-02,Chicago,Chicago Union Station,17:40,2,New York,Grand Central Station,197,True
101,Value,2019-03-02,Chicago,Chicago Union Station,18:00,2,New York,Grand Central Station,220,True
102,Value,2019-03-09,Anaheim,Anaheim Intermodal Center,06:30,1,Phoenix,Phoenix Union Station,126,True
103,Value,2019-03-09,Anaheim,Anaheim Intermodal Center,06:40,1,Phoenix,Phoenix Union Station,125,True
104,Value,2019-03-09,Anaheim,Anaheim Intermodal Center,12:00,1,Phoenix,Phoenix Union Station,138,True
105,Value,2019-03-09,Anaheim,Anaheim Intermodal Center,14:50,1,Phoenix,Phoenix Union Station,140,True
106,Value,2019-03-03,Fresno,Fresno Station,07:20,1,Los Angeles,Union Station,76,True
107,Value,2019-03-03,Fresno,Fresno Station,07:40,1,Los Angeles,Union Station,71,True
108,Value,2019-03-03,Fresno,Fresno Station,08:30,1,Los Angeles,Union Station,75,True
109,Value,2019-03-03,Fresno,Fresno Station,09:00,1,Los Angeles,Union Station,64,True
110,Value,2019-03-03,Fresno,Fresno Station,12:10,1,Los Angeles,Union Station,68,True
111,Value,2019-03-03,Fresno,Fresno Station,13:00,1,Los Angeles,Union Station,70,True
112,Value,2019-03-03,Fresno,Fresno Station,15:40,1,Los Angeles,Union Station,62,True
113,Value,2019-03-03,Fresno,Fresno Station,15:50,1,Los Angeles,Union Station,74,True
114,Value,2019-03-03,Fresno,Fresno Station,16:30,1,Los Angeles,Union Station,60,True
115,Value,2019-03-13,Anaheim,Anaheim Intermodal Center,06:30,1,San Diego,Santa Fe Depot,52,True
116,Value,2019-03-13,Anaheim,Anaheim Intermodal Center,12:00,1,San Diego,Santa Fe Depot,48,True
117,Value,2019-03-13,Anaheim,Anaheim Intermodal Center,13:00,1,San Diego,Santa Fe Depot,51,True
118,Value,2019-03-13,Anaheim,Anaheim Intermodal Center,14:50,1,San Diego,Santa Fe Depot,48,True
119,Value,2019-03-13,Anaheim,Anaheim Intermodal Center,16:40,1,San Diego,Santa Fe Depot,45,True
120,Value,2019-03-13,Anaheim,Anaheim Intermodal Center,17:40,1,San Diego,Santa Fe Depot,50,True
121,Value,2019-03-13,Anaheim,Anaheim Intermodal Center,19:20,1,San Diego,Santa Fe Depot,54,True
122,Business,2019-03-04,Anaheim,Anaheim Intermodal Center,06:50,1,Sacramento,Sacramento Valley Station,184,True
123,Business,2019-03-04,Anaheim,Anaheim Intermodal Center,07:10,1,Sacramento,Sacramento Valley Station,178,True
124,Business,2019-03-04,Anaheim,Anaheim Intermodal Center,07:40,1,Sacramento,Sacramento Valley Station,190,True
125,Business,2019-03-04,Anaheim,Anaheim Intermodal Center,08:10,1,Sacramento,Sacramento Valley Station,184,True
126,Business,2019-03-04,Anaheim,Anaheim Intermodal Center,11:00,1,Sacramento,Sacramento Valley Station,175,True
127,Business,2019-03-04,Anaheim,Anaheim Intermodal Center,12:30,1,Sacramento,Sacramento Valley Station,170,True
128,Business,2019-03-04,Anaheim,Anaheim Intermodal Center,14:50,1,Sacramento,Sacramento Valley Station,190,True
129,Business,2019-03-04,Anaheim,Anaheim Intermodal Center,17:00,1,Sacramento,Sacramento Valley Station,172,True
130,Business,2019-03-04,Anaheim,Anaheim Intermodal Center,17:10,1,Sacramento,Sacramento Valley Station,159,True
131,Business,2019-03-04,Anaheim,Anaheim Intermodal Center,18:00,1,Sacramento,Sacramento Valley Station,171,True
132,Value,2019-03-10,New York,Grand Central Station,07:20,1,Washington,Union Station,65,True
133,Value,2019-03-10,New York,Grand Central Station,08:20,1,Washington,Union Station,72,True
134,Value,2019-03-10,New York,Grand Central Station,11:30,1,Washington,Union Station,75,True
135,Value,2019-03-10,New York,Grand Central Station,13:00,1,Washington,Union Station,64,True
136,Value,2019-03-10,New York,Grand Central Station,13:40,1,Washington,Union Station,70,True
137,Value,2019-03-10,New York,Grand Central Station,13:50,1,Washington,Union Station,69,True
138,Value,2019-03-10,New York,Grand Central Station,14:40,1,Washington,Union Station,74,True
139,Value,2019-03-10,New York,Grand Central Station,14:50,1,Washington,Union Station,72,True
140,Value,2019-03-10,New York,Grand Central Station,15:00,1,Washington,Union Station,70,True
141,Value,2019-03-06,Los Angeles,Union Station,07:10,1,Fresno,Fresno Station,72,True
142,Value,2019-03-06,Los Angeles,Union Station,07:50,1,Fresno,Fresno Station,77,True
143,Value,2019-03-06,Los Angeles,Union Station,08:00,1,Fresno,Fresno Station,72,True
144,Value,2019-03-06,Los Angeles,Union Station,09:00,1,Fresno,Fresno Station,69,True
145,Value,2019-03-06,Los Angeles,Union Station,13:50,1,Fresno,Fresno Station,78,True
146,Value,2019-03-06,Los Angeles,Union Station,14:50,1,Fresno,Fresno Station,60,True
147,Value,2019-03-06,Los Angeles,Union Station,15:40,1,Fresno,Fresno Station,78,True
148,Value,2019-03-06,Los Angeles,Union Station,16:40,1,Fresno,Fresno Station,73,True
149,Value,2019-03-06,Los Angeles,Union Station,19:50,1,Fresno,Fresno Station,66,True
150,Value,2019-03-09,San Diego,Santa Fe Depot,06:50,1,Fresno,Fresno Station,85,True
151,Value,2019-03-09,San Diego,Santa Fe Depot,10:20,1,Fresno,Fresno Station,79,True
152,Value,2019-03-09,San Diego,Santa Fe Depot,12:40,1,Fresno,Fresno Station,81,True
153,Value,2019-03-09,San Diego,Santa Fe Depot,15:00,1,Fresno,Fresno Station,76,True
154,Value,2019-03-09,San Diego,Santa Fe Depot,15:30,1,Fresno,Fresno Station,79,True
155,Value,2019-03-09,San Diego,Santa Fe Depot,16:10,1,Fresno,Fresno Station,77,True
156,Value,2019-03-09,San Diego,Santa Fe Depot,19:20,1,Fresno,Fresno Station,81,True
157,Value,2019-03-05,Washington,Union Station,06:00,1,Philadelphia,30th Street Station,61,True
158,Value,2019-03-05,Washington,Union Station,07:20,1,Philadelphia,30th Street Station,58,True
159,Value,2019-03-05,Washington,Union Station,08:00,1,Philadelphia,30th Street Station,54,True
160,Value,2019-03-05,Washington,Union Station,08:20,1,Philadelphia,30th Street Station,57,True
161,Value,2019-03-05,Washington,Union Station,08:40,1,Philadelphia,30th Street Station,60,True
162,Value,2019-03-05,Washington,Union Station,10:20,1,Philadelphia,30th Street Station,58,True
163,Value,2019-03-05,Washington,Union Station,10:50,1,Philadelphia,30th Street Station,63,True
164,Value,2019-03-05,Washington,Union Station,17:50,1,Philadelphia,30th Street Station,59,True
165,Value,2019-03-07,San Francisco,Salesforce Transit Center,06:00,1,San Diego,Santa Fe Depot,89,True
166,Value,2019-03-07,San Francisco,Salesforce Transit Center,09:20,1,San Diego,Santa Fe Depot,102,True
167,Value,2019-03-07,San Francisco,Salesforce Transit Center,12:00,1,San Diego,Santa Fe Depot,96,True
168,Value,2019-03-07,San Francisco,Salesforce Transit Center,17:00,1,San Diego,Santa Fe Depot,99,True
169,Value,2019-03-07,San Francisco,Salesforce Transit Center,17:20,1,San Diego,Santa Fe Depot,100,True
170,Value,2019-03-07,San Francisco,Salesforce Transit Center,19:40,1,San Diego,Santa Fe Depot,95,True
171,Value,2019-03-13,Phoenix,Phoenix Union Station,07:00,1,Los Angeles,Union Station,87,True
172,Value,2019-03-13,Phoenix,Phoenix Union Station,07:20,1,Los Angeles,Union Station,90,True
173,Value,2019-03-13,Phoenix,Phoenix Union Station,08:40,1,Los Angeles,Union Station,90,True
174,Value,2019-03-13,Phoenix,Phoenix Union Station,16:00,1,Los Angeles,Union Station,85,True
175,Value,2019-03-13,Phoenix,Phoenix Union Station,18:20,1,Los Angeles,Union Station,89,True
176,Value,2019-03-07,Phoenix,Phoenix Union Station,08:30,3,San Diego,Santa Fe Depot,199,True
177,Value,2019-03-07,Phoenix,Phoenix Union Station,09:40,3,San Diego,Santa Fe Depot,232,True
178,Value,2019-03-07,Phoenix,Phoenix Union Station,14:50,3,San Diego,Santa Fe Depot,200,True
179,Value,2019-03-07,Phoenix,Phoenix Union Station,17:40,3,San Diego,Santa Fe Depot,202,True
180,Value,2019-03-07,Phoenix,Phoenix Union Station,18:20,3,San Diego,Santa Fe Depot,212,True
181,Value,2019-03-11,Sacramento,Sacramento Valley Station,08:00,1,Fresno,Fresno Station,64,True
182,Value,2019-03-11,Sacramento,Sacramento Valley Station,08:40,1,Fresno,Fresno Station,66,True
183,Value,2019-03-11,Sacramento,Sacramento Valley Station,10:10,1,Fresno,Fresno Station,59,True
184,Value,2019-03-11,Sacramento,Sacramento Valley Station,14:40,1,Fresno,Fresno Station,60,True
185,Value,2019-03-11,Sacramento,Sacramento Valley Station,15:20,1,Fresno,Fresno Station,66,True
186,Value,2019-03-11,Sacramento,Sacramento Valley Station,16:10,1,Fresno,Fresno Station,63,True
187,Value,2019-03-11,Sacramento,Sacramento Valley Station,17:40,1,Fresno,Fresno Station,72,True
188,Flexible,2019-03-06,San Diego,Santa Fe Depot,06:40,1,San Francisco,Salesforce Transit Center,103,True
189,Flexible,2019-03-06,San Diego,Santa Fe Depot,08:00,1,San Francisco,Salesforce Transit Center,124,True
190,Flexible,2019-03-06,San Diego,Santa Fe Depot,10:40,1,San Francisco,Salesforce Transit Center,133,True
191,Flexible,2019-03-06,San Diego,Santa Fe Depot,13:10,1,San Francisco,Salesforce Transit Center,118,True
192,Flexible,2019-03-06,San Diego,Santa Fe Depot,16:10,1,San Francisco,Salesforce Transit Center,117,True
193,Flexible,2019-03-06,San Diego,Santa Fe Depot,18:40,1,San Francisco,Salesforce Transit Center,120,True
194,Flexible,2019-03-06,San Diego,Santa Fe Depot,19:10,1,San Francisco,Salesforce Transit Center,121,True
195,Value,2019-03-01,San Francisco,Salesforce Transit Center,06:10,1,Sacramento,Sacramento Valley Station,42,True
196,Value,2019-03-01,San Francisco,Salesforce Transit Center,06:20,1,Sacramento,Sacramento Valley Station,46,True
197,Value,2019-03-01,San Francisco,Salesforce Transit Center,06:50,1,Sacramento,Sacramento Valley Station,55,True
198,Value,2019-03-01,San Francisco,Salesforce Transit Center,10:20,1,Sacramento,Sacramento Valley Station,45,True
199,Value,2019-03-01,San Francisco,Salesforce Transit Center,10:50,1,Sacramento,Sacramento Valley Station,51,True
200,Value,2019-03-01,San Francisco,Salesforce Transit Center,12:30,1,Sacramento,Sacramento Valley Station,50,True
201,Value,2019-03-01,San Francisco,Salesforce Transit Center,12:40,1,Sacramento,Sacramento Valley Station,49,True
202,Value,2019-03-01,San Francisco,Salesforce Transit Center,16:50,1,Sacramento,Sacramento Valley Station,44,True
203,Value,2019-03-01,San Francisco,Salesforce Transit Center,18:50,1,Sacramento,Sacramento Valley Station,48,True
204,Value,2019-03-06,San Francisco,Salesforce Transit Center,06:10,2,Sacramento,Sacramento Valley Station,82,True
205,Value,2019-03-06,San Francisco,Salesforce Transit Center,06:20,2,Sacramento,Sacramento Valley Station,89,True
206,Value,2019-03-06,San Francisco,Salesforce Transit Center,06:50,2,Sacramento,Sacramento Valley Station,97,True
207,Value,2019-03-06,San Francisco,Salesforce Transit Center,10:20,2,Sacramento,Sacramento Valley Station,80,True
208,Value,2019-03-06,San Francisco,Salesforce Transit Center,10:50,2,Sacramento,Sacramento Valley Station,83,True
209,Value,2019-03-06,San Francisco,Salesforce Transit Center,12:30,2,Sacramento,Sacramento Valley Station,78,True
210,Value,2019-03-06,San Francisco,Salesforce Transit Center,12:40,2,Sacramento,Sacramento Valley Station,79,True
211,Value,2019-03-06,San Francisco,Salesforce Transit Center,16:50,2,Sacramento,Sacramento Valley Station,79,True
212,Value,2019-03-06,San Francisco,Salesforce Transit Center,18:50,2,Sacramento,Sacramento Valley Station,79,True
213,Flexible,2019-03-01,Vancouver,Pacific Central Station,06:50,1,Portland,Union Station,91,True
214,Flexible,2019-03-01,Vancouver,Pacific Central Station,08:10,1,Portland,Union Station,95,True
215,Flexible,2019-03-01,Vancouver,Pacific Central Station,08:20,1,Portland,Union Station,92,True
216,Flexible,2019-03-01,Vancouver,Pacific Central Station,08:40,1,Portland,Union Station,107,True
217,Flexible,2019-03-01,Vancouver,Pacific Central Station,12:00,1,Portland,Union Station,100,True
218,Flexible,2019-03-01,Vancouver,Pacific Central Station,14:10,1,Portland,Union Station,91,True
219,Flexible,2019-03-01,Vancouver,Pacific Central Station,16:10,1,Portland,Union Station,103,True
220,Flexible,2019-03-01,Vancouver,Pacific Central Station,16:20,1,Portland,Union Station,93,True
221,Value,2019-03-07,Los Angeles,Union Station,06:50,1,San Diego,Santa Fe Depot,53,True
222,Value,2019-03-07,Los Angeles,Union Station,08:10,1,San Diego,Santa Fe Depot,56,True
223,Value,2019-03-07,Los Angeles,Union Station,09:50,1,San Diego,Santa Fe Depot,57,True
224,Value,2019-03-07,Los Angeles,Union Station,10:40,1,San Diego,Santa Fe Depot,51,True
225,Value,2019-03-07,Los Angeles,Union Station,12:00,1,San Diego,Santa Fe Depot,60,True
226,Value,2019-03-07,Los Angeles,Union Station,12:40,1,San Diego,Santa Fe Depot,52,True
227,Value,2019-03-07,Los Angeles,Union Station,13:40,1,San Diego,Santa Fe Depot,59,True
228,Value,2019-03-07,Los Angeles,Union Station,14:10,1,San Diego,Santa Fe Depot,53,True
229,Value,2019-03-07,Los Angeles,Union Station,17:40,1,San Diego,Santa Fe Depot,58,True
230,Value,2019-03-07,Los Angeles,Union Station,18:30,1,San Diego,Santa Fe Depot,54,True
231,Value,2019-03-06,Los Angeles,Union Station,07:50,1,San Francisco,Salesforce Transit Center,83,True
232,Value,2019-03-06,Los Angeles,Union Station,09:20,1,San Francisco,Salesforce Transit Center,83,True
233,Value,2019-03-06,Los Angeles,Union Station,11:00,1,San Francisco,Salesforce Transit Center,84,True
234,Value,2019-03-06,Los Angeles,Union Station,13:00,1,San Francisco,Salesforce Transit Center,85,True
235,Value,2019-03-06,Los Angeles,Union Station,17:30,1,San Francisco,Salesforce Transit Center,95,True
236,Value,2019-03-06,Los Angeles,Union Station,17:50,1,San Francisco,Salesforce Transit Center,92,True
237,Value,2019-03-06,Los Angeles,Union Station,18:40,1,San Francisco,Salesforce Transit Center,84,True
238,Value,2019-03-06,Los Angeles,Union Station,19:00,1,San Francisco,Salesforce Transit Center,92,True
239,Value,2019-03-03,Sacramento,Sacramento Valley Station,06:30,1,San Diego,Santa Fe Depot,142,True
240,Value,2019-03-03,Sacramento,Sacramento Valley Station,07:20,1,San Diego,Santa Fe Depot,141,True
241,Value,2019-03-03,Sacramento,Sacramento Valley Station,07:30,1,San Diego,Santa Fe Depot,152,True
242,Value,2019-03-03,Sacramento,Sacramento Valley Station,08:00,1,San Diego,Santa Fe Depot,152,True
243,Value,2019-03-03,Sacramento,Sacramento Valley Station,08:10,1,San Diego,Santa Fe Depot,148,True
244,Value,2019-03-03,Sacramento,Sacramento Valley Station,08:30,1,San Diego,Santa Fe Depot,162,True
245,Value,2019-03-03,Sacramento,Sacramento Valley Station,08:40,1,San Diego,Santa Fe Depot,145,True
246,Value,2019-03-03,Sacramento,Sacramento Valley Station,09:30,1,San Diego,Santa Fe Depot,160,True
247,Value,2019-03-03,Sacramento,Sacramento Valley Station,09:50,1,San Diego,Santa Fe Depot,161,True
248,Value,2019-03-03,Sacramento,Sacramento Valley Station,10:10,1,San Diego,Santa Fe Depot,142,True
249,Flexible,2019-03-08,Los Angeles,Union Station,06:50,1,San Diego,Santa Fe Depot,77,True
250,Flexible,2019-03-08,Los Angeles,Union Station,08:10,1,San Diego,Santa Fe Depot,72,True
251,Flexible,2019-03-08,Los Angeles,Union Station,09:50,1,San Diego,Santa Fe Depot,70,True
252,Flexible,2019-03-08,Los Angeles,Union Station,10:40,1,San Diego,Santa Fe Depot,70,True
253,Flexible,2019-03-08,Los Angeles,Union Station,12:00,1,San Diego,Santa Fe Depot,77,True
254,Flexible,2019-03-08,Los Angeles,Union Station,12:40,1,San Diego,Santa Fe Depot,74,True
255,Flexible,2019-03-08,Los Angeles,Union Station,13:40,1,San Diego,Santa Fe Depot,75,True
256,Flexible,2019-03-08,Los Angeles,Union Station,14:10,1,San Diego,Santa Fe Depot,74,True
257,Flexible,2019-03-08,Los Angeles,Union Station,17:40,1,San Diego,Santa Fe Depot,69,True
258,Flexible,2019-03-08,Los Angeles,Union Station,18:30,1,San Diego,Santa Fe Depot,73,True
259,Flexible,2019-03-11,San Francisco,Salesforce Transit Center,06:00,2,San Diego,Santa Fe Depot,232,True
260,Flexible,2019-03-11,San Francisco,Salesforce Transit Center,09:20,2,San Diego,Santa Fe Depot,236,True
261,Flexible,2019-03-11,San Francisco,Salesforce Transit Center,12:00,2,San Diego,Santa Fe Depot,247,True
262,Flexible,2019-03-11,San Francisco,Salesforce Transit Center,17:00,2,San Diego,Santa Fe Depot,226,True
263,Flexible,2019-03-11,San Francisco,Salesforce Transit Center,17:20,2,San Diego,Santa Fe Depot,211,True
264,Flexible,2019-03-11,San Francisco,Salesforce Transit Center,19:40,2,San Diego,Santa Fe Depot,223,True
265,Value,2019-03-11,San Diego,Santa Fe Depot,06:10,1,Los Angeles,Union Station,56,True
266,Value,2019-03-11,San Diego,Santa Fe Depot,06:40,1,Los Angeles,Union Station,57,True
267,Value,2019-03-11,San Diego,Santa Fe Depot,07:30,1,Los Angeles,Union Station,60,True
268,Value,2019-03-11,San Diego,Santa Fe Depot,08:00,1,Los Angeles,Union Station,57,True
269,Value,2019-03-11,San Diego,Santa Fe Depot,08:10,1,Los Angeles,Union Station,56,True
270,Value,2019-03-11,San Diego,Santa Fe Depot,10:20,1,Los Angeles,Union Station,54,True
271,Value,2019-03-11,San Diego,Santa Fe Depot,11:00,1,Los Angeles,Union Station,49,True
272,Value,2019-03-11,San Diego,Santa Fe Depot,11:30,1,Los Angeles,Union Station,59,True
273,Value,2019-03-11,San Diego,Santa Fe Depot,16:00,1,Los Angeles,Union Station,59,True
274,Value,2019-03-11,San Diego,Santa Fe Depot,19:00,1,Los Angeles,Union Station,60,True
275,Value,2019-03-04,Anaheim,Anaheim Intermodal Center,06:30,1,Phoenix,Phoenix Union Station,122,True
276,Value,2019-03-04,Anaheim,Anaheim Intermodal Center,06:40,1,Phoenix,Phoenix Union Station,123,True
277,Value,2019-03-04,Anaheim,Anaheim Intermodal Center,12:00,1,Phoenix,Phoenix Union Station,137,True
278,Value,2019-03-04,Anaheim,Anaheim Intermodal Center,14:50,1,Phoenix,Phoenix Union Station,140,True
279,Flexible,2019-03-04,Portland,Union Station,07:40,1,Vancouver,Pacific Central Station,101,True
280,Flexible,2019-03-04,Portland,Union Station,08:50,1,Vancouver,Pacific Central Station,96,True
281,Flexible,2019-03-04,Portland,Union Station,09:30,1,Vancouver,Pacific Central Station,96,True
282,Flexible,2019-03-04,Portland,Union Station,11:00,1,Vancouver,Pacific Central Station,94,True
283,Flexible,2019-03-04,Portland,Union Station,15:40,1,Vancouver,Pacific Central Station,107,True
284,Flexible,2019-03-04,Portland,Union Station,17:30,1,Vancouver,Pacific Central Station,83,True
285,Flexible,2019-03-04,Portland,Union Station,19:00,1,Vancouver,Pacific Central Station,94,True
286,Value,2019-03-10,Portland,Union Station,09:10,2,Seattle,King Street Station,117,True
287,Value,2019-03-10,Portland,Union Station,10:10,2,Seattle,King Street Station,109,True
288,Value,2019-03-10,Portland,Union Station,12:30,2,Seattle,King Street Station,123,True
289,Value,2019-03-10,Portland,Union Station,13:40,2,Seattle,King Street Station,87,True
290,Value,2019-03-10,Portland,Union Station,14:00,2,Seattle,King Street Station,101,True
291,Value,2019-03-10,Portland,Union Station,15:00,2,Seattle,King Street Station,102,True
292,Value,2019-03-10,Portland,Union Station,16:00,2,Seattle,King Street Station,104,True
293,Value,2019-03-10,Portland,Union Station,17:00,2,Seattle,King Street Station,99,True
294,Value,2019-03-10,Portland,Union Station,17:30,2,Seattle,King Street Station,112,True
295,Business,2019-03-14,Anaheim,Anaheim Intermodal Center,06:30,1,San Diego,Santa Fe Depot,89,True
296,Business,2019-03-14,Anaheim,Anaheim Intermodal Center,12:00,1,San Diego,Santa Fe Depot,93,True
297,Business,2019-03-14,Anaheim,Anaheim Intermodal Center,13:00,1,San Diego,Santa Fe Depot,87,True
298,Business,2019-03-14,Anaheim,Anaheim Intermodal Center,14:50,1,San Diego,Santa Fe Depot,94,True
299,Business,2019-03-14,Anaheim,Anaheim Intermodal Center,16:40,1,San Diego,Santa Fe Depot,93,True
300,Business,2019-03-14,Anaheim,Anaheim Intermodal Center,17:40,1,San Diego,Santa Fe Depot,94,True
301,Business,2019-03-14,Anaheim,Anaheim Intermodal Center,19:20,1,San Diego,Santa Fe Depot,96,True
302,Value,2019-03-09,San Diego,Santa Fe Depot,06:10,1,Los Angeles,Union Station,59,True
303,Value,2019-03-09,San Diego,Santa Fe Depot,06:40,1,Los Angeles,Union Station,52,True
304,Value,2019-03-09,San Diego,Santa Fe Depot,07:30,1,Los Angeles,Union Station,53,True
305,Value,2019-03-09,San Diego,Santa Fe Depot,08:00,1,Los Angeles,Union Station,59,True
306,Value,2019-03-09,San Diego,Santa Fe Depot,08:10,1,Los Angeles,Union Station,57,True
307,Value,2019-03-09,San Diego,Santa Fe Depot,10:20,1,Los Angeles,Union Station,46,True
308,Value,2019-03-09,San Diego,Santa Fe Depot,11:00,1,Los Angeles,Union Station,59,True
309,Value,2019-03-09,San Diego,Santa Fe Depot,11:30,1,Los Angeles,Union Station,54,True
310,Value,2019-03-09,San Diego,Santa Fe Depot,16:00,1,Los Angeles,Union Station,62,True
311,Value,2019-03-09,San Diego,Santa Fe Depot,19:00,1,Los Angeles,Union Station,60,True
312,Value,2019-03-06,Washington,Union Station,09:40,1,Chicago,Chicago Union Station,109,True
313,Value,2019-03-06,Washington,Union Station,11:10,1,Chicago,Chicago Union Station,111,True
314,Value,2019-03-06,Washington,Union Station,12:40,1,Chicago,Chicago Union Station,96,True
315,Value,2019-03-06,Washington,Union Station,13:40,1,Chicago,Chicago Union Station,107,True
316,Value,2019-03-06,Washington,Union Station,14:30,1,Chicago,Chicago Union Station,108,True
317,Flexible,2019-03-06,Washington,Union Station,09:40,1,Chicago,Chicago Union Station,127,True
318,Value,2019-03-10,Los Angeles,Union Station,06:00,3,Anaheim,Anaheim Intermodal Center,74,True
319,Value,2019-03-10,Los Angeles,Union Station,06:10,3,Anaheim,Anaheim Intermodal Center,69,True
320,Value,2019-03-10,Los Angeles,Union Station,06:30,3,Anaheim,Anaheim Intermodal Center,76,True
321,Value,2019-03-10,Los Angeles,Union Station,06:40,3,Anaheim,Anaheim Intermodal Center,82,True
322,Value,2019-03-10,Los Angeles,Union Station,07:40,3,Anaheim,Anaheim Intermodal Center,80,True
323,Value,2019-03-10,Los Angeles,Union Station,12:20,3,Anaheim,Anaheim Intermodal Center,69,True
324,Value,2019-03-10,Los Angeles,Union Station,14:00,3,Anaheim,Anaheim Intermodal Center,77,True
325,Value,2019-03-10,Los Angeles,Union Station,17:20,3,Anaheim,Anaheim Intermodal Center,69,True
326,Value,2019-03-10,Los Angeles,Union Station,19:20,3,Anaheim,Anaheim Intermodal Center,67,True
327,Value,2019-03-10,Los Angeles,Union Station,19:50,3,Anaheim,Anaheim Intermodal Center,68,True
328,Value,2019-03-12,New York,Grand Central Station,07:20,1,Washington,Union Station,67,True
329,Value,2019-03-12,New York,Grand Central Station,08:20,1,Washington,Union Station,71,True
330,Value,2019-03-12,New York,Grand Central Station,11:30,1,Washington,Union Station,69,True
331,Value,2019-03-12,New York,Grand Central Station,13:00,1,Washington,Union Station,68,True
332,Value,2019-03-12,New York,Grand Central Station,13:40,1,Washington,Union Station,68,True
333,Value,2019-03-12,New York,Grand Central Station,13:50,1,Washington,Union Station,75,True
334,Value,2019-03-12,New York,Grand Central Station,14:40,1,Washington,Union Station,58,True
335,Value,2019-03-12,New York,Grand Central Station,14:50,1,Washington,Union Station,67,True
336,Value,2019-03-12,New York,Grand Central Station,15:00,1,Washington,Union Station,70,True
337,Value,2019-03-13,Anaheim,Anaheim Intermodal Center,06:50,1,Sacramento,Sacramento Valley Station,132,True
338,Value,2019-03-13,Anaheim,Anaheim Intermodal Center,07:10,1,Sacramento,Sacramento Valley Station,125,True
339,Value,2019-03-13,Anaheim,Anaheim Intermodal Center,07:40,1,Sacramento,Sacramento Valley Station,144,True
340,Value,2019-03-13,Anaheim,Anaheim Intermodal Center,08:10,1,Sacramento,Sacramento Valley Station,131,True
341,Value,2019-03-13,Anaheim,Anaheim Intermodal Center,11:00,1,Sacramento,Sacramento Valley Station,154,True
342,Value,2019-03-13,Anaheim,Anaheim Intermodal Center,12:30,1,Sacramento,Sacramento Valley Station,144,True
343,Value,2019-03-13,Anaheim,Anaheim Intermodal Center,14:50,1,Sacramento,Sacramento Valley Station,146,True
344,Value,2019-03-13,Anaheim,Anaheim Intermodal Center,17:00,1,Sacramento,Sacramento Valley Station,124,True
345,Value,2019-03-13,Anaheim,Anaheim Intermodal Center,17:10,1,Sacramento,Sacramento Valley Station,109,True
346,Value,2019-03-13,Anaheim,Anaheim Intermodal Center,18:00,1,Sacramento,Sacramento Valley Station,120,True
347,Value,2019-03-13,San Francisco,Salesforce Transit Center,06:20,1,Los Angeles,Union Station,96,True
348,Value,2019-03-13,San Francisco,Salesforce Transit Center,08:40,1,Los Angeles,Union Station,90,True
349,Value,2019-03-13,San Francisco,Salesforce Transit Center,11:40,1,Los Angeles,Union Station,85,True
350,Value,2019-03-13,San Francisco,Salesforce Transit Center,14:00,1,Los Angeles,Union Station,86,True
351,Value,2019-03-13,San Francisco,Salesforce Transit Center,15:10,1,Los Angeles,Union Station,83,True
352,Value,2019-03-13,San Francisco,Salesforce Transit Center,15:20,1,Los Angeles,Union Station,89,True
353,Value,2019-03-13,San Francisco,Salesforce Transit Center,16:30,1,Los Angeles,Union Station,83,True
354,Value,2019-03-13,San Francisco,Salesforce Transit Center,17:20,1,Los Angeles,Union Station,87,True
355,Value,2019-03-13,San Francisco,Salesforce Transit Center,17:40,1,Los Angeles,Union Station,84,True
356,Value,2019-03-02,Seattle,King Street Station,06:20,1,Vancouver,Pacific Central Station,57,True
357,Value,2019-03-02,Seattle,King Street Station,09:00,1,Vancouver,Pacific Central Station,61,True
358,Value,2019-03-02,Seattle,King Street Station,09:30,1,Vancouver,Pacific Central Station,53,True
359,Value,2019-03-02,Seattle,King Street Station,10:00,1,Vancouver,Pacific Central Station,52,True
360,Value,2019-03-02,Seattle,King Street Station,10:10,1,Vancouver,Pacific Central Station,55,True
361,Value,2019-03-02,Seattle,King Street Station,11:20,1,Vancouver,Pacific Central Station,54,True
362,Value,2019-03-02,Seattle,King Street Station,12:10,1,Vancouver,Pacific Central Station,58,True
363,Value,2019-03-02,Seattle,King Street Station,12:40,1,Vancouver,Pacific Central Station,59,True
364,Value,2019-03-02,Seattle,King Street Station,19:10,1,Vancouver,Pacific Central Station,53,True
365,Value,2019-03-09,Vancouver,Pacific Central Station,06:20,1,Seattle,King Street Station,55,True
366,Value,2019-03-09,Vancouver,Pacific Central Station,06:40,1,Seattle,King Street Station,64,True
367,Value,2019-03-09,Vancouver,Pacific Central Station,07:10,1,Seattle,King Street Station,51,True
368,Value,2019-03-09,Vancouver,Pacific Central Station,14:40,1,Seattle,King Street Station,55,True
369,Value,2019-03-09,Vancouver,Pacific Central Station,15:10,1,Seattle,King Street Station,53,True
370,Value,2019-03-09,Vancouver,Pacific Central Station,15:50,1,Seattle,King Street Station,65,True
371,Value,2019-03-09,Vancouver,Pacific Central Station,17:40,1,Seattle,King Street Station,54,True
372,Value,2019-03-09,Vancouver,Pacific Central Station,18:10,1,Seattle,King Street Station,59,True
373,Value,2019-03-09,Vancouver,Pacific Central Station,18:30,1,Seattle,King Street Station,60,True
374,Value,2019-03-09,Vancouver,Pacific Central Station,06:20,2,Seattle,King Street Station,93,True
375,Value,2019-03-09,New York,Grand Central Station,06:00,3,Chicago,Chicago Union Station,305,True
376,Value,2019-03-09,New York,Grand Central Station,06:10,3,Chicago,Chicago Union Station,326,True
377,Value,2019-03-09,New York,Grand Central Station,07:50,3,Chicago,Chicago Union Station,329,True
378,Value,2019-03-09,New York,Grand Central Station,13:40,3,Chicago,Chicago Union Station,310,True
379,Business,2019-03-06,Vancouver,Pacific Central Station,06:50,1,Portland,Union Station,117,True
380,Business,2019-03-06,Vancouver,Pacific Central Station,08:10,1,Portland,Union Station,128,True
381,Business,2019-03-06,Vancouver,Pacific Central Station,08:20,1,Portland,Union Station,120,True
382,Business,2019-03-06,Vancouver,Pacific Central Station,08:40,1,Portland,Union Station,125,True
383,Business,2019-03-06,Vancouver,Pacific Central Station,12:00,1,Portland,Union Station,114,True
384,Business,2019-03-06,Vancouver,Pacific Central Station,14:10,1,Portland,Union Station,116,True
385,Business,2019-03-06,Vancouver,Pacific Central Station,16:10,1,Portland,Union Station,122,True
386,Business,2019-03-06,Vancouver,Pacific Central Station,16:20,1,Portland,Union Station,108,True
387,Value,2019-03-01,Sacramento,Sacramento Valley Station,08:00,1,Fresno,Fresno Station,65,True
388,Value,2019-03-01,Sacramento,Sacramento Valley Station,08:40,1,Fresno,Fresno Station,64,True
389,Value,2019-03-01,Sacramento,Sacramento Valley Station,10:10,1,Fresno,Fresno Station,57,True
390,Value,2019-03-01,Sacramento,Sacramento Valley Station,14:40,1,Fresno,Fresno Station,69,True
391,Value,2019-03-01,Sacramento,Sacramento Valley Station,15:20,1,Fresno,Fresno Station,68,True
392,Value,2019-03-01,Sacramento,Sacramento Valley Station,16:10,1,Fresno,Fresno Station,61,True
393,Value,2019-03-01,Sacramento,Sacramento Valley Station,17:40,1,Fresno,Fresno Station,69,True
394,Value,2019-03-07,San Diego,Santa Fe Depot,06:10,1,Los Angeles,Union Station,56,True
395,Value,2019-03-07,San Diego,Santa Fe Depot,06:40,1,Los Angeles,Union Station,52,True
396,Value,2019-03-07,San Diego,Santa Fe Depot,07:30,1,Los Angeles,Union Station,53,True
397,Value,2019-03-07,San Diego,Santa Fe Depot,08:00,1,Los Angeles,Union Station,54,True
398,Value,2019-03-07,San Diego,Santa Fe Depot,08:10,1,Los Angeles,Union Station,49,True
399,Value,2019-03-07,San Diego,Santa Fe Depot,10:20,1,Los Angeles,Union Station,59,True
400,Value,2019-03-07,San Diego,Santa Fe Depot,11:00,1,Los Angeles,Union Station,56,True
401,Value,2019-03-07,San Diego,Santa Fe Depot,11:30,1,Los Angeles,Union Station,62,True
402,Value,2019-03-07,San Diego,Santa Fe Depot,16:00,1,Los Angeles,Union Station,52,True
403,Value,2019-03-07,San Diego,Santa Fe Depot,19:00,1,Los Angeles,Union Station,57,True
404,Value,2019-03-04,Philadelphia,30th Street Station,08:30,1,Washington,Union Station,56,True
405,Value,2019-03-04,Philadelphia,30th Street Station,09:20,1,Washington,Union Station,59,True
406,Value,2019-03-04,Philadelphia,30th Street Station,09:30,1,Washington,Union Station,61,True
407,Value,2019-03-04,Philadelphia,30th Street Station,11:40,1,Washington,Union Station,63,True
408,Value,2019-03-04,Philadelphia,30th Street Station,12:20,1,Washington,Union Station,56,True
409,Value,2019-03-04,Philadelphia,30th Street Station,16:00,1,Washington,Union Station,56,True
410,Value,2019-03-04,Philadelphia,30th Street Station,16:10,1,Washington,Union Station,57,True
411,Value,2019-03-04,Philadelphia,30th Street Station,17:50,1,Washington,Union Station,59,True
412,Value,2019-03-10,Philadelphia,30th Street Station,10:40,1,New York,Grand Central Station,46,True
413,Value,2019-03-10,Philadelphia,30th Street Station,10:50,1,New York,Grand Central Station,49,True
414,Value,2019-03-10,Philadelphia,30th Street Station,12:20,1,New York,Grand Central Station,56,True
415,Value,2019-03-10,Philadelphia,30th Street Station,13:30,1,New York,Grand Central Station,50,True
416,Value,2019-03-10,Philadelphia,30th Street Station,13:40,1,New York,Grand Central Station,54,True
417,Value,2019-03-10,Philadelphia,30th Street Station,14:10,1,New York,Grand Central Station,50,True
418,Value,2019-03-10,Philadelphia,30th Street Station,15:40,1,New York,Grand Central Station,53,True
419,Value,2019-03-10,Philadelphia,30th Street Station,19:50,1,New York,Grand Central Station,48,True
420,Value,2019-03-10,Chicago,Chicago Union Station,07:30,1,New York,Grand Central Station,118,True
421,Value,2019-03-10,Chicago,Chicago Union Station,08:00,1,New York,Grand Central Station,122,True
422,Value,2019-03-10,Chicago,Chicago Union Station,08:10,1,New York,Grand Central Station,110,True
423,Value,2019-03-10,Chicago,Chicago Union Station,09:40,1,New York,Grand Central Station,121,True
424,Value,2019-03-10,Chicago,Chicago Union Station,10:50,1,New York,Grand Central Station,116,True
425,Value,2019-03-10,Chicago,Chicago Union Station,17:40,1,New York,Grand Central Station,102,True
426,Value,2019-03-10,Chicago,Chicago Union Station,18:00,1,New York,Grand Central Station,118,True
427,Value,2019-03-14,Portland,Union Station,09:10,1,Seattle,King Street Station,66,True
428,Value,2019-03-14,Portland,Union Station,10:10,1,Seattle,King Street Station,68,True
429,Value,2019-03-14,Portland,Union Station,12:30,1,Seattle,King Street Station,56,True
430,Value,2019-03-14,Portland,Union Station,13:40,1,Seattle,King Street Station,65,True
431,Value,2019-03-14,Portland,Union Station,14:00,1,Seattle,King Street Station,57,True
432,Value,2019-03-14,Portland,Union Station,15:00,1,Seattle,King Street Station,64,True
433,Value,2019-03-14,Portland,Union Station,16:00,1,Seattle,King Street Station,66,True
434,Value,2019-03-14,Portland,Union Station,17:00,1,Seattle,King Street Station,58,True
435,Value,2019-03-14,Portland,Union Station,17:30,1,Seattle,King Street Station,67,True
436,Value,2019-03-14,Vancouver,Pacific Central Station,06:20,1,Seattle,King Street Station,58,True
437,Value,2019-03-14,Vancouver,Pacific Central Station,06:40,1,Seattle,King Street Station,53,True
438,Value,2019-03-14,Vancouver,Pacific Central Station,07:10,1,Seattle,King Street Station,66,True
439,Value,2019-03-14,Vancouver,Pacific Central Station,14:40,1,Seattle,King Street Station,58,True
440,Value,2019-03-14,Vancouver,Pacific Central Station,15:10,1,Seattle,King Street Station,51,True
441,Value,2019-03-14,Vancouver,Pacific Central Station,15:50,1,Seattle,King Street Station,61,True
442,Value,2019-03-14,Vancouver,Pacific Central Station,17:40,1,Seattle,King Street Station,54,True
443,Value,2019-03-14,Vancouver,Pacific Central Station,18:10,1,Seattle,King Street Station,53,True
444,Value,2019-03-14,Vancouver,Pacific Central Station,18:30,1,Seattle,King Street Station,58,True
445,Value,2019-03-04,Vancouver,Pacific Central Station,06:50,1,Portland,Union Station,76,True
446,Value,2019-03-04,Vancouver,Pacific Central Station,08:10,1,Portland,Union Station,80,True
447,Value,2019-03-04,Vancouver,Pacific Central Station,08:20,1,Portland,Union Station,76,True
448,Value,2019-03-04,Vancouver,Pacific Central Station,08:40,1,Portland,Union Station,77,True
449,Value,2019-03-04,Vancouver,Pacific Central Station,12:00,1,Portland,Union Station,83,True
450,Value,2019-03-04,Vancouver,Pacific Central Station,14:10,1,Portland,Union Station,71,True
451,Value,2019-03-04,Vancouver,Pacific Central Station,16:10,1,Portland,Union Station,71,True
452,Value,2019-03-04,Vancouver,Pacific Central Station,16:20,1,Portland,Union Station,73,True
453,Flexible,2019-03-04,Vancouver,Pacific Central Station,06:50,1,Portland,Union Station,97,True
454,Value,2019-03-14,Los Angeles,Union Station,06:00,1,Anaheim,Anaheim Intermodal Center,35,True
455,Value,2019-03-14,Los Angeles,Union Station,06:10,1,Anaheim,Anaheim Intermodal Center,36,True
456,Value,2019-03-14,Los Angeles,Union Station,06:30,1,Anaheim,Anaheim Intermodal Center,31,True
457,Value,2019-03-14,Los Angeles,Union Station,06:40,1,Anaheim,Anaheim Intermodal Center,33,True
458,Value,2019-03-14,Los Angeles,Union Station,07:30,1,Anaheim,Anaheim Intermodal Center,34,True
459,Value,2019-03-14,Los Angeles,Union Station,07:40,1,Anaheim,Anaheim Intermodal Center,33,True
460,Value,2019-03-14,Los Angeles,Union Station,12:20,1,Anaheim,Anaheim Intermodal Center,33,True
461,Value,2019-03-14,Los Angeles,Union Station,14:00,1,Anaheim,Anaheim Intermodal Center,34,True
462,Value,2019-03-14,Los Angeles,Union Station,15:10,1,Anaheim,Anaheim Intermodal Center,30,True
463,Value,2019-03-14,Los Angeles,Union Station,17:20,1,Anaheim,Anaheim Intermodal Center,36,True
464,Value,2019-03-07,Vancouver,Pacific Central Station,06:20,2,Seattle,King Street Station,101,True
465,Value,2019-03-07,Vancouver,Pacific Central Station,06:40,2,Seattle,King Street Station,106,True
466,Value,2019-03-07,Vancouver,Pacific Central Station,07:10,2,Seattle,King Street Station,92,True
467,Value,2019-03-07,Vancouver,Pacific Central Station,14:40,2,Seattle,King Street Station,108,True
468,Value,2019-03-07,Vancouver,Pacific Central Station,15:10,2,Seattle,King Street Station,104,True
469,Value,2019-03-07,Vancouver,Pacific Central Station,15:50,2,Seattle,King Street Station,95,True
470,Value,2019-03-07,Vancouver,Pacific Central Station,17:40,2,Seattle,King Street Station,103,True
471,Value,2019-03-07,Vancouver,Pacific Central Station,18:10,2,Seattle,King Street Station,93,True
472,Value,2019-03-07,Vancouver,Pacific Central Station,18:30,2,Seattle,King Street Station,109,True
473,Flexible,2019-03-07,Vancouver,Pacific Central Station,06:40,2,Seattle,King Street Station,148,True
474,Value,2019-03-04,Seattle,King Street Station,08:00,1,Portland,Union Station,59,True
475,Value,2019-03-04,Seattle,King Street Station,08:10,1,Portland,Union Station,60,True
476,Value,2019-03-04,Seattle,King Street Station,08:50,1,Portland,Union Station,57,True
477,Value,2019-03-04,Seattle,King Street Station,09:20,1,Portland,Union Station,67,True
478,Value,2019-03-04,Seattle,King Street Station,10:20,1,Portland,Union Station,64,True
479,Value,2019-03-04,Seattle,King Street Station,11:00,1,Portland,Union Station,61,True
480,Value,2019-03-04,Seattle,King Street Station,15:00,1,Portland,Union Station,65,True
481,Value,2019-03-04,Seattle,King Street Station,15:30,1,Portland,Union Station,59,True
482,Value,2019-03-04,Seattle,King Street Station,18:10,1,Portland,Union Station,70,True
483,Value,2019-03-04,Seattle,King Street Station,18:50,1,Portland,Union Station,57,True
484,Value,2019-03-12,Anaheim,Anaheim Intermodal Center,06:50,1,Sacramento,Sacramento Valley Station,132,True
485,Value,2019-03-12,Anaheim,Anaheim Intermodal Center,07:10,1,Sacramento,Sacramento Valley Station,149,True
486,Value,2019-03-12,Anaheim,Anaheim Intermodal Center,07:40,1,Sacramento,Sacramento Valley Station,150,True
487,Value,2019-03-12,Anaheim,Anaheim Intermodal Center,08:10,1,Sacramento,Sacramento Valley Station,138,True
488,Value,2019-03-12,Anaheim,Anaheim Intermodal Center,11:00,1,Sacramento,Sacramento Valley Station,134,True
489,Value,2019-03-12,Anaheim,Anaheim Intermodal Center,12:30,1,Sacramento,Sacramento Valley Station,134,True
490,Value,2019-03-12,Anaheim,Anaheim Intermodal Center,14:50,1,Sacramento,Sacramento Valley Station,151,True
491,Value,2019-03-12,Anaheim,Anaheim Intermodal Center,17:00,1,Sacramento,Sacramento Valley Station,124,True
492,Value,2019-03-12,Anaheim,Anaheim Intermodal Center,17:10,1,Sacramento,Sacramento Valley Station,124,True
493,Value,2019-03-12,Anaheim,Anaheim Intermodal Center,18:00,1,Sacramento,Sacramento Valley Station,118,True
494,Business,2019-03-01,New York,Grand Central Station,07:20,1,Washington,Union Station,110,True
495,Business,2019-03-01,New York,Grand Central Station,08:20,1,Washington,Union Station,108,True
496,Business,2019-03-01,New York,Grand Central Station,11:30,1,Washington,Union Station,107,True
497,Business,2019-03-01,New York,Grand Central Station,13:00,1,Washington,Union Station,105,True
498,Business,2019-03-01,New York,Grand Central Station,13:40,1,Washington,Union Station,106,True
499,Business,2019-03-01,New York,Grand Central Station,13:50,1,Washington,Union Station,111,True
500,Business,2019-03-01,New York,Grand Central Station,14:40,1,Washington,Union Station,102,True
501,Business,2019-03-01,New York,Grand Central Station,14:50,1,Washington,Union Station,97,True
502,Business,2019-03-01,New York,Grand Central Station,15:00,1,Washington,Union Station,108,True
503,Flexible,2019-03-01,New York,Grand Central Station,07:20,1,Washington,Union Station,88,True
504,Flexible,2019-03-01,New York,Grand Central Station,08:20,1,Washington,Union Station,88,True
505,Flexible,2019-03-01,New York,Grand Central Station,11:30,1,Washington,Union Station,87,True
506,Flexible,2019-03-01,New York,Grand Central Station,13:00,1,Washington,Union Station,84,True
507,Flexible,2019-03-01,New York,Grand Central Station,13:40,1,Washington,Union Station,86,True
508,Flexible,2019-03-01,New York,Grand Central Station,13:50,1,Washington,Union Station,88,True
509,Flexible,2019-03-01,New York,Grand Central Station,14:40,1,Washington,Union Station,84,True
510,Flexible,2019-03-01,New York,Grand Central Station,14:50,1,Washington,Union Station,79,True
511,Flexible,2019-03-01,New York,Grand Central Station,15:00,1,Washington,Union Station,89,True
512,Value,2019-03-09,Chicago,Chicago Union Station,06:20,1,Washington,Union Station,106,True
513,Value,2019-03-09,Chicago,Chicago Union Station,11:50,1,Washington,Union Station,109,True
514,Value,2019-03-09,Chicago,Chicago Union Station,12:50,1,Washington,Union Station,106,True
515,Value,2019-03-09,Chicago,Chicago Union Station,17:00,1,Washington,Union Station,113,True
516,Value,2019-03-09,Chicago,Chicago Union Station,17:20,1,Washington,Union Station,118,True
517,Value,2019-03-09,Chicago,Chicago Union Station,17:30,1,Washington,Union Station,118,True
518,Flexible,2019-03-09,Chicago,Chicago Union Station,11:50,1,Washington,Union Station,127,True
519,Value,2019-03-04,Anaheim,Anaheim Intermodal Center,07:10,1,Fresno,Fresno Station,76,True
520,Value,2019-03-04,Anaheim,Anaheim Intermodal Center,07:40,1,Fresno,Fresno Station,75,True
521,Value,2019-03-04,Anaheim,Anaheim Intermodal Center,09:10,1,Fresno,Fresno Station,80,True
522,Value,2019-03-04,Anaheim,Anaheim Intermodal Center,12:30,1,Fresno,Fresno Station,67,True
523,Value,2019-03-04,Anaheim,Anaheim Intermodal Center,18:10,1,Fresno,Fresno Station,71,True
524,Value,2019-03-04,Anaheim,Anaheim Intermodal Center,19:50,1,Fresno,Fresno Station,76,True
525,Value,2019-03-13,San Diego,Santa Fe Depot,08:30,1,Anaheim,Anaheim Intermodal Center,48,True
526,Value,2019-03-13,San Diego,Santa Fe Depot,09:10,1,Anaheim,Anaheim Intermodal Center,52,True
527,Value,2019-03-13,San Diego,Santa Fe Depot,09:50,1,Anaheim,Anaheim Intermodal Center,51,True
528,Value,2019-03-13,San Diego,Santa Fe Depot,10:00,1,Anaheim,Anaheim Intermodal Center,52,True
529,Value,2019-03-13,San Diego,Santa Fe Depot,12:20,1,Anaheim,Anaheim Intermodal Center,48,True
530,Value,2019-03-13,San Diego,Santa Fe Depot,15:10,1,Anaheim,Anaheim Intermodal Center,54,True
531,Value,2019-03-13,San Diego,Santa Fe Depot,15:20,1,Anaheim,Anaheim Intermodal Center,53,True
532,Value,2019-03-13,San Diego,Santa Fe Depot,19:40,1,Anaheim,Anaheim Intermodal Center,56,True
533,Value,2019-03-13,Vancouver,Pacific Central Station,06:50,1,Portland,Union Station,83,True
534,Value,2019-03-13,Vancouver,Pacific Central Station,08:10,1,Portland,Union Station,75,True
535,Value,2019-03-13,Vancouver,Pacific Central Station,08:20,1,Portland,Union Station,72,True
536,Value,2019-03-13,Vancouver,Pacific Central Station,08:40,1,Portland,Union Station,70,True
537,Value,2019-03-13,Vancouver,Pacific Central Station,12:00,1,Portland,Union Station,69,True
538,Value,2019-03-13,Vancouver,Pacific Central Station,14:10,1,Portland,Union Station,75,True
539,Value,2019-03-13,Vancouver,Pacific Central Station,16:10,1,Portland,Union Station,80,True
540,Value,2019-03-13,Vancouver,Pacific Central Station,16:20,1,Portland,Union Station,76,True
541,Value,2019-03-13,Los Angeles,Union Station,06:00,1,Anaheim,Anaheim Intermodal Center,38,True
542,Value,2019-03-13,Los Angeles,Union Station,06:10,1,Anaheim,Anaheim Intermodal Center,38,True
543,Value,2019-03-13,Los Angeles,Union Station,06:30,1,Anaheim,Anaheim Intermodal Center,36,True
544,Value,2019-03-13,Los Angeles,Union Station,06:40,1,Anaheim,Anaheim Intermodal Center,31,True
545,Value,2019-03-13,Los Angeles,Union Station,07:30,1,Anaheim,Anaheim Intermodal Center,32,True
546,Value,2019-03-13,Los Angeles,Union Station,07:40,1,Anaheim,Anaheim Intermodal Center,36,True
547,Value,2019-03-13,Los Angeles,Union Station,12:20,1,Anaheim,Anaheim Intermodal Center,37,True
548,Value,2019-03-13,Los Angeles,Union Station,14:00,1,Anaheim,Anaheim Intermodal Center,33,True
549,Value,2019-03-13,Los Angeles,Union Station,15:10,1,Anaheim,Anaheim Intermodal Center,33,True
550,Value,2019-03-13,Los Angeles,Union Station,17:20,1,Anaheim,Anaheim Intermodal Center,37,True
551,Business,2019-03-12,Washington,Union Station,09:40,1,Chicago,Chicago Union Station,157,True
552,Business,2019-03-12,Washington,Union Station,11:10,1,Chicago,Chicago Union Station,140,True
553,Business,2019-03-12,Washington,Union Station,12:40,1,Chicago,Chicago Union Station,145,True
554,Business,2019-03-12,Washington,Union Station,13:40,1,Chicago,Chicago Union Station,143,True
555,Business,2019-03-12,Washington,Union Station,14:30,1,Chicago,Chicago Union Station,144,True
556,Value,2019-03-07,San Diego,Santa Fe Depot,06:10,1,Sacramento,Sacramento Valley Station,148,True
557,Value,2019-03-07,San Diego,Santa Fe Depot,06:40,1,Sacramento,Sacramento Valley Station,146,True
558,Value,2019-03-07,San Diego,Santa Fe Depot,07:30,1,Sacramento,Sacramento Valley Station,152,True
559,Value,2019-03-07,San Diego,Santa Fe Depot,08:00,1,Sacramento,Sacramento Valley Station,138,True
560,Value,2019-03-07,San Diego,Santa Fe Depot,08:10,1,Sacramento,Sacramento Valley Station,148,True
561,Value,2019-03-07,San Diego,Santa Fe Depot,10:20,1,Sacramento,Sacramento Valley Station,157,True
562,Value,2019-03-07,San Diego,Santa Fe Depot,10:40,1,Sacramento,Sacramento Valley Station,152,True
563,Value,2019-03-07,San Diego,Santa Fe Depot,16:00,1,Sacramento,Sacramento Valley Station,142,True
564,Value,2019-03-07,San Diego,Santa Fe Depot,19:40,1,Sacramento,Sacramento Valley Station,143,True
565,Value,2019-03-07,San Diego,Santa Fe Depot,06:10,2,Sacramento,Sacramento Valley Station,283,True
566,Value,2019-03-07,San Diego,Santa Fe Depot,06:40,2,Sacramento,Sacramento Valley Station,274,True
567,Value,2019-03-07,San Diego,Santa Fe Depot,07:30,2,Sacramento,Sacramento Valley Station,285,True
568,Value,2019-03-07,San Diego,Santa Fe Depot,08:00,2,Sacramento,Sacramento Valley Station,260,True
569,Value,2019-03-07,San Diego,Santa Fe Depot,08:10,2,Sacramento,Sacramento Valley Station,281,True
570,Value,2019-03-07,San Diego,Santa Fe Depot,10:20,2,Sacramento,Sacramento Valley Station,300,True
571,Value,2019-03-07,San Diego,Santa Fe Depot,10:40,2,Sacramento,Sacramento Valley Station,286,True
572,Value,2019-03-07,San Diego,Santa Fe Depot,16:00,2,Sacramento,Sacramento Valley Station,269,True
573,Value,2019-03-07,Anaheim,Anaheim Intermodal Center,06:50,2,Sacramento,Sacramento Valley Station,233,True
574,Value,2019-03-07,Anaheim,Anaheim Intermodal Center,07:10,2,Sacramento,Sacramento Valley Station,293,True
575,Value,2019-03-07,Anaheim,Anaheim Intermodal Center,07:40,2,Sacramento,Sacramento Valley Station,264,True
576,Value,2019-03-07,Anaheim,Anaheim Intermodal Center,08:10,2,Sacramento,Sacramento Valley Station,228,True
577,Value,2019-03-07,Anaheim,Anaheim Intermodal Center,11:00,2,Sacramento,Sacramento Valley Station,245,True
578,Value,2019-03-07,Anaheim,Anaheim Intermodal Center,12:30,2,Sacramento,Sacramento Valley Station,290,True
579,Value,2019-03-07,Anaheim,Anaheim Intermodal Center,14:50,2,Sacramento,Sacramento Valley Station,273,True
580,Value,2019-03-07,Anaheim,Anaheim Intermodal Center,17:00,2,Sacramento,Sacramento Valley Station,225,True
581,Value,2019-03-07,Anaheim,Anaheim Intermodal Center,17:10,2,Sacramento,Sacramento Valley Station,232,True
582,Value,2019-03-07,Anaheim,Anaheim Intermodal Center,18:00,2,Sacramento,Sacramento Valley Station,230,True
583,Value,2019-03-08,San Diego,Santa Fe Depot,06:10,1,Sacramento,Sacramento Valley Station,145,True
584,Value,2019-03-08,San Diego,Santa Fe Depot,06:40,1,Sacramento,Sacramento Valley Station,152,True
585,Value,2019-03-08,San Diego,Santa Fe Depot,07:30,1,Sacramento,Sacramento Valley Station,149,True
586,Value,2019-03-08,San Diego,Santa Fe Depot,08:00,1,Sacramento,Sacramento Valley Station,148,True
587,Value,2019-03-08,San Diego,Santa Fe Depot,08:10,1,Sacramento,Sacramento Valley Station,143,True
588,Value,2019-03-08,San Diego,Santa Fe Depot,10:20,1,Sacramento,Sacramento Valley Station,150,True
589,Value,2019-03-08,San Diego,Santa Fe Depot,10:40,1,Sacramento,Sacramento Valley Station,162,True
590,Value,2019-03-08,San Diego,Santa Fe Depot,16:00,1,Sacramento,Sacramento Valley Station,147,True
591,Value,2019-03-08,San Diego,Santa Fe Depot,19:40,1,Sacramento,Sacramento Valley Station,143,True
592,Value,2019-03-13,Atlanta,Peachtree Station,13:00,1,Washington,Union Station,115,True
593,Value,2019-03-13,Atlanta,Peachtree Station,14:00,1,Washington,Union Station,98,True
594,Value,2019-03-13,Atlanta,Peachtree Station,14:40,1,Washington,Union Station,90,True
595,Value,2019-03-13,Atlanta,Peachtree Station,16:30,1,Washington,Union Station,100,True
596,Value,2019-03-13,Atlanta,Peachtree Station,17:30,1,Washington,Union Station,109,True
597,Value,2019-03-13,Atlanta,Peachtree Station,19:10,1,Washington,Union Station,99,True
598,Value,2019-03-10,Sacramento,Sacramento Valley Station,08:00,1,Fresno,Fresno Station,66,True
599,Value,2019-03-10,Sacramento,Sacramento Valley Station,08:40,1,Fresno,Fresno Station,71,True
600,Value,2019-03-10,Sacramento,Sacramento Valley Station,10:10,1,Fresno,Fresno Station,62,True
601,Value,2019-03-10,Sacramento,Sacramento Valley Station,14:40,1,Fresno,Fresno Station,65,True
602,Value,2019-03-10,Sacramento,Sacramento Valley Station,15:20,1,Fresno,Fresno Station,55,True
603,Value,2019-03-10,Sacramento,Sacramento Valley Station,16:10,1,Fresno,Fresno Station,63,True
604,Value,2019-03-10,Sacramento,Sacramento Valley Station,17:40,1,Fresno,Fresno Station,70,True
605,Value,2019-03-09,Los Angeles,Union Station,06:30,2,Phoenix,Phoenix Union Station,157,True
606,Value,2019-03-09,Los Angeles,Union Station,07:40,2,Phoenix,Phoenix Union Station,171,True
607,Value,2019-03-09,Los Angeles,Union Station,08:10,2,Phoenix,Phoenix Union Station,148,True
608,Value,2019-03-09,Los Angeles,Union Station,09:00,2,Phoenix,Phoenix Union Station,163,True
609,Value,2019-03-09,Los Angeles,Union Station,11:20,2,Phoenix,Phoenix Union Station,165,True
610,Flexible,2019-03-09,Los Angeles,Union Station,06:30,2,Phoenix,Phoenix Union Station,200,True
611,Value,2019-03-02,Sacramento,Sacramento Valley Station,06:30,1,Anaheim,Anaheim Intermodal Center,132,True
612,Value,2019-03-02,Sacramento,Sacramento Valley Station,07:20,1,Anaheim,Anaheim Intermodal Center,134,True
613,Value,2019-03-02,Sacramento,Sacramento Valley Station,08:10,1,Anaheim,Anaheim Intermodal Center,154,True
614,Value,2019-03-02,Sacramento,Sacramento Valley Station,08:30,1,Anaheim,Anaheim Intermodal Center,147,True
615,Value,2019-03-02,Sacramento,Sacramento Valley Station,11:30,1,Anaheim,Anaheim Intermodal Center,136,True
616,Value,2019-03-02,Sacramento,Sacramento Valley Station,12:20,1,Anaheim,Anaheim Intermodal Center,144,True
617,Value,2019-03-12,San Diego,Santa Fe Depot,06:10,1,Los Angeles,Union Station,60,True
618,Value,2019-03-12,San Diego,Santa Fe Depot,06:40,1,Los Angeles,Union Station,59,True
619,Value,2019-03-12,San Diego,Santa Fe Depot,07:30,1,Los Angeles,Union Station,55,True
620,Value,2019-03-12,San Diego,Santa Fe Depot,08:00,1,Los Angeles,Union Station,53,True
621,Value,2019-03-12,San Diego,Santa Fe Depot,08:10,1,Los Angeles,Union Station,54,True
622,Value,2019-03-12,San Diego,Santa Fe Depot,10:20,1,Los Angeles,Union Station,52,True
623,Value,2019-03-12,San Diego,Santa Fe Depot,11:00,1,Los Angeles,Union Station,51,True
624,Value,2019-03-12,San Diego,Santa Fe Depot,11:30,1,Los Angeles,Union Station,52,True
625,Value,2019-03-12,San Diego,Santa Fe Depot,16:00,1,Los Angeles,Union Station,57,True
626,Value,2019-03-12,San Diego,Santa Fe Depot,19:00,1,Los Angeles,Union Station,53,True
627,Business,2019-03-12,Anaheim,Anaheim Intermodal Center,06:30,1,Phoenix,Phoenix Union Station,164,True
628,Business,2019-03-12,Anaheim,Anaheim Intermodal Center,06:40,1,Phoenix,Phoenix Union Station,165,True
629,Business,2019-03-12,Anaheim,Anaheim Intermodal Center,12:00,1,Phoenix,Phoenix Union Station,173,True
630,Business,2019-03-12,Anaheim,Anaheim Intermodal Center,14:50,1,Phoenix,Phoenix Union Station,185,True
631,Value,2019-03-12,Fresno,Fresno Station,08:30,3,Los Angeles,Union Station,188,True
632,Value,2019-03-12,Fresno,Fresno Station,12:10,3,Los Angeles,Union Station,191,True
633,Value,2019-03-12,Fresno,Fresno Station,13:00,3,Los Angeles,Union Station,176,True
634,Value,2019-03-12,Fresno,Fresno Station,15:40,3,Los Angeles,Union Station,164,True
635,Value,2019-03-12,Fresno,Fresno Station,15:50,3,Los Angeles,Union Station,168,True
636,Value,2019-03-12,Fresno,Fresno Station,16:30,3,Los Angeles,Union Station,188,True
637,Value,2019-03-08,Sacramento,Sacramento Valley Station,06:30,1,Los Angeles,Union Station,90,True
638,Value,2019-03-08,Sacramento,Sacramento Valley Station,07:20,1,Los Angeles,Union Station,87,True
639,Value,2019-03-08,Sacramento,Sacramento Valley Station,17:00,1,Los Angeles,Union Station,87,True
640,Value,2019-03-08,Sacramento,Sacramento Valley Station,19:00,1,Los Angeles,Union Station,87,True
641,Value,2019-03-08,Sacramento,Sacramento Valley Station,19:40,1,Los Angeles,Union Station,85,True
642,Value,2019-03-11,Anaheim,Anaheim Intermodal Center,06:30,1,Phoenix,Phoenix Union Station,118,True
643,Value,2019-03-11,Anaheim,Anaheim Intermodal Center,06:40,1,Phoenix,Phoenix Union Station,117,True
644,Value,2019-03-11,Anaheim,Anaheim Intermodal Center,12:00,1,Phoenix,Phoenix Union Station,143,True
645,Value,2019-03-11,Anaheim,Anaheim Intermodal Center,14:50,1,Phoenix,Phoenix Union Station,147,True
646,Value,2019-03-10,Anaheim,Anaheim Intermodal Center,06:30,1,Los Angeles,Union Station,35,True
647,Value,2019-03-10,Anaheim,Anaheim Intermodal Center,06:40,1,Los Angeles,Union Station,34,True
648,Value,2019-03-10,Anaheim,Anaheim Intermodal Center,06:50,1,Los Angeles,Union Station,31,True
649,Value,2019-03-10,Anaheim,Anaheim Intermodal Center,08:10,1,Los Angeles,Union Station,36,True
650,Value,2019-03-10,Anaheim,Anaheim Intermodal Center,11:40,1,Los Angeles,Union Station,35,True
651,Value,2019-03-10,Anaheim,Anaheim Intermodal Center,12:10,1,Los Angeles,Union Station,37,True
652,Value,2019-03-10,Anaheim,Anaheim Intermodal Center,13:00,1,Los Angeles,Union Station,38,True
653,Value,2019-03-10,Anaheim,Anaheim Intermodal Center,13:20,1,Los Angeles,Union Station,34,True
654,Value,2019-03-10,Anaheim,Anaheim Intermodal Center,13:50,1,Los Angeles,Union Station,33,True
655,Value,2019-03-10,Anaheim,Anaheim Intermodal Center,16:20,1,Los Angeles,Union Station,32,True
656,Flexible,2019-03-09,San Francisco,Salesforce Transit Center,06:10,1,Sacramento,Sacramento Valley Station,69,True
657,Flexible,2019-03-09,San Francisco,Salesforce Transit Center,06:20,1,Sacramento,Sacramento Valley Station,70,True
658,Flexible,2019-03-09,San Francisco,Salesforce Transit Center,06:50,1,Sacramento,Sacramento Valley Station,64,True
659,Flexible,2019-03-09,San Francisco,Salesforce Transit Center,10:20,1,Sacramento,Sacramento Valley Station,68,True
660,Flexible,2019-03-09,San Francisco,Salesforce Transit Center,10:50,1,Sacramento,Sacramento Valley Station,70,True
661,Flexible,2019-03-09,San Francisco,Salesforce Transit Center,12:30,1,Sacramento,Sacramento Valley Station,71,True
662,Flexible,2019-03-09,San Francisco,Salesforce Transit Center,12:40,1,Sacramento,Sacramento Valley Station,69,True
663,Flexible,2019-03-09,San Francisco,Salesforce Transit Center,16:50,1,Sacramento,Sacramento Valley Station,68,True
664,Flexible,2019-03-09,San Francisco,Salesforce Transit Center,18:50,1,Sacramento,Sacramento Valley Station,71,True
665,Value,2019-03-06,Sacramento,Sacramento Valley Station,06:30,1,Los Angeles,Union Station,83,True
666,Value,2019-03-06,Sacramento,Sacramento Valley Station,07:20,1,Los Angeles,Union Station,86,True
667,Value,2019-03-06,Sacramento,Sacramento Valley Station,17:00,1,Los Angeles,Union Station,98,True
668,Value,2019-03-06,Sacramento,Sacramento Valley Station,19:00,1,Los Angeles,Union Station,88,True
669,Value,2019-03-06,Sacramento,Sacramento Valley Station,19:40,1,Los Angeles,Union Station,100,True
670,Flexible,2019-03-02,Chicago,Chicago Union Station,07:30,2,New York,Grand Central Station,269,True
671,Flexible,2019-03-02,Chicago,Chicago Union Station,08:00,2,New York,Grand Central Station,248,True
672,Flexible,2019-03-02,Chicago,Chicago Union Station,08:10,2,New York,Grand Central Station,287,True
673,Flexible,2019-03-02,Chicago,Chicago Union Station,09:40,2,New York,Grand Central Station,289,True
674,Flexible,2019-03-02,Chicago,Chicago Union Station,10:50,2,New York,Grand Central Station,253,True
675,Flexible,2019-03-02,Chicago,Chicago Union Station,17:40,2,New York,Grand Central Station,233,True
676,Flexible,2019-03-02,Chicago,Chicago Union Station,18:00,2,New York,Grand Central Station,262,True
677,Value,2019-03-08,San Francisco,Salesforce Transit Center,06:20,1,Los Angeles,Union Station,88,True
678,Value,2019-03-08,San Francisco,Salesforce Transit Center,08:40,1,Los Angeles,Union Station,81,True
679,Value,2019-03-08,San Francisco,Salesforce Transit Center,11:40,1,Los Angeles,Union Station,84,True
680,Value,2019-03-08,San Francisco,Salesforce Transit Center,14:00,1,Los Angeles,Union Station,92,True
681,Value,2019-03-08,San Francisco,Salesforce Transit Center,15:10,1,Los Angeles,Union Station,77,True
682,Value,2019-03-08,San Francisco,Salesforce Transit Center,15:20,1,Los Angeles,Union Station,83,True
683,Value,2019-03-08,San Francisco,Salesforce Transit Center,16:30,1,Los Angeles,Union Station,87,True
684,Value,2019-03-08,San Francisco,Salesforce Transit Center,17:20,1,Los Angeles,Union Station,84,True
685,Value,2019-03-08,San Francisco,Salesforce Transit Center,17:40,1,Los Angeles,Union Station,92,True
686,Flexible,2019-03-08,San Francisco,Salesforce Transit Center,06:20,1,Los Angeles,Union Station,110,True
687,Value,2019-03-12,Atlanta,Peachtree Station,13:00,1,Washington,Union Station,118,True
688,Value,2019-03-12,Atlanta,Peachtree Station,14:00,1,Washington,Union Station,109,True
689,Value,2019-03-12,Atlanta,Peachtree Station,14:40,1,Washington,Union Station,107,True
690,Value,2019-03-12,Atlanta,Peachtree Station,16:30,1,Washington,Union Station,104,True
691,Value,2019-03-12,Atlanta,Peachtree Station,17:30,1,Washington,Union Station,106,True
692,Value,2019-03-12,Atlanta,Peachtree Station,19:10,1,Washington,Union Station,90,True
693,Business,2019-03-11,San Diego,Santa Fe Depot,08:30,1,Anaheim,Anaheim Intermodal Center,90,True
694,Business,2019-03-11,San Diego,Santa Fe Depot,09:10,1,Anaheim,Anaheim Intermodal Center,96,True
695,Business,2019-03-11,San Diego,Santa Fe Depot,09:50,1,Anaheim,Anaheim Intermodal Center,93,True
696,Business,2019-03-11,San Diego,Santa Fe Depot,10:00,1,Anaheim,Anaheim Intermodal Center,99,True
697,Business,2019-03-11,San Diego,Santa Fe Depot,12:20,1,Anaheim,Anaheim Intermodal Center,91,True
698,Business,2019-03-11,San Diego,Santa Fe Depot,15:10,1,Anaheim,Anaheim Intermodal Center,89,True
699,Business,2019-03-11,San Diego,Santa Fe Depot,15:20,1,Anaheim,Anaheim Intermodal Center,92,True
700,Business,2019-03-11,San Diego,Santa Fe Depot,19:40,1,Anaheim,Anaheim Intermodal Center,91,True
701,Value,2019-03-03,Philadelphia,30th Street Station,09:20,1,Atlanta,Peachtree Station,171,True
702,Value,2019-03-03,Philadelphia,30th Street Station,11:40,1,Atlanta,Peachtree Station,176,True
703,Value,2019-03-03,Philadelphia,30th Street Station,12:20,1,Atlanta,Peachtree Station,179,True
704,Value,2019-03-03,Philadelphia,30th Street Station,16:10,1,Atlanta,Peachtree Station,170,True
705,Value,2019-03-03,Philadelphia,30th Street Station,17:50,1,Atlanta,Peachtree Station,163,True
706,Value,2019-03-03,Philadelphia,30th Street Station,09:20,3,Atlanta,Peachtree Station,484,True
707,Value,2019-03-03,Philadelphia,30th Street Station,11:40,3,Atlanta,Peachtree Station,497,True
708,Value,2019-03-03,Philadelphia,30th Street Station,12:20,3,Atlanta,Peachtree Station,502,True
709,Value,2019-03-03,Philadelphia,30th Street Station,16:10,3,Atlanta,Peachtree Station,486,True
710,Value,2019-03-03,Philadelphia,30th Street Station,17:50,3,Atlanta,Peachtree Station,462,True
711,Value,2019-03-11,Phoenix,Phoenix Union Station,07:00,1,San Francisco,Salesforce Transit Center,193,True
712,Value,2019-03-11,Phoenix,Phoenix Union Station,07:20,1,San Francisco,Salesforce Transit Center,197,True
713,Value,2019-03-11,Phoenix,Phoenix Union Station,08:30,1,San Francisco,Salesforce Transit Center,179,True
714,Value,2019-03-11,Phoenix,Phoenix Union Station,08:40,1,San Francisco,Salesforce Transit Center,175,True
715,Value,2019-03-11,Phoenix,Phoenix Union Station,09:40,1,San Francisco,Salesforce Transit Center,213,True
716,Value,2019-03-07,Seattle,King Street Station,06:20,1,Vancouver,Pacific Central Station,55,True
717,Value,2019-03-07,Seattle,King Street Station,09:00,1,Vancouver,Pacific Central Station,60,True
718,Value,2019-03-07,Seattle,King Street Station,09:30,1,Vancouver,Pacific Central Station,55,True
719,Value,2019-03-07,Seattle,King Street Station,10:00,1,Vancouver,Pacific Central Station,53,True
720,Value,2019-03-07,Seattle,King Street Station,10:10,1,Vancouver,Pacific Central Station,54,True
721,Value,2019-03-07,Seattle,King Street Station,11:20,1,Vancouver,Pacific Central Station,58,True
722,Value,2019-03-07,Seattle,King Street Station,12:10,1,Vancouver,Pacific Central Station,59,True
723,Value,2019-03-07,Seattle,King Street Station,12:40,1,Vancouver,Pacific Central Station,55,True
724,Value,2019-03-07,Seattle,King Street Station,19:10,1,Vancouver,Pacific Central Station,51,True
725,Value,2019-03-01,New York,Grand Central Station,07:40,1,Philadelphia,30th Street Station,54,True
726,Value,2019-03-01,New York,Grand Central Station,07:50,1,Philadelphia,30th Street Station,53,True
727,Value,2019-03-01,New York,Grand Central Station,08:40,1,Philadelphia,30th Street Station,51,True
728,Value,2019-03-01,New York,Grand Central Station,15:00,1,Philadelphia,30th Street Station,47,True
729,Value,2019-03-01,New York,Grand Central Station,16:00,1,Philadelphia,30th Street Station,49,True
730,Value,2019-03-01,New York,Grand Central Station,16:40,1,Philadelphia,30th Street Station,46,True
731,Value,2019-03-01,New York,Grand Central Station,18:20,1,Philadelphia,30th Street Station,56,True
732,Value,2019-03-01,New York,Grand Central Station,19:00,1,Philadelphia,30th Street Station,50,True
733,Value,2019-03-01,Los Angeles,Union Station,06:00,1,Anaheim,Anaheim Intermodal Center,37,True
734,Value,2019-03-01,Los Angeles,Union Station,06:10,1,Anaheim,Anaheim Intermodal Center,38,True
735,Value,2019-03-01,Los Angeles,Union Station,06:30,1,Anaheim,Anaheim Intermodal Center,32,True
736,Value,2019-03-01,Los Angeles,Union Station,06:40,1,Anaheim,Anaheim Intermodal Center,36,True
737,Value,2019-03-01,Los Angeles,Union Station,07:30,1,Anaheim,Anaheim Intermodal Center,34,True
738,Value,2019-03-01,Los Angeles,Union Station,07:40,1,Anaheim,Anaheim Intermodal Center,33,True
739,Value,2019-03-01,Los Angeles,Union Station,12:20,1,Anaheim,Anaheim Intermodal Center,36,True
740,Value,2019-03-01,Los Angeles,Union Station,14:00,1,Anaheim,Anaheim Intermodal Center,35,True
741,Value,2019-03-01,Los Angeles,Union Station,15:10,1,Anaheim,Anaheim Intermodal Center,35,True
742,Value,2019-03-01,Los Angeles,Union Station,17:20,1,Anaheim,Anaheim Intermodal Center,34,True
743,Value,2019-03-01,Anaheim,Anaheim Intermodal Center,06:40,1,San Francisco,Salesforce Transit Center,83,True
744,Value,2019-03-01,Anaheim,Anaheim Intermodal Center,07:20,1,San Francisco,Salesforce Transit Center,82,True
745,Value,2019-03-01,Anaheim,Anaheim Intermodal Center,11:00,1,San Francisco,Salesforce Transit Center,99,True
746,Value,2019-03-01,Anaheim,Anaheim Intermodal Center,13:30,1,San Francisco,Salesforce Transit Center,98,True
747,Value,2019-03-01,Anaheim,Anaheim Intermodal Center,14:50,1,San Francisco,Salesforce Transit Center,86,True
748,Value,2019-03-01,Anaheim,Anaheim Intermodal Center,15:10,1,San Francisco,Salesforce Transit Center,81,True
749,Value,2019-03-01,Anaheim,Anaheim Intermodal Center,18:20,1,San Francisco,Salesforce Transit Center,87,True
750,Value,2019-03-10,Sacramento,Sacramento Valley Station,06:30,2,San Diego,Santa Fe Depot,273,True
751,Value,2019-03-10,Sacramento,Sacramento Valley Station,07:20,2,San Diego,Santa Fe Depot,305,True
752,Value,2019-03-10,Sacramento,Sacramento Valley Station,07:30,2,San Diego,Santa Fe Depot,291,True
753,Value,2019-03-10,Sacramento,Sacramento Valley Station,08:00,2,San Diego,Santa Fe Depot,295,True
754,Value,2019-03-10,Sacramento,Sacramento Valley Station,08:10,2,San Diego,Santa Fe Depot,299,True
755,Value,2019-03-10,Sacramento,Sacramento Valley Station,08:30,2,San Diego,Santa Fe Depot,277,True
756,Value,2019-03-10,Sacramento,Sacramento Valley Station,08:40,2,San Diego,Santa Fe Depot,306,True
757,Value,2019-03-10,Sacramento,Sacramento Valley Station,09:30,2,San Diego,Santa Fe Depot,267,True
758,Value,2019-03-10,Sacramento,Sacramento Valley Station,09:50,2,San Diego,Santa Fe Depot,267,True
759,Value,2019-03-10,Sacramento,Sacramento Valley Station,10:10,2,San Diego,Santa Fe Depot,287,True
760,Value,2019-03-10,San Francisco,Salesforce Transit Center,06:00,2,San Diego,Santa Fe Depot,164,True
761,Value,2019-03-10,San Francisco,Salesforce Transit Center,09:20,2,San Diego,Santa Fe Depot,191,True
762,Value,2019-03-10,San Francisco,Salesforce Transit Center,12:00,2,San Diego,Santa Fe Depot,168,True
763,Value,2019-03-10,San Francisco,Salesforce Transit Center,17:00,2,San Diego,Santa Fe Depot,180,True
764,Value,2019-03-10,San Francisco,Salesforce Transit Center,17:20,2,San Diego,Santa Fe Depot,198,True
765,Value,2019-03-10,San Francisco,Salesforce Transit Center,19:40,2,San Diego,Santa Fe Depot,160,True
766,Value,2019-03-03,Sacramento,Sacramento Valley Station,06:30,1,Anaheim,Anaheim Intermodal Center,116,True
767,Value,2019-03-03,Sacramento,Sacramento Valley Station,07:20,1,Anaheim,Anaheim Intermodal Center,114,True
768,Value,2019-03-03,Sacramento,Sacramento Valley Station,08:10,1,Anaheim,Anaheim Intermodal Center,141,True
769,Value,2019-03-03,Sacramento,Sacramento Valley Station,08:30,1,Anaheim,Anaheim Intermodal Center,152,True
770,Value,2019-03-03,Sacramento,Sacramento Valley Station,11:30,1,Anaheim,Anaheim Intermodal Center,140,True
771,Value,2019-03-03,Sacramento,Sacramento Valley Station,12:20,1,Anaheim,Anaheim Intermodal Center,151,True
772,Value,2019-03-07,Philadelphia,30th Street Station,10:40,1,New York,Grand Central Station,48,True
773,Value,2019-03-07,Philadelphia,30th Street Station,10:50,1,New York,Grand Central Station,46,True
774,Value,2019-03-07,Philadelphia,30th Street Station,12:20,1,New York,Grand Central Station,43,True
775,Value,2019-03-07,Philadelphia,30th Street Station,13:30,1,New York,Grand Central Station,52,True
776,Value,2019-03-07,Philadelphia,30th Street Station,13:40,1,New York,Grand Central Station,44,True
777,Value,2019-03-07,Philadelphia,30th Street Station,14:10,1,New York,Grand Central Station,45,True
778,Value,2019-03-07,Philadelphia,30th Street Station,15:40,1,New York,Grand Central Station,53,True
779,Value,2019-03-07,Philadelphia,30th Street Station,19:50,1,New York,Grand Central Station,44,True
780,Value,2019-03-06,Sacramento,Sacramento Valley Station,07:30,1,San Francisco,Salesforce Transit Center,53,True
781,Value,2019-03-06,Sacramento,Sacramento Valley Station,08:10,1,San Francisco,Salesforce Transit Center,49,True
782,Value,2019-03-06,Sacramento,Sacramento Valley Station,08:30,1,San Francisco,Salesforce Transit Center,46,True
783,Value,2019-03-06,Sacramento,Sacramento Valley Station,09:30,1,San Francisco,Salesforce Transit Center,51,True
784,Value,2019-03-06,Sacramento,Sacramento Valley Station,09:50,1,San Francisco,Salesforce Transit Center,53,True
785,Value,2019-03-06,Sacramento,Sacramento Valley Station,11:30,1,San Francisco,Salesforce Transit Center,48,True
786,Value,2019-03-06,Sacramento,Sacramento Valley Station,12:20,1,San Francisco,Salesforce Transit Center,48,True
787,Value,2019-03-06,Sacramento,Sacramento Valley Station,16:40,1,San Francisco,Salesforce Transit Center,43,True
788,Value,2019-03-06,Sacramento,Sacramento Valley Station,17:00,1,San Francisco,Salesforce Transit Center,47,True
789,Value,2019-03-06,Sacramento,Sacramento Valley Station,19:30,1,San Francisco,Salesforce Transit Center,50,True
790,Value,2019-03-02,Washington,Union Station,06:00,1,Philadelphia,30th Street Station,61,True
791,Value,2019-03-02,Washington,Union Station,07:20,1,Philadelphia,30th Street Station,50,True
792,Value,2019-03-02,Washington,Union Station,08:00,1,Philadelphia,30th Street Station,56,True
793,Value,2019-03-02,Washington,Union Station,08:20,1,Philadelphia,30th Street Station,55,True
794,Value,2019-03-02,Washington,Union Station,08:40,1,Philadelphia,30th Street Station,52,True
795,Value,2019-03-02,Washington,Union Station,10:20,1,Philadelphia,30th Street Station,56,True
796,Value,2019-03-02,Washington,Union Station,10:50,1,Philadelphia,30th Street Station,53,True
797,Value,2019-03-02,Washington,Union Station,17:50,1,Philadelphia,30th Street Station,52,True
798,Value,2019-03-11,Los Angeles,Union Station,07:50,1,San Francisco,Salesforce Transit Center,86,True
799,Value,2019-03-11,Los Angeles,Union Station,09:20,1,San Francisco,Salesforce Transit Center,89,True
800,Value,2019-03-11,Los Angeles,Union Station,11:00,1,San Francisco,Salesforce Transit Center,74,True
801,Value,2019-03-11,Los Angeles,Union Station,13:00,1,San Francisco,Salesforce Transit Center,93,True
802,Value,2019-03-11,Los Angeles,Union Station,17:30,1,San Francisco,Salesforce Transit Center,90,True
803,Value,2019-03-11,Los Angeles,Union Station,17:50,1,San Francisco,Salesforce Transit Center,82,True
804,Value,2019-03-11,Los Angeles,Union Station,18:40,1,San Francisco,Salesforce Transit Center,86,True
805,Value,2019-03-11,Los Angeles,Union Station,19:00,1,San Francisco,Salesforce Transit Center,88,True
806,Value,2019-03-02,Sacramento,Sacramento Valley Station,06:30,1,Los Angeles,Union Station,94,True
807,Value,2019-03-02,Sacramento,Sacramento Valley Station,07:20,1,Los Angeles,Union Station,96,True
808,Value,2019-03-02,Sacramento,Sacramento Valley Station,17:00,1,Los Angeles,Union Station,84,True
809,Value,2019-03-02,Sacramento,Sacramento Valley Station,19:00,1,Los Angeles,Union Station,87,True
810,Value,2019-03-02,Sacramento,Sacramento Valley Station,19:40,1,Los Angeles,Union Station,79,True
811,Value,2019-03-08,Philadelphia,30th Street Station,10:40,1,New York,Grand Central Station,43,True
812,Value,2019-03-08,Philadelphia,30th Street Station,10:50,1,New York,Grand Central Station,52,True
813,Value,2019-03-08,Philadelphia,30th Street Station,12:20,1,New York,Grand Central Station,46,True
814,Value,2019-03-08,Philadelphia,30th Street Station,13:30,1,New York,Grand Central Station,53,True
815,Value,2019-03-08,Philadelphia,30th Street Station,13:40,1,New York,Grand Central Station,51,True
816,Value,2019-03-08,Philadelphia,30th Street Station,14:10,1,New York,Grand Central Station,46,True
817,Value,2019-03-08,Philadelphia,30th Street Station,15:40,1,New York,Grand Central Station,49,True
818,Value,2019-03-08,Philadelphia,30th Street Station,19:50,1,New York,Grand Central Station,49,True
819,Business,2019-03-08,Philadelphia,30th Street Station,10:40,1,New York,Grand Central Station,87,True
820,Business,2019-03-08,Philadelphia,30th Street Station,10:50,1,New York,Grand Central Station,92,True
821,Business,2019-03-08,Philadelphia,30th Street Station,12:20,1,New York,Grand Central Station,84,True
822,Business,2019-03-08,Philadelphia,30th Street Station,13:30,1,New York,Grand Central Station,90,True
823,Business,2019-03-08,Philadelphia,30th Street Station,13:40,1,New York,Grand Central Station,92,True
824,Business,2019-03-08,Philadelphia,30th Street Station,14:10,1,New York,Grand Central Station,85,True
825,Business,2019-03-08,Philadelphia,30th Street Station,15:40,1,New York,Grand Central Station,89,True
826,Business,2019-03-08,Philadelphia,30th Street Station,19:50,1,New York,Grand Central Station,91,True
827,Value,2019-03-08,Sacramento,Sacramento Valley Station,08:00,1,Fresno,Fresno Station,69,True
828,Value,2019-03-08,Sacramento,Sacramento Valley Station,08:40,1,Fresno,Fresno Station,62,True
829,Value,2019-03-08,Sacramento,Sacramento Valley Station,10:10,1,Fresno,Fresno Station,62,True
830,Value,2019-03-08,Sacramento,Sacramento Valley Station,14:40,1,Fresno,Fresno Station,59,True
831,Value,2019-03-08,Sacramento,Sacramento Valley Station,15:20,1,Fresno,Fresno Station,57,True
832,Value,2019-03-08,Sacramento,Sacramento Valley Station,16:10,1,Fresno,Fresno Station,67,True
833,Value,2019-03-08,Sacramento,Sacramento Valley Station,17:40,1,Fresno,Fresno Station,61,True
834,Value,2019-03-10,Fresno,Fresno Station,06:00,1,Phoenix,Phoenix Union Station,174,True
835,Value,2019-03-10,Fresno,Fresno Station,07:50,1,Phoenix,Phoenix Union Station,173,True
836,Value,2019-03-10,Fresno,Fresno Station,09:10,1,Phoenix,Phoenix Union Station,175,True
837,Value,2019-03-10,Fresno,Fresno Station,12:50,1,Phoenix,Phoenix Union Station,182,True
838,Value,2019-03-05,Anaheim,Anaheim Intermodal Center,06:50,1,Sacramento,Sacramento Valley Station,132,True
839,Value,2019-03-05,Anaheim,Anaheim Intermodal Center,07:10,1,Sacramento,Sacramento Valley Station,153,True
840,Value,2019-03-05,Anaheim,Anaheim Intermodal Center,07:40,1,Sacramento,Sacramento Valley Station,140,True
841,Value,2019-03-05,Anaheim,Anaheim Intermodal Center,08:10,1,Sacramento,Sacramento Valley Station,131,True
842,Value,2019-03-05,Anaheim,Anaheim Intermodal Center,11:00,1,Sacramento,Sacramento Valley Station,134,True
843,Value,2019-03-05,Anaheim,Anaheim Intermodal Center,12:30,1,Sacramento,Sacramento Valley Station,140,True
844,Value,2019-03-05,Anaheim,Anaheim Intermodal Center,14:50,1,Sacramento,Sacramento Valley Station,159,True
845,Value,2019-03-05,Anaheim,Anaheim Intermodal Center,17:00,1,Sacramento,Sacramento Valley Station,123,True
846,Value,2019-03-05,Anaheim,Anaheim Intermodal Center,17:10,1,Sacramento,Sacramento Valley Station,138,True
847,Value,2019-03-05,Anaheim,Anaheim Intermodal Center,18:00,1,Sacramento,Sacramento Valley Station,121,True
848,Value,2019-03-06,Portland,Union Station,07:40,2,Vancouver,Pacific Central Station,139,True
849,Value,2019-03-06,Portland,Union Station,08:50,2,Vancouver,Pacific Central Station,132,True
850,Value,2019-03-06,Portland,Union Station,09:30,2,Vancouver,Pacific Central Station,121,True
851,Value,2019-03-06,Portland,Union Station,11:00,2,Vancouver,Pacific Central Station,133,True
852,Value,2019-03-06,Portland,Union Station,15:40,2,Vancouver,Pacific Central Station,143,True
853,Value,2019-03-06,Portland,Union Station,17:30,2,Vancouver,Pacific Central Station,133,True
854,Value,2019-03-06,Portland,Union Station,19:00,2,Vancouver,Pacific Central Station,161,True
855,Value,2019-03-06,Portland,Union Station,09:10,2,Seattle,King Street Station,105,True
856,Value,2019-03-06,Portland,Union Station,10:10,2,Seattle,King Street Station,110,True
857,Value,2019-03-06,Portland,Union Station,12:30,2,Seattle,King Street Station,118,True
858,Value,2019-03-06,Portland,Union Station,13:40,2,Seattle,King Street Station,96,True
859,Value,2019-03-06,Portland,Union Station,14:00,2,Seattle,King Street Station,113,True
860,Value,2019-03-06,Portland,Union Station,15:00,2,Seattle,King Street Station,108,True
861,Value,2019-03-06,Portland,Union Station,16:00,2,Seattle,King Street Station,103,True
862,Value,2019-03-06,Portland,Union Station,17:00,2,Seattle,King Street Station,103,True
863,Value,2019-03-06,Portland,Union Station,17:30,2,Seattle,King Street Station,103,True
864,Value,2019-03-04,Washington,Union Station,06:00,1,Philadelphia,30th Street Station,54,True
865,Value,2019-03-04,Washington,Union Station,07:20,1,Philadelphia,30th Street Station,51,True
866,Value,2019-03-04,Washington,Union Station,08:00,1,Philadelphia,30th Street Station,59,True
867,Value,2019-03-04,Washington,Union Station,08:20,1,Philadelphia,30th Street Station,50,True
868,Value,2019-03-04,Washington,Union Station,08:40,1,Philadelphia,30th Street Station,57,True
869,Value,2019-03-04,Washington,Union Station,10:20,1,Philadelphia,30th Street Station,60,True
870,Value,2019-03-04,Washington,Union Station,10:50,1,Philadelphia,30th Street Station,57,True
871,Value,2019-03-04,Washington,Union Station,17:50,1,Philadelphia,30th Street Station,61,True
872,Value,2019-03-01,Philadelphia,30th Street Station,10:40,1,New York,Grand Central Station,48,True
873,Value,2019-03-01,Philadelphia,30th Street Station,10:50,1,New York,Grand Central Station,44,True
874,Value,2019-03-01,Philadelphia,30th Street Station,12:20,1,New York,Grand Central Station,53,True
875,Value,2019-03-01,Philadelphia,30th Street Station,13:30,1,New York,Grand Central Station,53,True
876,Value,2019-03-01,Philadelphia,30th Street Station,13:40,1,New York,Grand Central Station,46,True
877,Value,2019-03-01,Philadelphia,30th Street Station,14:10,1,New York,Grand Central Station,54,True
878,Value,2019-03-01,Philadelphia,30th Street Station,15:40,1,New York,Grand Central Station,48,True
879,Value,2019-03-01,Philadelphia,30th Street Station,19:50,1,New York,Grand Central Station,48,True
880,Value,2019-03-03,Los Angeles,Union Station,07:50,1,San Francisco,Salesforce Transit Center,99,True
881,Value,2019-03-03,Los Angeles,Union Station,09:20,1,San Francisco,Salesforce Transit Center,94,True
882,Value,2019-03-03,Los Angeles,Union Station,11:00,1,San Francisco,Salesforce Transit Center,74,True
883,Value,2019-03-03,Los Angeles,Union Station,13:00,1,San Francisco,Salesforce Transit Center,84,True
884,Value,2019-03-03,Los Angeles,Union Station,17:30,1,San Francisco,Salesforce Transit Center,84,True
885,Value,2019-03-03,Los Angeles,Union Station,17:50,1,San Francisco,Salesforce Transit Center,92,True
886,Value,2019-03-03,Los Angeles,Union Station,18:40,1,San Francisco,Salesforce Transit Center,82,True
887,Value,2019-03-03,Los Angeles,Union Station,19:00,1,San Francisco,Salesforce Transit Center,83,True
888,Value,2019-03-09,Anaheim,Anaheim Intermodal Center,06:30,2,San Diego,Santa Fe Depot,82,True
889,Value,2019-03-09,Anaheim,Anaheim Intermodal Center,12:00,2,San Diego,Santa Fe Depot,84,True
890,Value,2019-03-09,Anaheim,Anaheim Intermodal Center,13:00,2,San Diego,Santa Fe Depot,98,True
891,Value,2019-03-09,Anaheim,Anaheim Intermodal Center,14:50,2,San Diego,Santa Fe Depot,84,True
892,Value,2019-03-09,Anaheim,Anaheim Intermodal Center,16:40,2,San Diego,Santa Fe Depot,89,True
893,Value,2019-03-09,Anaheim,Anaheim Intermodal Center,17:40,2,San Diego,Santa Fe Depot,94,True
894,Value,2019-03-09,Anaheim,Anaheim Intermodal Center,19:20,2,San Diego,Santa Fe Depot,78,True
895,Value,2019-03-14,San Diego,Santa Fe Depot,06:40,1,San Francisco,Salesforce Transit Center,109,True
896,Value,2019-03-14,San Diego,Santa Fe Depot,08:00,1,San Francisco,Salesforce Transit Center,96,True
897,Value,2019-03-14,San Diego,Santa Fe Depot,10:40,1,San Francisco,Salesforce Transit Center,94,True
898,Value,2019-03-14,San Diego,Santa Fe Depot,13:10,1,San Francisco,Salesforce Transit Center,95,True
899,Value,2019-03-14,San Diego,Santa Fe Depot,16:10,1,San Francisco,Salesforce Transit Center,87,True
900,Value,2019-03-14,San Diego,Santa Fe Depot,18:40,1,San Francisco,Salesforce Transit Center,108,True
901,Value,2019-03-14,San Diego,Santa Fe Depot,19:10,1,San Francisco,Salesforce Transit Center,95,True
902,Value,2019-03-05,San Diego,Santa Fe Depot,06:50,1,Fresno,Fresno Station,85,True
903,Value,2019-03-05,San Diego,Santa Fe Depot,10:20,1,Fresno,Fresno Station,79,True
904,Value,2019-03-05,San Diego,Santa Fe Depot,12:40,1,Fresno,Fresno Station,87,True
905,Value,2019-03-05,San Diego,Santa Fe Depot,15:00,1,Fresno,Fresno Station,97,True
906,Value,2019-03-05,San Diego,Santa Fe Depot,15:30,1,Fresno,Fresno Station,91,True
907,Value,2019-03-05,San Diego,Santa Fe Depot,16:10,1,Fresno,Fresno Station,87,True
908,Value,2019-03-05,San Diego,Santa Fe Depot,19:20,1,Fresno,Fresno Station,86,True
909,Value,2019-03-07,San Francisco,Salesforce Transit Center,07:10,1,Anaheim,Anaheim Intermodal Center,94,True
910,Value,2019-03-07,San Francisco,Salesforce Transit Center,08:30,1,Anaheim,Anaheim Intermodal Center,99,True
911,Value,2019-03-07,San Francisco,Salesforce Transit Center,08:50,1,Anaheim,Anaheim Intermodal Center,91,True
912,Value,2019-03-07,San Francisco,Salesforce Transit Center,12:30,1,Anaheim,Anaheim Intermodal Center,77,True
913,Value,2019-03-07,San Francisco,Salesforce Transit Center,14:20,1,Anaheim,Anaheim Intermodal Center,82,True
914,Value,2019-03-07,San Francisco,Salesforce Transit Center,19:40,1,Anaheim,Anaheim Intermodal Center,90,True
915,Value,2019-03-07,San Francisco,Salesforce Transit Center,19:50,1,Anaheim,Anaheim Intermodal Center,101,True
916,Value,2019-03-02,Anaheim,Anaheim Intermodal Center,06:30,1,Phoenix,Phoenix Union Station,123,True
917,Value,2019-03-02,Anaheim,Anaheim Intermodal Center,06:40,1,Phoenix,Phoenix Union Station,124,True
918,Value,2019-03-02,Anaheim,Anaheim Intermodal Center,12:00,1,Phoenix,Phoenix Union Station,138,True
919,Value,2019-03-02,Anaheim,Anaheim Intermodal Center,14:50,1,Phoenix,Phoenix Union Station,132,True
920,Value,2019-03-08,Philadelphia,30th Street Station,09:20,1,Atlanta,Peachtree Station,158,True
921,Value,2019-03-08,Philadelphia,30th Street Station,11:40,1,Atlanta,Peachtree Station,179,True
922,Value,2019-03-08,Philadelphia,30th Street Station,12:20,1,Atlanta,Peachtree Station,162,True
923,Value,2019-03-08,Philadelphia,30th Street Station,16:10,1,Atlanta,Peachtree Station,181,True
924,Value,2019-03-08,Philadelphia,30th Street Station,17:50,1,Atlanta,Peachtree Station,161,True
925,Value,2019-03-11,Sacramento,Sacramento Valley Station,07:30,1,San Francisco,Salesforce Transit Center,45,True
926,Value,2019-03-11,Sacramento,Sacramento Valley Station,08:10,1,San Francisco,Salesforce Transit Center,45,True
927,Value,2019-03-11,Sacramento,Sacramento Valley Station,08:30,1,San Francisco,Salesforce Transit Center,47,True
928,Value,2019-03-11,Sacramento,Sacramento Valley Station,09:30,1,San Francisco,Salesforce Transit Center,44,True
929,Value,2019-03-11,Sacramento,Sacramento Valley Station,09:50,1,San Francisco,Salesforce Transit Center,52,True
930,Value,2019-03-11,Sacramento,Sacramento Valley Station,11:30,1,San Francisco,Salesforce Transit Center,50,True
931,Value,2019-03-11,Sacramento,Sacramento Valley Station,12:20,1,San Francisco,Salesforce Transit Center,43,True
932,Value,2019-03-11,Sacramento,Sacramento Valley Station,16:40,1,San Francisco,Salesforce Transit Center,50,True
933,Value,2019-03-11,Sacramento,Sacramento Valley Station,17:00,1,San Francisco,Salesforce Transit Center,50,True
934,Value,2019-03-11,Sacramento,Sacramento Valley Station,19:30,1,San Francisco,Salesforce Transit Center,48,True
935,Value,2019-03-06,Phoenix,Phoenix Union Station,07:20,1,Fresno,Fresno Station,172,True
936,Value,2019-03-06,Phoenix,Phoenix Union Station,08:30,1,Fresno,Fresno Station,173,True
937,Value,2019-03-06,Phoenix,Phoenix Union Station,08:40,1,Fresno,Fresno Station,174,True
938,Value,2019-03-06,Phoenix,Phoenix Union Station,09:40,1,Fresno,Fresno Station,176,True
939,Value,2019-03-06,Phoenix,Phoenix Union Station,08:30,4,Fresno,Fresno Station,643,True
940,Value,2019-03-06,Phoenix,Phoenix Union Station,09:40,4,Fresno,Fresno Station,651,True
941,Value,2019-03-05,Portland,Union Station,09:10,2,Seattle,King Street Station,99,True
942,Value,2019-03-05,Portland,Union Station,10:10,2,Seattle,King Street Station,113,True
943,Value,2019-03-05,Portland,Union Station,12:30,2,Seattle,King Street Station,112,True
944,Value,2019-03-05,Portland,Union Station,13:40,2,Seattle,King Street Station,101,True
945,Value,2019-03-05,Portland,Union Station,14:00,2,Seattle,King Street Station,110,True
946,Value,2019-03-05,Portland,Union Station,15:00,2,Seattle,King Street Station,104,True
947,Value,2019-03-05,Portland,Union Station,16:00,2,Seattle,King Street Station,96,True
948,Value,2019-03-05,Portland,Union Station,17:00,2,Seattle,King Street Station,123,True
949,Value,2019-03-05,Portland,Union Station,17:30,2,Seattle,King Street Station,106,True
950,Value,2019-03-02,Portland,Union Station,07:40,1,Vancouver,Pacific Central Station,84,True
951,Value,2019-03-02,Portland,Union Station,08:50,1,Vancouver,Pacific Central Station,82,True
952,Value,2019-03-02,Portland,Union Station,09:30,1,Vancouver,Pacific Central Station,85,True
953,Value,2019-03-02,Portland,Union Station,11:00,1,Vancouver,Pacific Central Station,75,True
954,Value,2019-03-02,Portland,Union Station,15:40,1,Vancouver,Pacific Central Station,83,True
955,Value,2019-03-02,Portland,Union Station,17:30,1,Vancouver,Pacific Central Station,78,True
956,Value,2019-03-02,Portland,Union Station,19:00,1,Vancouver,Pacific Central Station,68,True
957,Business,2019-03-14,Fresno,Fresno Station,07:20,1,Los Angeles,Union Station,114,True
958,Business,2019-03-14,Fresno,Fresno Station,07:40,1,Los Angeles,Union Station,98,True
959,Business,2019-03-14,Fresno,Fresno Station,08:30,1,Los Angeles,Union Station,111,True
960,Business,2019-03-14,Fresno,Fresno Station,09:00,1,Los Angeles,Union Station,102,True
961,Business,2019-03-14,Fresno,Fresno Station,12:10,1,Los Angeles,Union Station,117,True
962,Business,2019-03-14,Fresno,Fresno Station,13:00,1,Los Angeles,Union Station,110,True
963,Business,2019-03-14,Fresno,Fresno Station,15:40,1,Los Angeles,Union Station,106,True
964,Business,2019-03-14,Fresno,Fresno Station,15:50,1,Los Angeles,Union Station,117,True
965,Business,2019-03-14,Fresno,Fresno Station,16:30,1,Los Angeles,Union Station,108,True
966,Business,2019-03-14,San Diego,Santa Fe Depot,08:30,1,Anaheim,Anaheim Intermodal Center,90,True
967,Business,2019-03-14,San Diego,Santa Fe Depot,09:10,1,Anaheim,Anaheim Intermodal Center,91,True
968,Business,2019-03-14,San Diego,Santa Fe Depot,09:50,1,Anaheim,Anaheim Intermodal Center,90,True
969,Business,2019-03-14,San Diego,Santa Fe Depot,10:00,1,Anaheim,Anaheim Intermodal Center,93,True
970,Business,2019-03-14,San Diego,Santa Fe Depot,12:20,1,Anaheim,Anaheim Intermodal Center,90,True
971,Business,2019-03-14,San Diego,Santa Fe Depot,15:10,1,Anaheim,Anaheim Intermodal Center,84,True
972,Business,2019-03-14,San Diego,Santa Fe Depot,15:20,1,Anaheim,Anaheim Intermodal Center,91,True
973,Business,2019-03-14,San Diego,Santa Fe Depot,19:40,1,Anaheim,Anaheim Intermodal Center,88,True
974,Value,2019-03-11,San Diego,Santa Fe Depot,11:20,1,Phoenix,Phoenix Union Station,86,True
975,Value,2019-03-11,San Diego,Santa Fe Depot,13:30,1,Phoenix,Phoenix Union Station,80,True
976,Value,2019-03-11,San Diego,Santa Fe Depot,15:30,1,Phoenix,Phoenix Union Station,86,True
977,Value,2019-03-11,San Diego,Santa Fe Depot,15:40,1,Phoenix,Phoenix Union Station,84,True
978,Value,2019-03-11,San Diego,Santa Fe Depot,16:10,1,Phoenix,Phoenix Union Station,75,True
979,Value,2019-03-06,San Diego,Santa Fe Depot,11:20,1,Phoenix,Phoenix Union Station,80,True
980,Value,2019-03-06,San Diego,Santa Fe Depot,13:30,1,Phoenix,Phoenix Union Station,89,True
981,Value,2019-03-06,San Diego,Santa Fe Depot,15:30,1,Phoenix,Phoenix Union Station,78,True
982,Value,2019-03-06,San Diego,Santa Fe Depot,15:40,1,Phoenix,Phoenix Union Station,86,True
983,Value,2019-03-06,San Diego,Santa Fe Depot,16:10,1,Phoenix,Phoenix Union Station,84,True
984,Value,2019-03-09,Anaheim,Anaheim Intermodal Center,06:30,1,San Diego,Santa Fe Depot,48,True
985,Value,2019-03-09,Anaheim,Anaheim Intermodal Center,12:00,1,San Diego,Santa Fe Depot,48,True
986,Value,2019-03-09,Anaheim,Anaheim Intermodal Center,13:00,1,San Diego,Santa Fe Depot,55,True
987,Value,2019-03-09,Anaheim,Anaheim Intermodal Center,14:50,1,San Diego,Santa Fe Depot,48,True
988,Value,2019-03-09,Anaheim,Anaheim Intermodal Center,16:40,1,San Diego,Santa Fe Depot,49,True
989,Value,2019-03-09,Anaheim,Anaheim Intermodal Center,17:40,1,San Diego,Santa Fe Depot,52,True
990,Value,2019-03-09,Anaheim,Anaheim Intermodal Center,19:20,1,San Diego,Santa Fe Depot,46,True
991,Value,2019-03-01,San Francisco,Salesforce Transit Center,06:20,1,Fresno,Fresno Station,62,True
992,Value,2019-03-01,San Francisco,Salesforce Transit Center,16:00,1,Fresno,Fresno Station,70,True
993,Value,2019-03-01,San Francisco,Salesforce Transit Center,16:10,1,Fresno,Fresno Station,61,True
994,Value,2019-03-01,San Francisco,Salesforce Transit Center,16:30,1,Fresno,Fresno Station,59,True
995,Value,2019-03-01,San Francisco,Salesforce Transit Center,17:10,1,Fresno,Fresno Station,62,True
996,Value,2019-03-01,San Francisco,Salesforce Transit Center,17:40,1,Fresno,Fresno Station,60,True
997,Value,2019-03-01,San Francisco,Salesforce Transit Center,18:10,1,Fresno,Fresno Station,66,True
998,Value,2019-03-01,San Francisco,Salesforce Transit Center,18:50,1,Fresno,Fresno Station,60,True
999,Value,2019-03-14,Sacramento,Sacramento Valley Station,06:30,1,San Diego,Santa Fe Depot,155,True
1000,Value,2019-03-14,Sacramento,Sacramento Valley Station,07:20,1,San Diego,Santa Fe Depot,157,True
1001,Value,2019-03-14,Sacramento,Sacramento Valley Station,07:30,1,San Diego,Santa Fe Depot,163,True
1002,Value,2019-03-14,Sacramento,Sacramento Valley Station,08:00,1,San Diego,Santa Fe Depot,156,True
1003,Value,2019-03-14,Sacramento,Sacramento Valley Station,08:10,1,San Diego,Santa Fe Depot,162,True
1004,Value,2019-03-14,Sacramento,Sacramento Valley Station,08:30,1,San Diego,Santa Fe Depot,150,True
1005,Value,2019-03-14,Sacramento,Sacramento Valley Station,08:40,1,San Diego,Santa Fe Depot,168,True
1006,Value,2019-03-14,Sacramento,Sacramento Valley Station,09:30,1,San Diego,Santa Fe Depot,149,True
1007,Value,2019-03-14,Sacramento,Sacramento Valley Station,09:50,1,San Diego,Santa Fe Depot,152,True
1008,Value,2019-03-14,Sacramento,Sacramento Valley Station,10:10,1,San Diego,Santa Fe Depot,161,True
1009,Value,2019-03-14,San Francisco,Salesforce Transit Center,06:00,1,San Diego,Santa Fe Depot,104,True
1010,Value,2019-03-14,San Francisco,Salesforce Transit Center,09:20,1,San Diego,Santa Fe Depot,104,True
1011,Value,2019-03-14,San Francisco,Salesforce Transit Center,12:00,1,San Diego,Santa Fe Depot,97,True
1012,Value,2019-03-14,San Francisco,Salesforce Transit Center,17:00,1,San Diego,Santa Fe Depot,98,True
1013,Value,2019-03-14,San Francisco,Salesforce Transit Center,17:20,1,San Diego,Santa Fe Depot,94,True
1014,Value,2019-03-14,San Francisco,Salesforce Transit Center,19:40,1,San Diego,Santa Fe Depot,100,True
1015,Flexible,2019-03-06,San Diego,Santa Fe Depot,06:10,2,Los Angeles,Union Station,132,True
1016,Flexible,2019-03-06,San Diego,Santa Fe Depot,06:40,2,Los Angeles,Union Station,125,True
1017,Flexible,2019-03-06,San Diego,Santa Fe Depot,07:30,2,Los Angeles,Union Station,130,True
1018,Flexible,2019-03-06,San Diego,Santa Fe Depot,08:00,2,Los Angeles,Union Station,147,True
1019,Flexible,2019-03-06,San Diego,Santa Fe Depot,08:10,2,Los Angeles,Union Station,128,True
1020,Flexible,2019-03-06,San Diego,Santa Fe Depot,10:20,2,Los Angeles,Union Station,123,True
1021,Flexible,2019-03-06,San Diego,Santa Fe Depot,11:00,2,Los Angeles,Union Station,142,True
1022,Flexible,2019-03-06,San Diego,Santa Fe Depot,11:30,2,Los Angeles,Union Station,147,True
1023,Flexible,2019-03-06,San Diego,Santa Fe Depot,16:00,2,Los Angeles,Union Station,140,True
1024,Flexible,2019-03-06,San Diego,Santa Fe Depot,19:00,2,Los Angeles,Union Station,135,True
1025,Value,2019-03-03,Los Angeles,Union Station,06:00,1,Anaheim,Anaheim Intermodal Center,36,True
1026,Value,2019-03-03,Los Angeles,Union Station,06:10,1,Anaheim,Anaheim Intermodal Center,31,True
1027,Value,2019-03-03,Los Angeles,Union Station,06:30,1,Anaheim,Anaheim Intermodal Center,32,True
1028,Value,2019-03-03,Los Angeles,Union Station,06:40,1,Anaheim,Anaheim Intermodal Center,32,True
1029,Value,2019-03-03,Los Angeles,Union Station,07:30,1,Anaheim,Anaheim Intermodal Center,31,True
1030,Value,2019-03-03,Los Angeles,Union Station,07:40,1,Anaheim,Anaheim Intermodal Center,37,True
1031,Value,2019-03-03,Los Angeles,Union Station,12:20,1,Anaheim,Anaheim Intermodal Center,32,True
1032,Value,2019-03-03,Los Angeles,Union Station,14:00,1,Anaheim,Anaheim Intermodal Center,31,True
1033,Value,2019-03-03,Los Angeles,Union Station,15:10,1,Anaheim,Anaheim Intermodal Center,31,True
1034,Value,2019-03-05,Los Angeles,Union Station,06:00,1,Anaheim,Anaheim Intermodal Center,34,True
1035,Value,2019-03-05,Los Angeles,Union Station,06:10,1,Anaheim,Anaheim Intermodal Center,40,True
1036,Value,2019-03-05,Los Angeles,Union Station,06:30,1,Anaheim,Anaheim Intermodal Center,40,True
1037,Value,2019-03-05,Los Angeles,Union Station,06:40,1,Anaheim,Anaheim Intermodal Center,36,True
1038,Value,2019-03-05,Los Angeles,Union Station,07:30,1,Anaheim,Anaheim Intermodal Center,35,True
1039,Value,2019-03-05,Los Angeles,Union Station,07:40,1,Anaheim,Anaheim Intermodal Center,37,True
1040,Value,2019-03-05,Los Angeles,Union Station,12:20,1,Anaheim,Anaheim Intermodal Center,35,True
1041,Value,2019-03-05,Los Angeles,Union Station,14:00,1,Anaheim,Anaheim Intermodal Center,39,True
1042,Value,2019-03-05,Los Angeles,Union Station,15:10,1,Anaheim,Anaheim Intermodal Center,31,True
1043,Value,2019-03-05,Los Angeles,Union Station,17:20,1,Anaheim,Anaheim Intermodal Center,33,True
1044,Value,2019-03-05,Fresno,Fresno Station,07:00,1,Anaheim,Anaheim Intermodal Center,74,True
1045,Value,2019-03-05,Fresno,Fresno Station,09:30,1,Anaheim,Anaheim Intermodal Center,76,True
1046,Value,2019-03-05,Fresno,Fresno Station,10:50,1,Anaheim,Anaheim Intermodal Center,76,True
1047,Value,2019-03-05,Fresno,Fresno Station,16:50,1,Anaheim,Anaheim Intermodal Center,74,True
1048,Value,2019-03-05,Fresno,Fresno Station,18:00,1,Anaheim,Anaheim Intermodal Center,74,True
1049,Value,2019-03-05,Fresno,Fresno Station,18:40,1,Anaheim,Anaheim Intermodal Center,71,True
1050,Value,2019-03-09,Fresno,Fresno Station,06:50,1,San Francisco,Salesforce Transit Center,64,True
1051,Value,2019-03-09,Fresno,Fresno Station,07:00,1,San Francisco,Salesforce Transit Center,56,True
1052,Value,2019-03-09,Fresno,Fresno Station,07:10,1,San Francisco,Salesforce Transit Center,62,True
1053,Value,2019-03-09,Fresno,Fresno Station,10:30,1,San Francisco,Salesforce Transit Center,60,True
1054,Value,2019-03-09,Fresno,Fresno Station,15:50,1,San Francisco,Salesforce Transit Center,64,True
1055,Value,2019-03-09,Fresno,Fresno Station,17:20,1,San Francisco,Salesforce Transit Center,57,True
1056,Value,2019-03-09,Fresno,Fresno Station,17:50,1,San Francisco,Salesforce Transit Center,61,True
1057,Value,2019-03-02,Fresno,Fresno Station,06:00,1,San Diego,Santa Fe Depot,93,True
1058,Value,2019-03-02,Fresno,Fresno Station,07:50,1,San Diego,Santa Fe Depot,88,True
1059,Value,2019-03-02,Fresno,Fresno Station,09:10,1,San Diego,Santa Fe Depot,83,True
1060,Value,2019-03-02,Fresno,Fresno Station,11:30,1,San Diego,Santa Fe Depot,86,True
1061,Value,2019-03-02,Fresno,Fresno Station,12:40,1,San Diego,Santa Fe Depot,94,True
1062,Value,2019-03-02,Fresno,Fresno Station,12:50,1,San Diego,Santa Fe Depot,86,True
1063,Value,2019-03-02,Fresno,Fresno Station,14:40,1,San Diego,Santa Fe Depot,85,True
1064,Value,2019-03-04,Sacramento,Sacramento Valley Station,06:30,2,San Diego,Santa Fe Depot,296,True
1065,Value,2019-03-04,Sacramento,Sacramento Valley Station,07:20,2,San Diego,Santa Fe Depot,263,True
1066,Value,2019-03-04,Sacramento,Sacramento Valley Station,07:30,2,San Diego,Santa Fe Depot,294,True
1067,Value,2019-03-04,Sacramento,Sacramento Valley Station,08:00,2,San Diego,Santa Fe Depot,321,True
1068,Value,2019-03-04,Sacramento,Sacramento Valley Station,08:10,2,San Diego,Santa Fe Depot,309,True
1069,Value,2019-03-04,Sacramento,Sacramento Valley Station,08:30,2,San Diego,Santa Fe Depot,265,True
1070,Value,2019-03-04,Sacramento,Sacramento Valley Station,08:40,2,San Diego,Santa Fe Depot,303,True
1071,Value,2019-03-04,Sacramento,Sacramento Valley Station,09:30,2,San Diego,Santa Fe Depot,263,True
1072,Value,2019-03-04,Sacramento,Sacramento Valley Station,09:50,2,San Diego,Santa Fe Depot,274,True
1073,Value,2019-03-04,Sacramento,Sacramento Valley Station,10:10,2,San Diego,Santa Fe Depot,301,True
1074,Business,2019-03-04,Sacramento,Sacramento Valley Station,08:00,2,Fresno,Fresno Station,205,True
1075,Business,2019-03-04,Sacramento,Sacramento Valley Station,08:40,2,Fresno,Fresno Station,192,True
1076,Business,2019-03-04,Sacramento,Sacramento Valley Station,10:10,2,Fresno,Fresno Station,190,True
1077,Business,2019-03-04,Sacramento,Sacramento Valley Station,14:40,2,Fresno,Fresno Station,178,True
1078,Business,2019-03-04,Sacramento,Sacramento Valley Station,15:20,2,Fresno,Fresno Station,182,True
1079,Business,2019-03-04,Sacramento,Sacramento Valley Station,16:10,2,Fresno,Fresno Station,197,True
1080,Business,2019-03-04,Sacramento,Sacramento Valley Station,17:40,2,Fresno,Fresno Station,203,True
1081,Value,2019-03-11,San Francisco,Salesforce Transit Center,06:20,1,Fresno,Fresno Station,63,True
1082,Value,2019-03-11,San Francisco,Salesforce Transit Center,16:00,1,Fresno,Fresno Station,68,True
1083,Value,2019-03-11,San Francisco,Salesforce Transit Center,16:10,1,Fresno,Fresno Station,62,True
1084,Value,2019-03-11,San Francisco,Salesforce Transit Center,16:30,1,Fresno,Fresno Station,68,True
1085,Value,2019-03-11,San Francisco,Salesforce Transit Center,17:10,1,Fresno,Fresno Station,64,True
1086,Value,2019-03-11,San Francisco,Salesforce Transit Center,17:40,1,Fresno,Fresno Station,69,True
1087,Value,2019-03-11,San Francisco,Salesforce Transit Center,18:10,1,Fresno,Fresno Station,60,True
1088,Value,2019-03-11,San Francisco,Salesforce Transit Center,18:50,1,Fresno,Fresno Station,62,True
1089,Business,2019-03-03,Sacramento,Sacramento Valley Station,06:30,1,Anaheim,Anaheim Intermodal Center,156,True
1090,Business,2019-03-03,Sacramento,Sacramento Valley Station,07:20,1,Anaheim,Anaheim Intermodal Center,151,True
1091,Business,2019-03-03,Sacramento,Sacramento Valley Station,08:10,1,Anaheim,Anaheim Intermodal Center,182,True
1092,Business,2019-03-03,Sacramento,Sacramento Valley Station,08:30,1,Anaheim,Anaheim Intermodal Center,190,True
1093,Business,2019-03-03,Sacramento,Sacramento Valley Station,11:30,1,Anaheim,Anaheim Intermodal Center,181,True
1094,Business,2019-03-03,Sacramento,Sacramento Valley Station,12:20,1,Anaheim,Anaheim Intermodal Center,191,True
1095,Value,2019-03-10,New York,Grand Central Station,07:50,3,Philadelphia,30th Street Station,125,True
1096,Value,2019-03-10,New York,Grand Central Station,08:40,3,Philadelphia,30th Street Station,128,True
1097,Value,2019-03-10,New York,Grand Central Station,15:00,3,Philadelphia,30th Street Station,119,True
1098,Value,2019-03-10,New York,Grand Central Station,16:00,3,Philadelphia,30th Street Station,120,True
1099,Value,2019-03-10,New York,Grand Central Station,16:40,3,Philadelphia,30th Street Station,114,True
1100,Value,2019-03-10,New York,Grand Central Station,18:20,3,Philadelphia,30th Street Station,132,True
1101,Value,2019-03-10,New York,Grand Central Station,19:00,3,Philadelphia,30th Street Station,117,True
1102,Value,2019-03-14,New York,Grand Central Station,06:00,2,Chicago,Chicago Union Station,243,True
1103,Value,2019-03-14,New York,Grand Central Station,06:10,2,Chicago,Chicago Union Station,198,True
1104,Value,2019-03-14,New York,Grand Central Station,07:50,2,Chicago,Chicago Union Station,225,True
1105,Value,2019-03-14,New York,Grand Central Station,09:50,2,Chicago,Chicago Union Station,225,True
1106,Value,2019-03-14,New York,Grand Central Station,13:40,2,Chicago,Chicago Union Station,222,True
1107,Value,2019-03-14,New York,Grand Central Station,17:10,2,Chicago,Chicago Union Station,215,True
1108,Value,2019-03-14,Anaheim,Anaheim Intermodal Center,06:30,1,Los Angeles,Union Station,32,True
1109,Value,2019-03-14,Anaheim,Anaheim Intermodal Center,06:40,1,Los Angeles,Union Station,36,True
1110,Value,2019-03-14,Anaheim,Anaheim Intermodal Center,06:50,1,Los Angeles,Union Station,34,True
1111,Value,2019-03-14,Anaheim,Anaheim Intermodal Center,08:10,1,Los Angeles,Union Station,35,True
1112,Value,2019-03-14,Anaheim,Anaheim Intermodal Center,11:40,1,Los Angeles,Union Station,34,True
1113,Value,2019-03-14,Anaheim,Anaheim Intermodal Center,12:10,1,Los Angeles,Union Station,33,True
1114,Value,2019-03-14,Anaheim,Anaheim Intermodal Center,13:00,1,Los Angeles,Union Station,36,True
1115,Value,2019-03-14,Anaheim,Anaheim Intermodal Center,13:20,1,Los Angeles,Union Station,33,True
1116,Value,2019-03-14,Anaheim,Anaheim Intermodal Center,13:50,1,Los Angeles,Union Station,33,True
1117,Value,2019-03-14,Anaheim,Anaheim Intermodal Center,16:20,1,Los Angeles,Union Station,34,True
1118,Value,2019-03-03,Vancouver,Pacific Central Station,06:20,1,Seattle,King Street Station,58,True
1119,Value,2019-03-03,Vancouver,Pacific Central Station,06:40,1,Seattle,King Street Station,58,True
1120,Value,2019-03-03,Vancouver,Pacific Central Station,07:10,1,Seattle,King Street Station,59,True
1121,Value,2019-03-03,Vancouver,Pacific Central Station,14:40,1,Seattle,King Street Station,56,True
1122,Value,2019-03-03,Vancouver,Pacific Central Station,15:10,1,Seattle,King Street Station,54,True
1123,Value,2019-03-03,Vancouver,Pacific Central Station,15:50,1,Seattle,King Street Station,59,True
1124,Value,2019-03-03,Vancouver,Pacific Central Station,17:40,1,Seattle,King Street Station,54,True
1125,Value,2019-03-03,Vancouver,Pacific Central Station,18:10,1,Seattle,King Street Station,56,True
1126,Value,2019-03-03,Vancouver,Pacific Central Station,18:30,1,Seattle,King Street Station,61,True
1127,Flexible,2019-03-08,Sacramento,Sacramento Valley Station,06:30,1,Phoenix,Phoenix Union Station,203,True
1128,Flexible,2019-03-01,Portland,Union Station,09:10,1,Seattle,King Street Station,80,True
1129,Flexible,2019-03-01,Portland,Union Station,10:10,1,Seattle,King Street Station,82,True
1130,Flexible,2019-03-01,Portland,Union Station,12:30,1,Seattle,King Street Station,85,True
1131,Flexible,2019-03-01,Portland,Union Station,13:40,1,Seattle,King Street Station,82,True
1132,Flexible,2019-03-01,Portland,Union Station,14:00,1,Seattle,King Street Station,83,True
1133,Flexible,2019-03-01,Portland,Union Station,15:00,1,Seattle,King Street Station,82,True
1134,Flexible,2019-03-01,Portland,Union Station,16:00,1,Seattle,King Street Station,77,True
1135,Flexible,2019-03-01,Portland,Union Station,17:00,1,Seattle,King Street Station,84,True
1136,Flexible,2019-03-01,Portland,Union Station,17:30,1,Seattle,King Street Station,87,True
1137,Value,2019-03-12,Seattle,King Street Station,08:00,1,Portland,Union Station,67,True
1138,Value,2019-03-12,Seattle,King Street Station,08:10,1,Portland,Union Station,61,True
1139,Value,2019-03-12,Seattle,King Street Station,08:50,1,Portland,Union Station,61,True
1140,Value,2019-03-12,Seattle,King Street Station,09:20,1,Portland,Union Station,50,True
1141,Value,2019-03-12,Seattle,King Street Station,10:20,1,Portland,Union Station,63,True
1142,Value,2019-03-12,Seattle,King Street Station,11:00,1,Portland,Union Station,60,True
1143,Value,2019-03-12,Seattle,King Street Station,15:00,1,Portland,Union Station,62,True
1144,Value,2019-03-12,Seattle,King Street Station,15:30,1,Portland,Union Station,57,True
1145,Value,2019-03-12,Seattle,King Street Station,18:10,1,Portland,Union Station,67,True
1146,Value,2019-03-12,Seattle,King Street Station,18:50,1,Portland,Union Station,68,True
1147,Value,2019-03-06,New York,Grand Central Station,06:00,1,Chicago,Chicago Union Station,112,True
1148,Value,2019-03-06,New York,Grand Central Station,06:10,1,Chicago,Chicago Union Station,127,True
1149,Value,2019-03-06,New York,Grand Central Station,07:50,1,Chicago,Chicago Union Station,119,True
1150,Value,2019-03-06,New York,Grand Central Station,09:50,1,Chicago,Chicago Union Station,121,True
1151,Value,2019-03-06,New York,Grand Central Station,13:40,1,Chicago,Chicago Union Station,110,True
1152,Value,2019-03-06,New York,Grand Central Station,17:10,1,Chicago,Chicago Union Station,114,True
1153,Value,2019-03-13,New York,Grand Central Station,07:20,1,Atlanta,Peachtree Station,190,True
1154,Value,2019-03-13,New York,Grand Central Station,08:20,1,Atlanta,Peachtree Station,185,True
1155,Value,2019-03-13,New York,Grand Central Station,11:30,1,Atlanta,Peachtree Station,204,True
1156,Value,2019-03-13,New York,Grand Central Station,13:00,1,Atlanta,Peachtree Station,183,True
1157,Value,2019-03-13,New York,Grand Central Station,13:40,1,Atlanta,Peachtree Station,195,True
1158,Value,2019-03-13,New York,Grand Central Station,13:50,1,Atlanta,Peachtree Station,207,True
1159,Value,2019-03-13,New York,Grand Central Station,15:00,1,Atlanta,Peachtree Station,185,True
1160,Flexible,2019-03-05,New York,Grand Central Station,07:40,1,Philadelphia,30th Street Station,66,True
1161,Flexible,2019-03-05,New York,Grand Central Station,07:50,1,Philadelphia,30th Street Station,69,True
1162,Flexible,2019-03-05,New York,Grand Central Station,08:40,1,Philadelphia,30th Street Station,68,True
1163,Flexible,2019-03-05,New York,Grand Central Station,15:00,1,Philadelphia,30th Street Station,68,True
1164,Flexible,2019-03-05,New York,Grand Central Station,16:00,1,Philadelphia,30th Street Station,69,True
1165,Flexible,2019-03-05,New York,Grand Central Station,16:40,1,Philadelphia,30th Street Station,71,True
1166,Flexible,2019-03-05,New York,Grand Central Station,18:20,1,Philadelphia,30th Street Station,72,True
1167,Flexible,2019-03-05,New York,Grand Central Station,19:00,1,Philadelphia,30th Street Station,73,True
1168,Business,2019-03-05,Portland,Union Station,09:10,4,Seattle,King Street Station,339,True
1169,Business,2019-03-05,Portland,Union Station,10:10,4,Seattle,King Street Station,365,True
1170,Business,2019-03-05,Portland,Union Station,12:30,4,Seattle,King Street Station,371,True
1171,Business,2019-03-05,Portland,Union Station,14:00,4,Seattle,King Street Station,369,True
1172,Business,2019-03-05,Portland,Union Station,15:00,4,Seattle,King Street Station,350,True
1173,Flexible,2019-03-02,Los Angeles,Union Station,07:50,1,San Francisco,Salesforce Transit Center,106,True
1174,Flexible,2019-03-02,Los Angeles,Union Station,09:20,1,San Francisco,Salesforce Transit Center,120,True
1175,Flexible,2019-03-02,Los Angeles,Union Station,11:00,1,San Francisco,Salesforce Transit Center,113,True
1176,Flexible,2019-03-02,Los Angeles,Union Station,13:00,1,San Francisco,Salesforce Transit Center,99,True
1177,Flexible,2019-03-02,Los Angeles,Union Station,17:30,1,San Francisco,Salesforce Transit Center,116,True
1178,Flexible,2019-03-02,Los Angeles,Union Station,17:50,1,San Francisco,Salesforce Transit Center,99,True
1179,Flexible,2019-03-02,Los Angeles,Union Station,18:40,1,San Francisco,Salesforce Transit Center,101,True
1180,Flexible,2019-03-02,Los Angeles,Union Station,19:00,1,San Francisco,Salesforce Transit Center,112,True
1181,Value,2019-03-08,Sacramento,Sacramento Valley Station,06:30,1,San Diego,Santa Fe Depot,149,True
1182,Value,2019-03-08,Sacramento,Sacramento Valley Station,07:20,1,San Diego,Santa Fe Depot,149,True
1183,Value,2019-03-08,Sacramento,Sacramento Valley Station,07:30,1,San Diego,Santa Fe Depot,164,True
1184,Value,2019-03-08,Sacramento,Sacramento Valley Station,08:00,1,San Diego,Santa Fe Depot,156,True
1185,Value,2019-03-08,Sacramento,Sacramento Valley Station,08:10,1,San Diego,Santa Fe Depot,153,True
1186,Value,2019-03-08,Sacramento,Sacramento Valley Station,08:30,1,San Diego,Santa Fe Depot,151,True
1187,Value,2019-03-08,Sacramento,Sacramento Valley Station,08:40,1,San Diego,Santa Fe Depot,147,True
1188,Value,2019-03-08,Sacramento,Sacramento Valley Station,09:30,1,San Diego,Santa Fe Depot,148,True
1189,Value,2019-03-08,Sacramento,Sacramento Valley Station,09:50,1,San Diego,Santa Fe Depot,147,True
1190,Value,2019-03-08,Sacramento,Sacramento Valley Station,10:10,1,San Diego,Santa Fe Depot,147,True
1191,Value,2019-03-05,Philadelphia,30th Street Station,10:40,1,New York,Grand Central Station,53,True
1192,Value,2019-03-05,Philadelphia,30th Street Station,10:50,1,New York,Grand Central Station,50,True
1193,Value,2019-03-05,Philadelphia,30th Street Station,12:20,1,New York,Grand Central Station,48,True
1194,Value,2019-03-05,Philadelphia,30th Street Station,13:30,1,New York,Grand Central Station,49,True
1195,Value,2019-03-05,Philadelphia,30th Street Station,13:40,1,New York,Grand Central Station,49,True
1196,Value,2019-03-05,Philadelphia,30th Street Station,14:10,1,New York,Grand Central Station,52,True
1197,Value,2019-03-05,Philadelphia,30th Street Station,15:40,1,New York,Grand Central Station,49,True
1198,Value,2019-03-05,Philadelphia,30th Street Station,19:50,1,New York,Grand Central Station,51,True
1199,Value,2019-03-14,Los Angeles,Union Station,06:30,1,Phoenix,Phoenix Union Station,88,True
1200,Value,2019-03-14,Los Angeles,Union Station,07:40,1,Phoenix,Phoenix Union Station,94,True
1201,Value,2019-03-14,Los Angeles,Union Station,08:10,1,Phoenix,Phoenix Union Station,91,True
1202,Value,2019-03-14,Los Angeles,Union Station,09:00,1,Phoenix,Phoenix Union Station,77,True
1203,Value,2019-03-14,Los Angeles,Union Station,11:20,1,Phoenix,Phoenix Union Station,91,True
1204,Value,2019-03-02,Fresno,Fresno Station,07:20,1,Los Angeles,Union Station,77,True
1205,Value,2019-03-02,Fresno,Fresno Station,07:40,1,Los Angeles,Union Station,69,True
1206,Value,2019-03-02,Fresno,Fresno Station,08:30,1,Los Angeles,Union Station,70,True
1207,Value,2019-03-02,Fresno,Fresno Station,09:00,1,Los Angeles,Union Station,75,True
1208,Value,2019-03-02,Fresno,Fresno Station,12:10,1,Los Angeles,Union Station,70,True
1209,Value,2019-03-02,Fresno,Fresno Station,13:00,1,Los Angeles,Union Station,63,True
1210,Value,2019-03-02,Fresno,Fresno Station,15:40,1,Los Angeles,Union Station,76,True
1211,Value,2019-03-02,Fresno,Fresno Station,15:50,1,Los Angeles,Union Station,78,True
1212,Value,2019-03-02,Fresno,Fresno Station,16:30,1,Los Angeles,Union Station,74,True
1213,Value,2019-03-14,Washington,Union Station,10:00,1,Atlanta,Peachtree Station,100,True
1214,Value,2019-03-14,Washington,Union Station,13:20,1,Atlanta,Peachtree Station,114,True
1215,Value,2019-03-14,Washington,Union Station,13:50,1,Atlanta,Peachtree Station,119,True
1216,Value,2019-03-14,Washington,Union Station,16:10,1,Atlanta,Peachtree Station,110,True
1217,Value,2019-03-14,Washington,Union Station,17:00,1,Atlanta,Peachtree Station,116,True
1218,Value,2019-03-14,Washington,Union Station,18:40,1,Atlanta,Peachtree Station,96,True
1219,Flexible,2019-03-14,Washington,Union Station,10:00,1,Atlanta,Peachtree Station,120,True
1220,Value,2019-03-12,Fresno,Fresno Station,07:20,1,Los Angeles,Union Station,61,True
1221,Value,2019-03-12,Fresno,Fresno Station,07:40,1,Los Angeles,Union Station,66,True
1222,Value,2019-03-12,Fresno,Fresno Station,08:30,1,Los Angeles,Union Station,70,True
1223,Value,2019-03-12,Fresno,Fresno Station,09:00,1,Los Angeles,Union Station,71,True
1224,Value,2019-03-12,Fresno,Fresno Station,12:10,1,Los Angeles,Union Station,74,True
1225,Value,2019-03-12,Fresno,Fresno Station,13:00,1,Los Angeles,Union Station,69,True
1226,Value,2019-03-12,Fresno,Fresno Station,15:40,1,Los Angeles,Union Station,66,True
1227,Value,2019-03-12,Fresno,Fresno Station,15:50,1,Los Angeles,Union Station,68,True
1228,Value,2019-03-12,Fresno,Fresno Station,16:30,1,Los Angeles,Union Station,73,True
1229,Value,2019-03-11,Phoenix,Phoenix Union Station,07:00,1,Los Angeles,Union Station,85,True
1230,Value,2019-03-11,Phoenix,Phoenix Union Station,07:20,1,Los Angeles,Union Station,93,True
1231,Value,2019-03-11,Phoenix,Phoenix Union Station,08:40,1,Los Angeles,Union Station,73,True
1232,Value,2019-03-11,Phoenix,Phoenix Union Station,16:00,1,Los Angeles,Union Station,90,True
1233,Value,2019-03-11,Phoenix,Phoenix Union Station,18:20,1,Los Angeles,Union Station,88,True
1234,Business,2019-03-03,Phoenix,Phoenix Union Station,07:00,1,Los Angeles,Union Station,137,True
1235,Business,2019-03-03,Phoenix,Phoenix Union Station,07:20,1,Los Angeles,Union Station,125,True
1236,Business,2019-03-03,Phoenix,Phoenix Union Station,08:40,1,Los Angeles,Union Station,129,True
1237,Business,2019-03-03,Phoenix,Phoenix Union Station,16:00,1,Los Angeles,Union Station,134,True
1238,Business,2019-03-03,Phoenix,Phoenix Union Station,18:20,1,Los Angeles,Union Station,121,True
1239,Value,2019-03-12,Washington,Union Station,10:00,2,Atlanta,Peachtree Station,187,True
1240,Value,2019-03-12,Washington,Union Station,13:20,2,Atlanta,Peachtree Station,173,True
1241,Value,2019-03-12,Washington,Union Station,13:50,2,Atlanta,Peachtree Station,175,True
1242,Value,2019-03-12,Washington,Union Station,16:10,2,Atlanta,Peachtree Station,189,True
1243,Value,2019-03-12,Washington,Union Station,17:00,2,Atlanta,Peachtree Station,177,True
1244,Value,2019-03-12,Washington,Union Station,18:40,2,Atlanta,Peachtree Station,195,True
1245,Flexible,2019-03-12,Washington,Union Station,10:00,2,Atlanta,Peachtree Station,227,True
1246,Value,2019-03-13,San Diego,Santa Fe Depot,06:10,2,Los Angeles,Union Station,94,True
1247,Value,2019-03-13,San Diego,Santa Fe Depot,06:40,2,Los Angeles,Union Station,91,True
1248,Value,2019-03-13,San Diego,Santa Fe Depot,07:30,2,Los Angeles,Union Station,88,True
1249,Value,2019-03-13,San Diego,Santa Fe Depot,08:00,2,Los Angeles,Union Station,105,True
1250,Value,2019-03-13,San Diego,Santa Fe Depot,08:10,2,Los Angeles,Union Station,99,True
1251,Value,2019-03-13,San Diego,Santa Fe Depot,10:20,2,Los Angeles,Union Station,87,True
1252,Value,2019-03-13,San Diego,Santa Fe Depot,11:00,2,Los Angeles,Union Station,85,True
1253,Value,2019-03-13,San Diego,Santa Fe Depot,11:30,2,Los Angeles,Union Station,109,True
1254,Value,2019-03-13,San Diego,Santa Fe Depot,16:00,2,Los Angeles,Union Station,98,True
1255,Value,2019-03-13,San Diego,Santa Fe Depot,19:00,2,Los Angeles,Union Station,86,True
1256,Value,2019-03-05,Sacramento,Sacramento Valley Station,07:30,1,San Francisco,Salesforce Transit Center,51,True
1257,Value,2019-03-05,Sacramento,Sacramento Valley Station,08:10,1,San Francisco,Salesforce Transit Center,50,True
1258,Value,2019-03-05,Sacramento,Sacramento Valley Station,08:30,1,San Francisco,Salesforce Transit Center,50,True
1259,Value,2019-03-05,Sacramento,Sacramento Valley Station,09:30,1,San Francisco,Salesforce Transit Center,50,True
1260,Value,2019-03-05,Sacramento,Sacramento Valley Station,09:50,1,San Francisco,Salesforce Transit Center,51,True
1261,Value,2019-03-05,Sacramento,Sacramento Valley Station,11:30,1,San Francisco,Salesforce Transit Center,48,True
1262,Value,2019-03-05,Sacramento,Sacramento Valley Station,12:20,1,San Francisco,Salesforce Transit Center,50,True
1263,Value,2019-03-05,Sacramento,Sacramento Valley Station,16:40,1,San Francisco,Salesforce Transit Center,40,True
1264,Value,2019-03-05,Sacramento,Sacramento Valley Station,17:00,1,San Francisco,Salesforce Transit Center,51,True
1265,Value,2019-03-05,Sacramento,Sacramento Valley Station,19:30,1,San Francisco,Salesforce Transit Center,52,True
1266,Value,2019-03-03,San Francisco,Salesforce Transit Center,07:10,1,Anaheim,Anaheim Intermodal Center,82,True
1267,Value,2019-03-03,San Francisco,Salesforce Transit Center,08:30,1,Anaheim,Anaheim Intermodal Center,93,True
1268,Value,2019-03-03,San Francisco,Salesforce Transit Center,08:50,1,Anaheim,Anaheim Intermodal Center,88,True
1269,Value,2019-03-03,San Francisco,Salesforce Transit Center,12:30,1,Anaheim,Anaheim Intermodal Center,93,True
1270,Value,2019-03-03,San Francisco,Salesforce Transit Center,14:20,1,Anaheim,Anaheim Intermodal Center,78,True
1271,Value,2019-03-03,San Francisco,Salesforce Transit Center,19:40,1,Anaheim,Anaheim Intermodal Center,75,True
1272,Value,2019-03-03,San Francisco,Salesforce Transit Center,19:50,1,Anaheim,Anaheim Intermodal Center,88,True
1273,Value,2019-03-06,Washington,Union Station,06:20,1,New York,Grand Central Station,62,True
1274,Value,2019-03-06,Washington,Union Station,06:40,1,New York,Grand Central Station,61,True
1275,Value,2019-03-06,Washington,Union Station,10:40,1,New York,Grand Central Station,73,True
1276,Value,2019-03-06,Washington,Union Station,13:40,1,New York,Grand Central Station,68,True
1277,Value,2019-03-06,Washington,Union Station,13:50,1,New York,Grand Central Station,71,True
1278,Value,2019-03-06,Washington,Union Station,14:10,1,New York,Grand Central Station,71,True
1279,Value,2019-03-06,Washington,Union Station,17:20,1,New York,Grand Central Station,73,True
1280,Value,2019-03-06,Washington,Union Station,19:30,1,New York,Grand Central Station,69,True
1281,Value,2019-03-06,Washington,Union Station,19:50,1,New York,Grand Central Station,74,True
1282,Value,2019-03-05,Los Angeles,Union Station,06:50,1,San Diego,Santa Fe Depot,57,True
1283,Value,2019-03-05,Los Angeles,Union Station,08:10,1,San Diego,Santa Fe Depot,57,True
1284,Value,2019-03-05,Los Angeles,Union Station,09:50,1,San Diego,Santa Fe Depot,59,True
1285,Value,2019-03-05,Los Angeles,Union Station,10:40,1,San Diego,Santa Fe Depot,59,True
1286,Value,2019-03-05,Los Angeles,Union Station,12:00,1,San Diego,Santa Fe Depot,59,True
1287,Value,2019-03-05,Los Angeles,Union Station,12:40,1,San Diego,Santa Fe Depot,61,True
1288,Value,2019-03-05,Los Angeles,Union Station,13:40,1,San Diego,Santa Fe Depot,58,True
1289,Value,2019-03-05,Los Angeles,Union Station,14:10,1,San Diego,Santa Fe Depot,57,True
1290,Value,2019-03-05,Los Angeles,Union Station,17:40,1,San Diego,Santa Fe Depot,54,True
1291,Value,2019-03-05,Los Angeles,Union Station,18:30,1,San Diego,Santa Fe Depot,54,True
1292,Value,2019-03-12,Sacramento,Sacramento Valley Station,07:30,1,San Francisco,Salesforce Transit Center,47,True
1293,Value,2019-03-12,Sacramento,Sacramento Valley Station,08:10,1,San Francisco,Salesforce Transit Center,53,True
1294,Value,2019-03-12,Sacramento,Sacramento Valley Station,08:30,1,San Francisco,Salesforce Transit Center,50,True
1295,Value,2019-03-12,Sacramento,Sacramento Valley Station,09:30,1,San Francisco,Salesforce Transit Center,45,True
1296,Value,2019-03-12,Sacramento,Sacramento Valley Station,09:50,1,San Francisco,Salesforce Transit Center,49,True
1297,Value,2019-03-12,Sacramento,Sacramento Valley Station,11:30,1,San Francisco,Salesforce Transit Center,46,True
1298,Value,2019-03-12,Sacramento,Sacramento Valley Station,12:20,1,San Francisco,Salesforce Transit Center,47,True
1299,Value,2019-03-12,Sacramento,Sacramento Valley Station,16:40,1,San Francisco,Salesforce Transit Center,53,True
1300,Value,2019-03-12,Sacramento,Sacramento Valley Station,17:00,1,San Francisco,Salesforce Transit Center,47,True
1301,Value,2019-03-12,Sacramento,Sacramento Valley Station,19:30,1,San Francisco,Salesforce Transit Center,47,True
1302,Business,2019-03-12,Sacramento,Sacramento Valley Station,07:30,2,San Francisco,Salesforce Transit Center,158,True
1303,Flexible,2019-03-11,Portland,Union Station,09:10,1,Seattle,King Street Station,79,True
1304,Flexible,2019-03-11,Portland,Union Station,10:10,1,Seattle,King Street Station,83,True
1305,Flexible,2019-03-11,Portland,Union Station,12:30,1,Seattle,King Street Station,85,True
1306,Flexible,2019-03-11,Portland,Union Station,13:40,1,Seattle,King Street Station,84,True
1307,Flexible,2019-03-11,Portland,Union Station,14:00,1,Seattle,King Street Station,79,True
1308,Flexible,2019-03-11,Portland,Union Station,15:00,1,Seattle,King Street Station,82,True
1309,Flexible,2019-03-11,Portland,Union Station,16:00,1,Seattle,King Street Station,85,True
1310,Flexible,2019-03-11,Portland,Union Station,17:00,1,Seattle,King Street Station,85,True
1311,Flexible,2019-03-11,Portland,Union Station,17:30,1,Seattle,King Street Station,84,True
1312,Value,2019-03-01,San Diego,Santa Fe Depot,08:30,1,Anaheim,Anaheim Intermodal Center,54,True
1313,Value,2019-03-01,San Diego,Santa Fe Depot,09:10,1,Anaheim,Anaheim Intermodal Center,49,True
1314,Value,2019-03-01,San Diego,Santa Fe Depot,09:50,1,Anaheim,Anaheim Intermodal Center,47,True
1315,Value,2019-03-01,San Diego,Santa Fe Depot,10:00,1,Anaheim,Anaheim Intermodal Center,49,True
1316,Value,2019-03-01,San Diego,Santa Fe Depot,12:20,1,Anaheim,Anaheim Intermodal Center,48,True
1317,Value,2019-03-01,San Diego,Santa Fe Depot,15:10,1,Anaheim,Anaheim Intermodal Center,55,True
1318,Value,2019-03-01,San Diego,Santa Fe Depot,15:20,1,Anaheim,Anaheim Intermodal Center,54,True
1319,Value,2019-03-01,San Diego,Santa Fe Depot,19:40,1,Anaheim,Anaheim Intermodal Center,54,True
1320,Business,2019-03-01,Phoenix,Phoenix Union Station,07:00,1,Anaheim,Anaheim Intermodal Center,172,True
1321,Business,2019-03-01,Phoenix,Phoenix Union Station,07:20,1,Anaheim,Anaheim Intermodal Center,160,True
1322,Business,2019-03-01,Phoenix,Phoenix Union Station,08:40,1,Anaheim,Anaheim Intermodal Center,180,True
1323,Business,2019-03-01,Phoenix,Phoenix Union Station,09:40,1,Anaheim,Anaheim Intermodal Center,187,True
1324,Flexible,2019-03-05,Los Angeles,Union Station,06:00,1,Anaheim,Anaheim Intermodal Center,56,True
1325,Value,2019-03-10,Fresno,Fresno Station,07:10,2,Sacramento,Sacramento Valley Station,131,True
1326,Value,2019-03-10,Fresno,Fresno Station,09:10,2,Sacramento,Sacramento Valley Station,123,True
1327,Value,2019-03-10,Fresno,Fresno Station,11:00,2,Sacramento,Sacramento Valley Station,119,True
1328,Value,2019-03-10,Fresno,Fresno Station,11:40,2,Sacramento,Sacramento Valley Station,111,True
1329,Value,2019-03-10,Fresno,Fresno Station,14:50,2,Sacramento,Sacramento Valley Station,101,True
1330,Value,2019-03-10,Fresno,Fresno Station,17:20,2,Sacramento,Sacramento Valley Station,108,True
1331,Value,2019-03-10,Fresno,Fresno Station,18:00,2,Sacramento,Sacramento Valley Station,125,True
1332,Value,2019-03-04,Anaheim,Anaheim Intermodal Center,06:40,1,San Francisco,Salesforce Transit Center,84,True
1333,Value,2019-03-04,Anaheim,Anaheim Intermodal Center,07:20,1,San Francisco,Salesforce Transit Center,85,True
1334,Value,2019-03-04,Anaheim,Anaheim Intermodal Center,11:00,1,San Francisco,Salesforce Transit Center,84,True
1335,Value,2019-03-04,Anaheim,Anaheim Intermodal Center,13:30,1,San Francisco,Salesforce Transit Center,90,True
1336,Value,2019-03-04,Anaheim,Anaheim Intermodal Center,14:50,1,San Francisco,Salesforce Transit Center,95,True
1337,Value,2019-03-04,Anaheim,Anaheim Intermodal Center,15:10,1,San Francisco,Salesforce Transit Center,100,True
1338,Value,2019-03-04,Anaheim,Anaheim Intermodal Center,18:20,1,San Francisco,Salesforce Transit Center,83,True
1339,Value,2019-03-14,Anaheim,Anaheim Intermodal Center,06:50,1,Sacramento,Sacramento Valley Station,120,True
1340,Value,2019-03-14,Anaheim,Anaheim Intermodal Center,07:10,1,Sacramento,Sacramento Valley Station,138,True
1341,Value,2019-03-14,Anaheim,Anaheim Intermodal Center,07:40,1,Sacramento,Sacramento Valley Station,136,True
1342,Value,2019-03-14,Anaheim,Anaheim Intermodal Center,08:10,1,Sacramento,Sacramento Valley Station,119,True
1343,Value,2019-03-14,Anaheim,Anaheim Intermodal Center,11:00,1,Sacramento,Sacramento Valley Station,156,True
1344,Value,2019-03-14,Anaheim,Anaheim Intermodal Center,12:30,1,Sacramento,Sacramento Valley Station,155,True
1345,Value,2019-03-14,Anaheim,Anaheim Intermodal Center,14:50,1,Sacramento,Sacramento Valley Station,140,True
1346,Value,2019-03-14,Anaheim,Anaheim Intermodal Center,17:00,1,Sacramento,Sacramento Valley Station,129,True
1347,Value,2019-03-14,Anaheim,Anaheim Intermodal Center,17:10,1,Sacramento,Sacramento Valley Station,115,True
1348,Value,2019-03-14,Anaheim,Anaheim Intermodal Center,18:00,1,Sacramento,Sacramento Valley Station,128,True
1349,Value,2019-03-14,San Diego,Santa Fe Depot,06:10,1,Sacramento,Sacramento Valley Station,145,True
1350,Value,2019-03-14,San Diego,Santa Fe Depot,06:40,1,Sacramento,Sacramento Valley Station,142,True
1351,Value,2019-03-14,San Diego,Santa Fe Depot,07:30,1,Sacramento,Sacramento Valley Station,162,True
1352,Value,2019-03-14,San Diego,Santa Fe Depot,08:00,1,Sacramento,Sacramento Valley Station,152,True
1353,Value,2019-03-14,San Diego,Santa Fe Depot,08:10,1,Sacramento,Sacramento Valley Station,166,True
1354,Value,2019-03-14,San Diego,Santa Fe Depot,10:20,1,Sacramento,Sacramento Valley Station,164,True
1355,Value,2019-03-14,San Diego,Santa Fe Depot,10:40,1,Sacramento,Sacramento Valley Station,148,True
1356,Value,2019-03-14,San Diego,Santa Fe Depot,16:00,1,Sacramento,Sacramento Valley Station,150,True
1357,Value,2019-03-14,San Diego,Santa Fe Depot,19:40,1,Sacramento,Sacramento Valley Station,151,True
1358,Value,2019-03-13,New York,Grand Central Station,07:40,1,Philadelphia,30th Street Station,47,True
1359,Value,2019-03-13,New York,Grand Central Station,07:50,1,Philadelphia,30th Street Station,46,True
1360,Value,2019-03-13,New York,Grand Central Station,08:40,1,Philadelphia,30th Street Station,49,True
1361,Value,2019-03-13,New York,Grand Central Station,15:00,1,Philadelphia,30th Street Station,48,True
1362,Value,2019-03-13,New York,Grand Central Station,16:00,1,Philadelphia,30th Street Station,55,True
1363,Value,2019-03-13,New York,Grand Central Station,16:40,1,Philadelphia,30th Street Station,55,True
1364,Value,2019-03-13,New York,Grand Central Station,18:20,1,Philadelphia,30th Street Station,50,True
1365,Value,2019-03-13,New York,Grand Central Station,19:00,1,Philadelphia,30th Street Station,49,True
1366,Flexible,2019-03-04,Phoenix,Phoenix Union Station,07:00,2,Los Angeles,Union Station,214,True
1367,Flexible,2019-03-04,Phoenix,Phoenix Union Station,07:20,2,Los Angeles,Union Station,190,True
1368,Flexible,2019-03-04,Phoenix,Phoenix Union Station,08:40,2,Los Angeles,Union Station,205,True
1369,Flexible,2019-03-04,Phoenix,Phoenix Union Station,16:00,2,Los Angeles,Union Station,198,True
1370,Flexible,2019-03-04,Phoenix,Phoenix Union Station,18:20,2,Los Angeles,Union Station,211,True
1371,Value,2019-03-07,San Francisco,Salesforce Transit Center,06:10,1,Sacramento,Sacramento Valley Station,47,True
1372,Value,2019-03-07,San Francisco,Salesforce Transit Center,06:20,1,Sacramento,Sacramento Valley Station,47,True
1373,Value,2019-03-07,San Francisco,Salesforce Transit Center,06:50,1,Sacramento,Sacramento Valley Station,49,True
1374,Value,2019-03-07,San Francisco,Salesforce Transit Center,10:20,1,Sacramento,Sacramento Valley Station,47,True
1375,Value,2019-03-07,San Francisco,Salesforce Transit Center,10:50,1,Sacramento,Sacramento Valley Station,48,True
1376,Value,2019-03-07,San Francisco,Salesforce Transit Center,12:30,1,Sacramento,Sacramento Valley Station,53,True
1377,Value,2019-03-07,San Francisco,Salesforce Transit Center,12:40,1,Sacramento,Sacramento Valley Station,45,True
1378,Value,2019-03-07,San Francisco,Salesforce Transit Center,16:50,1,Sacramento,Sacramento Valley Station,51,True
1379,Value,2019-03-07,San Francisco,Salesforce Transit Center,18:50,1,Sacramento,Sacramento Valley Station,47,True
1380,Flexible,2019-03-07,San Francisco,Salesforce Transit Center,06:10,1,Sacramento,Sacramento Valley Station,63,True
1381,Flexible,2019-03-11,New York,Grand Central Station,07:20,1,Atlanta,Peachtree Station,202,True
1382,Flexible,2019-03-11,New York,Grand Central Station,08:20,1,Atlanta,Peachtree Station,225,True
1383,Flexible,2019-03-11,New York,Grand Central Station,11:30,1,Atlanta,Peachtree Station,205,True
1384,Flexible,2019-03-11,New York,Grand Central Station,13:00,1,Atlanta,Peachtree Station,204,True
1385,Flexible,2019-03-11,New York,Grand Central Station,13:40,1,Atlanta,Peachtree Station,202,True
1386,Flexible,2019-03-11,New York,Grand Central Station,13:50,1,Atlanta,Peachtree Station,205,True
1387,Flexible,2019-03-11,New York,Grand Central Station,15:00,1,Atlanta,Peachtree Station,205,True
1388,Flexible,2019-03-11,Vancouver,Pacific Central Station,06:50,2,Portland,Union Station,182,True
1389,Flexible,2019-03-11,Vancouver,Pacific Central Station,08:10,2,Portland,Union Station,177,True
1390,Flexible,2019-03-11,Vancouver,Pacific Central Station,08:20,2,Portland,Union Station,182,True
1391,Flexible,2019-03-11,Vancouver,Pacific Central Station,08:40,2,Portland,Union Station,172,True
1392,Flexible,2019-03-11,Vancouver,Pacific Central Station,12:00,2,Portland,Union Station,180,True
1393,Flexible,2019-03-11,Vancouver,Pacific Central Station,14:10,2,Portland,Union Station,154,True
1394,Flexible,2019-03-11,Vancouver,Pacific Central Station,16:10,2,Portland,Union Station,179,True
1395,Flexible,2019-03-11,Vancouver,Pacific Central Station,16:20,2,Portland,Union Station,185,True
1396,Value,2019-03-05,Fresno,Fresno Station,07:20,1,Los Angeles,Union Station,66,True
1397,Value,2019-03-05,Fresno,Fresno Station,07:40,1,Los Angeles,Union Station,69,True
1398,Value,2019-03-05,Fresno,Fresno Station,08:30,1,Los Angeles,Union Station,75,True
1399,Value,2019-03-05,Fresno,Fresno Station,09:00,1,Los Angeles,Union Station,75,True
1400,Value,2019-03-05,Fresno,Fresno Station,12:10,1,Los Angeles,Union Station,74,True
1401,Value,2019-03-05,Fresno,Fresno Station,13:00,1,Los Angeles,Union Station,67,True
1402,Value,2019-03-05,Fresno,Fresno Station,15:40,1,Los Angeles,Union Station,66,True
1403,Value,2019-03-05,Fresno,Fresno Station,15:50,1,Los Angeles,Union Station,69,True
1404,Value,2019-03-05,Fresno,Fresno Station,16:30,1,Los Angeles,Union Station,74,True
1405,Value,2019-03-13,Los Angeles,Union Station,06:50,1,San Diego,Santa Fe Depot,51,True
1406,Value,2019-03-13,Los Angeles,Union Station,08:10,1,San Diego,Santa Fe Depot,49,True
1407,Value,2019-03-13,Los Angeles,Union Station,09:50,1,San Diego,Santa Fe Depot,57,True
1408,Value,2019-03-13,Los Angeles,Union Station,10:40,1,San Diego,Santa Fe Depot,54,True
1409,Value,2019-03-13,Los Angeles,Union Station,12:00,1,San Diego,Santa Fe Depot,53,True
1410,Value,2019-03-13,Los Angeles,Union Station,12:40,1,San Diego,Santa Fe Depot,51,True
1411,Value,2019-03-13,Los Angeles,Union Station,13:40,1,San Diego,Santa Fe Depot,61,True
1412,Value,2019-03-13,Los Angeles,Union Station,14:10,1,San Diego,Santa Fe Depot,43,True
1413,Value,2019-03-13,Los Angeles,Union Station,17:40,1,San Diego,Santa Fe Depot,57,True
1414,Value,2019-03-13,Los Angeles,Union Station,18:30,1,San Diego,Santa Fe Depot,60,True
1415,Value,2019-03-13,Los Angeles,Union Station,06:50,2,San Diego,Santa Fe Depot,86,True
1416,Value,2019-03-06,Fresno,Fresno Station,06:00,1,Phoenix,Phoenix Union Station,179,True
1417,Value,2019-03-06,Fresno,Fresno Station,07:50,1,Phoenix,Phoenix Union Station,197,True
1418,Value,2019-03-06,Fresno,Fresno Station,09:10,1,Phoenix,Phoenix Union Station,167,True
1419,Value,2019-03-06,Fresno,Fresno Station,12:50,1,Phoenix,Phoenix Union Station,190,True
1420,Value,2019-03-08,Los Angeles,Union Station,07:50,1,San Francisco,Salesforce Transit Center,88,True
1421,Value,2019-03-08,Los Angeles,Union Station,09:20,1,San Francisco,Salesforce Transit Center,91,True
1422,Value,2019-03-08,Los Angeles,Union Station,11:00,1,San Francisco,Salesforce Transit Center,95,True
1423,Value,2019-03-08,Los Angeles,Union Station,13:00,1,San Francisco,Salesforce Transit Center,101,True
1424,Value,2019-03-08,Los Angeles,Union Station,17:30,1,San Francisco,Salesforce Transit Center,87,True
1425,Value,2019-03-08,Los Angeles,Union Station,17:50,1,San Francisco,Salesforce Transit Center,91,True
1426,Value,2019-03-08,Los Angeles,Union Station,18:40,1,San Francisco,Salesforce Transit Center,87,True
1427,Value,2019-03-08,Los Angeles,Union Station,19:00,1,San Francisco,Salesforce Transit Center,100,True
1428,Flexible,2019-03-01,Anaheim,Anaheim Intermodal Center,07:20,3,San Francisco,Salesforce Transit Center,268,True
1429,Flexible,2019-03-01,Anaheim,Anaheim Intermodal Center,11:00,3,San Francisco,Salesforce Transit Center,323,True
1430,Flexible,2019-03-01,Anaheim,Anaheim Intermodal Center,13:30,3,San Francisco,Salesforce Transit Center,325,True
1431,Flexible,2019-03-01,Anaheim,Anaheim Intermodal Center,14:50,3,San Francisco,Salesforce Transit Center,293,True
1432,Flexible,2019-03-01,Anaheim,Anaheim Intermodal Center,15:10,3,San Francisco,Salesforce Transit Center,270,True
1433,Flexible,2019-03-01,Anaheim,Anaheim Intermodal Center,18:20,3,San Francisco,Salesforce Transit Center,292,True
1434,Flexible,2019-03-01,Anaheim,Anaheim Intermodal Center,06:40,2,San Francisco,Salesforce Transit Center,196,True
1435,Flexible,2019-03-01,Anaheim,Anaheim Intermodal Center,07:20,2,San Francisco,Salesforce Transit Center,183,True
1436,Flexible,2019-03-01,Anaheim,Anaheim Intermodal Center,11:00,2,San Francisco,Salesforce Transit Center,219,True
1437,Flexible,2019-03-01,Anaheim,Anaheim Intermodal Center,13:30,2,San Francisco,Salesforce Transit Center,221,True
1438,Flexible,2019-03-01,Anaheim,Anaheim Intermodal Center,14:50,2,San Francisco,Salesforce Transit Center,197,True
1439,Flexible,2019-03-01,Anaheim,Anaheim Intermodal Center,15:10,2,San Francisco,Salesforce Transit Center,187,True
1440,Flexible,2019-03-01,Anaheim,Anaheim Intermodal Center,18:20,2,San Francisco,Salesforce Transit Center,200,True
1441,Value,2019-03-01,Fresno,Fresno Station,07:00,2,Anaheim,Anaheim Intermodal Center,133,True
1442,Value,2019-03-01,Fresno,Fresno Station,09:30,2,Anaheim,Anaheim Intermodal Center,126,True
1443,Value,2019-03-01,Fresno,Fresno Station,10:50,2,Anaheim,Anaheim Intermodal Center,120,True
1444,Value,2019-03-01,Fresno,Fresno Station,16:50,2,Anaheim,Anaheim Intermodal Center,123,True
1445,Value,2019-03-01,Fresno,Fresno Station,18:00,2,Anaheim,Anaheim Intermodal Center,137,True
1446,Value,2019-03-12,Sacramento,Sacramento Valley Station,06:30,4,Anaheim,Anaheim Intermodal Center,462,True
1447,Value,2019-03-12,Sacramento,Sacramento Valley Station,07:20,4,Anaheim,Anaheim Intermodal Center,419,True
1448,Value,2019-03-12,Sacramento,Sacramento Valley Station,08:10,4,Anaheim,Anaheim Intermodal Center,563,True
1449,Value,2019-03-12,Sacramento,Sacramento Valley Station,11:30,4,Anaheim,Anaheim Intermodal Center,489,True
1450,Value,2019-03-12,Sacramento,Sacramento Valley Station,12:20,4,Anaheim,Anaheim Intermodal Center,500,True
1451,Business,2019-03-11,Fresno,Fresno Station,07:20,1,Los Angeles,Union Station,108,True
1452,Business,2019-03-11,Fresno,Fresno Station,07:40,1,Los Angeles,Union Station,114,True
1453,Business,2019-03-11,Fresno,Fresno Station,08:30,1,Los Angeles,Union Station,103,True
1454,Business,2019-03-11,Fresno,Fresno Station,09:00,1,Los Angeles,Union Station,114,True
1455,Business,2019-03-11,Fresno,Fresno Station,12:10,1,Los Angeles,Union Station,108,True
1456,Business,2019-03-11,Fresno,Fresno Station,13:00,1,Los Angeles,Union Station,107,True
1457,Business,2019-03-11,Fresno,Fresno Station,15:40,1,Los Angeles,Union Station,106,True
1458,Business,2019-03-11,Fresno,Fresno Station,15:50,1,Los Angeles,Union Station,107,True
1459,Business,2019-03-11,Fresno,Fresno Station,16:30,1,Los Angeles,Union Station,119,True
1460,Value,2019-03-05,Philadelphia,30th Street Station,10:40,2,New York,Grand Central Station,95,True
1461,Value,2019-03-05,Philadelphia,30th Street Station,10:50,2,New York,Grand Central Station,84,True
1462,Value,2019-03-05,Philadelphia,30th Street Station,12:20,2,New York,Grand Central Station,83,True
1463,Value,2019-03-05,Philadelphia,30th Street Station,13:30,2,New York,Grand Central Station,84,True
1464,Value,2019-03-05,Philadelphia,30th Street Station,13:40,2,New York,Grand Central Station,85,True
1465,Value,2019-03-05,Philadelphia,30th Street Station,14:10,2,New York,Grand Central Station,87,True
1466,Value,2019-03-05,Philadelphia,30th Street Station,15:40,2,New York,Grand Central Station,86,True
1467,Value,2019-03-05,Philadelphia,30th Street Station,19:50,2,New York,Grand Central Station,87,True
1468,Value,2019-03-05,Washington,Union Station,06:20,2,New York,Grand Central Station,128,True
1469,Value,2019-03-05,Washington,Union Station,06:40,2,New York,Grand Central Station,141,True
1470,Value,2019-03-05,Washington,Union Station,10:40,2,New York,Grand Central Station,120,True
1471,Value,2019-03-05,Washington,Union Station,13:40,2,New York,Grand Central Station,135,True
1472,Value,2019-03-05,Washington,Union Station,13:50,2,New York,Grand Central Station,127,True
1473,Value,2019-03-05,Washington,Union Station,14:10,2,New York,Grand Central Station,119,True
1474,Value,2019-03-05,Washington,Union Station,17:20,2,New York,Grand Central Station,124,True
1475,Value,2019-03-05,Washington,Union Station,19:30,2,New York,Grand Central Station,128,True
1476,Value,2019-03-05,Washington,Union Station,19:50,2,New York,Grand Central Station,117,True
1477,Value,2019-03-08,Los Angeles,Union Station,06:50,1,San Diego,Santa Fe Depot,56,True
1478,Value,2019-03-08,Los Angeles,Union Station,08:10,1,San Diego,Santa Fe Depot,53,True
1479,Value,2019-03-08,Los Angeles,Union Station,09:50,1,San Diego,Santa Fe Depot,52,True
1480,Value,2019-03-08,Los Angeles,Union Station,10:40,1,San Diego,Santa Fe Depot,50,True
1481,Value,2019-03-08,Los Angeles,Union Station,12:00,1,San Diego,Santa Fe Depot,55,True
1482,Value,2019-03-08,Los Angeles,Union Station,12:40,1,San Diego,Santa Fe Depot,57,True
1483,Value,2019-03-08,Los Angeles,Union Station,13:40,1,San Diego,Santa Fe Depot,55,True
1484,Value,2019-03-08,Los Angeles,Union Station,14:10,1,San Diego,Santa Fe Depot,53,True
1485,Value,2019-03-08,Los Angeles,Union Station,17:40,1,San Diego,Santa Fe Depot,51,True
1486,Value,2019-03-08,Los Angeles,Union Station,18:30,1,San Diego,Santa Fe Depot,53,True
1487,Value,2019-03-08,Los Angeles,Union Station,09:50,2,San Diego,Santa Fe Depot,88,True
1488,Flexible,2019-03-05,Vancouver,Pacific Central Station,06:20,4,Seattle,King Street Station,261,True
1489,Flexible,2019-03-05,Vancouver,Pacific Central Station,06:40,4,Seattle,King Street Station,246,True
1490,Flexible,2019-03-05,Vancouver,Pacific Central Station,15:10,4,Seattle,King Street Station,263,True
1491,Value,2019-03-03,San Diego,Santa Fe Depot,06:10,1,Sacramento,Sacramento Valley Station,149,True
1492,Value,2019-03-03,San Diego,Santa Fe Depot,06:40,1,Sacramento,Sacramento Valley Station,154,True
1493,Value,2019-03-03,San Diego,Santa Fe Depot,07:30,1,Sacramento,Sacramento Valley Station,160,True
1494,Value,2019-03-03,San Diego,Santa Fe Depot,08:00,1,Sacramento,Sacramento Valley Station,161,True
1495,Value,2019-03-03,San Diego,Santa Fe Depot,08:10,1,Sacramento,Sacramento Valley Station,158,True
1496,Value,2019-03-03,San Diego,Santa Fe Depot,10:20,1,Sacramento,Sacramento Valley Station,163,True
1497,Value,2019-03-03,San Diego,Santa Fe Depot,10:40,1,Sacramento,Sacramento Valley Station,156,True
1498,Value,2019-03-03,San Diego,Santa Fe Depot,16:00,1,Sacramento,Sacramento Valley Station,148,True
1499,Value,2019-03-03,San Diego,Santa Fe Depot,19:40,1,Sacramento,Sacramento Valley Station,149,True
1500,Value,2019-03-01,Fresno,Fresno Station,07:10,1,Sacramento,Sacramento Valley Station,57,True
1501,Value,2019-03-01,Fresno,Fresno Station,09:10,1,Sacramento,Sacramento Valley Station,67,True
1502,Value,2019-03-01,Fresno,Fresno Station,11:00,1,Sacramento,Sacramento Valley Station,68,True
1503,Value,2019-03-01,Fresno,Fresno Station,11:40,1,Sacramento,Sacramento Valley Station,66,True
1504,Value,2019-03-01,Fresno,Fresno Station,14:50,1,Sacramento,Sacramento Valley Station,64,True
1505,Value,2019-03-01,Fresno,Fresno Station,17:20,1,Sacramento,Sacramento Valley Station,63,True
1506,Value,2019-03-01,Fresno,Fresno Station,18:00,1,Sacramento,Sacramento Valley Station,64,True
1507,Value,2019-03-01,Portland,Union Station,09:10,1,Seattle,King Street Station,61,True
1508,Value,2019-03-01,Portland,Union Station,10:10,1,Seattle,King Street Station,62,True
1509,Value,2019-03-01,Portland,Union Station,12:30,1,Seattle,King Street Station,61,True
1510,Value,2019-03-01,Portland,Union Station,13:40,1,Seattle,King Street Station,64,True
1511,Value,2019-03-01,Portland,Union Station,14:00,1,Seattle,King Street Station,65,True
1512,Value,2019-03-01,Portland,Union Station,15:00,1,Seattle,King Street Station,61,True
1513,Value,2019-03-01,Portland,Union Station,16:00,1,Seattle,King Street Station,58,True
1514,Value,2019-03-01,Portland,Union Station,17:00,1,Seattle,King Street Station,64,True
1515,Value,2019-03-01,Portland,Union Station,17:30,1,Seattle,King Street Station,67,True
1516,Value,2019-03-07,Sacramento,Sacramento Valley Station,06:30,1,San Diego,Santa Fe Depot,144,True
1517,Value,2019-03-07,Sacramento,Sacramento Valley Station,07:20,1,San Diego,Santa Fe Depot,150,True
1518,Value,2019-03-07,Sacramento,Sacramento Valley Station,07:30,1,San Diego,Santa Fe Depot,163,True
1519,Value,2019-03-07,Sacramento,Sacramento Valley Station,08:00,1,San Diego,Santa Fe Depot,149,True
1520,Value,2019-03-07,Sacramento,Sacramento Valley Station,08:10,1,San Diego,Santa Fe Depot,167,True
1521,Value,2019-03-07,Sacramento,Sacramento Valley Station,08:30,1,San Diego,Santa Fe Depot,148,True
1522,Value,2019-03-07,Sacramento,Sacramento Valley Station,08:40,1,San Diego,Santa Fe Depot,144,True
1523,Value,2019-03-07,Sacramento,Sacramento Valley Station,09:30,1,San Diego,Santa Fe Depot,150,True
1524,Value,2019-03-07,Sacramento,Sacramento Valley Station,09:50,1,San Diego,Santa Fe Depot,150,True
1525,Value,2019-03-07,Sacramento,Sacramento Valley Station,10:10,1,San Diego,Santa Fe Depot,148,True
1526,Value,2019-03-09,Fresno,Fresno Station,06:00,1,San Diego,Santa Fe Depot,84,True
1527,Value,2019-03-09,Fresno,Fresno Station,07:50,1,San Diego,Santa Fe Depot,85,True
1528,Value,2019-03-09,Fresno,Fresno Station,09:10,1,San Diego,Santa Fe Depot,88,True
1529,Value,2019-03-09,Fresno,Fresno Station,11:30,1,San Diego,Santa Fe Depot,87,True
1530,Value,2019-03-09,Fresno,Fresno Station,12:40,1,San Diego,Santa Fe Depot,84,True
1531,Value,2019-03-09,Fresno,Fresno Station,12:50,1,San Diego,Santa Fe Depot,82,True
1532,Value,2019-03-09,Fresno,Fresno Station,14:40,1,San Diego,Santa Fe Depot,70,True
1533,Value,2019-03-13,Sacramento,Sacramento Valley Station,08:00,1,Fresno,Fresno Station,70,True
1534,Value,2019-03-13,Sacramento,Sacramento Valley Station,08:40,1,Fresno,Fresno Station,67,True
1535,Value,2019-03-13,Sacramento,Sacramento Valley Station,10:10,1,Fresno,Fresno Station,60,True
1536,Value,2019-03-13,Sacramento,Sacramento Valley Station,14:40,1,Fresno,Fresno Station,58,True
1537,Value,2019-03-13,Sacramento,Sacramento Valley Station,15:20,1,Fresno,Fresno Station,71,True
1538,Value,2019-03-13,Sacramento,Sacramento Valley Station,16:10,1,Fresno,Fresno Station,67,True
1539,Value,2019-03-13,Sacramento,Sacramento Valley Station,17:40,1,Fresno,Fresno Station,66,True
1540,Value,2019-03-14,Anaheim,Anaheim Intermodal Center,06:30,1,Phoenix,Phoenix Union Station,112,True
1541,Value,2019-03-14,Anaheim,Anaheim Intermodal Center,06:40,1,Phoenix,Phoenix Union Station,115,True
1542,Value,2019-03-14,Anaheim,Anaheim Intermodal Center,12:00,1,Phoenix,Phoenix Union Station,135,True
1543,Value,2019-03-14,Anaheim,Anaheim Intermodal Center,14:50,1,Phoenix,Phoenix Union Station,146,True
1544,Value,2019-03-13,Phoenix,Phoenix Union Station,07:00,1,San Francisco,Salesforce Transit Center,190,True
1545,Value,2019-03-13,Phoenix,Phoenix Union Station,07:20,1,San Francisco,Salesforce Transit Center,194,True
1546,Value,2019-03-13,Phoenix,Phoenix Union Station,08:30,1,San Francisco,Salesforce Transit Center,187,True
1547,Value,2019-03-13,Phoenix,Phoenix Union Station,08:40,1,San Francisco,Salesforce Transit Center,198,True
1548,Value,2019-03-13,Phoenix,Phoenix Union Station,09:40,1,San Francisco,Salesforce Transit Center,195,True
1549,Flexible,2019-03-13,Phoenix,Phoenix Union Station,08:30,1,San Francisco,Salesforce Transit Center,204,True
1550,Value,2019-03-06,San Francisco,Salesforce Transit Center,06:20,1,Fresno,Fresno Station,56,True
1551,Value,2019-03-06,San Francisco,Salesforce Transit Center,16:00,1,Fresno,Fresno Station,65,True
1552,Value,2019-03-06,San Francisco,Salesforce Transit Center,16:10,1,Fresno,Fresno Station,54,True
1553,Value,2019-03-06,San Francisco,Salesforce Transit Center,16:30,1,Fresno,Fresno Station,63,True
1554,Value,2019-03-06,San Francisco,Salesforce Transit Center,17:10,1,Fresno,Fresno Station,69,True
1555,Value,2019-03-06,San Francisco,Salesforce Transit Center,17:40,1,Fresno,Fresno Station,66,True
1556,Value,2019-03-06,San Francisco,Salesforce Transit Center,18:10,1,Fresno,Fresno Station,63,True
1557,Value,2019-03-06,San Francisco,Salesforce Transit Center,18:50,1,Fresno,Fresno Station,64,True
1558,Value,2019-03-10,Portland,Union Station,09:10,1,Seattle,King Street Station,64,True
1559,Value,2019-03-10,Portland,Union Station,10:10,1,Seattle,King Street Station,61,True
1560,Value,2019-03-10,Portland,Union Station,12:30,1,Seattle,King Street Station,71,True
1561,Value,2019-03-10,Portland,Union Station,13:40,1,Seattle,King Street Station,50,True
1562,Value,2019-03-10,Portland,Union Station,14:00,1,Seattle,King Street Station,57,True
1563,Value,2019-03-10,Portland,Union Station,15:00,1,Seattle,King Street Station,59,True
1564,Value,2019-03-10,Portland,Union Station,16:00,1,Seattle,King Street Station,59,True
1565,Value,2019-03-10,Portland,Union Station,17:00,1,Seattle,King Street Station,59,True
1566,Value,2019-03-10,Portland,Union Station,17:30,1,Seattle,King Street Station,66,True
1567,Value,2019-03-07,Phoenix,Phoenix Union Station,07:00,1,San Francisco,Salesforce Transit Center,174,True
1568,Value,2019-03-07,Phoenix,Phoenix Union Station,07:20,1,San Francisco,Salesforce Transit Center,181,True
1569,Value,2019-03-07,Phoenix,Phoenix Union Station,08:30,1,San Francisco,Salesforce Transit Center,178,True
1570,Value,2019-03-07,Phoenix,Phoenix Union Station,08:40,1,San Francisco,Salesforce Transit Center,194,True
1571,Value,2019-03-07,Phoenix,Phoenix Union Station,09:40,1,San Francisco,Salesforce Transit Center,209,True
1572,Value,2019-03-06,Los Angeles,Union Station,06:50,1,San Diego,Santa Fe Depot,52,True
1573,Value,2019-03-06,Los Angeles,Union Station,08:10,1,San Diego,Santa Fe Depot,51,True
1574,Value,2019-03-06,Los Angeles,Union Station,09:50,1,San Diego,Santa Fe Depot,50,True
1575,Value,2019-03-06,Los Angeles,Union Station,10:40,1,San Diego,Santa Fe Depot,57,True
1576,Value,2019-03-06,Los Angeles,Union Station,12:00,1,San Diego,Santa Fe Depot,53,True
1577,Value,2019-03-06,Los Angeles,Union Station,12:40,1,San Diego,Santa Fe Depot,49,True
1578,Value,2019-03-06,Los Angeles,Union Station,13:40,1,San Diego,Santa Fe Depot,48,True
1579,Value,2019-03-06,Los Angeles,Union Station,14:10,1,San Diego,Santa Fe Depot,52,True
1580,Value,2019-03-06,Los Angeles,Union Station,17:40,1,San Diego,Santa Fe Depot,55,True
1581,Value,2019-03-06,Los Angeles,Union Station,18:30,1,San Diego,Santa Fe Depot,52,True
1582,Value,2019-03-14,Sacramento,Sacramento Valley Station,06:30,1,Anaheim,Anaheim Intermodal Center,125,True
1583,Value,2019-03-14,Sacramento,Sacramento Valley Station,07:20,1,Anaheim,Anaheim Intermodal Center,132,True
1584,Value,2019-03-14,Sacramento,Sacramento Valley Station,08:10,1,Anaheim,Anaheim Intermodal Center,144,True
1585,Value,2019-03-14,Sacramento,Sacramento Valley Station,08:30,1,Anaheim,Anaheim Intermodal Center,149,True
1586,Value,2019-03-14,Sacramento,Sacramento Valley Station,11:30,1,Anaheim,Anaheim Intermodal Center,149,True
1587,Value,2019-03-14,Sacramento,Sacramento Valley Station,12:20,1,Anaheim,Anaheim Intermodal Center,151,True
1588,Value,2019-03-14,Sacramento,Sacramento Valley Station,06:30,2,Anaheim,Anaheim Intermodal Center,237,True
1589,Value,2019-03-08,Anaheim,Anaheim Intermodal Center,06:40,1,San Francisco,Salesforce Transit Center,92,True
1590,Value,2019-03-08,Anaheim,Anaheim Intermodal Center,07:20,1,San Francisco,Salesforce Transit Center,88,True
1591,Value,2019-03-08,Anaheim,Anaheim Intermodal Center,11:00,1,San Francisco,Salesforce Transit Center,91,True
1592,Value,2019-03-08,Anaheim,Anaheim Intermodal Center,13:30,1,San Francisco,Salesforce Transit Center,88,True
1593,Value,2019-03-08,Anaheim,Anaheim Intermodal Center,14:50,1,San Francisco,Salesforce Transit Center,86,True
1594,Value,2019-03-08,Anaheim,Anaheim Intermodal Center,15:10,1,San Francisco,Salesforce Transit Center,76,True
1595,Value,2019-03-08,Anaheim,Anaheim Intermodal Center,18:20,1,San Francisco,Salesforce Transit Center,86,True
1596,Value,2019-03-03,Washington,Union Station,06:00,1,Philadelphia,30th Street Station,58,True
1597,Value,2019-03-03,Washington,Union Station,07:20,1,Philadelphia,30th Street Station,56,True
1598,Value,2019-03-03,Washington,Union Station,08:00,1,Philadelphia,30th Street Station,50,True
1599,Value,2019-03-03,Washington,Union Station,08:20,1,Philadelphia,30th Street Station,60,True
1600,Value,2019-03-03,Washington,Union Station,08:40,1,Philadelphia,30th Street Station,55,True
1601,Value,2019-03-03,Washington,Union Station,10:20,1,Philadelphia,30th Street Station,56,True
1602,Value,2019-03-03,Washington,Union Station,10:50,1,Philadelphia,30th Street Station,55,True
1603,Value,2019-03-03,Washington,Union Station,17:50,1,Philadelphia,30th Street Station,58,True
1604,Value,2019-03-03,Washington,Union Station,07:20,4,Philadelphia,30th Street Station,187,True
1605,Value,2019-03-03,Washington,Union Station,08:20,4,Philadelphia,30th Street Station,190,True
1606,Value,2019-03-03,Washington,Union Station,08:40,4,Philadelphia,30th Street Station,177,True
1607,Value,2019-03-03,Washington,Union Station,17:50,4,Philadelphia,30th Street Station,188,True
1608,Business,2019-03-01,Anaheim,Anaheim Intermodal Center,06:30,1,Los Angeles,Union Station,76,True
1609,Business,2019-03-01,Anaheim,Anaheim Intermodal Center,06:40,1,Los Angeles,Union Station,78,True
1610,Business,2019-03-01,Anaheim,Anaheim Intermodal Center,06:50,1,Los Angeles,Union Station,74,True
1611,Business,2019-03-01,Anaheim,Anaheim Intermodal Center,08:10,1,Los Angeles,Union Station,77,True
1612,Business,2019-03-01,Anaheim,Anaheim Intermodal Center,11:40,1,Los Angeles,Union Station,78,True
1613,Business,2019-03-01,Anaheim,Anaheim Intermodal Center,12:10,1,Los Angeles,Union Station,72,True
1614,Business,2019-03-01,Anaheim,Anaheim Intermodal Center,13:00,1,Los Angeles,Union Station,75,True
1615,Business,2019-03-01,Anaheim,Anaheim Intermodal Center,13:20,1,Los Angeles,Union Station,73,True
1616,Business,2019-03-01,Anaheim,Anaheim Intermodal Center,13:50,1,Los Angeles,Union Station,79,True
1617,Business,2019-03-01,Anaheim,Anaheim Intermodal Center,16:20,1,Los Angeles,Union Station,77,True
1618,Business,2019-03-08,Anaheim,Anaheim Intermodal Center,06:30,2,Los Angeles,Union Station,137,True
1619,Business,2019-03-08,Anaheim,Anaheim Intermodal Center,06:40,2,Los Angeles,Union Station,135,True
1620,Business,2019-03-08,Anaheim,Anaheim Intermodal Center,06:50,2,Los Angeles,Union Station,134,True
1621,Business,2019-03-08,Anaheim,Anaheim Intermodal Center,08:10,2,Los Angeles,Union Station,134,True
1622,Business,2019-03-08,Anaheim,Anaheim Intermodal Center,11:40,2,Los Angeles,Union Station,136,True
1623,Business,2019-03-08,Anaheim,Anaheim Intermodal Center,12:10,2,Los Angeles,Union Station,133,True
1624,Business,2019-03-08,Anaheim,Anaheim Intermodal Center,13:00,2,Los Angeles,Union Station,139,True
1625,Business,2019-03-08,Anaheim,Anaheim Intermodal Center,13:20,2,Los Angeles,Union Station,140,True
1626,Business,2019-03-08,Anaheim,Anaheim Intermodal Center,13:50,2,Los Angeles,Union Station,131,True
1627,Business,2019-03-08,Anaheim,Anaheim Intermodal Center,16:20,2,Los Angeles,Union Station,129,True
1628,Business,2019-03-08,San Francisco,Salesforce Transit Center,06:20,2,Los Angeles,Union Station,242,True
1629,Business,2019-03-08,San Francisco,Salesforce Transit Center,08:40,2,Los Angeles,Union Station,226,True
1630,Business,2019-03-08,San Francisco,Salesforce Transit Center,11:40,2,Los Angeles,Union Station,233,True
1631,Business,2019-03-08,San Francisco,Salesforce Transit Center,14:00,2,Los Angeles,Union Station,251,True
1632,Business,2019-03-08,San Francisco,Salesforce Transit Center,15:10,2,Los Angeles,Union Station,221,True
1633,Business,2019-03-08,San Francisco,Salesforce Transit Center,15:20,2,Los Angeles,Union Station,234,True
1634,Business,2019-03-08,San Francisco,Salesforce Transit Center,16:30,2,Los Angeles,Union Station,237,True
1635,Business,2019-03-08,San Francisco,Salesforce Transit Center,17:20,2,Los Angeles,Union Station,231,True
1636,Business,2019-03-08,San Francisco,Salesforce Transit Center,17:40,2,Los Angeles,Union Station,243,True
1637,Value,2019-03-03,San Francisco,Salesforce Transit Center,06:20,1,Los Angeles,Union Station,83,True
1638,Value,2019-03-03,San Francisco,Salesforce Transit Center,08:40,1,Los Angeles,Union Station,99,True
1639,Value,2019-03-03,San Francisco,Salesforce Transit Center,11:40,1,Los Angeles,Union Station,86,True
1640,Value,2019-03-03,San Francisco,Salesforce Transit Center,14:00,1,Los Angeles,Union Station,93,True
1641,Value,2019-03-03,San Francisco,Salesforce Transit Center,15:10,1,Los Angeles,Union Station,99,True
1642,Value,2019-03-03,San Francisco,Salesforce Transit Center,15:20,1,Los Angeles,Union Station,78,True
1643,Value,2019-03-03,San Francisco,Salesforce Transit Center,16:30,1,Los Angeles,Union Station,87,True
1644,Value,2019-03-03,San Francisco,Salesforce Transit Center,17:20,1,Los Angeles,Union Station,97,True
1645,Value,2019-03-03,San Francisco,Salesforce Transit Center,17:40,1,Los Angeles,Union Station,92,True
1646,Flexible,2019-03-03,San Francisco,Salesforce Transit Center,06:20,1,Los Angeles,Union Station,103,True
1647,Value,2019-03-08,Vancouver,Pacific Central Station,06:20,2,Seattle,King Street Station,85,True
1648,Value,2019-03-08,Vancouver,Pacific Central Station,06:40,2,Seattle,King Street Station,99,True
1649,Value,2019-03-08,Vancouver,Pacific Central Station,07:10,2,Seattle,King Street Station,107,True
1650,Value,2019-03-08,Vancouver,Pacific Central Station,14:40,2,Seattle,King Street Station,97,True
1651,Value,2019-03-08,Vancouver,Pacific Central Station,15:10,2,Seattle,King Street Station,103,True
1652,Value,2019-03-08,Vancouver,Pacific Central Station,15:50,2,Seattle,King Street Station,110,True
1653,Value,2019-03-08,Vancouver,Pacific Central Station,17:40,2,Seattle,King Street Station,95,True
1654,Value,2019-03-08,Vancouver,Pacific Central Station,18:10,2,Seattle,King Street Station,96,True
1655,Value,2019-03-08,Vancouver,Pacific Central Station,18:30,2,Seattle,King Street Station,102,True
1656,Business,2019-03-08,Vancouver,Pacific Central Station,06:50,2,Portland,Union Station,227,True
1657,Business,2019-03-08,Vancouver,Pacific Central Station,08:10,2,Portland,Union Station,234,True
1658,Business,2019-03-08,Vancouver,Pacific Central Station,08:20,2,Portland,Union Station,210,True
1659,Business,2019-03-08,Vancouver,Pacific Central Station,08:40,2,Portland,Union Station,202,True
1660,Business,2019-03-08,Vancouver,Pacific Central Station,12:00,2,Portland,Union Station,217,True
1661,Business,2019-03-08,Vancouver,Pacific Central Station,14:10,2,Portland,Union Station,216,True
1662,Business,2019-03-08,Vancouver,Pacific Central Station,16:10,2,Portland,Union Station,222,True
1663,Business,2019-03-08,Vancouver,Pacific Central Station,16:20,2,Portland,Union Station,222,True
1664,Flexible,2019-03-06,San Francisco,Salesforce Transit Center,06:10,1,Sacramento,Sacramento Valley Station,67,True
1665,Flexible,2019-03-06,San Francisco,Salesforce Transit Center,06:20,1,Sacramento,Sacramento Valley Station,71,True
1666,Flexible,2019-03-06,San Francisco,Salesforce Transit Center,06:50,1,Sacramento,Sacramento Valley Station,75,True
1667,Flexible,2019-03-06,San Francisco,Salesforce Transit Center,10:20,1,Sacramento,Sacramento Valley Station,66,True
1668,Flexible,2019-03-06,San Francisco,Salesforce Transit Center,10:50,1,Sacramento,Sacramento Valley Station,68,True
1669,Flexible,2019-03-06,San Francisco,Salesforce Transit Center,12:30,1,Sacramento,Sacramento Valley Station,66,True
1670,Flexible,2019-03-06,San Francisco,Salesforce Transit Center,12:40,1,Sacramento,Sacramento Valley Station,64,True
1671,Flexible,2019-03-06,San Francisco,Salesforce Transit Center,16:50,1,Sacramento,Sacramento Valley Station,65,True
1672,Flexible,2019-03-06,San Francisco,Salesforce Transit Center,18:50,1,Sacramento,Sacramento Valley Station,67,True
1673,Value,2019-03-10,Sacramento,Sacramento Valley Station,06:30,1,Anaheim,Anaheim Intermodal Center,117,True
1674,Value,2019-03-10,Sacramento,Sacramento Valley Station,07:20,1,Anaheim,Anaheim Intermodal Center,138,True
1675,Value,2019-03-10,Sacramento,Sacramento Valley Station,08:10,1,Anaheim,Anaheim Intermodal Center,135,True
1676,Value,2019-03-10,Sacramento,Sacramento Valley Station,08:30,1,Anaheim,Anaheim Intermodal Center,150,True
1677,Value,2019-03-10,Sacramento,Sacramento Valley Station,11:30,1,Anaheim,Anaheim Intermodal Center,150,True
1678,Value,2019-03-10,Sacramento,Sacramento Valley Station,12:20,1,Anaheim,Anaheim Intermodal Center,149,True
1679,Value,2019-03-06,San Francisco,Salesforce Transit Center,07:10,1,Anaheim,Anaheim Intermodal Center,90,True
1680,Value,2019-03-06,San Francisco,Salesforce Transit Center,08:30,1,Anaheim,Anaheim Intermodal Center,81,True
1681,Value,2019-03-06,San Francisco,Salesforce Transit Center,08:50,1,Anaheim,Anaheim Intermodal Center,74,True
1682,Value,2019-03-06,San Francisco,Salesforce Transit Center,12:30,1,Anaheim,Anaheim Intermodal Center,88,True
1683,Value,2019-03-06,San Francisco,Salesforce Transit Center,14:20,1,Anaheim,Anaheim Intermodal Center,93,True
1684,Value,2019-03-06,San Francisco,Salesforce Transit Center,19:40,1,Anaheim,Anaheim Intermodal Center,85,True
1685,Value,2019-03-06,San Francisco,Salesforce Transit Center,19:50,1,Anaheim,Anaheim Intermodal Center,92,True
1686,Value,2019-03-11,Vancouver,Pacific Central Station,06:50,1,Portland,Union Station,81,True
1687,Value,2019-03-11,Vancouver,Pacific Central Station,08:10,1,Portland,Union Station,78,True
1688,Value,2019-03-11,Vancouver,Pacific Central Station,08:20,1,Portland,Union Station,80,True
1689,Value,2019-03-11,Vancouver,Pacific Central Station,08:40,1,Portland,Union Station,74,True
1690,Value,2019-03-11,Vancouver,Pacific Central Station,12:00,1,Portland,Union Station,75,True
1691,Value,2019-03-11,Vancouver,Pacific Central Station,14:10,1,Portland,Union Station,64,True
1692,Value,2019-03-11,Vancouver,Pacific Central Station,16:10,1,Portland,Union Station,77,True
1693,Value,2019-03-11,Vancouver,Pacific Central Station,16:20,1,Portland,Union Station,78,True
1694,Value,2019-03-12,Sacramento,Sacramento Valley Station,08:00,2,Fresno,Fresno Station,113,True
1695,Value,2019-03-12,Sacramento,Sacramento Valley Station,08:40,2,Fresno,Fresno Station,133,True
1696,Value,2019-03-12,Sacramento,Sacramento Valley Station,10:10,2,Fresno,Fresno Station,116,True
1697,Value,2019-03-12,Sacramento,Sacramento Valley Station,14:40,2,Fresno,Fresno Station,113,True
1698,Value,2019-03-12,Sacramento,Sacramento Valley Station,15:20,2,Fresno,Fresno Station,109,True
1699,Value,2019-03-12,Sacramento,Sacramento Valley Station,16:10,2,Fresno,Fresno Station,108,True
1700,Value,2019-03-12,Sacramento,Sacramento Valley Station,17:40,2,Fresno,Fresno Station,120,True
1701,Value,2019-03-09,Sacramento,Sacramento Valley Station,06:30,1,San Diego,Santa Fe Depot,158,True
1702,Value,2019-03-09,Sacramento,Sacramento Valley Station,07:20,1,San Diego,Santa Fe Depot,142,True
1703,Value,2019-03-09,Sacramento,Sacramento Valley Station,07:30,1,San Diego,Santa Fe Depot,141,True
1704,Value,2019-03-09,Sacramento,Sacramento Valley Station,08:00,1,San Diego,Santa Fe Depot,154,True
1705,Value,2019-03-09,Sacramento,Sacramento Valley Station,08:10,1,San Diego,Santa Fe Depot,145,True
1706,Value,2019-03-09,Sacramento,Sacramento Valley Station,08:30,1,San Diego,Santa Fe Depot,144,True
1707,Value,2019-03-09,Sacramento,Sacramento Valley Station,08:40,1,San Diego,Santa Fe Depot,153,True
1708,Value,2019-03-09,Sacramento,Sacramento Valley Station,09:30,1,San Diego,Santa Fe Depot,137,True
1709,Value,2019-03-09,Sacramento,Sacramento Valley Station,09:50,1,San Diego,Santa Fe Depot,144,True
1710,Value,2019-03-09,Sacramento,Sacramento Valley Station,10:10,1,San Diego,Santa Fe Depot,158,True
1711,Value,2019-03-04,San Francisco,Salesforce Transit Center,07:10,1,Anaheim,Anaheim Intermodal Center,91,True
1712,Value,2019-03-04,San Francisco,Salesforce Transit Center,08:30,1,Anaheim,Anaheim Intermodal Center,97,True
1713,Value,2019-03-04,San Francisco,Salesforce Transit Center,08:50,1,Anaheim,Anaheim Intermodal Center,86,True
1714,Value,2019-03-04,San Francisco,Salesforce Transit Center,12:30,1,Anaheim,Anaheim Intermodal Center,93,True
1715,Value,2019-03-04,San Francisco,Salesforce Transit Center,14:20,1,Anaheim,Anaheim Intermodal Center,85,True
1716,Value,2019-03-04,San Francisco,Salesforce Transit Center,19:40,1,Anaheim,Anaheim Intermodal Center,91,True
1717,Value,2019-03-04,San Francisco,Salesforce Transit Center,19:50,1,Anaheim,Anaheim Intermodal Center,91,True
1718,Value,2019-03-06,Philadelphia,30th Street Station,12:10,1,Chicago,Chicago Union Station,113,True
1719,Value,2019-03-06,Philadelphia,30th Street Station,15:40,1,Chicago,Chicago Union Station,110,True
1720,Value,2019-03-06,Philadelphia,30th Street Station,16:00,1,Chicago,Chicago Union Station,113,True
1721,Value,2019-03-01,Phoenix,Phoenix Union Station,07:00,1,Anaheim,Anaheim Intermodal Center,131,True
1722,Value,2019-03-01,Phoenix,Phoenix Union Station,07:20,1,Anaheim,Anaheim Intermodal Center,120,True
1723,Value,2019-03-01,Phoenix,Phoenix Union Station,08:40,1,Anaheim,Anaheim Intermodal Center,140,True
1724,Value,2019-03-01,Phoenix,Phoenix Union Station,09:40,1,Anaheim,Anaheim Intermodal Center,147,True
1725,Value,2019-03-01,Anaheim,Anaheim Intermodal Center,06:30,1,Los Angeles,Union Station,34,True
1726,Value,2019-03-01,Anaheim,Anaheim Intermodal Center,06:40,1,Los Angeles,Union Station,38,True
1727,Value,2019-03-01,Anaheim,Anaheim Intermodal Center,06:50,1,Los Angeles,Union Station,36,True
1728,Value,2019-03-01,Anaheim,Anaheim Intermodal Center,08:10,1,Los Angeles,Union Station,34,True
1729,Value,2019-03-01,Anaheim,Anaheim Intermodal Center,11:40,1,Los Angeles,Union Station,37,True
1730,Value,2019-03-01,Anaheim,Anaheim Intermodal Center,12:10,1,Los Angeles,Union Station,32,True
1731,Value,2019-03-01,Anaheim,Anaheim Intermodal Center,13:00,1,Los Angeles,Union Station,35,True
1732,Value,2019-03-01,Anaheim,Anaheim Intermodal Center,13:20,1,Los Angeles,Union Station,36,True
1733,Value,2019-03-01,Anaheim,Anaheim Intermodal Center,13:50,1,Los Angeles,Union Station,40,True
1734,Value,2019-03-01,Anaheim,Anaheim Intermodal Center,16:20,1,Los Angeles,Union Station,36,True
1735,Flexible,2019-03-06,Sacramento,Sacramento Valley Station,07:30,2,San Francisco,Salesforce Transit Center,134,True
1736,Flexible,2019-03-06,Sacramento,Sacramento Valley Station,08:10,2,San Francisco,Salesforce Transit Center,121,True
1737,Flexible,2019-03-06,Sacramento,Sacramento Valley Station,08:30,2,San Francisco,Salesforce Transit Center,123,True
1738,Flexible,2019-03-06,Sacramento,Sacramento Valley Station,09:30,2,San Francisco,Salesforce Transit Center,128,True
1739,Flexible,2019-03-06,Sacramento,Sacramento Valley Station,09:50,2,San Francisco,Salesforce Transit Center,128,True
1740,Flexible,2019-03-06,Sacramento,Sacramento Valley Station,11:30,2,San Francisco,Salesforce Transit Center,121,True
1741,Flexible,2019-03-06,Sacramento,Sacramento Valley Station,12:20,2,San Francisco,Salesforce Transit Center,123,True
1742,Flexible,2019-03-06,Sacramento,Sacramento Valley Station,16:40,2,San Francisco,Salesforce Transit Center,116,True
1743,Flexible,2019-03-06,Sacramento,Sacramento Valley Station,17:00,2,San Francisco,Salesforce Transit Center,123,True
1744,Flexible,2019-03-06,Sacramento,Sacramento Valley Station,19:30,2,San Francisco,Salesforce Transit Center,121,True
1745,Value,2019-03-01,Philadelphia,30th Street Station,12:10,1,Chicago,Chicago Union Station,110,True
1746,Value,2019-03-01,Philadelphia,30th Street Station,15:40,1,Chicago,Chicago Union Station,115,True
1747,Value,2019-03-01,Philadelphia,30th Street Station,16:00,1,Chicago,Chicago Union Station,119,True
1748,Flexible,2019-03-01,Philadelphia,30th Street Station,12:10,1,Chicago,Chicago Union Station,130,True
1749,Value,2019-03-10,Fresno,Fresno Station,07:00,1,Anaheim,Anaheim Intermodal Center,75,True
1750,Value,2019-03-10,Fresno,Fresno Station,09:30,1,Anaheim,Anaheim Intermodal Center,73,True
1751,Value,2019-03-10,Fresno,Fresno Station,10:50,1,Anaheim,Anaheim Intermodal Center,71,True
1752,Value,2019-03-10,Fresno,Fresno Station,16:50,1,Anaheim,Anaheim Intermodal Center,73,True
1753,Value,2019-03-10,Fresno,Fresno Station,18:00,1,Anaheim,Anaheim Intermodal Center,64,True
1754,Value,2019-03-10,Fresno,Fresno Station,18:40,1,Anaheim,Anaheim Intermodal Center,72,True
1755,Value,2019-03-07,New York,Grand Central Station,06:00,1,Chicago,Chicago Union Station,119,True
1756,Value,2019-03-07,New York,Grand Central Station,06:10,1,Chicago,Chicago Union Station,124,True
1757,Value,2019-03-07,New York,Grand Central Station,07:50,1,Chicago,Chicago Union Station,117,True
1758,Value,2019-03-07,New York,Grand Central Station,09:50,1,Chicago,Chicago Union Station,96,True
1759,Value,2019-03-07,New York,Grand Central Station,13:40,1,Chicago,Chicago Union Station,115,True
1760,Value,2019-03-07,New York,Grand Central Station,17:10,1,Chicago,Chicago Union Station,121,True
1761,Value,2019-03-11,Los Angeles,Union Station,06:50,1,San Diego,Santa Fe Depot,54,True
1762,Value,2019-03-11,Los Angeles,Union Station,08:10,1,San Diego,Santa Fe Depot,53,True
1763,Value,2019-03-11,Los Angeles,Union Station,09:50,1,San Diego,Santa Fe Depot,52,True
1764,Value,2019-03-11,Los Angeles,Union Station,10:40,1,San Diego,Santa Fe Depot,55,True
1765,Value,2019-03-11,Los Angeles,Union Station,12:00,1,San Diego,Santa Fe Depot,57,True
1766,Value,2019-03-11,Los Angeles,Union Station,12:40,1,San Diego,Santa Fe Depot,54,True
1767,Value,2019-03-11,Los Angeles,Union Station,13:40,1,San Diego,Santa Fe Depot,56,True
1768,Value,2019-03-11,Los Angeles,Union Station,14:10,1,San Diego,Santa Fe Depot,58,True
1769,Value,2019-03-11,Los Angeles,Union Station,17:40,1,San Diego,Santa Fe Depot,58,True
1770,Value,2019-03-11,Los Angeles,Union Station,18:30,1,San Diego,Santa Fe Depot,55,True
1771,Business,2019-03-11,Los Angeles,Union Station,06:50,4,San Diego,Santa Fe Depot,325,True
1772,Value,2019-03-11,Los Angeles,Union Station,08:10,4,San Diego,Santa Fe Depot,172,True
1773,Business,2019-03-11,Los Angeles,Union Station,09:50,4,San Diego,Santa Fe Depot,329,True
1774,Value,2019-03-11,Los Angeles,Union Station,12:40,4,San Diego,Santa Fe Depot,174,True
1775,Business,2019-03-11,Los Angeles,Union Station,14:10,4,San Diego,Santa Fe Depot,337,True
1776,Flexible,2019-03-11,Los Angeles,Union Station,17:40,4,San Diego,Santa Fe Depot,271,True
1777,Value,2019-03-11,Los Angeles,Union Station,18:30,4,San Diego,Santa Fe Depot,184,True
1778,Flexible,2019-03-11,Los Angeles,Union Station,19:00,4,San Diego,Santa Fe Depot,272,True
1779,Business,2019-03-13,Phoenix,Phoenix Union Station,07:00,2,Los Angeles,Union Station,234,True
1780,Value,2019-03-07,Anaheim,Anaheim Intermodal Center,06:30,1,San Diego,Santa Fe Depot,48,True
1781,Value,2019-03-07,Anaheim,Anaheim Intermodal Center,12:00,1,San Diego,Santa Fe Depot,49,True
1782,Value,2019-03-07,Anaheim,Anaheim Intermodal Center,13:00,1,San Diego,Santa Fe Depot,41,True
1783,Value,2019-03-07,Anaheim,Anaheim Intermodal Center,14:50,1,San Diego,Santa Fe Depot,47,True
1784,Value,2019-03-07,Anaheim,Anaheim Intermodal Center,16:40,1,San Diego,Santa Fe Depot,53,True
1785,Value,2019-03-07,Anaheim,Anaheim Intermodal Center,17:40,1,San Diego,Santa Fe Depot,46,True
1786,Value,2019-03-07,Anaheim,Anaheim Intermodal Center,19:20,1,San Diego,Santa Fe Depot,51,True
1787,Value,2019-03-04,Vancouver,Pacific Central Station,06:20,1,Seattle,King Street Station,61,True
1788,Value,2019-03-04,Vancouver,Pacific Central Station,06:40,1,Seattle,King Street Station,59,True
1789,Value,2019-03-04,Vancouver,Pacific Central Station,07:10,1,Seattle,King Street Station,59,True
1790,Value,2019-03-04,Vancouver,Pacific Central Station,14:40,1,Seattle,King Street Station,56,True
1791,Value,2019-03-04,Vancouver,Pacific Central Station,15:10,1,Seattle,King Street Station,60,True
1792,Value,2019-03-04,Vancouver,Pacific Central Station,15:50,1,Seattle,King Street Station,59,True
1793,Value,2019-03-04,Vancouver,Pacific Central Station,17:40,1,Seattle,King Street Station,60,True
1794,Value,2019-03-04,Vancouver,Pacific Central Station,18:10,1,Seattle,King Street Station,58,True
1795,Value,2019-03-04,Vancouver,Pacific Central Station,18:30,1,Seattle,King Street Station,55,True
1796,Value,2019-03-13,Anaheim,Anaheim Intermodal Center,06:30,1,Los Angeles,Union Station,34,True
1797,Value,2019-03-13,Anaheim,Anaheim Intermodal Center,06:40,1,Los Angeles,Union Station,35,True
1798,Value,2019-03-13,Anaheim,Anaheim Intermodal Center,06:50,1,Los Angeles,Union Station,35,True
1799,Value,2019-03-13,Anaheim,Anaheim Intermodal Center,08:10,1,Los Angeles,Union Station,32,True
1800,Value,2019-03-13,Anaheim,Anaheim Intermodal Center,11:40,1,Los Angeles,Union Station,32,True
1801,Value,2019-03-13,Anaheim,Anaheim Intermodal Center,12:10,1,Los Angeles,Union Station,36,True
1802,Value,2019-03-13,Anaheim,Anaheim Intermodal Center,13:00,1,Los Angeles,Union Station,34,True
1803,Value,2019-03-13,Anaheim,Anaheim Intermodal Center,13:20,1,Los Angeles,Union Station,36,True
1804,Value,2019-03-13,Anaheim,Anaheim Intermodal Center,13:50,1,Los Angeles,Union Station,37,True
1805,Value,2019-03-13,Anaheim,Anaheim Intermodal Center,16:20,1,Los Angeles,Union Station,33,True
1806,Value,2019-03-01,Chicago,Chicago Union Station,07:30,1,New York,Grand Central Station,114,True
1807,Value,2019-03-01,Chicago,Chicago Union Station,08:00,1,New York,Grand Central Station,118,True
1808,Value,2019-03-01,Chicago,Chicago Union Station,08:10,1,New York,Grand Central Station,123,True
1809,Value,2019-03-01,Chicago,Chicago Union Station,09:40,1,New York,Grand Central Station,114,True
1810,Value,2019-03-01,Chicago,Chicago Union Station,10:50,1,New York,Grand Central Station,115,True
1811,Value,2019-03-01,Chicago,Chicago Union Station,17:40,1,New York,Grand Central Station,107,True
1812,Value,2019-03-01,Chicago,Chicago Union Station,18:00,1,New York,Grand Central Station,114,True
1813,Value,2019-03-02,New York,Grand Central Station,06:00,1,Chicago,Chicago Union Station,130,True
1814,Value,2019-03-02,New York,Grand Central Station,06:10,1,Chicago,Chicago Union Station,103,True
1815,Value,2019-03-02,New York,Grand Central Station,07:50,1,Chicago,Chicago Union Station,125,True
1816,Value,2019-03-02,New York,Grand Central Station,09:50,1,Chicago,Chicago Union Station,124,True
1817,Value,2019-03-02,New York,Grand Central Station,13:40,1,Chicago,Chicago Union Station,130,True
1818,Value,2019-03-02,New York,Grand Central Station,17:10,1,Chicago,Chicago Union Station,125,True
1819,Value,2019-03-10,Los Angeles,Union Station,06:00,1,Anaheim,Anaheim Intermodal Center,34,True
1820,Value,2019-03-10,Los Angeles,Union Station,06:10,1,Anaheim,Anaheim Intermodal Center,33,True
1821,Value,2019-03-10,Los Angeles,Union Station,06:30,1,Anaheim,Anaheim Intermodal Center,33,True
1822,Value,2019-03-10,Los Angeles,Union Station,06:40,1,Anaheim,Anaheim Intermodal Center,32,True
1823,Value,2019-03-10,Los Angeles,Union Station,07:30,1,Anaheim,Anaheim Intermodal Center,37,True
1824,Value,2019-03-10,Los Angeles,Union Station,07:40,1,Anaheim,Anaheim Intermodal Center,37,True
1825,Value,2019-03-10,Los Angeles,Union Station,12:20,1,Anaheim,Anaheim Intermodal Center,32,True
1826,Value,2019-03-10,Los Angeles,Union Station,14:00,1,Anaheim,Anaheim Intermodal Center,37,True
1827,Value,2019-03-10,Los Angeles,Union Station,15:10,1,Anaheim,Anaheim Intermodal Center,37,True
1828,Value,2019-03-10,Los Angeles,Union Station,17:20,1,Anaheim,Anaheim Intermodal Center,32,True
1829,Value,2019-03-07,Los Angeles,Union Station,06:00,1,Anaheim,Anaheim Intermodal Center,32,True
1830,Value,2019-03-07,Los Angeles,Union Station,06:10,1,Anaheim,Anaheim Intermodal Center,33,True
1831,Value,2019-03-07,Los Angeles,Union Station,06:30,1,Anaheim,Anaheim Intermodal Center,31,True
1832,Value,2019-03-07,Los Angeles,Union Station,06:40,1,Anaheim,Anaheim Intermodal Center,35,True
1833,Value,2019-03-07,Los Angeles,Union Station,07:30,1,Anaheim,Anaheim Intermodal Center,34,True
1834,Value,2019-03-07,Los Angeles,Union Station,07:40,1,Anaheim,Anaheim Intermodal Center,36,True
1835,Value,2019-03-07,Los Angeles,Union Station,12:20,1,Anaheim,Anaheim Intermodal Center,36,True
1836,Value,2019-03-07,Los Angeles,Union Station,14:00,1,Anaheim,Anaheim Intermodal Center,38,True
1837,Value,2019-03-07,Los Angeles,Union Station,15:10,1,Anaheim,Anaheim Intermodal Center,34,True
1838,Value,2019-03-07,Los Angeles,Union Station,17:20,1,Anaheim,Anaheim Intermodal Center,34,True
1839,Value,2019-03-14,Washington,Union Station,09:40,1,Chicago,Chicago Union Station,104,True
1840,Value,2019-03-14,Washington,Union Station,11:10,1,Chicago,Chicago Union Station,104,True
1841,Value,2019-03-14,Washington,Union Station,12:40,1,Chicago,Chicago Union Station,113,True
1842,Value,2019-03-14,Washington,Union Station,13:40,1,Chicago,Chicago Union Station,103,True
1843,Value,2019-03-14,Washington,Union Station,14:30,1,Chicago,Chicago Union Station,107,True
1844,Value,2019-03-05,New York,Grand Central Station,06:00,1,Chicago,Chicago Union Station,122,True
1845,Value,2019-03-05,New York,Grand Central Station,06:10,1,Chicago,Chicago Union Station,122,True
1846,Value,2019-03-05,New York,Grand Central Station,07:50,1,Chicago,Chicago Union Station,110,True
1847,Value,2019-03-05,New York,Grand Central Station,09:50,1,Chicago,Chicago Union Station,110,True
1848,Value,2019-03-05,New York,Grand Central Station,13:40,1,Chicago,Chicago Union Station,125,True
1849,Value,2019-03-05,New York,Grand Central Station,17:10,1,Chicago,Chicago Union Station,112,True
1850,Value,2019-03-04,New York,Grand Central Station,06:00,1,Chicago,Chicago Union Station,128,True
1851,Value,2019-03-04,New York,Grand Central Station,06:10,1,Chicago,Chicago Union Station,114,True
1852,Value,2019-03-04,New York,Grand Central Station,07:50,1,Chicago,Chicago Union Station,107,True
1853,Value,2019-03-04,New York,Grand Central Station,09:50,1,Chicago,Chicago Union Station,110,True
1854,Value,2019-03-04,New York,Grand Central Station,13:40,1,Chicago,Chicago Union Station,110,True
1855,Value,2019-03-07,San Diego,Santa Fe Depot,06:40,1,San Francisco,Salesforce Transit Center,100,True
1856,Value,2019-03-07,San Diego,Santa Fe Depot,08:00,1,San Francisco,Salesforce Transit Center,83,True
1857,Value,2019-03-07,San Diego,Santa Fe Depot,10:40,1,San Francisco,Salesforce Transit Center,100,True
1858,Value,2019-03-07,San Diego,Santa Fe Depot,13:10,1,San Francisco,Salesforce Transit Center,92,True
1859,Value,2019-03-07,San Diego,Santa Fe Depot,16:10,1,San Francisco,Salesforce Transit Center,107,True
1860,Value,2019-03-07,San Diego,Santa Fe Depot,18:40,1,San Francisco,Salesforce Transit Center,89,True
1861,Value,2019-03-07,San Diego,Santa Fe Depot,19:10,1,San Francisco,Salesforce Transit Center,91,True
1862,Flexible,2019-03-13,Philadelphia,30th Street Station,09:20,1,Atlanta,Peachtree Station,194,True
1863,Flexible,2019-03-13,Philadelphia,30th Street Station,11:40,1,Atlanta,Peachtree Station,187,True
1864,Flexible,2019-03-13,Philadelphia,30th Street Station,12:20,1,Atlanta,Peachtree Station,183,True
1865,Flexible,2019-03-13,Philadelphia,30th Street Station,16:10,1,Atlanta,Peachtree Station,201,True
1866,Flexible,2019-03-13,Philadelphia,30th Street Station,17:50,1,Atlanta,Peachtree Station,203,True
1867,Value,2019-03-12,Chicago,Chicago Union Station,08:30,1,Philadelphia,30th Street Station,108,True
1868,Value,2019-03-12,Chicago,Chicago Union Station,14:40,1,Philadelphia,30th Street Station,97,True
1869,Value,2019-03-12,Chicago,Chicago Union Station,17:20,1,Philadelphia,30th Street Station,116,True
1870,Value,2019-03-04,New York,Grand Central Station,08:20,4,Atlanta,Peachtree Station,729,True
1871,Value,2019-03-04,New York,Grand Central Station,11:30,4,Atlanta,Peachtree Station,719,True
1872,Value,2019-03-04,New York,Grand Central Station,15:00,4,Atlanta,Peachtree Station,701,True
1873,Business,2019-03-10,Los Angeles,Union Station,06:50,3,San Diego,Santa Fe Depot,243,True
1874,Business,2019-03-10,Los Angeles,Union Station,09:50,3,San Diego,Santa Fe Depot,265,True
1875,Business,2019-03-10,Los Angeles,Union Station,10:40,3,San Diego,Santa Fe Depot,268,True
1876,Business,2019-03-10,Los Angeles,Union Station,12:00,3,San Diego,Santa Fe Depot,263,True
1877,Business,2019-03-10,Los Angeles,Union Station,12:40,3,San Diego,Santa Fe Depot,256,True
1878,Business,2019-03-10,Los Angeles,Union Station,13:40,3,San Diego,Santa Fe Depot,255,True
1879,Business,2019-03-10,Los Angeles,Union Station,14:10,3,San Diego,Santa Fe Depot,268,True
1880,Business,2019-03-10,Los Angeles,Union Station,17:40,3,San Diego,Santa Fe Depot,263,True
1881,Business,2019-03-10,Los Angeles,Union Station,18:30,3,San Diego,Santa Fe Depot,256,True
1882,Business,2019-03-10,Los Angeles,Union Station,19:00,3,San Diego,Santa Fe Depot,259,True
1883,Business,2019-03-13,Los Angeles,Union Station,06:50,3,San Diego,Santa Fe Depot,241,True
1884,Business,2019-03-13,Los Angeles,Union Station,12:00,3,San Diego,Santa Fe Depot,241,True
1885,Business,2019-03-13,Los Angeles,Union Station,12:40,3,San Diego,Santa Fe Depot,246,True
1886,Business,2019-03-13,Los Angeles,Union Station,13:40,3,San Diego,Santa Fe Depot,272,True
1887,Business,2019-03-13,Los Angeles,Union Station,14:10,3,San Diego,Santa Fe Depot,225,True
1888,Business,2019-03-13,Los Angeles,Union Station,17:40,3,San Diego,Santa Fe Depot,264,True
1889,Business,2019-03-13,Los Angeles,Union Station,18:30,3,San Diego,Santa Fe Depot,268,True
1890,Value,2019-03-04,Portland,Union Station,09:10,1,Seattle,King Street Station,62,True
1891,Value,2019-03-04,Portland,Union Station,10:10,1,Seattle,King Street Station,66,True
1892,Value,2019-03-04,Portland,Union Station,12:30,1,Seattle,King Street Station,63,True
1893,Value,2019-03-04,Portland,Union Station,13:40,1,Seattle,King Street Station,67,True
1894,Value,2019-03-04,Portland,Union Station,14:00,1,Seattle,King Street Station,58,True
1895,Value,2019-03-04,Portland,Union Station,15:00,1,Seattle,King Street Station,66,True
1896,Value,2019-03-04,Portland,Union Station,16:00,1,Seattle,King Street Station,54,True
1897,Value,2019-03-04,Portland,Union Station,17:00,1,Seattle,King Street Station,55,True
1898,Value,2019-03-04,Portland,Union Station,17:30,1,Seattle,King Street Station,63,True
1899,Flexible,2019-03-04,Portland,Union Station,09:10,1,Seattle,King Street Station,84,True
1900,Value,2019-03-06,Chicago,Chicago Union Station,06:20,1,Washington,Union Station,119,True
1901,Value,2019-03-06,Chicago,Chicago Union Station,11:50,1,Washington,Union Station,99,True
1902,Value,2019-03-06,Chicago,Chicago Union Station,12:50,1,Washington,Union Station,98,True
1903,Value,2019-03-06,Chicago,Chicago Union Station,17:00,1,Washington,Union Station,101,True
1904,Value,2019-03-06,Chicago,Chicago Union Station,17:20,1,Washington,Union Station,119,True
1905,Value,2019-03-06,Chicago,Chicago Union Station,17:30,1,Washington,Union Station,104,True
1906,Flexible,2019-03-06,Chicago,Chicago Union Station,06:20,1,Washington,Union Station,135,True
1907,Value,2019-03-04,Philadelphia,30th Street Station,12:10,2,Chicago,Chicago Union Station,169,True
1908,Value,2019-03-04,Philadelphia,30th Street Station,15:40,2,Chicago,Chicago Union Station,251,True
1909,Value,2019-03-04,Philadelphia,30th Street Station,16:00,2,Chicago,Chicago Union Station,213,True
1910,Value,2019-03-01,Washington,Union Station,06:20,2,New York,Grand Central Station,123,True
1911,Value,2019-03-01,Washington,Union Station,06:40,2,New York,Grand Central Station,115,True
1912,Value,2019-03-01,Washington,Union Station,10:40,2,New York,Grand Central Station,121,True
1913,Value,2019-03-01,Washington,Union Station,13:40,2,New York,Grand Central Station,121,True
1914,Value,2019-03-01,Washington,Union Station,13:50,2,New York,Grand Central Station,119,True
1915,Value,2019-03-01,Washington,Union Station,14:10,2,New York,Grand Central Station,126,True
1916,Value,2019-03-01,Washington,Union Station,17:20,2,New York,Grand Central Station,115,True
1917,Value,2019-03-01,Washington,Union Station,19:30,2,New York,Grand Central Station,125,True
1918,Value,2019-03-01,Washington,Union Station,19:50,2,New York,Grand Central Station,128,True
1919,Value,2019-03-05,San Diego,Santa Fe Depot,06:40,1,San Francisco,Salesforce Transit Center,102,True
1920,Value,2019-03-05,San Diego,Santa Fe Depot,08:00,1,San Francisco,Salesforce Transit Center,97,True
1921,Value,2019-03-05,San Diego,Santa Fe Depot,10:40,1,San Francisco,Salesforce Transit Center,97,True
1922,Value,2019-03-05,San Diego,Santa Fe Depot,13:10,1,San Francisco,Salesforce Transit Center,84,True
1923,Value,2019-03-05,San Diego,Santa Fe Depot,16:10,1,San Francisco,Salesforce Transit Center,87,True
1924,Value,2019-03-05,San Diego,Santa Fe Depot,18:40,1,San Francisco,Salesforce Transit Center,92,True
1925,Value,2019-03-05,San Diego,Santa Fe Depot,19:10,1,San Francisco,Salesforce Transit Center,86,True
1926,Value,2019-03-10,Washington,Union Station,06:20,1,New York,Grand Central Station,72,True
1927,Value,2019-03-10,Washington,Union Station,06:40,1,New York,Grand Central Station,67,True
1928,Value,2019-03-10,Washington,Union Station,10:40,1,New York,Grand Central Station,67,True
1929,Value,2019-03-10,Washington,Union Station,13:40,1,New York,Grand Central Station,70,True
1930,Value,2019-03-10,Washington,Union Station,13:50,1,New York,Grand Central Station,71,True
1931,Value,2019-03-10,Washington,Union Station,14:10,1,New York,Grand Central Station,62,True
1932,Value,2019-03-10,Washington,Union Station,17:20,1,New York,Grand Central Station,73,True
1933,Value,2019-03-10,Washington,Union Station,19:30,1,New York,Grand Central Station,69,True
1934,Value,2019-03-10,Washington,Union Station,19:50,1,New York,Grand Central Station,70,True
1935,Flexible,2019-03-03,New York,Grand Central Station,06:00,1,Chicago,Chicago Union Station,137,True
1936,Flexible,2019-03-03,New York,Grand Central Station,06:10,1,Chicago,Chicago Union Station,145,True
1937,Flexible,2019-03-03,New York,Grand Central Station,07:50,1,Chicago,Chicago Union Station,136,True
1938,Flexible,2019-03-03,New York,Grand Central Station,09:50,1,Chicago,Chicago Union Station,137,True
1939,Flexible,2019-03-03,New York,Grand Central Station,13:40,1,Chicago,Chicago Union Station,147,True
1940,Flexible,2019-03-03,New York,Grand Central Station,17:10,1,Chicago,Chicago Union Station,157,True
1941,Flexible,2019-03-13,New York,Grand Central Station,06:00,1,Chicago,Chicago Union Station,117,True
1942,Flexible,2019-03-13,New York,Grand Central Station,06:10,1,Chicago,Chicago Union Station,142,True
1943,Flexible,2019-03-13,New York,Grand Central Station,07:50,1,Chicago,Chicago Union Station,139,True
1944,Flexible,2019-03-13,New York,Grand Central Station,09:50,1,Chicago,Chicago Union Station,122,True
1945,Flexible,2019-03-13,New York,Grand Central Station,13:40,1,Chicago,Chicago Union Station,121,True
1946,Flexible,2019-03-13,New York,Grand Central Station,17:10,1,Chicago,Chicago Union Station,157,True
1947,Flexible,2019-03-06,San Francisco,Salesforce Transit Center,06:00,3,Phoenix,Phoenix Union Station,619,True
1948,Flexible,2019-03-06,San Francisco,Salesforce Transit Center,06:20,3,Phoenix,Phoenix Union Station,611,True
1949,Flexible,2019-03-06,San Francisco,Salesforce Transit Center,09:20,3,Phoenix,Phoenix Union Station,605,True
1950,Value,2019-03-11,Atlanta,Peachtree Station,13:00,1,Washington,Union Station,108,True
1951,Value,2019-03-11,Atlanta,Peachtree Station,14:00,1,Washington,Union Station,99,True
1952,Value,2019-03-11,Atlanta,Peachtree Station,14:40,1,Washington,Union Station,100,True
1953,Value,2019-03-11,Atlanta,Peachtree Station,16:30,1,Washington,Union Station,106,True
1954,Value,2019-03-11,Atlanta,Peachtree Station,17:30,1,Washington,Union Station,98,True
1955,Value,2019-03-11,Atlanta,Peachtree Station,19:10,1,Washington,Union Station,106,True
1956,Flexible,2019-03-11,Atlanta,Peachtree Station,13:00,2,Washington,Union Station,241,True
1957,Value,2019-03-03,San Francisco,Salesforce Transit Center,06:00,2,Phoenix,Phoenix Union Station,379,True
1958,Value,2019-03-03,San Francisco,Salesforce Transit Center,06:20,2,Phoenix,Phoenix Union Station,357,True
1959,Value,2019-03-03,San Francisco,Salesforce Transit Center,09:20,2,Phoenix,Phoenix Union Station,357,True
1960,Flexible,2019-03-03,San Francisco,Salesforce Transit Center,06:20,2,Phoenix,Phoenix Union Station,395,True
1961,Value,2019-03-06,San Francisco,Salesforce Transit Center,06:00,1,San Diego,Santa Fe Depot,91,True
1962,Value,2019-03-06,San Francisco,Salesforce Transit Center,09:20,1,San Diego,Santa Fe Depot,99,True
1963,Value,2019-03-06,San Francisco,Salesforce Transit Center,12:00,1,San Diego,Santa Fe Depot,102,True
1964,Value,2019-03-06,San Francisco,Salesforce Transit Center,17:00,1,San Diego,Santa Fe Depot,102,True
1965,Value,2019-03-06,San Francisco,Salesforce Transit Center,17:20,1,San Diego,Santa Fe Depot,87,True
1966,Value,2019-03-06,San Francisco,Salesforce Transit Center,19:40,1,San Diego,Santa Fe Depot,103,True
1967,Value,2019-03-10,San Francisco,Salesforce Transit Center,06:20,1,Los Angeles,Union Station,89,True
1968,Value,2019-03-10,San Francisco,Salesforce Transit Center,08:40,1,Los Angeles,Union Station,92,True
1969,Value,2019-03-10,San Francisco,Salesforce Transit Center,11:40,1,Los Angeles,Union Station,87,True
1970,Value,2019-03-10,San Francisco,Salesforce Transit Center,14:00,1,Los Angeles,Union Station,79,True
1971,Value,2019-03-10,San Francisco,Salesforce Transit Center,15:10,1,Los Angeles,Union Station,86,True
1972,Value,2019-03-10,San Francisco,Salesforce Transit Center,15:20,1,Los Angeles,Union Station,99,True
1973,Value,2019-03-10,San Francisco,Salesforce Transit Center,16:30,1,Los Angeles,Union Station,94,True
1974,Value,2019-03-10,San Francisco,Salesforce Transit Center,17:20,1,Los Angeles,Union Station,80,True
1975,Value,2019-03-10,San Francisco,Salesforce Transit Center,17:40,1,Los Angeles,Union Station,86,True
1976,Value,2019-03-01,New York,Grand Central Station,07:20,1,Washington,Union Station,70,True
1977,Value,2019-03-01,New York,Grand Central Station,08:20,1,Washington,Union Station,67,True
1978,Value,2019-03-01,New York,Grand Central Station,11:30,1,Washington,Union Station,65,True
1979,Value,2019-03-01,New York,Grand Central Station,13:00,1,Washington,Union Station,67,True
1980,Value,2019-03-01,New York,Grand Central Station,13:40,1,Washington,Union Station,66,True
1981,Value,2019-03-01,New York,Grand Central Station,13:50,1,Washington,Union Station,71,True
1982,Value,2019-03-01,New York,Grand Central Station,14:40,1,Washington,Union Station,64,True
1983,Value,2019-03-01,New York,Grand Central Station,14:50,1,Washington,Union Station,57,True
1984,Value,2019-03-01,New York,Grand Central Station,15:00,1,Washington,Union Station,70,True
1985,Value,2019-03-12,Washington,Union Station,06:20,1,New York,Grand Central Station,66,True
1986,Value,2019-03-12,Washington,Union Station,06:40,1,New York,Grand Central Station,63,True
1987,Value,2019-03-12,Washington,Union Station,10:40,1,New York,Grand Central Station,74,True
1988,Value,2019-03-12,Washington,Union Station,13:40,1,New York,Grand Central Station,72,True
1989,Value,2019-03-12,Washington,Union Station,13:50,1,New York,Grand Central Station,71,True
1990,Value,2019-03-12,Washington,Union Station,14:10,1,New York,Grand Central Station,67,True
1991,Value,2019-03-12,Washington,Union Station,17:20,1,New York,Grand Central Station,67,True
1992,Value,2019-03-12,Washington,Union Station,19:30,1,New York,Grand Central Station,75,True
1993,Value,2019-03-12,Washington,Union Station,19:50,1,New York,Grand Central Station,70,True
1994,Value,2019-03-10,Seattle,King Street Station,09:00,4,Vancouver,Pacific Central Station,183,True
1995,Value,2019-03-10,Seattle,King Street Station,10:10,4,Vancouver,Pacific Central Station,175,True
1996,Value,2019-03-10,Seattle,King Street Station,11:20,4,Vancouver,Pacific Central Station,190,True
1997,Value,2019-03-10,Seattle,King Street Station,12:10,4,Vancouver,Pacific Central Station,200,True
1998,Value,2019-03-10,Seattle,King Street Station,19:10,4,Vancouver,Pacific Central Station,213,True
1999,Value,2019-03-04,Seattle,King Street Station,10:00,4,Vancouver,Pacific Central Station,197,True
2000,Value,2019-03-04,Seattle,King Street Station,10:10,4,Vancouver,Pacific Central Station,184,True
2001,Flexible,2019-03-04,Seattle,King Street Station,12:10,4,Vancouver,Pacific Central Station,280,True
2002,Value,2019-03-04,Seattle,King Street Station,12:40,4,Vancouver,Pacific Central Station,174,True
2003,Value,2019-03-04,Seattle,King Street Station,19:10,4,Vancouver,Pacific Central Station,165,True
2004,Business,2019-03-06,San Francisco,Salesforce Transit Center,06:00,1,San Diego,Santa Fe Depot,132,True
2005,Business,2019-03-06,San Francisco,Salesforce Transit Center,09:20,1,San Diego,Santa Fe Depot,140,True
2006,Business,2019-03-06,San Francisco,Salesforce Transit Center,12:00,1,San Diego,Santa Fe Depot,144,True
2007,Business,2019-03-06,San Francisco,Salesforce Transit Center,17:00,1,San Diego,Santa Fe Depot,141,True
2008,Business,2019-03-06,San Francisco,Salesforce Transit Center,17:20,1,San Diego,Santa Fe Depot,128,True
2009,Business,2019-03-02,San Francisco,Salesforce Transit Center,06:00,1,San Diego,Santa Fe Depot,148,True
2010,Business,2019-03-02,San Francisco,Salesforce Transit Center,09:20,1,San Diego,Santa Fe Depot,132,True
2011,Business,2019-03-02,San Francisco,Salesforce Transit Center,12:00,1,San Diego,Santa Fe Depot,126,True
2012,Business,2019-03-02,San Francisco,Salesforce Transit Center,17:00,1,San Diego,Santa Fe Depot,137,True
2013,Value,2019-03-08,Phoenix,Phoenix Union Station,07:00,4,Los Angeles,Union Station,322,True
2014,Value,2019-03-08,Phoenix,Phoenix Union Station,16:00,4,Los Angeles,Union Station,289,True
2015,Value,2019-03-09,Portland,Union Station,09:10,1,Seattle,King Street Station,63,True
2016,Value,2019-03-09,Portland,Union Station,10:10,1,Seattle,King Street Station,60,True
2017,Value,2019-03-09,Portland,Union Station,12:30,1,Seattle,King Street Station,58,True
2018,Value,2019-03-09,Portland,Union Station,13:40,1,Seattle,King Street Station,63,True
2019,Value,2019-03-09,Portland,Union Station,14:00,1,Seattle,King Street Station,56,True
2020,Value,2019-03-09,Portland,Union Station,15:00,1,Seattle,King Street Station,62,True
2021,Value,2019-03-09,Portland,Union Station,16:00,1,Seattle,King Street Station,58,True
2022,Value,2019-03-09,Portland,Union Station,17:00,1,Seattle,King Street Station,59,True
2023,Value,2019-03-09,Portland,Union Station,17:30,1,Seattle,King Street Station,60,True
2024,Value,2019-03-06,Los Angeles,Union Station,06:30,1,Phoenix,Phoenix Union Station,87,True
2025,Value,2019-03-06,Los Angeles,Union Station,07:40,1,Phoenix,Phoenix Union Station,86,True
2026,Value,2019-03-06,Los Angeles,Union Station,08:10,1,Phoenix,Phoenix Union Station,94,True
2027,Value,2019-03-06,Los Angeles,Union Station,09:00,1,Phoenix,Phoenix Union Station,90,True
2028,Value,2019-03-06,Los Angeles,Union Station,11:20,1,Phoenix,Phoenix Union Station,92,True
2029,Value,2019-03-11,San Diego,Santa Fe Depot,11:20,2,Phoenix,Phoenix Union Station,154,True
2030,Value,2019-03-11,San Diego,Santa Fe Depot,13:30,2,Phoenix,Phoenix Union Station,141,True
2031,Value,2019-03-11,San Diego,Santa Fe Depot,15:30,2,Phoenix,Phoenix Union Station,158,True
2032,Value,2019-03-11,San Diego,Santa Fe Depot,15:40,2,Phoenix,Phoenix Union Station,156,True
2033,Value,2019-03-11,San Diego,Santa Fe Depot,16:10,2,Phoenix,Phoenix Union Station,131,True
2034,Flexible,2019-03-11,San Diego,Santa Fe Depot,11:20,2,Phoenix,Phoenix Union Station,194,True
2035,Value,2019-03-05,Vancouver,Pacific Central Station,06:40,3,Seattle,King Street Station,131,True
2036,Value,2019-03-05,Vancouver,Pacific Central Station,07:10,3,Seattle,King Street Station,151,True
2037,Value,2019-03-05,Vancouver,Pacific Central Station,15:10,3,Seattle,King Street Station,140,True
2038,Value,2019-03-05,Vancouver,Pacific Central Station,17:40,3,Seattle,King Street Station,129,True
2039,Value,2019-03-05,Vancouver,Pacific Central Station,18:10,3,Seattle,King Street Station,140,True
2040,Value,2019-03-05,Vancouver,Pacific Central Station,18:30,3,Seattle,King Street Station,145,True
2041,Flexible,2019-03-05,Vancouver,Pacific Central Station,15:10,3,Seattle,King Street Station,199,True
2042,Value,2019-03-09,New York,Grand Central Station,07:20,1,Atlanta,Peachtree Station,196,True
2043,Value,2019-03-09,New York,Grand Central Station,08:20,1,Atlanta,Peachtree Station,188,True
2044,Value,2019-03-09,New York,Grand Central Station,11:30,1,Atlanta,Peachtree Station,184,True
2045,Value,2019-03-09,New York,Grand Central Station,13:00,1,Atlanta,Peachtree Station,178,True
2046,Value,2019-03-09,New York,Grand Central Station,13:40,1,Atlanta,Peachtree Station,187,True
2047,Value,2019-03-09,New York,Grand Central Station,13:50,1,Atlanta,Peachtree Station,187,True
2048,Value,2019-03-09,New York,Grand Central Station,15:00,1,Atlanta,Peachtree Station,174,True
2049,Value,2019-03-12,Chicago,Chicago Union Station,07:30,1,New York,Grand Central Station,105,True
2050,Value,2019-03-12,Chicago,Chicago Union Station,08:00,1,New York,Grand Central Station,124,True
2051,Value,2019-03-12,Chicago,Chicago Union Station,08:10,1,New York,Grand Central Station,111,True
2052,Value,2019-03-12,Chicago,Chicago Union Station,09:40,1,New York,Grand Central Station,116,True
2053,Value,2019-03-12,Chicago,Chicago Union Station,10:50,1,New York,Grand Central Station,112,True
2054,Value,2019-03-12,Chicago,Chicago Union Station,17:40,1,New York,Grand Central Station,113,True
2055,Value,2019-03-12,Chicago,Chicago Union Station,18:00,1,New York,Grand Central Station,119,True
2056,Value,2019-03-03,Chicago,Chicago Union Station,07:30,1,New York,Grand Central Station,116,True
2057,Value,2019-03-03,Chicago,Chicago Union Station,08:00,1,New York,Grand Central Station,123,True
2058,Value,2019-03-03,Chicago,Chicago Union Station,08:10,1,New York,Grand Central Station,120,True
2059,Value,2019-03-03,Chicago,Chicago Union Station,09:40,1,New York,Grand Central Station,107,True
2060,Value,2019-03-03,Chicago,Chicago Union Station,10:50,1,New York,Grand Central Station,109,True
2061,Value,2019-03-03,Chicago,Chicago Union Station,17:40,1,New York,Grand Central Station,135,True
2062,Value,2019-03-03,Chicago,Chicago Union Station,18:00,1,New York,Grand Central Station,108,True
2063,Business,2019-03-08,Washington,Union Station,06:00,3,Philadelphia,30th Street Station,275,True
2064,Value,2019-03-08,Washington,Union Station,07:20,3,Philadelphia,30th Street Station,143,True
2065,Value,2019-03-08,Washington,Union Station,08:00,3,Philadelphia,30th Street Station,142,True
2066,Value,2019-03-08,Washington,Union Station,08:20,3,Philadelphia,30th Street Station,157,True
2067,Value,2019-03-08,Washington,Union Station,08:40,3,Philadelphia,30th Street Station,152,True
2068,Value,2019-03-08,Washington,Union Station,10:20,3,Philadelphia,30th Street Station,145,True
2069,Value,2019-03-08,Washington,Union Station,10:50,3,Philadelphia,30th Street Station,148,True
2070,Flexible,2019-03-08,Washington,Union Station,17:50,3,Philadelphia,30th Street Station,196,True
2071,Value,2019-03-11,Seattle,King Street Station,06:20,2,Vancouver,Pacific Central Station,102,True
2072,Value,2019-03-11,Seattle,King Street Station,09:00,2,Vancouver,Pacific Central Station,101,True
2073,Value,2019-03-11,Seattle,King Street Station,09:30,2,Vancouver,Pacific Central Station,94,True
2074,Value,2019-03-11,Seattle,King Street Station,10:00,2,Vancouver,Pacific Central Station,98,True
2075,Value,2019-03-11,Seattle,King Street Station,10:10,2,Vancouver,Pacific Central Station,98,True
2076,Value,2019-03-11,Seattle,King Street Station,11:20,2,Vancouver,Pacific Central Station,106,True
2077,Value,2019-03-11,Seattle,King Street Station,12:10,2,Vancouver,Pacific Central Station,103,True
2078,Value,2019-03-11,Seattle,King Street Station,12:40,2,Vancouver,Pacific Central Station,102,True
2079,Value,2019-03-11,Seattle,King Street Station,19:10,2,Vancouver,Pacific Central Station,113,True
2080,Value,2019-03-10,Chicago,Chicago Union Station,08:30,1,Philadelphia,30th Street Station,109,True
2081,Value,2019-03-10,Chicago,Chicago Union Station,14:40,1,Philadelphia,30th Street Station,110,True
2082,Value,2019-03-10,Chicago,Chicago Union Station,17:20,1,Philadelphia,30th Street Station,130,True
2083,Value,2019-03-01,Chicago,Chicago Union Station,08:30,1,Philadelphia,30th Street Station,115,True
2084,Value,2019-03-01,Chicago,Chicago Union Station,14:40,1,Philadelphia,30th Street Station,129,True
2085,Value,2019-03-01,Chicago,Chicago Union Station,17:20,1,Philadelphia,30th Street Station,109,True
2086,Value,2019-03-13,New York,Grand Central Station,06:00,1,Chicago,Chicago Union Station,96,True
2087,Value,2019-03-13,New York,Grand Central Station,06:10,1,Chicago,Chicago Union Station,123,True
2088,Value,2019-03-13,New York,Grand Central Station,07:50,1,Chicago,Chicago Union Station,116,True
2089,Value,2019-03-13,New York,Grand Central Station,09:50,1,Chicago,Chicago Union Station,100,True
2090,Value,2019-03-13,New York,Grand Central Station,13:40,1,Chicago,Chicago Union Station,104,True
2091,Value,2019-03-13,New York,Grand Central Station,17:10,1,Chicago,Chicago Union Station,136,True
2092,Value,2019-03-03,San Francisco,Salesforce Transit Center,06:00,1,Phoenix,Phoenix Union Station,196,True
2093,Value,2019-03-03,San Francisco,Salesforce Transit Center,06:20,1,Phoenix,Phoenix Union Station,186,True
2094,Value,2019-03-03,San Francisco,Salesforce Transit Center,09:20,1,Phoenix,Phoenix Union Station,188,True
2095,Value,2019-03-01,San Francisco,Salesforce Transit Center,06:00,3,Phoenix,Phoenix Union Station,508,True
2096,Value,2019-03-01,San Francisco,Salesforce Transit Center,06:20,3,Phoenix,Phoenix Union Station,553,True
2097,Value,2019-03-01,San Francisco,Salesforce Transit Center,09:20,3,Phoenix,Phoenix Union Station,533,True
2098,Value,2019-03-11,Chicago,Chicago Union Station,06:20,2,Washington,Union Station,195,True
2099,Value,2019-03-11,Chicago,Chicago Union Station,11:50,2,Washington,Union Station,218,True
2100,Value,2019-03-11,Chicago,Chicago Union Station,12:50,2,Washington,Union Station,211,True
2101,Value,2019-03-11,Chicago,Chicago Union Station,17:00,2,Washington,Union Station,201,True
2102,Value,2019-03-11,Chicago,Chicago Union Station,17:20,2,Washington,Union Station,192,True
2103,Value,2019-03-11,Chicago,Chicago Union Station,17:30,2,Washington,Union Station,202,True
2104,Value,2019-03-09,Philadelphia,30th Street Station,12:10,1,Chicago,Chicago Union Station,107,True
2105,Value,2019-03-09,Philadelphia,30th Street Station,15:40,1,Chicago,Chicago Union Station,104,True
2106,Value,2019-03-09,Philadelphia,30th Street Station,16:00,1,Chicago,Chicago Union Station,108,True
2107,Value,2019-03-09,Philadelphia,30th Street Station,12:10,2,Chicago,Chicago Union Station,197,True
2108,Value,2019-03-09,Philadelphia,30th Street Station,15:40,2,Chicago,Chicago Union Station,187,True
2109,Value,2019-03-01,San Diego,Santa Fe Depot,06:10,1,Los Angeles,Union Station,57,True
2110,Value,2019-03-01,San Diego,Santa Fe Depot,06:40,1,Los Angeles,Union Station,58,True
2111,Value,2019-03-01,San Diego,Santa Fe Depot,07:30,1,Los Angeles,Union Station,51,True
2112,Value,2019-03-01,San Diego,Santa Fe Depot,08:00,1,Los Angeles,Union Station,58,True
2113,Value,2019-03-01,San Diego,Santa Fe Depot,08:10,1,Los Angeles,Union Station,57,True
2114,Value,2019-03-01,San Diego,Santa Fe Depot,10:20,1,Los Angeles,Union Station,60,True
2115,Value,2019-03-01,San Diego,Santa Fe Depot,11:00,1,Los Angeles,Union Station,52,True
2116,Value,2019-03-01,San Diego,Santa Fe Depot,11:30,1,Los Angeles,Union Station,54,True
2117,Value,2019-03-01,San Diego,Santa Fe Depot,16:00,1,Los Angeles,Union Station,52,True
2118,Value,2019-03-01,San Diego,Santa Fe Depot,19:00,1,Los Angeles,Union Station,53,True
2119,Value,2019-03-01,San Diego,Santa Fe Depot,06:10,3,Los Angeles,Union Station,145,True
2120,Value,2019-03-01,San Diego,Santa Fe Depot,06:40,3,Los Angeles,Union Station,141,True
2121,Value,2019-03-01,San Diego,Santa Fe Depot,07:30,3,Los Angeles,Union Station,131,True
2122,Value,2019-03-01,San Diego,Santa Fe Depot,08:00,3,Los Angeles,Union Station,139,True
2123,Value,2019-03-01,San Diego,Santa Fe Depot,08:10,3,Los Angeles,Union Station,149,True
2124,Value,2019-03-01,San Diego,Santa Fe Depot,10:20,3,Los Angeles,Union Station,151,True
2125,Value,2019-03-01,San Diego,Santa Fe Depot,19:30,3,Los Angeles,Union Station,129,True
2126,Value,2019-03-01,San Diego,Santa Fe Depot,19:40,3,Los Angeles,Union Station,133,True
2127,Value,2019-03-04,Washington,Union Station,06:20,3,New York,Grand Central Station,166,True
2128,Value,2019-03-04,Washington,Union Station,06:40,3,New York,Grand Central Station,192,True
2129,Value,2019-03-04,Washington,Union Station,10:40,3,New York,Grand Central Station,167,True
2130,Value,2019-03-04,Washington,Union Station,13:40,3,New York,Grand Central Station,188,True
2131,Value,2019-03-04,Washington,Union Station,13:50,3,New York,Grand Central Station,172,True
2132,Value,2019-03-04,Washington,Union Station,19:30,3,New York,Grand Central Station,184,True
2133,Business,2019-03-04,Washington,Union Station,06:40,3,New York,Grand Central Station,311,True
2134,Business,2019-03-04,Washington,Union Station,10:40,3,New York,Grand Central Station,287,True
2135,Business,2019-03-04,Washington,Union Station,13:40,3,New York,Grand Central Station,307,True
2136,Business,2019-03-04,Washington,Union Station,13:50,3,New York,Grand Central Station,294,True
2137,Business,2019-03-04,Washington,Union Station,14:10,3,New York,Grand Central Station,272,True
2138,Business,2019-03-04,Washington,Union Station,17:20,3,New York,Grand Central Station,281,True
2139,Business,2019-03-04,Washington,Union Station,19:50,3,New York,Grand Central Station,303,True
2140,Value,2019-03-10,Washington,Union Station,10:00,1,Atlanta,Peachtree Station,109,True
2141,Value,2019-03-10,Washington,Union Station,13:20,1,Atlanta,Peachtree Station,94,True
2142,Value,2019-03-10,Washington,Union Station,13:50,1,Atlanta,Peachtree Station,97,True
2143,Value,2019-03-10,Washington,Union Station,16:10,1,Atlanta,Peachtree Station,101,True
2144,Value,2019-03-10,Washington,Union Station,17:00,1,Atlanta,Peachtree Station,103,True
2145,Value,2019-03-10,Washington,Union Station,18:40,1,Atlanta,Peachtree Station,112,True
2146,Value,2019-03-11,Seattle,King Street Station,08:00,1,Portland,Union Station,61,True
2147,Value,2019-03-11,Seattle,King Street Station,08:10,1,Portland,Union Station,62,True
2148,Value,2019-03-11,Seattle,King Street Station,08:50,1,Portland,Union Station,66,True
2149,Value,2019-03-11,Seattle,King Street Station,09:20,1,Portland,Union Station,62,True
2150,Value,2019-03-11,Seattle,King Street Station,10:20,1,Portland,Union Station,62,True
2151,Value,2019-03-11,Seattle,King Street Station,11:00,1,Portland,Union Station,61,True
2152,Value,2019-03-11,Seattle,King Street Station,15:00,1,Portland,Union Station,64,True
2153,Value,2019-03-11,Seattle,King Street Station,15:30,1,Portland,Union Station,59,True
2154,Value,2019-03-11,Seattle,King Street Station,18:10,1,Portland,Union Station,60,True
2155,Value,2019-03-11,Seattle,King Street Station,18:50,1,Portland,Union Station,64,True
2156,Value,2019-03-06,Washington,Union Station,06:40,3,New York,Grand Central Station,147,True
2157,Value,2019-03-06,Washington,Union Station,10:40,3,New York,Grand Central Station,193,True
2158,Value,2019-03-06,Washington,Union Station,13:40,3,New York,Grand Central Station,172,True
2159,Value,2019-03-06,Washington,Union Station,13:50,3,New York,Grand Central Station,179,True
2160,Value,2019-03-06,Washington,Union Station,17:20,3,New York,Grand Central Station,181,True
2161,Value,2019-03-06,Washington,Union Station,19:50,3,New York,Grand Central Station,188,True
2162,Value,2019-03-14,Vancouver,Pacific Central Station,07:10,4,Seattle,King Street Station,215,True
2163,Value,2019-03-14,Vancouver,Pacific Central Station,14:40,4,Seattle,King Street Station,190,True
2164,Value,2019-03-14,Vancouver,Pacific Central Station,15:50,4,Seattle,King Street Station,199,True
2165,Value,2019-03-14,Vancouver,Pacific Central Station,18:10,4,Seattle,King Street Station,164,True
2166,Value,2019-03-14,Vancouver,Pacific Central Station,18:30,4,Seattle,King Street Station,195,True
2167,Flexible,2019-03-05,Chicago,Chicago Union Station,06:20,2,Washington,Union Station,249,True
2168,Flexible,2019-03-05,Chicago,Chicago Union Station,11:50,2,Washington,Union Station,224,True
2169,Flexible,2019-03-05,Chicago,Chicago Union Station,12:50,2,Washington,Union Station,235,True
2170,Flexible,2019-03-05,Chicago,Chicago Union Station,17:00,2,Washington,Union Station,268,True
2171,Flexible,2019-03-05,Chicago,Chicago Union Station,17:20,2,Washington,Union Station,231,True
2172,Flexible,2019-03-05,Chicago,Chicago Union Station,17:30,2,Washington,Union Station,215,True
2173,Business,2019-03-05,Chicago,Chicago Union Station,06:20,2,Washington,Union Station,290,True
2174,Business,2019-03-05,Chicago,Chicago Union Station,11:50,2,Washington,Union Station,264,True
2175,Business,2019-03-05,Chicago,Chicago Union Station,12:50,2,Washington,Union Station,278,True
2176,Business,2019-03-05,Chicago,Chicago Union Station,17:00,2,Washington,Union Station,309,True
2177,Business,2019-03-05,Chicago,Chicago Union Station,17:20,2,Washington,Union Station,272,True
2178,Business,2019-03-05,Chicago,Chicago Union Station,17:30,2,Washington,Union Station,255,True
2179,Flexible,2019-03-02,Vancouver,Pacific Central Station,06:50,2,Portland,Union Station,173,True
2180,Flexible,2019-03-02,Vancouver,Pacific Central Station,08:10,2,Portland,Union Station,183,True
2181,Flexible,2019-03-02,Vancouver,Pacific Central Station,08:20,2,Portland,Union Station,183,True
2182,Flexible,2019-03-02,Vancouver,Pacific Central Station,08:40,2,Portland,Union Station,176,True
2183,Flexible,2019-03-02,Vancouver,Pacific Central Station,12:00,2,Portland,Union Station,184,True
2184,Flexible,2019-03-02,Vancouver,Pacific Central Station,14:10,2,Portland,Union Station,195,True
2185,Flexible,2019-03-02,Vancouver,Pacific Central Station,16:10,2,Portland,Union Station,182,True
2186,Flexible,2019-03-02,Vancouver,Pacific Central Station,16:20,2,Portland,Union Station,167,True
2187,Value,2019-03-14,San Diego,Santa Fe Depot,11:20,1,Phoenix,Phoenix Union Station,84,True
2188,Value,2019-03-14,San Diego,Santa Fe Depot,13:30,1,Phoenix,Phoenix Union Station,91,True
2189,Value,2019-03-14,San Diego,Santa Fe Depot,15:30,1,Phoenix,Phoenix Union Station,78,True
2190,Value,2019-03-14,San Diego,Santa Fe Depot,15:40,1,Phoenix,Phoenix Union Station,87,True
2191,Value,2019-03-14,San Diego,Santa Fe Depot,16:10,1,Phoenix,Phoenix Union Station,76,True
2192,Value,2019-03-13,San Diego,Santa Fe Depot,06:40,1,San Francisco,Salesforce Transit Center,88,True
2193,Value,2019-03-13,San Diego,Santa Fe Depot,08:00,1,San Francisco,Salesforce Transit Center,94,True
2194,Value,2019-03-13,San Diego,Santa Fe Depot,10:40,1,San Francisco,Salesforce Transit Center,98,True
2195,Value,2019-03-13,San Diego,Santa Fe Depot,13:10,1,San Francisco,Salesforce Transit Center,95,True
2196,Value,2019-03-13,San Diego,Santa Fe Depot,16:10,1,San Francisco,Salesforce Transit Center,98,True
2197,Value,2019-03-13,San Diego,Santa Fe Depot,18:40,1,San Francisco,Salesforce Transit Center,104,True
2198,Value,2019-03-13,San Diego,Santa Fe Depot,19:10,1,San Francisco,Salesforce Transit Center,99,True
2199,Business,2019-03-13,San Diego,Santa Fe Depot,06:40,1,San Francisco,Salesforce Transit Center,127,True
2200,Business,2019-03-02,Portland,Union Station,07:40,1,Vancouver,Pacific Central Station,123,True
2201,Business,2019-03-02,Portland,Union Station,08:50,1,Vancouver,Pacific Central Station,118,True
2202,Business,2019-03-02,Portland,Union Station,09:30,1,Vancouver,Pacific Central Station,125,True
2203,Business,2019-03-02,Portland,Union Station,11:00,1,Vancouver,Pacific Central Station,115,True
2204,Business,2019-03-02,Portland,Union Station,15:40,1,Vancouver,Pacific Central Station,119,True
2205,Business,2019-03-02,Portland,Union Station,17:30,1,Vancouver,Pacific Central Station,118,True
2206,Business,2019-03-02,Portland,Union Station,19:00,1,Vancouver,Pacific Central Station,112,True
2207,Business,2019-03-10,Los Angeles,Union Station,06:50,1,San Diego,Santa Fe Depot,93,True
2208,Business,2019-03-10,Los Angeles,Union Station,08:10,1,San Diego,Santa Fe Depot,96,True
2209,Business,2019-03-10,Los Angeles,Union Station,09:50,1,San Diego,Santa Fe Depot,101,True
2210,Business,2019-03-10,Los Angeles,Union Station,10:40,1,San Diego,Santa Fe Depot,98,True
2211,Business,2019-03-10,Los Angeles,Union Station,12:00,1,San Diego,Santa Fe Depot,98,True
2212,Business,2019-03-10,Los Angeles,Union Station,12:40,1,San Diego,Santa Fe Depot,96,True
2213,Business,2019-03-10,Los Angeles,Union Station,13:40,1,San Diego,Santa Fe Depot,97,True
2214,Business,2019-03-10,Los Angeles,Union Station,14:10,1,San Diego,Santa Fe Depot,99,True
2215,Business,2019-03-10,Los Angeles,Union Station,17:40,1,San Diego,Santa Fe Depot,96,True
2216,Business,2019-03-10,Los Angeles,Union Station,18:30,1,San Diego,Santa Fe Depot,97,True
2217,Business,2019-03-13,San Diego,Santa Fe Depot,06:10,1,Sacramento,Sacramento Valley Station,194,True
2218,Business,2019-03-13,San Diego,Santa Fe Depot,06:40,1,Sacramento,Sacramento Valley Station,195,True
2219,Business,2019-03-13,San Diego,Santa Fe Depot,07:30,1,Sacramento,Sacramento Valley Station,190,True
2220,Business,2019-03-13,San Diego,Santa Fe Depot,08:00,1,Sacramento,Sacramento Valley Station,194,True
2221,Business,2019-03-13,San Diego,Santa Fe Depot,08:10,1,Sacramento,Sacramento Valley Station,197,True
2222,Business,2019-03-13,San Diego,Santa Fe Depot,10:20,1,Sacramento,Sacramento Valley Station,190,True
2223,Business,2019-03-13,San Diego,Santa Fe Depot,10:40,1,Sacramento,Sacramento Valley Station,192,True
2224,Business,2019-03-13,San Diego,Santa Fe Depot,16:00,1,Sacramento,Sacramento Valley Station,185,True
2225,Business,2019-03-13,San Diego,Santa Fe Depot,19:40,1,Sacramento,Sacramento Valley Station,181,True
2226,Value,2019-03-14,San Francisco,Salesforce Transit Center,06:20,1,Los Angeles,Union Station,85,True
2227,Value,2019-03-14,San Francisco,Salesforce Transit Center,08:40,1,Los Angeles,Union Station,86,True
2228,Value,2019-03-14,San Francisco,Salesforce Transit Center,11:40,1,Los Angeles,Union Station,83,True
2229,Value,2019-03-14,San Francisco,Salesforce Transit Center,14:00,1,Los Angeles,Union Station,89,True
2230,Value,2019-03-14,San Francisco,Salesforce Transit Center,15:10,1,Los Angeles,Union Station,86,True
2231,Value,2019-03-14,San Francisco,Salesforce Transit Center,15:20,1,Los Angeles,Union Station,90,True
2232,Value,2019-03-14,San Francisco,Salesforce Transit Center,16:30,1,Los Angeles,Union Station,81,True
2233,Value,2019-03-14,San Francisco,Salesforce Transit Center,17:20,1,Los Angeles,Union Station,71,True
2234,Value,2019-03-14,San Francisco,Salesforce Transit Center,17:40,1,Los Angeles,Union Station,79,True
2235,Value,2019-03-03,San Diego,Santa Fe Depot,11:20,1,Phoenix,Phoenix Union Station,83,True
2236,Value,2019-03-03,San Diego,Santa Fe Depot,13:30,1,Phoenix,Phoenix Union Station,86,True
2237,Value,2019-03-03,San Diego,Santa Fe Depot,15:30,1,Phoenix,Phoenix Union Station,78,True
2238,Value,2019-03-03,San Diego,Santa Fe Depot,15:40,1,Phoenix,Phoenix Union Station,86,True
2239,Value,2019-03-03,San Diego,Santa Fe Depot,16:10,1,Phoenix,Phoenix Union Station,83,True
2240,Value,2019-03-06,Sacramento,Sacramento Valley Station,06:30,1,San Diego,Santa Fe Depot,138,True
2241,Value,2019-03-06,Sacramento,Sacramento Valley Station,07:20,1,San Diego,Santa Fe Depot,140,True
2242,Value,2019-03-06,Sacramento,Sacramento Valley Station,07:30,1,San Diego,Santa Fe Depot,162,True
2243,Value,2019-03-06,Sacramento,Sacramento Valley Station,08:00,1,San Diego,Santa Fe Depot,145,True
2244,Value,2019-03-06,Sacramento,Sacramento Valley Station,08:10,1,San Diego,Santa Fe Depot,150,True
2245,Value,2019-03-06,Sacramento,Sacramento Valley Station,08:30,1,San Diego,Santa Fe Depot,158,True
2246,Value,2019-03-06,Sacramento,Sacramento Valley Station,08:40,1,San Diego,Santa Fe Depot,143,True
2247,Value,2019-03-06,Sacramento,Sacramento Valley Station,09:30,1,San Diego,Santa Fe Depot,162,True
2248,Value,2019-03-06,Sacramento,Sacramento Valley Station,09:50,1,San Diego,Santa Fe Depot,163,True
2249,Value,2019-03-06,Sacramento,Sacramento Valley Station,10:10,1,San Diego,Santa Fe Depot,150,True
2250,Value,2019-03-08,Los Angeles,Union Station,06:00,1,Anaheim,Anaheim Intermodal Center,35,True
2251,Value,2019-03-08,Los Angeles,Union Station,06:10,1,Anaheim,Anaheim Intermodal Center,36,True
2252,Value,2019-03-08,Los Angeles,Union Station,06:30,1,Anaheim,Anaheim Intermodal Center,32,True
2253,Value,2019-03-08,Los Angeles,Union Station,06:40,1,Anaheim,Anaheim Intermodal Center,33,True
2254,Value,2019-03-08,Los Angeles,Union Station,07:30,1,Anaheim,Anaheim Intermodal Center,35,True
2255,Value,2019-03-08,Los Angeles,Union Station,07:40,1,Anaheim,Anaheim Intermodal Center,34,True
2256,Value,2019-03-08,Los Angeles,Union Station,12:20,1,Anaheim,Anaheim Intermodal Center,35,True
2257,Value,2019-03-08,Los Angeles,Union Station,14:00,1,Anaheim,Anaheim Intermodal Center,34,True
2258,Value,2019-03-08,Los Angeles,Union Station,15:10,1,Anaheim,Anaheim Intermodal Center,31,True
2259,Value,2019-03-08,Los Angeles,Union Station,17:20,1,Anaheim,Anaheim Intermodal Center,35,True
2260,Value,2019-03-05,Portland,Union Station,09:10,1,Seattle,King Street Station,58,True
2261,Value,2019-03-05,Portland,Union Station,10:10,1,Seattle,King Street Station,63,True
2262,Value,2019-03-05,Portland,Union Station,12:30,1,Seattle,King Street Station,63,True
2263,Value,2019-03-05,Portland,Union Station,13:40,1,Seattle,King Street Station,60,True
2264,Value,2019-03-05,Portland,Union Station,14:00,1,Seattle,King Street Station,61,True
2265,Value,2019-03-05,Portland,Union Station,15:00,1,Seattle,King Street Station,60,True
2266,Value,2019-03-05,Portland,Union Station,16:00,1,Seattle,King Street Station,55,True
2267,Value,2019-03-05,Portland,Union Station,17:00,1,Seattle,King Street Station,70,True
2268,Value,2019-03-05,Portland,Union Station,17:30,1,Seattle,King Street Station,59,True
2269,Value,2019-03-12,San Francisco,Salesforce Transit Center,06:20,2,Los Angeles,Union Station,160,True
2270,Value,2019-03-12,San Francisco,Salesforce Transit Center,08:40,2,Los Angeles,Union Station,173,True
2271,Value,2019-03-12,San Francisco,Salesforce Transit Center,11:40,2,Los Angeles,Union Station,151,True
2272,Value,2019-03-12,San Francisco,Salesforce Transit Center,14:00,2,Los Angeles,Union Station,174,True
2273,Value,2019-03-12,San Francisco,Salesforce Transit Center,15:10,2,Los Angeles,Union Station,189,True
2274,Value,2019-03-12,San Francisco,Salesforce Transit Center,15:20,2,Los Angeles,Union Station,160,True
2275,Value,2019-03-12,San Francisco,Salesforce Transit Center,16:30,2,Los Angeles,Union Station,149,True
2276,Value,2019-03-12,San Francisco,Salesforce Transit Center,17:20,2,Los Angeles,Union Station,148,True
2277,Value,2019-03-12,San Francisco,Salesforce Transit Center,17:40,2,Los Angeles,Union Station,159,True
2278,Value,2019-03-12,Los Angeles,Union Station,07:50,1,San Francisco,Salesforce Transit Center,87,True
2279,Value,2019-03-12,Los Angeles,Union Station,09:20,1,San Francisco,Salesforce Transit Center,98,True
2280,Value,2019-03-12,Los Angeles,Union Station,11:00,1,San Francisco,Salesforce Transit Center,80,True
2281,Value,2019-03-12,Los Angeles,Union Station,13:00,1,San Francisco,Salesforce Transit Center,71,True
2282,Value,2019-03-12,Los Angeles,Union Station,17:30,1,San Francisco,Salesforce Transit Center,87,True
2283,Value,2019-03-12,Los Angeles,Union Station,17:50,1,San Francisco,Salesforce Transit Center,91,True
2284,Value,2019-03-12,Los Angeles,Union Station,18:40,1,San Francisco,Salesforce Transit Center,83,True
2285,Value,2019-03-12,Los Angeles,Union Station,19:00,1,San Francisco,Salesforce Transit Center,94,True
2286,Flexible,2019-03-13,Los Angeles,Union Station,06:00,1,Anaheim,Anaheim Intermodal Center,56,True
2287,Flexible,2019-03-13,Los Angeles,Union Station,06:10,1,Anaheim,Anaheim Intermodal Center,57,True
2288,Flexible,2019-03-13,Los Angeles,Union Station,06:30,1,Anaheim,Anaheim Intermodal Center,55,True
2289,Flexible,2019-03-13,Los Angeles,Union Station,06:40,1,Anaheim,Anaheim Intermodal Center,51,True
2290,Flexible,2019-03-13,Los Angeles,Union Station,07:30,1,Anaheim,Anaheim Intermodal Center,55,True
2291,Flexible,2019-03-13,Los Angeles,Union Station,07:40,1,Anaheim,Anaheim Intermodal Center,53,True
2292,Flexible,2019-03-13,Los Angeles,Union Station,12:20,1,Anaheim,Anaheim Intermodal Center,58,True
2293,Flexible,2019-03-13,Los Angeles,Union Station,14:00,1,Anaheim,Anaheim Intermodal Center,54,True
2294,Flexible,2019-03-13,Los Angeles,Union Station,15:10,1,Anaheim,Anaheim Intermodal Center,56,True
2295,Flexible,2019-03-13,Los Angeles,Union Station,17:20,1,Anaheim,Anaheim Intermodal Center,56,True
2296,Value,2019-03-10,Los Angeles,Union Station,06:50,1,San Diego,Santa Fe Depot,50,True
2297,Value,2019-03-10,Los Angeles,Union Station,08:10,1,San Diego,Santa Fe Depot,54,True
2298,Value,2019-03-10,Los Angeles,Union Station,09:50,1,San Diego,Santa Fe Depot,60,True
2299,Value,2019-03-10,Los Angeles,Union Station,10:40,1,San Diego,Santa Fe Depot,61,True
2300,Value,2019-03-10,Los Angeles,Union Station,12:00,1,San Diego,Santa Fe Depot,58,True
2301,Value,2019-03-10,Los Angeles,Union Station,12:40,1,San Diego,Santa Fe Depot,54,True
2302,Value,2019-03-10,Los Angeles,Union Station,13:40,1,San Diego,Santa Fe Depot,55,True
2303,Value,2019-03-10,Los Angeles,Union Station,14:10,1,San Diego,Santa Fe Depot,58,True
2304,Value,2019-03-10,Los Angeles,Union Station,17:40,1,San Diego,Santa Fe Depot,60,True
2305,Value,2019-03-10,Los Angeles,Union Station,18:30,1,San Diego,Santa Fe Depot,58,True
2306,Value,2019-03-10,Los Angeles,Union Station,07:50,1,San Francisco,Salesforce Transit Center,94,True
2307,Value,2019-03-10,Los Angeles,Union Station,09:20,1,San Francisco,Salesforce Transit Center,81,True
2308,Value,2019-03-10,Los Angeles,Union Station,11:00,1,San Francisco,Salesforce Transit Center,88,True
2309,Value,2019-03-10,Los Angeles,Union Station,13:00,1,San Francisco,Salesforce Transit Center,94,True
2310,Value,2019-03-10,Los Angeles,Union Station,17:30,1,San Francisco,Salesforce Transit Center,79,True
2311,Value,2019-03-10,Los Angeles,Union Station,17:50,1,San Francisco,Salesforce Transit Center,90,True
2312,Value,2019-03-10,Los Angeles,Union Station,18:40,1,San Francisco,Salesforce Transit Center,85,True
2313,Value,2019-03-10,Los Angeles,Union Station,19:00,1,San Francisco,Salesforce Transit Center,84,True
2314,Value,2019-03-12,New York,Grand Central Station,06:00,1,Chicago,Chicago Union Station,117,True
2315,Value,2019-03-12,New York,Grand Central Station,06:10,1,Chicago,Chicago Union Station,133,True
2316,Value,2019-03-12,New York,Grand Central Station,07:50,1,Chicago,Chicago Union Station,136,True
2317,Value,2019-03-12,New York,Grand Central Station,09:50,1,Chicago,Chicago Union Station,125,True
2318,Value,2019-03-12,New York,Grand Central Station,13:40,1,Chicago,Chicago Union Station,119,True
2319,Value,2019-03-12,New York,Grand Central Station,17:10,1,Chicago,Chicago Union Station,110,True
2320,Business,2019-03-12,New York,Grand Central Station,06:00,3,Chicago,Chicago Union Station,445,True
2321,Business,2019-03-12,New York,Grand Central Station,06:10,3,Chicago,Chicago Union Station,485,True
2322,Business,2019-03-12,New York,Grand Central Station,09:50,3,Chicago,Chicago Union Station,461,True
2323,Business,2019-03-12,New York,Grand Central Station,13:40,3,Chicago,Chicago Union Station,455,True
2324,Value,2019-03-04,Phoenix,Phoenix Union Station,07:00,1,Los Angeles,Union Station,95,True
2325,Value,2019-03-04,Phoenix,Phoenix Union Station,07:20,1,Los Angeles,Union Station,82,True
2326,Value,2019-03-04,Phoenix,Phoenix Union Station,08:40,1,Los Angeles,Union Station,91,True
2327,Value,2019-03-04,Phoenix,Phoenix Union Station,16:00,1,Los Angeles,Union Station,89,True
2328,Value,2019-03-04,Phoenix,Phoenix Union Station,18:20,1,Los Angeles,Union Station,93,True
2329,Value,2019-03-02,Anaheim,Anaheim Intermodal Center,06:30,3,Phoenix,Phoenix Union Station,343,True
2330,Value,2019-03-02,Anaheim,Anaheim Intermodal Center,06:40,3,Phoenix,Phoenix Union Station,348,True
2331,Value,2019-03-02,Anaheim,Anaheim Intermodal Center,12:00,3,Phoenix,Phoenix Union Station,361,True
2332,Value,2019-03-02,Anaheim,Anaheim Intermodal Center,14:50,3,Phoenix,Phoenix Union Station,370,True
2333,Value,2019-03-06,Seattle,King Street Station,08:00,1,Portland,Union Station,59,True
2334,Value,2019-03-06,Seattle,King Street Station,08:10,1,Portland,Union Station,61,True
2335,Value,2019-03-06,Seattle,King Street Station,08:50,1,Portland,Union Station,65,True
2336,Value,2019-03-06,Seattle,King Street Station,09:20,1,Portland,Union Station,68,True
2337,Value,2019-03-06,Seattle,King Street Station,10:20,1,Portland,Union Station,54,True
2338,Value,2019-03-06,Seattle,King Street Station,11:00,1,Portland,Union Station,57,True
2339,Value,2019-03-06,Seattle,King Street Station,15:00,1,Portland,Union Station,64,True
2340,Value,2019-03-06,Seattle,King Street Station,15:30,1,Portland,Union Station,67,True
2341,Value,2019-03-06,Seattle,King Street Station,18:10,1,Portland,Union Station,57,True
2342,Value,2019-03-06,Seattle,King Street Station,18:50,1,Portland,Union Station,67,True
2343,Value,2019-03-13,Fresno,Fresno Station,06:50,2,San Francisco,Salesforce Transit Center,111,True
2344,Value,2019-03-13,Fresno,Fresno Station,07:00,2,San Francisco,Salesforce Transit Center,100,True
2345,Value,2019-03-13,Fresno,Fresno Station,07:10,2,San Francisco,Salesforce Transit Center,113,True
2346,Value,2019-03-13,Fresno,Fresno Station,10:30,2,San Francisco,Salesforce Transit Center,106,True
2347,Value,2019-03-13,Fresno,Fresno Station,15:50,2,San Francisco,Salesforce Transit Center,109,True
2348,Value,2019-03-13,Fresno,Fresno Station,17:20,2,San Francisco,Salesforce Transit Center,108,True
2349,Value,2019-03-13,Fresno,Fresno Station,17:50,2,San Francisco,Salesforce Transit Center,117,True
2350,Value,2019-03-04,Anaheim,Anaheim Intermodal Center,06:50,1,Sacramento,Sacramento Valley Station,143,True
2351,Value,2019-03-04,Anaheim,Anaheim Intermodal Center,07:10,1,Sacramento,Sacramento Valley Station,139,True
2352,Value,2019-03-04,Anaheim,Anaheim Intermodal Center,07:40,1,Sacramento,Sacramento Valley Station,150,True
2353,Value,2019-03-04,Anaheim,Anaheim Intermodal Center,08:10,1,Sacramento,Sacramento Valley Station,145,True
2354,Value,2019-03-04,Anaheim,Anaheim Intermodal Center,11:00,1,Sacramento,Sacramento Valley Station,136,True
2355,Value,2019-03-04,Anaheim,Anaheim Intermodal Center,12:30,1,Sacramento,Sacramento Valley Station,134,True
2356,Value,2019-03-04,Anaheim,Anaheim Intermodal Center,14:50,1,Sacramento,Sacramento Valley Station,151,True
2357,Value,2019-03-04,Anaheim,Anaheim Intermodal Center,17:00,1,Sacramento,Sacramento Valley Station,131,True
2358,Value,2019-03-04,Anaheim,Anaheim Intermodal Center,17:10,1,Sacramento,Sacramento Valley Station,121,True
2359,Value,2019-03-04,Anaheim,Anaheim Intermodal Center,18:00,1,Sacramento,Sacramento Valley Station,132,True
2360,Business,2019-03-05,Seattle,King Street Station,08:00,1,Portland,Union Station,103,True
2361,Business,2019-03-05,Seattle,King Street Station,08:10,1,Portland,Union Station,100,True
2362,Business,2019-03-05,Seattle,King Street Station,08:50,1,Portland,Union Station,103,True
2363,Business,2019-03-05,Seattle,King Street Station,09:20,1,Portland,Union Station,99,True
2364,Business,2019-03-05,Seattle,King Street Station,10:20,1,Portland,Union Station,100,True
2365,Business,2019-03-05,Seattle,King Street Station,11:00,1,Portland,Union Station,96,True
2366,Business,2019-03-05,Seattle,King Street Station,15:00,1,Portland,Union Station,109,True
2367,Business,2019-03-05,Seattle,King Street Station,15:30,1,Portland,Union Station,107,True
2368,Business,2019-03-05,Seattle,King Street Station,18:10,1,Portland,Union Station,89,True
2369,Business,2019-03-05,Seattle,King Street Station,18:50,1,Portland,Union Station,99,True
2370,Value,2019-03-11,Sacramento,Sacramento Valley Station,06:30,3,Los Angeles,Union Station,237,True
2371,Value,2019-03-11,Sacramento,Sacramento Valley Station,17:00,3,Los Angeles,Union Station,269,True
2372,Value,2019-03-11,Sacramento,Sacramento Valley Station,06:30,1,San Diego,Santa Fe Depot,150,True
2373,Value,2019-03-11,Sacramento,Sacramento Valley Station,07:20,1,San Diego,Santa Fe Depot,152,True
2374,Value,2019-03-11,Sacramento,Sacramento Valley Station,07:30,1,San Diego,Santa Fe Depot,163,True
2375,Value,2019-03-11,Sacramento,Sacramento Valley Station,08:00,1,San Diego,Santa Fe Depot,155,True
2376,Value,2019-03-11,Sacramento,Sacramento Valley Station,08:10,1,San Diego,Santa Fe Depot,157,True
2377,Value,2019-03-11,Sacramento,Sacramento Valley Station,08:30,1,San Diego,Santa Fe Depot,168,True
2378,Value,2019-03-11,Sacramento,Sacramento Valley Station,08:40,1,San Diego,Santa Fe Depot,158,True
2379,Value,2019-03-11,Sacramento,Sacramento Valley Station,09:30,1,San Diego,Santa Fe Depot,166,True
2380,Value,2019-03-11,Sacramento,Sacramento Valley Station,09:50,1,San Diego,Santa Fe Depot,171,True
2381,Value,2019-03-11,Sacramento,Sacramento Valley Station,10:10,1,San Diego,Santa Fe Depot,151,True
2382,Value,2019-03-10,Los Angeles,Union Station,06:00,2,Anaheim,Anaheim Intermodal Center,53,True
2383,Value,2019-03-10,Los Angeles,Union Station,06:10,2,Anaheim,Anaheim Intermodal Center,53,True
2384,Value,2019-03-10,Los Angeles,Union Station,06:30,2,Anaheim,Anaheim Intermodal Center,56,True
2385,Value,2019-03-10,Los Angeles,Union Station,06:40,2,Anaheim,Anaheim Intermodal Center,55,True
2386,Value,2019-03-10,Los Angeles,Union Station,07:30,2,Anaheim,Anaheim Intermodal Center,54,True
2387,Value,2019-03-10,Los Angeles,Union Station,07:40,2,Anaheim,Anaheim Intermodal Center,58,True
2388,Value,2019-03-10,Los Angeles,Union Station,12:20,2,Anaheim,Anaheim Intermodal Center,50,True
2389,Value,2019-03-10,Los Angeles,Union Station,14:00,2,Anaheim,Anaheim Intermodal Center,55,True
2390,Value,2019-03-10,Los Angeles,Union Station,15:10,2,Anaheim,Anaheim Intermodal Center,60,True
2391,Value,2019-03-10,Los Angeles,Union Station,17:20,2,Anaheim,Anaheim Intermodal Center,52,True
2392,Value,2019-03-14,Seattle,King Street Station,08:00,1,Portland,Union Station,60,True
2393,Value,2019-03-14,Seattle,King Street Station,08:10,1,Portland,Union Station,55,True
2394,Value,2019-03-14,Seattle,King Street Station,08:50,1,Portland,Union Station,59,True
2395,Value,2019-03-14,Seattle,King Street Station,09:20,1,Portland,Union Station,68,True
2396,Value,2019-03-14,Seattle,King Street Station,10:20,1,Portland,Union Station,64,True
2397,Value,2019-03-14,Seattle,King Street Station,11:00,1,Portland,Union Station,61,True
2398,Value,2019-03-14,Seattle,King Street Station,15:00,1,Portland,Union Station,54,True
2399,Value,2019-03-14,Seattle,King Street Station,15:30,1,Portland,Union Station,59,True
2400,Value,2019-03-14,Seattle,King Street Station,18:10,1,Portland,Union Station,64,True
2401,Value,2019-03-14,Seattle,King Street Station,18:50,1,Portland,Union Station,67,True
2402,Value,2019-03-08,Chicago,Chicago Union Station,07:30,1,New York,Grand Central Station,124,True
2403,Value,2019-03-08,Chicago,Chicago Union Station,08:00,1,New York,Grand Central Station,111,True
2404,Value,2019-03-08,Chicago,Chicago Union Station,08:10,1,New York,Grand Central Station,112,True
2405,Value,2019-03-08,Chicago,Chicago Union Station,09:40,1,New York,Grand Central Station,103,True
2406,Value,2019-03-08,Chicago,Chicago Union Station,10:50,1,New York,Grand Central Station,114,True
2407,Value,2019-03-08,Chicago,Chicago Union Station,17:40,1,New York,Grand Central Station,129,True
2408,Value,2019-03-08,Chicago,Chicago Union Station,18:00,1,New York,Grand Central Station,133,True
2409,Value,2019-03-08,San Francisco,Salesforce Transit Center,06:10,1,Sacramento,Sacramento Valley Station,48,True
2410,Value,2019-03-08,San Francisco,Salesforce Transit Center,06:20,1,Sacramento,Sacramento Valley Station,49,True
2411,Value,2019-03-08,San Francisco,Salesforce Transit Center,06:50,1,Sacramento,Sacramento Valley Station,50,True
2412,Value,2019-03-08,San Francisco,Salesforce Transit Center,10:20,1,Sacramento,Sacramento Valley Station,51,True
2413,Value,2019-03-08,San Francisco,Salesforce Transit Center,10:50,1,Sacramento,Sacramento Valley Station,51,True
2414,Value,2019-03-08,San Francisco,Salesforce Transit Center,12:30,1,Sacramento,Sacramento Valley Station,51,True
2415,Value,2019-03-08,San Francisco,Salesforce Transit Center,12:40,1,Sacramento,Sacramento Valley Station,50,True
2416,Value,2019-03-08,San Francisco,Salesforce Transit Center,16:50,1,Sacramento,Sacramento Valley Station,43,True
2417,Value,2019-03-08,San Francisco,Salesforce Transit Center,18:50,1,Sacramento,Sacramento Valley Station,49,True
2418,Value,2019-03-03,Washington,Union Station,10:00,1,Atlanta,Peachtree Station,92,True
2419,Value,2019-03-03,Washington,Union Station,13:20,1,Atlanta,Peachtree Station,106,True
2420,Value,2019-03-03,Washington,Union Station,13:50,1,Atlanta,Peachtree Station,98,True
2421,Value,2019-03-03,Washington,Union Station,16:10,1,Atlanta,Peachtree Station,100,True
2422,Value,2019-03-03,Washington,Union Station,17:00,1,Atlanta,Peachtree Station,110,True
2423,Value,2019-03-03,Washington,Union Station,18:40,1,Atlanta,Peachtree Station,95,True
2424,Value,2019-03-13,Washington,Union Station,10:00,1,Atlanta,Peachtree Station,104,True
2425,Value,2019-03-13,Washington,Union Station,13:20,1,Atlanta,Peachtree Station,104,True
2426,Value,2019-03-13,Washington,Union Station,13:50,1,Atlanta,Peachtree Station,104,True
2427,Value,2019-03-13,Washington,Union Station,16:10,1,Atlanta,Peachtree Station,103,True
2428,Value,2019-03-13,Washington,Union Station,17:00,1,Atlanta,Peachtree Station,103,True
2429,Value,2019-03-13,Washington,Union Station,18:40,1,Atlanta,Peachtree Station,114,True
2430,Flexible,2019-03-13,Washington,Union Station,10:00,1,Atlanta,Peachtree Station,126,True
2431,Flexible,2019-03-13,Washington,Union Station,13:20,1,Atlanta,Peachtree Station,126,True
2432,Flexible,2019-03-13,Washington,Union Station,13:50,1,Atlanta,Peachtree Station,124,True
2433,Flexible,2019-03-13,Washington,Union Station,16:10,1,Atlanta,Peachtree Station,126,True
2434,Flexible,2019-03-13,Washington,Union Station,17:00,1,Atlanta,Peachtree Station,123,True
2435,Flexible,2019-03-13,Washington,Union Station,18:40,1,Atlanta,Peachtree Station,135,True
2436,Value,2019-03-12,Philadelphia,30th Street Station,10:40,1,New York,Grand Central Station,47,True
2437,Value,2019-03-12,Philadelphia,30th Street Station,10:50,1,New York,Grand Central Station,54,True
2438,Value,2019-03-12,Philadelphia,30th Street Station,12:20,1,New York,Grand Central Station,47,True
2439,Value,2019-03-12,Philadelphia,30th Street Station,13:30,1,New York,Grand Central Station,52,True
2440,Value,2019-03-12,Philadelphia,30th Street Station,13:40,1,New York,Grand Central Station,49,True
2441,Value,2019-03-12,Philadelphia,30th Street Station,14:10,1,New York,Grand Central Station,47,True
2442,Value,2019-03-12,Philadelphia,30th Street Station,15:40,1,New York,Grand Central Station,48,True
2443,Value,2019-03-12,Philadelphia,30th Street Station,19:50,1,New York,Grand Central Station,53,True
2444,Value,2019-03-13,San Francisco,Salesforce Transit Center,06:20,1,Fresno,Fresno Station,70,True
2445,Value,2019-03-13,San Francisco,Salesforce Transit Center,16:00,1,Fresno,Fresno Station,55,True
2446,Value,2019-03-13,San Francisco,Salesforce Transit Center,16:10,1,Fresno,Fresno Station,65,True
2447,Value,2019-03-13,San Francisco,Salesforce Transit Center,16:30,1,Fresno,Fresno Station,62,True
2448,Value,2019-03-13,San Francisco,Salesforce Transit Center,17:10,1,Fresno,Fresno Station,70,True
2449,Value,2019-03-13,San Francisco,Salesforce Transit Center,17:40,1,Fresno,Fresno Station,70,True
2450,Value,2019-03-13,San Francisco,Salesforce Transit Center,18:10,1,Fresno,Fresno Station,72,True
2451,Value,2019-03-13,San Francisco,Salesforce Transit Center,18:50,1,Fresno,Fresno Station,59,True
2452,Flexible,2019-03-13,San Francisco,Salesforce Transit Center,06:00,1,San Diego,Santa Fe Depot,121,True
2453,Flexible,2019-03-13,San Francisco,Salesforce Transit Center,09:20,1,San Diego,Santa Fe Depot,128,True
2454,Flexible,2019-03-13,San Francisco,Salesforce Transit Center,12:00,1,San Diego,Santa Fe Depot,116,True
2455,Flexible,2019-03-13,San Francisco,Salesforce Transit Center,17:00,1,San Diego,Santa Fe Depot,132,True
2456,Flexible,2019-03-13,San Francisco,Salesforce Transit Center,17:20,1,San Diego,Santa Fe Depot,122,True
2457,Flexible,2019-03-13,San Francisco,Salesforce Transit Center,19:40,1,San Diego,Santa Fe Depot,116,True
2458,Business,2019-03-02,Los Angeles,Union Station,06:00,1,Anaheim,Anaheim Intermodal Center,71,True
2459,Business,2019-03-02,Los Angeles,Union Station,06:10,1,Anaheim,Anaheim Intermodal Center,72,True
2460,Business,2019-03-02,Los Angeles,Union Station,06:30,1,Anaheim,Anaheim Intermodal Center,72,True
2461,Business,2019-03-02,Los Angeles,Union Station,06:40,1,Anaheim,Anaheim Intermodal Center,76,True
2462,Business,2019-03-02,Los Angeles,Union Station,07:30,1,Anaheim,Anaheim Intermodal Center,72,True
2463,Business,2019-03-02,Los Angeles,Union Station,07:40,1,Anaheim,Anaheim Intermodal Center,77,True
2464,Business,2019-03-02,Los Angeles,Union Station,12:20,1,Anaheim,Anaheim Intermodal Center,74,True
2465,Business,2019-03-02,Los Angeles,Union Station,14:00,1,Anaheim,Anaheim Intermodal Center,75,True
2466,Business,2019-03-02,Los Angeles,Union Station,15:10,1,Anaheim,Anaheim Intermodal Center,76,True
2467,Business,2019-03-02,Los Angeles,Union Station,17:20,1,Anaheim,Anaheim Intermodal Center,70,True
2468,Value,2019-03-12,Los Angeles,Union Station,06:00,1,Anaheim,Anaheim Intermodal Center,35,True
2469,Value,2019-03-12,Los Angeles,Union Station,06:10,1,Anaheim,Anaheim Intermodal Center,36,True
2470,Value,2019-03-12,Los Angeles,Union Station,06:30,1,Anaheim,Anaheim Intermodal Center,35,True
2471,Value,2019-03-12,Los Angeles,Union Station,06:40,1,Anaheim,Anaheim Intermodal Center,39,True
2472,Value,2019-03-12,Los Angeles,Union Station,07:30,1,Anaheim,Anaheim Intermodal Center,30,True
2473,Value,2019-03-12,Los Angeles,Union Station,07:40,1,Anaheim,Anaheim Intermodal Center,36,True
2474,Value,2019-03-12,Los Angeles,Union Station,12:20,1,Anaheim,Anaheim Intermodal Center,32,True
2475,Value,2019-03-12,Los Angeles,Union Station,14:00,1,Anaheim,Anaheim Intermodal Center,38,True
2476,Value,2019-03-12,Los Angeles,Union Station,15:10,1,Anaheim,Anaheim Intermodal Center,37,True
2477,Value,2019-03-12,Los Angeles,Union Station,17:20,1,Anaheim,Anaheim Intermodal Center,34,True
2478,Value,2019-03-09,Washington,Union Station,06:20,2,New York,Grand Central Station,127,True
2479,Value,2019-03-09,Washington,Union Station,06:40,2,New York,Grand Central Station,134,True
2480,Value,2019-03-09,Washington,Union Station,10:40,2,New York,Grand Central Station,111,True
2481,Value,2019-03-09,Washington,Union Station,13:40,2,New York,Grand Central Station,127,True
2482,Value,2019-03-09,Washington,Union Station,13:50,2,New York,Grand Central Station,117,True
2483,Value,2019-03-09,Washington,Union Station,14:10,2,New York,Grand Central Station,119,True
2484,Value,2019-03-09,Washington,Union Station,17:20,2,New York,Grand Central Station,136,True
2485,Value,2019-03-09,Washington,Union Station,19:30,2,New York,Grand Central Station,116,True
2486,Value,2019-03-09,Washington,Union Station,19:50,2,New York,Grand Central Station,122,True
2487,Flexible,2019-03-09,Chicago,Chicago Union Station,07:30,2,New York,Grand Central Station,273,True
2488,Flexible,2019-03-09,Chicago,Chicago Union Station,08:00,2,New York,Grand Central Station,266,True
2489,Flexible,2019-03-09,Chicago,Chicago Union Station,08:10,2,New York,Grand Central Station,274,True
2490,Flexible,2019-03-09,Chicago,Chicago Union Station,09:40,2,New York,Grand Central Station,270,True
2491,Flexible,2019-03-09,Chicago,Chicago Union Station,10:50,2,New York,Grand Central Station,287,True
2492,Flexible,2019-03-09,Chicago,Chicago Union Station,17:40,2,New York,Grand Central Station,257,True
2493,Flexible,2019-03-09,Chicago,Chicago Union Station,18:00,2,New York,Grand Central Station,277,True
2494,Value,2019-03-07,Chicago,Chicago Union Station,07:30,2,New York,Grand Central Station,251,True
2495,Value,2019-03-07,Chicago,Chicago Union Station,08:00,2,New York,Grand Central Station,202,True
2496,Value,2019-03-07,Chicago,Chicago Union Station,08:10,2,New York,Grand Central Station,216,True
2497,Value,2019-03-07,Chicago,Chicago Union Station,09:40,2,New York,Grand Central Station,234,True
2498,Value,2019-03-07,Chicago,Chicago Union Station,10:50,2,New York,Grand Central Station,206,True
2499,Value,2019-03-07,Chicago,Chicago Union Station,17:40,2,New York,Grand Central Station,189,True
2500,Value,2019-03-09,Fresno,Fresno Station,07:00,1,Anaheim,Anaheim Intermodal Center,66,True
2501,Value,2019-03-09,Fresno,Fresno Station,09:30,1,Anaheim,Anaheim Intermodal Center,77,True
2502,Value,2019-03-09,Fresno,Fresno Station,10:50,1,Anaheim,Anaheim Intermodal Center,79,True
2503,Value,2019-03-09,Fresno,Fresno Station,16:50,1,Anaheim,Anaheim Intermodal Center,75,True
2504,Value,2019-03-09,Fresno,Fresno Station,18:00,1,Anaheim,Anaheim Intermodal Center,77,True
2505,Value,2019-03-09,Fresno,Fresno Station,18:40,1,Anaheim,Anaheim Intermodal Center,72,True
2506,Value,2019-03-07,San Francisco,Salesforce Transit Center,06:20,1,Fresno,Fresno Station,56,True
2507,Value,2019-03-07,San Francisco,Salesforce Transit Center,16:00,1,Fresno,Fresno Station,62,True
2508,Value,2019-03-07,San Francisco,Salesforce Transit Center,16:10,1,Fresno,Fresno Station,62,True
2509,Value,2019-03-07,San Francisco,Salesforce Transit Center,16:30,1,Fresno,Fresno Station,67,True
2510,Value,2019-03-07,San Francisco,Salesforce Transit Center,17:10,1,Fresno,Fresno Station,60,True
2511,Value,2019-03-07,San Francisco,Salesforce Transit Center,17:40,1,Fresno,Fresno Station,57,True
2512,Value,2019-03-07,San Francisco,Salesforce Transit Center,18:10,1,Fresno,Fresno Station,68,True
2513,Value,2019-03-07,San Francisco,Salesforce Transit Center,18:50,1,Fresno,Fresno Station,67,True
2514,Flexible,2019-03-14,Washington,Union Station,09:40,1,Chicago,Chicago Union Station,128,True
2515,Flexible,2019-03-14,Washington,Union Station,11:10,1,Chicago,Chicago Union Station,124,True
2516,Flexible,2019-03-14,Washington,Union Station,12:40,1,Chicago,Chicago Union Station,136,True
2517,Flexible,2019-03-14,Washington,Union Station,13:40,1,Chicago,Chicago Union Station,125,True
2518,Flexible,2019-03-14,Washington,Union Station,14:30,1,Chicago,Chicago Union Station,125,True
2519,Value,2019-03-01,Anaheim,Anaheim Intermodal Center,06:50,1,Sacramento,Sacramento Valley Station,134,True
2520,Value,2019-03-01,Anaheim,Anaheim Intermodal Center,07:10,1,Sacramento,Sacramento Valley Station,148,True
2521,Value,2019-03-01,Anaheim,Anaheim Intermodal Center,07:40,1,Sacramento,Sacramento Valley Station,140,True
2522,Value,2019-03-01,Anaheim,Anaheim Intermodal Center,08:10,1,Sacramento,Sacramento Valley Station,131,True
2523,Value,2019-03-01,Anaheim,Anaheim Intermodal Center,11:00,1,Sacramento,Sacramento Valley Station,148,True
2524,Value,2019-03-01,Anaheim,Anaheim Intermodal Center,12:30,1,Sacramento,Sacramento Valley Station,151,True
2525,Value,2019-03-01,Anaheim,Anaheim Intermodal Center,14:50,1,Sacramento,Sacramento Valley Station,139,True
2526,Value,2019-03-01,Anaheim,Anaheim Intermodal Center,17:00,1,Sacramento,Sacramento Valley Station,122,True
2527,Value,2019-03-01,Anaheim,Anaheim Intermodal Center,17:10,1,Sacramento,Sacramento Valley Station,127,True
2528,Value,2019-03-01,Anaheim,Anaheim Intermodal Center,18:00,1,Sacramento,Sacramento Valley Station,123,True
2529,Value,2019-03-01,Sacramento,Sacramento Valley Station,06:30,1,Anaheim,Anaheim Intermodal Center,116,True
2530,Value,2019-03-01,Sacramento,Sacramento Valley Station,07:20,1,Anaheim,Anaheim Intermodal Center,121,True
2531,Value,2019-03-01,Sacramento,Sacramento Valley Station,08:10,1,Anaheim,Anaheim Intermodal Center,144,True
2532,Value,2019-03-01,Sacramento,Sacramento Valley Station,08:30,1,Anaheim,Anaheim Intermodal Center,151,True
2533,Value,2019-03-01,Sacramento,Sacramento Valley Station,11:30,1,Anaheim,Anaheim Intermodal Center,159,True
2534,Value,2019-03-01,Sacramento,Sacramento Valley Station,12:20,1,Anaheim,Anaheim Intermodal Center,158,True
2535,Business,2019-03-01,San Francisco,Salesforce Transit Center,07:10,1,Anaheim,Anaheim Intermodal Center,128,True
2536,Business,2019-03-01,San Francisco,Salesforce Transit Center,08:30,1,Anaheim,Anaheim Intermodal Center,132,True
2537,Business,2019-03-01,San Francisco,Salesforce Transit Center,08:50,1,Anaheim,Anaheim Intermodal Center,126,True
2538,Business,2019-03-01,San Francisco,Salesforce Transit Center,12:30,1,Anaheim,Anaheim Intermodal Center,143,True
2539,Business,2019-03-01,San Francisco,Salesforce Transit Center,14:20,1,Anaheim,Anaheim Intermodal Center,127,True
2540,Business,2019-03-01,San Francisco,Salesforce Transit Center,19:40,1,Anaheim,Anaheim Intermodal Center,125,True
2541,Business,2019-03-01,San Francisco,Salesforce Transit Center,19:50,1,Anaheim,Anaheim Intermodal Center,131,True
2542,Value,2019-03-07,Portland,Union Station,09:10,1,Seattle,King Street Station,59,True
2543,Value,2019-03-07,Portland,Union Station,10:10,1,Seattle,King Street Station,65,True
2544,Value,2019-03-07,Portland,Union Station,12:30,1,Seattle,King Street Station,55,True
2545,Value,2019-03-07,Portland,Union Station,13:40,1,Seattle,King Street Station,59,True
2546,Value,2019-03-07,Portland,Union Station,14:00,1,Seattle,King Street Station,73,True
2547,Value,2019-03-07,Portland,Union Station,15:00,1,Seattle,King Street Station,58,True
2548,Value,2019-03-07,Portland,Union Station,16:00,1,Seattle,King Street Station,62,True
2549,Value,2019-03-07,Portland,Union Station,17:00,1,Seattle,King Street Station,60,True
2550,Value,2019-03-07,Portland,Union Station,17:30,1,Seattle,King Street Station,58,True
2551,Business,2019-03-06,Anaheim,Anaheim Intermodal Center,06:50,1,Sacramento,Sacramento Valley Station,154,True
2552,Business,2019-03-06,Anaheim,Anaheim Intermodal Center,07:10,1,Sacramento,Sacramento Valley Station,177,True
2553,Business,2019-03-06,Anaheim,Anaheim Intermodal Center,07:40,1,Sacramento,Sacramento Valley Station,180,True
2554,Business,2019-03-06,Anaheim,Anaheim Intermodal Center,08:10,1,Sacramento,Sacramento Valley Station,157,True
2555,Business,2019-03-06,Anaheim,Anaheim Intermodal Center,11:00,1,Sacramento,Sacramento Valley Station,193,True
2556,Business,2019-03-06,Anaheim,Anaheim Intermodal Center,12:30,1,Sacramento,Sacramento Valley Station,174,True
2557,Business,2019-03-06,Anaheim,Anaheim Intermodal Center,14:50,1,Sacramento,Sacramento Valley Station,176,True
2558,Business,2019-03-06,Anaheim,Anaheim Intermodal Center,17:00,1,Sacramento,Sacramento Valley Station,168,True
2559,Business,2019-03-06,Anaheim,Anaheim Intermodal Center,17:10,1,Sacramento,Sacramento Valley Station,173,True
2560,Business,2019-03-06,Anaheim,Anaheim Intermodal Center,18:00,1,Sacramento,Sacramento Valley Station,167,True
2561,Value,2019-03-05,Sacramento,Sacramento Valley Station,06:30,1,Anaheim,Anaheim Intermodal Center,121,True
2562,Value,2019-03-05,Sacramento,Sacramento Valley Station,07:20,1,Anaheim,Anaheim Intermodal Center,130,True
2563,Value,2019-03-05,Sacramento,Sacramento Valley Station,08:10,1,Anaheim,Anaheim Intermodal Center,139,True
2564,Value,2019-03-05,Sacramento,Sacramento Valley Station,08:30,1,Anaheim,Anaheim Intermodal Center,150,True
2565,Value,2019-03-05,Sacramento,Sacramento Valley Station,11:30,1,Anaheim,Anaheim Intermodal Center,150,True
2566,Value,2019-03-05,Sacramento,Sacramento Valley Station,12:20,1,Anaheim,Anaheim Intermodal Center,149,True
2567,Value,2019-03-14,Sacramento,Sacramento Valley Station,07:30,1,San Francisco,Salesforce Transit Center,48,True
2568,Value,2019-03-14,Sacramento,Sacramento Valley Station,08:10,1,San Francisco,Salesforce Transit Center,50,True
2569,Value,2019-03-14,Sacramento,Sacramento Valley Station,08:30,1,San Francisco,Salesforce Transit Center,48,True
2570,Value,2019-03-14,Sacramento,Sacramento Valley Station,09:30,1,San Francisco,Salesforce Transit Center,47,True
2571,Value,2019-03-14,Sacramento,Sacramento Valley Station,09:50,1,San Francisco,Salesforce Transit Center,50,True
2572,Value,2019-03-14,Sacramento,Sacramento Valley Station,11:30,1,San Francisco,Salesforce Transit Center,49,True
2573,Value,2019-03-14,Sacramento,Sacramento Valley Station,12:20,1,San Francisco,Salesforce Transit Center,50,True
2574,Value,2019-03-14,Sacramento,Sacramento Valley Station,16:40,1,San Francisco,Salesforce Transit Center,48,True
2575,Value,2019-03-14,Sacramento,Sacramento Valley Station,17:00,1,San Francisco,Salesforce Transit Center,54,True
2576,Value,2019-03-14,Sacramento,Sacramento Valley Station,19:30,1,San Francisco,Salesforce Transit Center,49,True
2577,Business,2019-03-08,Sacramento,Sacramento Valley Station,06:30,4,San Diego,Santa Fe Depot,721,True
2578,Business,2019-03-08,Sacramento,Sacramento Valley Station,07:20,4,San Diego,Santa Fe Depot,710,True
2579,Business,2019-03-08,Sacramento,Sacramento Valley Station,07:30,4,San Diego,Santa Fe Depot,768,True
2580,Business,2019-03-08,Sacramento,Sacramento Valley Station,08:00,4,San Diego,Santa Fe Depot,740,True
2581,Business,2019-03-08,Sacramento,Sacramento Valley Station,08:10,4,San Diego,Santa Fe Depot,693,True
2582,Business,2019-03-08,Sacramento,Sacramento Valley Station,08:40,4,San Diego,Santa Fe Depot,696,True
2583,Business,2019-03-08,Sacramento,Sacramento Valley Station,09:30,4,San Diego,Santa Fe Depot,709,True
2584,Business,2019-03-08,Sacramento,Sacramento Valley Station,09:50,4,San Diego,Santa Fe Depot,694,True
2585,Business,2019-03-08,Sacramento,Sacramento Valley Station,17:00,4,San Diego,Santa Fe Depot,739,True
2586,Business,2019-03-08,Sacramento,Sacramento Valley Station,19:30,4,San Diego,Santa Fe Depot,753,True
2587,Value,2019-03-10,Chicago,Chicago Union Station,06:20,1,Atlanta,Peachtree Station,241,True
2588,Value,2019-03-11,Anaheim,Anaheim Intermodal Center,06:50,1,Sacramento,Sacramento Valley Station,127,True
2589,Value,2019-03-11,Anaheim,Anaheim Intermodal Center,07:10,1,Sacramento,Sacramento Valley Station,145,True
2590,Value,2019-03-11,Anaheim,Anaheim Intermodal Center,07:40,1,Sacramento,Sacramento Valley Station,134,True
2591,Value,2019-03-11,Anaheim,Anaheim Intermodal Center,08:10,1,Sacramento,Sacramento Valley Station,127,True
2592,Value,2019-03-11,Anaheim,Anaheim Intermodal Center,11:00,1,Sacramento,Sacramento Valley Station,151,True
2593,Value,2019-03-11,Anaheim,Anaheim Intermodal Center,12:30,1,Sacramento,Sacramento Valley Station,146,True
2594,Value,2019-03-11,Anaheim,Anaheim Intermodal Center,14:50,1,Sacramento,Sacramento Valley Station,141,True
2595,Value,2019-03-11,Anaheim,Anaheim Intermodal Center,17:00,1,Sacramento,Sacramento Valley Station,122,True
2596,Value,2019-03-11,Anaheim,Anaheim Intermodal Center,17:10,1,Sacramento,Sacramento Valley Station,126,True
2597,Value,2019-03-11,Anaheim,Anaheim Intermodal Center,18:00,1,Sacramento,Sacramento Valley Station,120,True
2598,Value,2019-03-07,Anaheim,Anaheim Intermodal Center,07:10,1,Fresno,Fresno Station,85,True
2599,Value,2019-03-07,Anaheim,Anaheim Intermodal Center,07:40,1,Fresno,Fresno Station,72,True
2600,Value,2019-03-07,Anaheim,Anaheim Intermodal Center,09:10,1,Fresno,Fresno Station,72,True
2601,Value,2019-03-07,Anaheim,Anaheim Intermodal Center,12:30,1,Fresno,Fresno Station,74,True
2602,Value,2019-03-07,Anaheim,Anaheim Intermodal Center,18:10,1,Fresno,Fresno Station,72,True
2603,Value,2019-03-07,Anaheim,Anaheim Intermodal Center,19:50,1,Fresno,Fresno Station,70,True
2604,Value,2019-03-06,Portland,Union Station,09:10,1,Seattle,King Street Station,61,True
2605,Value,2019-03-06,Portland,Union Station,10:10,1,Seattle,King Street Station,60,True
2606,Value,2019-03-06,Portland,Union Station,12:30,1,Seattle,King Street Station,68,True
2607,Value,2019-03-06,Portland,Union Station,13:40,1,Seattle,King Street Station,57,True
2608,Value,2019-03-06,Portland,Union Station,14:00,1,Seattle,King Street Station,65,True
2609,Value,2019-03-06,Portland,Union Station,15:00,1,Seattle,King Street Station,60,True
2610,Value,2019-03-06,Portland,Union Station,16:00,1,Seattle,King Street Station,62,True
2611,Value,2019-03-06,Portland,Union Station,17:00,1,Seattle,King Street Station,60,True
2612,Value,2019-03-06,Portland,Union Station,17:30,1,Seattle,King Street Station,60,True
2613,Flexible,2019-03-09,Los Angeles,Union Station,09:20,1,Sacramento,Sacramento Valley Station,109,True
2614,Flexible,2019-03-09,Los Angeles,Union Station,11:30,1,Sacramento,Sacramento Valley Station,101,True
2615,Flexible,2019-03-09,Los Angeles,Union Station,17:30,1,Sacramento,Sacramento Valley Station,107,True
2616,Flexible,2019-03-09,Los Angeles,Union Station,19:00,1,Sacramento,Sacramento Valley Station,103,True
2617,Flexible,2019-03-09,Los Angeles,Union Station,19:10,1,Sacramento,Sacramento Valley Station,113,True
2618,Value,2019-03-02,Philadelphia,30th Street Station,09:20,1,Atlanta,Peachtree Station,173,True
2619,Value,2019-03-02,Philadelphia,30th Street Station,11:40,1,Atlanta,Peachtree Station,154,True
2620,Value,2019-03-02,Philadelphia,30th Street Station,12:20,1,Atlanta,Peachtree Station,163,True
2621,Value,2019-03-02,Philadelphia,30th Street Station,16:10,1,Atlanta,Peachtree Station,157,True
2622,Value,2019-03-02,Philadelphia,30th Street Station,17:50,1,Atlanta,Peachtree Station,180,True
2623,Flexible,2019-03-06,Vancouver,Pacific Central Station,06:20,2,Seattle,King Street Station,145,True
2624,Flexible,2019-03-06,Vancouver,Pacific Central Station,06:40,2,Seattle,King Street Station,147,True
2625,Flexible,2019-03-06,Vancouver,Pacific Central Station,07:10,2,Seattle,King Street Station,143,True
2626,Flexible,2019-03-06,Vancouver,Pacific Central Station,14:40,2,Seattle,King Street Station,144,True
2627,Flexible,2019-03-06,Vancouver,Pacific Central Station,15:10,2,Seattle,King Street Station,140,True
2628,Flexible,2019-03-06,Vancouver,Pacific Central Station,15:50,2,Seattle,King Street Station,140,True
2629,Flexible,2019-03-06,Vancouver,Pacific Central Station,17:40,2,Seattle,King Street Station,139,True
2630,Flexible,2019-03-06,Vancouver,Pacific Central Station,18:10,2,Seattle,King Street Station,139,True
2631,Flexible,2019-03-06,Vancouver,Pacific Central Station,18:30,2,Seattle,King Street Station,134,True
2632,Value,2019-03-05,Chicago,Chicago Union Station,07:30,1,New York,Grand Central Station,107,True
2633,Value,2019-03-05,Chicago,Chicago Union Station,08:00,1,New York,Grand Central Station,127,True
2634,Value,2019-03-05,Chicago,Chicago Union Station,08:10,1,New York,Grand Central Station,115,True
2635,Value,2019-03-05,Chicago,Chicago Union Station,09:40,1,New York,Grand Central Station,128,True
2636,Value,2019-03-05,Chicago,Chicago Union Station,10:50,1,New York,Grand Central Station,110,True
2637,Value,2019-03-05,Chicago,Chicago Union Station,17:40,1,New York,Grand Central Station,118,True
2638,Value,2019-03-05,Chicago,Chicago Union Station,18:00,1,New York,Grand Central Station,114,True
2639,Value,2019-03-09,New York,Grand Central Station,06:00,1,Chicago,Chicago Union Station,111,True
2640,Value,2019-03-09,New York,Grand Central Station,06:10,1,Chicago,Chicago Union Station,121,True
2641,Value,2019-03-09,New York,Grand Central Station,07:50,1,Chicago,Chicago Union Station,119,True
2642,Value,2019-03-09,New York,Grand Central Station,09:50,1,Chicago,Chicago Union Station,102,True
2643,Value,2019-03-09,New York,Grand Central Station,13:40,1,Chicago,Chicago Union Station,112,True
2644,Value,2019-03-09,New York,Grand Central Station,17:10,1,Chicago,Chicago Union Station,109,True
2645,Business,2019-03-01,Fresno,Fresno Station,07:20,2,Los Angeles,Union Station,215,True
2646,Business,2019-03-01,Fresno,Fresno Station,07:40,2,Los Angeles,Union Station,206,True
2647,Business,2019-03-01,Fresno,Fresno Station,08:30,2,Los Angeles,Union Station,205,True
2648,Business,2019-03-01,Fresno,Fresno Station,09:00,2,Los Angeles,Union Station,213,True
2649,Business,2019-03-01,Fresno,Fresno Station,12:10,2,Los Angeles,Union Station,199,True
2650,Business,2019-03-01,Fresno,Fresno Station,13:00,2,Los Angeles,Union Station,221,True
2651,Business,2019-03-01,Fresno,Fresno Station,15:40,2,Los Angeles,Union Station,212,True
2652,Business,2019-03-01,Fresno,Fresno Station,15:50,2,Los Angeles,Union Station,202,True
2653,Business,2019-03-01,Fresno,Fresno Station,16:30,2,Los Angeles,Union Station,209,True
